signal_type,wavelet,wavelet_energy_entropy,wavelet_sparsity,wavelet_adaptive_threshold,wavelet_psnr,signal_length,decomposition_levels,original_level,padded,emd_value,kl_divergence,change_point_indices,change_point_prominences,num_change_points,wavelet_entropy,avg_variance_across_levels,variance_ratio_across_levels,smoothness,correlation,relative_num_peaks,avg_prominence,prominence_min,prominence_max,relative_peaks,relative_prominences,relative_left_bases,relative_right_bases,prominence_threshold,distance_factor,max_autocorrelation,upper_envelope,lower_envelope,fft_frequency_max,fft_amplitude_max,fft_spectral_centroid,fft_spectral_bandwidth,fft_spectral_magnitude,fft_variance_magnitude,fft_num_peaks,fft_peak_amplitude,fft_dominant_frequency,fft_positive_frequencies,fft_positive_amplitudes,fft_snr_threshold,fft_stationarity_threshold,fft_dynamic_cutoff,fft_dynamic_cutoff_percentile,stft_frequency_max,stft_amplitude_max,stft_spectral_centroid,stft_spectral_bandwidth,stft_spectral_magnitude,stft_variance_magnitude,stft_peak_freq_over_time,stft_num_peaks,stft_peak_amplitude,stft_dominant_frequency,stft_positive_frequencies,stft_positive_amplitudes,stft_snr_threshold,stft_stationarity_threshold,stft_window,stft_nperseg,stft_noverlap,stft_dynamic_cutoff,stft_dynamic_cutoff_percentile,wavelet_type,htid,stft_amplitude_max_diff,stft_frequency_max_diff,avg_prominence_diff,fft_variance_magnitude_diff,stft_noverlap_diff,prominence_max_diff,stft_spectral_magnitude_diff,upper_envelope_diff,relative_peaks_array_alignment_score,relative_peaks_global_alignment_score,stft_num_peaks_diff,fft_peak_amplitude_diff,relative_left_bases_array_alignment_score,relative_left_bases_global_alignment_score,stft_window_diff,stft_nperseg_diff,prominence_threshold_diff,relative_right_bases_array_alignment_score,relative_right_bases_global_alignment_score,stft_dominant_frequency_diff,relative_num_peaks_diff,max_autocorrelation_diff,stft_variance_magnitude_diff,fft_amplitude_max_diff,fft_dominant_frequency_diff,fft_snr_threshold_diff,stft_stationarity_threshold_diff,relative_prominences_avg_diff,relative_prominences_total_diff,relative_prominences_wasserstein,stft_dynamic_cutoff_percentile_diff,lower_envelope_diff,fft_stationarity_threshold_diff,stft_dynamic_cutoff_diff,fft_frequency_max_diff,fft_num_peaks_diff,fft_dynamic_cutoff_percentile_diff,fft_dynamic_cutoff_diff,prominence_min_diff,fft_spectral_centroid_diff,stft_peak_amplitude_diff,fft_spectral_bandwidth_diff,stft_spectral_bandwidth_diff,fft_spectral_magnitude_diff,distance_factor_diff,stft_snr_threshold_diff,stft_spectral_centroid_diff,emd_value_normalized,wavelet_psnr_normalized,wavelet_entropy_normalized,wavelet_energy_entropy_normalized,wavelet_sparsity_normalized,correlation_normalized,avg_variance_across_levels_normalized,kl_divergence_normalized,prominence_min_diff_normalized,avg_prominence_diff_normalized,relative_prominences_avg_diff_normalized,relative_prominences_wasserstein_normalized,relative_prominences_total_diff_normalized,prominence_max_diff_normalized,relative_num_peaks_diff_normalized,max_autocorrelation_diff_normalized,relative_right_bases_global_alignment_score_normalized,relative_right_bases_array_alignment_score_normalized,relative_left_bases_global_alignment_score_normalized,relative_left_bases_array_alignment_score_normalized,upper_envelope_diff_normalized,lower_envelope_diff_normalized,relative_peaks_array_alignment_score_normalized,relative_peaks_global_alignment_score_normalized,reconstruction_signal_weighted_score,reconstruction_signal_normalized_weighted_score,reconstruction_signal_normalized_weighted_rank,wavelet_signal_weighted_score,wavelet_signal_normalized_weighted_score,wavelet_signal_normalized_weighted_rank,reconstruction_signal_num_missing_metrics,reconstruction_signal_missing_metrics_count,reconstruction_signal_dynamically_weighted_score,reconstruction_signal_normalized_dynamically_weighted_score,reconstruction_signal_normalized_dynamically_weighted_rank,wavelet_signal_num_missing_metrics,wavelet_signal_missing_metrics_count,wavelet_signal_dynamically_weighted_score,wavelet_signal_normalized_dynamically_weighted_score,wavelet_signal_normalized_dynamically_weighted_rank,rank_variability,normalized_rank_stability,average_rank,harmonic_average_rank,stability_score_weighted,stability_rank,wavelet_family,normalized_family_mean_rank,normalized_family_std_dev,final_family_stability_score,final_family_stability_rank,family_informed_rank,smoothness_normalized,across_emd_value_normalized,across_smoothness_normalized,across_wavelet_psnr_normalized,across_wavelet_entropy_normalized,across_wavelet_energy_entropy_normalized,across_wavelet_sparsity_normalized,across_correlation_normalized,across_avg_variance_across_levels_normalized,across_kl_divergence_normalized,across_prominence_min_diff_normalized,across_avg_prominence_diff_normalized,across_relative_prominences_avg_diff_normalized,across_relative_prominences_wasserstein_normalized,across_relative_prominences_total_diff_normalized,across_prominence_max_diff_normalized,across_relative_num_peaks_diff_normalized,across_max_autocorrelation_diff_normalized,across_relative_right_bases_global_alignment_score_normalized,across_relative_right_bases_array_alignment_score_normalized,across_relative_left_bases_global_alignment_score_normalized,across_relative_left_bases_array_alignment_score_normalized,across_upper_envelope_diff_normalized,across_lower_envelope_diff_normalized,across_relative_peaks_array_alignment_score_normalized,across_relative_peaks_global_alignment_score_normalized,across_reconstruction_signal_weighted_score,across_reconstruction_signal_normalized_weighted_score,across_reconstruction_signal_normalized_weighted_rank,across_wavelet_signal_weighted_score,across_wavelet_signal_normalized_weighted_score,across_wavelet_signal_normalized_weighted_rank,across_rank_variability,across_normalized_rank_stability,across_average_rank,across_harmonic_average_rank,across_stability_score_weighted,across_stability_rank,family_mean_stability_rank,family_median_stability_rank,family_rank_std_dev,family_wavelet_count,across_normalized_family_mean_rank,across_normalized_family_std_dev,across_final_family_stability_score,across_final_family_stability_rank,across_family_informed_rank,across_top_wavelet_rank
raw,bior4.4,140195118.76169875,0.6443548387096775,442.80851559200926,1.8446341739074168,992,5,True,False,931.2597553965683,,"[5, 48, 105, 159, 217, 269, 325, 381, 437, 493, 548, 604, 661, 703, 764, 822, 878, 926, 985]","[1228.8822286971028, 3933.289382100621, 5317.486630652809, 5000.956156079301, 5094.39012356507, 5399.39517946416, 4034.20452225711, 4616.693608222867, 5208.431789624283, 4764.269269992407, 3242.692237416912, 3086.489870507439, 3759.0127430110156, 4099.561348730026, 4315.189366667832, 4112.115130197644, 4235.8825304163975, 3855.8636744137953, 4375.808103942986]",19,11.929538032506837,1499050.0608129848,0.45651593998822576,7.352045788907277e-07,0.840242282173362,19,6230.142346505958,2064.970702522485,7903.124145606171,"[11, 48, 105, 159, 217, 269, 325, 381, 437, 493, 548, 604, 661, 703, 764, 822, 878, 926, 985]","[2064.970702522485, 6282.682675450971, 7365.76490881129, 6663.145128626009, 6896.107869642764, 7903.124145606171, 6447.849158596047, 6938.8901535514815, 7573.777791954629, 6926.185810702456, 5179.94042539039, 4697.416585774372, 5947.207252698461, 6103.647553074532, 7263.092340919243, 5940.594028322528, 6755.805632260193, 5956.921000070408, 5465.581419638772]","[5, 28, 83, 142, 142, 83, 304, 304, 413, 470, 525, 583, 583, 693, 693, 800, 855, 910, 693]","[16, 83, 247, 193, 247, 693, 359, 413, 693, 693, 583, 639, 693, 724, 855, 855, 910, 967, 991]",0.05,30,3139893409.587914,5404.213365367019,-5404.213365367019,,,,,,,,,,,,,,,,,,,,,,,,,,,,,,,,,,,SWT,mdp.39015056038386,,,5037.733255596867,,,6340.124145606171,,3837.213365367019,0.0,19.0,,,0.0,-12.5,,,0.0,0.0,-8.0,,3.0,2611703413.587914,,,,,,5037.733255596867,92139.7045836132,5037.733255596868,,3837.213365367019,,,,,,,1862.9707025224852,,,,,,0.0,,,0.37978537425429615,0.7807742898078578,0.7708176860824512,0.05033913806854534,0.6337209302325582,0.9690341250501114,0.0382947309167527,,0.3718200266845001,0.40296061033940445,0.40296061033940445,0.4027011743186034,0.3363705484012187,0.27406715492556033,0.75,0.26030598100839103,0.2173913043478261,0.0,0.02631578947368421,0.0,0.3566279484843635,0.3566279484843635,0.0,0.7804878048780488,1.532624018423665,0.4757140822000076,15,1.6493985127162707,0.9608987481210766,9,0,0,0.30866480635533555,0.52367381554202,21,0,0,0.5175380392017962,0.9677788011049865,10,5.5,0.9481132075471698,13.75,12.29268292682927,0.9091981132075471,5,bior,0.5656760374832664,0.7418882791367996,0.38146029002067355,2,4.25,,0.39082348732371963,0.03835829892818626,0.7482167379287211,0.7708176860824512,0.06754044162169481,0.7459677419354842,0.9534886774831364,0.04817383067592524,,0.3721745774192412,0.4426220968831322,0.4426220968831322,0.44155354577881656,0.37905543964059196,0.29082668941431145,0.75,0.26607004028458564,0.12195121951219515,0.0,0.015625,0.0,0.3704099837547957,0.3704099837547957,0.0,0.7191011235955057,1.5834096199312802,0.49249345964755337,19,1.6959157425226958,0.9754326638772544,13,4.242640687119285,0.9799875439286826,16.0,15.4375,0.9522579229077375,1,72.16666666666667,58.5,63.091659284444,30,0.5536711757184198,0.8953164897413547,0.3438352300746997,3,1.5,1
raw,coif1,140569539.24152225,0.6487903225806452,454.64942890042846,1.9138900050563636,992,5,True,False,879.6302936949669,,"[5, 48, 106, 159, 217, 269, 325, 381, 437, 493, 549, 604, 661, 711, 767, 822, 878, 930, 985]","[1244.4988532223183, 4068.4258604184793, 5399.47977799174, 5084.309781356923, 5259.444793665724, 5454.547968325145, 4284.970964221938, 4805.0852401445845, 5352.5457148293945, 4991.853576631249, 3350.9773044241474, 3280.019514846893, 3730.674145127305, 4277.787761620598, 4356.813096232767, 4156.861291342925, 4566.204530963448, 3870.815026512016, 4660.000925441026]",19,11.930293389080472,1503441.7246723804,0.45396238379043335,7.609669602344098e-07,0.7846261663532056,19,6264.319025515877,2097.3023863278277,7928.145734137206,"[11, 48, 106, 159, 217, 269, 325, 381, 437, 493, 549, 604, 661, 711, 767, 822, 878, 930, 985]","[2097.3023863278277, 6112.8909660677555, 7283.942770435166, 6655.006503504709, 7092.517952007736, 7928.145734137206, 6540.814430390016, 7165.82211106933, 7688.743732391266, 6983.93368261916, 5096.517822221491, 4708.9910930050555, 5868.4757655551875, 6318.154532662429, 7232.614571331218, 5947.994466417666, 7169.548672965713, 5919.967321959899, 5210.676969732838]","[5, 28, 83, 142, 142, 83, 305, 359, 359, 470, 525, 583, 583, 693, 693, 800, 855, 911, 855]","[16, 83, 247, 193, 247, 855, 359, 413, 855, 855, 583, 639, 693, 724, 855, 855, 911, 942, 991]",0.05,30,3025073344.6687775,5475.039870490815,-5475.039870490815,,,,,,,,,,,,,,,,,,,,,,,,,,,,,,,,,,,SWT,mdp.39015056038386,,,5071.909934606786,,,6365.145734137206,,3908.039870490815,0.0,10.0,,,0.0,-12.5,,,0.0,0.0,-8.0,,3.0,2496883348.6687775,,,,,,5071.909934606786,92789.06148480166,5071.909934606787,,3908.039870490815,,,,,,,1895.3023863278277,,,,,,0.0,,,0.3433877626279998,0.7884742416466175,0.7720015557912256,0.050817419725913235,0.6976744186046507,0.937380146302542,0.03993759847916647,,0.3782919203296583,0.40707475347189703,0.40707475347189703,0.40681710520068476,0.3400659379630465,0.27591574415058995,0.75,0.24336850985421343,0.2173913043478261,0.0,0.02631578947368421,0.0,0.3669231164866697,0.3669231164866697,0.0,0.5609756097560976,1.4927877336542044,0.4633492220519504,16,1.6575072268894837,0.9656226842940762,7,0,0,0.29669610381205835,0.5033679821626548,29,0,0,0.5185247347397308,0.9696238887167701,9,9.945685831890462,0.9061727751708447,15.25,11.39760210546837,0.8811524253212715,12,coif,0.6696905268131349,0.4609759507764294,0.3929238459978767,1,9.25,,0.3550736529924282,0.03984597708025736,0.7555956090342525,0.7720015557912256,0.06801006011487212,0.7903225806451613,0.9225650350418678,0.04979982191139981,,0.37864281826624513,0.44646293638555595,0.44646293638555595,0.445401748567924,0.382513140382019,0.29263260045625206,0.75,0.24926455422859045,0.12195121951219515,0.0,0.015625,0.0,0.3804846131617611,0.3804846131617611,0.0,0.5168539325842697,1.5466185331477926,0.4810501986075077,20,1.6969140374347778,0.9760068489272608,12,5.656854249492381,0.9733167252382435,16.0,15.0,0.948922513562518,2,85.47058823529412,81.5,46.84483432219392,34,0.6557404306362157,0.6647622380444039,0.34155302714132785,4,2.5,2
raw,bior6.8,147374797.37907293,0.6413306451612903,451.8013333061874,1.482635424870162,992,5,True,False,953.6941253952082,,"[5, 48, 106, 159, 217, 269, 325, 381, 437, 493, 548, 604, 661, 703, 765, 822, 878, 930, 985]","[1190.5959171436393, 4020.418674051445, 5594.795244056805, 5155.356742256604, 5297.504715857796, 5627.108955282153, 4179.722393702706, 4693.227222379585, 5403.573914633296, 5077.833366461995, 3434.042584915773, 3063.397209536582, 4131.218466458332, 4329.1377603550345, 4466.516990831789, 4325.63867127962, 4624.072743622596, 4124.5994431091, 4855.076401896868]",19,11.93360279077059,1522145.3398646943,0.44963198058702764,8.821535063151788e-07,0.8056126513662453,19,6396.104279602332,1988.2701051288223,7935.653599633764,"[11, 48, 106, 159, 217, 269, 325, 381, 437, 493, 548, 604, 661, 703, 765, 822, 878, 930, 985]","[1988.2701051288223, 6190.692589097441, 7461.689409533804, 6919.824048834663, 7189.5067425257475, 7935.653599633764, 6425.407861205258, 6960.064801342713, 7805.79053415353, 7360.765096981426, 5401.32741196338, 4522.23684707744, 6290.794143565681, 6570.713400839794, 7280.324503623475, 6082.671201131328, 7020.6973626529325, 6357.688008792118, 5761.863644360974]","[5, 28, 83, 142, 142, 83, 304, 304, 304, 446, 502, 582, 582, 693, 693, 775, 693, 911, 693]","[16, 83, 247, 168, 247, 693, 358, 413, 693, 693, 582, 610, 693, 724, 855, 855, 911, 967, 991]",0.05,30,3261067741.5203176,5639.838264649424,-5639.838264649424,,,,,,,,,,,,,,,,,,,,,,,,,,,,,,,,,,,SWT,mdp.39015056038386,,,5203.695188693241,,,6372.653599633764,,4072.8382646494238,0.0,10.0,,,0.0,-8.0,,,0.0,0.0,-8.0,,3.0,2732877745.5203176,,,,,,5203.695188693241,95292.9813124443,5203.69518869324,,4072.8382646494238,,,,,,,1786.2701051288223,,,,,,0.0,,,0.3956011015421482,0.740526806137012,0.7771883782163593,0.05951040078928464,0.5901162790697672,0.9493246293142122,0.04693439142213799,,0.3564667245849088,0.42293888696205345,0.42293888696205345,0.4226881322521996,0.3543153579319258,0.2764704235324643,0.75,0.2781807901994261,0.2173913043478261,0.0,0.2631578947368421,0.0,0.39087780903302155,0.39087780903302155,0.0,0.5609756097560976,1.5585942405331679,0.48377502880324513,14,1.6158959235701207,0.9413809689299611,18,0,0,0.31920497683324,0.5415560333296656,19,0,0,0.5084574266415604,0.9507983597244886,18,2.217355782608345,0.979081549220676,17.25,17.008880994671404,0.9081728500820361,6,bior,0.5656760374832664,0.7418882791367996,0.38146029002067355,2,5.0,,0.4063577382019037,0.046844032676291406,0.7096475363871969,0.7771883782163594,0.07654558433017598,0.715725806451613,0.934233929013911,0.056724740427038955,,0.3568299408689692,0.46127321123950843,0.46127321123950843,0.4602404162509819,0.3958460323997496,0.29317447401415275,0.75,0.28380556017885417,0.12195121951219515,0.0,0.15625,0.0,0.40392615874005855,0.40392615874005855,0.0,0.5168539325842697,1.6010594391401658,0.49798314495381996,18,1.6712898247260695,0.961268679196592,23,3.5355339059327378,0.9833229532739022,20.5,20.195121951219512,0.9433124200331775,3,72.16666666666667,58.5,63.091659284444,30,0.5536711757184198,0.8953164897413547,0.3438352300746997,3,3.0,3
raw,rbio6.8,142218018.1779013,0.6423387096774194,469.5724714085166,1.5585060027694015,992,5,True,False,898.5982064101365,,"[5, 48, 106, 159, 217, 269, 325, 382, 437, 493, 549, 604, 661, 703, 767, 822, 878, 930, 985]","[1374.476898192595, 3830.722268858493, 5657.1467056162655, 5229.827754047489, 5525.9366085357515, 5738.528168187625, 4360.229504502519, 4896.163879807477, 5691.90096468856, 5214.735319670622, 3598.602576783284, 3281.738253193506, 4199.637119919193, 4079.7753958157605, 4621.145737559727, 4335.429975067807, 4844.112668686754, 4239.477749188339, 4765.414334454311]",19,11.954212426349631,1490184.469501714,0.4507811556940254,1.0032298312446903e-06,0.7308112520586276,19,6401.806377273361,2031.5371399516375,8013.592807845571,"[11, 48, 106, 159, 217, 269, 325, 382, 437, 493, 549, 604, 661, 703, 767, 822, 878, 930, 985]","[2031.5371399516375, 6211.862899179669, 7515.168420709236, 6795.341806260452, 7122.811391640968, 8013.592807845571, 6402.41073082017, 6778.179795340196, 7964.530742503961, 7446.589666989365, 5504.045119348117, 4635.507996562006, 6181.885231322749, 6485.056184954476, 7199.212084902816, 6060.568408573278, 7342.359312393948, 6526.125910511015, 5417.535518384218]","[5, 5, 61, 142, 142, 61, 279, 279, 279, 446, 502, 583, 583, 693, 693, 775, 855, 911, 855]","[16, 61, 142, 168, 247, 855, 359, 413, 855, 855, 583, 639, 693, 724, 855, 855, 911, 942, 991]",0.05,30,3112010659.322004,5749.5143519801995,-5749.5143519801995,,,,,,,,,,,,,,,,,,,,,,,,,,,,,,,,,,,SWT,mdp.39015056038386,,,5209.39728636427,,,6450.592807845571,,4182.5143519801995,0.0,10.0,,,0.0,-3.5,,,0.0,0.0,-8.0,,3.0,2583820663.322004,,,,,,5209.39728636427,95401.32116819386,5209.39728636427,,4182.5143519801995,,,,,,,1829.5371399516375,,,,,,0.0,,,0.35675971533900047,0.7489621939752805,0.8094898423493976,0.052923173231167825,0.604651162790697,0.9067513235546315,0.03497822199138407,,0.3651275679050561,0.42362529789060677,0.42362529789060677,0.42337484145206145,0.35493190327291485,0.28222855436932076,0.75,0.2561929082744521,0.2173913043478261,0.0,0.5,0.0,0.40682005753070405,0.40682005753070405,0.0,0.5609756097560976,1.584064859898127,0.4916809027609883,12,1.6061640221118363,0.9357114040212945,21,0,0,0.3356945875137719,0.5695319384671491,16,0,0,0.5020736618902228,0.9388609334299611,20,4.112987559751022,0.9611982305683866,17.25,16.43031784841076,0.8992311907558914,7,rbio,0.7365997322623828,1.0,0.184380187416332,3,6.0,,0.3682076217542346,0.053835723425984805,0.7177311765043248,0.8094898423493976,0.07007767189321767,0.725806451612903,0.8926428956922887,0.04489139052773731,,0.3654858959270052,0.46191402370625545,0.46191402370625545,0.46088245722152354,0.39642292131687007,0.29879966749598275,0.75,0.2619890186345234,0.12195121951219515,0.0,0.296875,0.0,0.41952689934884935,0.41952689934884935,0.0,0.5168539325842697,1.6167288920996135,0.5028568699846921,17,1.6623717617111398,0.9561393147210089,26,6.363961030678928,0.9699813158930239,21.5,20.558139534883722,0.9342831107767007,4,85.1,51.5,70.4685549829093,30,0.6528972339995962,1.0,0.24297193620028265,5,4.25,4
raw,rbio2.2,123212065.03542288,0.6697580645161291,479.65996134132024,1.8248016029949976,992,5,True,False,768.5519050139194,,"[5, 48, 106, 159, 217, 269, 325, 382, 437, 493, 549, 604, 661, 711, 767, 823, 878, 932, 985]","[2083.7777572989244, 4008.1565894269197, 5608.686992271059, 5138.164164556415, 5659.379985062461, 5603.266675539921, 4185.578384220399, 5154.955551481617, 5593.618290522553, 5059.427558374375, 3656.250203112236, 3471.4838634441626, 4019.0438949379, 4302.424622472798, 5012.880496715011, 4247.641225440915, 4848.590378421061, 4183.833937812397, 4625.931972481289]",19,11.958194933106864,1427915.5953748077,0.4592434321464082,9.411565421833171e-07,0.5367915965557373,19,6236.6915165108085,1941.549510574575,7787.223904781966,"[11, 48, 106, 159, 217, 269, 325, 382, 437, 493, 549, 604, 661, 711, 767, 823, 878, 932, 985]","[1941.549510574575, 6123.534950745447, 7271.088135835025, 6771.966593536973, 7787.223904781966, 6928.7289719934, 6361.365458259605, 7082.453031763058, 7761.037512504887, 6969.034897876327, 5059.594328534723, 4431.844242824455, 5981.687001058052, 6127.679971243587, 7409.667205552085, 5952.021409536925, 7547.703493855989, 6363.026220746974, 4625.931972481289]","[5, 5, 5, 142, 5, 248, 305, 305, 305, 446, 502, 583, 583, 693, 693, 800, 855, 911, 911]","[16, 61, 174, 174, 911, 911, 359, 414, 911, 911, 583, 639, 693, 724, 911, 855, 911, 942, 991]",0.05,30,2724575740.56225,5675.037032906352,-5675.037032906352,,,,,,,,,,,,,,,,,,,,,,,,,,,,,,,,,,,SWT,mdp.39015056038386,,,5044.2824256017175,,,6224.223904781966,,4108.037032906352,0.0,5.5,,,0.0,-8.0,,,0.0,0.0,-8.0,,3.0,2196385744.56225,,,,,,5044.2824256017175,92264.13881370536,5044.2824256017175,,4108.037032906352,,,,,,,1739.549510574575,,,,,,0.0,,,0.26507999187000725,0.7785692792212983,0.8157316217678142,0.02864512419622646,1.0,0.7963248048858571,0.011684200243280526,,0.34711457575114835,0.4037489907081103,0.4037489907081103,0.4034898972681662,0.3370786843341318,0.2655044717010232,0.75,0.1990411572696434,0.2173913043478261,0.0,0.2631578947368421,0.0,0.3959942161188424,0.3959942161188424,0.0,0.451219512195122,1.4649394017780881,0.45470532538845326,21,1.6920575401274565,0.985750841608154,4,0,0,0.302092744453613,0.5125238021255523,26,0,0,0.5280050031692121,0.987351673188395,8,10.436314802968846,0.901544199971992,14.75,8.67527308838133,0.8811966282878828,11,rbio,0.7365997322623828,1.0,0.184380187416332,3,9.0,,0.278159544995616,0.05025123041146595,0.7461036742050425,0.8157316217678142,0.046239373623911645,1.0,0.7847641924626207,0.02183665619131783,,0.3474830704767084,0.4433581049328148,0.4433581049328148,0.44229096483207464,0.3797180280089624,0.2824616919478876,0.75,0.2052826221574951,0.12195121951219515,0.0,0.15625,0.0,0.4089329643864812,0.4089329643864812,0.0,0.41573033707865176,1.5112176197310387,0.47003932807606724,25,1.6998112743025886,0.9776732403669961,10,10.606601717798213,0.9499688598217065,17.5,14.285714285714285,0.933710845005193,5,85.1,51.5,70.4685549829093,30,0.6528972339995962,1.0,0.24297193620028265,5,5.0,5
raw,dmey,138092782.24893636,0.6455645161290322,467.86951861999137,1.5359547878174777,992,5,True,False,865.1261186692068,,"[5, 48, 106, 159, 217, 269, 325, 382, 437, 493, 549, 604, 661, 703, 767, 822, 878, 930, 985]","[1925.7372657655555, 3711.878547633858, 5657.643747818886, 5009.111095186389, 5794.658975743006, 5730.429206262736, 4522.5670543335855, 5107.832062368594, 5738.522816344617, 5582.494192184872, 3707.4977542131137, 3232.0538535658993, 4625.103694066929, 3970.7324732622683, 4739.866546003525, 4691.472633878419, 5281.160262731578, 4330.651335029748, 4889.602339484384]",19,11.953635453819867,1485022.8728650487,0.447125701315808,1.0046014708664915e-06,0.6924333464306254,19,6339.021976794234,2105.266046460937,8146.136832588574,"[11, 48, 106, 159, 217, 269, 325, 382, 437, 493, 549, 604, 661, 703, 767, 822, 878, 930, 985]","[2105.266046460937, 6019.693660171575, 7580.119794789673, 6556.031038238981, 8146.136832588574, 6806.818913864612, 6098.850116633514, 6826.486917454375, 8039.682642951693, 7872.178681869436, 5244.713300462148, 4365.284428562967, 6801.5171257233105, 5997.192070410485, 6820.533187215531, 6302.792241685701, 7574.2891726548505, 6288.571213181427, 4995.260174170661]","[5, 5, 61, 142, 61, 227, 279, 279, 279, 446, 502, 583, 502, 693, 724, 775, 724, 911, 941]","[16, 61, 142, 168, 724, 724, 335, 391, 724, 724, 583, 622, 724, 724, 855, 855, 941, 941, 991]",0.05,30,3075636551.8414702,5798.313540607109,-5798.313540607109,,,,,,,,,,,,,,,,,,,,,,,,,,,,,,,,,,,SWT,mdp.39015056038386,,,5146.612885885143,,,6583.136832588574,,4231.313540607109,0.0,10.0,,,0.0,1.0,,,0.0,0.0,-3.5,,3.0,2547446555.8414702,,,,,,5146.612885885143,94208.41755909045,5146.612885885144,,4231.313540607109,,,,,,,1903.266046460937,,,,,,0.0,,,0.333162644795112,0.7464549210690918,0.8085855537992946,0.04765363060874228,0.651162790697673,0.8849084927274429,0.03304733202436175,,0.37988602107980707,0.41606739532248715,0.41606739532248715,0.4158136546916394,0.3481432735728539,0.292020876534561,0.75,0.250827248564676,0.41304347826086957,0.0,0.7368421052631579,0.0,0.41391338854304377,0.41391338854304377,0.0,0.5609756097560976,1.6265950749818114,0.5048819370597415,11,1.6035887844637982,0.9342111343090108,22,0,0,0.36296961471592026,0.615806140351761,11,0,0,0.5007107665316742,0.9363123647524548,23,6.652067347825035,0.937244647662028,16.75,14.773722627737227,0.8896128898687499,8,dmey,0.12208835341365462,,,6,7.5,,0.3450305141102172,0.05391493032346244,0.7153284545148146,0.8085855537992948,0.06490357703100649,0.7580645161290316,0.8713040334976913,0.042980335592529235,,0.3802360192908118,0.4548581946297604,0.4548581946297604,0.45381310139072173,0.39007093878446186,0.30836591535949265,0.75,0.25666517078185164,0.23170731707317077,0.0,0.4375,0.0,0.4264682801203189,0.4264682801203189,0.0,0.5168539325842697,1.6415594957175181,0.5105800199055887,15,1.654564825541844,0.9516490323600418,28,9.192388155425117,0.9566396785121457,21.5,19.53488372093023,0.9276122920862615,6,32.0,32.0,36.76955262170047,2,0.2455077730668282,0.5217866696800888,0.6716085579491935,2,5.0,6
raw,bior1.1,131340548.33056009,0.6393145161290322,431.6607945518695,1.9157477233432954,992,5,True,False,1003.1062812764092,,"[4, 38, 91, 144, 178, 216, 265, 306, 367, 400, 434, 490, 529, 573, 607, 654, 699, 764, 808, 872, 918, 969]","[460.11322138247056, 3884.319350104296, 4424.922559953377, 3585.8541071928266, 767.94546276522, 3809.1941520509486, 3126.305957588791, 3812.041112059459, 4794.638314988502, 1397.4002345848207, 3861.338966177781, 3684.7689181038536, 2477.239581473309, 2965.6932592165817, 1814.434468663087, 2607.243459183097, 4906.874859021213, 3707.243997589345, 3440.9757973604897, 4518.357700303505, 3778.1386694166235, 2845.9229932292646]",22,11.914681275322511,1485802.7923513113,0.4576854828126758,6.604374678376914e-07,0.8946493979871278,22,4990.211731822607,460.11322138247056,7278.091506890709,"[3, 38, 91, 144, 178, 216, 265, 306, 367, 400, 434, 490, 529, 573, 616, 654, 699, 764, 808, 872, 918, 969]","[460.11322138247056, 5985.717761851187, 6776.3265344578085, 5417.875202562727, 767.94546276522, 5965.046162693343, 5533.051952975435, 5888.293600207207, 7006.812988756143, 3138.8177285083275, 5706.900851838838, 5705.516049245398, 4457.824427020771, 4875.993141924173, 1482.4689828310823, 4586.627611862705, 7278.091506890709, 5805.803484837029, 5411.765362162369, 6765.597614431725, 5481.955785180312, 5286.112665712394]","[0, 0, 54, 108, 177, 161, 219, 161, 54, 384, 384, 439, 495, 495, 607, 607, 54, 718, 768, 718, 906, 933]","[4, 54, 161, 161, 185, 272, 272, 328, 663, 412, 663, 663, 551, 663, 621, 663, 987, 768, 824, 987, 987, 987]",0.05,30,3190612776.0351286,4917.787043994318,-4917.787043994318,,,,,,,,,,,,,,,,,,,,,,,,,,,,,,,,,,,SWT,mdp.39015056038386,,,3797.8026409135164,,,5715.091506890709,,3350.787043994318,0.3181818181818182,20.5,,,0.09090909090909091,-2.0,,,0.0,0.18181818181818182,10.0,,0.0,2662422780.0351286,,,,,,3797.8026409135164,83551.65810009737,3797.8026409135164,,3350.787043994318,,,,,,,258.11322138247056,,,,,,0.0,,,0.43043556233464153,0.7886807851405305,0.7475327033139637,0.03902838224909299,0.5610465116279059,1.0,0.03333909033426381,,0.050572701735145,0.2536994132030087,0.2536994132030087,0.25337511759050285,0.2874973058537184,0.22788988685210756,0.0,0.267787755267645,1.0,1.0,0.5789473684210527,1.0,0.28592220505508326,0.28592220505508326,1.0,0.8170731707317074,1.4706697207167148,0.45648396997566637,20,1.633373923351107,0.9515632189924719,11,0,0,0.4726491589355039,0.8018860050651299,2,0,0,0.5142947192857712,0.9617139014798852,11,7.3484692283495345,0.9306748186004761,11.0,5.46583850931677,0.9134506168474079,4,bior,0.5656760374832664,0.7418882791367996,0.38146029002067355,2,3.5,,0.44057224148133833,0.03404078665619463,0.75579353985917,0.7475327033139638,0.056434558670089466,0.6955645161290318,0.9837400923990236,0.043269096820537555,,0.05110856750687036,0.3032763610450123,0.3032763610450123,0.30194066974895434,0.33332574209042376,0.24571551102411854,0.0,0.27349351288232254,0.5609756097560977,1.0,0.34375,1.0,0.3012188678998231,0.3012188678998231,1.0,0.752808988764045,1.4756698766905354,0.45898278861065744,29,1.6868731454882255,0.9702316716979015,17,8.48528137423857,0.9599750878573652,23.0,21.434782608695652,0.9257422609098147,7,72.16666666666667,58.5,63.091659284444,30,0.5536711757184198,0.8953164897413547,0.3438352300746997,3,6.0,7
raw,rbio2.8,126037779.04467846,0.6596774193548387,483.57027330505286,2.178562488250081,992,5,True,False,821.1182983571788,,"[5, 48, 106, 159, 217, 269, 325, 382, 437, 493, 549, 604, 661, 706, 767, 822, 878, 930, 985]","[1630.2158642213449, 3834.6132234933175, 5206.5490841243145, 4873.980239728901, 5316.051938724323, 5452.761958180864, 4175.151746356964, 4638.7394196315545, 5491.469057786836, 4903.044622301025, 3620.057296320713, 3341.7242765135416, 3878.2686869981844, 4018.756195341817, 4605.89271651853, 3980.4929374620324, 4490.575705631915, 4056.7968129935803, 4376.124228544249]",19,11.964924742844895,1431556.090488117,0.4612578730964229,8.656050022685945e-07,0.7136283015138449,19,6062.36431232477,1947.8592893719633,7649.354392045331,"[11, 48, 106, 159, 217, 269, 325, 382, 437, 493, 549, 604, 661, 706, 767, 822, 878, 930, 985]","[1947.8592893719633, 5999.585988709921, 6909.749381081587, 6337.804625079585, 6729.827385433951, 7565.067473570372, 6154.379098399191, 6288.9576139558685, 7649.354392045331, 6848.415477911449, 5326.189969958935, 4600.914048205044, 5850.838583434019, 6185.355614968368, 6850.64119345532, 5699.056996640411, 6976.511053308062, 6406.1619466705015, 4858.251801970752]","[5, 5, 5, 142, 5, 5, 305, 305, 5, 446, 502, 583, 583, 693, 693, 800, 855, 911, 855]","[16, 61, 142, 170, 248, 305, 359, 414, 855, 855, 583, 639, 693, 724, 855, 855, 911, 942, 991]",0.05,30,2808501481.596772,5496.762697378492,-5496.762697378492,,,,,,,,,,,,,,,,,,,,,,,,,,,,,,,,,,,SWT,mdp.39015056038386,,,4869.955221415679,,,6086.354392045331,,3929.762697378492,0.0,10.0,,,0.0,-8.0,,,0.0,0.0,-8.0,,3.0,2280311485.596772,,,,,,4869.955221415679,88951.92193417063,4869.955221415679,,3929.762697378492,,,,,,,1745.8592893719633,,,,,,0.0,,,0.3021381192733332,0.8179008666661561,0.8262792467872621,0.032254668151278115,0.854651162790697,0.896971626728555,0.013046064794909659,,0.34837761597964473,0.38276371388526653,0.38276371388526653,0.3824955015549969,0.31822937102008064,0.2553187037035633,0.75,0.21142130893447914,0.2173913043478261,0.0,0.2631578947368421,0.0,0.3700806936098491,0.3700806936098491,0.0,0.5609756097560976,1.4496871747242401,0.4499711576426743,23,1.7165164549766285,1.0,1,0,0,0.3008160078139851,0.510357719262362,27,0,0,0.534748822170313,0.9999623888718653,2,13.671747023210555,0.8710212544980136,13.25,2.530820173204279,0.8730106272490068,16,rbio,0.7365997322623828,1.0,0.184380187416332,3,12.75,,0.3145581397413121,0.04588842039840697,0.7837951715298224,0.8262792467872621,0.04978353754304921,0.8991935483870963,0.8830888408846662,0.023184531014288353,,0.34874539783332087,0.4237668856692198,0.4237668856692198,0.42266218717432386,0.3620811094836127,0.27251108169429633,0.75,0.21756630159704277,0.12195121951219515,0.0,0.15625,0.0,0.38357455004601765,0.38357455004601765,0.0,0.5168539325842697,1.4963823817777815,0.4654250718707706,27,1.7386292312393847,1.0,1,18.384776310850235,0.9132793570242913,14.0,1.9285714285714286,0.9236208105876174,8,85.1,51.5,70.4685549829093,30,0.6528972339995962,1.0,0.24297193620028265,5,7.25,8
raw,rbio1.1,131340548.33056009,0.6393145161290322,431.6607945518695,1.9157477233432954,992,5,True,False,1003.1062812764092,,"[4, 38, 91, 144, 178, 216, 265, 306, 367, 400, 434, 490, 529, 573, 607, 654, 699, 764, 808, 872, 918, 969]","[460.11322138247056, 3884.319350104296, 4424.922559953377, 3585.8541071928266, 767.94546276522, 3809.1941520509486, 3126.305957588791, 3812.041112059459, 4794.638314988502, 1397.4002345848207, 3861.338966177781, 3684.7689181038536, 2477.239581473309, 2965.6932592165817, 1814.434468663087, 2607.243459183097, 4906.874859021213, 3707.243997589345, 3440.9757973604897, 4518.357700303505, 3778.1386694166235, 2845.9229932292646]",22,11.914681275322511,1485802.7923513113,0.4576854828126758,6.604374678376914e-07,0.8946493979871278,22,4990.211731822607,460.11322138247056,7278.091506890709,"[3, 38, 91, 144, 178, 216, 265, 306, 367, 400, 434, 490, 529, 573, 616, 654, 699, 764, 808, 872, 918, 969]","[460.11322138247056, 5985.717761851187, 6776.3265344578085, 5417.875202562727, 767.94546276522, 5965.046162693343, 5533.051952975435, 5888.293600207207, 7006.812988756143, 3138.8177285083275, 5706.900851838838, 5705.516049245398, 4457.824427020771, 4875.993141924173, 1482.4689828310823, 4586.627611862705, 7278.091506890709, 5805.803484837029, 5411.765362162369, 6765.597614431725, 5481.955785180312, 5286.112665712394]","[0, 0, 54, 108, 177, 161, 219, 161, 54, 384, 384, 439, 495, 495, 607, 607, 54, 718, 768, 718, 906, 933]","[4, 54, 161, 161, 185, 272, 272, 328, 663, 412, 663, 663, 551, 663, 621, 663, 987, 768, 824, 987, 987, 987]",0.05,30,3190612776.0351286,4917.787043994318,-4917.787043994318,,,,,,,,,,,,,,,,,,,,,,,,,,,,,,,,,,,SWT,mdp.39015056038386,,,3797.8026409135164,,,5715.091506890709,,3350.787043994318,0.3181818181818182,20.5,,,0.09090909090909091,-2.0,,,0.0,0.18181818181818182,10.0,,0.0,2662422780.0351286,,,,,,3797.8026409135164,83551.65810009737,3797.8026409135164,,3350.787043994318,,,,,,,258.11322138247056,,,,,,0.0,,,0.43043556233464153,0.7886807851405305,0.7475327033139637,0.03902838224909299,0.5610465116279059,1.0,0.03333909033426381,,0.050572701735145,0.2536994132030087,0.2536994132030087,0.25337511759050285,0.2874973058537184,0.22788988685210756,0.0,0.267787755267645,1.0,1.0,0.5789473684210527,1.0,0.28592220505508326,0.28592220505508326,1.0,0.8170731707317074,1.4706697207167148,0.45648396997566637,19,1.633373923351107,0.9515632189924719,12,0,0,0.4726491589355039,0.8018860050651299,5,0,0,0.5142947192857712,0.9617139014798852,14,5.802298395176403,0.9452613358945623,12.5,9.818517379267917,0.9136684037963377,3,rbio,0.7365997322623828,1.0,0.184380187416332,3,3.0,,0.44057224148133833,0.03404078665619463,0.75579353985917,0.7475327033139638,0.056434558670089466,0.6955645161290318,0.9837400923990236,0.043269096820537555,,0.05110856750687036,0.3032763610450123,0.3032763610450123,0.30194066974895434,0.33332574209042376,0.24571551102411854,0.0,0.27349351288232254,0.5609756097560977,1.0,0.34375,1.0,0.3012188678998231,0.3012188678998231,1.0,0.752808988764045,1.4756698766905354,0.45898278861065744,30,1.6868731454882255,0.9702316716979015,16,9.899494936611665,0.9533042691669261,23.0,20.869565217391305,0.9224068515645951,9,85.1,51.5,70.4685549829093,30,0.6528972339995962,1.0,0.24297193620028265,5,8.0,9
raw,rbio2.6,122391470.23526815,0.6594758064516129,475.2696165135166,2.2263667140643704,992,5,True,False,805.8934052645163,,"[5, 48, 106, 159, 217, 269, 325, 382, 437, 493, 549, 604, 661, 706, 767, 822, 878, 930, 985]","[1650.7869651811702, 3822.2405763083025, 5220.094601544943, 4871.666875557427, 5417.050262530006, 5408.9021778071965, 4105.335080450914, 4668.442255958769, 5477.699475413825, 4878.302163807643, 3595.3347244266415, 3321.7630641276755, 3831.476411687294, 4088.170069193488, 4623.756136625873, 3974.9073991022333, 4540.319512484333, 4059.44158028573, 4452.298895024332]",19,11.95878611257602,1427318.867802647,0.4616209880520184,8.801067142015107e-07,0.6965795330618231,19,6056.782031581077,1921.2288103871285,7628.0663129797995,"[11, 48, 106, 159, 217, 269, 325, 382, 437, 493, 549, 604, 661, 706, 767, 822, 878, 930, 985]","[1921.2288103871285, 6002.650590148458, 6926.638810677293, 6359.284362330684, 7559.0125911753275, 6761.867130880022, 6138.901827143755, 6398.399201245732, 7628.0663129797995, 6839.170748312639, 5255.647658891396, 4514.101166813938, 5860.4350706542355, 6165.821662100361, 6891.406277859756, 5655.327053458088, 7044.66375468564, 6323.761687703098, 4832.473882593119]","[5, 5, 5, 142, 5, 248, 305, 305, 5, 446, 502, 583, 583, 693, 693, 800, 855, 911, 855]","[16, 61, 142, 170, 305, 305, 359, 414, 855, 855, 583, 639, 693, 724, 855, 855, 911, 942, 991]",0.05,30,2765161278.22371,5488.723713752597,-5488.723713752597,,,,,,,,,,,,,,,,,,,,,,,,,,,,,,,,,,,SWT,mdp.39015056038386,,,4864.372940671986,,,6065.0663129797995,,3921.723713752597,0.0,10.0,,,0.0,-8.0,,,0.0,0.0,-8.0,,3.0,2236971282.22371,,,,,,4864.372940671986,88845.85860004046,4864.372940671987,,3921.723713752597,,,,,,,1719.2288103871285,,,,,,0.0,,,0.2914049113804952,0.8232158016016358,0.8166581768418181,0.027596903112725644,0.8517441860465104,0.8872682998008419,0.011460971780609484,,0.34304694317128964,0.3820917263589581,0.3820917263589581,0.3818232220248897,0.3176257810110733,0.25374594530202094,0.75,0.20502805837357402,0.2173913043478261,0.0,0.2631578947368421,0.0,0.36891216656122916,0.36891216656122916,0.0,0.5609756097560976,1.4427308862017412,0.44781198202607225,24,1.7036678774035865,0.9925147367298516,2,0,0,0.2996751590352492,0.508422180708513,28,0,0,0.5299070357949481,0.9909084104999875,6,12.909944487358056,0.8782080708739806,15.0,5.376,0.8683493184558582,17,rbio,0.7365997322623828,1.0,0.184380187416332,3,13.5,,0.3040159534035951,0.046725838326603236,0.788888478688677,0.8166581768418182,0.04521013907525806,0.8971774193548379,0.8736093939312126,0.021615720838940245,,0.3434177337072562,0.4231395384542439,0.4231395384542439,0.42203363726983417,0.36151634260673976,0.27097463339891875,0.75,0.21122287038610466,0.12195121951219515,0.0,0.15625,0.0,0.382431054673798,0.382431054673798,0.0,0.5168539325842697,1.4895393878991476,0.4632966714321136,28,1.7264507963408002,0.9929953812579677,2,18.384776310850235,0.9132793570242913,15.0,3.7333333333333334,0.9212623200215796,10,85.1,51.5,70.4685549829093,30,0.6528972339995962,1.0,0.24297193620028265,5,8.75,10
raw,haar,131340548.33056009,0.6393145161290322,431.6607945518695,1.9157477233432954,992,5,True,False,1003.1062812764092,,"[4, 38, 91, 144, 178, 216, 265, 306, 367, 400, 434, 490, 529, 573, 607, 654, 699, 764, 808, 872, 918, 969]","[460.11322138247056, 3884.319350104296, 4424.922559953377, 3585.8541071928266, 767.94546276522, 3809.1941520509486, 3126.305957588791, 3812.041112059459, 4794.638314988502, 1397.4002345848207, 3861.338966177781, 3684.7689181038536, 2477.239581473309, 2965.6932592165817, 1814.434468663087, 2607.243459183097, 4906.874859021213, 3707.243997589345, 3440.9757973604897, 4518.357700303505, 3778.1386694166235, 2845.9229932292646]",22,11.914681275322511,1485802.7923513113,0.4576854828126758,6.604374678376914e-07,0.8946493979871278,22,4990.211731822607,460.11322138247056,7278.091506890709,"[3, 38, 91, 144, 178, 216, 265, 306, 367, 400, 434, 490, 529, 573, 616, 654, 699, 764, 808, 872, 918, 969]","[460.11322138247056, 5985.717761851187, 6776.3265344578085, 5417.875202562727, 767.94546276522, 5965.046162693343, 5533.051952975435, 5888.293600207207, 7006.812988756143, 3138.8177285083275, 5706.900851838838, 5705.516049245398, 4457.824427020771, 4875.993141924173, 1482.4689828310823, 4586.627611862705, 7278.091506890709, 5805.803484837029, 5411.765362162369, 6765.597614431725, 5481.955785180312, 5286.112665712394]","[0, 0, 54, 108, 177, 161, 219, 161, 54, 384, 384, 439, 495, 495, 607, 607, 54, 718, 768, 718, 906, 933]","[4, 54, 161, 161, 185, 272, 272, 328, 663, 412, 663, 663, 551, 663, 621, 663, 987, 768, 824, 987, 987, 987]",0.05,30,3190612776.0351286,4917.787043994318,-4917.787043994318,,,,,,,,,,,,,,,,,,,,,,,,,,,,,,,,,,,SWT,mdp.39015056038386,,,3797.8026409135164,,,5715.091506890709,,3350.787043994318,0.3181818181818182,20.5,,,0.09090909090909091,-2.0,,,0.0,0.18181818181818182,10.0,,0.0,2662422780.0351286,,,,,,3797.8026409135164,83551.65810009737,3797.8026409135164,,3350.787043994318,,,,,,,258.11322138247056,,,,,,0.0,,,0.43043556233464153,0.7886807851405305,0.7475327033139637,0.03902838224909299,0.5610465116279059,1.0,0.03333909033426381,,0.050572701735145,0.2536994132030087,0.2536994132030087,0.25337511759050285,0.2874973058537184,0.22788988685210756,0.0,0.267787755267645,1.0,1.0,0.5789473684210527,1.0,0.28592220505508326,0.28592220505508326,1.0,0.8170731707317074,1.4706697207167148,0.45648396997566637,17,1.633373923351107,0.9515632189924719,14,0,0,0.4726491589355039,0.8018860050651299,3,0,0,0.5142947192857712,0.9617139014798852,12,6.027713773341708,0.9431347757231914,11.5,7.313700384122918,0.9173221048427278,1,haar,0.015261044176706828,,,7,2.5,,0.44057224148133833,0.03404078665619463,0.75579353985917,0.7475327033139638,0.056434558670089466,0.6955645161290318,0.9837400923990236,0.043269096820537555,,0.05110856750687036,0.3032763610450123,0.3032763610450123,0.30194066974895434,0.33332574209042376,0.24571551102411854,0.0,0.27349351288232254,0.5609756097560977,1.0,0.34375,1.0,0.3012188678998231,0.3012188678998231,1.0,0.752808988764045,1.4756698766905354,0.45898278861065744,32,1.6868731454882255,0.9702316716979015,18,9.899494936611665,0.9533042691669261,25.0,23.04,0.9176898704325196,12,29.5,29.5,24.748737341529164,2,0.22632747829598224,0.35120256613082906,0.7362099953535637,1,9.25,11
raw,db1,131340548.33056009,0.6393145161290322,431.6607945518695,1.9157477233432954,992,5,True,False,1003.1062812764092,,"[4, 38, 91, 144, 178, 216, 265, 306, 367, 400, 434, 490, 529, 573, 607, 654, 699, 764, 808, 872, 918, 969]","[460.11322138247056, 3884.319350104296, 4424.922559953377, 3585.8541071928266, 767.94546276522, 3809.1941520509486, 3126.305957588791, 3812.041112059459, 4794.638314988502, 1397.4002345848207, 3861.338966177781, 3684.7689181038536, 2477.239581473309, 2965.6932592165817, 1814.434468663087, 2607.243459183097, 4906.874859021213, 3707.243997589345, 3440.9757973604897, 4518.357700303505, 3778.1386694166235, 2845.9229932292646]",22,11.914681275322511,1485802.7923513113,0.4576854828126758,6.604374678376914e-07,0.8946493979871278,22,4990.211731822607,460.11322138247056,7278.091506890709,"[3, 38, 91, 144, 178, 216, 265, 306, 367, 400, 434, 490, 529, 573, 616, 654, 699, 764, 808, 872, 918, 969]","[460.11322138247056, 5985.717761851187, 6776.3265344578085, 5417.875202562727, 767.94546276522, 5965.046162693343, 5533.051952975435, 5888.293600207207, 7006.812988756143, 3138.8177285083275, 5706.900851838838, 5705.516049245398, 4457.824427020771, 4875.993141924173, 1482.4689828310823, 4586.627611862705, 7278.091506890709, 5805.803484837029, 5411.765362162369, 6765.597614431725, 5481.955785180312, 5286.112665712394]","[0, 0, 54, 108, 177, 161, 219, 161, 54, 384, 384, 439, 495, 495, 607, 607, 54, 718, 768, 718, 906, 933]","[4, 54, 161, 161, 185, 272, 272, 328, 663, 412, 663, 663, 551, 663, 621, 663, 987, 768, 824, 987, 987, 987]",0.05,30,3190612776.0351286,4917.787043994318,-4917.787043994318,,,,,,,,,,,,,,,,,,,,,,,,,,,,,,,,,,,SWT,mdp.39015056038386,,,3797.8026409135164,,,5715.091506890709,,3350.787043994318,0.3181818181818182,20.5,,,0.09090909090909091,-2.0,,,0.0,0.18181818181818182,10.0,,0.0,2662422780.0351286,,,,,,3797.8026409135164,83551.65810009737,3797.8026409135164,,3350.787043994318,,,,,,,258.11322138247056,,,,,,0.0,,,0.43043556233464153,0.7886807851405305,0.7475327033139637,0.03902838224909299,0.5610465116279059,1.0,0.03333909033426381,,0.050572701735145,0.2536994132030087,0.2536994132030087,0.25337511759050285,0.2874973058537184,0.22788988685210756,0.0,0.267787755267645,1.0,1.0,0.5789473684210527,1.0,0.28592220505508326,0.28592220505508326,1.0,0.8170731707317074,1.4706697207167148,0.45648396997566637,18,1.633373923351107,0.9515632189924719,13,0,0,0.4726491589355039,0.8018860050651299,4,0,0,0.5142947192857712,0.9617139014798852,13,5.830951894845301,0.94499101985995,12.0,8.706976744186045,0.9158917363450694,2,db,0.9602409638554217,0.549355620914199,0.16302463902694514,4,2.5,,0.44057224148133833,0.03404078665619463,0.75579353985917,0.7475327033139638,0.056434558670089466,0.6955645161290318,0.9837400923990236,0.043269096820537555,,0.05110856750687036,0.3032763610450123,0.3032763610450123,0.30194066974895434,0.33332574209042376,0.24571551102411854,0.0,0.27349351288232254,0.5609756097560977,1.0,0.34375,1.0,0.3012188678998231,0.3012188678998231,1.0,0.752808988764045,1.4756698766905354,0.45898278861065744,31,1.6868731454882255,0.9702316716979015,19,8.48528137423857,0.9599750878573652,25.0,23.560000000000002,0.9210252797777392,11,130.3421052631579,133.5,47.75033755736292,76,1.0,0.6776119869201771,0.09671640392394687,6,9.75,12
raw,rbio4.4,158721876.23464423,0.6417338709677419,485.0515509930287,1.0246020357668775,992,5,True,False,938.5298988507083,,"[5, 48, 106, 159, 217, 269, 325, 382, 437, 493, 549, 604, 661, 706, 767, 822, 878, 930, 985]","[1558.7437530895952, 4137.3231004551135, 5984.587148607918, 5515.450272072697, 5856.047902675718, 5992.793078719764, 4574.963575815495, 5317.405953918241, 5927.595717017353, 5400.926166700478, 3664.9642601397586, 3459.6850766653147, 4301.473000228626, 4363.208979377691, 4890.58782298637, 4467.457608396169, 5110.901171338566, 4343.866660611417, 4968.9480215303165]",19,11.956345730271059,1531195.46950133,0.4458232357574358,1.0104988483658962e-06,0.6875324182075312,19,6747.162565060808,2076.3051256045323,8383.766700062464,"[11, 48, 106, 159, 217, 269, 325, 382, 437, 493, 549, 604, 661, 706, 767, 822, 878, 930, 985]","[2076.3051256045323, 6575.788071843225, 7906.357036773945, 7163.430620536914, 7507.012295241283, 8383.766700062464, 6871.552030457769, 7418.59713459208, 8291.746724679138, 7770.696509789982, 5624.564827517068, 4863.512895227975, 6515.604891148654, 6790.610549931536, 7768.446243455246, 6324.414202983388, 7955.432751664843, 6792.646770752703, 5595.603353892604]","[5, 5, 61, 142, 142, 61, 279, 279, 279, 446, 502, 583, 583, 693, 693, 800, 855, 911, 855]","[16, 61, 142, 170, 247, 855, 359, 414, 855, 855, 583, 639, 693, 724, 855, 855, 911, 942, 991]",0.05,30,3318048737.665884,5995.815800874585,-5995.815800874585,,,,,,,,,,,,,,,,,,,,,,,,,,,,,,,,,,,SWT,mdp.39015056038386,,,5554.7534741517175,,,6820.766700062464,,4428.815800874585,0.0,10.0,,,0.0,-3.5,,,0.0,0.0,-8.0,,3.0,2789858741.665884,,,,,,5554.7534741517175,101963.08873615536,5554.753474151717,,4428.815800874585,,,,,,,1874.3051256045323,,,,,,0.0,,,0.38491066220404524,0.6896020684199227,0.8128333677522889,0.07400506647606864,0.5959302325581387,0.8821191235755439,0.0503199338706702,,0.37408885936138386,0.4651988161320129,0.4651988161320129,0.4649664249473352,0.3922739063122388,0.30957691667216447,0.75,0.28658623727203947,0.2173913043478261,0.0,0.5,0.0,0.4426218352853315,0.4426218352853315,0.0,0.5609756097560976,1.68603739160018,0.5233323506993721,10,1.5840013728290872,0.9227999931120114,25,0,0,0.35446878509398594,0.6013838227057828,12,0,0,0.49853149355095416,0.9322371972617434,24,7.847504911329036,0.9259669347987827,17.75,15.094339622641508,0.8792570523050517,13,rbio,0.7365997322623828,1.0,0.184380187416332,3,10.5,,0.3958575592563768,0.05425548112671849,0.6608463122281214,0.8128333677522889,0.09077770666661836,0.7197580645161288,0.8685790220551202,0.06007550495278839,,0.37444212954544404,0.5007258019973976,0.5007258019973976,0.49976864170695773,0.4313630729396334,0.32551664106316686,0.75,0.29214550787750276,0.12195121951219515,0.0,0.296875,0.0,0.4545617470470714,0.4545617470470714,0.0,0.5168539325842697,1.7142894308012124,0.5332014672546739,11,1.64271227327087,0.9448318501466008,33,15.556349186104045,0.9266209944051695,22.0,16.5,0.9114237047497546,13,85.1,51.5,70.4685549829093,30,0.6528972339995962,1.0,0.24297193620028265,5,11.0,13
raw,rbio2.4,119820491.57947232,0.6622983870967742,469.77441500092567,2.1957366734926467,992,5,True,False,786.5755223377655,,"[5, 48, 106, 159, 217, 269, 325, 382, 437, 493, 549, 604, 661, 706, 767, 823, 878, 930, 985]","[1747.3004905995176, 3800.4763489469296, 5331.369299960073, 4906.522938945793, 5513.872513706816, 5442.602086847564, 4032.6257938855165, 4820.13248103243, 5484.583129572177, 4971.3638675728835, 3556.5599950429296, 3330.658834640165, 3917.995503100113, 4143.114357507976, 4720.988830229527, 4004.860687364431, 4616.012972504694, 4046.925406731549, 4676.1892308089145]",19,11.95381705351367,1424225.6446241154,0.4615107463416476,9.02167466869598e-07,0.6565564187600289,19,6094.824166570118,1905.3285076745856,7660.230994211592,"[11, 48, 106, 159, 217, 269, 325, 382, 437, 493, 549, 604, 661, 706, 767, 823, 878, 930, 985]","[1905.3285076745856, 6034.407129892517, 7001.349987423859, 6492.103716058026, 7660.230994211592, 6795.79967406856, 6167.711807121973, 6605.691461001227, 7634.883825528039, 6871.259860037608, 5180.754445747005, 4444.658640753117, 5901.003198208531, 6145.333818773037, 7014.4320180937175, 5700.910539558351, 7206.800275862372, 6256.190831464595, 4782.808433353518]","[5, 5, 5, 142, 5, 248, 305, 305, 305, 446, 502, 583, 583, 693, 693, 800, 855, 911, 855]","[16, 61, 142, 174, 855, 305, 359, 414, 855, 855, 583, 639, 693, 724, 855, 855, 911, 942, 991]",0.05,30,2723982893.423378,5529.98946753217,-5529.98946753217,,,,,,,,,,,,,,,,,,,,,,,,,,,,,,,,,,,SWT,mdp.39015056038386,,,4902.415075661027,,,6097.230994211592,,3962.9894675321702,0.0,5.5,,,0.0,-8.0,,,0.0,0.0,-8.0,,3.0,2195792897.423378,,,,,,4902.415075661027,89568.65916483225,4902.415075661027,,3962.9894675321702,,,,,,,1703.3285076745856,,,,,,0.0,,,0.27778623752575055,0.8198103145356544,0.8088701748433431,0.024312756013904625,0.8924418604651164,0.8644890964919085,0.01030383494454588,,0.33986414982526564,0.38667118793757127,0.38667118793757127,0.38640467355141905,0.3217391270885945,0.2561222645783872,0.75,0.1989537045119694,0.2173913043478261,0.0,0.2631578947368421,0.0,0.37491045586210514,0.37491045586210514,0.0,0.451219512195122,1.4265539125573574,0.44279078042835307,25,1.69870744216837,0.9896249099409298,3,0,0,0.2942509949021737,0.499219665004718,30,0,0,0.5282877535457464,0.9878804069232843,7,13.250786140200638,0.8749925835830128,16.25,7.279029462738301,0.86084534839528,19,rbio,0.7365997322623828,1.0,0.184380187416332,3,15.0,,0.29063965445525247,0.047999761700562055,0.7856249972231256,0.8088701748433431,0.041985478066076574,0.9254032258064517,0.8513557637054543,0.02047047066982751,,0.3402367367599829,0.42741478517379905,0.42741478517379905,0.4263170800796502,0.36536511674652383,0.27329609084455403,0.75,0.20519585087468256,0.12195121951219515,0.0,0.15625,0.0,0.3883008512393863,0.3883008512393863,0.0,0.41573033707865176,1.4746300752517538,0.45865937551433295,34,1.7172864337080231,0.9877243536759431,5,20.506096654409877,0.9032731289886327,19.5,8.717948717948717,0.9056459984565806,14,85.1,51.5,70.4685549829093,30,0.6528972339995962,1.0,0.24297193620028265,5,11.75,14
raw,coif2,142996432.58009487,0.6453629032258065,453.38015558054417,1.4463034917332345,992,5,True,False,944.212277448137,,"[4, 38, 72, 105, 158, 216, 268, 325, 381, 436, 492, 548, 603, 660, 702, 766, 822, 877, 929, 984]","[1125.5065733003514, 3560.4503521031734, 1059.4814185366072, 5347.394458230206, 5337.870387009166, 5688.321425464771, 5596.079369434779, 3729.486973274831, 4944.108688743771, 5736.619192285653, 5071.98966575854, 3445.092260356458, 2823.8970471734638, 3649.217884356616, 4422.36701646231, 4898.023432242418, 4168.509860240712, 4734.510538628375, 3752.5295628044364, 4902.69992911702]",20,11.936648974079516,1505558.6282456187,0.4517232803728916,1.499774889175405e-06,0.7509871430768181,20,6084.1879290691595,289.87296145403843,8291.983063003183,"[2, 38, 72, 105, 158, 216, 268, 325, 381, 436, 492, 548, 603, 660, 702, 766, 822, 877, 929, 984]","[289.87296145403843, 5671.24640737857, 1059.4814185366072, 7214.60707108196, 7125.439881602556, 7978.9557778740245, 7416.998348118985, 6424.669325851925, 7238.879347759454, 8291.983063003183, 7614.871950524419, 5472.743099112647, 4441.588405910006, 5866.470880465065, 6418.409849160363, 7530.409815467145, 6247.846576953229, 7448.483927628302, 6009.095983988744, 5921.704489511971]","[0, 4, 69, 60, 60, 60, 247, 304, 304, 304, 445, 501, 582, 582, 692, 692, 799, 854, 910, 854]","[4, 60, 73, 141, 167, 304, 304, 358, 413, 854, 854, 582, 609, 692, 723, 854, 854, 910, 941, 991]",0.05,30,3196494433.1127696,5744.153561353242,-5744.153561353242,,,,,,,,,,,,,,,,,,,,,,,,,,,,,,,,,,,SWT,mdp.39015056038386,,,4891.7788381600685,,,6728.983063003183,,4177.153561353242,0.0,15.0,,,0.0,-3.0,,,0.0,0.0,-7.5,,2.0,2668304437.1127696,,,,,,4891.7788381600685,95450.7585813832,4891.7788381600685,,4177.153561353242,,,,,,,87.87296145403843,,,,,,0.0,,,0.3889166115687347,0.7364873753667464,0.7819626586988324,0.05391751341943875,0.6482558139534881,0.9182344560259504,0.040729506130702815,,0.016495390358035635,0.38539081182327917,0.38539081182327917,0.38512374106565467,0.3552132439352368,0.3027959626055844,0.5,0.2686553771172012,0.2391304347826087,0.0,0.5263157894736842,0.0,0.40604082608291137,0.40604082608291137,0.0,0.6829268292682926,1.3905988370625382,0.4316306162042258,27,1.6193954051938604,0.9434196803058957,17,0,0,0.30372000277616745,0.5152845722460809,25,0,0,0.5097862764519848,0.9532832643671785,16,5.560275772537426,0.9475445681836092,21.25,20.16529833328757,0.8735364350352008,15,coif,0.6696905268131349,0.4609759507764294,0.3929238459978767,1,11.5,,0.39979221374957774,0.08250928525040674,0.7057765460722355,0.7819626586988324,0.0710540014967639,0.7560483870967742,0.9038610836325982,0.050583594706092715,,0.017050489687499212,0.42621946478766715,0.42621946478766715,0.42511946814067514,0.3966861660439627,0.3188922381628779,0.5,0.274354373796084,0.13414634146341464,0.0,0.3125,0.0,0.4187643602570146,0.4187643602570146,0.0,0.6292134831460675,1.4213621301008756,0.44209125930141596,38,1.6788619336153212,0.9656238969469884,21,12.020815280171307,0.9432980411312675,29.5,27.05084745762712,0.9020735488675206,15,85.47058823529412,81.5,46.84483432219392,34,0.6557404306362157,0.6647622380444039,0.34155302714132785,4,12.25,15
raw,coif3,142216785.09087166,0.6433467741935484,456.5375733219723,1.681811404338521,992,5,True,False,867.0108371971182,,"[3, 46, 104, 157, 215, 267, 324, 380, 435, 491, 547, 602, 659, 704, 765, 821, 876, 928, 983]","[1256.592242117595, 3843.066590997747, 5111.903745712183, 4608.569110214092, 5186.936556312678, 5291.310826765401, 3313.093953055822, 4881.801075581321, 5249.354140900916, 5113.75275530492, 2790.6712314186325, 2970.7871791781986, 3982.461830894096, 4582.861890263981, 4664.534896500188, 4303.161414283418, 4953.374623689625, 4145.258314784427, 4988.984799095948]",19,11.940576776334964,1502220.7957022444,0.45064761531534914,1.183914118864022e-06,0.6273381521341348,19,6042.797234560616,1857.7046416660464,7622.223091882324,"[9, 46, 104, 157, 215, 267, 324, 380, 435, 491, 547, 602, 659, 704, 765, 821, 876, 928, 983]","[1857.7046416660464, 5993.169155807102, 6938.859006541961, 6426.161554500028, 6150.014008825465, 7614.42991603454, 5036.117711406875, 6527.045008755561, 7566.669112656699, 7622.223091882324, 4332.8860323717445, 4095.857404083587, 5412.073462461045, 6632.566462626206, 6812.1763142510945, 6009.286191493989, 7329.008575520117, 6381.209855664569, 6075.68995010277]","[3, 3, 59, 141, 59, 59, 303, 303, 303, 444, 526, 581, 581, 581, 722, 773, 722, 909, 909]","[16, 59, 168, 168, 220, 909, 333, 389, 909, 909, 581, 611, 692, 722, 853, 853, 909, 940, 990]",0.05,30,2907922194.3782015,5305.378507995819,-5305.378507995819,,,,,,,,,,,,,,,,,,,,,,,,,,,,,,,,,,,SWT,mdp.39015056038386,,,4850.388143651525,,,6059.223091882324,,3738.378507995819,0.0,-8.0,,,0.0,-12.5,,,0.0,0.0,-8.0,,3.0,2379732198.3782015,,,,,,4850.388143651525,88580.1474566517,4850.388143651527,,3738.378507995819,,,,,,,1655.7046416660464,,,,,,0.0,,,0.3344913290529546,0.7626714461463965,0.7881186997986116,0.05292159809588545,0.6191860465116268,0.8478594851431478,0.03948086393270149,,0.33033119145433165,0.3804082551064021,0.3804082551064021,0.38013901924089644,0.3161136600434774,0.2533142494667681,0.75,0.2260871729195689,0.2173913043478261,0.0,0.02631578947368421,0.0,0.34226155472623626,0.34226155472623626,0.0,0.12195121951219513,1.3248091326624016,0.41121002480627133,33,1.5810809735859634,0.9210986407977608,26,0,0,0.25418645163275155,0.43124705585117046,35,0,0,0.49210420981161784,0.9202183919170968,27,4.425306015783918,0.9582518300397743,30.25,29.767877302640635,0.8364372357746042,25,coif,0.6696905268131349,0.4609759507764294,0.3929238459978767,1,19.0,,0.346335551445748,0.06426954410148422,0.7308687657830892,0.7881186997986116,0.0700761252885205,0.7358870967741931,0.8351098390023605,0.04934777916219647,,0.33070915888116625,0.4215679006478328,0.4215679006478328,0.4204589864711531,0.36010148181782803,0.2705529040795615,0.75,0.2321178819632628,0.12195121951219515,0.0,0.015625,0.0,0.3563513406131539,0.3563513406131539,0.0,0.11235955056179778,1.3884473862335622,0.4318536708236285,41,1.6389380866530892,0.942661067239028,35,4.242640687119285,0.9799875439286826,38.0,37.76315789473684,0.9003711304549074,16,85.47058823529412,81.5,46.84483432219392,34,0.6557404306362157,0.6647622380444039,0.34155302714132785,4,13.0,16
raw,bior2.8,205171605.1137369,0.6308467741935484,484.00926661376934,0.17548828558106083,992,5,True,False,1126.3380524783347,,"[5, 48, 106, 159, 216, 269, 325, 381, 436, 493, 548, 604, 661, 703, 765, 822, 878, 930, 984]","[1336.2708371011845, 4414.2267842833935, 6306.626504739889, 5814.182873731501, 5918.765211732728, 6106.377537631351, 4514.921483771993, 5348.160798617963, 5788.9757960175175, 5589.572606831681, 3627.0600786810414, 3121.694213599333, 4420.239236464546, 4831.47015600405, 4767.250599248709, 4647.362086596926, 5071.935391250944, 4258.348794528717, 5457.061662660103]",19,11.928038489302025,1687517.9919673796,0.4325844093067683,7.695310194645667e-07,0.8051679188302089,19,7331.813130469962,2158.213537705713,9345.620941285184,"[11, 48, 106, 159, 216, 269, 325, 381, 436, 493, 548, 604, 661, 703, 765, 822, 878, 930, 984]","[2158.213537705713, 7288.429430674952, 9345.620941285184, 7871.124162763369, 8023.301633003802, 8607.963853836676, 7793.351456941929, 8505.283120837958, 8990.342136156905, 8479.707323483806, 5864.066281194286, 4891.641931262035, 7405.02065410525, 8269.743628136188, 7196.0984882306075, 6898.6897857182275, 7897.280255526453, 7057.651807836619, 6760.919050229342]","[5, 28, 83, 142, 166, 247, 304, 304, 304, 468, 502, 582, 582, 693, 724, 798, 693, 910, 693]","[16, 83, 693, 166, 247, 693, 358, 413, 693, 693, 582, 609, 693, 854, 854, 854, 910, 967, 991]",0.05,30,4006104169.9232707,6323.8727119463765,-6323.8727119463765,,,,,,,,,,,,,,,,,,,,,,,,,,,,,,,,,,,SWT,mdp.39015056038386,,,6139.404039560871,,,7782.620941285184,,4756.8727119463765,0.0,10.0,,,0.0,-8.0,,,0.0,0.0,-8.0,,3.0,3477914173.9232707,,,,,,6139.404039560871,113071.44947892928,6139.404039560874,,4756.8727119463765,,,,,,,1956.213537705713,,,,,,0.0,,,0.5173111949753973,0.5951965162289751,0.7684674533061168,0.13333957008830305,0.43895348837209247,0.9490715092601334,0.10879827138840488,,0.3904846194756479,0.5355782730677758,0.5355782730677758,0.5353764643983727,0.4554898670000136,0.3806384875299845,0.75,0.38808347161467904,0.2173913043478261,0.0,0.2631578947368421,0.0,0.49030738757819736,0.49030738757819736,0.0,0.5609756097560976,1.8675841989661757,0.5796830093111847,6,1.5619440875354664,0.9099499646548587,27,0,0,0.37458556500946316,0.6355135021439677,9,0,0,0.5015911433742033,0.9379586399644131,21,9.912113800799505,0.9064894924452876,15.75,11.036496350364963,0.8789522933924552,14,bior,0.5656760374832664,0.7418882791367996,0.38146029002067355,2,11.0,,0.5259017270042099,0.04034051846755314,0.5703773825710582,0.7684674533061169,0.1490374783943212,0.6108870967741936,0.9339866490713336,0.11795312481963718,,0.39082863573719845,0.5664299327611311,0.5664299327611311,0.5655987340868467,0.4905129597061116,0.39493762098244856,0.75,0.39285182589514833,0.12195121951219515,0.0,0.15625,0.0,0.5012258002523688,0.5012258002523688,0.0,0.5168539325842697,1.897618602464767,0.5902229839048144,7,1.6359823173004482,0.9409610099182765,38,21.920310216782973,0.8966023102981935,22.5,11.822222222222223,0.8952351174132477,17,72.16666666666667,58.5,63.091659284444,30,0.5536711757184198,0.8953164897413547,0.3438352300746997,3,13.5,17
raw,bior1.5,161073626.512014,0.6425403225806452,471.093342116483,0.5676021192589484,992,5,True,False,1170.7225927129825,,"[20, 55, 105, 157, 215, 267, 307, 367, 400, 435, 489, 530, 573, 630, 664, 698, 731, 764, 808, 872, 913, 947, 981]","[3890.1249063580894, 2687.7833072911762, 4548.077582512406, 3727.9830036465783, 4350.988341492867, 3606.3584435093644, 3991.553543216198, 4439.387330679237, 1336.0701759958808, 4480.313378951452, 4020.704190956178, 2734.2630763642474, 3489.4696229817437, 677.0586962653133, 2760.6516307742536, 5329.118141031513, 24.78423133797253, 3764.19080410002, 2818.076806483193, 5347.942348388722, 3720.6765149758885, 1359.689964892742, 3087.4982844636943]",23,11.944459290507494,1545345.7624151185,0.4432220461299059,9.539182016217446e-07,0.8875348152884205,22,5566.210731632893,24.78423133797253,8275.806798906158,"[20, 72, 105, 157, 215, 267, 307, 367, 400, 435, 489, 530, 573, 632, 698, 731, 764, 808, 872, 913, 947, 981]","[6389.434657407306, 2159.2197528934907, 7342.384608323042, 6226.622576573279, 7098.051664815073, 6507.392493917892, 6701.101873387458, 7001.129599035816, 3128.1879200970625, 7327.7485469601015, 6757.791784795313, 2734.2630763642474, 5949.245192117697, 4835.048663188094, 8067.388800105677, 24.78423133797253, 6535.783397745068, 5555.495206823071, 8275.806798906158, 6096.088679477521, 1359.689964892742, 6383.976606759576]","[0, 55, 55, 109, 162, 219, 272, 162, 385, 162, 439, 500, 500, 608, 162, 719, 719, 769, 162, 885, 934, 934]","[55, 74, 162, 162, 272, 272, 333, 385, 412, 664, 664, 535, 664, 664, 719, 732, 825, 825, 987, 987, 948, 987]",0.05,30,3898780072.21436,5352.185619285553,-5352.185619285553,,,,,,,,,,,,,,,,,,,,,,,,,,,,,,,,,,,SWT,mdp.39015056038386,,,4373.801640723802,,,6712.806798906158,,3785.185619285553,0.045454545454545456,19.0,,,0.09090909090909091,1.0,,,0.0,0.045454545454545456,-5.0,,0.0,3370590076.21436,,,,,,4373.801640723802,96223.63609592365,4389.912165147623,,3785.185619285553,,,,,,,177.21576866202747,,,,,,0.0,,,0.5486012995867791,0.6387922335071012,0.7942037609249476,0.07700917303804423,0.6075581395348836,0.9959507267592915,0.05561338482024176,,0.034379307251792765,0.32303740618659643,0.32303740618659643,0.32468344674859095,0.3596115701785969,0.30160086392214536,0.0,0.37225175430661955,0.3478260869565218,0.25,0.7368421052631579,1.0,0.34906532223655146,0.34906532223655146,0.14285714285714285,0.7804878048780488,1.376035301779381,0.42711021280617634,29,1.6471110974075571,0.9595661565795963,10,0,0,0.3746715962005571,0.6356594607410224,8,0,0,0.5311041025958985,0.9931468853283364,4,11.116804097101529,0.8951244896499856,12.75,7.8510998307952615,0.8874207353910306,9,bior,0.5656760374832664,0.7418882791367996,0.38146029002067355,2,7.25,,0.5566349538859843,0.050988167019827155,0.6121551995346902,0.7942037609249477,0.09372739954161369,0.7278225806451615,0.9797842460000212,0.06531457902445123,,0.03492431272894637,0.36800821258582017,0.36800821258582017,0.36861062097369124,0.40080159032014695,0.31772473059580514,0.0,0.37714347710794294,0.19512195121951223,0.25,0.4375,1.0,0.36300936078555146,0.36300936078555146,0.14285714285714285,0.7191011235955057,1.3955578994009321,0.4340652787269703,40,1.7027141984936918,0.9793429029603449,9,21.920310216782973,0.8966023102981935,24.5,14.69387755102041,0.8905181362811723,18,72.16666666666667,58.5,63.091659284444,30,0.5536711757184198,0.8953164897413547,0.3438352300746997,3,14.25,18
smoothed,bior1.3,138407331.52342838,0.6157258064516129,372.8110461305889,0.689655481374647,992,5,True,False,1080.9096987563664,,"[20, 55, 90, 157, 215, 266, 307, 367, 435, 490, 530, 573, 631, 664, 698, 764, 820, 872, 914, 947, 980]","[3468.531724243062, 2531.488084244666, 4331.285582139336, 3023.8245787676656, 3916.2701612164715, 3699.080957661982, 3390.64309100354, 3822.168809931559, 4055.9955645813584, 3747.288083415876, 2473.208740541726, 2836.510125179349, 1998.970029158828, 2413.3322208403843, 5230.354301491418, 3385.4504823162433, 2640.210460089982, 4859.44586379243, 3650.5780717587695, 109.30544843850726, 3061.1753519962426]",21,11.906907178363197,1498659.221152302,0.4562622165692354,4.998950798711968e-06,0.9167896002393376,20,5373.201499293381,109.30544843850726,7886.922990494494,"[20, 90, 157, 215, 266, 307, 367, 435, 490, 530, 573, 616, 653, 698, 764, 820, 872, 914, 947, 980]","[6052.8010785157785, 6970.701845360197, 5243.276140877511, 6470.4275244553055, 6135.486912421255, 6043.897208960618, 6195.485283656679, 6614.664063171274, 6277.73779574493, 4086.5475198852, 4982.597208794852, 1125.4968542452198, 4270.7876741897235, 7886.922990494494, 5616.933879159878, 4940.55095497747, 7477.934374114214, 5503.786391040194, 109.30544843850726, 5458.688837364309]","[0, 55, 109, 162, 219, 272, 330, 162, 440, 499, 499, 608, 608, 162, 718, 770, 718, 884, 945, 934]","[55, 162, 162, 330, 330, 330, 386, 664, 664, 552, 664, 621, 664, 991, 825, 825, 991, 991, 949, 991]",0.05,30,3298034461.113448,5233.015389949749,-5233.015389949749,,,,,,,,,,,,,,,,,,,,,,,,,,,,,,,,,,,SWT,mdp.39015056038386,,,4342.6300707219525,,,6438.922990494494,,3785.015389949749,0.0,10.0,,,0.0,19.0,,,0.0,0.0,28.0,,1.0,2818623407.780114,,,,,,4342.6300707219525,85822.02998586762,4342.682584459546,,3785.015389949749,,,,,,,58.63878177184063,,,,,,0.0,,,0.615271781860542,0.571650135026849,0.7627058953267546,0.0965453026251052,0.5364705882352946,0.9960504756023141,0.06819799346749261,,0.01244499504948307,0.5225714341248308,0.5225714341248308,0.5212666385465207,0.5225714341248309,0.4053618292532992,0.3333333333333333,0.451354947621971,1.0000000000000002,0.0,1.0,0.0,0.4449985156301389,0.4449985156301389,0.0,0.5113636363636364,1.7769059229118664,0.5649389238579323,14,1.6722673168422546,0.9414740815218374,12,0,0,0.41830229461268836,0.7110480695585023,5,0,0,0.48702088792221565,0.9411035820556679,8,4.031128874149275,0.9619704823193465,9.75,8.337468982630273,0.9349946751219373,1,bior,0.34714986787466967,0.7126862853259952,0.5431892068899327,1,1.0,0.24927493123337316,0.49444573141606885,0.2845731970225879,0.6251593901148531,0.735348367829961,0.06529810180803416,0.4596774193548388,0.9960504756023139,0.04802912427691741,,0.011201932084142989,0.3645050928888794,0.3645050928888794,0.3632926963128578,0.34541503618797675,0.29795740874068427,0.25,0.2963556099674859,1.0,0.0,1.0,0.0,0.36298514672233567,0.36298514672233567,0.0,0.5168539325842697,1.3494803169062894,0.41973360628458173,47,1.6106273551131347,0.9263777038678893,46,0.7071067811865476,0.9966645906547804,46.5,46.494623655913976,0.8886624840066355,20,72.16666666666667,58.5,63.091659284444,30,0.5536711757184198,0.8953164897413547,0.3438352300746997,3,15.75,19
raw,sym17,138696901.91399494,0.6475806451612903,458.6079130046244,1.1847930628042112,992,5,True,False,1079.9639161751347,,"[19, 72, 108, 145, 178, 215, 265, 307, 368, 434, 489, 530, 573, 629, 663, 697, 736, 769, 808, 872, 913, 969]","[3832.8527391341363, 2085.1398778716434, 3489.0006860463504, 3798.565574729149, 731.7031043706404, 3343.8649588479902, 3135.7231966939826, 3872.3258773464927, 3672.7100051039597, 3579.6074842084845, 3853.9993415822314, 2358.5212665469185, 3739.7973274342717, 2636.6835021938414, 2946.819028508626, 4436.857505119952, 3086.0246978076498, 2831.056595703444, 3047.001477953796, 5146.097688054047, 3882.545136245301, 3392.0412184388006]",22,11.95259427964753,1490257.5907932578,0.44850142039599267,9.70683090499282e-07,0.8446204605847024,20,5904.747331689087,731.7031043706404,8437.3993272205,"[19, 91, 145, 178, 215, 265, 307, 368, 434, 489, 530, 573, 616, 654, 697, 736, 808, 872, 913, 969]","[6362.044050114119, 6032.863308373395, 7182.040333307656, 731.7031043706404, 6572.265426756098, 6650.171583456517, 7430.258369512082, 6499.265501946857, 7037.990634932556, 7078.515868170596, 2358.5212665469185, 6864.601947490548, 1095.6793175859827, 4935.982510974038, 7583.3067038928875, 5634.283283989629, 6029.009149225145, 8437.3993272205, 7161.48129841393, 6417.563647501669]","[0, 55, 108, 177, 161, 219, 108, 328, 384, 108, 495, 495, 607, 607, 108, 715, 769, 108, 881, 934]","[108, 108, 271, 181, 271, 271, 439, 439, 439, 495, 535, 663, 622, 663, 769, 769, 825, 881, 987, 987]",0.05,30,3475408938.3735485,5169.810612825791,-5169.810612825791,,,,,,,,,,,,,,,,,,,,,,,,,,,,,,,,,,,SWT,mdp.39015056038386,,,4712.338240779996,,,6874.399327220501,,3602.8106128257914,0.0,6.0,,,0.0,1.5,,,0.0,0.0,1.5,,2.0,2947218942.3735485,,,,,,4712.338240779996,91861.94663378174,4712.338240779997,,3602.8106128257914,,,,,,,529.7031043706404,,,,,,0.0,,,0.4846184697940994,0.7074123115824967,0.8069537224136774,0.0484253281258999,0.6802325581395343,0.9715259705222723,0.03500557576932455,,0.10493735680176275,0.36378999153329916,0.36378999153329916,0.3635135344086123,0.3347898709237894,0.3135392828725121,0.5,0.3097989384857056,0.6304347826086957,0.0,0.7631578947368421,0.0,0.32255573620455485,0.32255573620455485,0.0,0.4634146341463415,1.3989377974697397,0.434218961975222,26,1.672228094929969,0.9741986976482189,6,0,0,0.32226735940374807,0.5467516031916251,18,0,0,0.5334534194781865,0.9975400292202579,3,10.688779163215974,0.8991624607243776,13.25,6.733812949640289,0.8870812303621888,10,sym,1.0,0.7438299373379558,0.07685101879861327,5,8.75,,0.493790842337661,0.051956274687060655,0.6779138850398463,0.8069537224136775,0.06566129671273259,0.7782258064516128,0.9559230298599578,0.04491846331449499,,0.10544253864656175,0.40605359277430175,0.40605359277430175,0.40491493606438145,0.3775764319218602,0.3293875285359126,0.5,0.31517732431676093,0.3536585365853659,0.0,0.453125,0.0,0.33706765153470636,0.33706765153470636,0.0,0.4269662921348315,1.4087087131645162,0.4381556225559344,39,1.7184068955449556,0.9883688049579072,3,25.45584412271571,0.8799252635720957,21.0,5.571428571428571,0.8904343298992554,19,129.60526315789474,131.5,61.198630736176845,38,0.9943468604885928,0.8684530391040276,0.04342128592677678,7,16.0,20
raw,bior2.2,239219400.52610165,0.6223790322580646,494.8734162191305,-0.27435660152548824,992,5,True,False,1232.6835964409493,,"[4, 48, 105, 158, 216, 268, 325, 381, 437, 493, 548, 604, 657, 711, 764, 822, 873, 926, 984]","[1322.8235247467928, 4574.288401636444, 6522.112198037746, 5947.864741899995, 5925.544983422583, 6011.384335535917, 4870.25480742383, 5316.69848279787, 5710.072671995657, 4918.425617357182, 3544.6543345013197, 2981.7794186222004, 4108.1444578152295, 4826.642921256975, 5251.232929498523, 4526.820153415407, 4629.011633205605, 4585.752226218653, 5385.726108404343]",19,11.916593393132743,1761069.421609794,0.44462216778928704,4.0874198771384734e-07,0.8746715675354775,19,7771.154570525227,2703.723686493499,10407.397982976412,"[11, 48, 105, 158, 216, 268, 325, 381, 437, 493, 548, 604, 657, 711, 764, 822, 873, 926, 984]","[2703.723686493499, 8173.212709408596, 10407.397982976412, 8781.286139661664, 8653.463879359168, 9156.696839034692, 8153.461099034778, 8614.342612359289, 9435.471410833354, 8259.292630069642, 6340.689229177544, 5762.6051037352445, 7026.4972125801505, 7634.96255934776, 9396.724563427793, 6948.03134824878, 8339.929766903242, 7326.597448288274, 6537.550619039393]","[4, 28, 83, 141, 193, 247, 303, 359, 413, 469, 525, 582, 582, 693, 693, 798, 855, 910, 693]","[16, 83, 693, 693, 247, 693, 359, 413, 693, 693, 582, 639, 693, 748, 855, 855, 910, 967, 991]",0.05,30,4437426837.7492485,6585.410343973681,-6585.410343973681,,,,,,,,,,,,,,,,,,,,,,,,,,,,,,,,,,,SWT,mdp.39015056038386,,,6578.745479616136,,,8844.397982976412,,5018.410343973681,0.0,28.0,,,0.0,-8.0,,,0.0,0.0,-8.0,,3.0,3909236841.7492485,,,,,,6578.745479616136,121418.93683997932,6578.745479616134,,5018.410343973681,,,,,,,2501.723686493499,,,,,,0.0,,,0.5922824164401839,0.5451821866314684,0.7505295639148448,0.1768319453644241,0.3168604651162791,0.9886295939366931,0.13631295871361204,,0.4996804066967761,0.5884656108895165,0.5884656108895165,0.5882867837531788,0.5029941248358158,0.4590823319813361,0.75,0.451709243378442,0.2173913043478261,0.0,0.2631578947368421,0.0,0.5283238597440927,0.5283238597440927,0.0,1.0,2.145746837572598,0.666022439423396,2,1.5451959986572044,0.9001929426177526,34,0,0,0.4353675644373398,0.7386348846316957,6,0,0,0.5009470185882151,0.9367541481861719,22,14.787382008545888,0.8604963961457935,16.0,5.39423076923077,0.8547764999596892,22,bior,0.5656760374832664,0.7418882791367996,0.38146029002067355,2,17.0,,0.599538667100694,0.019506343517570884,0.5224486033711855,0.7505295639148448,0.191742071863945,0.5262096774193554,0.972632029987099,0.14518516802333792,,0.49996279182038134,0.6158039505680182,0.6158039505680182,0.615067406993903,0.5349617261464623,0.47157044072892146,0.75,0.4559817943800908,0.12195121951219515,0.0,0.15625,0.0,0.538427900144844,0.538427900144844,0.0,0.9213483146067417,2.162709355543339,0.6726750926079985,3,1.6279292332695026,0.9363291517358364,41,26.870057685088806,0.8732544448816566,22.0,5.590909090909091,0.8847404299879982,21,72.16666666666667,58.5,63.091659284444,30,0.5536711757184198,0.8953164897413547,0.3438352300746997,3,16.5,21
raw,bior2.6,214889692.38513055,0.626008064516129,486.9714351289948,0.061795961248427976,992,5,True,False,1154.285327448139,,"[5, 48, 105, 159, 216, 269, 325, 381, 436, 493, 548, 604, 661, 703, 765, 822, 878, 930, 984]","[1246.2253347513338, 4354.455626966981, 6220.307597523323, 5778.415637893405, 5817.588596889511, 6055.267425947952, 4633.33277118449, 5344.166668827659, 5804.688925454458, 5398.387192412614, 3650.800833476107, 3229.0492040033178, 4302.036685958269, 4815.372103988174, 4799.896551832696, 4569.586311839224, 4862.618842945697, 4167.830725665242, 5565.8594605772905]",19,11.928635280732212,1705630.3192637987,0.43465332908837306,7.294674064734469e-07,0.8217817448336032,19,7392.427795722488,2209.427071140496,9427.64089989278,"[11, 48, 105, 159, 216, 269, 325, 381, 436, 493, 548, 604, 661, 703, 765, 822, 878, 930, 984]","[2209.427071140496, 7472.8517603057335, 9427.64089989278, 7912.21180900579, 8132.058566847798, 8747.6875096837, 7900.2477565894615, 8636.639861450321, 9094.777344705843, 8444.911475607543, 5889.025924224914, 5041.664121505402, 7307.476087828638, 7154.749222558843, 8402.150840656726, 6961.18800985224, 7914.157726018881, 6984.0851793040265, 6823.176951548139]","[5, 28, 83, 142, 193, 247, 304, 304, 413, 468, 525, 582, 582, 693, 693, 798, 693, 910, 693]","[16, 83, 693, 193, 247, 693, 358, 413, 693, 693, 582, 609, 693, 724, 854, 854, 910, 967, 991]",0.05,30,4109581666.287345,6247.128911624846,-6247.128911624846,,,,,,,,,,,,,,,,,,,,,,,,,,,,,,,,,,,SWT,mdp.39015056038386,,,6200.018704813397,,,7864.64089989278,,4680.128911624846,0.0,14.5,,,0.0,-12.5,,,0.0,0.0,-8.0,,3.0,3581391670.287345,,,,,,6200.018704813397,114223.12811872727,6200.018704813398,,4680.128911624846,,,,,,,2007.427071140496,,,,,,0.0,,,0.5370133965254225,0.5825560582736709,0.7694028040018221,0.14575337525408638,0.3691860465116268,0.9585272881737099,0.11557387078484956,,0.40073612829214517,0.5428749857970799,0.5428749857970799,0.5426763478231922,0.4620438917840737,0.38669810327066056,0.75,0.4033477645847914,0.2173913043478261,0.0,0.02631578947368421,0.0,0.47915209598129294,0.47915209598129294,0.0,0.6707317073170732,1.884971503370695,0.5850798877740678,4,1.5455306257378583,0.9003878880723586,33,0,0,0.36899970002813703,0.6260366483930865,10,0,0,0.49685897707502696,0.9291096474638626,25,13.341664064126334,0.8741352446780535,18.0,9.516943042537854,0.8521619619616683,23,bior,0.5656760374832664,0.7418882791367996,0.38146029002067355,2,17.75,,0.5452532836010234,0.038026999350480636,0.5582640197968173,0.7694028040018221,0.1612264310475223,0.5624999999999998,0.9432242595612812,0.12465912199540413,,0.40107435850489204,0.5732419229097504,0.5732419229097504,0.5724237835253214,0.4966454271972971,0.400857339018146,0.75,0.40799717199367613,0.12195121951219515,0.0,0.015625,0.0,0.4903094724430245,0.4903094724430245,0.0,0.6179775280898877,1.9222214820058807,0.5978753040056743,5,1.6274104669108878,0.9360307750898594,42,26.16295090390226,0.8765898542268762,23.5,8.936170212765957,0.8828703988115513,23,72.16666666666667,58.5,63.091659284444,30,0.5536711757184198,0.8953164897413547,0.3438352300746997,3,18.0,22
raw,bior2.4,226016767.29273358,0.6225806451612903,488.30241796875,-0.07963247041582043,992,5,True,False,1188.5364861570984,,"[5, 48, 105, 158, 216, 268, 325, 381, 436, 493, 548, 604, 661, 702, 764, 822, 874, 926, 984]","[1223.194372707098, 4474.364677965607, 6358.146965525124, 5864.4409382644235, 5857.222731501424, 5992.392369047992, 4765.098280475869, 5299.2723073679435, 5784.2205474441425, 5194.791587629459, 3641.249809254288, 3345.190036950759, 3961.1589343728806, 4716.963130939889, 4897.866424288923, 4541.5036133061585, 4598.485765740865, 4241.420758021876, 5497.05113575503]",19,11.928294472408963,1726504.458761147,0.4377154553169746,6.370349220102188e-07,0.842889128295809,19,7503.4110987021195,2344.8511071375947,9757.20070167733,"[11, 48, 105, 158, 216, 268, 325, 381, 436, 493, 548, 604, 661, 702, 764, 822, 874, 926, 984]","[2344.8511071375947, 7718.729779607379, 9757.20070167733, 8095.942982126158, 8347.334117379432, 8964.472810004489, 8031.877047230103, 8673.566882097191, 9273.253995173958, 8420.909874298504, 6102.672007852014, 5212.021356975134, 7112.998949326803, 7071.36446053042, 8678.5025133011, 6999.189139595785, 7978.402839995224, 6990.586286846152, 6790.934024185537]","[5, 28, 83, 142, 193, 247, 304, 304, 413, 469, 525, 582, 582, 693, 693, 798, 855, 910, 693]","[16, 83, 693, 193, 247, 693, 358, 413, 693, 693, 582, 609, 693, 724, 855, 855, 910, 967, 991]",0.05,30,4242631008.077093,6360.6785993236035,-6360.6785993236035,,,,,,,,,,,,,,,,,,,,,,,,,,,,,,,,,,,SWT,mdp.39015056038386,,,6311.0020077930285,,,8194.20070167733,,4793.6785993236035,0.0,14.5,,,0.0,-12.5,,,0.0,0.0,-8.0,,3.0,3714441012.077093,,,,,,6311.0020077930285,116331.81087534028,6311.00200779303,,4793.6785993236035,,,,,,,2142.8511071375947,,,,,,0.0,,,0.5611596946147683,0.5668318644494144,0.7688686554096517,0.15996700969783756,0.3197674418604641,0.9705405806821255,0.12338263023717559,,0.42784421097809766,0.5562350080989098,0.5562350080989098,0.5560421755560938,0.4740440787902213,0.4110459058822406,0.75,0.4229742940614403,0.2173913043478261,0.0,0.02631578947368421,0.0,0.4956574015787499,0.4956574015787499,0.0,0.6707317073170732,1.9397190716636201,0.6020730895574629,3,1.5383411207197297,0.8961994604011385,36,0,0,0.3787608928601248,0.6425972701073868,7,0,0,0.49578826813591964,0.9271074576054711,26,15.641824275533422,0.8524356200421375,18.0,7.374226223972989,0.8413121496437103,24,bior,0.5656760374832664,0.7418882791367996,0.38146029002067355,2,18.5,,0.5689698440520514,0.03268937990283906,0.5431955100324404,0.7688686554096518,0.17518261248835282,0.5282258064516128,0.9549603754232134,0.13238766610930486,,0.42816714113187737,0.5857144353522238,0.5857144353522238,0.5849202070645023,0.5078737577465388,0.42464302649695207,0.75,0.42747076190831046,0.12195121951219515,0.0,0.015625,0.0,0.5064612085881598,0.5064612085881598,0.0,0.6179775280898877,1.97528624975061,0.6143802252358043,4,1.624670246348586,0.9344546940525308,43,27.577164466275352,0.869919035536437,23.5,7.319148936170214,0.8795349894663317,24,72.16666666666667,58.5,63.091659284444,30,0.5536711757184198,0.8953164897413547,0.3438352300746997,3,18.75,23
raw,sym13,139715347.18544725,0.6508064516129032,459.8990044961819,1.2174222690881988,992,5,True,False,1061.5348400159246,,"[19, 54, 90, 144, 178, 214, 271, 306, 367, 400, 434, 489, 530, 573, 629, 663, 697, 736, 769, 808, 872, 913, 969]","[3802.3485673359455, 2143.5982426447704, 3847.593470031958, 3702.3291262152707, 792.6274070017798, 3516.8816835310463, 3133.719088132434, 4151.893652721359, 3915.252782294873, 1679.867844139945, 3554.415921881916, 3958.839487697971, 2484.3657447740616, 3427.0478136128054, 2835.1117989156146, 3109.886895616577, 4545.112398168821, 3323.870437455671, 2613.3806290246025, 2965.236474613407, 4712.681949727592, 4252.463959861453, 3277.47082643118]",23,11.943278545408026,1493504.501694946,0.44902883604046295,9.486470122500763e-07,0.8167654211426858,20,6155.428218728865,792.6274070017798,7879.726773218919,"[19, 90, 144, 178, 214, 265, 306, 367, 400, 434, 489, 530, 573, 629, 697, 736, 808, 872, 913, 969]","[6049.603203428358, 6361.715155046657, 7128.63553122468, 792.6274070017798, 6661.995382059676, 6628.657561243923, 7612.502693682772, 6554.182504768225, 3260.167659538066, 6692.67159945924, 7170.117687291704, 5154.585294213279, 6330.595534379445, 5305.393691870105, 7482.125792413339, 5994.722611176094, 6033.679710844809, 7879.726773218919, 7375.116627638626, 6639.74195407761]","[0, 54, 108, 177, 161, 219, 271, 328, 384, 384, 439, 495, 495, 607, 439, 715, 769, 439, 880, 934]","[271, 271, 271, 181, 271, 271, 439, 439, 412, 439, 663, 551, 663, 663, 769, 769, 824, 987, 987, 987]",0.05,30,3413977230.4401417,4720.892385866928,-4720.892385866928,,,,,,,,,,,,,,,,,,,,,,,,,,,,,,,,,,,SWT,mdp.39015056038386,,,4963.019127819774,,,6316.726773218919,,3153.8923858669277,0.0,-3.0,,,0.0,1.5,,,0.0,0.0,1.5,,2.0,2885787234.4401417,,,,,,4963.019127819774,96875.56437457731,4963.019127819774,,3153.8923858669277,,,,,,,590.6274070017798,,,,,,0.0,,,0.4716263847603412,0.7110400684479556,0.7923531801451731,0.04972628178259712,0.7267441860465104,0.9556722415534697,0.03622020529681427,,0.11713268845872438,0.39396662307677166,0.39396662307677166,0.3937032788309741,0.36332159305136214,0.27233856241691795,0.5,0.300736952831833,0.6304347826086957,0.0,0.7631578947368421,0.0,0.25730207787762244,0.25730207787762244,0.0,0.24390243902439024,1.3488899048735101,0.4186845014641911,31,1.6766063406194787,0.9767493552179823,5,0,0,0.30545409961678305,0.5182266022098052,24,0,0,0.5347689354332661,1.0,1,14.522970311429637,0.8629908461185883,15.25,3.139902933108251,0.8595614607951432,20,sym,1.0,0.7438299373379558,0.07685101879861327,5,16.25,,0.4810299806541064,0.050683776165618186,0.6813903678637623,0.7923531801451732,0.06693868606383979,0.8104838709677412,0.9404350859935116,0.04612061558241438,,0.11763098714267287,0.4342255826029674,0.4342255826029674,0.43314093451210756,0.4042729831525515,0.28913800473731244,0.5,0.30618595410809657,0.3536585365853659,0.0,0.453125,0.0,0.27321182859472914,0.27321182859472914,0.0,0.22471910112359553,1.3604723023783425,0.42315248216191914,45,1.7168101098861484,0.9874503885237897,6,27.577164466275352,0.869919035536437,25.5,10.588235294117647,0.8748180083342563,25,129.60526315789474,131.5,61.198630736176845,38,0.9943468604885928,0.8684530391040276,0.04342128592677678,7,20.5,24
raw,coif4,141179219.19568905,0.6471774193548387,460.315146052843,2.0718162068880392,992,5,True,False,765.3436530523114,,"[2, 36, 69, 103, 156, 214, 266, 322, 379, 434, 490, 546, 601, 658, 703, 764, 820, 875, 929, 982]","[1546.8719943687406, 3576.3675843312885, 1409.573734094382, 4950.687286625781, 4003.2829377429402, 5154.552497086804, 4803.034110772685, 3480.7424979452894, 3964.6478479602415, 4530.240871126474, 4127.4056374533875, 3034.8536999114713, 2585.3279658025735, 4015.1514045441227, 4516.0114382090815, 4595.30282744676, 3627.720930732449, 5224.801725740725, 3910.1721845073607, 4153.712904492587]",20,11.943322052594835,1498726.6347673268,0.4499328817200955,1.3420437619265237e-06,0.5287987444030611,19,5751.061917151531,2212.375055611189,7558.924454709287,"[36, 69, 103, 156, 214, 266, 322, 379, 434, 490, 546, 601, 658, 703, 764, 820, 875, 929, 982]","[5911.373785553878, 2212.375055611189, 6770.986367837404, 5579.190228325299, 7558.924454709287, 6081.783076966597, 5252.79610678708, 5761.246560265041, 6798.694431018611, 6260.483197801124, 4316.4045408956035, 3591.205491552099, 5411.250452629272, 6801.260698439546, 6596.36371186606, 5493.316173150836, 7428.2041847452, 5616.544761345506, 5827.773146379463]","[2, 58, 58, 112, 58, 223, 276, 276, 276, 443, 499, 580, 499, 443, 443, 772, 443, 908, 939]","[58, 71, 165, 165, 443, 443, 332, 388, 443, 499, 580, 610, 690, 721, 852, 852, 939, 939, 990]",0.05,30,2610447222.1631374,5227.0972844048965,-5227.0972844048965,,,,,,,,,,,,,,,,,,,,,,,,,,,,,,,,,,,SWT,mdp.39015056038386,,,4558.65282624244,,,5995.924454709287,,3660.0972844048965,0.0,-8.0,,,0.0,-12.5,,,0.0,0.0,-12.5,,3.0,2082257226.1631374,,,,,,4558.65282624244,83037.1764258791,4558.65282624244,,3660.0972844048965,,,,,,,2010.375055611189,,,,,,0.0,,,0.2628182462493999,0.8060326786476385,0.7924213689216739,0.05159621991088266,0.6744186046511627,0.7917756635364072,0.038173741201632624,,0.4013262318598025,0.34528954587559024,0.34528954587559024,0.34500504961297107,0.28456947032108865,0.24863776066223028,0.75,0.1822056983312133,0.021739130434782608,0.0,0.02631578947368421,0.0,0.33088278703346374,0.33088278703346374,0.0,0.12195121951219513,1.2503284273311237,0.38809181710995705,36,1.5862210792353624,0.9240931391228404,24,0,0,0.23338093850162972,0.3959488870241696,42,0,0,0.48817664615982825,0.9128739794212446,31,7.632168761236874,0.9279984079128597,33.25,31.8694543600204,0.8071595813149204,30,coif,0.6696905268131349,0.4609759507764294,0.3929238459978767,1,22.75,,0.2759380522211336,0.07340092105148718,0.7724218757639932,0.7924213689216739,0.06877475381306725,0.774193548387097,0.7803200111599469,0.04805408382543733,,0.4016641290124991,0.388782136676098,0.388782136676098,0.38761036879800304,0.3305862260197709,0.2659843808753374,0.75,0.18857835338793424,0.012195121951219516,0.0,0.015625,0.0,0.345216323915325,0.345216323915325,0.0,0.11235955056179778,1.3259665633639421,0.4124200408713104,50,1.639879936156545,0.9432027868227856,34,11.313708498984761,0.946633450476487,42.0,40.47619047619048,0.8742601214646586,26,85.47058823529412,81.5,46.84483432219392,34,0.6557404306362157,0.6647622380444039,0.34155302714132785,4,20.5,25
raw,coif5,140265268.35860568,0.6445564516129032,460.8510361102483,2.1551076131808387,992,5,True,False,710.1236637493519,,"[1, 35, 69, 102, 155, 213, 265, 321, 378, 433, 489, 545, 600, 657, 702, 763, 819, 875, 922, 981]","[455.91467270019007, 3523.387982858744, 1286.0944876717103, 4838.897181900727, 4579.393139264067, 4815.74584585732, 5047.484917549585, 3531.643430389207, 4405.26598686746, 4527.584980914991, 4300.177450835741, 2972.2533290333135, 2888.5642589313834, 4176.709461942773, 4576.588011578426, 4086.8692292239316, 3731.6299487651704, 4526.653069849869, 3486.6458386829677, 4112.530565983452]",20,11.945316670703985,1495769.8575187656,0.44940996766611446,1.2264812033141952e-06,0.41449706230211875,19,5501.556999641418,1832.2542446932175,7123.21097625388,"[35, 69, 102, 155, 213, 265, 321, 378, 433, 489, 545, 600, 657, 702, 763, 819, 875, 922, 981]","[5566.567753108624, 1832.2542446932175, 6711.522060319956, 6183.019231546781, 6403.633328350407, 7123.21097625388, 5048.98253546631, 5556.018700380654, 6714.462186022991, 5885.87210633523, 3742.6672004803495, 3503.8965712685936, 5659.282138753018, 6825.202455768876, 5638.92770573028, 5070.637790563445, 6800.801872468141, 4787.022964465214, 5475.601171210959]","[1, 57, 57, 114, 57, 57, 275, 275, 275, 444, 499, 565, 499, 275, 720, 772, 720, 907, 938]","[57, 74, 166, 166, 223, 938, 334, 387, 444, 669, 565, 618, 669, 938, 851, 851, 938, 938, 991]",0.05,30,2440241905.892618,5057.08415259196,-5057.08415259196,,,,,,,,,,,,,,,,,,,,,,,,,,,,,,,,,,,SWT,mdp.39015056038386,,,4309.147908732327,,,5560.21097625388,,3490.0841525919604,0.0,-3.5,,,0.0,-8.0,,,0.0,0.0,-12.5,,3.0,1912051909.8926182,,,,,,4309.147908732327,78296.58299318694,4309.147908732326,,3490.0841525919604,,,,,,,1630.2542446932175,,,,,,0.0,,,0.2238893932570198,0.8152931236729506,0.7955475321701557,0.05042874658966083,0.6366279069767432,0.7267207246454143,0.037067647113727474,,0.3252367378704454,0.3152544759789673,0.3152544759789673,0.3149569283513067,0.2575914872489476,0.2164473487515792,0.75,0.15709817346916174,0.021739130434782608,0.0,0.2631578947368421,0.0,0.30617009294312186,0.30617009294312186,0.0,0.23170731707317077,1.194078493297796,0.37063229316879004,38,1.5394973430551386,0.8968730469153002,35,0,0,0.2362990097362759,0.4008996214973165,41,0,0,0.46936786777509604,0.8777021937424571,40,2.6457513110645907,0.9750400819710887,38.5,38.35919982413717,0.8059162674006387,31,coif,0.6696905268131349,0.4609759507764294,0.3929238459978767,1,23.5,,0.23770202565231,0.06672762903893965,0.7812961689612147,0.7955475321701558,0.06762842705457486,0.7479838709677415,0.7167660521032795,0.04695935206878763,,0.3256175806551997,0.3607423045161711,0.3607423045161711,0.35951678137893905,0.3053434767750583,0.2345371455853396,0.75,0.16366647869726123,0.012195121951219516,0.0,0.15625,0.0,0.3210330143712626,0.3210330143712626,0.0,0.21348314606741575,1.261713589005884,0.39243521241257023,57,1.5963782874523929,0.9181821280632743,50,4.949747468305833,0.976652134583463,53.5,53.271028037383175,0.8621468220087126,29,85.47058823529412,81.5,46.84483432219392,34,0.6557404306362157,0.6647622380444039,0.34155302714132785,4,22.75,26
raw,sym9,141398139.05629444,0.6445564516129032,452.6641967789638,0.7108433050144526,992,5,True,False,1005.2717886088133,,"[19, 71, 108, 144, 178, 218, 271, 306, 347, 384, 439, 495, 529, 584, 629, 695, 734, 768, 824, 857, 913, 969]","[4287.17945511882, 2575.3302248512446, 3942.1214606342874, 3989.1222453818173, 641.3878706039218, 4355.446298410598, 4202.747909186887, 4645.110942398176, 2273.435044905182, 3671.7964959478413, 4146.779904761357, 3678.9145714918586, 3143.4109574940576, 3208.7095125490087, 2574.469548880768, 4817.97394809739, 118.74237038375531, 3845.086875868044, 3660.614955659661, 4525.189485200636, 4482.612674500957, 3986.080555941032]",22,11.945491270439577,1498309.9597425954,0.4498477309498805,9.090069100443631e-07,0.6040313620632113,19,6967.217965068902,4971.365798038652,8909.718204851124,"[19, 90, 144, 210, 249, 306, 367, 415, 451, 488, 529, 584, 629, 695, 749, 801, 857, 913, 969]","[5576.2980227211765, 6251.446843598519, 8234.205198069127, 5381.917530182649, 7255.896611160137, 8851.92290803431, 7037.655918590867, 6972.3751913712, 4971.365798038652, 7444.938939967013, 5744.784234102894, 6831.003288679754, 5119.300324698317, 8909.718204851124, 6215.478779394881, 7047.982035685687, 8435.12712773109, 8495.67455842496, 7600.049821006787]","[0, 54, 108, 191, 218, 218, 328, 384, 439, 439, 495, 495, 607, 218, 714, 768, 768, 880, 933]","[218, 108, 218, 218, 271, 439, 439, 439, 465, 495, 551, 663, 663, 880, 768, 824, 880, 986, 986]",0.05,30,3365270931.7149563,4822.700029739475,-4822.700029739475,,,,,,,,,,,,,,,,,,,,,,,,,,,,,,,,,,,SWT,mdp.39015056038386,,,5774.808874159811,,,7346.718204851124,,3255.700029739475,0.0,-12.5,,,0.0,-8.0,,,0.0,0.0,-3.5,,3.0,2837080935.7149563,,,,,,5774.808874159811,106144.14133630914,5774.808874159811,,3255.700029739475,,,,,,,4769.365798038652,,,,,,0.0,,,0.43196219639707445,0.6547179716485166,0.7958211821857147,0.05187586634958829,0.6366279069767432,0.8345943977363839,0.0380178681876417,,0.953598571292248,0.4916887923069496,0.4916887923069496,0.4914679120110491,0.41606762915984935,0.3484340932832537,0.75,0.2935521325631319,0.41304347826086957,0.0,0.2631578947368421,0.0,0.2721005886294213,0.2721005886294213,0.0,0.01219512195121951,1.7364595450200604,0.5389829787388289,8,1.5499640353361914,0.902970682770003,30,0,0,0.3418184746957003,0.5799215886652915,15,0,0,0.49194534135452334,0.9199213132227896,28,10.53169818531972,0.9006443567422668,20.25,15.34246575342466,0.8548033104466051,21,sym,1.0,0.7438299373379558,0.07685101879861327,5,17.0,,0.4420717056598355,0.04839471316283926,0.6274168494081884,0.7958211821857148,0.06904933498745319,0.7479838709677415,0.8221508102751918,0.04789981201412718,,0.9536247606986924,0.5254560419609543,0.5254560419609543,0.5245462920990143,0.453626374752609,0.363476726165079,0.75,0.29905712148949715,0.23170731707317077,0.0,0.15625,0.0,0.2876933321084133,0.2876933321084133,0.0,0.011235955056179775,1.7729253077813953,0.5514391901723179,9,1.6032390911811236,0.922128227441714,48,27.577164466275352,0.869919035536437,28.5,15.157894736842104,0.8677425366361431,28,129.60526315789474,131.5,61.198630736176845,38,0.9943468604885928,0.8684530391040276,0.04342128592677678,7,22.75,27
raw,sym5,143340376.94886503,0.6379032258064516,442.92705510611216,0.671207764013265,992,5,True,False,1004.3013068099062,,"[19, 72, 108, 144, 178, 218, 271, 306, 347, 384, 439, 495, 529, 584, 647, 695, 733, 768, 824, 857, 913, 969]","[4219.661362347288, 2716.86744538506, 3978.8650535306124, 4009.82077301248, 638.4242921353466, 4278.225166097211, 4116.035769631873, 4740.810209079215, 2379.8320284315173, 3786.3381493408833, 4163.20091990135, 3737.9822420505334, 3268.727220048204, 3379.581030562629, 2350.652389076266, 4949.4079873385635, 103.07343394844702, 4012.316659318603, 3630.5683888189515, 4627.3969999820465, 4602.910507838058, 4110.587467160614]",22,11.941574177103869,1504695.4295730568,0.451297807851996,8.601260179803076e-07,0.6021815798332428,19,7030.459122956592,5007.798692508153,8991.187596597632,"[19, 90, 144, 210, 249, 306, 367, 415, 451, 488, 529, 584, 647, 695, 749, 801, 857, 913, 969]","[5403.854456906216, 6447.597002616678, 8296.635794337093, 5379.139825664528, 7210.54467389121, 8948.216559215307, 7158.748113840058, 7030.494602130566, 5035.134653165963, 7308.930913176055, 5878.297518839188, 6894.551809644956, 5007.798692508153, 8991.187596597632, 6474.375393278676, 7066.674381115179, 8669.554445259822, 8631.726759248342, 7745.260144739634]","[0, 54, 108, 191, 218, 218, 328, 384, 439, 439, 495, 495, 607, 218, 714, 768, 768, 880, 933]","[218, 108, 218, 218, 271, 439, 439, 439, 465, 495, 551, 663, 663, 880, 768, 824, 880, 986, 986]",0.05,30,3384719907.8005805,4954.3576538811685,-4954.3576538811685,,,,,,,,,,,,,,,,,,,,,,,,,,,,,,,,,,,SWT,mdp.39015056038386,,,5838.050032047501,,,7428.187596597632,,3387.3576538811685,0.0,-12.5,,,0.0,-8.0,,,0.0,0.0,-3.5,,3.0,2856529911.8005805,,,,,,5838.050032047501,107345.72333617526,5838.050032047502,,3387.3576538811685,,,,,,,4805.798692508153,,,,,,0.0,,,0.43127802851225006,0.6503112415328104,0.7896819251666423,0.05435686514190673,0.5406976744186045,0.8335415919707964,0.040406594099073476,,0.9608914119500833,0.49930167872400044,0.49930167872400044,0.4990841065129485,0.42290564623775945,0.35445303327043776,0.75,0.2964211125768651,0.41304347826086957,0.0,0.2631578947368421,0.0,0.29123801969359814,0.29123801969359814,0.0,0.01219512195121951,1.7610179283832956,0.5466057020300725,7,1.5074478928230255,0.8782018304878705,38,0,0,0.34707695014576384,0.588843000650624,13,0,0,0.4771819886917264,0.8923143381638592,33,15.063753405664428,0.8578891188144865,22.75,14.47183031609651,0.8216332386525262,27,sym,1.0,0.7438299373379558,0.07685101879861327,5,21.5,,0.4413997140800475,0.04557203018926878,0.6231938757842524,0.7896819251666424,0.07148539519690231,0.681451612903226,0.8211222953666942,0.050263999782392856,,0.9609134852080936,0.5325632022945712,0.5325632022945712,0.5316670775942687,0.4600245680484968,0.369356707524085,0.75,0.30190374500116757,0.23170731707317077,0.0,0.15625,0.0,0.3064208094773828,0.3064208094773828,0.0,0.011235955056179775,1.7965658470138322,0.5587921901844195,8,1.571726672154044,0.9040033630595501,51,30.405591591021544,0.8565773981555588,29.5,13.830508474576273,0.8587132273796663,30,129.60526315789474,131.5,61.198630736176845,38,0.9943468604885928,0.8684530391040276,0.04342128592677678,7,24.25,28
raw,coif6,139514334.75625312,0.6433467741935484,459.4133057277335,1.987842760633064,992,5,True,False,679.4080463269185,,"[4, 43, 101, 154, 212, 264, 320, 377, 432, 488, 544, 599, 656, 701, 762, 818, 873, 925, 980]","[714.3549224826126, 4278.717892418255, 4530.615367008116, 4973.086618051827, 4531.104215046719, 4791.548779610824, 3751.8295320045786, 4269.197188104079, 4856.21687544123, 4491.204189401746, 2865.5091137682753, 2884.4943585944616, 3527.7351223633163, 4298.798450611713, 4078.548434351572, 3765.0207934953087, 4247.825059007116, 3743.2959072244525, 4190.546288218494]",19,11.946829180722435,1493374.3123922155,0.44900949804834456,1.2840445388864972e-06,0.27225527569287256,19,5257.222836146023,1257.4293433858484,7119.345400536619,"[6, 43, 101, 154, 212, 264, 320, 377, 432, 488, 544, 599, 656, 701, 762, 818, 873, 925, 980]","[1257.4293433858484, 6041.739800782028, 6259.10057491487, 7119.345400536619, 5383.258147432213, 6403.961424679392, 5266.212441891275, 5453.648075397063, 6571.545472423662, 5905.551323884131, 3372.220038284644, 3828.653833380813, 4595.650616348547, 5863.159031576106, 5511.68480541411, 4729.499644996101, 5713.051328700272, 4990.543785136225, 5620.978797610511]","[0, 0, 0, 0, 169, 169, 276, 276, 169, 444, 501, 501, 501, 668, 719, 778, 719, 906, 719]","[9, 56, 113, 719, 224, 276, 333, 409, 719, 719, 578, 641, 668, 719, 850, 850, 937, 937, 991]",0.05,30,2347423719.277798,4977.374357675548,-4977.374357675548,,,,,,,,,,,,,,,,,,,,,,,,,,,,,,,,,,,SWT,mdp.39015056038386,,,4064.813745236932,,,5556.345400536619,,3410.374357675548,0.0,-3.5,,,0.0,-3.5,,,0.0,0.0,1.0,,3.0,1819233723.2777982,,,,,,4064.813745236932,73654.23388677444,4064.813745236932,,3410.374357675548,,,,,,,1055.4293433858484,,,,,,0.0,,,0.20223557241602202,0.7966964035474615,0.7979180878223637,0.04946951015025523,0.6191860465116268,0.6457636419015387,0.036171503076135016,,0.21017296178479883,0.2858418545687314,0.2858418545687314,0.28553152605325655,0.23117259742302942,0.2161617609036853,0.75,0.14340626901431963,0.608695652173913,0.0,0.5,0.0,0.29458367160750065,0.29458367160750065,0.0,0.23170731707317077,1.1906312700381982,0.36956230298896453,39,1.4828307894353132,0.8638605153689033,43,0,0,0.2711061960486648,0.459952716275822,32,0,0,0.44963439506077196,0.840801260635084,45,5.737304826019502,0.9458744827734009,39.75,39.074305547128134,0.7854372413867005,32,coif,0.6696905268131349,0.4609759507764294,0.3929238459978767,1,24.25,,0.21643358321566797,0.07005168963523434,0.7634749145345466,0.7979180878223638,0.06668656536212883,0.7358870967741931,0.6376768513483175,0.04607241365440488,,0.21061874765606692,0.3332835714229875,0.3332835714229875,0.33200540705364745,0.28062385969263803,0.23425815107375614,0.75,0.1500812682900326,0.34146341463414637,0.0,0.296875,0.0,0.309694792296286,0.309694792296286,0.0,0.21348314606741575,1.2256474163903324,0.381217423974194,61,1.5441874018790114,0.8881637177917656,60,0.7071067811865476,0.9966645906547804,60.5,60.49586776859504,0.8556436160821072,31,85.47058823529412,81.5,46.84483432219392,34,0.6557404306362157,0.6647622380444039,0.34155302714132785,4,24.25,29
raw,db37,135728733.73202756,0.6536290322580646,496.77236218957574,0.2931127172524346,992,5,True,False,943.9515511225188,,"[20, 77, 132, 186, 244, 297, 353, 409, 463, 520, 576, 632, 683, 739, 793, 849, 904, 956]","[4825.066298134082, 3786.071583999421, 4031.9783110801386, 4278.017047034248, 4373.03806229318, 4861.435591435886, 5278.098528721115, 4565.121249340524, 5130.2002583614585, 3826.0259447536573, 3731.504320816501, 4528.551678729633, 3482.504715893571, 4643.4694833965, 5232.587755128471, 4546.902616424376, 5035.3409026227855, 4512.272260945205]",18,11.948326024366661,1484106.209357725,0.44750468002231913,1.1872349595410098e-06,0.31667643557892716,18,6657.992281858908,4938.135481730406,8204.340131782865,"[20, 77, 132, 186, 244, 297, 353, 409, 463, 520, 576, 632, 683, 739, 793, 849, 904, 956]","[6722.280163862557, 5346.196617083533, 7244.282167705807, 5772.590464543671, 6802.142307620208, 7385.496937118817, 8204.340131782865, 6596.740151803727, 7715.62982944953, 5589.765581241621, 5104.1032598588645, 6325.473527417835, 4938.135481730406, 7037.016123680815, 8145.576370836204, 6652.1569672945825, 7764.042004413791, 6497.892986015514]","[2, 31, 31, 31, 31, 31, 31, 362, 418, 497, 554, 474, 666, 474, 418, 802, 802, 938]","[31, 83, 140, 197, 275, 307, 938, 418, 747, 580, 580, 666, 693, 747, 938, 883, 938, 969]",0.05,20,3200860647.0361214,5288.137475286203,-5288.137475286203,,,,,,,,,,,,,,,,,,,,,,,,,,,,,,,,,,,SWT,mdp.39015056038386,,,5465.583190949817,,,6641.340131782865,,3721.137475286203,0.0,-13.0,,,0.0,-13.0,,,0.0,0.0,-8.5,,4.0,2672670651.0361214,,,,,,5465.583190949817,93610.86107346036,5465.583190949817,,3721.137475286203,,,,,,,4736.135481730406,,,,,,10.0,,,0.38873280536142907,0.6082741509047207,0.8002640895797118,0.04463381437620538,0.7674418604651164,0.67104599810783,0.03270441945408187,,0.9469467966974958,0.4544646161194533,0.4544646161194533,0.45422756052203184,0.3447426721538831,0.296320922937222,1.0,0.26929945115105425,0.19565217391304346,0.0,0.0,0.0,0.3397554402713651,0.3397554402713651,0.0,0.0,1.7036799934584603,0.5288084714241825,9,1.4925101953400313,0.8694994976674154,40,0,0,0.318476855634773,0.5403207191690376,20,0,0,0.4732995911784423,0.8850543848344112,36,14.38459824488215,0.8642962429728099,26.25,18.701298701298704,0.8083273667694238,29,db,0.9602409638554217,0.549355620914199,0.16302463902694514,4,22.75,,0.39961167878679765,0.06446130984145046,0.5829096922086078,0.8002640895797118,0.06193845903630678,0.8387096774193551,0.6623758804855687,0.042640945585345744,,0.9469767404286085,0.49070467776631665,0.49070467776631665,0.4897283059439814,0.3868890653037516,0.312566687047588,1.0,0.27499342888857203,0.10975609756097562,0.0,0.0,0.0,0.35389891104827353,0.35389891104827353,0.0,0.0,1.76519408536693,0.5490345208901077,10,1.5375595876177564,0.8843516259770373,65,38.890872965260115,0.816552486012924,37.5,17.333333333333332,0.8198328467800469,36,130.3421052631579,133.5,47.75033755736292,76,1.0,0.6776119869201771,0.09671640392394687,6,28.5,30
raw,rbio1.5,140934194.86859986,0.6411290322580645,438.9706241499559,1.5672915730176749,992,5,True,False,1013.8704959429424,,"[19, 54, 90, 144, 178, 218, 265, 306, 367, 400, 434, 488, 529, 573, 607, 654, 697, 733, 768, 808, 871, 913, 969]","[3862.7154423443844, 2159.602710759561, 4066.6114848618313, 4195.510931219637, 794.3134812990129, 3232.3214243145576, 3271.825506046933, 4384.029100791575, 4525.154680433864, 1819.7164985408808, 3476.2255170402123, 3557.8642976171327, 2933.117554669979, 2993.6410542271747, 1655.4402995708372, 2932.5812651023884, 4718.503141524697, 323.1293824781626, 2950.6732307838583, 3504.0073319746207, 4300.822471772413, 4080.6131853316424, 3797.7195045153194]",23,11.927533677564284,1496433.1807310807,0.4591597441888396,5.577445903459952e-07,0.8235875264933232,21,5809.080762127134,294.72258610227937,7958.422705705854,"[19, 90, 144, 210, 265, 306, 367, 400, 434, 488, 529, 573, 616, 654, 697, 731, 764, 808, 871, 913, 969]","[5547.357625294288, 6606.587468914842, 7287.08918282989, 6227.678159842808, 6368.339285691397, 6927.083089404937, 7623.640641138917, 3531.9817011013465, 6326.30605395322, 6344.072066842027, 5875.194800479706, 5224.316849277817, 1417.6071330687337, 5303.249411869217, 7958.422705705854, 294.72258610227937, 5807.062792265413, 6302.972528735618, 7437.337036798417, 6776.7534729818, 6802.921412371295]","[0, 54, 108, 161, 218, 218, 218, 384, 384, 439, 495, 551, 607, 607, 218, 729, 714, 768, 768, 880, 933]","[54, 108, 218, 218, 271, 328, 439, 412, 439, 495, 663, 663, 621, 663, 768, 732, 768, 824, 933, 933, 987]",0.05,30,3246869055.3865604,4723.964944024908,-4723.964944024908,,,,,,,,,,,,,,,,,,,,,,,,,,,,,,,,,,,SWT,mdp.39015056038386,,,4616.671671218043,,,6395.422705705854,,3156.9649440249077,0.0,0.5,,,0.0,-4.0,,,0.0,0.0,0.5,,1.0,2718679059.3865604,,,,,,4616.671671218043,95757.69600466982,4616.671671218043,,3156.9649440249077,,,,,,,92.72258610227937,,,,,,0.0,,,0.4380240920613112,0.7499389849063178,0.7676762623033428,0.05128322784028087,0.5872093023255806,0.959555050962186,0.037315788188226416,,0.017466148798311078,0.35227377721481007,0.35227377721481007,0.35199231586281543,0.3569599772772122,0.27815259986975865,0.25,0.2760862970724008,0.5869565217391304,0.0,0.47368421052631576,0.0,0.25774869743590745,0.25774869743590745,0.0,0.32926829268292684,1.1528184535744028,0.35782551101439214,42,1.624482420224393,0.9463832493505059,16,0,0,0.25878820707064415,0.43905429133359297,33,0,0,0.5130003869410351,0.9592935433420525,15,13.228756555322953,0.8752004098554438,26.5,21.824623560673164,0.8126002049277219,28,rbio,0.7365997322623828,1.0,0.184380187416332,3,21.75,,0.4480257162678687,0.028110669087494933,0.718667236174321,0.7676762623033428,0.0684674309995992,0.7137096774193545,0.9442283092966628,0.04720494411864448,,0.01802070022250407,0.3953024036570596,0.3953024036570596,0.39414313580532734,0.39832054885275003,0.29481781412502156,0.25,0.28172738837149314,0.32926829268292684,0.0,0.28125,0.0,0.27364888086377576,0.27364888086377576,0.0,0.30337078651685395,1.1794490075943915,0.3668481705026177,68,1.6741702762965376,0.9629254163080546,22,32.526911934581186,0.8465711701199001,45.0,33.24444444444444,0.817153509588252,37,85.1,51.5,70.4685549829093,30,0.6528972339995962,1.0,0.24297193620028265,5,29.0,31
raw,db25,136800517.61442387,0.6584677419354839,488.5672389878442,0.24705275813043187,992,5,True,False,897.8387276607086,,"[37, 89, 144, 199, 255, 312, 365, 424, 479, 538, 589, 646, 700, 750, 805, 861, 917, 971]","[4913.929615324471, 4158.359622068145, 4389.159737710152, 4763.718792077439, 3716.023465481674, 4250.918605901563, 5572.424157196626, 3859.0859260968414, 4436.245204669973, 3202.2289566805057, 3164.6173705111855, 4337.6573011444425, 3824.536687508759, 4601.994850318844, 4696.86581465278, 4941.528277912237, 3683.9503131619695, 3981.5404476641897]",18,11.949889634090884,1486504.3487958065,0.44789579101723426,1.269240444437797e-06,0.1819345820533767,18,5893.810485089797,4524.753903569637,7932.984472737837,"[37, 89, 144, 199, 255, 312, 365, 424, 479, 538, 589, 646, 700, 750, 805, 861, 917, 971]","[6574.478523293015, 5938.387872860381, 6214.355007754276, 6607.751541320019, 4834.157741690358, 5818.237208840711, 7932.984472737837, 5188.801454626957, 5723.1331323209815, 4524.753903569637, 4599.38649194073, 5753.942205320552, 5013.337874192984, 5991.719376454346, 6841.651396136711, 7362.11219297979, 5748.076708614173, 5421.321626962891]","[18, 46, 129, 191, 220, 220, 191, 413, 431, 517, 554, 628, 664, 628, 628, 853, 906, 953]","[191, 129, 191, 220, 293, 322, 853, 431, 628, 628, 628, 664, 737, 771, 853, 953, 953, 984]",0.05,20,3054811129.431765,5573.261289463226,-5573.261289463226,,,,,,,,,,,,,,,,,,,,,,,,,,,,,,,,,,,SWT,mdp.39015056038386,,,4701.401394180706,,,6369.984472737837,,4006.2612894632257,0.0,-13.0,,,0.0,-8.5,,,0.0,0.0,-8.5,,4.0,2526621133.431765,,,,,,4701.401394180706,79855.58873161634,4701.401394180706,,4006.2612894632257,,,,,,,4322.753903569637,,,,,,10.0,,,0.3562242998678908,0.6031531457698331,0.8027147337568654,0.04600290233809879,0.8372093023255806,0.5943575112365461,0.03360153399178503,,0.8641994326928389,0.36247342849583913,0.36247342849583913,0.3621963992751038,0.2664635474704955,0.27627322904923124,1.0,0.24775522459755528,0.19565217391304346,0.0,0.23684210526315788,0.0,0.3812003423356426,0.3812003423356426,0.0,0.0,1.5763783720984044,0.48929507920280896,13,1.479185334491314,0.8617367635496708,44,0,0,0.3085456033702743,0.5234715784203082,22,0,0,0.46760906132665714,0.8744132845858062,43,15.459624833740307,0.8541544827005632,30.5,23.758512436609518,0.7832093168219797,33,db,0.9602409638554217,0.549355620914199,0.16302463902694514,4,25.75,,0.36768173520466896,0.06919681028309985,0.5780022281604708,0.8027147337568654,0.06328274856902665,0.8870967741935478,0.5874567884408881,0.0435288445303946,,0.8642760798209904,0.40482448937199894,0.40482448937199894,0.4036834763436983,0.31364488280892117,0.29298183213900897,1.0,0.25361708553505274,0.10975609756097562,0.0,0.140625,0.0,0.3944559985102787,0.3944559985102787,0.0,0.0,1.6362249698743065,0.5089208035821355,16,1.5180966045714914,0.8731571845765608,72,39.59797974644666,0.8132170766677045,44.0,26.18181818181818,0.8028349534281919,43,130.3421052631579,133.5,47.75033755736292,76,1.0,0.6776119869201771,0.09671640392394687,6,33.75,32
smoothed,rbio1.3,117711990.01056275,0.6030241935483871,311.3846093750001,1.720252747579341,992,5,True,False,941.1060849160739,,"[20, 55, 90, 144, 215, 266, 307, 367, 401, 434, 489, 530, 573, 608, 653, 698, 750, 808, 872, 913, 969]","[3170.96940850569, 1967.6631701400818, 3983.044899613501, 3274.9956566980554, 2976.6424007766145, 2914.4267730208385, 3361.3457294383606, 3636.4612870331825, 30.797468541336116, 3160.2106990680068, 3342.2898792479727, 2259.560228619145, 2586.971775990321, 1426.0544549649169, 2437.955343046847, 4713.667834464299, 2687.383221159567, 2820.769941191586, 4134.137715178387, 3691.731423615407, 2463.779765512647]",21,11.884109917160922,1453779.584505242,0.46892860660281044,4.68928256981831e-06,0.8526423603137226,20,5013.4322554290775,30.797468541336116,7247.934846502022,"[20, 90, 144, 215, 266, 307, 367, 401, 434, 489, 530, 573, 616, 653, 698, 750, 808, 872, 913, 969]","[5142.619249160679, 6329.997846812976, 5705.000226013603, 5488.500495074425, 5641.853951972105, 5646.069160578332, 6121.913704496092, 30.797468541336116, 5568.411702876501, 5591.403939259736, 4047.9782160628292, 4621.958187002423, 981.0049484641875, 4239.779804794231, 7247.934846502022, 5154.230713535113, 4980.705382645271, 6636.154949173939, 5633.686274516257, 5458.644041099484]","[0, 55, 108, 162, 219, 219, 219, 400, 385, 440, 495, 495, 608, 608, 219, 715, 769, 769, 881, 934]","[55, 219, 219, 219, 272, 329, 440, 412, 440, 664, 551, 664, 621, 664, 934, 769, 825, 934, 934, 987]",0.05,30,2759907191.2606697,4714.8221598458085,-4714.8221598458085,,,,,,,,,,,,,,,,,,,,,,,,,,,,,,,,,,,SWT,mdp.39015056038386,,,3982.860826857649,,,5799.934846502022,,3266.8221598458085,0.0,5.5,,,0.0,14.5,,,0.0,0.0,19.0,,1.0,2280496137.9273357,,,,,,3982.860826857649,78626.64510858155,3985.1794927019278,,3266.8221598458085,,,,,,,19.869198125330513,,,,,,0.0,,,0.4948116872474262,0.6971301503556075,0.7233587487069489,0.05816673302123165,0.3882352941176476,0.9603833621802174,0.04460378731524168,,0.003828100271738341,0.46460689347209216,0.46460689347209216,0.46350877021593795,0.46460689347209216,0.3426191676396452,0.3333333333333333,0.33139856933528034,0.7777777777777779,0.0,0.8548387096774194,0.0,0.35463466889493706,0.35463466889493706,0.0,0.40909090909090906,1.5085445439080767,0.47961769964197176,32,1.5839264655086178,0.8917388382192032,24,0,0,0.35121783472176193,0.5970150453146732,20,0,0,0.4496500332062454,0.8688893380471056,22,5.259911279353167,0.9503781954778003,24.5,23.757030371203598,0.8596230600030511,13,rbio,0.6120548634704919,1.0,0.2715615955706557,3,10.5,0.23051050270564216,0.39764139007715305,0.26669105125469966,0.7349645034587724,0.6996182399374685,0.03934088092726601,0.33266129032258096,0.9603833621802171,0.0314126667847798,,0.003445732126432899,0.3240735482326504,0.3240735482326504,0.3230388028781876,0.30710099412649966,0.25183900408888316,0.25,0.2175933279897615,0.7804878048780489,0.0,0.859375,0.0,0.28927538587262924,0.28927538587262924,0.0,0.41573033707865176,1.1434986547961354,0.3556664059091124,83,1.5395409226222176,0.8854912220271101,64,13.435028842544403,0.9366272224408283,73.5,72.27210884353741,0.7949645546166406,46,85.1,51.5,70.4685549829093,30,0.6528972339995962,1.0,0.24297193620028265,5,35.75,33
raw,coif7,138906129.84542456,0.6449596774193549,464.3390376026349,1.6417544500233408,992,5,True,False,670.9473788912921,,"[1, 42, 100, 153, 211, 263, 319, 375, 431, 487, 543, 598, 655, 705, 761, 817, 870, 924, 979]","[292.6384477557325, 3330.4886614798506, 5055.560625773761, 4178.544141401353, 4479.891326036143, 4871.875276012349, 3848.3589659837808, 4387.692723604155, 4900.453207875838, 4541.272457708234, 2807.2027727644504, 3057.4246670648117, 3843.354198945535, 4080.95134302839, 3873.5943242617795, 3939.017602596262, 3818.5212922572764, 4288.261465808851, 4688.355612713336]",19,11.948008370109793,1491448.1396618097,0.4486947656498459,1.3091615867547331e-06,0.13482468438548842,19,5142.119438554761,960.7745649534606,6798.705852787583,"[5, 42, 100, 153, 211, 263, 319, 375, 431, 487, 543, 598, 655, 705, 761, 817, 870, 924, 979]","[960.7745649534606, 4958.356481717859, 6798.705852787583, 5531.3950998499695, 4826.202927122532, 6332.543859290765, 5243.767155455266, 5460.3358566302895, 6724.390366120405, 5727.318849540667, 3308.165188026784, 4061.5617849117116, 5024.131363662767, 5415.493826268776, 4894.574296434158, 5356.844130243434, 5431.9297514134305, 5728.083239646234, 5915.694738464353]","[1, 10, 10, 136, 168, 168, 299, 335, 168, 464, 529, 502, 502, 687, 726, 726, 861, 861, 861]","[10, 55, 168, 168, 232, 335, 335, 408, 861, 861, 577, 616, 687, 861, 777, 861, 892, 940, 991]",0.05,30,2340308870.1891174,5063.177446463988,-5063.177446463988,,,,,,,,,,,,,,,,,,,,,,,,,,,,,,,,,,,SWT,mdp.39015056038386,,,3949.7103476456696,,,5235.705852787583,,3496.1774464639884,0.0,-12.5,,,0.0,-3.5,,,0.0,0.0,-12.5,,3.0,1812118874.1891174,,,,,,3949.7103476456696,71467.26933254045,3949.7103476456696,,3496.1774464639884,,,,,,,758.7745649534606,,,,,,0.0,,,0.1962709917817903,0.7582178627597363,0.7997662303358847,0.048692594173577075,0.6424418604651164,0.5675448567102648,0.03545094549256231,,0.15079101969661296,0.2719858607611054,0.2719858607611054,0.2716695112963265,0.21872692082975292,0.19247298461547893,0.75,0.1423567351084581,0.021739130434782608,0.0,0.5,0.0,0.3070557992756637,0.3070557992756637,0.0,0.01219512195121951,1.0441432531753778,0.32409360899911716,51,1.4362164925122871,0.8367041797638008,52,0,0,0.21362717150038557,0.36243508718733,48,0,0,0.4354836202455618,0.8143397856360822,53,2.160246899469287,0.9796203122691577,51.0,50.92954684421497,0.7492441183987297,35,coif,0.6696905268131349,0.4609759507764294,0.3929238459978767,1,26.5,,0.21057515569798552,0.07150210226827541,0.7266008926254314,0.7997662303358848,0.06592372174336901,0.7520161290322585,0.5612627687859133,0.04535925798540952,,0.1512703212991875,0.32034803499467035,0.32034803499467035,0.3190450718637395,0.26897869361091975,0.21111627504759506,0.75,0.1490399128680988,0.012195121951219516,0.0,0.296875,0.0,0.32189974748933914,0.32189974748933914,0.0,0.011235955056179775,1.1097849819110808,0.3451803237307642,88,1.4968839513261964,0.8609563927894737,81,4.949747468305833,0.976652134583463,84.5,84.35502958579882,0.7890336144615429,50,85.47058823529412,81.5,46.84483432219392,34,0.6557404306362157,0.6647622380444039,0.34155302714132785,4,38.5,34
raw,db36,135823441.17794698,0.6502016129032258,492.1954392322195,1.0237344496964966,992,5,True,False,744.0929267239785,,"[24, 79, 132, 188, 242, 299, 355, 410, 464, 518, 577, 634, 686, 740, 795, 848, 905, 958]","[3408.9062665052584, 3978.08003852116, 5354.50951310948, 3427.5139271112425, 5082.435469984176, 3847.3874310468664, 4833.700195330838, 4177.696279555138, 4949.574957184246, 3135.274924285074, 3507.5810419949844, 3619.178767016081, 3303.3830799037223, 5046.929977796294, 4580.671551769069, 4404.953574157644, 5115.236795546818, 4944.810395644237]",18,11.948374931191815,1484226.6762528014,0.44752457368848875,1.2458156780894758e-06,0.14730279825479747,18,5770.595936302929,4181.427121887275,7422.422712791771,"[24, 79, 132, 188, 242, 299, 355, 410, 464, 518, 577, 634, 686, 740, 795, 848, 905, 958]","[5099.327038171447, 5226.59444276597, 7422.422712791771, 5344.399187952158, 7107.60964656416, 5415.75991335748, 6640.173287919117, 5410.652139890101, 6782.091952576789, 4210.562513370265, 4181.427121887275, 4872.982339685351, 4305.14789555967, 6914.411993378972, 6620.096969755187, 5789.023628549219, 6400.652693618948, 6127.391375658837]","[1, 32, 32, 141, 141, 276, 276, 363, 276, 499, 499, 499, 667, 475, 751, 803, 803, 941]","[32, 98, 803, 209, 803, 330, 419, 419, 475, 541, 614, 667, 721, 803, 803, 884, 941, 970]",0.05,20,2619940386.231475,5379.233148447899,-5379.233148447899,,,,,,,,,,,,,,,,,,,,,,,,,,,,,,,,,,,SWT,mdp.39015056038386,,,4578.186845393838,,,5859.422712791771,,3812.233148447899,0.0,-13.0,,,0.0,-13.0,,,0.0,0.0,-8.5,,4.0,2091750390.2314749,,,,,,4578.186845393838,77637.72685345271,4578.186845393839,,3812.233148447899,,,,,,,3979.4271218872746,,,,,,10.0,,,0.24783696118108434,0.6895056090915588,0.8003407412047485,0.04475479289271381,0.7180232558139521,0.5746467901229845,0.03274948464135534,,0.7954750683831909,0.3476410251026497,0.3476410251026497,0.3473575506460022,0.253842038991658,0.2385530432593558,1.0,0.18360606500652027,0.19565217391304346,0.0,0.0,0.0,0.35299688509267313,0.35299688509267313,0.0,0.0,1.4501989458274884,0.45013000724815594,22,1.4407700330893085,0.8393569597961853,50,0,0,0.275985110036901,0.46823017276362033,31,0,0,0.44397966213548534,0.8302270994402023,48,13.524668819112232,0.8724087847253563,37.75,33.74219217052506,0.7581383546268291,34,db,0.9602409638554217,0.549355620914199,0.16302463902694514,4,26.5,,0.2612233927879528,0.06784412038037416,0.6607538751628217,0.8003407412047485,0.06205724625667014,0.8044354838709671,0.5682008428665218,0.0426855478413085,,0.7955905041943564,0.3909774065083721,0.3909774065083721,0.3898098471896594,0.30183519441341194,0.25613248827198754,1.0,0.1899678077179773,0.10975609756097562,0.0,0.0,0.0,0.36685670341820625,0.36685670341820625,0.0,0.0,1.5218925856452963,0.47335960024604473,23,1.4925003226104196,0.8584350796555332,85,43.840620433565945,0.7932046205963871,54.0,36.2037037037037,0.7692438197321558,56,130.3421052631579,133.5,47.75033755736292,76,1.0,0.6776119869201771,0.09671640392394687,6,43.5,35
raw,db33,136024435.19308242,0.655241935483871,492.73341097767474,0.40933969050712676,992,5,True,False,868.3196259190986,,"[34, 98, 142, 209, 254, 307, 362, 421, 477, 540, 583, 648, 694, 750, 802, 849, 885, 941, 974]","[4167.526476188665, 2814.3203829966887, 3543.039952959366, 3215.975970381603, 2726.054452738641, 3653.030608880566, 3225.0866345908953, 3405.309054897388, 3859.2670899301597, 2827.7144374269133, 3326.841610158197, 2719.4034783502607, 2967.953209056917, 3699.3952787546923, 4550.378958902857, 2077.8292597921036, 3384.086083413539, 3761.578306212874, 458.4731043042043]",19,11.949116281489133,1484654.743427156,0.44759493422720475,1.2138069222515434e-06,-0.01254416223178438,19,5029.371594226899,458.4731043042043,7283.633177114632,"[34, 98, 142, 209, 254, 307, 362, 421, 477, 540, 583, 648, 694, 750, 802, 841, 885, 941, 974]","[6799.076229833586, 3665.2532663790626, 5844.487665284815, 5454.788177850482, 4520.246110129152, 6244.3323138682645, 5245.473843902892, 5830.183305969413, 6556.644974313369, 4436.72037563246, 4910.063661226492, 3749.4493178850907, 5247.589912349586, 6365.507259248332, 7283.633177114632, 1365.532588598504, 5522.302100006186, 6058.302906414562, 458.4731043042043]","[23, 80, 80, 188, 244, 300, 356, 356, 356, 520, 549, 635, 635, 494, 356, 838, 849, 849, 973]","[356, 110, 300, 300, 271, 356, 410, 466, 796, 549, 739, 676, 739, 796, 959, 849, 934, 959, 987]",0.05,30,2742436534.671219,4571.710227869212,-4571.710227869212,,,,,,,,,,,,,,,,,,,,,,,,,,,,,,,,,,,SWT,mdp.39015056038386,,,3836.962503317808,,,5720.633177114632,,3004.710227869212,0.0,-12.5,,,0.0,-12.5,,,0.0,0.0,-3.5,,3.0,2214246538.671219,,,,,,3836.962503317808,69325.06029031108,3836.9625033178086,,3004.710227869212,,,,,,,256.4731043042043,,,,,,0.0,,,0.33541399572491876,0.6211964143672903,0.8015026588886879,0.045011541003087796,0.7906976744186045,0.48366970163900147,0.032909619318734325,,0.05024439643066243,0.25841342532025435,0.25841342532025435,0.25809117812292326,0.20653594092422,0.22829930417794625,0.75,0.20167585953378522,0.41304347826086957,0.0,0.02631578947368421,0.0,0.23561732332353877,0.23561732332353877,0.0,0.01219512195121951,1.006426160369319,0.31238652887261553,53,1.419509945434274,0.8269713589512904,56,0,0,0.195903910385181,0.33236619827952835,53,0,0,0.44434308648004656,0.8309066907935534,47,3.774917217635375,0.9643875734185342,52.25,52.03618390375828,0.7357315225583236,37,db,0.9602409638554217,0.549355620914199,0.16302463902694514,4,28.75,,0.3472417971907818,0.0659957381947441,0.5952931094661084,0.8015026588886879,0.062309343862468995,0.8548387096774193,0.47932282291642686,0.04284403753814761,,0.05078044750101537,0.3076772200748856,0.3076772200748856,0.30634996568088285,0.2575718420319935,0.24611547617564217,0.75,0.2078967935269214,0.23170731707317077,0.0,0.015625,0.0,0.25199159538780536,0.25199159538780536,0.0,0.011235955056179775,1.0753145727404545,0.3344588712056461,93,1.4638553557236988,0.8419594755577572,99,4.242640687119285,0.9799875439286826,96.0,95.90625,0.7635786776247186,59,130.3421052631579,133.5,47.75033755736292,76,1.0,0.6776119869201771,0.09671640392394687,6,45.75,36
raw,db6,141927602.70116338,0.6370967741935484,459.73278676145327,2.2276577460746365,992,5,True,False,647.833066845951,,"[15, 50, 104, 157, 214, 266, 328, 381, 435, 492, 547, 603, 659, 703, 764, 820, 876, 929, 982]","[1152.5503669010059, 2862.7325456468607, 4730.382877281399, 3789.1432553377963, 4177.127142102454, 3825.0429258095924, 3001.267755204949, 3979.3538656900773, 3833.204434032179, 3640.9540514106793, 2206.8535476199368, 2475.1754348454137, 3476.2865318659306, 3844.6544783258505, 3788.943542167347, 3247.393607277785, 4510.634976655544, 3531.2920734356094, 3608.3977710394265]",19,11.93570718500105,1503087.0696076157,0.450832845522864,1.4868459901621364e-06,0.2623184789396968,19,4603.74152907252,1345.5738600252878,6680.023458510188,"[10, 50, 104, 157, 214, 266, 328, 381, 435, 492, 547, 603, 659, 703, 764, 820, 876, 929, 982]","[1345.5738600252878, 3831.262985108642, 5987.12006638895, 5052.249322936376, 5825.930327599807, 4281.212724812863, 4243.811318518676, 5289.886115402471, 5589.4231750933695, 5245.158668281232, 2901.6217165241055, 3493.512018267573, 5043.202879375904, 5255.163587338475, 4929.420979669974, 3818.7240116229295, 6680.023458510188, 5049.394065861636, 3608.3977710394265]","[6, 15, 15, 131, 131, 224, 302, 302, 411, 446, 526, 584, 505, 411, 735, 797, 411, 909, 909]","[15, 81, 411, 171, 411, 302, 359, 411, 446, 505, 584, 648, 695, 869, 869, 869, 909, 965, 990]",0.05,30,2246620350.8748665,4761.626811206979,-4761.626811206979,,,,,,,,,,,,,,,,,,,,,,,,,,,,,,,,,,,SWT,mdp.39015056038386,,,3411.3324381634293,,,5117.023458510188,,3194.6268112069793,0.0,-3.5,,,0.0,-8.0,,,0.0,0.0,-12.5,,3.0,1718430354.8748665,,,,,,3411.3324381634293,61238.08905237788,3411.3324381634293,,3194.6268112069793,,,,,,,1143.5738600252878,,,,,,0.0,,,0.1799759206129724,0.8233593401908986,0.7804865934854384,0.052552198877401236,0.5290697674418596,0.6401081021608446,0.039804926371190555,,0.22781701461325266,0.2071766445602206,0.2071766445602206,0.20683213305880965,0.16051424000017434,0.18370475653156698,0.75,0.12853644512272874,0.021739130434782608,0.0,0.2631578947368421,0.0,0.26322313457271457,0.26322313457271457,0.0,0.23170731707317077,0.9711988716258684,0.3014522637615798,57,1.4481208948694086,0.8436393899230786,48,0,0,0.19467553061482493,0.3302821566005542,54,0,0,0.435050978448658,0.8135307599649233,55,3.872983346207417,0.9634624212621942,53.5,53.278258047384426,0.7293727200650593,39,db,0.9602409638554217,0.549355620914199,0.16302463902694514,4,30.25,,0.1945700919404238,0.08176269120167412,0.7890260318540759,0.7804865934854385,0.06971341703556319,0.6733870967741934,0.6321517990271448,0.04966851267522267,,0.22825284201376422,0.25984411238207317,0.25984411238207317,0.25842515697200535,0.2145102738956975,0.20255047811413268,0.75,0.1353273173731273,0.012195121951219516,0.0,0.15625,0.0,0.27900604699770437,0.27900604699770437,0.0,0.21348314606741575,1.0492474620241405,0.3263511261357062,96,1.5234984227062,0.876264125399624,69,19.091883092036785,0.9099439476790718,82.5,80.2909090909091,0.7603965021414227,60,130.3421052631579,133.5,47.75033755736292,76,1.0,0.6776119869201771,0.09671640392394687,6,46.5,37
raw,db31,136188368.9675973,0.6512096774193549,491.5181465207033,0.5132998714577115,992,5,True,False,937.0339659486427,,"[38, 102, 136, 177, 213, 264, 312, 359, 423, 470, 506, 546, 587, 622, 671, 707, 744, 799, 844, 901, 962]","[3103.9747298799607, 3920.3358423583727, 3155.9243206829365, 440.10173298763175, 4534.809167554197, 2345.7853760190637, 3151.392461117464, 4492.652776261052, 3094.61346698021, 3618.984501386885, 2404.1728239324902, 2523.3592383141486, 1948.637198222466, 2728.134765648259, 2766.943672360422, 764.8735982162721, 4208.78916777882, 3725.7780165308836, 3713.3002870211953, 3110.3068509661684, 3839.7457244950374]",21,11.949566150579983,1485006.2647511652,0.4476524271844111,1.2606359989093009e-06,0.2723425751821617,21,5533.207588134498,221.41838473854796,8173.483131937692,"[38, 102, 145, 213, 264, 312, 368, 423, 479, 512, 546, 587, 622, 671, 712, 765, 807, 844, 901, 944, 978]","[6059.02282149004, 7523.728315858731, 6237.295666899036, 8173.483131937692, 3373.818589627039, 6533.1370190709695, 5863.353897376531, 6925.833443614834, 5676.631764567779, 221.41838473854796, 3856.04105139961, 3084.5014055221964, 5260.423043024347, 5231.546760115584, 7509.982065770595, 6936.656230445442, 3519.42209550598, 7737.191511507636, 5738.444799918126, 6475.601426850861, 4259.825925582868]","[28, 83, 136, 83, 249, 303, 359, 359, 470, 509, 526, 583, 498, 498, 359, 744, 799, 359, 853, 910, 962]","[83, 194, 194, 359, 276, 359, 414, 470, 498, 526, 609, 609, 638, 688, 744, 799, 828, 962, 910, 962, 989]",0.05,30,3022151411.936554,4542.217801483199,-4542.217801483199,,,,,,,,,,,,,,,,,,,,,,,,,,,,,,,,,,,SWT,mdp.39015056038386,,,4340.798497225407,,,6610.483131937692,,2975.217801483199,0.0,-4.0,,,0.0,-11.5,,,0.0,0.0,-8.5,,1.0,2493961415.936554,,,,,,4340.798497225407,89964.35935082447,4340.798497225406,,2975.217801483199,,,,,,,19.418384738547957,,,,,,0.0,,,0.3838560630857536,0.6327548401805139,0.8022077383282025,0.04522094866532496,0.7325581395348836,0.6458133285101391,0.033041119132745794,,0.0027927096472410012,0.3190645316970891,0.3190645316970891,0.3187686396816237,0.32399099556685773,0.29404121486194224,0.25,0.2429374863096671,0.19565217391304346,0.0,0.07894736842105263,0.0,0.2313303761713541,0.2313303761713541,0.0,0.21951219512195125,0.9822865159124881,0.304893778746445,56,1.4830891014019054,0.8640110015269843,42,0,0,0.1892145374537666,0.3210171575905663,56,0,0,0.46792173963393763,0.8749979825489128,42,8.082903768654761,0.9237461908617476,49.0,48.0,0.7307410199591757,38,db,0.9602409638554217,0.549355620914199,0.16302463902694514,4,29.5,,0.3948217290993889,0.06869993674285282,0.6063695598186033,0.8022077383282026,0.0625149585024717,0.8145161290322582,0.6377253915628268,0.042974186522728594,,0.003355542899657102,0.3642992572125961,0.3642992572125961,0.3630805531216708,0.3674721442132128,0.3103396103505014,0.25,0.24883688943130505,0.10975609756097562,0.0,0.046875,0.0,0.2477964813463607,0.2477964813463607,0.0,0.20224719101123598,1.0470658456283546,0.3256725703199148,97,1.533325866906297,0.8819165347940591,66,21.920310216782973,0.8966023102981935,81.5,78.5521472392638,0.7560841740170212,61,130.3421052631579,133.5,47.75033755736292,76,1.0,0.6776119869201771,0.09671640392394687,6,47.25,38
raw,db16,138300439.870696,0.6419354838709678,473.5608288255875,1.5016706486119882,992,5,True,False,659.4931584860983,,"[7, 44, 96, 148, 206, 262, 318, 373, 427, 483, 545, 595, 653, 707, 756, 812, 868, 924, 974]","[1972.648998968256, 4066.8672863908437, 4042.153646866531, 3986.0020262922285, 4521.763835856664, 2945.8880494819773, 3614.5880117714146, 4493.694423370882, 3605.1437546325633, 3714.483953327817, 2624.6323828501654, 2383.9308843190292, 4134.989343719685, 3560.240908680783, 4055.9071279492077, 4425.114027375678, 4573.827879075462, 3816.7476823911265, 2849.232757184662]",19,11.944520962727022,1490954.922359772,0.44861405920879727,1.2520773075992148e-06,0.04818714943984278,19,4980.168069464663,446.4106086779758,6812.723881715652,"[2, 44, 96, 148, 206, 262, 318, 373, 427, 483, 545, 595, 653, 707, 756, 812, 868, 924, 974]","[446.4106086779758, 6617.035136496723, 6556.2725698613185, 5803.71207661493, 6812.723881715652, 4108.038166097853, 4456.102294763069, 5727.588102763852, 4701.292136726169, 4849.375909572073, 3609.072000570613, 3293.1113560919707, 6200.874972733522, 4572.549154562086, 5531.003410767771, 6373.045700396828, 6308.14600007901, 5320.703672690132, 3336.1361686470673]","[1, 7, 67, 120, 120, 244, 282, 282, 397, 397, 535, 561, 397, 675, 727, 727, 120, 891, 960]","[7, 120, 120, 176, 727, 282, 330, 727, 437, 635, 635, 635, 727, 727, 780, 859, 891, 960, 990]",0.05,30,2309864110.096558,4596.9203630956,-4596.9203630956,,,,,,,,,,,,,,,,,,,,,,,,,,,,,,,,,,,SWT,mdp.39015056038386,,,3787.758978555572,,,5249.723881715652,,3029.9203630956,0.0,-12.5,,,0.0,-12.5,,,0.0,0.0,-3.5,,3.0,1781674114.096558,,,,,,3787.758978555572,68390.1933198286,3787.758978555573,,3029.9203630956,,,,,,,244.4106086779758,,,,,,0.0,,,0.18819602349721273,0.7426431666458744,0.7943004197416195,0.04791889075569552,0.5988372093023253,0.5182350002150841,0.035266438951833935,,0.047829824110267635,0.2524903704957574,0.2524903704957574,0.25216554950882175,0.20121575777363554,0.19350863337936297,0.75,0.1378657321968438,0.41304347826086957,0.0,0.02631578947368421,0.0,0.239281807079484,0.239281807079484,0.0,0.01219512195121951,0.9498755700535952,0.29483368365648593,60,1.3840898216730433,0.8063364715556359,68,0,0,0.18860526511282424,0.319983479746782,57,0,0,0.4179138784442352,0.7814849568732789,72,6.946221994724902,0.93446960382335,64.25,63.68889497466794,0.6641687641758259,50,db,0.9602409638554217,0.549355620914199,0.16302463902694514,4,38.5,,0.20264389962085552,0.06820570533223602,0.7116756466578512,0.7943004197416195,0.06516403249400232,0.7217741935483872,0.5130906137703506,0.0451766467847408,,0.04836723798813855,0.30214763536858824,0.30214763536858824,0.3008097801886353,0.2525938550250689,0.2121280138984695,0.75,0.1445839060580177,0.23170731707317077,0.0,0.015625,0.0,0.2555775801721938,0.2555775801721938,0.0,0.011235955056179775,1.0199060289523938,0.3172249570745704,102,1.4500090772398406,0.8339955702954558,104,1.4142135623730951,0.9933291813095608,103.0,102.99029126213593,0.7537400623528936,63,130.3421052631579,133.5,47.75033755736292,76,1.0,0.6776119869201771,0.09671640392394687,6,48.75,39
raw,db17,138000440.7592127,0.6475806451612903,479.53528199384243,2.2025836050504397,992,5,True,False,563.2917334209794,,"[3, 36, 93, 147, 205, 257, 314, 370, 425, 481, 544, 595, 649, 701, 755, 810, 867, 920, 973]","[649.1334773964775, 3620.399022975308, 4182.742612170034, 4657.7226193311, 4361.801446525928, 3314.853298615174, 3012.176080006916, 4179.60207387637, 3136.5853778410383, 3957.967662250826, 2961.461446569966, 1854.4599940248759, 3609.4999322888543, 3846.940172772649, 5530.243552988133, 3859.010753801061, 4040.471932814144, 2817.460552187172, 4029.8683824967707]",19,11.945774661642508,1490257.5907923307,0.4485014203961142,1.2733075934296234e-06,0.033706951277255495,19,4660.989174509424,649.1334773964775,6970.111102755729,"[3, 36, 93, 147, 205, 257, 314, 370, 425, 481, 544, 595, 649, 701, 755, 810, 867, 920, 973]","[649.1334773964775, 5308.028420337791, 5714.3192577111895, 6308.025479982181, 5516.100484252348, 4416.905590708662, 3987.8625950282144, 5494.206027548589, 4042.630106668599, 5622.931860937507, 3411.1360243355157, 1860.7348803540915, 4986.501323274038, 4872.092503865427, 6970.111102755729, 4923.45565024349, 5111.075241565419, 4018.323674646586, 5345.220614067194]","[2, 6, 52, 52, 197, 225, 267, 225, 391, 436, 514, 557, 634, 634, 634, 769, 818, 886, 955]","[6, 52, 131, 634, 634, 267, 345, 634, 436, 634, 634, 610, 661, 736, 955, 818, 955, 955, 989]",0.05,30,2035915310.2779317,5533.835508834695,-5533.835508834695,,,,,,,,,,,,,,,,,,,,,,,,,,,,,,,,,,,SWT,mdp.39015056038386,,,3468.5800836003327,,,5407.111102755729,,3966.8355088346952,0.0,-8.0,,,0.0,-12.5,,,0.0,0.0,-12.5,,3.0,1507725314.2779317,,,,,,3468.5800836003327,62325.79431567904,3468.5800836003327,,3966.8355088346952,,,,,,,447.1334773964775,,,,,,0.0,,,0.12037617816057539,0.8205715651388694,0.7962653409745486,0.04753567434531976,0.6802325581395343,0.5099935781355326,0.03500557576897772,,0.08840924006913323,0.21406803992538326,0.21406803992538326,0.2137265229938822,0.16670420220584553,0.20513636519228023,0.75,0.09745467775337756,0.021739130434782608,0.0,0.02631578947368421,0.0,0.3754695070433557,0.3754695070433557,0.0,0.12195121951219513,0.9331127141605142,0.2896306289539831,62,1.440448985009046,0.8391699251311043,51,0,0,0.17940701509829116,0.3043779342416207,60,0,0,0.4299972100947655,0.8040803823924154,57,4.795831523312719,0.9547563063838422,57.5,57.185826809128336,0.7061517380975815,41,db,0.9602409638554217,0.549355620914199,0.16302463902694514,4,31.75,,0.13603106084307923,0.06943167244959139,0.7863545043937881,0.7962653409745486,0.06478775732135222,0.7782258064516128,0.5050393418709154,0.044918463314151724,,0.08892375053977254,0.26627771050759597,0.26627771050759597,0.26487108897072853,0.22030209544789348,0.2234872975020699,0.75,0.1044877544084705,0.012195121951219516,0.0,0.015625,0.0,0.38884792667024504,0.38884792667024504,0.0,0.11235955056179778,1.0208367448125044,0.31751444089993364,101,1.4952515164266966,0.8600174721328043,84,12.020815280171307,0.9432980411312675,92.5,91.71891891891892,0.7534886432071431,64,130.3421052631579,133.5,47.75033755736292,76,1.0,0.6776119869201771,0.09671640392394687,6,49.5,40
raw,db24,136942896.78749833,0.6582661290322581,492.60816068151394,0.014719158309617668,992,5,True,False,953.1751150307172,,"[2, 38, 93, 149, 192, 233, 282, 315, 368, 426, 480, 513, 548, 592, 648, 701, 757, 809, 863, 908, 948, 981]","[1081.5272169943853, 5217.673361675984, 4056.376105221048, 3944.7873508421717, 1818.6473430072544, 4199.171101515118, 148.23001099801422, 4073.2131809540915, 4385.470602619113, 4397.929693027056, 4488.627212032164, 328.06563871005596, 2975.9611112948173, 3541.1667240203196, 3782.6283715672153, 4477.44970340788, 4404.18906101218, 5130.059554965716, 3557.4867112072016, 1996.2342142610114, 4186.823624192477, 405.427625832245]",22,11.949582150346354,1486839.0459796297,0.4479499324113778,1.2076218654733776e-06,0.18026613018274518,22,4586.962233266125,148.23001099801422,7585.460393805152,"[5, 38, 93, 149, 188, 233, 282, 315, 368, 426, 480, 513, 548, 592, 648, 701, 757, 809, 863, 904, 948, 981]","[622.4766418878123, 6786.825759169089, 5730.863587233039, 5910.97190260493, 1422.8411391766117, 6206.413966464061, 148.23001099801422, 5786.282587054533, 5680.305223295482, 5942.090352640228, 6909.754827632116, 328.06563871005596, 4328.7864183087795, 4904.330874012208, 5907.678492942412, 6398.065343468276, 6347.775743562822, 7585.460393805152, 5670.291578765225, 1612.881007298838, 6277.350016992796, 405.427625832245]","[2, 20, 61, 130, 185, 130, 276, 305, 130, 130, 130, 512, 518, 518, 639, 639, 746, 639, 854, 901, 854, 980]","[6, 854, 130, 192, 192, 361, 283, 361, 415, 473, 639, 518, 555, 639, 683, 774, 774, 854, 908, 908, 957, 984]",0.05,30,3185238851.677997,5248.715467189844,-5248.715467189844,,,,,,,,,,,,,,,,,,,,,,,,,,,,,,,,,,,SWT,mdp.39015056038386,,,3394.5531423570337,,,6022.460393805152,,3681.7154671898443,0.13636363636363635,2.5,,,0.045454545454545456,-6.5,,,0.0,0.0,-11.0,,0.0,2657048855.677997,,,,,,3394.5531423570337,74680.16913185475,3413.3591170190266,,3681.7154671898443,,,,,,,53.76998900198578,,,,,,0.0,,,0.39523521088487296,0.5773219991433713,0.8022328147482862,0.04618477632881859,0.8343023255813955,0.5934079098615581,0.03372674010139154,,0.009668934550096098,0.20515677526309234,0.20515677526309234,0.20707620797572573,0.23701103602103665,0.2505982297598584,0.0,0.2669950306785433,0.08695652173913043,0.0,0.3421052631578947,0.5,0.33402515334515154,0.33402515334515154,0.42857142857142855,0.37804878048780494,0.953260037784931,0.2958841950286122,59,1.473747348507775,0.8585687275149605,45,0,0,0.23658720563487542,0.40138856822119223,40,0,0,0.46891596809281355,0.8768571564705813,41,8.770214744615247,0.9172621250507995,46.25,45.166292804999806,0.7404706851669092,36,db,0.9602409638554217,0.549355620914199,0.16302463902694514,4,28.0,,0.4059983593911384,0.06563857502277462,0.5532482159983054,0.8022328147482862,0.06346132825769799,0.8850806451612905,0.586529096740074,0.04365276446253382,,0.010227886795961351,0.2579584235432789,0.2579584235432789,0.25865335559898345,0.2860867677653449,0.2678995888311412,0.0,0.2727069655927582,0.04878048780487806,0.0,0.203125,0.5,0.34829137582745456,0.34829137582745456,0.42857142857142855,0.34831460674157305,1.018670394113143,0.3168406332273589,103,1.5123920839717084,0.8698761396606666,76,19.091883092036785,0.9099439476790718,89.5,87.463687150838,0.7438870681791585,67,130.3421052631579,133.5,47.75033755736292,76,1.0,0.6776119869201771,0.09671640392394687,6,51.75,41
raw,coif8,138413733.2857636,0.6465725806451613,465.2973255348125,1.1913977827891966,992,5,True,False,690.6117430762702,,"[2, 41, 99, 152, 210, 262, 319, 375, 430, 486, 542, 597, 654, 696, 760, 816, 871, 925, 978]","[1512.0515899850254, 4054.497624922564, 5605.972134117408, 5074.543738841884, 4992.96332782792, 4532.655879459952, 3807.502565570341, 5470.639612289314, 4709.141845333613, 4669.22967712714, 2755.2901669255625, 2895.942098143106, 4038.0359199867303, 4215.421630428594, 4366.69910395327, 4627.3013137253765, 4526.610568750457, 4044.037756129765, 4178.947028575273]",19,11.948940710198022,1489895.6280330736,0.44844336359996906,1.2197722094812482e-06,0.059235902353751306,19,5492.947965347393,1578.1486505998714,7400.056148238958,"[4, 41, 99, 152, 210, 262, 319, 375, 430, 486, 542, 597, 654, 696, 760, 816, 871, 925, 978]","[1578.1486505998714, 5620.400651467554, 7400.056148238958, 6600.9441517534215, 6253.815184185261, 5087.22134937235, 5086.409628317704, 7137.594729989525, 5661.47717379355, 6060.729877367713, 3795.521934488115, 4230.110799624609, 5545.148594183342, 5630.819547555156, 5547.158380592333, 6115.4321722548275, 6412.962437751164, 5306.169940949619, 5295.889989115389]","[2, 11, 11, 136, 167, 215, 298, 136, 392, 439, 495, 576, 576, 686, 686, 686, 860, 904, 904]","[11, 76, 904, 298, 298, 298, 335, 904, 904, 904, 576, 615, 686, 717, 776, 904, 904, 935, 990]",0.05,30,2450762372.683432,5612.989440003119,-5612.989440003119,,,,,,,,,,,,,,,,,,,,,,,,,,,,,,,,,,,SWT,mdp.39015056038386,,,4300.538874438302,,,5837.056148238958,,4045.989440003119,0.0,-8.0,,,0.0,-12.5,,,0.0,0.0,-12.5,,3.0,1922572376.683432,,,,,,4300.538874438302,78133.01134160046,4300.538874438302,,4045.989440003119,,,,,,,1376.1486505998714,,,,,,0.0,,,0.21013392714647727,0.7081466327934213,0.8012274861549993,0.048063610837120914,0.6656976744186045,0.5245234111327924,0.0348701699421604,,0.2743719456278548,0.314218131888663,0.314218131888663,0.3139201339306028,0.25666062631133796,0.23690060659723192,0.75,0.15865008082022786,0.021739130434782608,0.0,0.02631578947368421,0.0,0.3869751293806085,0.3869751293806085,0.0,0.12195121951219513,1.1751099475106632,0.36474461018762705,41,1.4026102085134788,0.8171259905181487,60,0,0,0.2226810034529038,0.3777956162344716,45,0,0,0.4275232732036538,0.7994542032574824,62,10.55146119422961,0.9004579132619848,52.0,50.372653712775914,0.7049459377630678,42,coif,0.6696905268131349,0.4609759507764294,0.3929238459978767,1,31.75,,0.22419136897377379,0.06634021052298392,0.6786175857484916,0.8012274861549993,0.06530613124590828,0.7681451612903227,0.5192339353506722,0.04478444844120988,,0.2747814969837641,0.35977480504132114,0.35977480504132114,0.3585474271075023,0.30447248915649,0.25451820123956737,0.75,0.16520629282365193,0.012195121951219516,0.0,0.015625,0.0,0.40010708058772937,0.40010708058772937,0.0,0.11235955056179778,1.2532588064046004,0.38980549166219686,59,1.460462252031458,0.8400078784999865,101,29.698484809834994,0.8599128075007784,80.0,74.48750000000001,0.7412771584673703,69,85.47058823529412,81.5,46.84483432219392,34,0.6557404306362157,0.6647622380444039,0.34155302714132785,4,52.75,42
raw,sym4,143024251.8120789,0.6463709677419355,463.9337342878104,2.2179563610112023,992,5,True,False,852.2648444079312,,"[2, 49, 106, 158, 215, 267, 324, 380, 436, 491, 548, 602, 658, 704, 765, 821, 875, 927, 982]","[227.69479290834988, 3246.539082939961, 3663.650662922086, 4182.899777839956, 4019.6652341804015, 4225.7197458828, 3155.5711834592353, 4071.740529984484, 4310.841320064634, 4074.7963627730496, 2619.3003300777495, 2727.2927838777, 3315.6652743398436, 4352.4243208038615, 4261.3703155302, 3040.271194854813, 4387.4039106294895, 3525.8487360192703, 4393.672705793238]",19,11.935568477463203,1505963.4439001097,0.45188891911701035,1.4878754813755232e-06,0.6324777219155723,19,5136.533663411346,1190.2679618154575,6437.302042534279,"[12, 49, 106, 158, 215, 267, 324, 380, 436, 491, 548, 602, 658, 704, 765, 821, 875, 927, 982]","[1190.2679618154575, 4822.320086194446, 4952.442551434847, 5856.52723637945, 5210.397802155486, 5952.711254059903, 4788.188949038804, 5448.1699263123855, 6186.818087671594, 5813.872839638297, 4105.826802677756, 4008.0652565101354, 4802.911640470936, 6265.145857099986, 6163.908186608349, 4684.987689961748, 6437.302042534279, 5308.83158980754, 5595.443844444173]","[2, 2, 59, 59, 167, 59, 277, 277, 277, 445, 501, 581, 581, 277, 722, 773, 277, 909, 909]","[15, 59, 112, 167, 223, 277, 358, 413, 445, 581, 581, 611, 693, 722, 853, 853, 909, 940, 991]",0.05,30,2683048737.0363083,4472.014836353885,-4472.014836353885,,,,,,,,,,,,,,,,,,,,,,,,,,,,,,,,,,,SWT,mdp.39015056038386,,,3944.1245725022554,,,4874.302042534279,,2905.0148363538847,0.0,-12.5,,,0.0,-12.5,,,0.0,0.0,-12.5,,3.0,2154858741.0363083,,,,,,3944.1245725022554,71361.13960481559,3944.1245725022554,,2905.0148363538847,,,,,,,988.2679618154575,,,,,,0.0,,,0.3240957351246849,0.8222807277980007,0.7802691972805635,0.05395304947875444,0.6627906976744179,0.8507846774230141,0.040880942699805856,,0.19672914236597738,0.27131345258360945,0.27131345258360945,0.2709968109322429,0.21812295298508028,0.16577255395775872,0.75,0.19291537755652946,0.021739130434782608,0.0,0.02631578947368421,0.0,0.22112584442150915,0.22112584442150915,0.0,0.01219512195121951,0.9872061539390103,0.30642079454445553,54,1.62949080771476,0.9493010119363794,15,0,0,0.1774790921042195,0.3011070631556102,61,0,0,0.5050078610684632,0.944347787627771,19,23.613202521753237,0.7772339384740261,37.25,25.938620303790124,0.7129094220672018,40,sym,1.0,0.7438299373379558,0.07685101879861327,5,31.25,,0.3361249704733823,0.08182214034829893,0.7879923965811954,0.7802691972805635,0.0710888938878314,0.7661290322580643,0.8379675397942867,0.05073347564581381,,0.19718251605642972,0.3197202950724779,0.3197202950724779,0.31841612849917283,0.26841357320091086,0.18503227439646405,0.75,0.19920457753006895,0.012195121951219516,0.0,0.015625,0.0,0.23781054662161702,0.23781054662161702,0.0,0.011235955056179775,1.0729904048288945,0.3337359770908461,94,1.685790635858685,0.9696090492260769,20,52.32590180780452,0.7531797084537523,57.0,32.98245614035088,0.7421558919627251,68,129.60526315789474,131.5,61.198630736176845,38,0.9943468604885928,0.8684530391040276,0.04342128592677678,7,52.75,43
raw,coif14,136853180.3359856,0.6439516129032258,462.44788033719306,1.4338022992871209,992,5,True,False,633.8509140530758,,"[1, 35, 93, 146, 204, 256, 312, 369, 424, 480, 517, 562, 604, 644, 693, 754, 810, 865, 917, 972]","[34.439576702604995, 3749.0596539908697, 5633.763547227788, 4210.619886409312, 4767.712811052007, 5166.43126429668, 4192.689767477323, 4227.8400482422985, 4646.233669005139, 4066.2478891662786, 1095.8540214631466, 2900.5586551680535, 578.803697711817, 3590.548131257041, 3682.939857894429, 4617.479405955329, 3636.9415302069765, 4265.139312818433, 3991.434888822922, 4764.598527643184]",20,11.951698995777084,1485050.6812244905,0.4476592559612696,1.249326322902248e-06,0.018236801318777633,20,5080.784969114507,302.4936033224981,7070.182619995605,"[2, 35, 93, 146, 204, 256, 312, 369, 424, 480, 517, 562, 604, 644, 693, 754, 810, 865, 917, 972]","[302.4936033224981, 4825.1427528362865, 7070.182619995605, 5727.276910860346, 5694.04301275812, 6702.121002343859, 6143.618175408531, 5640.649195476583, 6885.484507927875, 5746.589033212549, 1095.8540214631466, 3908.2434758478407, 896.8098327506116, 4834.223406391275, 5133.793603259563, 6495.979869252487, 5203.835350954709, 6539.584643519166, 6225.319567071343, 6544.4547976377235]","[1, 15, 70, 130, 130, 130, 292, 292, 292, 457, 513, 513, 600, 513, 680, 457, 787, 842, 898, 842]","[3, 70, 842, 155, 234, 842, 346, 401, 842, 680, 522, 626, 609, 680, 735, 842, 842, 954, 954, 984]",0.05,30,2308003552.511734,5646.733240050673,-5646.733240050673,,,,,,,,,,,,,,,,,,,,,,,,,,,,,,,,,,,SWT,mdp.39015056038386,,,3888.3758782054156,,,5507.182619995605,,4079.733240050673,0.0,-12.0,,,0.0,-12.0,,,0.0,0.0,-12.0,,2.0,1779813556.511734,,,,,,3888.3758782054156,75382.69938229013,3888.3758782054147,,4079.733240050673,,,,,,,100.49360332249807,,,,,,0.0,,,0.17011881673697327,0.7350974768099718,0.8055505447728517,0.04607017326772828,0.6279069767441849,0.5011887238089401,0.03305773479040978,,0.01902168785612031,0.2646024989616906,0.2646024989616906,0.2642829411491232,0.2410090268787233,0.2125296259467903,0.5,0.1375912754592881,0.043478260869565216,0.0,0.05263157894736842,0.0,0.391880045836935,0.391880045836935,0.0,0.024390243902439032,0.9105589033179434,0.28263010873760197,63,1.382765864264779,0.805565166739754,69,0,0,0.17549373316291683,0.2977387475245254,63,0,0,0.41699863527586584,0.7797734827996626,73,4.898979485566356,0.9537832124003174,67.0,66.73627760252366,0.6608538703511021,53,coif,0.6696905268131349,0.4609759507764294,0.3929238459978767,1,40.0,,0.18488841737970324,0.06804684657707041,0.7044446049750747,0.8055505447728517,0.06334880101348186,0.7419354838709673,0.49643763751285236,0.042990631496353605,,0.01957536131931599,0.31345515189687256,0.31345515189687256,0.31213897439593363,0.28982760637560606,0.23070987083082112,0.5,0.14431158802222702,0.02439024390243903,0.0,0.03125,0.0,0.40490692606461187,0.40490692606461187,0.0,0.022471910112359553,0.9920331013055861,0.30855554241743444,107,1.445542516217313,0.8314265573384244,110,2.1213203435596424,0.9899937719643414,108.5,108.47926267281107,0.7391006595670764,70,85.47058823529412,81.5,46.84483432219392,34,0.6557404306362157,0.6647622380444039,0.34155302714132785,4,53.5,44
raw,bior3.1,883632526.6497122,0.6004032258064517,646.5644009454246,-5.17789966950977,992,5,True,False,1811.0248233763655,,"[6, 49, 107, 160, 218, 270, 327, 360, 401, 438, 471, 522, 555, 606, 658, 713, 768, 808, 848, 895, 933, 986]","[4472.073202846036, 6308.613440881266, 9481.716914377215, 9345.402755229712, 9542.589366502, 9572.176023608075, 6707.999330122786, 6019.214457065647, 2216.6543362803204, 8500.79116469302, 6044.052858785998, 6964.512973218478, 3731.524506235956, 5894.768914293195, 6079.73844263652, 7050.666435589234, 9820.635542247866, 4120.128337236401, 5943.803396704898, 4758.744840592271, 8483.864744553779, 9521.686582837938]",22,11.437725291678477,4069851.4876899337,0.5502216826878286,7.094724385684023e-08,-0.1941139053778898,21,11189.81995605612,5203.17373607817,17728.991734077677,"[14, 49, 107, 160, 218, 270, 327, 384, 438, 472, 522, 562, 606, 658, 713, 768, 815, 848, 895, 933, 986]","[6611.18860782378, 8867.976122333643, 14882.065553935952, 15465.763775072664, 13781.8812447095, 15836.413184753885, 12219.571021696795, 11952.823907159054, 14594.41163976308, 5391.963565332375, 12533.183285609473, 5203.17373607817, 9559.860192680864, 11242.856782483135, 12638.6014548497, 17728.991734077677, 5466.941696631755, 11330.945884925168, 6357.6527848860405, 13469.88501351661, 9850.067888859205]","[6, 30, 30, 143, 143, 143, 306, 360, 360, 471, 471, 555, 584, 584, 471, 143, 808, 776, 856, 912, 912]","[19, 65, 143, 175, 249, 471, 360, 415, 471, 474, 694, 570, 642, 694, 749, 912, 818, 912, 899, 969, 989]",0.05,30,8154320563.901639,9830.347440398333,-9830.347440398333,,,,,,,,,,,,,,,,,,,,,,,,,,,,,,,,,,,SWT,mdp.39015056038386,,,9997.41086514703,,,16165.991734077677,,8263.347440398333,0.0,-11.5,,,0.0,-11.5,,,0.0,0.0,-11.5,,1.0,7626130567.901639,,,,,,9997.41086514703,208753.21907717854,9997.41086514703,,8263.347440398333,,,,,,,5001.17373607817,,,,,,0.0,,,1.0,0.0,0.0,1.0,0.0,0.3803290654584096,0.9999999999999999,,1.0,1.0,1.0,1.0,1.0,1.0,0.25,1.0,0.06521739130434782,0.0,0.07894736842105263,0.0,1.0,1.0,0.0,0.03658536585365854,3.2217335491432726,1.0,1,1.3521316261833638,0.7877184178824397,77,0,0,0.5894218828486911,1.0,1,0,0,0.48290415220834426,0.9030145923062989,32,35.938605055473886,0.660956556080435,27.75,1.9567202700019852,0.6995820516251232,44,bior,0.5656760374832664,0.7418882791367996,0.38146029002067355,2,33.5,,1.0,0.0,0.0,0.0,1.0,0.30645161290322664,0.3783665131777264,1.0,,0.9999999999999999,1.0,1.0,1.0,0.9999999999999998,1.0,0.25,1.0,0.03658536585365854,0.0,0.046875,0.0,1.0,1.0,0.0,0.03370786516853933,3.215087609619074,1.0,1,1.4739272504323813,0.8477524845143032,93,65.05382386916237,0.6931423402398001,47.0,1.9787234042553192,0.7357221135161265,72,72.16666666666667,58.5,63.091659284444,30,0.5536711757184198,0.8953164897413547,0.3438352300746997,3,54.75,45
raw,db15,138735126.4642254,0.64375,469.3118334209625,0.6653882411933085,992,5,True,False,828.782907077422,,"[8, 48, 97, 156, 208, 242, 279, 321, 378, 433, 487, 541, 599, 659, 708, 761, 813, 873, 925, 984]","[1783.1763465214956, 3896.222174840717, 3710.3892520675186, 3352.8968635033043, 3594.8901660823162, 3040.922510331582, 1381.068395210237, 3258.036324308196, 4320.833809853987, 3565.869406306045, 3690.008074375134, 2268.754575399237, 2043.5983631113772, 3546.487450154744, 4381.041678091322, 3972.411068625721, 3790.3207956698297, 4171.232333605932, 3518.3522120906873, 2819.0926505061407]",20,11.942671659250456,1491722.982383532,0.448738409415522,1.2349528657733233e-06,0.0872084748584914,20,4973.33264508757,862.8094693271279,7220.049391521818,"[2, 48, 97, 156, 208, 242, 279, 321, 378, 433, 487, 541, 599, 659, 708, 761, 813, 873, 925, 984]","[862.8094693271279, 6235.137151244517, 6377.280608435296, 5446.555960718705, 5457.8691225345665, 5034.176026477925, 1381.068395210237, 4874.118128638089, 6291.420816524511, 5393.483128909543, 5539.0014415854685, 3716.3858509327897, 3719.8896883979114, 4984.376570219347, 7220.049391521818, 6530.611749558853, 5980.217495172987, 6342.938147825304, 5260.1711080102705, 2819.0926505061407]","[0, 8, 68, 123, 123, 231, 271, 231, 123, 399, 477, 536, 562, 562, 123, 728, 810, 728, 892, 892]","[8, 123, 123, 203, 231, 314, 314, 368, 562, 477, 562, 562, 619, 676, 728, 861, 861, 892, 948, 991]",0.05,30,2724281547.1187577,4384.3029095361,-4384.3029095361,,,,,,,,,,,,,,,,,,,,,,,,,,,,,,,,,,,SWT,mdp.39015056038386,,,3780.923554178479,,,5657.049391521818,,2817.3029095361,0.0,-3.0,,,0.0,-7.5,,,0.0,0.0,-12.0,,2.0,2196091551.1187577,,,,,,3780.923554178479,73233.6529017514,3780.9235541784797,,2817.3029095361,,,,,,,660.8094693271279,,,,,,0.0,,,0.30754149638152967,0.6496642195464328,0.7914020079919151,0.048474155853605906,0.625,0.540444034184627,0.03555376078233388,,0.13118116319645093,0.25166753120670515,0.25166753120670515,0.2513423526652184,0.22877913617065357,0.22360174867351926,0.5,0.19899775986374216,0.043478260869565216,0.0,0.2894736842105263,0.0,0.20837625271404414,0.20837625271404414,0.0,0.24390243902439024,0.9568730792349863,0.2970056538317513,58,1.3823981805518633,0.8053509633093995,70,0,0,0.1894277570322228,0.3213789011644997,55,0,0,0.42829709639149216,0.8009012267036207,60,6.5,0.9386792452830188,60.75,60.26312830315979,0.6827830188679245,47,db,0.9602409638554217,0.549355620914199,0.16302463902694514,4,36.25,,0.3198653516108941,0.06721683486910088,0.622573834004784,0.7914020079919151,0.06570924001885216,0.73991935483871,0.5347872298866698,0.04546101710700039,,0.13167153278801852,0.3013794575138661,0.3013794575138661,0.30004012965749305,0.27838434675132223,0.2415263726361916,0.5,0.20523956292550583,0.02439024390243903,0.0,0.171875,0.0,0.22533407110280512,0.22533407110280512,0.0,0.22471910112359553,1.0276202874545681,0.3196243500115138,100,1.4462916210852046,0.8318574168077303,109,6.363961030678928,0.9699813158930239,104.5,104.30622009569376,0.7385283937955686,71,130.3421052631579,133.5,47.75033755736292,76,1.0,0.6776119869201771,0.09671640392394687,6,54.75,46
raw,sym6,142393401.69125545,0.6435483870967742,455.64180925894857,2.3558060522296858,992,5,True,False,795.6352209199727,,"[6, 49, 106, 158, 215, 268, 324, 380, 436, 492, 548, 602, 658, 704, 765, 821, 875, 927, 982]","[375.7366442577969, 3409.8885395601346, 3824.0259228737846, 4127.294286256384, 3926.8787102441684, 4280.785063231311, 3182.456685388377, 4047.29400533649, 4401.44150288135, 4115.485312833984, 2508.2601340714464, 2653.51487395859, 3398.585230647157, 4351.104061551223, 4208.421641077258, 2818.952404600125, 4295.868157582105, 3410.0918101263896, 4177.51852175094]",19,11.938126379909232,1503087.0696128828,0.45083284552302877,1.6139906709029818e-06,0.5748104395435011,19,4995.137737934568,1155.6882475823631,6261.363103903684,"[12, 49, 106, 158, 215, 268, 324, 380, 436, 492, 548, 602, 658, 704, 765, 821, 875, 927, 982]","[1155.6882475823631, 4723.364678206497, 4988.966796928715, 5697.2555139833385, 4953.3776566126035, 5896.473538542799, 4779.266779063761, 5327.834319460178, 6261.363103903684, 5653.484421465138, 3949.794663237306, 3917.6235506467738, 4887.686904086356, 6087.742826259749, 5943.201577751365, 4322.766287171041, 6079.8080421238965, 5067.640831187331, 5214.2772825438915]","[6, 6, 60, 60, 167, 60, 277, 277, 277, 447, 501, 581, 581, 447, 722, 773, 722, 909, 909]","[15, 60, 116, 167, 223, 277, 358, 413, 909, 693, 581, 611, 693, 909, 854, 828, 909, 941, 991]",0.05,30,2554126574.7725224,4449.8196489255215,-4449.8196489255215,,,,,,,,,,,,,,,,,,,,,,,,,,,,,,,,,,,SWT,mdp.39015056038386,,,3802.7286470254767,,,4698.363103903684,,2882.8196489255215,0.0,-12.5,,,0.0,-12.5,,,0.0,0.0,-12.5,,3.0,2025936578.7725224,,,,,,3802.7286470254767,68674.61702075679,3802.7286470254767,,2882.8196489255215,,,,,,,953.6882475823631,,,,,,0.0,,,0.28417312167248676,0.8376070326846953,0.784278195586202,0.05314720669611497,0.6220930232558134,0.8179632747824855,0.039804926373160916,,0.18980725626366524,0.25429239926260383,0.25429239926260383,0.25396836132479467,0.20283436900826296,0.152774225501823,0.75,0.17389766139328816,0.021739130434782608,0.0,0.02631578947368421,0.0,0.21789960612246734,0.21789960612246734,0.0,0.01219512195121951,0.9448656116158649,0.2932786331343648,61,1.5984733470183057,0.9312310070689477,23,0,0,0.17049474538260392,0.2892575765232849,64,0,0,0.4912952544358513,0.9187056724560998,29,21.250490190424628,0.7995236774488242,44.25,36.37042701557006,0.6910354236300724,46,sym,1.0,0.7438299373379558,0.07685101879861327,5,35.75,,0.2969128696453945,0.0891048060926408,0.8026796090016323,0.784278195586202,0.07029764741728181,0.7379032258064515,0.8059034088434642,0.04966851267717278,,0.1902645367322825,0.3038299548818654,0.3038299548818654,0.3024953248824653,0.25410835658773645,0.17233403696896368,0.75,0.1803350567563378,0.012195121951219516,0.0,0.015625,0.0,0.2346534193912383,0.2346534193912383,0.0,0.011235955056179775,1.0324052275329159,0.32111262674277047,98,1.6620910485549671,0.9559778581257045,27,50.204581464244875,0.7631859364894109,62.5,42.336000000000006,0.734187307867347,73,129.60526315789474,131.5,61.198630736176845,38,0.9943468604885928,0.8684530391040276,0.04342128592677678,7,56.5,47
raw,db32,136111865.65238014,0.6504032258064516,489.2601449172016,0.05317281111715439,992,5,True,False,988.6597295798731,,"[35, 99, 144, 212, 245, 311, 357, 422, 478, 511, 544, 580, 615, 648, 706, 743, 804, 852, 887, 943, 984]","[4303.400897290649, 3195.1572222913887, 4033.522310912731, 4286.907970483502, 2905.7221322795235, 3397.5142666395004, 3879.689757119935, 3581.846888158879, 4084.895092144634, 298.4705166549553, 3602.8192411635137, 785.3514837362147, 2707.7272278609366, 3074.6333369411163, 1343.540946054104, 3694.8762936450507, 3714.297764724523, 3149.385607263178, 3430.4858607387987, 4205.298237737566, 1102.6044768139398]",21,11.949317586129784,1484823.0963944402,0.4476224957811661,1.2098340954884116e-06,0.21067106267375574,21,5249.133121895247,298.4705166549553,7862.459390839897,"[35, 99, 144, 212, 255, 311, 378, 422, 478, 511, 544, 578, 615, 648, 713, 752, 804, 845, 887, 943, 984]","[7051.901281161168, 3665.37449637049, 7075.241711867163, 7440.0669533605305, 4148.223172529173, 6922.771243436864, 6976.765696487872, 6767.166398398283, 7862.459390839897, 298.4705166549553, 6179.532284460252, 434.31671244501536, 4214.634433477093, 4850.133552324979, 3550.128476884006, 7152.272182767587, 7118.272949510517, 2657.94771231792, 6996.67479837757, 7766.837119314941, 1102.6044768139398]","[27, 81, 135, 191, 245, 302, 357, 413, 357, 510, 497, 577, 608, 636, 687, 743, 798, 839, 852, 357, 981]","[357, 113, 191, 357, 272, 357, 467, 467, 798, 513, 798, 580, 636, 687, 718, 798, 852, 852, 908, 960, 989]",0.05,30,3201495658.1166334,4353.598196740289,-4353.598196740289,,,,,,,,,,,,,,,,,,,,,,,,,,,,,,,,,,,SWT,mdp.39015056038386,,,4056.7240309861563,,,6299.459390839897,,2786.5981967402886,0.0,-11.5,,,0.0,-11.5,,,0.0,0.0,-11.5,,1.0,2673305662.1166334,,,,,,4056.7240309861563,83998.7955598002,4057.128215293993,,2786.5981967402886,,,,,,,96.4705166549553,,,,,,0.0,,,0.4202510676554451,0.5815973254188676,0.8018181634789978,0.04512322395642694,0.7209302325581387,0.6107129135048173,0.03297259809804037,,0.018216379070028307,0.28486802553405555,0.28486802553405555,0.2846059501648526,0.2900418958908212,0.2710628521649196,0.25,0.2693931236451983,0.06521739130434782,0.0,0.07894736842105263,0.0,0.2039130905667249,0.2039130905667249,0.0,0.03658536585365854,0.8803152353113287,0.27324271913964554,65,1.444350706930065,0.8414429717481099,49,0,0,0.15885203491977748,0.2695048140256373,73,0,0,0.45905793209581924,0.8584229592990358,44,13.549292724468438,0.8721764837314299,57.75,55.38733075893359,0.6636825814883565,51,db,0.9602409638554217,0.549355620914199,0.16302463902694514,4,39.25,,0.43056900277250665,0.06576632277314046,0.5573452651982989,0.8018181634789979,0.062419003891141966,0.8064516129032255,0.6034348307514765,0.042906369369096954,,0.01877050705714059,0.33237443411187884,0.33237443411187884,0.3311400369059627,0.3357066631572588,0.28789174667240147,0.25,0.27508637144061177,0.03658536585365854,0.0,0.046875,0.0,0.22096651686693794,0.22096651686693794,0.0,0.03370786516853933,0.957214430657043,0.2977257689007282,111,1.496543465677263,0.8607605571030514,82,20.506096654409877,0.9032731289886327,96.5,94.32124352331606,0.7240422248716748,76,130.3421052631579,133.5,47.75033755736292,76,1.0,0.6776119869201771,0.09671640392394687,6,58.5,48
raw,coif13,137008698.21860582,0.6421370967741935,460.8607835672299,1.7677329239567172,992,5,True,False,601.7819140189977,,"[36, 93, 147, 205, 257, 313, 370, 425, 481, 537, 585, 645, 694, 755, 811, 867, 918, 973]","[3823.887932339867, 4341.34360939108, 4985.147314846887, 4208.740182567464, 4420.26601179957, 3099.2760887085815, 3709.2088005893306, 3762.407294451417, 3996.082980145289, 2454.1294057418672, 2254.9949119434345, 3899.1676624087654, 3854.0091522584917, 4889.199179456397, 3305.9410164110855, 3592.506501339119, 3025.666625587427, 4402.362009444735]",18,11.951448583864089,1485519.9271212013,0.4477357518131567,1.2932060211230145e-06,-0.03955005789303014,19,4872.081271549748,176.11628970537544,6531.600468705401,"[3, 36, 93, 147, 205, 257, 313, 370, 425, 481, 537, 585, 645, 694, 755, 811, 867, 918, 973]","[176.11628970537544, 5362.995293417156, 5879.001496732091, 6492.824199274355, 4765.366961512248, 5159.773022325194, 4699.193821927122, 5385.170040089491, 5470.965561552372, 5639.525349330204, 3458.803311120778, 3194.9846508682244, 5245.225918475458, 5317.901703188201, 6531.600468705401, 4677.310571147076, 4925.247089766609, 4400.60354532081, 5786.934864987061]","[2, 6, 71, 71, 158, 158, 267, 267, 267, 267, 490, 557, 490, 682, 267, 788, 788, 899, 899]","[6, 71, 130, 267, 215, 267, 347, 402, 458, 736, 634, 634, 736, 736, 899, 817, 899, 954, 985]",0.05,30,2124828182.0466595,4989.236391765961,-4989.236391765961,,,,,,,,,,,,,,,,,,,,,,,,,,,,,,,,,,,SWT,mdp.39015056038386,,,3679.6721806406567,,,4968.600468705401,,3422.2363917659613,0.0,-8.0,,,0.0,-12.5,,,0.0,0.0,-12.5,,3.0,1596638186.0466595,,,,,,3679.6721806406567,66336.54415944521,3682.5833845951156,,3422.2363917659613,,,,,,,25.883710294624564,,,,,,0.0,,,0.14751089153275104,0.7722243105333718,0.8051580743967943,0.04626883053851915,0.6017441860465104,0.46829926386725157,0.03323327392254363,,0.004086885961477285,0.23947902561857656,0.23947902561857656,0.23949914985373968,0.18952875844083755,0.1727393000674621,0.75,0.11057049685588816,0.021739130434782608,0.0,0.02631578947368421,0.0,0.29630790794524503,0.29630790794524503,0.0,0.12195121951219513,0.9009014028691886,0.2796324988169048,64,1.3746119957820275,0.8008149247836623,72,0,0,0.1692502873579819,0.2871462568372774,66,0,0,0.41063411869110605,0.76787204993202,78,6.324555320336759,0.9403343837704079,70.0,69.58225976768743,0.6399785126399209,58,coif,0.6696905268131349,0.4609759507764294,0.3929238459978767,1,43.75,,0.16268285101113283,0.07058072989677043,0.7400232847302449,0.8051580743967943,0.06354385998496936,0.7237903225806446,0.46430701951269643,0.04316436740596832,,0.0046489887685073755,0.29000063761606776,0.29000063761606776,0.28896728917576653,0.24165856780244524,0.1918381799787107,0.75,0.11750136860351709,0.012195121951219516,0.0,0.015625,0.0,0.3113820927957928,0.3113820927957928,0.0,0.11235955056179778,0.987391083571058,0.3071117193251368,108,1.4408486961011235,0.8287268327324809,117,6.363961030678928,0.9699813158930239,112.5,112.32,0.7196604692672667,77,85.47058823529412,81.5,46.84483432219392,34,0.6557404306362157,0.6647622380444039,0.34155302714132785,4,58.75,49
raw,db19,137729314.8500249,0.6524193548387097,485.17550341064407,-0.011466741982866705,992,5,True,False,907.8567725891753,,"[5, 65, 120, 154, 190, 229, 282, 318, 365, 401, 450, 505, 561, 595, 646, 687, 725, 761, 807, 858, 916, 967]","[3072.0637572377036, 3497.293196993475, 3976.145184884716, 2980.1763395536796, 746.6780788446091, 4268.413719636592, 3774.351559686052, 2182.809688978409, 3711.579053029951, 1410.7286998383554, 2729.927722293012, 4303.148565279126, 3276.527122084325, 1559.4524064976886, 3881.8861135361235, 1929.848900645549, 4172.053731298485, 2788.5483803764623, 4471.443400764554, 4921.165540263456, 3281.5525847660692, 3466.410030568376]",22,11.946852934313469,1489046.915957124,0.44830617154895647,1.2220499257857138e-06,0.039072842102918226,21,4603.07291161983,798.401571128318,7743.803558291358,"[5, 65, 120, 172, 229, 282, 328, 365, 401, 450, 505, 561, 609, 646, 687, 725, 765, 807, 858, 916, 967]","[3072.0637572377036, 5504.994951727609, 6277.763903131565, 3508.436955086621, 6752.178749639149, 5668.470229979841, 1300.1373473836784, 5837.331868970758, 1410.7286998383554, 3651.680977295368, 7253.506415626229, 4228.075916752946, 1133.9656584254587, 5678.273933270488, 1929.848900645549, 6806.615276694922, 798.401571128318, 7743.803558291358, 7620.65955331261, 4705.91130934401, 5781.681610233902]","[2, 44, 44, 154, 154, 239, 318, 318, 398, 430, 154, 552, 595, 595, 652, 705, 761, 154, 154, 897, 952]","[44, 97, 154, 186, 318, 318, 335, 372, 405, 454, 761, 595, 611, 705, 693, 761, 767, 813, 980, 922, 980]",0.05,30,3027444973.165021,4922.669106226669,-4922.669106226669,,,,,,,,,,,,,,,,,,,,,,,,,,,,,,,,,,,SWT,mdp.39015056038386,,,3410.663820710739,,,6180.803558291358,,3355.669106226669,0.0,-11.5,,,0.0,-11.5,,,0.0,0.0,-11.5,,1.0,2499254977.165021,,,,,,3410.663820710739,70431.53114401644,3410.6638207107394,,3355.669106226669,,,,,,,596.401571128318,,,,,,0.0,,,0.3632867966777269,0.5744106172747017,0.7979553168051793,0.04718934032731186,0.75,0.5130475813080401,0.03455267716856765,,0.11828851369633442,0.20709615728114789,0.20709615728114789,0.20675161080499363,0.2128326951987431,0.26229658645544685,0.25,0.24371835627932945,0.06521739130434782,0.0,0.07894736842105263,0.0,0.28663184971130223,0.28663184971130223,0.0,0.03658536585365854,0.8175798397136396,0.25377016045633305,69,1.3952448413250278,0.8128351098993833,62,0,0,0.15388086887492541,0.26107084475930076,76,0,0,0.44006318993736115,0.8229034275912549,49,11.51810169544733,0.8913386632504969,64.0,62.3170955432948,0.6437825391724183,56,db,0.9602409638554217,0.549355620914199,0.16302463902694514,4,43.0,,0.37461853901227116,0.06647173985397103,0.5504582360091117,0.7979553168051793,0.06444769648655461,0.8266129032258067,0.508022881566644,0.04447021710631771,,0.11878616002155669,0.25976897189450393,0.25976897189450393,0.25834987243234775,0.26346358674776127,0.27932786680824806,0.25,0.24961167447844998,0.03658536585365854,0.0,0.046875,0.0,0.30191331085796014,0.30191331085796014,0.0,0.03370786516853933,0.9010566908523611,0.28025882969923765,120,1.445445932670714,0.831371005789616,111,6.363961030678928,0.9699813158930239,115.5,115.32467532467533,0.7125849975691535,78,130.3421052631579,133.5,47.75033755736292,76,1.0,0.6776119869201771,0.09671640392394687,6,60.0,50
raw,coif16,136611940.25642878,0.6461693548387096,465.7743794749669,0.6446144372821271,992,5,True,False,779.1629776884959,,"[33, 91, 144, 202, 254, 310, 367, 422, 478, 534, 589, 646, 698, 752, 808, 863, 915, 970]","[3583.6313526227605, 5269.270052696196, 3710.369020550234, 5402.9118953021325, 4938.929744850419, 4304.01593966144, 5011.10508672789, 4790.338412448679, 5316.781524621232, 3472.272566486485, 3628.7296444685976, 4388.586364689746, 1633.4995177261585, 4915.832241739981, 4781.094286319841, 4626.877901977651, 4092.060970955709, 4843.517588522702]",18,11.952060733547071,1484338.9442655086,0.44754254638419244,1.2172639514829826e-06,0.08380080545207566,18,6063.781275479363,1633.4995177261585,7651.996079720255,"[33, 91, 144, 202, 254, 310, 367, 422, 478, 534, 589, 646, 698, 752, 808, 863, 915, 970]","[4700.221544800823, 6703.635045718355, 5585.111429415923, 7397.310817812248, 6154.292432424938, 6224.218619134831, 6901.166352279218, 6205.653300788877, 7651.996079720255, 4742.612394278369, 5035.140410090869, 6363.159118547223, 1633.4995177261585, 7014.943956849452, 6520.364713626546, 6805.910482475426, 6245.020957331624, 7263.805785607403]","[13, 46, 128, 128, 207, 290, 290, 399, 290, 511, 568, 568, 695, 679, 761, 840, 896, 840]","[46, 128, 155, 982, 290, 344, 455, 455, 982, 568, 624, 679, 709, 982, 840, 896, 952, 982]",0.05,20,2730738199.9797096,5436.610147405274,-5436.610147405274,,,,,,,,,,,,,,,,,,,,,,,,,,,,,,,,,,,SWT,mdp.39015056038386,,,4871.372184570272,,,6088.996079720255,,3869.610147405274,0.0,-13.0,,,0.0,-13.0,,,0.0,0.0,-13.0,,4.0,2202548203.9797096,,,,,,4871.372184570272,82915.06295862854,4871.372184570273,,3869.610147405274,,,,,,,1431.4995177261585,,,,,,10.0,,,0.27256055992976796,0.647354561471867,0.806117496068909,0.04576201516396112,0.6598837209302313,0.5385045550718061,0.03279148272733785,,0.2854516322710051,0.38293428602393953,0.38293428602393953,0.3826661478136656,0.28387454149010155,0.2555138709834384,1.0,0.19995020116101828,0.0,0.0,0.0,0.0,0.3613370656889321,0.3613370656889321,0.0,0.0,1.3444000387326172,0.41729088337864617,32,1.3885925639702357,0.8089596577675349,63,0,0,0.2434999435715608,0.41311656498859406,37,0,0,0.4289963416234116,0.8022087918697853,59,15.521490478258416,0.8535708445447319,47.75,43.908181412298184,0.7015495732157622,43,coif,0.6696905268131349,0.4609759507764294,0.3929238459978767,1,32.5,,0.2855069795357216,0.0661953682984241,0.6203604864947019,0.806117496068909,0.06304622460871667,0.7641129032258058,0.5328924993984278,0.04272711450272212,,0.2858549301466908,0.42392612665504115,0.42392612665504115,0.4228217334415896,0.32993599526765643,0.27270174316791085,1.0,0.2061845823321709,0.0,0.0,0.0,0.0,0.3750182243060296,0.3750182243060296,0.0,0.0,1.4213771251757896,0.442095923272273,37,1.4482018634366598,0.8329561227981349,108,50.204581464244875,0.7631859364894109,72.5,55.11724137931034,0.7106024022069696,79,85.47058823529412,81.5,46.84483432219392,34,0.6557404306362157,0.6647622380444039,0.34155302714132785,4,60.25,51
raw,db30,136297423.97324544,0.6465725806451613,485.9186815767418,0.7103965033209754,992,5,True,False,848.0048770540303,,"[9, 42, 103, 140, 195, 239, 283, 316, 361, 426, 471, 513, 550, 584, 624, 677, 711, 746, 809, 848, 895, 949, 982]","[815.6892111780285, 3972.4575991320016, 3450.0228033297085, 3036.4066642288303, 3585.8228170250354, 4005.183604194303, 3074.0370943991998, 2581.770679212696, 3842.7153778694615, 2508.1445676779463, 2775.347483056048, 3248.8986304301698, 2645.453527165105, 1630.1686518950855, 3111.8402762549645, 3327.0062672454274, 2688.4818145002287, 4114.449774848864, 2721.782191311844, 3493.896814119071, 3442.7711042570504, 3523.415451394287, 430.44086935642554]",23,11.949665728190993,1485205.6219374796,0.4476849471107992,1.2292745247555396e-06,0.10370839822183153,24,4464.582006381795,24.954646852405176,7645.190987315817,"[9, 42, 103, 146, 180, 239, 283, 316, 351, 384, 417, 451, 513, 550, 591, 624, 677, 727, 766, 809, 848, 895, 949, 982]","[815.6892111780285, 6729.122879226279, 6075.639864837431, 24.954646852405176, 6069.086057609889, 7645.190987315817, 5401.194549175461, 4744.86161320913, 511.80014613770163, 6040.399173797867, 502.6574405395736, 4997.574193137982, 5247.733798838023, 4191.552404676315, 558.7964689316552, 4921.86809091901, 7217.231339804748, 5213.524250408115, 6946.9906677875915, 3462.5710266956667, 6468.162289856111, 6262.964053499129, 6669.96212937271, 430.44086935642554]","[3, 31, 84, 140, 140, 195, 251, 305, 350, 361, 416, 416, 361, 528, 584, 584, 361, 695, 746, 801, 801, 857, 857, 981]","[11, 195, 195, 147, 195, 746, 361, 361, 361, 471, 419, 471, 640, 584, 593, 640, 746, 746, 963, 829, 857, 911, 963, 991]",0.05,30,2720609438.9879923,4114.99554132265,-4114.99554132265,,,,,,,,,,,,,,,,,,,,,,,,,,,,,,,,,,,SWT,mdp.39015056038386,,,3272.1729154727036,,,6082.190987315817,,2547.99554132265,0.0,-13.0,,,0.0,-13.0,,,0.0,0.0,-13.0,,2.0,2192419442.9879923,,,,,,3272.1729154727036,80916.96815316306,3373.7771217932745,,2547.99554132265,,,,,,,177.04535314759482,,,,,,0.0,,,0.321092553759283,0.654668295665077,0.8023638062323711,0.04536025463723719,0.6656976744186045,0.54983498527457,0.0331156962099575,,0.03434519485939362,0.1904248064301075,0.1904248064301075,0.20230930957472007,0.2725036933877009,0.25501111231651485,0.5,0.1984560755720318,0.0,0.0,0.0,0.0,0.16923039065053708,0.16923039065053708,0.0,0.0,0.8159288320866372,0.2532577010608497,70,1.412450116322888,0.8228584772536418,57,0,0,0.13637098624197816,0.23136396901807188,82,0,0,0.4388761808853001,0.8206837604164978,51,13.832329280830953,0.8695063275393307,65.0,62.86092086526073,0.6281493901847597,64,db,0.9602409638554217,0.549355620914199,0.16302463902694514,4,49.0,,0.3331752374694075,0.066888932577792,0.6273692448664306,0.8023638062323711,0.06265174121117946,0.7681451612903227,0.5439615082927023,0.043047997508280825,,0.03489021958990503,0.24420510334512574,0.24420510334512574,0.25419652863864683,0.31929652431161526,0.2722105916369296,0.5,0.20470209970397615,0.0,0.0,0.0,0.0,0.18702677461015207,0.18702677461015207,0.0,0.0,0.9061644041459623,0.2818474997181571,118,1.4710104384923162,0.8460748341632931,95,16.263455967290593,0.9232855850599501,106.5,105.25821596244131,0.7104635472469562,80,130.3421052631579,133.5,47.75033755736292,76,1.0,0.6776119869201771,0.09671640392394687,6,61.5,52
raw,coif17,136518294.56625208,0.6479838709677419,466.7583140870077,0.6380178620867136,992,5,True,False,761.1603975368191,,"[2, 36, 90, 143, 201, 253, 310, 366, 421, 477, 533, 589, 645, 690, 751, 807, 862, 916, 969]","[7.621626376777613, 3436.43329268437, 4677.485877346372, 4496.638152398702, 5175.4815491170375, 5021.383151087383, 4371.327632480548, 4799.388611221377, 4898.831246661386, 5341.778187926268, 3493.1405282447686, 3346.8067645284564, 4600.140888007312, 3566.37760049127, 4910.723843735126, 4630.7327616777875, 5058.647561256486, 3994.50279379718, 4554.187861947591]",19,11.952187958335223,1484070.489254366,0.44749819418143866,1.2839973948549942e-06,0.050939457647860474,19,5863.11670298942,7.621626376777613,7755.928943523578,"[1, 36, 90, 143, 201, 253, 310, 366, 421, 477, 533, 589, 645, 690, 751, 807, 862, 916, 969]","[7.621626376777613, 4928.00760755335, 6527.054247887961, 6367.800758771051, 7097.932982666367, 5882.258657293723, 6200.036557269453, 6142.869164633953, 7004.794083930321, 7755.928943523578, 4650.062457689299, 4687.914092748919, 6400.752332962371, 4979.263912909047, 6574.512469520917, 5934.6763940278, 7480.140891836156, 5867.456739904319, 6910.133435293643]","[0, 0, 44, 127, 44, 239, 263, 263, 263, 263, 512, 567, 486, 655, 708, 784, 708, 882, 926]","[2, 44, 158, 158, 263, 263, 319, 375, 430, 708, 567, 623, 708, 708, 840, 840, 926, 926, 981]",0.05,30,2697595146.192956,5348.478898828111,-5348.478898828111,,,,,,,,,,,,,,,,,,,,,,,,,,,,,,,,,,,SWT,mdp.39015056038386,,,4670.707612080329,,,6192.928943523578,,3781.4788988281107,0.0,-12.5,,,0.0,-8.0,,,0.0,0.0,-12.5,,3.0,2169405150.192956,,,,,,4670.707612080329,85166.217356799,4691.355096385168,,3781.4788988281107,,,,,,,194.3783736232224,,,,,,0.0,,,0.25986914500820435,0.6466211458090587,0.806316895370054,0.04564239292555102,0.6860465116279059,0.5198014797190659,0.03269105700171449,,0.037814778000902466,0.3587785518578299,0.3587785518578299,0.3609865138050954,0.2966855125444426,0.2631924071369281,0.75,0.1950611644071213,0.021739130434782608,0.0,0.2631578947368421,0.0,0.3485265223934665,0.3485265223934665,0.0,0.01219512195121951,1.1827163965655363,0.3671055903676596,40,1.3873286944751737,0.8082233586826076,66,0,0,0.2259651669699954,0.38336745469628636,44,0,0,0.4281412324945078,0.8006097664360977,61,12.685293322058685,0.8803274214900124,52.75,50.45903180322732,0.6913429560280251,45,coif,0.6696905268131349,0.4609759507764294,0.3929238459978767,1,34.0,,0.27304143686402105,0.07004896724925876,0.6196576535736701,0.806316895370054,0.06292876910004883,0.7822580645161286,0.5146209506818338,0.04262772039852552,,0.03835784446578249,0.4013750643785495,0.4013750643785495,0.4025522900401439,0.3419229599358916,0.28020300577280616,0.75,0.20133364335509707,0.012195121951219516,0.0,0.15625,0.0,0.36248210287753135,0.36248210287753135,0.0,0.011235955056179775,1.2489124278681756,0.38845362226883384,60,1.4451472398518326,0.8311992079079776,112,36.76955262170047,0.8265587140485827,86.0,78.13953488372093,0.710449168345046,81,85.47058823529412,81.5,46.84483432219392,34,0.6557404306362157,0.6647622380444039,0.34155302714132785,4,61.75,53
raw,coif15,136722384.86671105,0.6443548387096775,464.06935307966035,0.9430137370454581,992,5,True,False,723.7775363279181,,"[34, 92, 145, 203, 255, 312, 368, 423, 479, 535, 590, 647, 689, 753, 809, 864, 916, 971]","[4303.976561368454, 4727.635163440615, 4332.523329691185, 6013.297211040456, 5218.84035037944, 4210.230114680884, 4670.704702170518, 4934.790015370151, 4645.535555244991, 3346.63361323896, 3007.767675471492, 4716.121690041497, 3686.9336722476414, 4865.943890310748, 4251.446212937823, 4529.106168176992, 3928.118954734863, 4599.42382602483]",18,11.951900148340677,1484661.810894906,0.4475956177369014,1.2627143955072078e-06,0.06426482590685438,19,5769.572279702855,311.7366995358418,7715.403220304642,"[1, 34, 92, 145, 203, 255, 312, 368, 423, 479, 535, 590, 647, 689, 753, 809, 864, 916, 971]","[311.7366995358418, 5835.528117301089, 6240.859484070483, 6058.817158136407, 7715.403220304642, 6336.765427110967, 5980.247321351145, 6189.352490559844, 7032.015462001496, 5996.264966838749, 4549.035006048382, 4236.884081787868, 6406.342408744125, 5425.789067185407, 6949.276812377566, 6134.666801035103, 6606.1202044038755, 5850.958090210059, 5765.810495351188]","[0, 14, 69, 128, 156, 234, 291, 291, 291, 456, 514, 567, 456, 679, 679, 761, 841, 897, 841]","[2, 69, 156, 156, 841, 841, 345, 400, 841, 488, 567, 596, 679, 734, 841, 841, 954, 954, 982]",0.05,30,2567013059.259598,6025.975981803203,-6025.975981803203,,,,,,,,,,,,,,,,,,,,,,,,,,,,,,,,,,,SWT,mdp.39015056038386,,,4577.163188793764,,,6152.403220304642,,4458.975981803203,0.0,-8.0,,,0.0,-8.0,,,0.0,0.0,-12.5,,3.0,2038823063.2595978,,,,,,4577.163188793764,83388.87331435425,4577.163188793764,,4458.975981803203,,,,,,,109.73669953584181,,,,,,0.0,,,0.23351506695049892,0.6805309770715255,0.8058658110129187,0.04590309620546307,0.6337209302325582,0.527385628979645,0.0329122631716991,,0.020871895720482765,0.3475177986835467,0.3475177986835467,0.3472342706803955,0.2865709228477651,0.26019837599513473,0.75,0.1757985875026081,0.021739130434782608,0.0,0.2631578947368421,0.0,0.4470058456088304,0.4470058456088304,0.0,0.12195121951219513,1.211908756966279,0.37616666259956577,37,1.3818650888908168,0.8050403973025891,71,0,0,0.23978559912593503,0.4068148911727625,39,0,0,0.4228333962320442,0.7906842903832241,66,17.745891543302825,0.8325859288367659,53.25,48.83761896765596,0.665113719135364,49,coif,0.6696905268131349,0.4609759507764294,0.3929238459978767,1,37.0,,0.24715638885070004,0.06881995612960112,0.652153476837984,0.8058658110129187,0.06318475023499856,0.7459677419354842,0.522030114686955,0.04284665423218124,,0.021424524908812012,0.39086236605329044,0.39086236605329044,0.3896945861901236,0.33245894438129514,0.27727809750997023,0.75,0.18222116991531276,0.012195121951219516,0.0,0.15625,0.0,0.45885184501494025,0.45885184501494025,0.0,0.11235955056179778,1.2766894191784017,0.3970931975099941,55,1.4449480745626875,0.831084654853441,113,41.012193308819754,0.8065462579772653,84.0,73.98809523809524,0.7051599214414628,83,85.47058823529412,81.5,46.84483432219392,34,0.6557404306362157,0.6647622380444039,0.34155302714132785,4,63.25,54
raw,bior3.9,359743598.7610389,0.6161290322580645,576.3097360319516,-0.8828929666958447,992,5,True,False,955.4751112265697,,"[12, 52, 108, 161, 218, 270, 306, 354, 404, 438, 494, 550, 605, 662, 714, 768, 801, 846, 880, 931, 986]","[1138.1451037321074, 3676.3810553697626, 5022.3237710383255, 5239.890354534241, 4626.89836683429, 5655.869907589591, 2665.710138535007, 4455.189413475493, 541.3282171647502, 5281.128013313239, 4305.36841948213, 3084.22073136952, 3806.9673741305205, 3140.803349188155, 4639.57050381835, 4129.0499566844055, 1068.0662330783343, 4697.8610263311375, 3493.149357456135, 4512.834281791447, 3267.046223580416]",21,11.932010244473915,2051381.8422490328,0.4189384567593792,2.0192342832610272e-06,-0.17033157371026078,21,5162.555719045592,541.3282171647502,8394.199257494258,"[12, 52, 108, 161, 218, 270, 318, 354, 404, 438, 494, 550, 605, 662, 714, 768, 812, 846, 880, 931, 986]","[1244.7511828522072, 5661.947210649204, 6481.125362140334, 6989.850762467591, 5797.481400924911, 7719.278506490367, 1144.479581623777, 7357.695150847855, 541.3282171647502, 8394.199257494258, 6523.76859734432, 4215.921440323567, 6017.780995918358, 4460.348931535007, 6446.749660525478, 5185.9176709291905, 853.2103916628217, 7658.864684388411, 6132.261262015974, 6319.6636090786415, 3267.046223580416]","[6, 30, 87, 87, 178, 87, 306, 306, 398, 306, 474, 539, 585, 652, 695, 761, 801, 695, 857, 913, 695]","[17, 87, 116, 249, 249, 695, 323, 416, 407, 695, 695, 555, 695, 695, 801, 801, 819, 913, 913, 969, 991]",0.05,30,3312856450.9179535,5669.342973191675,-5669.342973191675,,,,,,,,,,,,,,,,,,,,,,,,,,,,,,,,,,,SWT,mdp.39015056038386,,,3970.146628136501,,,6831.199257494258,,4102.342973191675,0.0,-11.5,,,0.0,-11.5,,,0.0,0.0,-11.5,,1.0,2784666454.9179535,,,,,,3970.146628136501,82180.67009995742,3970.146628136502,,4102.342973191675,,,,,,,339.3282171647502,,,,,,0.0,,,0.39685665657730407,0.47752433564317887,0.7746923817740644,0.33078857004455997,0.22674418604651037,0.39386480793293066,0.2449152730309176,,0.0668296594073598,0.2744459530073604,0.2744459530073604,0.27413067254498613,0.27969522546335696,0.3103476716237934,0.25,0.28582030662151053,0.06521739130434782,0.0,0.07894736842105263,0.0,0.3951665414894745,0.3951665414894745,0.0,0.03658536585365854,0.984687438983512,0.3056390058219933,55,1.3045217810725545,0.7599821005446268,94,0,0,0.18667491563960845,0.3167084919504579,58,0,0,0.406483744435638,0.7601109890691532,83,19.05255888325765,0.8202588784598335,72.5,68.83533758891926,0.5681483071544451,79,bior,0.5656760374832664,0.7418882791367996,0.38146029002067355,2,59.75,,0.40759094781360833,0.11250606160271348,0.45761202099065734,0.7746923817740644,0.34291006457944967,0.4637096774193546,0.3915899522846135,0.25267186705630545,,0.06735634959799026,0.322644702654188,0.322644702654188,0.32134614247276444,0.3260254943901292,0.3262696016770938,0.25,0.29138554573497544,0.03658536585365854,0.0,0.046875,0.0,0.40812301984176264,0.40812301984176264,0.0,0.03370786516853933,1.0603747076706171,0.32981207246052346,95,1.4325861373001572,0.8239744918351198,121,18.384776310850235,0.9132793570242913,108.0,106.43518518518519,0.7019226973800702,85,72.16666666666667,58.5,63.091659284444,30,0.5536711757184198,0.8953164897413547,0.3438352300746997,3,64.5,55
raw,sym18,138253472.67760083,0.6502016129032258,465.1340498327422,2.691356115365596,992,5,True,False,684.473368758009,,"[6, 49, 106, 158, 216, 268, 326, 380, 436, 492, 548, 602, 658, 704, 765, 823, 877, 931, 984]","[935.3658501084581, 3348.245090011003, 3911.7512147267057, 3869.8101086536485, 4001.1043419490416, 4171.194457478384, 3097.6245589102004, 3797.6607129253525, 4402.190877904251, 4169.549694328587, 2638.0827537894284, 2276.6358726095864, 3535.423653168143, 4167.08190323714, 3889.9839497777684, 3059.5846897005636, 4369.786900925825, 3470.4091525734734, 4153.444636411042]",19,11.949167523414728,1489623.7386133503,0.44839916826408466,1.6850164418691272e-06,0.46040139910675304,19,4693.772458887217,913.696012375874,6050.762462360446,"[12, 49, 106, 158, 216, 268, 326, 380, 436, 492, 548, 602, 658, 704, 765, 823, 877, 931, 984]","[913.696012375874, 4761.011129499321, 5306.012362290034, 5073.049197224576, 4764.148970101809, 5565.7872358450095, 4579.908693396757, 5091.105686666866, 6050.762462360446, 5919.85763622718, 3653.9481415043847, 3354.986623834402, 4494.63062145714, 5782.6180510349595, 5043.437130588931, 3968.91642910256, 5854.158796527245, 4628.414905913294, 4375.226632906338]","[6, 6, 62, 116, 62, 62, 277, 336, 62, 447, 503, 581, 503, 503, 725, 776, 447, 909, 941]","[15, 62, 169, 169, 223, 336, 336, 392, 447, 725, 581, 611, 694, 725, 854, 854, 941, 941, 991]",0.05,30,2293605547.2614946,4410.124148169547,-4410.124148169547,,,,,,,,,,,,,,,,,,,,,,,,,,,,,,,,,,,SWT,mdp.39015056038386,,,3501.363367978126,,,4487.762462360446,,2843.124148169547,0.0,-8.0,,,0.0,-12.5,,,0.0,0.0,-12.5,,3.0,1765415551.2614946,,,,,,3501.363367978126,62948.676718857125,3501.363367978126,,2843.124148169547,,,,,,,711.696012375874,,,,,,0.0,,,0.20580651103386705,0.8749139176469525,0.8015829703146405,0.04785889524752762,0.7180232558139521,0.7528472327664388,0.034768459446428514,,0.1413672177355229,0.21801444806656944,0.21801444806656944,0.2176746459975085,0.17024892949947673,0.13721509838012663,0.75,0.13546738013859327,0.021739130434782608,0.0,0.02631578947368421,0.0,0.2121295649704421,0.2121295649704421,0.0,0.12195121951219513,0.8740344938504119,0.27129322785952803,66,1.6136668158901433,0.9400823459697707,20,0,0,0.16139171482786954,0.2738135782266163,70,0,0,0.4908287488956868,0.9178333227191305,30,25.212430796467576,0.7621468792786078,46.5,35.47024952015355,0.6617338169977944,52,sym,1.0,0.7438299373379558,0.07685101879861327,5,40.25,,0.2199409689558614,0.09320627040569249,0.8384308320287268,0.8015829703146407,0.06510512369056154,0.8044354838709671,0.7422897564633673,0.04468378276468217,,0.14185183822130182,0.2699619576991056,0.2699619576991056,0.26856239924526143,0.22361882457381627,0.1571341217625019,0.75,0.14220424313753766,0.012195121951219516,0.0,0.015625,0.0,0.2290069815422812,0.2290069815422812,0.0,0.11235955056179778,0.9634367555207544,0.299661120474071,109,1.66691032726791,0.9587497422205712,25,59.39696961966999,0.7198256150015567,67.0,40.67164179104478,0.70189393957625,86,129.60526315789474,131.5,61.198630736176845,38,0.9943468604885928,0.8684530391040276,0.04342128592677678,7,66.25,56
raw,coif9,138013688.15120813,0.64375,463.3335367289076,1.070267637093558,992,5,True,False,706.6546059092019,,"[4, 40, 98, 151, 209, 261, 317, 374, 429, 485, 541, 596, 649, 696, 759, 815, 869, 922, 977]","[3.328578442820799, 3400.6308427566096, 5580.885960525434, 4176.1033777179, 4994.46511550321, 4706.754246743673, 3754.43886848441, 4673.859623714995, 4878.411316160383, 4819.5482371190965, 3003.8234814103025, 2941.538314365803, 3389.670531174332, 3835.573978069038, 4805.534417422055, 4416.156231495499, 4697.323893402212, 4421.1652815247335, 4976.630822743318]",19,11.949682333762043,1488637.9998892103,0.4482403092265124,1.2734367629908665e-06,0.02529721613479349,19,5422.27951035555,3.328578442820799,7447.002759397329,"[5, 40, 98, 151, 209, 261, 317, 374, 429, 485, 541, 596, 649, 696, 759, 815, 869, 922, 977]","[3.328578442820799, 5322.673126149453, 7447.002759397329, 5427.153977955886, 6818.4132947456255, 5443.468866192883, 5004.288020967369, 5822.376983906206, 6422.2984478087965, 6607.41712828925, 4798.279079001322, 3922.386684352273, 4682.596039867683, 5714.360670354971, 6451.685524226383, 5514.137695525564, 6282.4997489914, 5466.476470224809, 5872.467600355434]","[4, 8, 8, 121, 121, 214, 297, 297, 297, 438, 494, 561, 494, 494, 716, 792, 847, 903, 716]","[8, 53, 716, 201, 716, 297, 351, 383, 716, 716, 561, 615, 671, 716, 903, 847, 903, 942, 989]",0.05,30,2468947165.9805956,5608.673325688232,-5608.673325688232,,,,,,,,,,,,,,,,,,,,,,,,,,,,,,,,,,,SWT,mdp.39015056038386,,,4229.870419446459,,,5884.002759397329,,4041.6733256882317,0.0,-12.5,,,0.0,-8.0,,,0.0,0.0,-12.5,,3.0,1940757169.9805956,,,,,,4229.870419446459,76790.31069675545,4250.969803533819,,4041.6733256882317,,,,,,,198.6714215571792,,,,,,0.0,,,0.22144378534608122,0.6946792283510079,0.8023898321296081,0.04755259645546278,0.625,0.5052071673345161,0.03439970668511686,,0.03867412543883404,0.30571115733141674,0.30571115733141674,0.30795048223704224,0.24901952487923082,0.24036901146814485,0.75,0.16133257723,0.021739130434782608,0.0,0.2631578947368421,0.0,0.3863477495330323,0.3863477495330323,0.0,0.01219512195121951,1.0982424602109202,0.3408855646994663,46,1.3740546365148179,0.8004902210701653,73,0,0,0.21428473013156216,0.36355068647251193,47,0,0,0.41866747375739904,0.7828941548712016,69,14.244882121894399,0.8656143196047699,58.75,56.174165801572,0.6556845182929509,54,coif,0.6696905268131349,0.4609759507764294,0.3929238459978767,1,40.75,,0.23529994283014527,0.06943913149352099,0.6657117593761235,0.8023898321296082,0.06480437291959716,0.73991935483871,0.5003633655152092,0.0443188180093559,,0.03921670687986985,0.3518329510821009,0.3518329510821009,0.3529660820958136,0.29732286618844556,0.25790653141562464,0.75,0.1678678859032401,0.012195121951219516,0.0,0.15625,0.0,0.39949314019741106,0.39949314019741106,0.0,0.011235955056179775,1.1691922083809432,0.363657962191416,72,1.4382864957926866,0.82725314284944,118,32.526911934581186,0.8465711701199001,95.0,89.43157894736844,0.6992289812863651,87,85.47058823529412,81.5,46.84483432219392,34,0.6557404306362157,0.6647622380444039,0.34155302714132785,4,66.25,57
raw,bior3.5,441997426.83074456,0.6068548387096774,609.8705445782831,-1.8608804768565224,992,5,True,False,1142.8507642693805,,"[14, 52, 107, 161, 218, 270, 306, 354, 392, 438, 494, 550, 605, 662, 714, 768, 801, 846, 879, 933, 986]","[1367.5916686813478, 4062.4878231011608, 5691.87761168322, 5869.314821279364, 5532.234648237434, 6534.959558764897, 3308.579854080162, 4613.841678315004, 790.7519245651596, 5901.527485350268, 4847.0181480979045, 3608.2212390384393, 4369.905754054825, 3773.9537997379202, 5174.574608015707, 5281.290720234757, 1258.5487190284048, 4943.983450769975, 3740.3032345953543, 5332.63498491282, 4226.877475481806]",21,11.921264500656457,2215463.9589827964,0.4260473360097054,1.5043757029080497e-06,-0.11801697377239305,21,5894.652448801319,897.7519560130825,9539.65261740149,"[14, 52, 107, 161, 218, 270, 318, 354, 394, 438, 494, 550, 605, 662, 714, 768, 810, 846, 879, 933, 986]","[1544.481989602771, 6401.673385092856, 8156.278261942962, 8156.600507703882, 6846.840954650788, 9243.176861577958, 986.7932667211866, 7760.9591620709925, 897.7519560130825, 9539.65261740149, 7439.173066699173, 4997.301374053816, 6700.496694299472, 5102.4623428611, 6665.241766398616, 9176.415706408596, 983.6521508808298, 7145.020850800382, 3875.3003830130533, 7941.550651152901, 4226.877475481806]","[6, 30, 30, 30, 175, 30, 306, 306, 392, 306, 474, 527, 585, 652, 695, 695, 801, 801, 857, 695, 695]","[17, 87, 143, 249, 249, 695, 323, 415, 398, 695, 695, 555, 695, 695, 749, 912, 819, 912, 887, 969, 991]",0.05,30,4110407906.194879,6539.586215715905,-6539.586215715905,,,,,,,,,,,,,,,,,,,,,,,,,,,,,,,,,,,SWT,mdp.39015056038386,,,4702.243357892228,,,7976.652617401491,,4972.586215715905,0.0,-11.5,,,0.0,-11.5,,,0.0,0.0,-11.5,,1.0,3582217910.194879,,,,,,4702.243357892228,97554.70142482771,4702.243357892228,,4972.586215715905,,,,,,,695.7519560130825,,,,,,0.0,,,0.5289522861442563,0.36879043407538037,0.7578505867228499,0.4358589370089364,0.09302325581395221,0.4236397249727269,0.3062963795510308,,0.13817566613945836,0.36257478296683854,0.36257478296683854,0.3622977977884245,0.3671864568295905,0.3949735032840065,0.25,0.40346964584840284,0.06521739130434782,0.0,0.07894736842105263,0.0,0.5216629762492988,0.5216629762492988,0.0,0.03658536585365854,1.2809004515824591,0.3975811258268325,35,1.3059984522894823,0.7608423726455126,92,0,0,0.24158304461882601,0.4098643970448619,38,0,0,0.41634451489844765,0.7785502996001968,75,28.035691537752374,0.7355123439834681,60.0,50.575219410038436,0.5847373040672057,73,bior,0.5656760374832664,0.7418882791367996,0.38146029002067355,2,55.25,,0.5373356387947708,0.0827749644972316,0.353412220618975,0.7578505867228499,0.4460772813256322,0.37096774193548365,0.42067788766233594,0.3134224372841316,,0.13866208796722748,0.40491911083834686,0.40491911083834686,0.4037782792091864,0.4078892574662357,0.4089416857503615,0.25,0.4081181034985899,0.03658536585365854,0.0,0.046875,0.0,0.5319097031889528,0.5319097031889528,0.0,0.03370786516853933,1.3460095909081806,0.41865409417806093,48,1.4420716741360071,0.8294302478211665,116,48.08326112068523,0.7731921645250697,82.0,67.90243902439025,0.6931998558474405,88,72.16666666666667,58.5,63.091659284444,30,0.5536711757184198,0.8953164897413547,0.3438352300746997,3,66.75,58
raw,db18,137824067.1192378,0.6387096774193548,476.3028968660794,1.2009459370111883,992,5,True,False,703.8569022911425,,"[33, 92, 144, 202, 256, 312, 368, 422, 478, 534, 591, 644, 688, 721, 754, 809, 864, 917, 972]","[3244.689225298102, 4552.86058745373, 3297.8182026189515, 5445.471948504177, 3963.524174330652, 3696.87650017716, 4379.422048554096, 3734.3725214246897, 3921.458560643686, 3028.8928372116097, 2435.503173077213, 4259.874937124912, 3107.470149703821, 309.45433932534024, 4444.905267734817, 4617.7590161724465, 4522.719821116071, 3782.5736708134623, 3999.272934383789]",19,11.946484145216758,1489623.7386100865,0.44839916826450454,1.244960272750353e-06,0.06686467330098084,19,5143.967356840822,377.4128236615542,8075.836007743971,"[33, 92, 144, 202, 256, 312, 368, 422, 478, 534, 591, 644, 688, 721, 754, 809, 864, 917, 972]","[3772.3357204194062, 6378.562859914115, 4802.028661173528, 8075.836007743971, 5331.287470455042, 5017.259429458394, 5798.667613031389, 5361.64580997483, 5729.519024104446, 4253.996397683181, 2468.695964069927, 6072.340100229112, 4580.134226158738, 377.4128236615542, 6262.376050043356, 6440.206100247898, 6033.627532629385, 5405.634767066619, 5573.813221910739]","[17, 48, 129, 155, 240, 266, 240, 389, 433, 513, 567, 433, 658, 719, 433, 433, 817, 898, 953]","[48, 155, 155, 953, 322, 322, 433, 433, 489, 626, 597, 658, 735, 722, 762, 953, 953, 953, 984]",0.05,30,2454484532.481429,5447.027383070377,-5447.027383070377,,,,,,,,,,,,,,,,,,,,,,,,,,,,,,,,,,,SWT,mdp.39015056038386,,,3951.5582659317306,,,6512.836007743971,,3880.0273830703773,0.0,-8.0,,,0.0,-9.5,,,0.0,0.0,-12.5,,3.0,1926294536.481429,,,,,,3951.5582659317306,71502.37977997561,3951.558265931732,,3880.0273830703773,,,,,,,175.41282366155423,,,,,,0.0,,,0.21947146709251997,0.7092082087854885,0.7973773139708062,0.047310376100728635,0.5523255813953477,0.5288653352292997,0.03476845944520756,,0.03401840837744449,0.27220831070493406,0.27220831070493406,0.2718920579030041,0.2189267289487173,0.28682706770994393,0.75,0.15919914839177304,0.021739130434782608,0.0,0.18421052631578946,0.0,0.3628512896521843,0.3628512896521843,0.0,0.12195121951219513,1.077700324270682,0.33450945207969335,49,1.3600939608627585,0.7923570769854793,75,0,0,0.20743021801924294,0.3519214743380876,49,0,0,0.4127609631456284,0.7718491778345582,77,15.609825965290794,0.852737490893483,62.5,59.57995578481946,0.6315574246920246,61,db,0.9602409638554217,0.549355620914199,0.16302463902694514,4,46.75,,0.23336272641228412,0.06779472402150494,0.6796348950223965,0.7973773139708062,0.06456653992672613,0.6895161290322576,0.523475680419697,0.044683782763473755,,0.03456361754934563,0.3205557075291578,0.3205557075291578,0.31925314252796066,0.26916564999793313,0.30329201544754536,0.75,0.1657510817908719,0.012195121951219516,0.0,0.109375,0.0,0.37650001122446497,0.37650001122446497,0.0,0.11235955056179778,1.1528117529561295,0.3585630915646232,80,1.4321703359785123,0.8237353371526989,122,29.698484809834994,0.8599128075007784,101.0,96.63366336633663,0.6917488565805778,89,130.3421052631579,133.5,47.75033755736292,76,1.0,0.6776119869201771,0.09671640392394687,6,68.25,59
raw,bior3.7,394527735.2851934,0.6098790322580645,589.3260429074835,-1.310401366659262,992,5,True,False,1035.843822640026,,"[12, 52, 108, 161, 218, 270, 306, 354, 404, 438, 494, 550, 605, 662, 714, 768, 801, 846, 880, 931, 986]","[1212.0345546761475, 3909.3511519229864, 5266.409864113049, 5472.399426511605, 4976.32829935633, 6029.508586344522, 2939.7193624882057, 4584.30499900299, 196.53317414441926, 5564.705966580927, 4571.274984375199, 3316.4599205729187, 4031.400795299507, 3474.8696819404095, 4896.4223818014425, 4637.446306390947, 1173.1601076202944, 4824.713307730263, 3657.8272905545205, 4814.451341136596, 3634.0393152114266]",21,11.929572629721616,2120340.1214500233,0.4219217973110342,1.880414023419232e-06,-0.14128441775560144,21,5470.1081475385145,196.53317414441926,8890.53631248626,"[12, 52, 108, 161, 218, 270, 318, 354, 404, 438, 494, 550, 605, 662, 714, 768, 812, 846, 880, 931, 986]","[1301.2026868194555, 6124.290286485787, 6885.080573929373, 7432.706020295971, 6157.6835370315, 8276.967997824957, 1012.4767386972939, 7533.068636861402, 196.53317414441926, 8890.53631248626, 6955.53622276973, 4544.352231450555, 6356.9144138038855, 4761.667841210766, 8188.068833949963, 5696.370312056996, 772.2426151293205, 6796.283079196748, 6413.203899716815, 6943.0463692361955, 3634.0393152114266]","[6, 30, 30, 30, 178, 30, 306, 306, 392, 306, 474, 539, 585, 652, 695, 761, 801, 801, 857, 912, 695]","[17, 87, 143, 249, 249, 695, 323, 416, 406, 695, 695, 555, 695, 695, 912, 801, 819, 912, 912, 969, 991]",0.05,30,3646614066.1546803,6031.13563222587,-6031.13563222587,,,,,,,,,,,,,,,,,,,,,,,,,,,,,,,,,,,SWT,mdp.39015056038386,,,4277.6990566294235,,,7327.53631248626,,4464.13563222587,0.0,-11.5,,,0.0,-11.5,,,0.0,0.0,-11.5,,1.0,3118424070.1546803,,,,,,4277.6990566294235,88639.2710983088,4278.275983767186,,4464.13563222587,,,,,,,5.466825855580737,,,,,,0.0,,,0.4535147941701301,0.42999340523958707,0.7708719102674436,0.37522154143203934,0.1366279069767432,0.4103970314387816,0.2707117191356912,,0.0,0.3114687050189982,0.3114687050189982,0.31123899223128637,0.3164501235319489,0.3470169394723602,0.25,0.3350539487078512,0.06521739130434782,0.0,0.07894736842105263,0.0,0.4477558398072125,0.4477558398072125,0.0,0.03658536585365854,1.0803493116030216,0.3353316762928174,48,1.2941918702650193,0.7539641501908239,96,0,0,0.20368495119843294,0.345567338311259,50,0,0,0.4067626155229167,0.7606324686630506,82,23.804761428476166,0.7754267789766399,69.0,63.04661220567035,0.5622416913751125,81,bior,0.5656760374832664,0.7418882791367996,0.38146029002067355,2,61.25,,0.4632407265205074,0.10448972705365138,0.41206308557931787,0.7708719102674437,0.38653821704762564,0.40120967741935487,0.4077407361254389,0.278203319641033,,0.0005644094842276876,0.3572080233349113,0.3572080233349113,0.3560406850700645,0.3604163038505492,0.36209229003369353,0.25,0.34023553508912885,0.03658536585365854,0.0,0.046875,0.0,0.4595857731649599,0.4595857731649599,0.0,0.03370786516853933,1.151600325738978,0.35818629709920113,81,1.4311235443517036,0.8231332584529968,123,29.698484809834994,0.8599128075007784,102.0,97.67647058823529,0.6893903660145402,90,72.16666666666667,58.5,63.091659284444,30,0.5536711757184198,0.8953164897413547,0.3438352300746997,3,68.25,60
raw,sym8,141450719.19561842,0.6395161290322581,456.4816177392046,2.5074075432827665,992,5,True,False,741.947671808445,,"[6, 49, 106, 158, 216, 268, 324, 380, 436, 492, 548, 602, 658, 704, 765, 810, 844, 877, 931, 984]","[551.4138291589268, 3438.1396147613286, 3976.0627344329996, 4124.673813359845, 3943.6961261053502, 4289.6294428562915, 3123.3460811591835, 3942.532515302848, 4400.640472257235, 4062.6230018890724, 2526.5995546585195, 2630.2917062053903, 3344.1779250770933, 4264.890154639885, 4090.380682168831, 1315.6364486312063, 2991.4675611427974, 4171.914113166577, 3409.1608677604513, 4310.713955605287]",20,11.940139573144572,1499811.1378017217,0.45012657070775275,1.6647288344035052e-06,0.5178535457226834,20,4698.034450705427,1116.1349755925426,6067.977365508507,"[12, 49, 106, 158, 216, 268, 324, 380, 436, 492, 548, 602, 658, 704, 765, 810, 844, 877, 931, 984]","[1116.1349755925426, 4764.73225768134, 5065.715818265586, 5559.4954980053135, 4779.43099108545, 5853.679066633485, 4672.744277898021, 5152.413053197837, 6030.012116023286, 5589.108080879707, 3900.3893951004793, 3763.691501776886, 4718.048817603791, 6067.977365508507, 5709.443010985986, 1315.6364486312063, 4224.606038695273, 5819.206865935686, 5045.567741909769, 4812.655692698384]","[6, 6, 62, 62, 169, 62, 277, 277, 277, 447, 503, 503, 503, 447, 722, 799, 799, 722, 909, 909]","[15, 62, 116, 169, 223, 277, 358, 413, 909, 693, 581, 611, 693, 909, 854, 816, 854, 909, 941, 991]",0.05,30,2426790776.8239226,4404.851533582466,-4404.851533582466,,,,,,,,,,,,,,,,,,,,,,,,,,,,,,,,,,,SWT,mdp.39015056038386,,,3505.625359796336,,,4504.977365508507,,2837.851533582466,0.0,-7.5,,,0.0,-12.0,,,0.0,0.0,-12.0,,2.0,1898600780.8239226,,,,,,3505.625359796336,67727.68901410855,3505.625359796336,,2837.851533582466,,,,,,,914.1349755925426,,,,,,0.0,,,0.24632460461796002,0.8544622802563018,0.7874334716140012,0.05194303178934298,0.5639534883720925,0.7855461906343992,0.038579440479535,,0.18188980379885317,0.2185275009692385,0.2185275009692385,0.21818792184091787,0.19744554836869482,0.1384869314785713,0.5,0.1551139548506424,0.043478260869565216,0.0,0.05263157894736842,0.0,0.2113631505766988,0.2113631505766988,0.0,0.13414634146341464,0.8176485481274846,0.2537914869915033,68,1.5614946490352517,0.9096881329089924,28,0,0,0.15507260279436888,0.26309271390620753,74,0,0,0.47546321539480485,0.8891002896598469,35,23.11384866265244,0.7819448239372411,51.25,43.240854407070955,0.6492271289497527,55,sym,1.0,0.7438299373379558,0.07685101879861327,5,42.5,,0.2597379520085783,0.09203473932780934,0.8188320086382954,0.7874334716140012,0.06911528385278241,0.6975806451612903,0.7742342677481788,0.04845561556493946,,0.18235155295273248,0.27044092836005357,0.27044092836005357,0.2690422881425188,0.2490661468804503,0.1583765921852915,0.5,0.16169772208524785,0.02439024390243903,0.0,0.03125,0.0,0.22825698494315838,0.22825698494315838,0.0,0.12359550561797755,0.9038388594112051,0.2811241773651987,119,1.6332136017070489,0.9393685395147819,39,56.568542494923804,0.7331672523824349,79.0,58.74683544303798,0.6802628714742363,91,129.60526315789474,131.5,61.198630736176845,38,0.9943468604885928,0.8684530391040276,0.04342128592677678,7,70.0,61
raw,db7,141575946.66131508,0.6399193548387097,463.3268387180341,2.64950662016102,992,5,True,False,633.4747800538407,,"[1, 35, 68, 102, 155, 213, 265, 322, 378, 433, 489, 552, 600, 657, 702, 763, 819, 875, 928, 981]","[695.6106594306709, 3016.7502336952143, 883.3170935015181, 4589.257387578116, 4288.451555783619, 4247.474523045003, 4360.717714310218, 2767.873684833859, 4168.527423891844, 3958.9973765728614, 3695.8105073031556, 3068.5609225786425, 2256.0658700843755, 3727.778395873529, 4382.031758290166, 3515.0356905999433, 3610.2869343514753, 4396.968435337949, 2885.907903475584, 3689.964551931251]",20,11.936022208298914,1501419.4857733734,0.45045021001567914,1.2944849518237393e-06,0.29583633626607975,20,4586.709696436946,695.6106594306709,6168.769324558793,"[2, 35, 68, 102, 155, 213, 265, 322, 378, 433, 489, 552, 600, 657, 702, 763, 819, 875, 928, 981]","[695.6106594306709, 4196.769602626169, 2555.2340455304466, 6168.769324558793, 5935.516516517107, 5797.811533944116, 6024.272460475806, 3966.8246523563703, 5985.842740880906, 5293.233744879171, 5296.645626199392, 4321.1078113418735, 2690.5279922655627, 4722.816360483257, 5891.076320282152, 4579.313365938057, 4597.6144762600525, 5584.192505531676, 3741.049637306079, 3689.964551931251]","[1, 14, 57, 74, 129, 170, 170, 277, 337, 410, 444, 504, 586, 444, 444, 720, 720, 444, 907, 945]","[5, 74, 74, 444, 170, 251, 444, 337, 444, 444, 504, 642, 618, 690, 720, 779, 832, 945, 945, 991]",0.05,30,2132457519.308841,4614.734296668977,-4614.734296668977,,,,,,,,,,,,,,,,,,,,,,,,,,,,,,,,,,,SWT,mdp.39015056038386,,,3394.3006055278547,,,4605.769324558793,,3047.7342966689766,0.0,-3.0,,,0.0,-7.5,,,0.0,0.0,-12.0,,2.0,1604267523.308841,,,,,,3394.3006055278547,65501.19392873891,3394.3006055278543,,3047.7342966689766,,,,,,,493.6106594306709,,,,,,0.0,,,0.1698536507102049,0.8702610372727554,0.7809803292294787,0.05210299632939596,0.5697674418604641,0.6591848306922691,0.03918110372068849,,0.09771266456329007,0.20512637521570426,0.20512637521570426,0.2047809727953195,0.18477490964463195,0.14593341830888923,0.5,0.11169592454045442,0.043478260869565216,0.0,0.2894736842105263,0.0,0.24187119700630982,0.24187119700630982,0.0,0.24390243902439024,0.8138502036994044,0.2526125116448021,71,1.4969077308655208,0.8720613930181649,39,0,0,0.1697342136500684,0.2879672753745392,65,0,0,0.44876162711646533,0.8391692138079819,46,15.195942440884233,0.8566420524444884,55.25,52.04993563941728,0.6677078186750744,48,db,0.9602409638554217,0.549355620914199,0.16302463902694514,4,37.0,,0.1846279705782871,0.07065458321165229,0.8339719723800427,0.7809803292294787,0.06927235093888999,0.701612903225806,0.6507883798108549,0.04905109823147007,,0.09822192409290909,0.2579300429791801,0.2579300429791801,0.256507418100045,0.23721048831522015,0.16565116276509184,0.5,0.11861802640253831,0.02439024390243903,0.0,0.171875,0.0,0.2581115013182164,0.2581115013182164,0.0,0.22471910112359553,0.8897316123290692,0.2767363507193775,124,1.5626752421564443,0.8987972904622619,53,50.204581464244875,0.7631859364894109,88.5,74.25988700564972,0.6728665531503658,93,130.3421052631579,133.5,47.75033755736292,76,1.0,0.6776119869201771,0.09671640392394687,6,71.25,62
raw,coif12,137194417.96482378,0.6403225806451613,459.3709169878301,1.662226713466043,992,5,True,False,605.5726084955427,,"[37, 95, 148, 206, 258, 314, 371, 426, 482, 538, 595, 644, 695, 756, 812, 868, 919, 972]","[3242.264724871246, 4386.82201201651, 4787.280380583449, 5182.810108705438, 3807.5496827020024, 2841.4256014385605, 4567.961948539289, 4777.944086008432, 4631.377568128154, 2868.293135466385, 1435.239963830921, 778.2966221885194, 4119.607665653943, 4160.884232898777, 4347.445023947062, 4855.455982527532, 1198.4541101897044, 3797.3598079733956]",18,11.951138077805178,1486087.4877359103,0.4478279666709622,1.2591405523541503e-06,-0.07241461503466365,18,4803.380092736503,778.2966221885194,6909.259978587717,"[37, 95, 148, 206, 258, 314, 371, 426, 482, 538, 595, 644, 695, 756, 812, 868, 919, 972]","[4623.680489534346, 6020.236867239832, 6297.557686757564, 6909.259978587717, 4884.505223077547, 4210.676780821252, 5648.558945470108, 6180.959900281194, 6235.420216124601, 4048.202141628847, 1435.239963830921, 778.2966221885194, 5125.511766094943, 5171.769158803, 5794.06957811219, 6523.39004653459, 1198.4541101897044, 5375.052193980169]","[7, 7, 7, 7, 216, 268, 348, 348, 435, 491, 591, 572, 682, 682, 682, 682, 917, 900]","[72, 120, 163, 682, 348, 348, 402, 682, 682, 572, 611, 648, 713, 765, 844, 986, 956, 986]",0.05,20,2134596853.5557075,5195.409147435581,-5195.409147435581,,,,,,,,,,,,,,,,,,,,,,,,,,,,,,,,,,,SWT,mdp.39015056038386,,,3610.971001827412,,,5346.259978587717,,3628.409147435581,0.0,-13.0,,,0.0,-13.0,,,0.0,0.0,-13.0,,4.0,1606406857.5557075,,,,,,3610.971001827412,60227.841669257046,3610.971001827412,,3628.409147435581,,,,,,,576.2966221885194,,,,,,10.0,,,0.15018324605290195,0.7604939951795493,0.8046714185174829,0.04650606742275408,0.5755813953488373,0.4495943619162865,0.03344559138432165,,0.11426406844742312,0.2312088691494057,0.2312088691494057,0.23087480055147208,0.1547650785950734,0.20064069808751578,1.0,0.11201150450568927,0.0,0.0,0.0,0.0,0.32627667674736427,0.32627667674736427,0.0,0.0,1.0064862934823968,0.3124051937038812,52,1.350388653353497,0.7867030050532684,79,0,0,0.1829704526237946,0.3104235827477149,59,0,0,0.4029251536888763,0.7534565435489052,87,16.45954636879968,0.8447212606717012,69.25,66.29936542547463,0.5957096869396241,71,coif,0.6696905268131349,0.4609759507764294,0.3929238459978767,1,53.5,,0.1653076449770328,0.06861358047252174,0.7287821124689604,0.8046714185174829,0.063776799773448,0.705645161290323,0.4460336863420583,0.043374503840509664,,0.11476398620771265,0.2822798698559115,0.2822798698559115,0.28090392611403286,0.20913090067390144,0.21909542138624258,1.0,0.11893114721361037,0.0,0.0,0.0,0.0,0.34070888371331287,0.34070888371331287,0.0,0.0,1.097930583732273,0.34149320859793203,91,1.4196910848508644,0.816557699216201,131,28.284271247461902,0.8665836261912174,111.0,107.39639639639638,0.67149936026542,94,85.47058823529412,81.5,46.84483432219392,34,0.6557404306362157,0.6647622380444039,0.34155302714132785,4,71.5,63
raw,db38,135627387.0447327,0.6532258064516129,495.56001567146893,0.7308204853401352,992,5,True,False,930.7052775546367,,"[19, 76, 120, 153, 186, 239, 296, 352, 408, 445, 490, 544, 580, 631, 671, 735, 792, 842, 900, 954, 987]","[3840.7529557123125, 3202.4901011494717, 4186.20307266704, 175.5064194920826, 3090.567792366608, 3734.1266074111154, 4682.4658631321245, 3265.991889392548, 2618.88997139369, 1919.2739706232926, 4280.543322924032, 2936.1890315405803, 1568.1564645559251, 3693.0956549293887, 2656.9738688714715, 4054.3672681860253, 3852.5696375186176, 3430.455409506765, 3707.207203268215, 4258.780427206165, 933.7526036227272]",21,11.948348074187082,1483995.3588010678,0.4474863281026501,1.2334532239141558e-06,0.2941238733705247,21,4776.7178312930755,315.085394621884,7944.737271500568,"[19, 76, 120, 153, 186, 239, 296, 352, 408, 445, 490, 544, 585, 631, 671, 735, 792, 842, 900, 954, 987]","[4429.729134302747, 5089.205496586251, 7233.504243018415, 315.085394621884, 5440.587566467323, 5595.9453022758225, 7944.737271500568, 5823.936895741726, 2618.88997139369, 1919.2739706232926, 7112.574326603253, 4161.503891105176, 1671.1899620632921, 5376.387890607855, 4071.401135307671, 6181.3712116665265, 6962.370632455622, 5343.006199183961, 5736.738173821839, 6349.883184184962, 933.7526036227272]","[2, 27, 27, 152, 139, 139, 27, 302, 399, 417, 417, 535, 580, 496, 642, 496, 746, 798, 798, 798, 986]","[27, 89, 139, 154, 196, 249, 798, 417, 417, 451, 798, 580, 596, 642, 693, 798, 798, 857, 937, 968, 990]",0.05,30,2935229566.33167,4693.951698724118,-4693.951698724118,,,,,,,,,,,,,,,,,,,,,,,,,,,,,,,,,,,SWT,mdp.39015056038386,,,3584.3087403839845,,,6381.737271500568,,3126.9516987241177,0.0,-11.5,,,0.0,-11.5,,,0.0,0.0,-11.5,,1.0,2407039570.33167,,,,,,3584.3087403839845,74078.0744571546,3584.308740383986,,3126.9516987241177,,,,,,,113.085394621884,,,,,,0.0,,,0.37939447982152724,0.6569390600945011,0.8002986482443102,0.04450435494708711,0.7616279069767432,0.6582101803898786,0.032662951621014916,,0.02154221028180938,0.2279993016024137,0.2279993016024137,0.22766383832693082,0.23358460847087598,0.2771415231277538,0.25,0.23011536977770516,0.06521739130434782,0.0,0.07894736842105263,0.0,0.2533860453168176,0.2533860453168176,0.0,0.03658536585365854,0.8050701135022365,0.24988724275982466,72,1.511383697193912,0.880494732696571,37,0,0,0.14897302308766233,0.2527443032275488,79,0,0,0.4762339402992947,0.8905415194198841,34,23.302360395462088,0.7801664113635652,55.5,48.20095452049996,0.628290752851594,63,db,0.9602409638554217,0.549355620914199,0.16302463902694514,4,48.25,,0.3904395497358364,0.06713023633614491,0.6295453205597098,0.8002986482443103,0.06181134451896423,0.8346774193548382,0.6498362171239221,0.04259990372983432,,0.022094461138242795,0.2792835147405961,0.2792835147405961,0.27790182667597085,0.2828807292997341,0.29383008000436717,0.25,0.2361146891320541,0.03658536585365854,0.0,0.046875,0.0,0.2693796835741835,0.2693796835741835,0.0,0.03370786516853933,0.8868212274554464,0.2758311234823606,127,1.5568985406224956,0.8954747295446412,58,48.79036790187178,0.7698567551798501,92.5,79.63243243243244,0.6667680002314345,95,130.3421052631579,133.5,47.75033755736292,76,1.0,0.6776119869201771,0.09671640392394687,6,72.75,64
raw,bior3.3,524607432.0136293,0.604233870967742,615.0961319319771,-2.7151636722591457,992,5,True,False,1295.166730118691,,"[14, 51, 107, 160, 218, 270, 327, 383, 438, 494, 550, 605, 662, 713, 768, 801, 848, 895, 933, 986]","[2118.890230067515, 4188.751235304618, 6984.398246390132, 6869.3196497720355, 6577.887204390047, 7409.2454802572065, 4797.998475909388, 4713.783502227404, 6488.121390548229, 5253.758364892249, 4045.3973033500197, 4636.740720368589, 3600.0680749727744, 5626.69039205039, 6450.758534268277, 1622.680147570129, 5223.74615003899, 1981.145607172585, 6255.92979970577, 5387.384215449112]",20,11.872754068048884,2405741.633400427,0.4371689553300784,6.72789955459617e-07,-0.11739160731710577,20,7578.4676102284375,1818.1806076477835,11518.596020628622,"[14, 51, 107, 160, 218, 270, 327, 383, 438, 494, 550, 605, 662, 713, 768, 810, 848, 895, 933, 986]","[2635.599044516628, 6937.9874741214535, 10466.194263696292, 9869.15620544775, 8834.55951550086, 11518.596020628622, 8586.331818188246, 7992.87993820517, 10626.768222680968, 8416.75997937636, 5900.082832427709, 7482.096470200494, 5792.730321981078, 8225.109485560122, 11238.355576056356, 1818.1806076477835, 8142.651688747829, 1981.145607172585, 9716.782916963317, 5387.384215449112]","[6, 30, 30, 143, 175, 143, 306, 360, 306, 471, 529, 584, 640, 695, 695, 801, 776, 887, 912, 912]","[19, 89, 143, 249, 249, 912, 415, 415, 912, 695, 555, 695, 695, 749, 912, 819, 912, 899, 969, 991]",0.05,30,4905342444.756004,7419.842373721888,-7419.842373721888,,,,,,,,,,,,,,,,,,,,,,,,,,,,,,,,,,,SWT,mdp.39015056038386,,,6386.0585193193465,,,9955.596020628622,,5852.842373721888,0.0,-12.0,,,0.0,-12.0,,,0.0,0.0,-12.0,,2.0,4377152448.756004,,,,,,6386.0585193193465,125336.35220456874,6386.058519319346,,5852.842373721888,,,,,,,1616.1806076477835,,,,,,0.0,,,0.6363316231884668,0.27381013635698515,0.6818202273823258,0.5413842817033989,0.055232558139534205,0.42399565303769854,0.3774769227712213,,0.32241959160899525,0.5652702110615859,0.5652702110615859,0.5650813046535346,0.525287529004083,0.5411773882856196,0.5,0.520732955408634,0.043478260869565216,0.0,0.05263157894736842,0.0,0.6496148639768694,0.6496148639768694,0.0,0.024390243902439032,1.8733463102178076,0.5814715219748605,5,1.3094698768929751,0.7628647386959098,91,0,0,0.34531056267232185,0.5858461871205511,14,0,0,0.4271502003685188,0.7987565695498836,63,40.778875250142285,0.6152936297156388,43.25,13.409742120343838,0.6036373808955553,69,bior,0.5656760374832664,0.7418882791367996,0.38146029002067355,2,52.25,,0.6428039192233967,0.03475409517040828,0.26239251178116835,0.6818202273823258,0.5496912347441096,0.3447580645161294,0.42102560357835933,0.3838717796780496,,0.322802024417818,0.5941494273624406,0.5941494273624406,0.5933713698270521,0.5558212103312425,0.5517701771880938,0.5,0.5244676397283979,0.02439024390243903,0.0,0.03125,0.0,0.657120661425686,0.657120661425686,0.0,0.022471910112359553,1.9202778592977827,0.5972707722030937,6,1.4363208215590757,0.8261225543385072,119,79.90306627407988,0.6230987439901893,62.5,11.424000000000001,0.6641437116177362,96,72.16666666666667,58.5,63.091659284444,30,0.5536711757184198,0.8953164897413547,0.3438352300746997,3,72.75,65
smoothed,sym10,125539910.93531258,0.5991935483870968,332.3734368243926,2.740740061982814,992,5,True,False,706.800178467844,,"[5, 49, 106, 159, 216, 268, 325, 381, 436, 492, 549, 603, 659, 704, 765, 822, 876, 930, 983]","[421.75853966009356, 2769.3762615025285, 3849.799389999632, 3770.697186460285, 3789.554901472523, 4061.5897712127176, 2894.7912660750744, 3747.6018739756487, 4022.694822079042, 3742.779154476912, 2233.2927785113684, 2359.2541897496735, 3140.1623275479583, 3890.880852519095, 3658.2321197634865, 2816.9981598376685, 4095.9854525820624, 3263.8265424697747, 4083.4577346524884]",19,11.90696353823241,1465134.3948270984,0.4584694178285623,1.4921911141812823e-05,0.6253046961858881,19,4276.847874819095,677.5539349223341,5541.58736946846,"[12, 49, 106, 159, 216, 268, 325, 381, 436, 492, 549, 603, 659, 704, 765, 822, 876, 930, 983]","[677.5539349223341, 3690.888109081819, 4988.7253276766205, 4615.858800779573, 4241.088919870787, 5488.542638013121, 4177.972964517143, 4805.791811754035, 5280.538462690421, 4999.981724828744, 2675.802018199408, 2986.2560463131185, 4214.371458464369, 5251.0832494971, 5004.775786540917, 3751.0799810999974, 5541.58736946846, 4546.377491697102, 4321.833526147729]","[5, 5, 61, 115, 168, 61, 303, 303, 303, 446, 502, 502, 502, 446, 724, 774, 446, 909, 909]","[16, 61, 168, 168, 222, 446, 359, 414, 446, 693, 569, 610, 693, 724, 854, 854, 909, 940, 991]",0.05,30,2169580910.412234,4198.517077584633,-4198.517077584633,,,,,,,,,,,,,,,,,,,,,,,,,,,,,,,,,,,SWT,mdp.39015056038386,,,3246.276446247666,,,4093.5873694684597,,2750.5170775846327,0.0,11.0,,,0.0,-11.5,,,0.0,0.0,-7.0,,2.0,1690169857.0788996,,,,,,3246.276446247666,59618.10962156279,3246.2764462476666,,2750.5170775846327,,,,,,,626.8872682556674,,,,,,0.0,,,0.2929248340834698,0.8213792319835016,0.7628031701712095,0.07268325635946048,0.3435294117647069,0.8339791979330169,0.05057325934239843,,0.13874342167921044,0.34593144802422193,0.34593144802422193,0.3441322785152554,0.3114780411900576,0.17507179864168387,0.6666666666666666,0.1998062739338534,0.1358024691358025,0.0,0.016129032258064516,0.0,0.264600082158448,0.264600082158448,0.0,0.5340909090909091,1.1901176672432845,0.3783789482196925,57,1.7448487544447862,0.9823368919195269,4,0,0,0.23393649696730273,0.397655228551628,52,0,0,0.503553963599829,0.9730515685352218,5,28.94247167514666,0.7269578143854089,29.5,8.217355142777931,0.724327963796478,38,sym,0.9158172895432238,0.8766686279425545,0.09592730893697696,5,29.75,0.8505593471608683,0.2354007417670917,0.8575858820443987,0.8436924507361421,0.7354367006045501,0.049159084330896774,0.29435483870967816,0.8339791979330167,0.03561672762707653,,0.12488509481863427,0.2412948094004169,0.2412948094004169,0.23984029305749818,0.20588419466442393,0.12868488274521572,0.5,0.13119100720834836,0.14634146341463417,0.0,0.046875,0.0,0.21583420229845215,0.21583420229845215,0.0,0.5393258426966293,0.900595040112254,0.28011524084687606,121,1.6919896557607643,0.9731745132081017,14,75.66042558696059,0.6431112000615067,67.5,25.0962962962963,0.6623574868232062,97,129.60526315789474,131.5,61.198630736176845,38,0.9943468604885928,0.8684530391040276,0.04342128592677678,7,74.5,66
raw,db20,137606003.5605911,0.6469758064516129,473.81894918048823,-0.12981713711348297,992,5,True,False,934.2497848158548,,"[4, 64, 119, 173, 225, 261, 308, 353, 394, 434, 473, 506, 558, 604, 639, 685, 724, 775, 812, 857, 910, 944, 980]","[2718.51301347663, 3669.3319686597547, 4890.067629205262, 3689.4761514415536, 4084.6962408402014, 1891.8506412683753, 3559.128345518269, 2025.2862610433247, 3682.738536426933, 2653.3777974169975, 3191.6596816281276, 56.020073628573755, 3195.7402271783712, 998.6283992995938, 3627.191559593726, 2259.2659156243385, 3828.305789493556, 3629.6508870434554, 3340.95508182808, 5015.844906056884, 2682.689624137242, 3148.0912036216287, 2196.6665157717084]",23,11.947352100843007,1488521.3997266244,0.4482214549521926,1.235044146324605e-06,-0.07249584918857445,23,4433.725260272925,56.020073628573755,8098.138715525628,"[4, 64, 119, 173, 225, 274, 308, 353, 394, 434, 473, 506, 558, 604, 639, 685, 724, 775, 823, 857, 910, 944, 987]","[2718.51301347663, 5517.704955520838, 8013.086177599743, 5685.856908622208, 6060.451118149491, 1219.9936845253194, 5765.611767886287, 2025.2862610433247, 6607.263236662893, 2823.214650614594, 5990.833904765365, 56.020073628573755, 4805.000493586555, 998.6283992995938, 6349.818447145506, 2754.2137960083833, 6750.489366366488, 6131.994354419909, 2876.326615578211, 8098.138715525628, 3778.7825536616156, 5623.0141029515735, 1325.4383892385365]","[1, 41, 41, 148, 148, 261, 261, 349, 371, 428, 428, 505, 510, 595, 483, 678, 371, 755, 812, 812, 895, 921, 980]","[41, 97, 812, 206, 812, 276, 371, 355, 483, 441, 483, 510, 595, 611, 651, 706, 812, 812, 839, 868, 921, 980, 991]",0.05,30,2965484356.8989687,5049.342162230699,-5049.342162230699,,,,,,,,,,,,,,,,,,,,,,,,,,,,,,,,,,,SWT,mdp.39015056038386,,,3241.316169363834,,,6535.138715525628,,3482.3421622306987,0.0,-12.0,,,0.0,-12.0,,,0.0,0.0,-12.0,,1.0,2437294360.8989687,,,,,,3241.316169363834,75742.68098627726,3254.010076004827,,3482.3421622306987,,,,,,,145.97992637142625,,,,,,0.0,,,0.3818932778807834,0.5612522690535386,0.7987376600779874,0.047031823495138646,0.671511627906976,0.44954812740056116,0.0343560879950218,,0.02812677025313816,0.1867103124016494,0.1867103124016494,0.18788564710379224,0.24305762643836365,0.28847478664845244,0.25,0.2345783496834403,0.043478260869565216,0.0,0.05263157894736842,0.0,0.30504473611092875,0.30504473611092875,0.0,0.024390243902439032,0.7963922212397496,0.24719369528604476,74,1.336370423903945,0.7785363315507164,85,0,0,0.14600833505448224,0.24771447973533015,80,0,0,0.4206186962585725,0.786542875602507,67,7.767453465154029,0.9267221371211884,76.5,75.89615447387823,0.6025120119568206,70,db,0.9602409638554217,0.549355620914199,0.16302463902694514,4,53.5,,0.39289387606809556,0.0672221059688505,0.5378485785049031,0.7987376600779875,0.0642930327727456,0.7721774193548385,0.44598851857202415,0.04427564739145579,,0.028675304721474296,0.24073736414972846,0.24073736414972846,0.24071107911581568,0.2917444392555344,0.3049016936739342,0.25,0.24054289130528816,0.02439024390243903,0.0,0.03125,0.0,0.3199317644419363,0.3199317644419363,0.0,0.022471910112359553,0.8818839579478928,0.27429546719331205,128,1.3972359222667197,0.8036422586031743,141,9.192388155425117,0.9566396785121457,134.5,134.18587360594796,0.6611028581239974,98,130.3421052631579,133.5,47.75033755736292,76,1.0,0.6776119869201771,0.09671640392394687,6,75.0,67
raw,db5,142213894.55604225,0.6433467741935484,472.66274914913345,1.4420462833639238,992,5,True,False,668.5773128096541,,"[1, 51, 107, 160, 218, 271, 327, 383, 436, 495, 532, 576, 619, 663, 713, 768, 822, 877, 931, 984]","[260.9892726601131, 2940.9506135849283, 4051.5330495051467, 4243.994119602135, 3638.5398341863975, 4120.48167925557, 3336.650336728603, 3981.9300599095573, 4083.989031225605, 3710.9827939363245, 1927.2454970952563, 3208.302764399441, 1224.8450301945938, 2781.2487509888515, 3444.9195073265787, 3773.059620602681, 3404.407934344941, 3239.8755570641756, 3238.313296183201, 2867.9547309531754]",20,11.935323127081933,1504695.4295676178,0.45129780785175244,1.2939214744538197e-06,0.03607347842879327,20,4597.674896943438,260.9892726601131,6477.4233978304965,"[1, 51, 107, 160, 218, 271, 327, 383, 436, 495, 532, 576, 619, 663, 713, 768, 822, 877, 931, 984]","[260.9892726601131, 4538.857453692976, 5973.276306019962, 6209.815563375484, 4691.131607859719, 5202.407190867951, 5576.974188624787, 6314.646805043445, 6477.4233978304965, 5496.696431680124, 2068.8351291985427, 4561.674224499902, 1810.354526406628, 4209.519779298318, 4358.005110124202, 6283.184331601742, 4563.53735057092, 5621.244847530737, 4866.96969102955, 2867.9547309531754]","[0, 30, 30, 30, 175, 175, 304, 360, 360, 471, 527, 527, 611, 582, 695, 695, 800, 869, 910, 695]","[17, 86, 142, 695, 262, 695, 360, 415, 695, 695, 544, 695, 629, 695, 758, 910, 910, 910, 978, 991]",0.05,30,2322101199.22276,4251.48477794828,-4251.48477794828,,,,,,,,,,,,,,,,,,,,,,,,,,,,,,,,,,,SWT,mdp.39015056038386,,,3405.2658060343474,,,4914.4233978304965,,2684.4847779482798,0.0,-7.5,,,0.0,-7.5,,,0.0,0.0,-12.0,,2.0,1793911203.2227602,,,,,,3405.2658060343474,65720.49793886876,3405.265806034348,,2684.4847779482798,,,,,,,58.9892726601131,,,,,,0.0,,,0.19460014839266693,0.7360140534981408,0.7798846598388297,0.052917905750345114,0.6191860465116268,0.5113404898904375,0.04040659409703884,,0.010713688326072675,0.20644635145877627,0.20644635145877627,0.20610152261760598,0.1860229348037049,0.16873671049011396,0.5,0.13967086394130085,0.043478260869565216,0.0,0.2894736842105263,0.0,0.1890701331185764,0.1890701331185764,0.0,0.13414634146341464,0.7718801448240518,0.23958534529626482,79,1.384763011610913,0.8067286553508557,67,0,0,0.15433606099231312,0.2618431135376294,75,0,0,0.41919284256844086,0.7838765769533971,68,5.737304826019502,0.9458744827734009,72.25,71.91293500694971,0.6321353545942476,60,db,0.9602409638554217,0.549355620914199,0.16302463902694514,4,46.0,,0.20893404872184707,0.07062204456698148,0.7053229612793684,0.7798846598388298,0.07007249982280958,0.7358870967741931,0.5063551770093913,0.05026399978037912,,0.011272050902998078,0.259162332846932,0.259162332846932,0.2577420703949613,0.23837824003547767,0.18792799776179683,0.5,0.1463749713288934,0.02439024390243903,0.0,0.171875,0.0,0.20644151877463335,0.20644151877463335,0.0,0.12359550561797755,0.8494644736843237,0.26421192105087576,138,1.4490416940106745,0.8334391645869906,107,21.920310216782973,0.8966023102981935,122.5,120.53877551020409,0.6593860608094742,100,130.3421052631579,133.5,47.75033755736292,76,1.0,0.6776119869201771,0.09671640392394687,6,76.5,68
raw,db35,135908053.6257593,0.6441532258064516,487.77952786514527,1.976399414691615,992,5,True,False,550.1092732806212,,"[27, 80, 133, 191, 243, 301, 356, 412, 467, 524, 581, 637, 687, 741, 797, 852, 907, 959]","[4076.061378169042, 3282.566737734571, 3874.7875422865764, 4118.325816636074, 3847.6697831692773, 3188.956864273729, 4693.9530315405345, 2911.1695302792277, 3813.038851266115, 2427.0799322380494, 2714.2394377704536, 3240.595609416563, 3414.646646562796, 4342.097419406499, 4102.6791123597095, 3222.8841216700957, 3967.7165107222145, 4038.2495738445223]",18,11.948504222857785,1484357.6139736467,0.4475461452798701,1.236421782786273e-06,-0.1754116386250286,18,4798.188059309999,3015.5244663149333,6484.388009361962,"[27, 80, 133, 191, 243, 301, 356, 412, 467, 524, 581, 637, 687, 741, 797, 852, 907, 959]","[5257.31303387397, 4317.111841113461, 5017.956248774586, 5306.758484347831, 5353.702701459137, 4375.739674939884, 6484.388009361962, 3898.7143049338283, 4908.216689846665, 3015.5244663149333, 3630.0235465096416, 4561.171899505018, 4331.258149173806, 5791.883179070641, 5692.86396547579, 4181.950139109195, 5317.425387482442, 4925.383346287199]","[5, 38, 99, 99, 212, 279, 212, 378, 378, 507, 543, 627, 671, 671, 774, 844, 844, 844]","[99, 99, 167, 212, 279, 347, 844, 422, 671, 543, 627, 671, 712, 844, 844, 872, 943, 984]",0.05,20,1936648480.771319,4694.915086158822,-4694.915086158822,,,,,,,,,,,,,,,,,,,,,,,,,,,,,,,,,,,SWT,mdp.39015056038386,,,3605.7789684009076,,,4921.388009361962,,3127.9150861588223,0.0,-13.0,,,0.0,-13.0,,,0.0,0.0,-13.0,,4.0,1408458484.771319,,,,,,3605.7789684009076,60134.38506757998,3605.7789684009085,,3127.9150861588223,,,,,,,2813.5244663149333,,,,,,10.0,,,0.11108283965472363,0.7954241177173497,0.8005433799217233,0.04486287614123886,0.6308139534883715,0.3909734829190027,0.032798466836067894,,0.5620941522236412,0.2305838590757492,0.2305838590757492,0.230249518887483,0.1542332315481116,0.16925125439357616,1.0,0.08281151357715962,0.0,0.0,0.0,0.0,0.2535260809641259,0.2535260809641259,0.0,0.0,1.0806118489238608,0.3354131657508481,47,1.3551168118556849,0.7894575131667676,76,0,0,0.19792872191935762,0.33580144829839537,51,0,0,0.4009284452397826,0.7497227656183004,90,20.51016008388688,0.8065079237369162,66.0,61.39353055825474,0.5919332071514769,72,db,0.9602409638554217,0.549355620914199,0.16302463902694514,4,55.0,,0.12690311818079805,0.06730165916069947,0.7622556818242157,0.8005433799217234,0.06216337178234757,0.7439516129032258,0.38876533735625884,0.04273402686732317,,0.5623413104373248,0.28169637936882724,0.28169637936882724,0.28031931701531937,0.20863326222527845,0.18843066244481246,1.0,0.08995869696305704,0.0,0.0,0.0,0.0,0.2695167194389775,0.2695167194389775,0.0,0.0,1.1731340144492548,0.3648839959879814,71,1.4171486089997372,0.8150953541656034,134,44.54772721475249,0.7898692112511675,102.5,92.81951219512196,0.6531893226067158,103,130.3421052631579,133.5,47.75033755736292,76,1.0,0.6776119869201771,0.09671640392394687,6,78.75,69
raw,db13,139223978.27274957,0.6417338709677419,466.42850296750817,1.4122995814099446,992,5,True,False,657.8659721163949,,"[9, 52, 114, 159, 225, 270, 326, 382, 437, 493, 557, 613, 664, 714, 774, 819, 881, 939, 988]","[599.752222352862, 3596.1215557933656, 3840.2292449357383, 3278.7381187484784, 3333.8095928891858, 3073.9620586434867, 2529.654349095045, 2781.7814586401164, 3204.1819965577656, 3504.1123922380248, 2790.492873999516, 2013.798892659613, 3949.7279271054804, 3633.4602977718646, 3144.7150602606393, 2821.441646455648, 3188.1961936264997, 2209.929800983774, 678.7115434120115]",19,11.941048344458526,1493504.5016950232,0.44902883604045324,1.272962581700584e-06,-0.16426272468812114,19,4408.748595544474,599.752222352862,6656.860133189441,"[9, 52, 114, 159, 225, 270, 326, 382, 437, 493, 557, 613, 664, 714, 774, 819, 881, 939, 988]","[599.752222352862, 4640.446264958218, 5579.049501025, 5672.836939104764, 5475.215109018475, 4483.579762567433, 3511.4879331539764, 4498.261978526847, 5332.5393658839985, 5562.087255229926, 4114.586529573377, 2727.887891918038, 6656.860133189441, 4877.685364171802, 5433.783455039112, 4610.989009757468, 5655.53767128262, 3654.9253851796207, 678.7115434120115]","[4, 12, 96, 150, 150, 256, 317, 373, 373, 150, 512, 576, 150, 702, 758, 813, 813, 917, 813]","[12, 96, 150, 208, 373, 373, 373, 409, 484, 648, 623, 623, 813, 813, 813, 864, 975, 950, 989]",0.05,30,2148478385.7923384,3955.228170917,-3955.228170917,,,,,,,,,,,,,,,,,,,,,,,,,,,,,,,,,,,SWT,mdp.39015056038386,,,3216.3395046353826,,,5093.860133189441,,2388.228170917,0.0,-3.5,,,0.0,-8.0,,,0.0,0.0,-12.5,,3.0,1620288389.7923384,,,,,,3216.3395046353826,57533.22331534499,3216.339504635382,,2388.228170917,,,,,,,397.75222235286196,,,,,,0.0,,,0.18704889363034777,0.7327067771488761,0.7888577881134482,0.04909861115396353,0.5959302325581387,0.3973189006025844,0.036220205296843104,,0.07852450184668709,0.18370365474379724,0.18370365474379724,0.1833489433474048,0.13943042284577478,0.18199345536654787,0.75,0.11405921325763352,0.021739130434782608,0.0,0.2631578947368421,0.0,0.14600699544364554,0.14600699544364554,0.0,0.23170731707317077,0.8397597362487388,0.26065462070010376,67,1.3265046693951623,0.7727887871679177,86,0,0,0.1639613862052331,0.2781732252844151,68,0,0,0.3981687726434575,0.7445622702838263,93,13.025615788386615,0.8771168321850319,78.5,76.90555039060727,0.5682753972245914,78,db,0.9602409638554217,0.549355620914199,0.16302463902694514,4,59.5,,0.20151718550790887,0.06941174935301683,0.7021535952362261,0.7888577881134483,0.06632238449699165,0.7197580645161288,0.39496435041406136,0.04612061558244291,,0.07904459135732826,0.23793043956527754,0.23793043956527754,0.23646947337732077,0.19478257564165452,0.20087868557734326,0.75,0.12096289921273042,0.012195121951219516,0.0,0.15625,0.0,0.16430086083890352,0.16430086083890352,0.0,0.21348314606741575,0.9209860491195919,0.28645752805122193,113,1.3944981361102866,0.8020675777527427,142,20.506096654409877,0.9032731289886327,127.5,125.85098039215686,0.650929017324505,104,130.3421052631579,133.5,47.75033755736292,76,1.0,0.6776119869201771,0.09671640392394687,6,79.5,70
smoothed,db2,124481962.92368504,0.6076612903225806,328.8216145959826,2.369047046711728,992,5,True,False,718.8263463690225,,"[19, 53, 87, 144, 210, 249, 306, 361, 415, 450, 488, 529, 585, 652, 695, 734, 768, 801, 857, 912, 950, 986]","[3129.192857736873, 1585.6521053479335, 3189.2251176526033, 2512.489053665837, 2202.167304257666, 2116.9572592307286, 2949.5725958296557, 3188.747622358596, 2958.704442847895, 2695.5370898015526, 1179.0078427005128, 2049.009629991078, 2075.0664460187027, 1536.8945730434584, 4136.849615322588, 2146.1463731238255, 1913.659988093136, 2299.920504016665, 3262.843277088725, 3528.0285916136536, 331.569609549548, 1526.3421506711522]",22,11.893063885612213,1469622.9012454075,0.46314339784330677,1.4286363627630683e-05,0.4190630238941996,19,4376.213860871835,1179.0078427005128,6659.271014562298,"[19, 87, 144, 210, 249, 306, 361, 415, 450, 488, 529, 585, 652, 695, 734, 801, 857, 912, 968]","[3749.432988332667, 4998.787655132453, 4713.47759874005, 4342.043407899446, 4169.114982416691, 5049.715281050505, 5669.0665995823, 5104.148271057911, 4597.915292665199, 1179.0078427005128, 3633.5931258413357, 2822.9280302818925, 2811.397156026972, 6659.271014562298, 4257.553090152852, 3852.6025413224716, 5315.813207890325, 5910.87925731334, 4311.316013595634]","[0, 53, 108, 161, 218, 161, 161, 384, 439, 485, 495, 550, 606, 384, 714, 714, 714, 714, 933]","[53, 161, 161, 271, 271, 328, 384, 439, 495, 495, 663, 663, 663, 986, 768, 824, 880, 986, 986]",0.05,30,2103578778.9861388,4162.473286359848,-4162.473286359848,,,,,,,,,,,,,,,,,,,,,,,,,,,,,,,,,,,SWT,mdp.39015056038386,,,3345.6424323004067,,,5211.271014562298,,2714.4732863598483,0.0,-11.5,,,0.0,-7.0,,,0.0,0.0,-11.5,,2.0,1624167725.6528046,,,,,,3345.6424323004067,61506.06335656486,3345.6424323004057,,2714.4732863598483,,,,,,,1128.3411760338463,,,,,,0.0,,,0.303287036342877,0.7761238768770726,0.7388129344688289,0.07072133988776147,0.44235294117647117,0.7193048155820283,0.05293296529505849,,0.2501961418995483,0.36194088695287574,0.36194088695287574,0.36018575517403545,0.32668700817227875,0.2848178829697591,0.6666666666666666,0.18509344095060284,0.024691358024691364,0.0,0.16129032258064518,0.0,0.25831467463712876,0.25831467463712876,0.0,0.022727272727272724,1.1917144264676274,0.3788866123713107,55,1.6908783160808611,0.951951935892308,11,0,0,0.22017918577159434,0.3742699646073281,59,0,0,0.4894480108087773,0.9457936766681956,7,27.80887148615228,0.7376521557910163,33.0,14.875573018991487,0.7131657005370176,41,db,1.0,0.5574538516488061,0.13276384450535816,4,31.75,0.8120481768401209,0.24372803196028175,0.8208854645310256,0.8040903723983188,0.7136517869969741,0.047832148498448024,0.37903225806451635,0.7193048155820282,0.03727857432805483,,0.2252054081282867,0.2524617459046305,0.2524617459046305,0.2510286377342758,0.21593718558105093,0.20935271219049095,0.5,0.12153069304524133,0.03658536585365854,0.0,0.1875,0.0,0.21070719739573912,0.21070719739573912,0.0,0.03370786516853933,0.8811905452873081,0.2740797926161994,129,1.6368264993239343,0.9414465545118667,37,65.05382386916237,0.6931423402398001,83.0,57.50602409638554,0.6508164531387679,105,130.3421052631579,133.5,47.75033755736292,76,1.0,0.6776119869201771,0.09671640392394687,6,80.25,71
raw,rbio5.5,211606436.55630514,0.6245967741935484,499.38686727610764,0.8890285998352581,992,5,True,False,713.5285160443261,,"[18, 85, 120, 159, 217, 269, 305, 359, 414, 470, 504, 537, 583, 641, 694, 732, 767, 800, 856, 911, 946, 985]","[1945.3858208384788, 3056.2728420481703, 759.959727281228, 2829.7017546873712, 2631.3574835264913, 2329.6714406263022, 3396.7595210353243, 3494.441544549711, 3191.358651981045, 3365.6997409071873, 63.744651816101396, 1229.6976878713883, 3092.174313565864, 1811.4142293076206, 3875.9663414004026, 336.0819209394417, 2457.977472044984, 2556.9411280936597, 3640.698572690623, 3429.187504445704, 379.0809407888371, 3168.793353089886]",22,11.945085405005994,1698991.985909485,0.425302956472174,2.122857724210195e-06,-0.2431743479817467,19,4348.8345667469575,63.744651816101396,6760.115810390714,"[18, 85, 143, 209, 248, 305, 359, 414, 470, 504, 537, 583, 641, 694, 732, 800, 856, 911, 968]","[1945.3858208384788, 4973.776453399019, 5506.35462074787, 2723.947396220039, 5097.189231025997, 5591.345821083914, 6384.911819404722, 5801.036124345108, 6044.432482537683, 63.744651816101396, 1229.6976878713883, 4782.211379001208, 3022.3234662620785, 6760.115810390714, 336.0819209394417, 4892.550912159846, 6222.905397016835, 6229.577544608923, 5020.268228522828]","[0, 48, 107, 190, 217, 159, 159, 383, 383, 503, 532, 493, 634, 159, 728, 767, 767, 879, 932]","[159, 159, 159, 217, 269, 327, 383, 437, 493, 521, 549, 661, 661, 985, 767, 823, 985, 985, 985]",0.05,30,2290385476.472978,3884.9494275492466,-3884.9494275492466,,,,,,,,,,,,,,,,,,,,,,,,,,,,,,,,,,,SWT,mdp.39015056038386,,,3156.4254758378665,,,5197.115810390714,,2317.9494275492466,0.0,-12.5,,,0.0,-8.0,,,0.0,0.0,-12.5,,3.0,1762195480.472978,,,,,,3156.4254758378665,56394.856768192185,3175.3256008828866,,2317.9494275492466,,,,,,,138.2553481838986,,,,,,0.0,,,0.2262897376997652,0.6745288405058208,0.7951850696404226,0.14155937112238487,0.34883720930232537,0.3524062559520685,0.11309055173187625,,0.02658052698339769,0.17649128369845005,0.17649128369845005,0.17840959880194407,0.13295215511937758,0.18962196112910804,0.75,0.13499237730582778,0.021739130434782608,0.0,0.2631578947368421,0.0,0.1357914487539234,0.1357914487539234,0.0,0.01219512195121951,0.781420361140805,0.24254655117230328,76,1.266710052789334,0.7379539235506957,103,0,0,0.14588838946045293,0.2475109827198315,81,0,0,0.3788424337078091,0.7084226637077817,101,13.744695946679455,0.8703330571067975,90.25,88.66564512416518,0.5094589813835875,100,rbio,0.7365997322623828,1.0,0.184380187416332,3,75.75,,0.2400596505714184,0.11848991562171753,0.646401623709086,0.7951850696404226,0.157108393338219,0.548387096774194,0.3510879525893184,0.12220131279191056,,0.027129934166100184,0.23119718825996294,0.23119718825996294,0.2318514173407254,0.1887209924862248,0.20833107283763047,0.75,0.14173294176025797,0.012195121951219516,0.0,0.15625,0.0,0.1543041471315169,0.1543041471315169,0.0,0.011235955056179775,0.8666185840090468,0.26954742428052353,135,1.3802231204348825,0.793857077538601,146,7.7781745930520225,0.9633104972025848,140.5,140.2846975088968,0.6502873240729905,106,85.1,51.5,70.4685549829093,30,0.6528972339995962,1.0,0.24297193620028265,5,80.75,72
raw,coif10,137686572.69390753,0.6411290322580645,459.67891774582847,1.1111401500618392,992,5,True,False,690.7167084451132,,"[30, 97, 150, 208, 260, 316, 373, 428, 484, 540, 595, 652, 697, 758, 814, 869, 923, 976]","[4049.6496031278452, 4923.381624187225, 3601.377069597504, 5101.665013501456, 5051.83982189546, 4476.279049253535, 4848.184979420633, 4900.573347292106, 4978.5433190876865, 3579.9900937878692, 2440.869024328338, 4019.190060868818, 4355.869585508024, 4441.194906859598, 3693.344317260989, 5246.739113396591, 4194.11532098155, 3560.8893619210517]",18,11.95027608669206,1487613.8791573537,0.4480749721598491,1.2526845655667213e-06,-0.02225355684522274,19,5473.124917935978,995.6099427545471,6945.246034067055,"[30, 63, 97, 150, 208, 260, 316, 373, 428, 484, 540, 595, 652, 697, 758, 814, 869, 923, 976]","[5526.2753907608885, 995.6099427545471, 6695.316927443751, 5012.146832660792, 6711.031647643134, 6087.926343910033, 5909.212767932726, 5940.378108342351, 6434.148235897381, 6560.832113895255, 4920.399518342986, 3563.610076766281, 5372.1109993645605, 5744.4984913728385, 5956.47632216666, 4872.823500263364, 6945.246034067055, 5796.306265674117, 4945.023921524871]","[9, 61, 9, 120, 9, 229, 296, 350, 350, 439, 493, 560, 560, 560, 560, 791, 9, 889, 958]","[65, 65, 120, 161, 560, 560, 350, 405, 439, 560, 560, 618, 673, 715, 846, 846, 889, 958, 988]",0.05,30,2403212912.780175,5263.640259823036,-5263.640259823036,,,,,,,,,,,,,,,,,,,,,,,,,,,,,,,,,,,SWT,mdp.39015056038386,,,4280.715827026887,,,5382.246034067055,,3696.640259823036,0.0,-12.5,,,0.0,-8.0,,,0.0,0.0,-8.0,,3.0,1875022916.7801752,,,,,,4280.715827026887,77756.37344078359,4280.715827026888,,3696.640259823036,,,,,,,793.6099427545471,,,,,,0.0,,,0.21020792537546215,0.6992234865912706,0.8033204205866086,0.04713474184680958,0.5872093023255806,0.47814358809775065,0.034016595685680225,,0.1577640824537182,0.31183185982433875,0.31183185982433875,0.3115328249415136,0.25451723834592155,0.20329933961732555,0.75,0.15163590950726674,0.2173913043478261,0.0,0.2631578947368421,0.0,0.33619458479302156,0.33619458479302156,0.0,0.01219512195121951,1.117586210064349,0.3468897079839327,44,1.3475718452277148,0.7850620023599266,81,0,0,0.2260966628210221,0.3835905476197984,43,0,0,0.4084651515013089,0.7638161539251963,80,21.36976056643281,0.798398485222332,62.0,56.474229938321365,0.6067464124224868,68,coif,0.6696905268131349,0.4609759507764294,0.3929238459978767,1,51.25,,0.22426405023797813,0.06824077213754717,0.6700665263314645,0.8033204205866086,0.06439408695386972,0.7137096774193545,0.4739242106091947,0.043939642510642765,,0.1582394483935385,0.35754705366927936,0.35754705366927936,0.35631540490560637,0.30246696469602685,0.22169268314144316,0.75,0.15824677938027373,0.12195121951219515,0.0,0.15625,0.0,0.35041433466175537,0.35041433466175537,0.0,0.011235955056179775,1.1803309486273406,0.3671224837220492,67,1.4162780284974519,0.8145946260709397,135,48.08326112068523,0.7731921645250697,101.0,89.55445544554456,0.6483885350927235,109,85.47058823529412,81.5,46.84483432219392,34,0.6557404306362157,0.6647622380444039,0.34155302714132785,4,82.75,73
smoothed,sym2,124481962.9234357,0.6076612903225806,328.8216145958793,2.369047046719864,992,5,True,False,718.8263463684218,,"[19, 53, 87, 144, 210, 249, 306, 361, 415, 450, 488, 529, 585, 652, 695, 734, 768, 801, 857, 912, 950, 986]","[3129.1928577341723, 1585.6521053454953, 3189.2251176517257, 2512.4890536646667, 2202.167304257525, 2116.9572592317913, 2949.572595826968, 3188.7476223556105, 2958.7044428444947, 2695.5370898030023, 1179.0078427007284, 2049.0096299894944, 2075.0664460191374, 1536.8945730427786, 4136.849615319837, 2146.1463731235863, 1913.6599880881568, 2299.9205040147367, 3262.843277087518, 3528.028591610213, 331.56960954964825, 1526.342150668297]",22,11.893063885612014,1469622.9012449908,0.46314339784333997,1.4286363627636921e-05,0.41906302389482947,19,4376.2138608685955,1179.0078427007284,6659.271014556873,"[19, 87, 144, 210, 249, 306, 361, 415, 450, 488, 529, 585, 652, 695, 734, 801, 857, 912, 968]","[3749.432988331833, 4998.7876551291, 4713.477598736523, 4342.043407896735, 4169.114982412805, 5049.715281047199, 5669.066599577614, 5104.148271052594, 4597.9152926617135, 1179.0078427007284, 3633.5931258398177, 2822.928030279406, 2811.3971560253276, 6659.271014556873, 4257.553090149528, 3852.6025413197053, 5315.813207885742, 5910.879257307704, 4311.316013592359]","[0, 53, 108, 161, 218, 161, 161, 384, 439, 485, 495, 550, 606, 384, 714, 714, 714, 714, 933]","[53, 161, 161, 271, 271, 328, 384, 439, 495, 495, 663, 663, 663, 986, 768, 824, 880, 986, 986]",0.05,30,2103578778.9841137,4162.473286357341,-4162.473286357341,,,,,,,,,,,,,,,,,,,,,,,,,,,,,,,,,,,SWT,mdp.39015056038386,,,3345.642432297167,,,5211.271014556873,,2714.473286357341,0.0,-11.5,,,0.0,-7.0,,,0.0,0.0,-11.5,,2.0,1624167725.6507795,,,,,,3345.642432297167,61506.063356503306,3345.6424322971666,,2714.473286357341,,,,,,,1128.3411760340618,,,,,,0.0,,,0.30328703634235943,0.7761238768780632,0.7388129344684855,0.07072133988729909,0.44235294117647117,0.7193048155823786,0.05293296529483939,,0.2501961418995962,0.3619408869523538,0.3619408869523538,0.3601857551735121,0.32668700817178287,0.2848178829692264,0.6666666666666666,0.18509344095015143,0.024691358024691364,0.0,0.16129032258064518,0.0,0.25831467463669144,0.25831467463669144,0.0,0.022727272727272724,1.1917144264662565,0.37888661237087484,56,1.6908783160810636,0.951951935892422,10,0,0,0.2201791857713522,0.3742699646069165,60,0,0,0.4894480108087994,0.9457936766682383,6,28.959742171964628,0.726794885170145,33.0,13.280632411067192,0.707737065226582,43,sym,0.9158172895432238,0.8766686279425545,0.09592730893697696,5,33.5,0.812048176840499,0.2437280319598658,0.8208854645313859,0.8040903723991857,0.7136517869966622,0.04783214849813529,0.37903225806451635,0.7193048155823785,0.03727857432790052,,0.2252054081283298,0.2524617459042664,0.2524617459042664,0.2510286377339111,0.21593718558072317,0.20935271219009938,0.5,0.12153069304494493,0.03658536585365854,0.0,0.1875,0.0,0.21070719739538246,0.21070719739538246,0.0,0.03370786516853933,0.8811905452863423,0.27407979261589904,130,1.6368264993242037,0.9414465545120216,36,66.46803743153546,0.6864715215493611,83.0,56.385542168674704,0.6474810437935484,110,129.60526315789474,131.5,61.198630736176845,38,0.9943468604885928,0.8684530391040276,0.04342128592677678,7,84.25,74
raw,db14,139043426.3001989,0.6405241935483871,463.41255847411406,0.7632720739851623,992,5,True,False,812.3826089964548,,"[2, 48, 102, 158, 226, 269, 325, 379, 436, 492, 557, 591, 629, 663, 711, 765, 818, 852, 887, 930, 986]","[545.9486837286836, 4046.516664145067, 3591.006224164761, 3692.4306221744373, 4246.878626969308, 2907.9608997365644, 3114.531319178463, 3725.9294167460826, 3644.9147775049655, 3387.454838110967, 3094.737946839195, 838.2988319317909, 1829.7261766976847, 3539.309149764493, 4194.298334203815, 3317.877330398157, 3951.0792633532237, 2546.775308820572, 3621.325506490172, 3240.613836972048, 1025.0902729332436]",21,11.941486355301475,1492569.8664180548,0.44887604014946647,1.2673256167054072e-06,0.020076799947160048,21,4539.154715588898,209.72419805987533,6688.711278395777,"[2, 48, 102, 158, 226, 269, 325, 379, 436, 492, 557, 593, 629, 663, 711, 765, 818, 852, 887, 930, 986]","[545.9486837286836, 5872.892777062658, 5687.936384317949, 5693.097978576867, 6545.141004443349, 4674.647572214674, 4706.4133452487695, 5943.249544277471, 5527.691447123209, 5454.281386268798, 5078.732582352766, 209.72419805987533, 1829.7261766976847, 4621.214191568506, 6688.711278395777, 5025.461293086164, 6409.824696568941, 2964.1687591278833, 5631.545315225818, 5186.75014008777, 1025.0902729332436]","[0, 10, 70, 70, 70, 256, 313, 313, 405, 478, 511, 591, 622, 647, 647, 729, 729, 849, 863, 920, 973]","[10, 70, 125, 204, 863, 313, 369, 647, 647, 647, 647, 594, 632, 675, 863, 809, 863, 863, 920, 949, 988]",0.05,30,2603875855.605609,4258.446238323804,-4258.446238323804,,,,,,,,,,,,,,,,,,,,,,,,,,,,,,,,,,,SWT,mdp.39015056038386,,,3346.7456246798074,,,5125.711278395777,,2691.446238323804,0.0,-2.5,,,0.0,-7.0,,,0.0,0.0,-11.5,,1.0,2075685859.605609,,,,,,3346.7456246798074,69089.24902736687,3346.768463649244,,2691.446238323804,,,,,,,7.724198059875334,,,,,,0.0,,,0.2959796543550415,0.6605470692038069,0.7895442821312162,0.0488679755415278,0.5784883720930223,0.5022359612259994,0.035870569708059616,,0.0004518624180444575,0.19940176991350306,0.19940176991350306,0.1990566304567072,0.20519397554578078,0.18434661067322466,0.25,0.18123633525351385,0.06521739130434782,0.0,0.3157894736842105,0.0,0.1900820340161592,0.1900820340161592,0.0,0.25609756097560976,0.7302350828472284,0.22665905535279707,82,1.3509662278760013,0.7870394856741385,78,0,0,0.15227234051067273,0.2583418514676391,77,0,0,0.4159334120369535,0.7777815510169213,76,2.6299556396765835,0.9751890977389002,78.25,78.18525380853806,0.6184907752845444,67,db,0.9602409638554217,0.549355620914199,0.16302463902694514,4,51.25,,0.3085092785461193,0.06908623636741816,0.6330028790902889,0.7895442821312163,0.06609592641080629,0.7076612903225803,0.49746071254852214,0.04577457161884023,,0.001016016866837846,0.2525857247402671,0.2525857247402671,0.2511554258571348,0.25631619236194797,0.2031775138373969,0.25,0.18761654406367412,0.03658536585365854,0.0,0.1875,0.0,0.20743174317285962,0.20743174317285962,0.0,0.2359550561797753,0.8033302378833262,0.24986262753147975,148,1.4212591159952228,0.8174595770382141,130,12.727922061357855,0.9399626317860479,139.0,138.41726618705036,0.6421511272137786,113,130.3421052631579,133.5,47.75033755736292,76,1.0,0.6776119869201771,0.09671640392394687,6,86.25,75
raw,coif11,137417385.80453086,0.6372983870967742,457.0997205885376,1.3547575903436848,992,5,True,False,638.5947568707094,,"[29, 62, 96, 149, 207, 259, 316, 372, 427, 483, 539, 594, 651, 693, 754, 813, 868, 922, 975]","[3730.7512756362653, 387.146337420791, 5194.797606719788, 3432.629908358756, 5155.988998076626, 4985.077579400015, 4088.2510888456427, 4896.517056584136, 5323.39310602039, 4555.661702694882, 3432.8809489456776, 2902.7836987043956, 4137.24130401195, 4014.1589431139946, 3305.196109847917, 4588.468825545231, 5146.952764726565, 3525.7901388163345, 3733.6705584516267]",19,11.950753270070038,1486775.9283254256,0.4479395073601093,1.259477685997069e-06,-0.05314370444227529,19,5438.7136734047845,1378.3410623086077,7211.49607045853,"[29, 62, 96, 149, 207, 259, 316, 372, 427, 483, 539, 594, 651, 693, 754, 813, 868, 922, 975]","[5727.7550108590685, 1378.3410623086077, 7211.49607045853, 4691.606457901064, 6699.111302514495, 5950.439474132011, 5508.482176058026, 6095.299013803434, 7052.650492626266, 5959.579307074399, 4774.843064015726, 3764.2136710360837, 5465.041630375916, 5218.673433091415, 4411.959943325232, 6096.3220275150325, 6836.509473353343, 4996.096940875733, 5497.139243366536]","[6, 60, 51, 119, 119, 217, 295, 295, 51, 438, 492, 573, 492, 683, 714, 492, 845, 901, 932]","[51, 64, 119, 164, 295, 295, 349, 381, 987, 492, 573, 617, 683, 714, 765, 845, 987, 932, 987]",0.05,30,2271695036.5200844,5328.381096497633,-5328.381096497633,,,,,,,,,,,,,,,,,,,,,,,,,,,,,,,,,,,SWT,mdp.39015056038386,,,4246.3045824956935,,,5648.49607045853,,3761.381096497633,0.0,-12.5,,,0.0,-12.5,,,0.0,0.0,-8.0,,3.0,1743505040.5200844,,,,,,4246.3045824956935,77102.55979469091,4246.304582495694,,3761.381096497633,,,,,,,1176.3410623086077,,,,,,0.0,,,0.17346311944325282,0.7263091850246312,0.8040683096848663,0.0467908847168431,0.5319767441860462,0.4605624236973412,0.03370312856143139,,0.23437608680707356,0.3076894800065851,0.3076894800065851,0.3073886451042717,0.2507964861390388,0.2229698312740224,0.75,0.13223529135761852,0.2173913043478261,0.0,0.02631578947368421,0.0,0.34560515487564597,0.34560515487564597,0.0,0.01219512195121951,1.1151957076853478,0.3461477154067884,45,1.3237509626265367,0.7711845457633906,87,0,0,0.2162661141387011,0.36691225831908614,46,0,0,0.39669625647348755,0.741808714360132,94,26.14064523559687,0.753390139286822,68.0,60.519954096461774,0.5559403526622789,83,coif,0.6696905268131349,0.4609759507764294,0.3929238459978767,1,62.5,,0.18817320070369492,0.0686330486400101,0.6960227766727985,0.8040683096848664,0.0640564581429891,0.6754032258064517,0.45674868755867865,0.04362939547168538,,0.23480821220503117,0.3536798532521582,0.3536798532521582,0.35244079066520084,0.29898553264423494,0.24090904424657736,0.75,0.13899734038056896,0.12195121951219515,0.0,0.015625,0.0,0.3596233156195676,0.3596233156195676,0.0,0.011235955056179775,1.1876827106583376,0.3694091281074158,64,1.3990304482554448,0.804674408504074,139,53.033008588991066,0.7498442991085328,101.5,87.64532019704433,0.6355353571014362,116,85.47058823529412,81.5,46.84483432219392,34,0.6557404306362157,0.6647622380444039,0.34155302714132785,4,88.0,76
smoothed,rbio3.1,185905550.9592646,0.6554435483870967,547.5383501948883,-2.18440061961451,992,5,True,False,1028.5509233046432,,"[4, 60, 106, 169, 221, 279, 334, 390, 445, 501, 553, 610, 666, 724, 775, 829, 886, 941, 984]","[343.16266753034506, 5259.75564685039, 3037.3710129728147, 4325.921400636413, 2838.6711354834993, 3362.3097062313823, 4492.257290307613, 3742.8603136237684, 3703.3290854253014, 3634.7088673963362, 2399.352240075584, 2712.1215266880154, 4144.633101800662, 4292.90967843133, 3569.1056796817165, 3933.7958165753817, 2996.6895723756843, 3846.17821061551, 1412.9698579792325]",19,12.044392514676577,1467893.0700603183,0.4483059305466283,8.035388027336108e-06,-0.7418977854696021,19,5055.335559080348,343.16266753034506,7563.432965250669,"[4, 60, 114, 169, 221, 279, 334, 390, 445, 501, 553, 610, 666, 724, 775, 829, 886, 941, 977]","[343.16266753034506, 6939.124751317602, 4407.246855006412, 6932.616579744944, 5343.1404382637575, 4470.564031612771, 7563.432965250669, 6093.902497539323, 6166.788526375039, 4881.94695731785, 3547.626763858163, 3516.410913017443, 6898.897356792722, 7253.124147171784, 4709.863627620873, 6127.442541854833, 4703.513044470719, 5395.28650017988, 757.2844576014774]","[0, 38, 106, 106, 216, 268, 106, 381, 436, 492, 548, 548, 436, 702, 766, 766, 875, 875, 974]","[38, 702, 158, 268, 268, 295, 702, 436, 492, 548, 575, 633, 702, 875, 822, 875, 929, 984, 984]",0.05,30,3270822601.7778373,5276.0871287735445,-5276.0871287735445,,,,,,,,,,,,,,,,,,,,,,,,,,,,,,,,,,,SWT,mdp.39015056038386,,,4024.764130508919,,,6115.432965250669,,3828.0871287735445,0.0,-11.5,,,0.0,-7.0,,,0.0,0.0,-11.5,,2.0,2791411548.4445033,,,,,,4024.764130508919,74409.37562252661,4024.7641305089187,,3828.0871287735445,,,,,,,292.49600086367843,,,,,,0.0,,,0.5701574756456358,0.22172042394201202,1.0,0.18462859033239204,1.0,0.07378801837914384,0.05202355522316878,,0.06442190221216179,0.47135818138622587,0.47135818138622587,0.4699040276307188,0.43063343788396147,0.3735981331971408,0.6666666666666666,0.44528902925057945,0.024691358024691364,0.0,0.16129032258064518,0.0,0.45250947443774703,0.45250947443774703,0.0,0.022727272727272724,1.538687066998194,0.4892010345486327,29,1.4766990169929237,0.8313705809504606,49,0,0,0.28168484136386146,0.4788198995205588,38,0,0,0.4419483393265044,0.8540068312021875,36,8.286535263104035,0.9218251390273204,38.0,36.70247052270861,0.7816672864947923,29,rbio,0.6120548634704919,1.0,0.2715615955706557,3,22.5,0.4332686510896827,0.45819089771265376,0.4599157348453676,0.3189427269481795,0.9508290172918926,0.12487294731482262,0.8568548387096767,0.07378801837914373,0.03663811311885091,,0.05798714828270764,0.3287827203525964,0.3287827203525964,0.32749592738611477,0.2846448443542533,0.2746098020201567,0.5,0.2923727823759462,0.03658536585365854,0.0,0.1875,0.0,0.3691118334168843,0.3691118334168843,0.0,0.03370786516853933,1.11552311227321,0.3469650745863744,87,1.3915609963227402,0.8003782355199237,143,39.59797974644666,0.8132170766677045,115.0,108.18260869565218,0.6353821232395126,117,85.1,51.5,70.4685549829093,30,0.6528972339995962,1.0,0.24297193620028265,5,89.0,77
raw,db29,136418453.87818205,0.6461693548387096,486.9500172727573,0.21521058852567393,992,5,True,False,832.3544895529599,,"[14, 57, 126, 166, 218, 254, 290, 346, 384, 422, 457, 497, 551, 597, 633, 677, 717, 770, 805, 841, 881, 917, 951, 990]","[2896.5958282657684, 3033.1899919957136, 4341.265514003999, 3071.4359913371877, 3649.8103395622215, 777.9764248943204, 3201.3969309215786, 2763.148791658909, 3574.762701980317, 1993.6940992233826, 3289.8265120808733, 3498.4826901010133, 3344.8226791535035, 2267.4364160314967, 3088.6428934039996, 3218.1705413647996, 3390.332428218948, 2370.5963158862905, 3211.989469820214, 935.0889690656304, 3749.065787857441, 395.6284294101283, 3539.3387611178923, 1041.0736296515597]",24,11.949693900258904,1485422.684090476,0.4477202969756603,1.2422642267831412e-06,-0.19824156003098398,24,4068.3908733331627,259.8451457222949,7205.196969335477,"[14, 57, 126, 166, 218, 253, 290, 346, 384, 418, 457, 497, 551, 597, 633, 677, 717, 765, 799, 841, 881, 915, 951, 990]","[3660.9905002440314, 4937.742153541737, 7205.196969335477, 5245.104117468132, 6200.363701221647, 259.8451457222949, 4696.226256213093, 4995.197377709552, 6447.15096347221, 348.280639039117, 5355.321663328919, 5694.656678736037, 4384.892434929836, 3362.297365875117, 4903.311907704798, 4750.651068547359, 5971.826638604465, 309.41750526070336, 5672.572310043302, 935.0889690656304, 5557.340889210795, 395.6284294101283, 5311.203645659963, 1041.0736296515597]","[5, 34, 34, 145, 145, 252, 278, 309, 362, 417, 422, 422, 544, 586, 586, 643, 643, 747, 747, 833, 805, 913, 944, 969]","[34, 89, 805, 197, 805, 254, 362, 362, 805, 422, 476, 805, 643, 613, 643, 697, 805, 769, 805, 845, 969, 917, 969, 991]",0.05,30,2645832828.8966956,4344.456221698283,-4344.456221698283,,,,,,,,,,,,,,,,,,,,,,,,,,,,,,,,,,,SWT,mdp.39015056038386,,,2875.9817824240718,,,5642.196969335477,,2777.456221698283,0.0,-13.0,,,0.0,-10.0,,,0.0,0.0,-13.0,,2.0,2117642832.8966956,,,,,,2875.9817824240718,71408.3809599959,2937.846394662784,,2777.456221698283,,,,,,,57.84514572229489,,,,,,0.0,,,0.3100593818591519,0.5996128926484614,0.8024079602901988,0.04551485724752028,0.6598837209302313,0.3779798058824829,0.03319689649795828,,0.010484666296081878,0.14273184513584528,0.14273184513584528,0.14980974571353278,0.21839179622136598,0.2225044551269802,0.5,0.18742554116743543,0.0,0.0,0.15789473684210525,0.0,0.20258423537662584,0.20258423537662584,0.0,0.0,0.7447114947771434,0.23115241636763476,80,1.3051711282399512,0.7603603941319176,93,0,0,0.13357144389952774,0.22661432801573894,83,0,0,0.4040936450508579,0.7556415832633658,86,5.5677643628300215,0.9474739211053772,85.5,85.23552764307044,0.5704350737602357,77,db,0.9602409638554217,0.549355620914199,0.16302463902694514,4,58.75,,0.3223384256580144,0.06763903776607327,0.574609600257,0.8024079602901989,0.06280354348869516,0.7641129032258058,0.37607145688458155,0.04312836366781062,,0.011043158135213109,0.1996803982419303,0.1996803982419303,0.20511189289875145,0.268665124341022,0.24045441218921165,0.5,0.19375752064378407,0.0,0.0,0.09375,0.0,0.21966612783270634,0.21966612783270634,0.0,0.0,0.8333347339754389,0.2591950314144544,144,1.3676898405821523,0.786648364129477,154,7.0710678118654755,0.9666459065478044,149.0,148.83221476510067,0.6319078589342795,118,130.3421052631579,133.5,47.75033755736292,76,1.0,0.6776119869201771,0.09671640392394687,6,90.0,78
raw,db26,136726519.79385775,0.6459677419354839,481.56368044280595,0.4198027980765082,992,5,True,False,784.362355336873,,"[34, 86, 140, 198, 250, 308, 364, 419, 474, 531, 587, 643, 694, 748, 804, 860, 914, 966]","[3908.4971547558566, 4093.9102450480696, 4592.952649222529, 5381.712679152581, 3743.6769672578034, 4557.883564691827, 5299.902109797598, 3908.860492430664, 5050.956589012015, 3178.3433942425413, 2860.155804743835, 4438.005277307101, 3739.0205839605446, 5285.9665862380625, 5004.403685622776, 5077.886759200575, 4151.909557984222, 4381.226713575411]",18,11.949806216557272,1486197.785805835,0.44784614385584554,1.220064244467794e-06,-0.023697089792840534,18,5769.760585329435,3402.8048796486987,7306.820828414036,"[34, 86, 140, 198, 250, 308, 364, 419, 474, 531, 587, 643, 694, 748, 804, 860, 914, 966]","[5012.465997694035, 5370.897248662523, 6025.076903498263, 6989.373003418011, 4862.2511815766575, 6079.843360905576, 7070.782120516551, 5118.651477714889, 6520.153771526681, 4091.784925060335, 3402.8048796486987, 5674.41480880166, 4889.242684256219, 7306.820828414036, 6865.899947819363, 6898.989516879106, 5849.492288738342, 5826.745590798874]","[22, 45, 45, 45, 218, 218, 218, 384, 384, 514, 550, 627, 654, 627, 767, 848, 905, 905]","[45, 106, 190, 627, 266, 347, 627, 429, 627, 550, 599, 711, 711, 848, 848, 905, 952, 982]",0.05,20,2725007423.825041,5383.046981558177,-5383.046981558177,,,,,,,,,,,,,,,,,,,,,,,,,,,,,,,,,,,SWT,mdp.39015056038386,,,4577.351494420344,,,5743.820828414036,,3816.0469815581773,0.0,-13.0,,,0.0,-13.0,,,0.0,0.0,-13.0,,4.0,2196817427.825041,,,,,,4577.351494420344,77622.69053592984,4577.351494420343,,3816.0469815581773,,,,,,,3200.8048796486987,,,,,,10.0,,,0.27622600446680073,0.6223597160421303,0.8025839935281176,0.045908378127567734,0.6569767441860462,0.4773219995964416,0.03348685253888116,,0.6396167972253493,0.3475404666642531,0.3475404666642531,0.3472569485111901,0.2537564696372388,0.23001240254069233,1.0,0.1991048362339116,0.0,0.0,0.0,0.0,0.35355125456967107,0.35355125456967107,0.0,0.0,1.3874437597533031,0.4306513057612272,28,1.3476440553217086,0.7851040701733661,80,0,0,0.2544956810385144,0.4317716875534553,34,0,0,0.4164090983551409,0.7786710685013316,74,26.783079235467557,0.7473294411748344,54.0,43.88873314020497,0.6189477394553418,66,db,0.9602409638554217,0.549355620914199,0.16302463902694514,4,50.5,,0.2891071892498882,0.06635707441702107,0.5964079025577071,0.8025839935281177,0.0631899364851122,0.7620967741935485,0.47312157820551026,0.04341534114061483,,0.6398202009229514,0.390883528193968,0.390883528193968,0.3897157889008141,0.30175512891144834,0.2477890244184455,1.0,0.20534580490398235,0.0,0.0,0.0,0.0,0.36739919743423755,0.36739919743423755,0.0,0.0,1.4677955719541436,0.45653361593093544,35,1.4088244630571813,0.8103075904532552,136,71.4177848998413,0.6631236561328241,85.5,55.672514619883046,0.6299108846701856,119,130.3421052631579,133.5,47.75033755736292,76,1.0,0.6776119869201771,0.09671640392394687,6,90.75,79
raw,db21,137447033.98809472,0.6473790322580645,478.99654250126014,0.47370244995370003,992,5,True,False,786.2239844006476,,"[3, 49, 114, 159, 223, 278, 323, 356, 389, 433, 499, 557, 598, 631, 667, 720, 773, 808, 855, 909, 953, 986]","[2650.74931068635, 3499.289371717288, 3956.638468530865, 3351.453951206392, 3587.989790607338, 2755.072687387325, 2896.8659122550553, 41.58562393226953, 3226.730337226243, 3717.803898012549, 2930.0163040852767, 2886.4416602402594, 181.2015604647661, 3326.706210778086, 3000.1141356372223, 3372.431344669514, 3265.4339917810207, 2508.9979272916885, 3748.2700968039767, 2990.2537022020556, 2145.6436060446017, 946.8598872750442]",22,11.947952190955002,1488042.1145458852,0.4481441709449568,1.267669963116974e-06,-0.23834099651265614,22,4242.015764955099,41.58562393226953,7092.099669349553,"[3, 49, 114, 159, 223, 278, 323, 356, 389, 433, 499, 557, 598, 631, 667, 720, 773, 816, 855, 909, 953, 986]","[2650.74931068635, 5302.609438114965, 6306.444870587088, 4307.923499315528, 6686.630547041339, 4068.232528280043, 4826.071119936945, 41.58562393226953, 5578.732009099947, 6433.690507534227, 4474.107128054047, 3887.7945624457193, 181.2015604647661, 5371.250756002284, 4295.81557519685, 5754.3568281384905, 5990.066126378804, 2741.37476626052, 7092.099669349553, 2990.2537022020556, 3396.496812715337, 946.8598872750442]","[0, 10, 92, 144, 202, 254, 312, 354, 368, 202, 478, 541, 592, 478, 649, 478, 752, 808, 202, 905, 949, 970]","[92, 92, 202, 183, 368, 312, 368, 357, 422, 752, 541, 592, 600, 649, 702, 752, 808, 844, 864, 970, 970, 990]",0.05,30,2480453808.0982137,3966.9995500819136,-3966.9995500819136,,,,,,,,,,,,,,,,,,,,,,,,,,,,,,,,,,,SWT,mdp.39015056038386,,,3049.6066740460083,,,5529.099669349553,,2399.9995500819136,0.045454545454545456,-6.5,,,0.045454545454545456,-6.5,,,0.0,0.0,-11.0,,0.0,1952263812.0982137,,,,,,3049.6066740460083,67091.34682901218,3067.262384555368,,2399.9995500819136,,,,,,,160.41437606773047,,,,,,0.0,,,0.27753841117069233,0.6283523482392329,0.7996781807948554,0.04682875706394215,0.6773255813953477,0.35515716371371187,0.03417679328991877,,0.03101614105805215,0.1636325785069504,0.1636325785069504,0.16539543996075362,0.19382422354061948,0.21414885252906335,0.0,0.16302995842453125,0.08695652173913043,0.0,0.3421052631578947,0.5,0.14771805440257355,0.14771805440257355,0.14285714285714285,0.1585365853658537,0.6548766845522503,0.20326841886921282,84,1.3101902165837376,0.7632843907701291,90,0,0,0.16378571215325555,0.27787518061201766,69,0,0,0.40272246223824304,0.7530775173243003,88,9.5,0.910377358490566,82.75,81.84601559741968,0.5648584905660377,80,db,0.9602409638554217,0.549355620914199,0.16302463902694514,4,61.0,,0.29039623872712106,0.06910612104447489,0.6021506476412142,0.7996781807948555,0.06409364450442229,0.7762096774193543,0.35377539004191677,0.044098194487926436,,0.03156304473810254,0.2191926902979266,0.2191926902979266,0.21968378776060177,0.24567774700176723,0.23229171450097655,0.0,0.16955204026942292,0.04878048780487806,0.0,0.203125,0.5,0.16597526623965136,0.16597526623965136,0.14285714285714285,0.1460674157303371,0.7300159818082949,0.22705943677061657,160,1.3706603139455251,0.7883568786937095,151,6.363961030678928,0.9699813158930239,155.5,155.36977491961414,0.618245374927644,124,130.3421052631579,133.5,47.75033755736292,76,1.0,0.6776119869201771,0.09671640392394687,6,94.5,80
raw,db22,137282658.86859035,0.6465725806451613,480.58200321746926,0.7583603796281563,992,5,True,False,735.3456130056679,,"[2, 48, 109, 152, 186, 220, 276, 322, 355, 388, 432, 486, 519, 553, 611, 657, 705, 760, 806, 846, 882, 937, 985]","[526.1885370363152, 3515.701850111078, 3910.944823484517, 3986.6859091602596, 1086.3697751653256, 3771.193037690646, 2435.2263254926356, 2977.1901757108208, 472.8910622237054, 3195.2800044290025, 3783.489967074317, 3170.662459967313, 219.38842474808712, 3041.0593023829315, 2049.9227616403005, 3479.5609903396116, 3527.096283328579, 3507.943320424566, 3070.9166543955153, 586.1883008839254, 3207.1409842397507, 2662.221530037318, 1779.092080795505]",23,11.948515024291432,1487604.5562180853,0.4480735781010273,1.231244767361561e-06,-0.21139274982524883,23,4246.138165020183,219.38842474808712,6893.942625662661,"[2, 48, 109, 152, 186, 220, 276, 322, 355, 388, 432, 486, 519, 553, 611, 657, 705, 760, 812, 846, 882, 937, 985]","[526.1885370363152, 5234.99452373293, 6209.123952956379, 6371.884666110735, 1086.3697751653256, 6802.2350243064675, 4349.716172663006, 4990.538772835104, 472.8910622237054, 5295.193790509011, 6893.942625662661, 5547.107893270746, 219.38842474808712, 5206.445236252266, 2731.131162227043, 4794.292349540792, 6048.487150284006, 6638.434951181576, 5428.830716850318, 586.1883008839254, 5632.426013638483, 4816.274612589792, 1779.092080795505]","[1, 32, 90, 143, 181, 201, 253, 311, 352, 366, 201, 477, 516, 505, 588, 645, 645, 751, 806, 843, 806, 914, 969]","[32, 90, 143, 806, 188, 366, 311, 366, 356, 421, 806, 645, 522, 645, 616, 695, 806, 806, 862, 847, 969, 969, 987]",0.05,30,2376000501.5596914,3993.789483986801,-3993.789483986801,,,,,,,,,,,,,,,,,,,,,,,,,,,,,,,,,,,SWT,mdp.39015056038386,,,3053.729074111092,,,5330.942625662661,,2426.789483986801,0.0,-7.5,,,0.0,-12.0,,,0.0,0.0,-7.5,,1.0,1847810505.5596914,,,,,,3053.729074111092,71428.1777954642,3072.7795339143695,,2426.789483986801,,,,,,,17.388424748087118,,,,,,0.0,,,0.241670301351614,0.660000980746442,0.8005603089993952,0.046618785631226574,0.6656976744186045,0.37049479050314493,0.03401310808849596,,0.0023863687575649134,0.16412882754016478,0.16412882754016478,0.1660598756544961,0.21850445694617365,0.19950905556457546,0.25,0.14762172060738096,0.2391304347826087,0.0,0.05263157894736842,0.0,0.15161217384047912,0.15161217384047912,0.0,0.13414634146341464,0.6484791256086545,0.20128266838860678,86,1.3201734553727584,0.7691003785866611,88,0,0,0.12759198971780442,0.21646971961941597,85,0,0,0.402722278534132,0.7530771738037648,89,1.8257418583505538,0.98277602020424,87.0,86.97126094984624,0.581010651611554,74,db,0.9602409638554217,0.549355620914199,0.16302463902694514,4,56.5,,0.25516648252844226,0.06700270648867997,0.6324795620068195,0.8005603089993953,0.06388747630557305,0.7681451612903227,0.3687591394945973,0.04393619073973669,,0.0029494313526329807,0.2196559733749679,0.2196559733749679,0.2203050040451059,0.26877053868643264,0.21798990497403115,0.25,0.15426387101283884,0.13414634146341464,0.0,0.03125,0.0,0.16978596755065184,0.16978596755065184,0.0,0.12359550561797755,0.7284551942711515,0.22657397953689337,162,1.3806985831715752,0.7941305474240428,145,12.020815280171307,0.9432980411312675,153.5,153.02931596091204,0.6096207186788413,126,130.3421052631579,133.5,47.75033755736292,76,1.0,0.6776119869201771,0.09671640392394687,6,96.0,81
raw,sym15,139292352.55571204,0.6439516129032258,456.0812071592291,1.8322118876184004,992,5,True,False,511.29573468226937,,"[3, 53, 107, 160, 218, 270, 327, 383, 438, 494, 550, 606, 662, 713, 768, 823, 879, 933, 986]","[226.43158621839257, 2608.833347614592, 3947.9106612046035, 3259.3146279945354, 3850.314852622355, 3897.6737642903504, 2945.589519037094, 3307.376859435174, 4001.908186540571, 3435.29171991683, 2813.1517379944034, 2876.8623731616976, 3982.1340788420734, 2812.212521334578, 3146.938370474168, 3363.9063341364113, 3659.5118447823443, 3158.1826498955425, 1584.6329404539363]",19,11.95002629911366,1491722.9823832046,0.4487384094155653,1.0541057624828648e-06,-0.37153827495101643,19,4068.1441152119583,226.43158621839257,5526.972611645538,"[3, 53, 107, 160, 218, 270, 327, 383, 438, 494, 550, 606, 662, 713, 768, 823, 879, 933, 986]","[226.43158621839257, 3108.248656933073, 5071.812565772596, 4175.058115733419, 4739.008658906564, 5206.390633391632, 4215.080354128933, 4308.318707955528, 5306.664837352607, 4273.922381276509, 3332.118377725129, 3643.915925901396, 5526.972611645538, 3916.0974820364027, 4374.971136136454, 4629.937646516037, 5171.44650530755, 4483.709065635504, 1584.6329404539363]","[2, 37, 37, 144, 144, 144, 306, 377, 377, 488, 546, 584, 488, 694, 694, 694, 871, 912, 912]","[18, 71, 377, 209, 265, 377, 377, 433, 871, 629, 584, 629, 871, 735, 818, 871, 912, 968, 988]",0.05,20,1836805056.772502,4006.5690360967274,-4006.5690360967274,,,,,,,,,,,,,,,,,,,,,,,,,,,,,,,,,,,SWT,mdp.39015056038386,,,2875.7350243028673,,,3963.9726116455377,,2439.5690360967274,0.0,-8.0,,,0.0,-12.5,,,0.0,0.0,-12.5,,3.0,1308615060.772502,,,,,,2875.7350243028673,51061.73818902721,2875.735024302867,,2439.5690360967274,,,,,,,24.431586218392567,,,,,,10.0,,,0.08372016615039665,0.7793931641384972,0.802928928729625,0.04918595190357223,0.6279069767441849,0.2793477735981603,0.035553760782211424,,0.0037962115679774366,0.14270214072163212,0.14270214072163212,0.14232961262867172,0.10260220320023003,0.09851762427649496,0.75,0.0680832941226134,0.021739130434782608,0.0,0.02631578947368421,0.0,0.15346977835923878,0.15346977835923878,0.0,0.12195121951219513,0.6546442397286245,0.20319626987859016,85,1.2959327930946387,0.7549783687405919,95,0,0,0.12047993271114947,0.20440356257027115,87,0,0,0.3797195317209498,0.7100628076185908,99,6.60807586719967,0.9376596616301918,91.5,91.14464877190568,0.5372260572301902,89,sym,1.0,0.7438299373379558,0.07685101879861327,5,68.0,,0.10002742494343808,0.05677361221660568,0.746893203897839,0.802928928729625,0.06640814323474033,0.7419354838709673,0.27971511179635894,0.045461017106879185,,0.004358478434392035,0.19965266709990823,0.19965266709990823,0.19811831846207342,0.16032316067517072,0.11933005213322062,0.75,0.0753452470318396,0.012195121951219516,0.0,0.015625,0.0,0.1716037792762124,0.1716037792762124,0.0,0.11235955056179778,0.7519293032669667,0.2338752141675094,156,1.356689414578581,0.7803212957667016,164,5.656854249492381,0.9733167252382435,160.0,159.9,0.609299872053084,127,129.60526315789474,131.5,61.198630736176845,38,0.9943468604885928,0.8684530391040276,0.04342128592677678,7,97.0,82
raw,db8,141181802.27154887,0.6423387096774194,459.9276379904564,2.567068180004644,992,5,True,False,600.4602422936471,,"[4, 43, 100, 154, 212, 264, 320, 377, 432, 488, 551, 590, 656, 701, 739, 776, 818, 873, 925, 978]","[706.0700617483768, 3642.664688085302, 3713.905725820522, 4112.3350948609495, 3462.877658069434, 3222.081190811422, 3058.2314590059964, 3575.466855794214, 3660.6539252421016, 3768.1938411509814, 2820.18470293936, 2197.5755535725434, 2977.3685458184054, 3507.0241129283254, 3632.7991635870358, 1141.623821394787, 3342.543416565085, 3681.5046509114995, 2846.2901317734472, 3607.4940502421937]",20,11.936488195867957,1499811.13779827,0.4501265707075689,1.3598082797252418e-06,0.16537751584594046,20,4196.559657478496,124.34491685355675,6001.833252395388,"[6, 43, 100, 154, 212, 264, 320, 377, 432, 488, 551, 590, 656, 701, 739, 782, 818, 873, 925, 978]","[1069.5277705674978, 5088.277098193963, 5463.65860799523, 6001.833252395388, 4897.210825787183, 4465.158596256332, 3768.3930498051386, 4827.78054488014, 4808.215311556229, 5233.544673752517, 3899.587837110946, 2775.7513827921093, 4078.0195055596323, 5075.237637550487, 4843.271066560897, 124.34491685355675, 4048.741139511051, 4966.202701362035, 3718.7979312319944, 4777.639299847598]","[0, 0, 0, 124, 169, 250, 276, 336, 336, 336, 501, 557, 501, 669, 719, 776, 776, 719, 893, 719]","[9, 56, 124, 719, 336, 336, 336, 399, 443, 719, 641, 613, 669, 719, 776, 784, 860, 893, 941, 991]",0.05,30,2033405796.7308908,4116.013619962748,-4116.013619962748,,,,,,,,,,,,,,,,,,,,,,,,,,,,,,,,,,,SWT,mdp.39015056038386,,,3004.150566569405,,,4438.833252395388,,2549.0136199627477,0.0,-3.0,,,0.0,-3.0,,,0.0,0.0,-4.5,,2.0,1505215800.7308908,,,,,,3004.150566569405,57698.193149569925,3012.0342567022317,,2549.0136199627477,,,,,,,77.65508314644325,,,,,,0.0,,,0.14657914263258237,0.8610954261128608,0.7817106711460146,0.051599519510850914,0.604651162790697,0.5849340372286338,0.03857944047824376,,0.0144500585378909,0.15816063278775291,0.15816063278775291,0.15874426250362605,0.14036924062425,0.13360021956384238,0.5,0.09708449146804529,0.3695652173913044,0.0,0.5263157894736842,0.0,0.16937837607804118,0.16937837607804118,0.0,0.24390243902439024,0.738501590735769,0.22922491244881263,81,1.4685519499849535,0.8555420169304166,46,0,0,0.17744435851991386,0.3010481349323522,62,0,0,0.438449914271412,0.8198866561240752,52,15.326991442115007,0.8554057411121225,60.25,57.59986190560673,0.6435047573485141,57,db,0.9602409638554217,0.549355620914199,0.16302463902694514,4,43.75,,0.1617676846765559,0.07442675343315527,0.825188558565447,0.7817106711460146,0.06877799364704647,0.725806451612903,0.5782507375017895,0.04845561556366148,,0.015006312272032168,0.2140842473982555,0.2140842473982555,0.21346524804877248,0.19566100831414737,0.15360269926949227,0.5,0.10412045279658036,0.20731707317073175,0.0,0.3125,0.0,0.18717158995842043,0.18717158995842043,0.0,0.22471910112359553,0.7954782602504651,0.2474203993292469,150,1.5322209208400537,0.8812810076521074,67,58.68986283848344,0.7231610243467762,108.5,92.62672811059907,0.6056842857582938,129,130.3421052631579,133.5,47.75033755736292,76,1.0,0.6776119869201771,0.09671640392394687,6,98.25,83
raw,sym11,140659431.23556066,0.6397177419354839,446.6337135898272,1.8279389937241284,992,5,True,False,506.69777975834495,,"[3, 53, 107, 160, 218, 270, 327, 383, 438, 494, 550, 606, 662, 713, 768, 823, 879, 933, 986]","[227.37321081292566, 2970.114494913354, 4146.810326864399, 3518.4597276757554, 4001.8630194229995, 4107.472655440949, 3214.702219135585, 3587.180434320497, 4174.064186245487, 3746.7581796356503, 2911.08875442521, 2873.0277230740203, 4104.27018775269, 3098.37531201715, 3376.983712776842, 3530.762732927114, 3904.95101378186, 3256.7637341812774, 1635.7936609727856]",19,11.949779009512179,1495675.7332121697,0.44938969869244866,1.033940162550447e-06,-0.34153977060497553,19,4211.9518808673265,227.37321081292566,5540.759115598341,"[3, 53, 107, 160, 218, 270, 327, 383, 438, 494, 550, 606, 662, 713, 768, 823, 879, 933, 986]","[227.37321081292566, 3609.0928844358227, 5318.015820328124, 4403.611353813598, 4729.961180207098, 5424.562543773043, 4382.320200593636, 4391.592489221781, 5526.2593473149955, 4630.475468545437, 3247.1871628206163, 3523.991994214153, 5540.759115598341, 4135.206458227012, 4361.477649174617, 4907.890344966239, 5357.479685544497, 4674.035165914469, 1635.7936609727856]","[2, 18, 18, 144, 144, 144, 306, 306, 144, 487, 529, 584, 487, 694, 694, 694, 871, 912, 912]","[18, 89, 144, 209, 261, 306, 377, 433, 871, 584, 584, 628, 871, 760, 818, 871, 912, 968, 988]",0.05,20,1859702115.041666,4178.332984245222,-4178.332984245222,,,,,,,,,,,,,,,,,,,,,,,,,,,,,,,,,,,SWT,mdp.39015056038386,,,3019.5427899582355,,,3977.759115598341,,2611.332984245222,0.0,-8.0,,,0.0,-12.5,,,0.0,0.0,-12.5,,3.0,1331512119.041666,,,,,,3019.5427899582355,53794.0857364792,3019.542789958235,,2611.332984245222,,,,,,,25.373210812925663,,,,,,10.0,,,0.0804787111345868,0.7789180983331752,0.8025413519497221,0.050932247023589526,0.5668604651162791,0.2964214581772676,0.037032436365571,,0.003984698324997996,0.16001352815334913,0.16001352815334913,0.15964852250789824,0.11815156994702247,0.09953616802827836,0.75,0.07146091165159334,0.021739130434782608,0.0,0.02631578947368421,0.0,0.1784369668409706,0.1784369668409706,0.0,0.12195121951219513,0.6902429305849995,0.21424581519739574,83,1.2783570156905841,0.7447391558550424,101,0,0,0.12810556249181826,0.2173410357156758,84,0,0,0.37331210972859885,0.6980811430756425,103,10.719919153924002,0.8988686872271321,92.75,91.82170972237212,0.511934343613566,97,sym,1.0,0.7438299373379558,0.07685101879861327,5,74.0,,0.09684365890413527,0.05560912660315824,0.7464379478887726,0.8025413519497222,0.06812280753405421,0.6995967741935487,0.2963948638518524,0.04692450302239657,,0.004546858807699283,0.2158140544285054,0.2158140544285054,0.2143106888421706,0.17487238641431352,0.12032508087359194,0.75,0.07869654450529726,0.012195121951219516,0.0,0.015625,0.0,0.19603613154389338,0.19603613154389338,0.0,0.11235955056179778,0.7857610777737046,0.24439802990836762,152,1.3460971405544586,0.7742289824466434,169,12.020815280171307,0.9432980411312675,160.5,160.04984423676015,0.5931112847165771,136,129.60526315789474,131.5,61.198630736176845,38,0.9943468604885928,0.8684530391040276,0.04342128592677678,7,103.75,84
raw,db23,137097159.9326054,0.6528225806451613,487.4713193280216,0.3196843320697878,992,5,True,False,870.9635103312422,,"[3, 41, 108, 151, 205, 252, 286, 342, 385, 427, 474, 509, 549, 593, 649, 704, 759, 811, 856, 894, 949, 989]","[246.74905329854948, 4637.921761328497, 3707.2040564445306, 4359.2915533605155, 3491.3080101617547, 1454.2014894004355, 3493.3810568594795, 2064.7121159485214, 4150.327191732351, 3719.1958882628505, 2071.888961976148, 3872.8426433763625, 2905.0206332817384, 2937.374418811824, 3330.596790849433, 3821.808169731769, 4095.741543950213, 4391.053205125104, 2345.6615004875916, 3897.240999591378, 3591.9184976022675, 166.4026993288744]",22,11.949147786892397,1487204.7215617383,0.448009024137018,1.24924149431858e-06,0.003763332740366578,22,4607.682588706024,166.4026993288744,6931.877267187863,"[6, 41, 108, 151, 205, 244, 286, 342, 385, 427, 468, 509, 549, 593, 649, 704, 759, 811, 849, 894, 949, 989]","[529.5457314049928, 6323.218286219214, 5295.68101149066, 6459.429077726822, 5050.859572130405, 1106.0059155462613, 5850.267859223994, 2537.0709512772455, 6524.483598721259, 5493.653216587317, 2628.234762967206, 6237.623048240027, 4038.6494822843156, 4234.212819242263, 4656.763966802925, 6190.610418221193, 6668.102545210109, 6931.877267187863, 2485.9245413590374, 6423.756957063701, 5536.643223296847, 166.4026993288744]","[3, 21, 62, 140, 198, 239, 198, 338, 198, 420, 462, 474, 530, 587, 638, 638, 748, 804, 844, 856, 913, 986]","[7, 856, 140, 804, 252, 252, 308, 364, 804, 474, 474, 748, 587, 615, 684, 748, 804, 856, 856, 913, 964, 990]",0.05,30,2806591913.5310745,4650.457790212269,-4650.457790212269,,,,,,,,,,,,,,,,,,,,,,,,,,,,,,,,,,,SWT,mdp.39015056038386,,,3415.273497796933,,,5368.877267187863,,3083.457790212269,0.0,-11.0,,,0.0,-11.0,,,0.0,0.0,-11.0,,0.0,2278401917.5310745,,,,,,3415.273497796933,75136.01695153253,3418.5096160397634,,3083.457790212269,,,,,,,35.597300671125595,,,,,,0.0,,,0.33727787489093064,0.6112284170073345,0.8015520372801508,0.04638183080817658,0.7558139534883717,0.4929511318802604,0.033863534849679855,,0.006031273522850107,0.2076510640736326,0.2076510640736326,0.20769648761060272,0.2396051953678245,0.20231165818478364,0.0,0.2111396225057833,0.08695652173913043,0.0,0.10526315789473684,0.0,0.24706387687968015,0.24706387687968015,0.0,0.04878048780487805,0.6430408210896456,0.1995946627121426,87,1.4049387948031682,0.8184825672540945,58,0,0,0.12607589290857596,0.21389754363928248,86,0,0,0.4398669686007007,0.8225365002630968,50,19.05037182489273,0.8202795110859177,70.25,66.26516694712602,0.578771831014657,75,db,0.9602409638554217,0.549355620914199,0.16302463902694514,4,57.25,,0.34907250443835103,0.06804194805356396,0.5857407681996156,0.8015520372801508,0.06365481346927648,0.8306451612903224,0.48839010739314714,0.04378815398927629,,0.006592278899099538,0.26028701608015853,0.26028701608015853,0.25923328803452356,0.2885140698255725,0.22072780420522706,0.0,0.217286810207418,0.04878048780487806,0.0,0.0625,0.0,0.263192945869825,0.263192945869825,0.0,0.04494382022471911,0.7245782130206525,0.2253681084312664,163,1.4543115911111562,0.8364702289483812,103,42.42640687119285,0.7998754392868261,133.0,126.23308270676694,0.5862584743603942,138,130.3421052631579,133.5,47.75033755736292,76,1.0,0.6776119869201771,0.09671640392394687,6,105.0,85
raw,db34,135955788.65673357,0.6512096774193549,488.57753307435974,1.612949806848172,992,5,True,False,598.5453539883547,,"[29, 92, 141, 192, 248, 306, 358, 418, 461, 497, 538, 582, 644, 693, 743, 801, 845, 884, 939, 973]","[3833.5381943564257, 3293.230227749627, 3566.108233030576, 3100.618064593554, 3170.697156466472, 3215.2097846318056, 3657.855808430113, 3406.0330333388065, 1275.1385835785127, 3229.3019158704483, 2590.291059175959, 3477.5836390310533, 2983.766001777829, 3029.8636693580124, 3319.11861602402, 3515.252371866371, 1931.3127412663944, 3089.1179292562406, 3181.33613563471, 126.83374327586876]",20,11.948844456717644,1484499.9598927044,0.44756954413846906,1.2534645075290204e-06,-0.23623567317004104,20,4113.74351089132,126.83374327586876,5547.856713243925,"[29, 92, 141, 192, 248, 306, 358, 418, 461, 497, 538, 582, 644, 693, 743, 801, 834, 884, 939, 973]","[5029.394356292467, 4735.605583478569, 5146.6533232910215, 3839.0344182360095, 4354.002099930784, 4459.4232417821295, 5286.836105548258, 4659.245749931742, 2401.214448402806, 4433.0800631447055, 3426.0479051173425, 4916.075306277362, 4189.946708029008, 4161.562933710653, 4600.558839843042, 5547.856713243925, 1986.221811124571, 4286.246929343957, 4689.029937822162, 126.83374327586876]","[19, 53, 108, 167, 212, 299, 299, 381, 448, 493, 511, 493, 634, 634, 634, 493, 831, 845, 845, 972]","[493, 108, 299, 212, 299, 353, 493, 493, 465, 548, 548, 795, 675, 738, 795, 845, 845, 892, 947, 986]",0.05,30,2013788378.4359353,3848.0590157603638,-3848.0590157603638,,,,,,,,,,,,,,,,,,,,,,,,,,,,,,,,,,,SWT,mdp.39015056038386,,,2921.3344199822286,,,3984.856713243925,,2281.0590157603638,0.0,-12.0,,,0.0,-12.0,,,0.0,0.0,-12.0,,2.0,1485598382.4359353,,,,,,2921.3344199822286,56041.87021782639,2928.969227472823,,2281.0590157603638,,,,,,,75.16625672413124,,,,,,0.0,,,0.1452291893588761,0.7550153257097594,0.8010766281579152,0.044923852479230954,0.7325581395348836,0.3563554110087836,0.03285171669774882,,0.013951865495937382,0.14819133528397127,0.14819133528397127,0.14874065978590495,0.1309433633266054,0.10006053691536754,0.5,0.09419066401093448,0.043478260869565216,0.0,0.05263157894736842,0.0,0.13042914849109138,0.13042914849109138,0.0,0.024390243902439032,0.566980533040007,0.17598616533349853,88,1.368284299448658,0.7971285655209684,74,0,0,0.10410175880026547,0.17661671856691,91,0,0,0.40971575184959974,0.7661547346942486,79,7.874007874011811,0.9257169068489451,83.0,82.43277465181819,0.5713490194622084,76,db,0.9602409638554217,0.549355620914199,0.16302463902694514,4,58.0,,0.1604417568550964,0.06828581077748178,0.72353189835153,0.8010766281579154,0.062223243649742424,0.8145161290322582,0.3549459907807532,0.04278672972077546,,0.014508400414956497,0.20477721299745177,0.20477721299745177,0.2041123475792701,0.18684140692290857,0.1208373437118811,0.5,0.10124917546502092,0.02439024390243903,0.0,0.03125,0.0,0.14905671572439427,0.14905671572439427,0.0,0.022471910112359553,0.6625976079491178,0.206090062978913,168,1.4192868850180353,0.816325217312891,132,25.45584412271571,0.8799252635720957,150.0,147.84,0.5861890468803874,139,130.3421052631579,133.5,47.75033755736292,76,1.0,0.6776119869201771,0.09671640392394687,6,105.75,86
raw,sym19,138321209.17453727,0.6433467741935484,460.07972302803825,1.8767695057998357,992,5,True,False,514.0925844185823,,"[3, 53, 107, 160, 218, 270, 327, 383, 438, 494, 550, 606, 662, 706, 745, 780, 824, 879, 933, 986]","[363.586872934643, 2358.197427732334, 3537.4593885174268, 2961.854578087227, 3559.9622622729926, 3478.7112521020895, 2420.3161459537855, 2806.724108828918, 3609.684264673706, 3002.0971235789702, 2661.242116535001, 2688.4720636444, 3647.4701203332147, 1230.29697991704, 2928.190975980509, 1512.3474359275667, 3051.5697717401504, 3128.9732084956154, 2835.8726276726293, 1486.1957474216792]",20,11.949209291497572,1489046.915959389,0.44830617154865315,1.0757159277058124e-06,-0.4350489183798113,20,3550.7244795721163,363.586872934643,5314.4345917716255,"[3, 53, 107, 160, 218, 270, 327, 383, 438, 494, 550, 606, 662, 706, 745, 780, 824, 879, 933, 986]","[363.586872934643, 2713.0656016671296, 4672.683080466235, 3911.393071146662, 4740.073640420874, 4605.454533113167, 3675.6666312966254, 4035.6737904083307, 5042.796165954949, 3890.6381840954937, 3310.295994569522, 3376.133226513255, 5314.4345917716255, 1230.29697991704, 3997.102261568062, 1512.3474359275667, 4355.584280064209, 4583.774777223074, 4197.292724962179, 1486.1957474216792]","[1, 37, 37, 144, 144, 265, 322, 377, 377, 488, 546, 546, 488, 698, 698, 777, 818, 871, 912, 977]","[37, 71, 144, 213, 377, 377, 377, 433, 488, 629, 572, 629, 871, 710, 818, 791, 871, 912, 977, 988]",0.05,30,1778760508.7094371,3653.24738095346,-3653.24738095346,,,,,,,,,,,,,,,,,,,,,,,,,,,,,,,,,,,SWT,mdp.39015056038386,,,2358.3153886630253,,,3751.4345917716255,,2086.24738095346,0.0,-7.5,,,0.0,-12.0,,,0.0,0.0,-12.0,,2.0,1250570512.7094371,,,,,,2358.3153886630253,44781.489591442325,2358.3153886630253,,2086.24738095346,,,,,,,161.586872934643,,,,,,0.0,,,0.08569188243649284,0.7843471370871291,0.8016484333949917,0.04794542129448512,0.6191860465116268,0.24320061503282003,0.03455267716941495,,0.031250841949834504,0.08041585363192802,0.08041585363192802,0.08001625980971616,0.06686228102380642,0.08281536408782927,0.5,0.05952095914076318,0.043478260869565216,0.0,0.05263157894736842,0.0,0.10211180450192495,0.10211180450192495,0.0,0.13414634146341464,0.4635139189083677,0.14387096630993146,93,1.2798885098135084,0.7456313664240026,99,0,0,0.08848607522250024,0.15012349863029306,97,0,0,0.3737960304181372,0.6989860585587123,102,3.774917217635375,0.9643875734185342,97.75,97.63980619753092,0.5211088810488897,93,sym,1.0,0.7438299373379558,0.07685101879861327,5,71.0,,0.10196405010719806,0.05802151590361129,0.7516406008444323,0.8016484333949918,0.0651900824824508,0.7358870967741931,0.24440195841186513,0.04447021710715631,,0.03179761316247562,0.1415040747419896,0.1415040747419896,0.13985824923678888,0.12688204348295784,0.1039903083577037,0.5,0.06684963397163654,0.02439024390243903,0.0,0.03125,0.0,0.12134597351829299,0.12134597351829299,0.0,0.12359550561797755,0.5640817113922788,0.17544831739720823,176,1.3423029971659093,0.7720467210878804,173,2.1213203435596424,0.9899937719643414,174.5,174.487106017192,0.5834402822085858,142,129.60526315789474,131.5,61.198630736176845,38,0.9943468604885928,0.8684530391040276,0.04342128592677678,7,108.25,87
smoothed,db10,125191214.13931724,0.6036290322580645,354.9759941208615,2.05959039015592,992,5,True,False,591.1011067840253,,"[13, 73, 128, 164, 207, 258, 300, 354, 408, 443, 482, 522, 566, 608, 649, 689, 733, 771, 814, 866, 906, 966]","[2600.0500893475664, 3275.749521880943, 3509.7242610391795, 1178.8430167070248, 2908.2839577923296, 2417.997468670399, 2652.367112549418, 2717.071472825757, 3214.681430901111, 3052.764208943352, 2687.5821572851673, 1261.2772027929773, 2284.5362795946016, 736.3912167669596, 2737.7692437497217, 3115.632584105651, 3010.915678231489, 1228.6159924260369, 3033.87923824048, 4061.7170412268724, 2638.8340211833006, 2414.4140337412423]",22,11.903810646125104,1465134.3948270832,0.45846941782856415,7.559597952592818e-06,-0.15777409709907708,22,3378.8932632653527,736.3912167669596,5269.9562133093,"[13, 73, 128, 164, 207, 258, 300, 354, 408, 443, 482, 522, 566, 608, 649, 689, 733, 771, 814, 866, 906, 966]","[2864.5980282987944, 4533.128230501023, 4750.385320677006, 1934.1365656254607, 3969.827682002123, 2856.4871518054797, 3654.206029307242, 3973.1148038635465, 4585.901270279304, 4046.8830612465754, 3687.4282444459814, 1261.2772027929773, 2623.800761682629, 736.3912167669596, 3663.01855629398, 4261.77891783717, 3874.261478973078, 1346.4620740190119, 3884.865655305953, 5269.9562133093, 3379.824344121716, 3177.9189826824386]","[6, 51, 102, 154, 154, 213, 213, 213, 378, 437, 450, 507, 492, 601, 492, 492, 713, 764, 764, 378, 890, 929]","[51, 102, 378, 175, 378, 264, 326, 378, 492, 492, 492, 533, 628, 614, 664, 764, 764, 775, 821, 890, 980, 980]",0.05,30,1778061456.5310142,4069.882397224032,-4069.882397224032,,,,,,,,,,,,,,,,,,,,,,,,,,,,,,,,,,,SWT,mdp.39015056038386,,,2348.321834693924,,,3821.9562133093004,,2621.882397224032,0.0,-11.5,,,0.0,-11.5,,,0.0,0.0,-7.0,,1.0,1298650403.19768,,,,,,2348.321834693924,52693.651791837765,2348.3218346939234,,2621.882397224032,,,,,,,685.724550100293,,,,,,0.0,,,0.19323412696338196,0.7384460881990491,0.7573614064908307,0.07203661401014551,0.3952941176470594,0.39857215359375475,0.05057325934239047,,0.15182054603747747,0.20125669476667862,0.20125669476667862,0.19905956329486887,0.25569603310925304,0.14840015868271064,0.3333333333333333,0.11253090554521378,0.1358024691358025,0.0,0.016129032258064516,0.0,0.24216844109164856,0.24216844109164856,0.0,0.022727272727272724,0.7342709127831337,0.23344973638678113,84,1.3748441210574738,0.7740270308890945,76,0,0,0.1413968491150407,0.24035239084212,85,0,0,0.3762444739330182,0.7270427838478384,84,4.193248541803041,0.9604410514924241,82.25,82.08137951898351,0.5922488276330045,76,db,1.0,0.5574538516488061,0.13276384450535816,4,58.0,0.4044380252175331,0.15528713010701817,0.43244069324400364,0.771119274606379,0.7304951755140681,0.04872172987852205,0.33870967741935515,0.39857215359375464,0.03561672762707093,,0.1366560162480714,0.1403809803406,0.1403809803406,0.13873300174724104,0.1690127870794727,0.10908014407586686,0.25,0.07388678318195088,0.14634146341463417,0.0,0.046875,0.0,0.19753671986230287,0.19753671986230287,0.0,0.03370786516853933,0.5479130580916913,0.17041932432958135,177,1.337757787921501,0.7694324723666806,176,0.7071067811865476,0.9966645906547804,176.5,176.4985835694051,0.5820587104217299,144,130.3421052631579,133.5,47.75033755736292,76,1.0,0.6776119869201771,0.09671640392394687,6,109.5,88
raw,db12,139369406.75823963,0.6508064516129032,483.88857800338945,1.7553750462265585,992,5,True,False,572.1861518322007,,"[10, 56, 90, 123, 166, 209, 247, 297, 333, 388, 440, 500, 563, 619, 668, 716, 773, 810, 859, 903, 959]","[2171.1541985281406, 2805.371505734763, 430.96714715856854, 3254.7266620653954, 3810.635865996751, 2386.7029584495153, 3181.8007666195826, 2349.107304164063, 3315.228477107542, 2762.0548032336974, 3390.041280163614, 3021.4450859789295, 2744.0445973738324, 1842.1849430959692, 3154.968360599343, 2769.69185673285, 3259.704083043801, 2409.426055193287, 2851.446126348598, 1468.9929269298232, 2901.1751203384247]",21,11.940921968600255,1494536.4988782052,0.4491990990453288,1.2713914549877702e-06,-0.3296846135453232,21,3909.3976252418706,430.96714715856854,6248.996372053143,"[10, 56, 90, 123, 166, 201, 247, 297, 333, 388, 440, 500, 563, 619, 668, 716, 773, 810, 859, 903, 959]","[2171.1541985281406, 3789.339434515378, 430.96714715856854, 5030.9606881194495, 6248.996372053143, 930.1206407957795, 4792.88604904722, 2759.1064987598393, 5489.523817598121, 4598.819770806277, 5827.2212640452935, 5267.072092576562, 3501.359598776402, 2525.7663825433347, 5097.437422957563, 3649.965782702767, 5476.293805777461, 2864.0399884517874, 5067.151867896181, 1468.9929269298232, 5110.1743800401855]","[3, 40, 89, 98, 151, 200, 209, 282, 209, 374, 209, 485, 513, 587, 653, 701, 653, 795, 815, 897, 815]","[40, 98, 98, 151, 209, 209, 261, 319, 374, 429, 653, 653, 625, 625, 736, 736, 815, 815, 870, 924, 975]",0.05,30,1892370248.7901678,3825.250886164413,-3825.250886164413,,,,,,,,,,,,,,,,,,,,,,,,,,,,,,,,,,,SWT,mdp.39015056038386,,,2716.9885343327796,,,4685.996372053143,,2258.250886164413,0.0,-11.5,,,0.0,-11.5,,,0.0,0.0,-11.5,,1.0,1364180252.7901678,,,,,,2716.9885343327796,55864.350130079285,2716.9885343327796,,2258.250886164413,,,,,,,228.96714715856854,,,,,,0.0,,,0.12664654349664028,0.7708503458899202,0.7886597193393764,0.049284380311413134,0.7267441860465104,0.3031688349777044,0.036606262780073506,,0.04473847752069776,0.12359244953928547,0.12359244953928547,0.12321161756834831,0.12993312399893397,0.1518605741875036,0.25,0.07627989144763982,0.06521739130434782,0.0,0.07894736842105263,0.0,0.12711381441385206,0.12711381441385206,0.0,0.03658536585365854,0.47615636797613636,0.14779508010609893,92,1.346083933930054,0.7841951820662167,82,0,0,0.0911366461380286,0.15462039803741737,95,0,0,0.400280038977377,0.7485102676225441,91,5.597618541248888,0.9471922779127463,90.0,89.72630660786528,0.5490678370695807,86,db,0.9602409638554217,0.549355620914199,0.16302463902694514,4,65.5,,0.14218983093663778,0.06932102284549382,0.7387066131172418,0.7886597193393764,0.06650478879884258,0.8104838709677412,0.3029865618262892,0.04650270729724902,,0.04527763618390286,0.1818124378204258,0.1818124378204258,0.18024388761738502,0.18589614656162196,0.17144147902549384,0.25,0.08347797244276166,0.03658536585365854,0.0,0.046875,0.0,0.14581240128669032,0.14581240128669032,0.0,0.03370786516853933,0.5705642889813303,0.1774646162904815,175,1.3982487341106058,0.8042247932952685,140,24.748737341529164,0.8832606729173152,157.5,155.55555555555557,0.5701680723077143,147,130.3421052631579,133.5,47.75033755736292,76,1.0,0.6776119869201771,0.09671640392394687,6,111.75,89
raw,sym3,142401951.4818173,0.6548387096774193,462.75272780867226,2.6199444783467536,992,5,True,False,470.1232802135738,,"[27, 82, 128, 173, 208, 246, 304, 356, 411, 469, 507, 545, 582, 626, 691, 729, 763, 797, 854, 906, 966]","[2199.0563517874516, 3594.0312637432194, 2271.217462581552, 2486.7671228117747, 469.0932129406565, 2235.861207353935, 2416.941330982357, 3005.4804186003853, 3184.166522141771, 2437.3391970627554, 2151.162299994615, 909.5332428139877, 2330.551433934181, 1940.3456628558124, 3357.1645001631305, 812.1540967852338, 89.07254869007431, 2205.7549835144077, 3104.776781151002, 2796.483269897396, 2058.8644808305235]",21,11.931177372191616,1506178.81027671,0.45270905976211034,1.136799257215517e-06,-0.3865968738803014,20,3534.1161344879483,469.0932129406565,5585.357240903311,"[27, 82, 128, 173, 208, 246, 304, 356, 411, 469, 507, 545, 582, 626, 691, 729, 797, 854, 906, 966]","[2199.0563517874516, 5585.357240903311, 4316.34162822715, 4315.037427512082, 469.0932129406565, 3919.58953751339, 3894.316008189733, 4819.752594228874, 4781.282038669071, 4021.4120249800544, 2927.609140834864, 909.5332428139877, 3648.6961411137736, 2676.4297259878504, 5391.628186883987, 812.1540967852338, 3162.3065047124715, 5061.387193314111, 4314.864191372605, 3456.4762009882966]","[24, 47, 104, 104, 206, 216, 268, 104, 104, 436, 492, 541, 492, 603, 104, 726, 766, 710, 877, 929]","[47, 104, 158, 268, 216, 268, 324, 381, 492, 492, 555, 547, 660, 660, 984, 766, 821, 984, 984, 984]",0.05,30,1596502243.4287176,3602.4189100395533,-3602.4189100395533,,,,,,,,,,,,,,,,,,,,,,,,,,,,,,,,,,,SWT,mdp.39015056038386,,,2341.7070435788573,,,4022.3572409033113,,2035.4189100395533,0.0,-12.0,,,0.0,-12.0,,,0.0,0.0,-12.0,,2.0,1068312247.4287176,,,,,,2341.7070435788573,44449.32268975896,2341.707043578857,,2035.4189100395533,,,,,,,267.0932129406565,,,,,,0.0,,,0.054694509905631516,0.8669742805557523,0.77338702176171,0.053158128128623146,0.7848837209302313,0.27077715403139435,0.04096150861866464,,0.052370243448372884,0.07841656315521825,0.07841656315521825,0.07801610056626385,0.06497197062744531,0.10283106730268023,0.5,0.03263546562552533,0.043478260869565216,0.0,0.05263157894736842,0.0,0.0947235019668167,0.0947235019668167,0.0,0.024390243902439032,0.43876352642425526,0.1361886449426992,95,1.3885144496824235,0.8089141503169156,64,0,0,0.08110031634585813,0.13759298510245024,99,0,0,0.406405189133144,0.7599640932842843,84,15.673757260678329,0.8521343654652987,85.5,83.06150108177638,0.5227652959401965,92,sym,1.0,0.7438299373379558,0.07685101879861327,5,70.25,,0.07151834548071626,0.06154884257248822,0.8308222703198396,0.77338702176171,0.07030837102877478,0.8508064516129025,0.27134223781750205,0.050813213952747,,0.052905094670507004,0.13963759766706244,0.13963759766706244,0.13798819393221096,0.12511331854890997,0.12354391115841579,0.5,0.04017364543320359,0.02439024390243903,0.0,0.03125,0.0,0.11411593997526728,0.11411593997526728,0.0,0.022471910112359553,0.5411707651541402,0.1683222452585852,178,1.4294459763563678,0.8221683787850415,126,36.76955262170047,0.8265587140485827,152.0,147.55263157894737,0.5547887909865555,157,129.60526315789474,131.5,61.198630736176845,38,0.9943468604885928,0.8684530391040276,0.04342128592677678,7,119.5,90
raw,rbio3.5,141384887.1441421,0.6612903225806451,531.2465370629908,1.4364363025461304,992,5,True,False,443.9768024547685,,"[1, 56, 111, 167, 222, 276, 335, 391, 441, 502, 554, 610, 666, 716, 772, 829, 881, 936, 988]","[97.69322144041735, 3179.5635250867094, 2666.6075657205356, 2547.875117957097, 2834.0912139135926, 2872.262455324026, 2831.1029115414217, 2784.4908679036585, 2693.729083531627, 2515.7156426668116, 2434.4082784095326, 2363.848615455574, 3256.535024516156, 3208.522011633487, 2570.062093935715, 2489.452018428715, 2700.9494054531965, 2671.279478258468, 602.6780668281276]",19,12.005022188541044,1428102.4743233488,0.4599676242478356,1.0830853360451198e-06,-0.86235297645931,19,3187.5560502052767,97.69322144041735,4465.366535496727,"[1, 56, 111, 167, 222, 276, 335, 391, 441, 502, 554, 610, 666, 716, 772, 829, 881, 936, 988]","[97.69322144041735, 4253.99553630213, 3650.938713282613, 3276.8487034904156, 3364.0457038680515, 3815.565637693231, 3639.947847726803, 3421.7166785151894, 3354.368537208028, 3160.1013081955416, 2765.1340225019294, 2920.08881386604, 4465.366535496727, 4276.742955311009, 3394.1894344664915, 2974.2734774690057, 3752.2543413209837, 3377.6154189175186, 602.6780668281276]","[0, 39, 91, 145, 145, 145, 307, 368, 418, 452, 515, 585, 368, 699, 736, 809, 873, 919, 919]","[39, 368, 145, 217, 262, 368, 368, 452, 452, 630, 630, 630, 699, 919, 873, 873, 919, 974, 989]",0.05,20,1654278891.0670867,3260.13047590293,-3260.13047590293,,,,,,,,,,,,,,,,,,,,,,,,,,,,,,,,,,,SWT,mdp.39015056038386,,,1995.1469592961857,,,2902.366535496727,,1693.13047590293,0.0,-12.5,,,0.0,-8.0,,,0.0,0.0,-12.5,,3.0,1126088895.0670867,,,,,,1995.1469592961857,34330.564953900255,2006.3132230680076,,1693.13047590293,,,,,,,104.30677855958265,,,,,,10.0,,,0.0362618299687211,0.7353903286594268,0.8891239389708454,0.0518589384654338,0.877906976744185,0.0,0.011754109364853979,,0.019784978278399035,0.03669812145601731,0.03669812145601731,0.03762429470650813,0.007387687396882198,0.020086410720227238,0.75,0.041158281767888105,0.021739130434782608,0.0,0.2631578947368421,0.0,0.04496929019929441,0.04496929019929441,0.0,0.01219512195121951,0.42247428769870543,0.13113259717304998,97,1.2784686193480275,0.7448041733834906,100,0,0,0.08352928895646078,0.1417139257754761,98,0,0,0.3717565888819238,0.6951723711863128,105,3.559026084010437,0.9664242822263166,100.0,99.90716250065687,0.5115140279056112,98,rbio,0.7365997322623828,1.0,0.184380187416332,3,74.25,,0.0534137165069245,0.058447070809961865,0.7047252451784675,0.8891239389708455,0.06903271371978205,0.9153225806451606,0.0068125886600753915,0.021905847172720577,,0.020338220933241162,0.10069052322223773,0.10069052322223773,0.10022374539803139,0.07123287766722428,0.04270957167369829,0.75,0.04863004760413579,0.012195121951219516,0.0,0.15625,0.0,0.06542754121565728,0.06542754121565728,0.0,0.011235955056179775,0.5231318719978745,0.16271154491490064,183,1.313088116238643,0.75524332194887,188,3.5355339059327378,0.9833229532739022,185.5,185.46630727762803,0.5541614766369511,158,85.1,51.5,70.4685549829093,30,0.6528972339995962,1.0,0.24297193620028265,5,119.75,91
raw,db3,142401951.47897032,0.6548387096774193,462.7527278127866,2.6199444783872297,992,5,True,False,470.12328022052714,,"[27, 82, 128, 173, 208, 246, 304, 356, 411, 469, 507, 545, 582, 626, 691, 729, 763, 797, 854, 906, 966]","[2199.056351773885, 3594.031263700255, 2271.2174626222068, 2486.767122859587, 469.0932129424059, 2235.8612073242043, 2416.941330962078, 3005.480418567275, 3184.1665221119006, 2437.3391970454068, 2151.162299975839, 909.5332428118069, 2330.5514339698307, 1940.3456628389172, 3357.164500121566, 812.1540967850829, 89.07254869253927, 2205.7549834872602, 3104.7767811907775, 2796.483269924716, 2058.8644808535323]",21,11.931177372189856,1506178.8102664617,0.4527090597624835,1.1367992572204994e-06,-0.38659687387910147,20,3534.116134453455,469.0932129424059,5585.357240849586,"[27, 82, 128, 173, 208, 246, 304, 356, 411, 469, 507, 545, 582, 626, 691, 729, 797, 854, 906, 966]","[2199.056351773885, 5585.357240849586, 4316.341628192642, 4315.037427462486, 469.0932129424059, 3919.589537471225, 3894.316008151669, 4819.752594182048, 4781.282038627745, 4021.4120249325383, 2927.609140822844, 909.5332428118069, 3648.6961410802023, 2676.4297259654068, 5391.62818682844, 812.1540967850829, 3162.3065046797656, 5061.387193242381, 4314.864191323364, 3456.4762009435794]","[24, 47, 104, 104, 206, 216, 268, 104, 104, 436, 492, 541, 492, 603, 104, 726, 766, 710, 877, 929]","[47, 104, 158, 268, 216, 268, 324, 381, 492, 492, 555, 547, 660, 660, 984, 766, 821, 984, 984, 984]",0.05,30,1596502243.4457064,3602.4189100350795,-3602.4189100350795,,,,,,,,,,,,,,,,,,,,,,,,,,,,,,,,,,,SWT,mdp.39015056038386,,,2341.707043544364,,,4022.3572408495857,,2035.4189100350795,0.0,-12.0,,,0.0,-12.0,,,0.0,0.0,-12.0,,2.0,1068312247.4457064,,,,,,2341.707043544364,44449.3226890691,2341.7070435443643,,2035.4189100350795,,,,,,,267.0932129424059,,,,,,0.0,,,0.0546945099105334,0.8669742805602525,0.773387021758951,0.05315812812498643,0.7848837209302313,0.2707771540320773,0.04096150861483089,,0.05237024344872307,0.07841656315106599,0.07841656315106599,0.07801610056210986,0.06497197062351939,0.102831067298711,0.5,0.03263546562803138,0.043478260869565216,0.0,0.05263157894736842,0.0,0.09472350196616638,0.09472350196616638,0.0,0.024390243902439032,0.438763526417668,0.13618864494065455,96,1.388514449682136,0.8089141503167481,65,0,0,0.08110031634468325,0.13759298510045695,100,0,0,0.4064051891331234,0.7599640932842457,85,15.673757260678329,0.8521343654652987,86.5,84.09370169249672,0.5180483148081211,94,db,0.9602409638554217,0.549355620914199,0.16302463902694514,4,71.5,,0.07151834548553096,0.061548842572775944,0.8308222703241521,0.773387021758951,0.07030837102520393,0.8508064516129025,0.27134223781816924,0.050813213948952635,,0.052905094670856995,0.139637597663186,0.139637597663186,0.13798819392832717,0.12511331854523658,0.1235439111545382,0.5,0.04017364543569013,0.02439024390243903,0.0,0.03125,0.0,0.11411593997463093,0.11411593997463093,0.0,0.022471910112359553,0.5411707651479675,0.16832224525666528,179,1.4294459763560703,0.8221683787848703,127,36.76955262170047,0.8265587140485827,153.0,148.58169934640523,0.5524303004205178,160,130.3421052631579,133.5,47.75033755736292,76,1.0,0.6776119869201771,0.09671640392394687,6,121.5,92
raw,bior5.5,100787368.24654971,0.6639112903225807,425.9714566355149,3.8164203729001507,992,5,True,False,411.7097678397049,,"[18, 83, 118, 174, 209, 248, 305, 359, 414, 470, 528, 583, 639, 694, 748, 800, 856, 911, 968]","[1676.7194069612683, 2413.0360100909506, 1771.9020480068316, 2261.142445121537, 1450.341567569034, 2160.7990989833975, 2744.203789919242, 2812.074537831261, 2416.411111957605, 2622.031727654645, 1982.8210089025317, 2388.5069478195146, 1725.6716117457854, 2944.683449102548, 2262.2888488356434, 2393.8936269891597, 2892.6152145522947, 2839.986980393301, 2293.988290606713]",19,11.925093843430949,1396681.7448147757,0.46811098321210937,1.463638441249313e-06,-0.28738295306489514,19,3486.446196738763,1676.7194069612683,4634.329241102165,"[18, 83, 118, 174, 209, 248, 305, 359, 414, 470, 528, 583, 639, 694, 748, 800, 856, 911, 968]","[1676.7194069612683, 3577.4926414898564, 2444.888359950957, 3937.3126124382634, 2128.161977504801, 3855.962915275617, 3883.609281013782, 4368.629161524446, 3958.9161454511386, 4079.1782093688776, 2681.284561457167, 3321.314610236005, 2215.9769760736076, 4634.329241102165, 3532.8862282270384, 3535.176829973806, 4514.070474602669, 4240.045599419446, 3656.5225059655877]","[0, 48, 106, 159, 190, 217, 217, 217, 382, 437, 493, 493, 604, 217, 706, 767, 767, 879, 932]","[217, 217, 137, 217, 217, 269, 326, 437, 437, 493, 549, 661, 661, 985, 767, 823, 985, 985, 985]",0.05,30,1375264595.3950071,2950.760326527967,-2950.760326527967,0.49899193548387094,865377.0778059703,0.15946301416475128,0.1500496735279754,8107758.833293542,1862698989.2837896,77.0,275942.9593502459,0.01814516129032258,"[0.0, 0.0010080645161290322, 0.0020161290322580645, 0.0030241935483870967, 0.004032258064516129, 0.005040322580645161, 0.006048387096774193, 0.007056451612903226, 0.008064516129032258, 0.00907258064516129, 0.010080645161290322, 0.011088709677419355, 0.012096774193548387, 0.013104838709677418, 0.014112903225806451, 0.015120967741935484, 0.016129032258064516, 0.017137096774193547, 0.01814516129032258, 0.019153225806451613, 0.020161290322580645, 0.021169354838709676, 0.02217741935483871, 0.023185483870967742, 0.024193548387096774, 0.025201612903225805, 0.026209677419354836, 0.02721774193548387, 0.028225806451612902, 0.029233870967741934, 0.03024193548387097, 0.03125, 0.03225806451612903, 0.03326612903225806, 0.034274193548387094, 0.035282258064516125, 0.03629032258064516, 0.037298387096774195, 0.038306451612903226, 0.03931451612903226, 0.04032258064516129, 0.04133064516129032, 0.04233870967741935, 0.04334677419354838, 0.04435483870967742, 0.04536290322580645, 0.046370967741935484, 0.047379032258064516, 0.04838709677419355, 0.04939516129032258, 0.05040322580645161, 0.05141129032258064, 0.05241935483870967, 0.05342741935483871, 0.05443548387096774, 0.055443548387096774, 0.056451612903225805, 0.057459677419354836, 0.05846774193548387, 0.0594758064516129, 0.06048387096774194, 0.06149193548387097, 0.0625, 0.06350806451612903, 0.06451612903225806, 0.0655241935483871, 0.06653225806451613, 0.06754032258064516, 0.06854838709677419, 0.06955645161290322, 0.07056451612903225, 0.07157258064516128, 0.07258064516129031, 0.07358870967741936, 0.07459677419354839, 0.07560483870967742, 0.07661290322580645, 0.07762096774193548, 0.07862903225806452, 0.07963709677419355, 0.08064516129032258, 0.08165322580645161, 0.08266129032258064, 0.08366935483870967, 0.0846774193548387, 0.08568548387096774, 0.08669354838709677, 0.0877016129032258, 0.08870967741935484, 0.08971774193548387, 0.0907258064516129, 0.09173387096774194, 0.09274193548387097, 0.09375, 0.09475806451612903, 0.09576612903225806, 0.0967741935483871, 0.09778225806451613, 0.09879032258064516, 0.09979838709677419, 0.10080645161290322, 0.10181451612903225, 0.10282258064516128, 0.10383064516129031, 0.10483870967741934, 0.10584677419354839, 0.10685483870967742, 0.10786290322580645, 0.10887096774193548, 0.10987903225806452, 0.11088709677419355, 0.11189516129032258, 0.11290322580645161, 0.11391129032258064, 0.11491935483870967, 0.1159274193548387, 0.11693548387096774, 0.11794354838709677, 0.1189516129032258, 0.11995967741935483, 0.12096774193548387, 0.1219758064516129, 0.12298387096774194, 0.12399193548387097, 0.125, 0.12600806451612903, 0.12701612903225806, 0.1280241935483871, 0.12903225806451613, 0.13004032258064516, 0.1310483870967742, 0.13205645161290322, 0.13306451612903225, 0.13407258064516128, 0.1350806451612903, 0.13608870967741934, 0.13709677419354838, 0.1381048387096774, 0.13911290322580644, 0.14012096774193547, 0.1411290322580645, 0.14213709677419353, 0.14314516129032256, 0.1441532258064516, 0.14516129032258063, 0.1461693548387097, 0.14717741935483872, 0.14818548387096775, 0.14919354838709678, 0.1502016129032258, 0.15120967741935484, 0.15221774193548387, 0.1532258064516129, 0.15423387096774194, 0.15524193548387097, 0.15625, 0.15725806451612903, 0.15826612903225806, 0.1592741935483871, 0.16028225806451613, 0.16129032258064516, 0.1622983870967742, 0.16330645161290322, 0.16431451612903225, 0.16532258064516128, 0.1663306451612903, 0.16733870967741934, 0.16834677419354838, 0.1693548387096774, 0.17036290322580644, 0.17137096774193547, 0.1723790322580645, 0.17338709677419353, 0.17439516129032256, 0.1754032258064516, 0.17641129032258063, 0.1774193548387097, 0.17842741935483872, 0.17943548387096775, 0.18044354838709678, 0.1814516129032258, 0.18245967741935484, 0.18346774193548387, 0.1844758064516129, 0.18548387096774194, 0.18649193548387097, 0.1875, 0.18850806451612903, 0.18951612903225806, 0.1905241935483871, 0.19153225806451613, 0.19254032258064516, 0.1935483870967742, 0.19455645161290322, 0.19556451612903225, 0.19657258064516128, 0.1975806451612903, 0.19858870967741934, 0.19959677419354838, 0.2006048387096774, 0.20161290322580644, 0.20262096774193547, 0.2036290322580645, 0.20463709677419353, 0.20564516129032256, 0.2066532258064516, 0.20766129032258063, 0.20866935483870966, 0.2096774193548387, 0.21068548387096775, 0.21169354838709678, 0.2127016129032258, 0.21370967741935484, 0.21471774193548387, 0.2157258064516129, 0.21673387096774194, 0.21774193548387097, 0.21875, 0.21975806451612903, 0.22076612903225806, 0.2217741935483871, 0.22278225806451613, 0.22379032258064516, 0.2247983870967742, 0.22580645161290322, 0.22681451612903225, 0.22782258064516128, 0.2288306451612903, 0.22983870967741934, 0.23084677419354838, 0.2318548387096774, 0.23286290322580644, 0.23387096774193547, 0.2348790322580645, 0.23588709677419353, 0.23689516129032256, 0.2379032258064516, 0.23891129032258063, 0.23991935483870966, 0.2409274193548387, 0.24193548387096775, 0.24294354838709678, 0.2439516129032258, 0.24495967741935484, 0.24596774193548387, 0.2469758064516129, 0.24798387096774194, 0.24899193548387097]","[865377.0778059703, 7997.800695044202, 15232.20060798282, 9150.415954519642, 6619.294462572448, 27736.768990377946, 23922.033002304433, 12383.369341076237, 18610.52857629515, 17269.07008725315, 17222.290974258533, 13163.30687475583, 52345.831306514454, 17045.742090121137, 29975.209409789684, 80565.01384366312, 11886.469183065446, 29251.904381703203, 275942.9593502459, 57601.57289364426, 9761.6698132632, 73646.3760966793, 48398.05086972666, 50931.647566659936, 22803.176332328105, 26627.587858524814, 16725.578443456125, 47593.67631517561, 45704.15899509709, 37605.68106259467, 24220.649793759443, 14058.951693296962, 18409.54822244122, 13829.63561200237, 27003.663759012616, 37406.804163712, 244049.57270393273, 44820.79372024334, 33569.614049051896, 7436.373317457316, 34669.823214586344, 17013.865738534885, 16037.82408814741, 16134.403604112478, 10328.549699438801, 30656.524363426917, 11772.180177329928, 42463.56931153292, 20461.495168700396, 47655.71187035465, 17845.127984034556, 23933.707292852036, 57697.67067249, 41078.41965507312, 78285.81900835641, 9770.566970405349, 29689.27979948952, 40775.089052348354, 25478.701982567873, 12745.819969667047, 30374.134040877234, 27501.920187056643, 24708.218981792106, 26109.402555990688, 20370.961228820226, 13442.277912027359, 7893.237537728606, 2698.6144127435414, 25715.674450162664, 4976.240616030307, 68130.08068444069, 39621.597483945625, 158253.6047428808, 27172.09874057156, 36508.45901067541, 36926.51743520676, 16062.787492374102, 10697.797769063756, 9796.918190359393, 10543.648296708949, 5788.213962778995, 7647.042781009344, 8694.493436625284, 10713.017268425801, 10644.970348462075, 25385.976066753796, 8477.785231576707, 28735.837572458968, 54370.62854753628, 25229.905393954563, 13575.571465127898, 23405.711965015103, 11561.319313214248, 27245.345229891005, 27713.520230878305, 24211.284257493575, 12630.996389025522, 29665.106313833865, 18798.002697364485, 18898.91484079485, 25478.894612593984, 9105.090327756508, 8957.344432774975, 9001.033791960625, 16387.51654242125, 26704.72505333781, 38783.342728376745, 43128.25273414885, 36680.122107225034, 9946.212396926898, 20324.93137617045, 12654.715868318168, 9841.908535547833, 21497.98571898367, 9340.276107268885, 7593.283075960246, 13956.719559879573, 21607.68464601631, 17545.440072674104, 14826.779789163329, 7524.327108426718, 7259.2816744303145, 10501.06064104774, 19242.477378221953, 16516.86010493173, 20568.284096648167, 13364.25694445616, 16853.67684016534, 12543.085191029597, 13048.335137124699, 7133.330870363613, 13154.527125170725, 15685.218581614075, 11000.018901498906, 21361.937611657708, 7972.9744707422005, 19926.953563579365, 14919.014898738176, 14504.346618785166, 7940.088153222806, 15783.391665613286, 16080.44918318331, 25814.347332634603, 13760.34471598073, 14485.307328726996, 20357.381804394674, 2927.934301156803, 5545.5243806821845, 8553.116194743476, 12788.174299567781, 18077.34850080504, 27354.89593195498, 20753.479754436914, 9887.14254155898, 13991.014244378213, 12411.29683338874, 5135.643128171941, 10121.082518972025, 6633.953708146842, 11513.650192460727, 22738.726893923096, 7061.20648217732, 27441.34763543925, 10482.50392344985, 13821.503029613856, 6171.115720463959, 8505.703888164224, 9476.431352569183, 12016.224848452619, 16674.673716896268, 7169.840326101513, 4456.772962731702, 13928.016033704927, 7541.055438891289, 5133.6198097225, 11029.729125035412, 17210.575045647147, 16569.36471512246, 12066.153947167391, 11605.30539573084, 4522.885717736198, 13520.206541222222, 11625.307990674079, 3965.8497491875623, 3827.3489355131505, 15477.345895301254, 11090.63598129164, 4660.403686908488, 6588.785886359784, 16415.76330617366, 9576.847650919359, 4496.732679111639, 2558.3023573309165, 10877.30143047103, 14244.608332934711, 15034.259474000539, 15128.028022657263, 6973.12578393819, 10899.700510747822, 14800.377966481317, 3524.6381808113474, 20662.56625623015, 11040.581834370681, 7557.377770351714, 5182.4294743382015, 14430.635184074092, 1476.8887818916367, 8470.007927317216, 18702.990558506375, 10292.856596513411, 11759.850390391943, 10458.377858385322, 16818.30160460609, 12817.948401370944, 22308.422564166074, 16631.987173229772, 14920.562248805669, 17165.844192660763, 1671.211154801706, 11219.552093733693, 2182.90456538252, 5583.031580319933, 12011.620733562753, 2119.3891222851466, 4748.4306764699695, 14603.3813150325, 6123.984549204882, 5886.951362554176, 11182.320186479876, 15945.766010782489, 14850.756889852346, 16102.69614897749, 6882.893685572935, 6767.573157831386, 3251.9870955111987, 5327.842244463266, 9612.094026703247, 8832.510143579631, 13736.64150370253, 3672.4472741778663, 18804.914078125734, 11583.019266096864, 8913.168795720752, 2616.067043561206, 10373.153456803135, 7149.670914860857, 6500.863905747606, 10650.528916734122]",3.0,0.3,118.58078502664681,15.0,0.5,297790284.5631459,0.07793543953524916,0.10444448541835101,1213227984.4082463,11125764204151.486,"[0.015625, 0.015625, 0.015625, 0.015625, 0.03125, 0.078125, 0.046875, 0.03125, 0.046875, 0.015625, 0.015625, 0.015625, 0.015625, 0.046875, 0.03125, 0.046875, 0.078125, 0.0625, 0.03125, 0.046875, 0.015625, 0.015625, 0.015625, 0.03125, 0.0625, 0.046875, 0.015625, 0.015625, 0.03125, 0.046875]",3.0,297790284.5631459,0.015625,"[0.0, 0.015625, 0.03125, 0.046875, 0.0625, 0.078125, 0.09375, 0.109375, 0.125, 0.140625, 0.15625, 0.171875, 0.1875, 0.203125, 0.21875, 0.234375]","[63931559.14739764, 297790284.5631459, 261990183.84178045, 139123727.85200912, 96618275.49736205, 97933014.33660607, 33627459.70642881, 28414626.336856768, 17114628.823646672, 13734745.967187023, 13201234.977001514, 9880093.590292748, 7020194.913979284, 8005563.229721856, 8161704.665710328, 6312629.452993695]",3.0,0.5,barthann,64.0,32.0,118.58078502664681,15.0,SWT,mdp.39015056038386,254917512.35496128,0.0,2294.037105829672,1057319374.4673517,0.0,3071.329241102165,919469211.2299349,1383.7603265279672,0.0,-12.5,2.0,167176.05213474802,0.0,-8.0,,0.0,0.0,0.0,-12.5,0.0625,3.0,847074599.3950071,10862256311093.914,253463.07780597033,0.01814516129032258,0.0,0.2,2294.037105829672,40009.4777380365,2294.0371058296723,0.0,1383.7603265279672,0.0,48.9307850266468,0.0,1.0,0.0,48.9307850266468,1474.7194069612683,0.017213791180154286,254917512.35496128,0.0007745134209705684,0.0162982482616843,3144581.8960736794,0.0,0.0,0.04885620493381458,0.013514294829982343,1.0,0.763852312362731,0.0,0.9156976744186045,0.327244875565729,0.0,,0.2941030383706444,0.07267811949425748,0.07267811949425748,0.07227516333617731,0.0397055005850063,0.0325693366794107,0.75,0.0,0.021739130434782608,0.0,0.2631578947368421,0.0,0.0,0.0,0.0,0.01219512195121951,0.5205864777482159,0.16158582632839108,90,1.4831574646240937,0.8640508282481264,41,0,0,0.10194383906766237,0.17295564015194884,92,0,0,0.4314727367395782,0.8068395678032456,56,25.30316185775999,0.7612909258701888,69.75,62.27807297433647,0.5516360289728302,85,bior,0.5656760374832664,0.7418882791367996,0.38146029002067355,2,64.25,,0.031071024876366732,0.08042254476799843,0.9583009426614845,0.7638523123627311,0.018113101468838926,0.941532258064516,0.32650710805786565,0.010272481680993463,,0.2945014533106755,0.1342803603552682,0.1342803603552682,0.1326206862422522,0.10147199718419483,0.0549043056471451,0.75,0.0077924913926606665,0.012195121951219516,0.0,0.15625,0.0,0.021421563522948994,0.021421563522948994,0.0,0.011235955056179775,0.6184495838065771,0.19235854785302461,173,1.5107360825273355,0.8689236643343473,77,67.88225099390856,0.6798007028589219,125.0,106.568,0.545089030674744,161,72.16666666666667,58.5,63.091659284444,30,0.5536711757184198,0.8953164897413547,0.3438352300746997,3,121.5,93
raw,rbio3.7,141220831.17242277,0.6655241935483871,541.9456516354614,1.7309635950479936,992,5,True,False,405.332083941809,,"[1, 55, 111, 167, 222, 273, 330, 391, 441, 496, 554, 610, 666, 716, 769, 825, 881, 934, 988]","[98.20732223033247, 3047.410375855997, 2700.5473436285897, 2345.7522074180742, 2798.3671023211073, 2872.9626782759574, 2712.9920734811844, 2559.224907826011, 2787.710383934522, 2522.795186575286, 2371.4709881930867, 2378.9697129513893, 3120.856850228139, 3203.848298843961, 2643.010047705568, 2510.663171433424, 2833.3955745719186, 2672.0607832791125, 609.6738726770841]",19,12.007589167281758,1428424.073914079,0.4606842585403232,1.0750037259525194e-06,-0.8525708083501304,19,3119.231285910608,98.20732223033247,4193.486824578882,"[1, 55, 111, 167, 222, 273, 330, 391, 441, 496, 554, 610, 666, 716, 769, 825, 881, 934, 988]","[98.20732223033247, 4062.0331869648057, 3589.912344218342, 2863.2299820172466, 3302.977083128862, 3826.6692355292043, 3542.338453674869, 3178.7986832773977, 3403.0051603727056, 3117.0132333646716, 2726.471649476176, 2934.6335380108508, 4177.755603875895, 4193.486824578882, 3514.4467734500677, 2947.1997930343487, 3756.0949397123018, 3421.446752707508, 609.6738726770841]","[0, 35, 91, 145, 145, 145, 307, 368, 368, 452, 515, 585, 368, 368, 736, 809, 736, 919, 919]","[35, 368, 145, 190, 262, 368, 368, 418, 630, 630, 630, 630, 699, 919, 873, 873, 919, 970, 989]",0.05,20,1575039692.5915384,3224.977008253877,-3224.977008253877,,,,,,,,,,,,,,,,,,,,,,,,,,,,,,,,,,,SWT,mdp.39015056038386,,,1926.8221950015172,,,2630.486824578882,,1657.977008253877,0.0,-12.5,,,0.0,-8.0,,,0.0,0.0,-12.5,,3.0,1046849696.5915384,,,,,,1926.8221950015172,33032.39443230155,1937.9343429007167,,1657.977008253877,,,,,,,103.79267776966753,,,,,,10.0,,,0.009018170835265182,0.7681362495420628,0.893147162545344,0.05164937470948752,0.9389534883720925,0.005567532663273589,0.011874415825596816,,0.019682069761315465,0.028473277265611774,0.028473277265611774,0.029389359285164063,0.0,0.0,0.75,0.029469456827709295,0.021739130434782608,0.0,0.2631578947368421,0.0,0.03985946789932271,0.03985946789932271,0.0,0.01219512195121951,0.3934126375543011,0.12211209634605502,102,1.3185436443476182,0.7681508910239786,89,0,0,0.07889365770793137,0.13384921734944127,102,0,0,0.3826209134990176,0.7154882943771235,98,6.13052471924984,0.9421648611391524,97.75,97.44717673476094,0.5099975249091988,99,rbio,0.7365997322623828,1.0,0.184380187416332,3,75.0,,0.02665491951224569,0.057980388999459606,0.736105692028616,0.8931471625453441,0.06882694581341142,0.9576612903225803,0.012251664446792154,0.02202491778754933,,0.020235370498700653,0.09301205763403378,0.09301205763403378,0.09252446609416909,0.0643203690501366,0.02308689378427628,0.75,0.03703230773169364,0.012195121951219516,0.0,0.15625,0.0,0.06042717929867539,0.06042717929867539,0.0,0.011235955056179775,0.4951175457671626,0.1539981505592081,189,1.3448162109728277,0.7734922356126345,170,13.435028842544403,0.9366272224408283,179.5,178.99721448467966,0.5449645546166406,162,85.1,51.5,70.4685549829093,30,0.6528972339995962,1.0,0.24297193620028265,5,122.75,94
smoothed,db11,124758529.74302246,0.5977822580645161,357.7306112452185,1.8841645502744175,992,5,True,False,587.3159181862861,,"[12, 72, 127, 166, 203, 249, 298, 333, 370, 406, 442, 499, 564, 607, 640, 690, 731, 773, 810, 864, 905, 965]","[1643.6722386294778, 3073.4210426081677, 3058.3030445168442, 2101.510010585957, 2893.1772643734785, 2510.9018400286764, 2267.608093755832, 2345.8330279227525, 2167.2173981695105, 2740.9543046208914, 3517.6261212400595, 2950.814841029481, 2477.5303689985085, 168.1068045294652, 2792.407311120304, 2453.3228412942253, 2354.036822734162, 1302.8138494823042, 2638.046441942441, 3318.109573297618, 681.1438180965165, 2451.8841918566427]",22,11.905087848378097,1463977.235982062,0.45824273683563144,8.865252744694178e-06,-0.3427653455568204,22,3246.3562153932744,168.1068045294652,5220.660944111903,"[12, 72, 127, 166, 203, 249, 298, 333, 370, 406, 442, 499, 564, 607, 640, 690, 731, 773, 810, 864, 905, 965]","[1643.6722386294778, 4225.562412118664, 4125.787075939871, 2740.701684367194, 4172.056176517304, 3432.230283341783, 3169.569110763113, 3389.4275092601742, 2244.4003428617507, 3976.5294569646057, 5220.660944111903, 4460.4387160076285, 2942.672977664284, 168.1068045294652, 3565.658971460796, 3692.1427078659376, 3592.6242390710836, 1302.8138494823042, 4063.5800989632517, 4880.717603436595, 681.1438180965165, 3729.3397171983206]","[7, 48, 100, 153, 153, 227, 263, 263, 364, 211, 211, 487, 559, 600, 589, 657, 699, 762, 762, 762, 902, 873]","[48, 211, 211, 173, 211, 377, 321, 377, 377, 431, 873, 762, 589, 608, 762, 762, 762, 778, 835, 873, 929, 978]",0.05,30,1717991528.1767912,3518.3711313723097,-3518.3711313723097,,,,,,,,,,,,,,,,,,,,,,,,,,,,,,,,,,,SWT,mdp.39015056038386,,,2215.784786821846,,,3772.6609441119026,,2070.3711313723097,0.0,-7.0,,,0.0,-11.5,,,0.0,0.0,-11.5,,1.0,1238580474.843457,,,,,,2215.784786821846,49777.83673865204,2215.784786821845,,2070.3711313723097,,,,,,,117.44013786279857,,,,,,0.0,,,0.18997266494471748,0.7170871754605602,0.7595658056888646,0.07123422047586214,0.32705882352941223,0.2957134203343228,0.04996491563954282,,0.025514134580211408,0.1799028708075837,0.1799028708075837,0.1776470006166427,0.2322068267542485,0.14355982412645202,0.3333333333333333,0.09914044672069638,0.024691358024691364,0.0,0.016129032258064516,0.0,0.14599451097263516,0.14599451097263516,0.0,0.125,0.6271567885949678,0.1993945074246968,92,1.3168053388182777,0.7413516274706544,91,0,0,0.11431354499842364,0.1943150361409769,92,0,0,0.36176894374868196,0.6990707324503026,95,1.7320508075688772,0.9836598980418031,92.5,92.47601883611418,0.5555091943039204,83,db,1.0,0.5574538516488061,0.13276384450535816,4,63.25,0.4835545239161737,0.1526661485817029,0.5078372213228209,0.7524285067736854,0.7324969335076759,0.04817903361814367,0.2802419354838712,0.29571342033432263,0.03518829544275634,,0.02296566624709777,0.12548621748625818,0.12548621748625818,0.12380968409155607,0.1534866321209095,0.10552230158123077,0.25,0.06509472802980927,0.03658536585365854,0.0,0.046875,0.0,0.1190876758566618,0.1190876758566618,0.0,0.13483146067415733,0.46432356552218784,0.14442019064519404,195,1.2844035591028582,0.7387449468954741,196,0.7071067811865476,0.9966645906547804,195.5,195.4987212276215,0.5372473896670129,167,130.3421052631579,133.5,47.75033755736292,76,1.0,0.6776119869201771,0.09671640392394687,6,126.75,95
raw,rbio3.9,143529442.52222955,0.667741935483871,550.9833126553511,1.8365155592835427,992,5,True,False,392.5399449812011,,"[1, 55, 111, 167, 222, 272, 330, 386, 441, 496, 554, 610, 666, 716, 769, 825, 881, 934, 988]","[109.01398744633889, 3048.330269340859, 2814.85599444491, 2250.59105887764, 2703.2911072553197, 2913.3962215902447, 2699.024781900613, 2514.3504095643743, 2819.589444294852, 2532.290304072011, 2320.2597726309796, 2387.215464618948, 3119.1543368228217, 3194.730584901377, 2743.276822600157, 2516.854218124327, 2920.802014170151, 2779.5396579952967, 594.0687581000807]",19,12.012490755355431,1431337.2323631027,0.46059421017495994,1.0666668456919344e-06,-0.8402350865700708,19,3120.259589144216,109.01398744633889,4196.749041501993,"[1, 55, 111, 167, 222, 272, 330, 386, 441, 496, 554, 610, 666, 716, 769, 825, 881, 934, 988]","[109.01398744633889, 4010.216249223629, 3604.154074409411, 2748.297547167513, 3301.5509624146043, 3874.8166479229453, 3504.952475364524, 3088.222628977509, 3442.769169679068, 3094.0817398735403, 2730.658520415139, 2964.936877003235, 4046.6217297283993, 4196.749041501993, 3548.2592119809788, 2996.884592005575, 3884.916496966306, 3543.761483559312, 594.0687581000807]","[0, 35, 91, 145, 145, 145, 307, 368, 368, 452, 515, 585, 368, 368, 736, 808, 736, 919, 919]","[35, 368, 145, 184, 262, 368, 368, 418, 630, 630, 630, 630, 699, 736, 861, 861, 919, 970, 989]",0.05,20,1552593844.5337908,3221.276026595174,-3221.276026595174,,,,,,,,,,,,,,,,,,,,,,,,,,,,,,,,,,,SWT,mdp.39015056038386,,,1927.850498235125,,,2633.749041501993,,1654.2760265951738,0.0,-12.5,,,0.0,-8.0,,,0.0,0.0,-12.5,,3.0,1024403848.5337908,,,,,,1927.850498235125,33051.932193740104,1937.8251024273764,,1654.2760265951738,,,,,,,92.98601255366111,,,,,,10.0,,,0.0,0.7798716518557288,0.9008294173212466,0.05459837595836267,0.9709302325581388,0.012588423448322228,0.012964192655814284,,0.017518879363997923,0.02859706304027526,0.02859706304027526,0.02937620334810931,0.00011118637462598224,0.00024101183848868057,0.75,0.02615839874498746,0.021739130434782608,0.0,0.2631578947368421,0.0,0.039321502234022615,0.039321502234022615,0.0,0.01219512195121951,0.3911393889178638,0.1214064983809341,103,1.344230027218152,0.7831151419031719,83,0,0,0.07852093483385307,0.13321686404712255,103,0,0,0.3902546133996591,0.7297630575408751,96,9.429563439877091,0.9110418543407821,96.25,95.50565851104064,0.5015114932081268,102,rbio,0.7365997322623828,1.0,0.184380187416332,3,77.25,,0.017797247293470486,0.057498966321383044,0.7473517391283139,0.9008294173212467,0.07172253150343395,0.9798387096774188,0.019110565755453446,0.023103499905242016,,0.018073401026559542,0.09312762028653623,0.09312762028653623,0.09251216590859315,0.06442440387611331,0.023322341408049035,0.75,0.03374705104058201,0.012195121951219516,0.0,0.15625,0.0,0.05990073769904769,0.05990073769904769,0.0,0.011235955056179775,0.49285113870081676,0.1532932220031199,190,1.3660969921090305,0.7857322122297495,156,24.041630560342615,0.8865960822625348,173.0,171.32947976878611,0.5352791732067391,168,85.1,51.5,70.4685549829093,30,0.6528972339995962,1.0,0.24297193620028265,5,127.25,96
raw,db28,136561638.2764752,0.65,489.5541027705296,-0.13559891093888568,992,5,True,False,819.4167207987549,,"[12, 58, 127, 194, 248, 304, 358, 414, 470, 513, 553, 598, 639, 680, 718, 754, 800, 853, 898, 938, 981]","[2232.2275822534543, 4118.827953682067, 3884.27115794508, 3143.3093671700194, 3269.1437126566034, 4062.7525578545738, 3656.269433339456, 2903.6477380010288, 3933.4858109534766, 2319.586303084383, 3012.448083573728, 1723.558341030955, 3749.895031766165, 3330.663949145554, 3390.1361017469058, 2106.254610087519, 4519.281588090041, 4707.7442805410055, 2931.5978648401087, 3426.3347531627755, 1235.404470392088]",21,11.949583845947547,1485659.1274398402,0.44775874375565083,1.1970401235060714e-06,-0.3783647726269202,21,4567.058319741851,731.1294393337961,7165.102917019117,"[12, 58, 127, 194, 248, 304, 358, 414, 470, 513, 553, 598, 639, 680, 718, 764, 800, 853, 898, 938, 981]","[3259.1171366743206, 6472.359916687316, 5773.527838382483, 5222.497898605258, 4525.638564127648, 6310.935570935423, 5621.1441802199915, 3582.984489761466, 6182.713814986568, 2566.4742164788177, 4501.092765331874, 2282.479554495169, 5323.865750539914, 4615.5961768765765, 4843.589385623518, 731.1294393337961, 7165.102917019117, 6696.721828093689, 2931.5978648401087, 4862.126709201715, 2437.5286963640956]","[6, 38, 90, 147, 147, 147, 312, 408, 423, 505, 547, 589, 547, 650, 650, 754, 38, 38, 890, 890, 974]","[19, 423, 147, 213, 282, 423, 423, 423, 754, 520, 589, 601, 754, 698, 754, 767, 806, 875, 901, 945, 987]",0.05,30,2648264901.067205,4712.381606670425,-4712.381606670425,,,,,,,,,,,,,,,,,,,,,,,,,,,,,,,,,,,SWT,mdp.39015056038386,,,3374.64922883276,,,5602.102917019117,,3145.381606670425,0.0,-4.0,,,0.0,-11.5,,,0.0,0.0,-7.0,,1.0,2120074905.067205,,,,,,3374.64922883276,69675.22471457887,3374.649228832761,,3145.381606670425,,,,,,,529.1294393337961,,,,,,0.0,,,0.30093854528820274,0.560609444048631,0.8022354722625801,0.04569775982634596,0.7151162790697672,0.27546246429227256,0.033285347053705595,,0.10482252519791696,0.2027607686437291,0.2027607686437291,0.20241433827851132,0.2085286724344178,0.2195423157325182,0.25,0.18778430383023215,0.2608695652173913,0.0,0.07894736842105263,0.0,0.2560649717758124,0.2560649717758124,0.0,0.21951219512195125,0.8020652873263097,0.2489545690516821,73,1.2601594822264006,0.7341377232783699,104,0,0,0.16562954781706718,0.2810033910118425,67,0,0,0.39047790169164365,0.7301805991690246,95,17.594980344783945,0.8340096193888307,84.75,82.02485965468411,0.5172406587510191,95,db,0.9602409638554217,0.549355620914199,0.16302463902694514,4,72.25,,0.3133799148710418,0.06502752024000408,0.5372325586967337,0.8022354722625801,0.06298313313455166,0.8024193548387097,0.2759194462749042,0.04321590561684435,,0.10532777185476226,0.25572158428529634,0.25572158428529634,0.25429472556236715,0.25943640031603754,0.23756065939232385,0.25,0.19411348765161893,0.14634146341463417,0.0,0.046875,0.0,0.27200122323986364,0.27200122323986364,0.0,0.20224719101123598,0.8754465473159629,0.27229321673747064,132,1.317092951142103,0.7575467658525511,186,38.18376618407357,0.8198878953581435,159.0,154.41509433962264,0.5349439476790718,169,130.3421052631579,133.5,47.75033755736292,76,1.0,0.6776119869201771,0.09671640392394687,6,128.25,97
raw,rbio3.3,150597365.27595207,0.6588709677419354,528.9105949541621,0.6503337159259442,992,5,True,False,555.334583789325,,"[1, 61, 112, 167, 222, 276, 335, 391, 444, 502, 554, 610, 666, 721, 772, 829, 886, 942, 988]","[127.63639768997018, 3618.372979892179, 2668.6315783791524, 2947.479170495508, 2902.2032426285796, 3058.650375668264, 3271.0870672568435, 3150.5784772120205, 2840.521715165147, 2962.9007184823026, 2641.801727403944, 2553.4101092126816, 3559.339741973069, 3405.957337128785, 2720.231001757816, 3001.7390646103236, 2819.278351139595, 2871.8819097244836, 529.8005571366512]",19,12.0128680812729,1437616.9361829432,0.45641093533797167,1.0873483196498958e-06,-0.8502441489301718,19,3660.4619351257315,127.63639768997018,5137.744542335097,"[1, 61, 112, 167, 222, 276, 335, 391, 444, 502, 554, 610, 666, 721, 772, 829, 886, 942, 988]","[127.63639768997018, 5027.908742975226, 3759.032497205997, 4208.085998512144, 4157.372288523876, 3850.7126971780904, 4647.382736754752, 4455.982264827776, 3967.5998270886275, 3583.4253801437408, 3166.9982072050866, 3136.8845660909647, 5137.744542335097, 4861.648199465251, 3251.238087885918, 3903.882437709709, 4094.9303595646907, 3680.5109790953325, 529.8005571366512]","[0, 39, 91, 91, 217, 217, 217, 368, 437, 437, 549, 575, 368, 699, 764, 764, 873, 873, 981]","[39, 368, 137, 217, 269, 307, 368, 437, 493, 630, 630, 630, 699, 873, 809, 873, 919, 981, 989]",0.05,30,1922984036.7885802,3650.824911877789,-3650.824911877789,,,,,,,,,,,,,,,,,,,,,,,,,,,,,,,,,,,SWT,mdp.39015056038386,,,2468.0528442166406,,,3574.7445423350973,,2083.824911877789,0.0,-12.5,,,0.0,-8.0,,,0.0,0.0,-12.5,,3.0,1394794040.7885802,,,,,,2468.0528442166406,43315.7767673889,2476.067194699036,,2083.824911877789,,,,,,,74.36360231002982,,,,,,0.0,,,0.11476656627619852,0.6479904381825966,0.9014207999074577,0.06362688265327482,0.8430232558139521,0.006891753651131816,0.015313352800461977,,0.013791196659969647,0.09362590247874802,0.09362590247874802,0.09419722498611036,0.058521136330139334,0.06976154373772675,0.75,0.08079582820057922,0.021739130434782608,0.0,0.2631578947368421,0.0,0.10175968030674076,0.10175968030674076,0.0,0.01219512195121951,0.5647439211453981,0.1752919391163107,89,1.251839418979002,0.729290660365995,105,0,0,0.10968314016302169,0.18608596551068016,90,0,0,0.3704332927550105,0.6926978517457976,106,9.255628917943215,0.9126827460571395,97.5,96.84095612076972,0.4964357126512113,103,rbio,0.7365997322623828,1.0,0.184380187416332,3,78.0,,0.13052128460862902,0.058693241669978954,0.6209698477460106,0.9014207999074577,0.08058750394046907,0.8911290322580636,0.013545332350859196,0.025428528345338097,,0.014347822262003603,0.15383657650623273,0.15383657650623273,0.15311678814511018,0.11907740429428798,0.09123786017150301,0.75,0.08795871879742398,0.012195121951219516,0.0,0.15625,0.0,0.1210013923739239,0.1210013923739239,0.0,0.011235955056179775,0.6591705808134087,0.20502414268316246,169,1.2923915756368567,0.7433393804816989,194,17.67766952966369,0.9166147663695109,181.5,180.63911845730027,0.5302413454489063,171,85.1,51.5,70.4685549829093,30,0.6528972339995962,1.0,0.24297193620028265,5,129.5,98
raw,sym14,139340229.87246725,0.6532258064516129,469.02218088925423,2.142968105889322,992,5,True,False,596.9008223586881,,"[18, 61, 107, 143, 183, 217, 269, 305, 359, 414, 448, 502, 541, 584, 624, 657, 694, 748, 800, 856, 911, 968]","[2458.631860118732, 2652.5803778034974, 2144.2385949314457, 2615.1665193222393, 928.8181038006219, 2545.485713203015, 2383.8397801255933, 3136.5338227547063, 2923.6966732946103, 2141.203085636026, 2999.796647017106, 2441.0098984030014, 1053.2758965697494, 2655.6106821394787, 1999.6123945770398, 524.4264958289136, 3373.822130117376, 2318.702894359922, 2469.7451917590106, 3393.0089135743383, 2965.1935026777346, 2705.4194839029396]",22,11.948644429045524,1492569.866417842,0.4488760401494932,1.6701511391624855e-06,-0.15786037886524937,21,3803.632190547663,524.4264958289136,5966.272414171957,"[18, 61, 98, 143, 209, 249, 305, 359, 414, 448, 502, 541, 584, 624, 659, 694, 748, 800, 856, 911, 968]","[2458.631860118732, 4000.6911360333143, 1548.9364169396, 4879.321745267079, 3123.306339546472, 2190.718392514429, 5510.09140584556, 4989.181453739432, 4736.591002854557, 5308.9848864880005, 3629.017028278803, 1053.2758965697494, 4318.348800686975, 3092.603122809591, 524.4264958289136, 5767.714940412499, 3330.2029368654557, 4558.292499127477, 5966.272414171957, 5532.789397163974, 3356.8778302383635]","[0, 48, 94, 107, 190, 244, 217, 327, 382, 437, 493, 532, 493, 606, 657, 217, 744, 767, 217, 879, 961]","[217, 217, 107, 217, 217, 269, 437, 437, 437, 493, 550, 550, 662, 662, 662, 767, 767, 823, 985, 985, 985]",0.05,30,1895649671.873358,3420.2785725074987,-3420.2785725074987,,,,,,,,,,,,,,,,,,,,,,,,,,,,,,,,,,,SWT,mdp.39015056038386,,,2611.223099638572,,,4403.272414171957,,1853.2785725074987,0.0,-11.5,,,0.0,-7.0,,,0.0,0.0,-11.5,,1.0,1367459675.873358,,,,,,2611.223099638572,53643.276001500926,2611.2230996385724,,1853.2785725074987,,,,,,,322.42649582891363,,,,,,0.0,,,0.14406983147306823,0.8139434377340161,0.8007631249592865,0.04924710999625669,0.7616279069767432,0.40096280337470724,0.035870569707980006,,0.0634464102216938,0.11086054727704456,0.11086054727704456,0.1104741828167653,0.11729333510045233,0.13097299298742743,0.25,0.0767636495252284,0.06521739130434782,0.0,0.3157894736842105,0.0,0.06824802683767264,0.06824802683767264,0.0,0.03658536585365854,0.4539244654889751,0.1408944776360178,94,1.4359766415838737,0.8365644485496211,53,0,0,0.09529749685770117,0.16167960442378881,94,0,0,0.42949782631743694,0.8031465514530323,58,22.321514285549714,0.7894196765514178,74.75,69.7035339524786,0.5421154986530674,87,sym,1.0,0.7438299373379558,0.07685101879861327,5,66.5,,0.1593030323482839,0.09234785651275407,0.7800027636536369,0.8007631249592865,0.06646819356468635,0.8346774193548382,0.39852417925309874,0.04577457161876144,,0.06397500995025217,0.16992631923509938,0.16992631923509938,0.16833498211304132,0.17406935354980646,0.15103612719399423,0.25,0.08395796083969449,0.03658536585365854,0.0,0.1875,0.0,0.08820761091840246,0.08820761091840246,0.0,0.03370786516853933,0.54061366393823,0.16814896810923366,180,1.488703052203159,0.8562510197426824,86,66.46803743153546,0.6864715215493611,133.0,116.39097744360902,0.5295565154916617,172,129.60526315789474,131.5,61.198630736176845,38,0.9943468604885928,0.8684530391040276,0.04342128592677678,7,130.75,99
raw,db9,140702513.03550977,0.6445564516129032,461.8969644247474,2.3395852135619513,992,5,True,False,581.8682395270798,,"[27, 63, 99, 151, 209, 259, 301, 335, 373, 411, 446, 485, 524, 579, 618, 654, 695, 738, 775, 816, 866, 920, 975]","[3094.9357329279237, 708.7867066530646, 3732.05371108777, 3361.2179153691372, 3521.315219273386, 2557.8751216177493, 3173.2370479008287, 738.2271218371678, 3656.1719588490787, 3486.326892806503, 1416.307656709959, 3081.3709009644786, 2155.201551960158, 2986.3825426034464, 538.6676787000198, 3072.860173362842, 3943.220303808551, 3130.377001417581, 1193.465630731196, 3619.9219957160676, 3818.9461251253692, 3046.7575263861336, 3729.8547759304097]",23,11.937422287769202,1498309.959742597,0.4498477309498807,1.3405009450094102e-06,-0.0033751246509175327,23,3634.0860933519307,244.7072443352962,5626.387570411884,"[27, 61, 99, 151, 209, 259, 301, 337, 373, 411, 446, 485, 524, 579, 618, 654, 695, 738, 771, 816, 866, 920, 975]","[4151.196968076259, 1201.4629896288207, 4950.88556839761, 4358.889653430682, 4625.266763721234, 3124.514602030332, 4262.714644083631, 244.7072443352962, 5097.042537011272, 4775.121846777699, 1979.1662432475011, 3995.9056099624604, 2286.6613116152357, 3418.993222924455, 942.6791571499364, 4097.007870890887, 5626.387570411884, 4091.682581337878, 1515.2954838588528, 4923.6386514522155, 5246.370813881274, 3965.403804218671, 4702.985008650309]","[1, 53, 53, 123, 123, 230, 230, 327, 123, 396, 438, 462, 517, 558, 616, 558, 123, 715, 769, 775, 860, 892, 892]","[53, 68, 123, 168, 230, 279, 327, 339, 396, 670, 462, 558, 529, 640, 621, 670, 892, 775, 775, 860, 892, 947, 991]",0.05,30,1957866853.162709,3945.1380011525553,-3945.1380011525553,,,,,,,,,,,,,,,,,,,,,,,,,,,,,,,,,,,SWT,mdp.39015056038386,,,2441.6770024428397,,,4063.3875704118836,,2378.1380011525553,0.0,-12.0,,,0.0,-12.0,,,0.0,0.0,-12.0,,1.0,1429676857.162709,,,,,,2441.6770024428397,57350.98014709441,2441.677002442839,,2378.1380011525553,,,,,,,42.707244335296195,,,,,,0.0,,,0.1334721979976831,0.8358035791060757,0.7831746725801645,0.05098727936234345,0.6366279069767432,0.4888882703297556,0.03801786818764231,,0.007454484249968973,0.0904508137503815,0.0904508137503815,0.09005558049493803,0.13839330519839926,0.10586237864148212,0.25,0.08594150283967109,0.043478260869565216,0.0,0.05263157894736842,0.0,0.14454031298183015,0.14454031298183015,0.0,0.024390243902439032,0.42092725896839045,0.13065241198494643,98,1.4240184010318606,0.8295978735905852,55,0,0,0.07926184928801595,0.1344738829595898,101,0,0,0.4238531106486298,0.7925911221922921,65,23.200215516240362,0.7811300422996192,79.75,74.52744203434631,0.5143857758667907,96,db,0.9602409638554217,0.549355620914199,0.16302463902694514,4,73.0,,0.14889400757658575,0.07331182932546945,0.8009513577371948,0.7831746725801645,0.06817684306647222,0.7479838709677415,0.48442098620057555,0.04789981201412778,,0.00801468635258596,0.15087240977238794,0.15087240977238794,0.14924454433465006,0.1938121657841066,0.1265052389343117,0.25,0.09306429581118128,0.02439024390243903,0.0,0.03125,0.0,0.16286559700861192,0.16286559700861192,0.0,0.022471910112359553,0.5195967105505638,0.16161199122412903,184,1.4850301912092296,0.8541385158643763,87,68.58935777509511,0.6764652935137023,135.5,118.14022140221402,0.5186571750587379,179,130.3421052631579,133.5,47.75033755736292,76,1.0,0.6776119869201771,0.09671640392394687,6,135.75,100
smoothed,db4,127041579.8331793,0.5971774193548387,338.24671253465056,1.6243489026394329,992,5,True,False,595.8739399817011,,"[25, 58, 107, 160, 218, 270, 305, 355, 402, 438, 488, 522, 578, 634, 690, 728, 768, 824, 864, 905, 939, 986]","[1961.9511916649726, 1713.7233588596591, 3231.566426133181, 2978.691136151378, 3312.5854530075935, 3174.654681789592, 953.6157434102656, 2708.702139943892, 282.56193715763334, 3384.6919059469333, 1343.0543481434022, 2637.216975472229, 2756.7992402140153, 2400.3180335821808, 2975.618204031598, 680.9132706138262, 2676.7580502032606, 2790.49439270724, 1984.7631879394537, 2971.917019582984, 209.00091445885528, 1041.1321812901117]",22,11.898887307398299,1473220.8728917479,0.46087235870419013,6.963422201064845e-06,-0.37893602999838805,22,2935.3456530336334,209.00091445885528,4952.783803812813,"[25, 58, 107, 160, 218, 270, 317, 355, 402, 438, 484, 522, 578, 634, 690, 728, 768, 824, 864, 905, 939, 986]","[2395.8744835473485, 1713.7233588596591, 4379.341190876213, 3999.306178898857, 4896.603919491051, 4372.256370258042, 1473.3745380288951, 4310.237114792229, 282.56193715763334, 4952.783803812813, 1199.5274415268677, 3097.0776503196766, 3083.341003376517, 2400.3180335821808, 4406.999677748685, 680.9132706138262, 3648.9255845236003, 4344.68160878157, 3147.5685075626943, 4542.055597232593, 209.00091445885528, 1041.1321812901117]","[18, 30, 103, 156, 156, 265, 305, 305, 397, 156, 473, 488, 488, 629, 488, 725, 695, 695, 856, 695, 936, 979]","[30, 70, 156, 214, 305, 305, 322, 415, 404, 979, 488, 528, 654, 654, 695, 741, 800, 871, 871, 979, 950, 991]",0.05,30,1771753274.1688352,3396.7149620471237,-3396.7149620471237,,,,,,,,,,,,,,,,,,,,,,,,,,,,,,,,,,,SWT,mdp.39015056038386,,,1904.7742244622048,,,3504.783803812813,,1948.7149620471237,0.0,-11.5,,,0.0,-11.5,,,0.0,0.0,-7.0,,1.0,1292342220.835501,,,,,,1904.7742244622048,42935.604366739935,1904.774224462204,,1948.7149620471237,,,,,,,158.33424779218865,,,,,,0.0,,,0.19734658101783464,0.685453410733094,0.748863923875541,0.07546803303410109,0.32000000000000045,0.2756018160622096,0.05482449764905914,,0.03460322476761145,0.1297941283489701,0.1297941283489701,0.12740042226714,0.17708721004977357,0.11725679342731415,0.3333333333333333,0.1111247201460869,0.1358024691358025,0.0,0.016129032258064516,0.0,0.12477980031906719,0.12477980031906719,0.0,0.022727272727272724,0.5321957910771961,0.16920317143193214,100,1.2533063038762164,0.7056021423270423,101,0,0,0.0990382709655296,0.1683494742663446,98,0,0,0.3407338574596804,0.6584232047028044,103,2.0816659994661326,0.9803616415144705,100.5,100.46765282234958,0.5161242169836504,96,db,1.0,0.5574538516488061,0.13276384450535816,4,73.0,0.36831259730560284,0.15859198726578472,0.3980138431593456,0.7247464164241298,0.7227788309582036,0.051042558988585986,0.274193548387097,0.27560181606220957,0.038610705053387845,,0.03114689657953852,0.09053426521391333,0.09053426521391333,0.08879072531071897,0.1170530593012831,0.0861885056893523,0.25,0.07296349446232739,0.14634146341463417,0.0,0.046875,0.0,0.10178284316895536,0.10178284316895536,0.0,0.03370786516853933,0.3951807320646602,0.12291445212327558,205,1.2241027217564897,0.7040619700635575,206,0.7071067811865476,0.9966645906547804,205.5,205.49878345498786,0.5136624840066355,183,130.3421052631579,133.5,47.75033755736292,76,1.0,0.6776119869201771,0.09671640392394687,6,138.75,101
smoothed,sym7,126887634.13841935,0.5975806451612903,337.76000161857263,2.2659765923938777,992,5,True,False,446.56669655772043,,"[3, 58, 108, 161, 218, 271, 323, 356, 389, 439, 499, 533, 579, 612, 663, 718, 768, 804, 852, 896, 933, 986]","[291.868234332434, 2339.3594839355274, 2542.5434927426154, 2231.3300599266854, 2777.5792804365715, 2584.0510892468687, 459.0961751421436, 2182.7199979845327, 42.58708641207545, 2655.6679737747445, 2240.1359523133015, 939.9153780306291, 2143.4551162836146, 9.769673261805337, 2527.8318090230646, 2595.562412262143, 2287.1059574369424, 1267.5917195905522, 2440.696563728876, 664.2232198415986, 2252.660003118462, 311.77821325978016]",22,11.910123980077477,1469245.0496738402,0.45936237141046726,8.747882337104458e-06,-0.6801526545959754,22,2215.4348385416206,9.769673261805337,3758.609076830513,"[3, 58, 108, 161, 218, 271, 309, 356, 389, 439, 499, 533, 579, 612, 663, 718, 768, 804, 852, 896, 933, 986]","[291.868234332434, 2904.9924634786375, 3307.51707203766, 2864.9110406921504, 3605.664360433292, 3503.934052527519, 931.878817123717, 2920.2380486603297, 42.58708641207545, 3600.5424920654527, 2844.0691876996325, 939.9153780306291, 2411.4372214721798, 9.769673261805337, 3548.831078925285, 3758.609076830513, 2652.483146147679, 1311.0697705865682, 2980.728851473593, 664.2232198415986, 3332.517962623128, 311.77821325978016]","[1, 37, 37, 149, 149, 265, 306, 323, 387, 378, 488, 529, 547, 611, 488, 488, 763, 801, 763, 891, 872, 979]","[37, 104, 149, 214, 872, 378, 323, 378, 433, 872, 652, 547, 652, 628, 701, 872, 818, 818, 872, 899, 979, 988]",0.05,30,1455112514.1233354,2787.5575390425843,-2787.5575390425843,0.49899193548387094,864476.6951495861,0.0989617883810804,0.10244368883638269,6907383.657152417,2014491579.8287275,78.0,300420.98851002735,0.03629032258064516,"[0.0, 0.0010080645161290322, 0.0020161290322580645, 0.0030241935483870967, 0.004032258064516129, 0.005040322580645161, 0.006048387096774193, 0.007056451612903226, 0.008064516129032258, 0.00907258064516129, 0.010080645161290322, 0.011088709677419355, 0.012096774193548387, 0.013104838709677418, 0.014112903225806451, 0.015120967741935484, 0.016129032258064516, 0.017137096774193547, 0.01814516129032258, 0.019153225806451613, 0.020161290322580645, 0.021169354838709676, 0.02217741935483871, 0.023185483870967742, 0.024193548387096774, 0.025201612903225805, 0.026209677419354836, 0.02721774193548387, 0.028225806451612902, 0.029233870967741934, 0.03024193548387097, 0.03125, 0.03225806451612903, 0.03326612903225806, 0.034274193548387094, 0.035282258064516125, 0.03629032258064516, 0.037298387096774195, 0.038306451612903226, 0.03931451612903226, 0.04032258064516129, 0.04133064516129032, 0.04233870967741935, 0.04334677419354838, 0.04435483870967742, 0.04536290322580645, 0.046370967741935484, 0.047379032258064516, 0.04838709677419355, 0.04939516129032258, 0.05040322580645161, 0.05141129032258064, 0.05241935483870967, 0.05342741935483871, 0.05443548387096774, 0.055443548387096774, 0.056451612903225805, 0.057459677419354836, 0.05846774193548387, 0.0594758064516129, 0.06048387096774194, 0.06149193548387097, 0.0625, 0.06350806451612903, 0.06451612903225806, 0.0655241935483871, 0.06653225806451613, 0.06754032258064516, 0.06854838709677419, 0.06955645161290322, 0.07056451612903225, 0.07157258064516128, 0.07258064516129031, 0.07358870967741936, 0.07459677419354839, 0.07560483870967742, 0.07661290322580645, 0.07762096774193548, 0.07862903225806452, 0.07963709677419355, 0.08064516129032258, 0.08165322580645161, 0.08266129032258064, 0.08366935483870967, 0.0846774193548387, 0.08568548387096774, 0.08669354838709677, 0.0877016129032258, 0.08870967741935484, 0.08971774193548387, 0.0907258064516129, 0.09173387096774194, 0.09274193548387097, 0.09375, 0.09475806451612903, 0.09576612903225806, 0.0967741935483871, 0.09778225806451613, 0.09879032258064516, 0.09979838709677419, 0.10080645161290322, 0.10181451612903225, 0.10282258064516128, 0.10383064516129031, 0.10483870967741934, 0.10584677419354839, 0.10685483870967742, 0.10786290322580645, 0.10887096774193548, 0.10987903225806452, 0.11088709677419355, 0.11189516129032258, 0.11290322580645161, 0.11391129032258064, 0.11491935483870967, 0.1159274193548387, 0.11693548387096774, 0.11794354838709677, 0.1189516129032258, 0.11995967741935483, 0.12096774193548387, 0.1219758064516129, 0.12298387096774194, 0.12399193548387097, 0.125, 0.12600806451612903, 0.12701612903225806, 0.1280241935483871, 0.12903225806451613, 0.13004032258064516, 0.1310483870967742, 0.13205645161290322, 0.13306451612903225, 0.13407258064516128, 0.1350806451612903, 0.13608870967741934, 0.13709677419354838, 0.1381048387096774, 0.13911290322580644, 0.14012096774193547, 0.1411290322580645, 0.14213709677419353, 0.14314516129032256, 0.1441532258064516, 0.14516129032258063, 0.1461693548387097, 0.14717741935483872, 0.14818548387096775, 0.14919354838709678, 0.1502016129032258, 0.15120967741935484, 0.15221774193548387, 0.1532258064516129, 0.15423387096774194, 0.15524193548387097, 0.15625, 0.15725806451612903, 0.15826612903225806, 0.1592741935483871, 0.16028225806451613, 0.16129032258064516, 0.1622983870967742, 0.16330645161290322, 0.16431451612903225, 0.16532258064516128, 0.1663306451612903, 0.16733870967741934, 0.16834677419354838, 0.1693548387096774, 0.17036290322580644, 0.17137096774193547, 0.1723790322580645, 0.17338709677419353, 0.17439516129032256, 0.1754032258064516, 0.17641129032258063, 0.1774193548387097, 0.17842741935483872, 0.17943548387096775, 0.18044354838709678, 0.1814516129032258, 0.18245967741935484, 0.18346774193548387, 0.1844758064516129, 0.18548387096774194, 0.18649193548387097, 0.1875, 0.18850806451612903, 0.18951612903225806, 0.1905241935483871, 0.19153225806451613, 0.19254032258064516, 0.1935483870967742, 0.19455645161290322, 0.19556451612903225, 0.19657258064516128, 0.1975806451612903, 0.19858870967741934, 0.19959677419354838, 0.2006048387096774, 0.20161290322580644, 0.20262096774193547, 0.2036290322580645, 0.20463709677419353, 0.20564516129032256, 0.2066532258064516, 0.20766129032258063, 0.20866935483870966, 0.2096774193548387, 0.21068548387096775, 0.21169354838709678, 0.2127016129032258, 0.21370967741935484, 0.21471774193548387, 0.2157258064516129, 0.21673387096774194, 0.21774193548387097, 0.21875, 0.21975806451612903, 0.22076612903225806, 0.2217741935483871, 0.22278225806451613, 0.22379032258064516, 0.2247983870967742, 0.22580645161290322, 0.22681451612903225, 0.22782258064516128, 0.2288306451612903, 0.22983870967741934, 0.23084677419354838, 0.2318548387096774, 0.23286290322580644, 0.23387096774193547, 0.2348790322580645, 0.23588709677419353, 0.23689516129032256, 0.2379032258064516, 0.23891129032258063, 0.23991935483870966, 0.2409274193548387, 0.24193548387096775, 0.24294354838709678, 0.2439516129032258, 0.24495967741935484, 0.24596774193548387, 0.2469758064516129, 0.24798387096774194, 0.24899193548387097]","[864476.6951495861, 8100.143313817178, 14894.565504568007, 9216.911654094807, 6118.686946705344, 27557.71395673354, 22466.84819187017, 11318.863390200195, 15065.629863827728, 12234.700090263701, 10573.46212849974, 6796.821156924464, 28332.157724268407, 10244.182415594263, 20729.86292962958, 65309.166438519605, 11114.044492857527, 26920.811913866062, 264381.28766577784, 56528.373507717195, 9823.669700546243, 76350.6313009898, 53156.91495881798, 57434.1361141519, 26288.23025201998, 33242.47813807744, 19664.326216822137, 63531.47584220511, 64908.85053007514, 53290.55950555603, 32816.075512859956, 19819.726961963344, 26426.894151794204, 19767.56122851021, 35142.12094421735, 47926.707879026624, 300420.98851002735, 53095.865570802554, 38669.69326632275, 8501.269349557557, 38707.70768326766, 18292.44553795358, 16857.116725463955, 17352.212498698336, 10287.975607692879, 33029.96045199145, 12064.523840620526, 46739.82347041993, 21629.35368950358, 54320.55218505829, 19871.66740296321, 28323.414000210552, 70555.82675282175, 51091.13649861003, 100566.18759081519, 12792.153745500811, 38325.44391216375, 54048.675819522236, 34838.03589865995, 16846.0420618368, 41090.45837824333, 36833.2646551298, 33137.864747149775, 35055.906499936405, 26228.083329607358, 17144.26544731497, 10222.792255690129, 3593.7186056093265, 31372.016504969804, 5935.350669600719, 80669.11551599031, 46419.47516828665, 180401.7666130085, 30080.704722955194, 39424.10049434319, 37886.619343309256, 16308.667727314785, 10494.729292905979, 8877.865711331588, 9049.421306745591, 5233.1508236600275, 6563.6427932213455, 6796.655550447456, 8730.411763022568, 9081.288829286259, 20821.78864538333, 7145.767778098675, 23943.82474945054, 47792.358227068915, 23255.638561558608, 12171.174343354005, 21748.793649116615, 10922.594410165158, 27092.986547275734, 27582.731504602514, 24414.31552105687, 13239.731423690098, 31878.244974165304, 21178.928116612296, 20524.121660842986, 29750.404343955604, 11039.206368840243, 11579.606580114867, 10704.503970594633, 19727.56534410345, 32583.706431070903, 48396.52523478448, 55110.86406342231, 47709.77793278815, 13500.746432724993, 26945.80723395337, 16737.32324277207, 12441.884293707883, 29647.671878544425, 12763.449700743931, 10088.48403016943, 18750.376184007608, 30490.164490846488, 24572.17951293987, 20734.865165124753, 10871.916506918877, 9753.15632124416, 14937.145373979023, 26301.807335735433, 23401.563732553815, 28358.355651407794, 18019.403595981883, 23093.703418819412, 17095.653481349047, 18014.403250816296, 9385.839128377886, 17712.127296731232, 21811.60716281651, 15013.816278950133, 29770.287248257442, 10114.820594235549, 27539.225132810378, 20571.226464137835, 19516.306093853687, 10934.413432303347, 20814.788387504497, 20797.339919530805, 33501.26117137327, 18194.151526837177, 18499.01443321407, 25946.31286316874, 3917.270312374952, 6927.915648443194, 9934.88142537446, 15683.579769496624, 21196.999599293224, 32117.38551658652, 23735.65361715879, 11941.477323907093, 15981.098511905355, 13800.457157732746, 5230.859319557763, 10884.751354694117, 7150.5543312939335, 11973.406104013247, 24333.730112565387, 7269.0045381811515, 28187.678064577198, 10303.043037439968, 13931.218133629776, 6542.084129202864, 8744.656854150893, 9031.178760263596, 11698.15012076401, 16043.133405256587, 7246.019411533989, 4887.774979303445, 13167.705349256903, 7713.24964017204, 5306.991460436794, 11226.185141780654, 16708.39939066847, 16495.92795063572, 11948.522345069043, 11608.879245224307, 3963.2286037182675, 13925.365782458539, 11708.923020650183, 4017.978951020041, 3496.9354404067335, 16406.30316817784, 11276.4260878118, 4828.4031704172085, 6915.415198869366, 17280.527714860164, 9871.517053957781, 4536.812712912468, 3120.2086583400323, 10932.918912155204, 14948.687606754125, 16471.98339540086, 16182.295261655458, 8121.581386187927, 11332.128156946066, 15146.955345953706, 4152.912372149602, 22057.507046407576, 12016.552664058076, 8776.104775985035, 5251.1293577071165, 15354.536424908689, 1820.7625632243712, 8212.126762722082, 19311.112293766135, 10355.730462928763, 12083.416569611629, 10891.248641595077, 17423.161040831732, 12680.251805418276, 23017.51800676103, 17850.394241809976, 15227.352635838533, 18035.218805653705, 1776.1065250092283, 10882.80695536509, 2326.2160930423343, 6026.12396506118, 11956.600299897606, 2102.262330910921, 4548.618718052997, 13460.124077399703, 5683.848404498699, 5861.223792432988, 10695.021221592662, 15067.10816442907, 13848.088635891916, 15424.551360394496, 6213.9383989237895, 5366.852165851798, 2653.646934709576, 4533.053699662141, 8747.675219114471, 7799.9002439357155, 12138.654958218884, 2805.9583228630086, 16115.019735726843, 9470.306051238536, 7382.195702657836, 1561.2955839230867, 8543.505367573129, 5573.036977981264, 4600.209466274327, 8640.925249901562]",3.0,0.3,0.0,5.0,0.5,361526520.70129234,0.053520942574340646,0.04805262228183297,1385304531.9747267,14643437541776.008,"[0.015625, 0.015625, 0.03125, 0.015625, 0.03125, 0.03125, 0.046875, 0.03125, 0.046875, 0.03125, 0.015625, 0.015625, 0.0625, 0.046875, 0.03125, 0.046875, 0.078125, 0.0625, 0.03125, 0.03125, 0.015625, 0.03125, 0.015625, 0.03125, 0.0625, 0.046875, 0.03125, 0.046875, 0.03125, 0.03125]",3.0,361526520.70129234,0.03125,"[0.0, 0.015625, 0.03125, 0.046875, 0.0625, 0.078125, 0.09375, 0.109375, 0.125, 0.140625, 0.15625, 0.171875, 0.1875, 0.203125, 0.21875, 0.234375]","[40123408.27010862, 297907578.3050798, 361526520.70129234, 214518390.72977722, 143590145.3871824, 130572859.54160152, 27982664.730480235, 48434678.08454817, 26885408.397986524, 24007760.28210037, 18220009.97040807, 9727805.211593969, 7778225.964015948, 9946766.11106932, 9309477.252685167, 5728903.955940138]",3.0,0.5,tukey,64.0,32.0,0.0,5.0,SWT,mdp.39015056038386,320985829.26952237,0.0,1184.863409970192,1199262489.955011,0.0,2310.609076830513,1184910394.0076632,1339.5575390425843,0.0,-11.5,1.0,192992.01005421503,0.0,-7.0,,0.0,0.0,0.0,-11.5,0.0,1.0,975701460.7900012,14406521114959.902,253199.36181625281,0.0,0.0,0.2,1184.863409970192,27097.566447915655,1251.0612196640916,10.0,1339.5575390425843,0.0,165.0,0.0,2.0,10.0,165.0,40.89699340486129,0.0037662782440225084,320985829.26952237,0.012429952846088083,0.007314834426215458,3737610.0792821217,0.0,0.0,0.014147086440985876,0.068697798806651,0.7635745691970954,0.7682579643922274,0.07518254774467552,0.32470588235294123,0.10811951243384671,0.05273432046322481,,0.008501720215242287,0.013805059286947197,0.013805059286947197,0.02178715478044163,0.04949923408154838,0.0,0.3333333333333333,0.040540899327278224,0.024691358024691364,0.0,0.16129032258064518,0.0,0.01855338744417978,0.01855338744417978,0.0,0.022727272727272724,0.22628807569228027,0.07194468785043263,105,1.2376309532027987,0.6967770362993433,104,0,0,0.045443011783294185,0.07724596833338881,105,0,0,0.32971437853803665,0.6371295161922571,106,0.816496580927726,0.9922972020667196,105.0,104.9952378792689,0.5008655821654353,102,sym,0.9158172895432238,0.8766686279425545,0.09592730893697696,5,77.75,0.4764424329136309,0.055207039196423835,0.501059533005055,0.7931087180800811,0.7403900583925351,0.0508494719404673,0.27822580645161277,0.1081195124338466,0.037138676703065976,,0.007652529556730146,0.00962933311912173,0.00962933311912173,0.015184386684024997,0.03271855025942896,0.0,0.25,0.02661879084757182,0.03658536585365854,0.0,0.1875,0.0,0.015133992197896295,0.015133992197896295,0.0,0.03370786516853933,0.17750105179543219,0.0552087760421753,211,1.2077585659104035,0.6946613712743406,209,1.4142135623730951,0.9933291813095608,210.0,209.99523809523808,0.5013815717868559,194,129.60526315789474,131.5,61.198630736176845,38,0.9943468604885928,0.8684530391040276,0.04342128592677678,7,147.25,102
raw,db27,136657111.48348808,0.6435483870967742,481.1290113737492,0.17222839675650692,992,5,True,False,753.1536638052154,,"[31, 86, 140, 197, 249, 306, 362, 417, 473, 529, 584, 640, 691, 747, 802, 857, 912, 965]","[3948.99739631341, 4998.126384274073, 3625.192491366217, 4601.69188020165, 3938.1216766612315, 4469.8643724258245, 5016.260134659646, 3806.44880142469, 5094.673863400511, 3206.423138059186, 2975.8000573507256, 3929.7975119072835, 3066.8690736443323, 5110.613876863625, 4669.594304551863, 4584.086855842092, 4065.617299270156, 4658.41406427126]",18,11.94965497843941,1485916.8082579526,0.4478005832477295,1.2686646656560216e-06,-0.2853783561634055,18,5603.309719365359,4051.5154757748396,7246.107542902391,"[31, 86, 140, 197, 249, 306, 362, 417, 473, 529, 584, 640, 691, 747, 802, 857, 912, 965]","[4414.887626606579, 6254.708780912846, 5066.665237889902, 6357.927661405759, 5287.494513904337, 6084.619603374424, 7246.107542902391, 5313.398005214178, 6488.716143185814, 4471.58387501339, 4051.5154757748396, 5013.599058695004, 4142.453152433982, 6867.811203572017, 6178.7457177401275, 6155.5579265565175, 5537.822642274945, 5925.960781119409]","[20, 41, 103, 148, 216, 216, 148, 409, 148, 506, 546, 506, 659, 148, 767, 847, 876, 847]","[41, 148, 148, 216, 266, 315, 426, 426, 482, 546, 590, 712, 712, 847, 847, 929, 929, 977]",0.05,20,2581109145.262295,5118.340543282567,-5118.340543282567,,,,,,,,,,,,,,,,,,,,,,,,,,,,,,,,,,,SWT,mdp.39015056038386,,,4410.900628456268,,,5683.107542902391,,3551.3405432825666,0.0,-13.0,,,0.0,-13.0,,,0.0,0.0,-13.0,,4.0,2052919149.2622948,,,,,,4410.900628456268,74626.57494857647,4410.900628456269,,3551.3405432825666,,,,,,,3849.5154757748396,,,,,,10.0,,,0.2542245774463264,0.5948340776222563,0.8023469581559523,0.04581971651980963,0.6220930232558134,0.32838579428652537,0.033381742285919766,,0.7694704110950302,0.3275033329537249,0.3275033329537249,0.3272111079141013,0.23670603982387792,0.22552691892426377,1.0,0.17787794575959592,0.0,0.0,0.0,0.0,0.3150741724578799,0.3150741724578799,0.0,0.0,1.3715915767119953,0.42573091653613954,30,1.2507953810764358,0.728682429725654,106,0,0,0.25137171464625496,0.4264716359551651,36,0,0,0.3830122699389434,0.7162201178133683,97,39.79426256803025,0.6245824286034882,67.25,49.4716723914409,0.49507423316966864,104,db,0.9602409638554217,0.549355620914199,0.16302463902694514,4,79.0,,0.26749732706690654,0.06916356127934332,0.5700300573125827,0.8023469581559523,0.06310288081405181,0.7379032258064515,0.32762170293574233,0.04331131063080146,,0.7696005241814031,0.37217746664182244,0.37217746664182244,0.3709738658934206,0.2858013890361463,0.24340709668584054,1.0,0.18428432479098075,0.0,0.0,0.0,0.0,0.32974635458108176,0.32974635458108176,0.0,0.0,1.4541237440964572,0.4522812192569592,36,1.3192757161256248,0.7588022175292526,183,103.94469683442249,0.5096948262527241,109.5,60.16438356164384,0.49659269614523,196,130.3421052631579,133.5,47.75033755736292,76,1.0,0.6776119869201771,0.09671640392394687,6,148.5,103
raw,sym16,138828846.05556253,0.6548387096774193,469.3389074020623,2.1606318508167415,992,5,True,False,602.1981444550034,,"[18, 61, 107, 143, 183, 217, 269, 305, 359, 414, 448, 502, 541, 584, 624, 657, 694, 748, 800, 856, 898, 943, 985]","[2605.3149991662895, 2644.8567247656747, 2212.002112650208, 2638.933040363227, 957.8392015308164, 2570.7206337107764, 2465.9516613137016, 3123.721500401167, 2917.684806177326, 2181.94273511069, 3009.162568798904, 2357.7566458781457, 1086.1683872966346, 2633.935810730166, 2023.0714098891583, 513.0885855649625, 3368.818595299564, 2318.3727790399266, 2483.5643690187803, 3378.4878134357837, 2261.192798851956, 2967.9747669757317, 2378.229606986784]",23,11.949051963247413,1490954.9223583224,0.44861405920898384,1.6596501816795063e-06,-0.13771649699928146,22,3656.3207099009596,513.0885855649625,5970.633821566806,"[18, 61, 98, 143, 209, 249, 305, 359, 414, 448, 502, 541, 584, 624, 659, 694, 748, 800, 856, 898, 943, 976]","[2605.3149991662895, 3965.7241714902575, 1532.5310047890948, 4884.861672388524, 3194.921367960863, 2170.463856907672, 5507.438169195201, 4991.94885779391, 4719.08369354374, 5330.62472720503, 3628.6348838253975, 1086.1683872966346, 4338.884462616957, 3181.818610270344, 513.0885855649625, 5764.0404604215555, 3348.876948729491, 4562.488903267843, 5970.633821566806, 2497.0063591292105, 5559.301259298522, 1085.2004153928115]","[0, 48, 94, 107, 190, 244, 217, 327, 383, 437, 493, 532, 493, 606, 657, 217, 744, 767, 217, 879, 879, 975]","[217, 217, 107, 217, 217, 269, 437, 437, 437, 493, 550, 550, 662, 662, 662, 767, 767, 823, 879, 905, 985, 985]",0.05,30,1905811619.2124362,3396.731764709126,-3396.731764709126,,,,,,,,,,,,,,,,,,,,,,,,,,,,,,,,,,,SWT,mdp.39015056038386,,,2463.9116189918686,,,4407.633821566806,,1829.7317647091259,0.0,-11.0,,,0.045454545454545456,-6.5,,,0.0,0.0,-11.0,,0.0,1377621623.2124362,,,,,,2463.9116189918686,54206.05561782111,2463.911618991869,,1829.7317647091259,,,,,,,311.0885855649625,,,,,,0.0,,,0.14780432464743937,0.815907315475094,0.8014018529637104,0.048593872492753654,0.7848837209302313,0.4124277177988066,0.03526643895129166,,0.06117687950908321,0.0931273872978653,0.0931273872978653,0.09273331711407617,0.12049602674190994,0.1312952127660031,0.0,0.07826267053734093,0.08695652173913043,0.0,0.3421052631578947,0.5,0.06482532029894755,0.06482532029894755,0.0,0.04878048780487805,0.39566885055855117,0.12281240658892102,99,1.4519147004796522,0.8458495671685367,47,0,0,0.11110698716024639,0.1885016325204342,88,0,0,0.435183606179904,0.8137787693806882,54,25.39028685672272,0.7604689919177101,72.0,65.29571700043853,0.5406118544494212,88,sym,1.0,0.7438299373379558,0.07685101879861327,5,67.25,,0.16297106182411497,0.09174146672235192,0.7818847495441837,0.8014018529637104,0.06582678821836752,0.8508064516129025,0.40972456948201486,0.04517664678420409,,0.06170676018230052,0.1533711778223196,0.1533711778223196,0.15174810278144593,0.1770660468829317,0.1513509079187667,0.0,0.08544530074347272,0.04878048780487806,0.0,0.203125,0.5,0.08485822410521712,0.08485822410521712,0.0,0.04494382022471911,0.4811128958226196,0.14964223506171337,191,1.501441996033138,0.8635780240292132,79,79.19595949289332,0.6264341533354089,135.0,111.77037037037037,0.4948208502526101,198,129.60526315789474,131.5,61.198630736176845,38,0.9943468604885928,0.8684530391040276,0.04342128592677678,7,150.25,104
raw,sym20,138060148.2998649,0.6495967741935483,468.2330733140785,2.1541262265692582,992,5,True,False,606.8355502291308,,"[18, 61, 107, 143, 183, 217, 269, 305, 359, 414, 448, 502, 541, 584, 624, 657, 694, 748, 800, 856, 898, 943, 985]","[2722.7904926199253, 2670.6974232590155, 2145.956971626692, 2617.6181155267927, 1009.4472131187538, 2594.0465558648602, 2434.4219356042204, 3074.648023193558, 2841.75290014662, 1928.0931598983116, 3022.3589183992926, 2346.84461893893, 1136.0034425097765, 2568.96602224757, 2070.904520188297, 520.2966984698012, 3308.6925646237733, 2360.120653416435, 2485.06044969561, 3331.929542310961, 2330.114263864795, 3026.80213091529, 2389.253502673346]",23,11.950024617926234,1488521.3997147237,0.4482214549537715,1.645344423600878e-06,-0.12936481709296221,22,3665.7407109181727,520.2966984698012,5954.450365785031,"[18, 61, 98, 143, 209, 249, 305, 359, 414, 448, 502, 541, 584, 624, 659, 694, 748, 800, 856, 898, 943, 976]","[2722.7904926199253, 3942.3750026564508, 1514.305399205666, 4832.109118585377, 3302.84191750472, 2115.5813748911664, 5480.282258146173, 4944.1211875392655, 4628.509780953338, 5383.066496246803, 3683.022823985395, 1136.0034425097765, 4307.453391430442, 3263.056583611092, 520.2966984698012, 5701.585227418296, 3397.517728798074, 4534.681346795241, 5954.450365785031, 2582.560397012038, 5600.4420658330455, 1099.2425402026643]","[0, 48, 94, 107, 190, 244, 217, 327, 383, 437, 493, 532, 493, 606, 657, 217, 744, 767, 217, 879, 879, 975]","[217, 217, 107, 217, 217, 269, 437, 437, 437, 493, 550, 550, 662, 662, 662, 767, 767, 823, 879, 905, 985, 985]",0.05,30,1914579278.5066688,3345.3845230348998,-3345.3845230348998,,,,,,,,,,,,,,,,,,,,,,,,,,,,,,,,,,,SWT,mdp.39015056038386,,,2473.3316200090817,,,4391.450365785031,,1778.3845230348998,0.0,-11.0,,,0.045454545454545456,-6.5,,,0.0,0.0,-11.0,,0.0,1386389282.5066688,,,,,,2473.3316200090817,54413.295640199794,2473.331620009081,,1778.3845230348998,,,,,,,318.2966984698012,,,,,,0.0,,,0.1510735916271297,0.8151840118549417,0.8029262938060172,0.047611944269213745,0.7093023255813939,0.41718108639283064,0.034356087990569904,,0.06261974095679723,0.09426135448296813,0.09426135448296813,0.09386777705047683,0.12167539761498376,0.13009958276254324,0.0,0.07955601570737114,0.08695652173913043,0.0,0.3421052631578947,0.5,0.05736161051166955,0.05736161051166955,0.0,0.04878048780487805,0.3947754863897581,0.12253511358651535,100,1.424037403624637,0.8296089440307907,54,0,0,0.11055666979895942,0.18756797637820333,89,0,0,0.42537647736029954,0.7954397669259948,64,21.37560915311343,0.7983433098762884,76.75,72.22892782836988,0.5371433530513517,90,sym,1.0,0.7438299373379558,0.07685101879861327,5,68.75,,0.16618214485089938,0.09091536437340858,0.7811916070031613,0.8029262938060173,0.0648626457603757,0.7983870967741928,0.4143682659969258,0.04427564738704963,,0.06314880726532902,0.15442981526363692,0.15442981526363692,0.1528087697402604,0.17816956018620245,0.15018288129820206,0.0,0.08672856753239773,0.04878048780487806,0.0,0.203125,0.5,0.07755439865126412,0.07755439865126412,0.0,0.04494382022471911,0.4801867390541974,0.14935416926666278,193,1.4825510908156532,0.8527126222068716,89,73.53910524340094,0.6531174280971654,141.0,121.82269503546098,0.49401154423726196,199,129.60526315789474,131.5,61.198630736176845,38,0.9943468604885928,0.8684530391040276,0.04342128592677678,7,151.0,105
smoothed,sym12,125007636.64709789,0.5965725806451613,341.9254426239278,2.0455737948129036,992,5,True,False,586.7881933122284,,"[6, 62, 107, 143, 182, 227, 280, 326, 360, 395, 447, 503, 540, 583, 640, 694, 731, 776, 823, 856, 899, 942, 985]","[1507.4019617005622, 2519.813944744804, 1438.586705168918, 2292.043402313476, 467.7535731567451, 1956.0787971202503, 2779.786099999617, 1543.1077175080688, 2433.660207469236, 77.51038498072853, 2792.214019740774, 2371.494716914806, 587.8604620014646, 2303.7298909629, 1743.4938201793002, 2908.85218231146, 103.04090214869575, 2240.0071250333895, 1090.2461262012357, 2955.883783310846, 826.519278814031, 2718.1989896639925, 1835.3558909524136]",23,11.913577787487657,1462925.943978819,0.4580414181985407,1.4831044174617534e-05,-0.26342417636733345,23,2527.1288071480185,77.51038498072853,4901.559038536377,"[6, 62, 99, 143, 182, 227, 280, 321, 360, 395, 447, 503, 540, 583, 640, 694, 731, 776, 817, 856, 899, 942, 977]","[1507.4019617005622, 3546.2519348128176, 787.0578099279171, 4052.829260648294, 467.7535731567451, 3945.2459325940154, 4708.605576147747, 337.2655471047622, 4272.556694999216, 77.51038498072853, 4647.726384126164, 3581.0032427696033, 587.8604620014646, 3191.084929752015, 2642.605520692143, 4563.588426833345, 103.04090214869575, 3588.2117788698833, 849.8893841118129, 4901.559038536377, 826.519278814031, 4738.354645197377, 200.0398944787116]","[0, 49, 94, 107, 179, 160, 270, 316, 326, 394, 382, 494, 533, 550, 605, 382, 730, 767, 810, 382, 894, 878, 975]","[270, 270, 107, 270, 191, 270, 382, 326, 382, 411, 494, 661, 550, 661, 661, 767, 745, 823, 823, 878, 904, 985, 985]",0.05,30,1718711002.447387,2965.2252511182764,-2965.2252511182764,,,,,,,,,,,,,,,,,,,,,,,,,,,,,,,,,,,SWT,mdp.39015056038386,,,1496.5573785765898,,,3453.5590385363766,,1517.2252511182764,0.0,-12.5,,,0.0,-8.0,,,0.0,0.0,-12.5,,2.0,1239299949.1140528,,,,,,1496.5573785765898,36481.96256440442,1636.4671264504916,,1517.2252511182764,,,,,,,26.843718314061903,,,,,,0.0,,,0.1895179571835053,0.7367395024587475,0.7742190956596694,0.07169617789999651,0.3129411764705886,0.33982865403424056,0.049412228449898364,,0.005378251213247476,0.06402390934883156,0.06402390934883156,0.08405297605924011,0.12509799905001595,0.11222700039563599,0.6666666666666666,0.09930082797733619,0.0,0.0,0.12903225806451613,0.0,0.04953553265781274,0.04953553265781274,0.0,0.0,0.5329407330387828,0.16944001385824684,99,1.4562455207412432,0.819855414443575,56,0,0,0.0905546789649967,0.15392870299018843,100,0,0,0.4149260039150888,0.8017897348068177,54,25.708299567779015,0.7574688720020848,77.25,70.82570370054934,0.5143476435482122,98,sym,0.9158172895432238,0.8766686279425545,0.09592730893697696,5,74.75,0.8450532391640638,0.15230073557528606,0.8523386651804754,0.7696258747199193,0.7458032077786314,0.048491477021311985,0.26814516129032273,0.33982865403424045,0.03479905991883514,,0.004841046909436916,0.04465808787154324,0.04465808787154324,0.05858006257762122,0.08268865660686431,0.08249140352020773,0.5,0.06520003292430364,0.012195121951219516,0.0,0.15625,0.0,0.04040611812896444,0.04040611812896444,0.0,0.011235955056179775,0.3962653825526749,0.12325181477702399,204,1.417423837556011,0.8152536562068488,133,50.204581464244875,0.7631859364894109,168.5,161.0207715133531,0.484187307867347,203,129.60526315789474,131.5,61.198630736176845,38,0.9943468604885928,0.8684530391040276,0.04342128592677678,7,154.0,106
