wavelet,wavelet_level,wavelet_mode,wavelet_mse,wavelet_psnr,wavelet_energy_entropy,wavelet_sparsity,wavelet_adaptive_threshold,signal_length,signal_type,emd_value,kl_divergence,wavelet_entropy,avg_variance_across_levels,variance_ratio_across_levels,smoothness,correlation,dynamic_cutoff,dominant_frequency,amplitude_max,num_fft_peaks,positive_frequencies,positive_amplitudes,relative_num_peaks,avg_prominence,prominence_min,prominence_max,relative_peaks,relative_prominences,relative_left_bases,relative_right_bases,max_autocorrelation,upper_envelope,lower_envelope,spectral_magnitude,spectral_centroid,spectral_bandwidth,frequency_max,wavelet_type,htid,max_autocorrelation_diff,frequency_max_diff,relative_right_bases_array_alignment_score,relative_right_bases_global_alignment_score,relative_num_peaks_diff,relative_peaks_array_alignment_score,relative_peaks_global_alignment_score,spectral_centroid_diff,lower_envelope_diff,relative_prominences_avg_diff,relative_prominences_total_diff,relative_prominences_wasserstein,spectral_bandwidth_diff,spectral_magnitude_diff,avg_prominence_diff,num_fft_peaks_diff,amplitude_max_diff,prominence_min_diff,relative_left_bases_array_alignment_score,relative_left_bases_global_alignment_score,prominence_max_diff,upper_envelope_diff,dominant_frequency_diff,dynamic_cutoff_diff,emd_value_normalized,wavelet_mse_normalized,wavelet_psnr_normalized,wavelet_entropy_normalized,wavelet_energy_entropy_normalized,wavelet_sparsity_normalized,avg_variance_across_levels_normalized,prominence_min_diff_normalized,avg_prominence_diff_normalized,relative_prominences_avg_diff_normalized,relative_prominences_wasserstein_normalized,spectral_centroid_diff_normalized,dynamic_cutoff_diff_normalized,relative_prominences_total_diff_normalized,prominence_max_diff_normalized,amplitude_max_diff_normalized,frequency_max_diff_normalized,spectral_bandwidth_diff_normalized,num_fft_peaks_diff_normalized,dominant_frequency_diff_normalized,max_autocorrelation_diff_normalized,relative_right_bases_global_alignment_score_normalized,relative_left_bases_global_alignment_score_normalized,upper_envelope_diff_normalized,lower_envelope_diff_normalized,reconstruction_weighted_score,reconstruction_normalized_weighted_score,reconstruction_normalized_weighted_rank,signal_weighted_score,signal_normalized_weighted_score,signal_normalized_weighted_rank,reconstruction_missing_metrics_count,reconstruction_dynamically_weighted_score,reconstruction_normalized_dynamically_weighted_score,reconstruction_normalized_dynamically_weighted_rank,signal_missing_metrics_count,signal_dynamically_weighted_score,signal_normalized_dynamically_weighted_score,signal_normalized_dynamically_weighted_rank,rank_variability,normalized_rank_stability,average_rank,harmonic_average_rank,stability_score_weighted,stability_rank,wavelet_family,family_mean_stability_rank,family_median_stability_rank,family_rank_std_dev,family_wavelet_count,normalized_family_mean_rank,normalized_family_std_dev,final_family_stability_score,final_family_stability_rank,family_informed_rank,top_wavelet_rank
dmey,1,antireflect,0.38099713168785126,61.807054784314424,4846619.662254593,0.7111801242236024,378.19395163166354,261,raw,0.48632786357659097,,7.458467384743675,84018.79586952848,0.749596593891882,4.2735561567689355e-06,0.9999977003372893,270.5736054376298,,,,[],[],15,503.97223068556474,75.22686206236904,762.043222148966,"[4, 18, 43, 64, 82, 96, 117, 132, 150, 165, 180, 199, 213, 233, 247]","[105.40223653199217, 655.8048991428955, 698.2890859328065, 372.3791309054504, 645.2648311888049, 625.2468210541574, 762.043222148966, 499.8628544267874, 466.35955054646706, 423.13373525985696, 473.1164374991222, 75.22686206236904, 535.6609511235112, 705.6656310984316, 516.1272113618529]","[0, 9, 9, 60, 66, 91, 46, 130, 144, 164, 144, 196, 196, 196, 246]","[5, 38, 46, 66, 112, 112, 196, 196, 175, 166, 196, 200, 228, 255, 255]",29065672.63215726,762.3374974962642,-762.3374974962642,0.0,,,,DWT,uc1.b4952553,54655.63215725869,,0.0,14.5,23.0,0.0,23.5,,1.3374974962641772,29.02486226451208,10488.416539716529,63.08800300726112,,0.0,29.02486226451208,,,34.77313793763096,0.0,31.0,2.043222148966038,1.3374974962641772,,0.4263945623702057,0.9680828947806165,0.8083945906477147,0.0034442661591834733,0.9509696594866323,0.002440319852498489,0.5619942206131463,0.011646507856722391,0.0,0.972629756473237,0.972629756473237,0.8842174610738899,,0.9999999999998668,0.027370243526772087,0.9810231644160171,,,,,,0.9292756983883153,0.0,0.9000000000000001,1.0,1.0,2.8076776453715953,0.989777091708498,2,1.4836894635758366,0.9562238621824987,3,0,0.7222621733626113,0.9990845840405523,2,0,0.472424637056645,1.0,1,0.816496580927726,0.9991441335629688,2.0,1.7142857142857144,0.9985238487521343,1,dmey,11.777777777777779,5.0,17.31890425068643,9,0.01574335363136789,0.059025097663940575,0.9712721231588601,1,1.0,1
dmey,1,reflect,0.3675966165181249,61.962556792203884,4870335.11702427,0.7080745341614907,379.1825304931916,261,raw,0.48662110561446414,,7.461010224664484,38655.160916527544,0.5364932473811308,4.274356924231059e-06,0.99999802995503,270.5736054376298,,,,[],[],15,503.9263355559954,75.22686206236904,762.0432221489327,"[4, 18, 43, 64, 82, 96, 117, 132, 150, 165, 180, 199, 213, 233, 247]","[103.88959047600747, 655.7963187391163, 699.1194570087905, 372.3791309054504, 645.2648311888049, 625.2468210541574, 762.0432221489327, 499.8628544267874, 466.35955054646706, 423.13373525985696, 473.1164374991222, 75.22686206236904, 535.6609472654534, 705.6996541453035, 516.0956206133127]","[0, 9, 9, 60, 66, 91, 46, 130, 144, 164, 144, 196, 196, 196, 246]","[5, 38, 46, 66, 112, 112, 196, 196, 175, 166, 196, 200, 228, 255, 255]",29058260.598546132,762.3374974962642,-762.3374974962642,0.0,,,,DWT,uc1.b4952553,47243.598546132445,,0.0,14.5,23.0,0.0,23.5,,1.3374974962641772,28.978967134942764,10489.104966660068,63.243794018489794,,0.0,28.978967134942764,,,34.77313793763096,0.0,31.0,2.0432221489327276,1.3374974962641772,,0.4263945623702057,0.9686666215669205,0.7799615577608037,0.004024056167041046,0.9517633905213353,0.0025151499418215838,0.5475484106686154,0.0004180797585805513,0.0,0.9384384278252725,0.9384384278252725,1.0,,0.9999999999998668,0.06156157217472591,0.9810231644000237,,,,,,0.8032535038112052,0.0,0.9000000000000001,1.0,1.0,2.775982176888075,0.9786036407008041,6,1.4573172212292396,0.939227200785242,5,0,0.718559591336364,0.9939629083388509,6,0,0.4649853237693027,0.9842529099801154,2,1.8929694486000912,0.9980157552949684,4.75,3.8709677419354844,0.9965183598277777,2,dmey,11.777777777777779,5.0,17.31890425068643,9,0.01574335363136789,0.059025097663940575,0.9712721231588601,1,1.75,2
dmey,1,antisymmetric,0.375524522869507,61.8698888157251,4863680.184873392,0.7018633540372671,368.53307457994237,261,raw,0.4729600329754193,,7.432545194821191,83619.78086073513,0.7580469083069594,4.274243437973578e-06,0.999997696371906,270.5736054376298,,,,[],[],15,503.9006302773059,75.22686206236904,762.043222148943,"[4, 18, 43, 64, 82, 96, 117, 132, 150, 165, 180, 199, 213, 233, 247]","[104.80568060124108, 655.784642158991, 697.9224685667366, 372.3791309054504, 645.2648311888049, 625.2468210541574, 762.043222148943, 499.8628544267874, 466.35955054646706, 423.13373525985696, 473.1164374991222, 75.22686206236904, 535.6609497056395, 705.1939771514026, 516.5082908836187]","[0, 9, 9, 60, 66, 91, 46, 130, 144, 164, 144, 196, 196, 196, 246]","[5, 38, 46, 66, 112, 112, 196, 196, 175, 166, 196, 200, 228, 255, 255]",29064875.85692278,762.3374974962642,-762.3374974962642,0.0,,,,DWT,uc1.b4952553,53858.85692277923,,0.0,14.5,23.0,0.0,23.5,,1.3374974962641772,28.95326185625322,10489.490545840412,63.09594338976903,,0.0,28.95326185625322,,,34.77313793763096,0.0,31.0,2.0432221489429594,1.3374974962641772,,0.4263945623702057,0.9414729283062578,0.7967828828485466,0.003678543157016434,0.9428782155618439,0.0024941514337969315,0.518656790779553,0.011547743475495946,0.0,0.9192882992624095,0.9192882992624095,0.8901186850248725,,0.9999999999998668,0.08071170073760625,0.9810231644049364,,,,,,0.9157286249531564,0.0,0.9000000000000001,1.0,1.0,2.7973403301126902,0.9861329276963297,3,1.4474867312950552,0.9328915427632751,7,0,0.7171798978037716,0.9920544177796734,7,0,0.45964446508035883,0.972947702186087,4,2.0615528128088303,0.9978390431731564,5.25,4.602739726027397,0.9961679492595341,3,dmey,11.777777777777779,5.0,17.31890425068643,9,0.01574335363136789,0.059025097663940575,0.9712721231588601,1,2.5,3
dmey,1,symmetric,0.3707609071183129,61.925332485115455,4861652.710295332,0.7018633540372671,368.53373769393085,261,raw,0.4924329646921941,,7.434467969114495,39150.179909896106,0.5237572202221785,4.273668075172191e-06,0.9999980640367632,270.5736054376298,,,,[],[],15,503.99701203377583,75.22686206236904,762.0827460788679,"[4, 18, 43, 64, 82, 96, 117, 132, 150, 165, 180, 199, 213, 233, 247]","[104.48614640675856, 655.8164999933592, 699.4377394273786, 372.3791309054504, 645.2648311888049, 625.2468210541574, 762.0827460788679, 499.8628544267874, 466.35955054646706, 423.13373525985696, 473.1164374991222, 75.22686206236904, 535.6609487053614, 706.166821570371, 515.7140553815252]","[0, 9, 9, 60, 66, 91, 9, 130, 144, 164, 144, 196, 196, 196, 246]","[5, 38, 46, 66, 112, 112, 196, 196, 175, 166, 196, 200, 228, 255, 255]",29059153.178040616,762.3374974962642,-762.3374974962642,0.0,,,,DWT,uc1.b4952553,48136.178040616214,,0.0,14.5,23.0,0.0,23.5,,1.3374974962641772,29.049643612723173,10488.044819493363,63.23492970550334,,0.0,29.049643612723173,,,34.77313793763096,0.0,26.5,2.082746078867899,1.3374974962641772,,0.4263945623702057,0.980235692108444,0.7866755070052435,0.003885265153393047,0.9434783971213809,0.002487754082143758,0.518656790779553,0.0005406070908812392,0.0,0.9910915677585806,0.9910915677585806,0.9934121188680081,,0.9999999999998668,0.008908432241470421,1.0,,,,,,0.8184294774549998,0.0,0.6000000000000001,1.0,1.0,2.76634753116372,0.9752071853988878,7,1.4490692056776513,0.9339114325738316,6,0,0.7002444303401256,0.96862807054668,9,0,0.4622800019058629,0.9785264477018252,3,2.5,0.9973794549266247,6.25,5.305263157894737,0.9954140461215932,4,dmey,11.777777777777779,5.0,17.31890425068643,9,0.01574335363136789,0.059025097663940575,0.9712721231588601,1,3.25,4
dmey,1,periodic,0.3652943519613462,61.98984227189479,4863009.194247356,0.7018633540372671,368.5340767189886,261,raw,0.4805908789795983,,7.431449276157434,39131.176398108335,0.5233252394910765,4.27363849850638e-06,0.9999980294275835,270.5736054376298,,,,[],[],15,504.00896985080567,75.22686206236904,762.043222148939,"[4, 18, 43, 64, 82, 96, 117, 132, 150, 165, 180, 199, 213, 233, 247]","[105.11315901901708, 655.7846203704464, 699.1813413181925, 372.3791309054504, 645.2648311888049, 625.2468210541574, 762.043222148939, 499.8628544267874, 466.35955054646706, 423.13373525985696, 473.1164374991222, 75.22686206236904, 535.6609487905483, 705.5449602907964, 516.2160728811313]","[0, 9, 9, 60, 66, 91, 46, 130, 144, 164, 144, 196, 196, 196, 246]","[5, 38, 46, 66, 112, 112, 196, 196, 175, 166, 196, 200, 228, 255, 255]",29058274.485156298,762.3374974962642,-762.3374974962642,0.0,,,,DWT,uc1.b4952553,47257.485156297684,,0.0,14.5,23.0,0.0,23.5,,1.3374974962641772,29.06160142975301,10487.865452237915,63.163285840898816,,0.0,29.06160142975301,,,34.77313793763096,0.0,31.0,2.0432221489389804,1.3374974962641772,,0.4263945623702057,0.9566628691725342,0.7750766437833811,0.004125790213431069,0.9425361316391336,0.0024920342368479845,0.518656790779553,0.000535903332773181,0.0,1.0,1.0,0.9401670152065736,,0.9999999999998668,0.0,0.9810231644030258,,,,,,0.8034896092014496,0.0,0.9000000000000001,1.0,1.0,2.7643064913641435,0.9744876674584234,8,1.434711481732769,0.924658014941791,9,0,0.7187233157342431,0.9941893836105529,5,0,0.4571551661653792,0.9676785042659938,5,2.0615528128088303,0.9978390431731564,6.75,6.2882096069869,0.9953817857375216,5,dmey,11.777777777777779,5.0,17.31890425068643,9,0.01574335363136789,0.059025097663940575,0.9712721231588601,1,4.0,5
dmey,1,periodization,0.3583052024964918,62.073740705090216,4080279.1444839113,0.7022900763358778,362.7127661066034,261,raw,0.4781456193471346,,7.115819350489534,38028.16836972392,0.5005459611059024,4.2744318406875294e-06,0.9999980567937443,270.57360543762974,,,,[],[],15,503.93762641032185,75.22686206236904,762.0432221489322,"[4, 18, 43, 64, 82, 96, 117, 132, 150, 165, 180, 199, 213, 233, 247]","[104.75086175204711, 655.7880158825847, 698.6347976478527, 372.3791309054502, 645.2648311888054, 625.2468210541573, 762.0432221489322, 499.86285442678764, 466.35955054646695, 423.1337352598569, 473.11643749912224, 75.22686206236904, 535.6609491478413, 705.6806680857914, 515.9156585467629]","[0, 9, 9, 60, 66, 91, 46, 130, 144, 164, 144, 196, 196, 196, 246]","[5, 38, 46, 66, 112, 112, 196, 196, 175, 166, 196, 200, 228, 255, 255]",29058130.039108664,762.3374974962642,-762.3374974962642,0.0,,,,DWT,uc1.b4952553,47113.0391086638,,0.0,14.5,23.0,0.0,23.5,,1.3374974962641772,28.990257989269196,10488.935603845173,63.140248702677574,,0.0,28.990257989269196,,,34.77313793763096,0.0,31.0,2.043222148932159,1.3374974962641772,,0.4263945623702625,0.951795342138248,0.7602471604337645,0.004438605937818529,0.8440142917728267,2.2262515895752765e-05,0.5206417112299463,0.0002628862707317652,0.0,0.9468499807419777,0.9468499807419777,0.9230460123206502,,1.0,0.05315001925809115,0.9810231643997508,,,,,,0.8010336829501862,0.0,0.9000000000000001,1.0,1.0,2.752627225445396,0.9703704320366847,9,1.3747301786090567,0.8860006309407865,36,0,0.7126627367010528,0.9858059581651504,8,0,0.44020318004274744,0.9317955616907547,8,13.841363131329707,0.9854912336149584,15.25,10.285714285714285,0.9847529543336846,6,dmey,11.777777777777779,5.0,17.31890425068643,9,0.01574335363136789,0.059025097663940575,0.9712721231588601,1,4.75,6
rbio3.1,1,antireflect,6.50462966661703e-27,319.48404609001875,4738718.202945187,0.7765151515151515,454.33150416251715,261,raw,6.16722509587179e-14,-2.4928681341408006e-10,7.396593128963788,61935.88485350665,0.7747758344231692,4.292422349831097e-06,1.0,270.9999999999999,,,,[],[],15,502.66666666666663,74.99999999999997,759.9999999999998,"[4, 18, 43, 64, 82, 96, 117, 132, 150, 165, 180, 199, 213, 233, 247]","[105.00000000000006, 653.9999999999999, 697.9999999999999, 371.99999999999994, 643.0, 622.9999999999999, 759.9999999999998, 498.9999999999999, 464.9999999999999, 421.9999999999999, 470.9999999999999, 74.99999999999997, 533.9999999999999, 703.9999999999998, 515.0]","[0, 9, 9, 60, 66, 83, 46, 130, 144, 164, 144, 196, 182, 182, 246]","[5, 38, 46, 66, 112, 112, 182, 182, 175, 166, 182, 200, 228, 255, 255]",29011016.999999996,760.9999999999998,-760.9999999999998,0.0,,,,DWT,uc1.b4952553,3.725290298461914e-09,,0.0,23.5,23.0,0.0,23.5,,2.2737367544323206e-13,27.71929824561397,10508.0,61.89824561403502,,0.0,27.71929824561397,,,35.00000000000003,0.0,26.5,2.2737367544323206e-13,2.2737367544323206e-13,,1.1368683772161603e-13,9.754851779337705e-14,1.2289273086302414e-26,0.9641942065717118,0.9316560107351923,0.0020998551253139522,0.8659034192189272,0.006180535414303237,0.9999999976504634,5.560715508034054e-09,5.560715508034054e-09,4.5761424791460164e-09,,2.66623563606553e-13,0.9999999944392873,1.0917013732505677e-13,,,,,,6.33387924933671e-14,1.0,0.6000000000000001,1.699993279077676e-13,1.699993279077676e-13,0.9600000012243424,0.33842418157168014,80,1.3942280387266017,0.8985668178441824,22,0,0.30000000064900856,0.41498141106457087,78,0,0.3957191467236496,0.8376344408900965,23,32.633060945407294,0.9657934371641433,50.75,35.00992382494151,0.9562981860873128,7,rbio,388.1185185185185,391.0,293.41593552782615,135,0.5187979602950641,1.0,0.3368414277934551,2,5.75,7
rbio3.1,1,antisymmetric,6.50927215838109e-27,319.4809475440668,4717828.93443554,0.7765151515151515,453.1521030845065,261,raw,6.178114639714855e-14,-2.4924473596144677e-10,7.383010295161839,60513.15900392417,0.7817770472416512,4.292422349831097e-06,1.0,270.9999999999999,,,,[],[],15,502.66666666666663,74.99999999999997,759.9999999999998,"[4, 18, 43, 64, 82, 96, 117, 132, 150, 165, 180, 199, 213, 233, 247]","[105.00000000000006, 653.9999999999999, 697.9999999999999, 371.99999999999994, 643.0, 622.9999999999999, 759.9999999999998, 498.9999999999999, 464.9999999999999, 421.9999999999999, 470.9999999999999, 74.99999999999997, 533.9999999999999, 703.9999999999998, 515.0]","[0, 9, 9, 60, 66, 83, 46, 130, 144, 164, 144, 196, 182, 182, 246]","[5, 38, 46, 66, 112, 112, 182, 182, 175, 166, 182, 200, 228, 255, 255]",29011016.999999996,760.9999999999998,-760.9999999999998,0.0,,,,DWT,uc1.b4952553,3.725290298461914e-09,,0.0,23.5,23.0,0.0,23.5,,2.2737367544323206e-13,27.71929824561397,10508.0,61.89824561403502,,0.0,27.71929824561397,,,35.00000000000003,0.0,26.5,2.2737367544323206e-13,2.2737367544323206e-13,,1.1368683772161603e-13,9.776528475073184e-14,1.2299123462898602e-26,0.9641826536277581,0.927416217014953,0.0020339425866908395,0.8659034192189272,0.005828381647922841,0.9999999976504634,5.560715508034054e-09,5.560715508034054e-09,4.5761424791460164e-09,,2.66623563606553e-13,0.9999999944392873,1.0917013732505677e-13,,,,,,6.33387924933671e-14,1.0,0.6000000000000001,1.699993279077676e-13,1.699993279077676e-13,0.9600000012243424,0.33842418157168014,79,1.3919273923242461,0.8970840729421092,26,0,0.30000000064900856,0.41498141106457087,82,0,0.39505208772805,0.8362224506100053,27,31.203632267200348,0.9672917900763099,53.5,39.85972354915899,0.9556060627530396,8,rbio,388.1185185185185,391.0,293.41593552782615,135,0.5187979602950641,1.0,0.3368414277934551,2,6.5,8
rbio3.1,1,reflect,6.504777766940232e-27,319.4839472090306,4736873.733135957,0.7765151515151515,454.33150416251715,261,raw,6.16960718358746e-14,-2.4929303066301796e-10,7.39552014653512,60110.472649075986,0.7956825441581559,4.292422349831097e-06,1.0,270.9999999999999,,,,[],[],15,502.66666666666663,74.99999999999997,759.9999999999998,"[4, 18, 43, 64, 82, 96, 117, 132, 150, 165, 180, 199, 213, 233, 247]","[105.00000000000006, 653.9999999999999, 697.9999999999999, 371.99999999999994, 643.0, 622.9999999999999, 759.9999999999998, 498.9999999999999, 464.9999999999999, 421.9999999999999, 470.9999999999999, 74.99999999999997, 533.9999999999999, 703.9999999999998, 515.0]","[0, 9, 9, 60, 66, 83, 46, 130, 144, 164, 144, 196, 182, 182, 246]","[5, 38, 46, 66, 112, 112, 182, 182, 175, 166, 182, 200, 228, 255, 255]",29011016.999999996,760.9999999999998,-760.9999999999998,0.0,,,,DWT,uc1.b4952553,3.725290298461914e-09,,0.0,23.5,23.0,0.0,23.5,,2.2737367544323206e-13,27.71929824561397,10508.0,61.89824561403502,,0.0,27.71929824561397,,,35.00000000000003,0.0,26.5,2.2737367544323206e-13,2.2737367544323206e-13,,1.1368683772161603e-13,9.759593556529841e-14,1.2289587323576641e-26,0.9641938378934569,0.9313210862099184,0.0020940352141244406,0.8659034192189272,0.0057287085334072115,0.9999999976504634,5.560715508034054e-09,5.560715508034054e-09,4.5761424791460164e-09,,2.66623563606553e-13,0.9999999944392873,1.0917013732505677e-13,,,,,,6.33387924933671e-14,1.0,0.6000000000000001,1.699993279077676e-13,1.699993279077676e-13,0.9600000012243424,0.33842418157168014,82,1.393876714549059,0.8983403927261402,23,0,0.30000000064900856,0.41498141106457087,79,0,0.39560586958141897,0.8373946626623217,24,32.93427798915086,0.9654776960281437,52.0,36.36420584840519,0.9554851792509691,9,rbio,388.1185185185185,391.0,293.41593552782615,135,0.5187979602950641,1.0,0.3368414277934551,2,7.25,9
rbio3.1,1,zero,6.508498409753745e-27,319.48146381489505,4716849.901024677,0.7765151515151515,453.1521030845065,261,raw,6.172669867793322e-14,-2.4927315767087717e-10,7.378902626822832,60149.8251693067,0.784935299930421,4.292422349831097e-06,1.0,270.9999999999999,,,,[],[],15,502.66666666666663,74.99999999999997,759.9999999999998,"[4, 18, 43, 64, 82, 96, 117, 132, 150, 165, 180, 199, 213, 233, 247]","[105.00000000000006, 653.9999999999999, 697.9999999999999, 371.99999999999994, 643.0, 622.9999999999999, 759.9999999999998, 498.9999999999999, 464.9999999999999, 421.9999999999999, 470.9999999999999, 74.99999999999997, 533.9999999999999, 703.9999999999998, 515.0]","[0, 9, 9, 60, 66, 83, 46, 130, 144, 164, 144, 196, 182, 182, 246]","[5, 38, 46, 66, 112, 112, 182, 182, 175, 166, 182, 200, 228, 255, 255]",29011016.999999996,760.9999999999998,-760.9999999999998,0.0,,,,DWT,uc1.b4952553,3.725290298461914e-09,,0.0,23.5,23.0,0.0,23.5,,2.2737367544323206e-13,27.71929824561397,10508.0,61.89824561403502,,0.0,27.71929824561397,,,35.00000000000003,0.0,26.5,2.2737367544323206e-13,2.2737367544323206e-13,,1.1368683772161603e-13,9.765690127205444e-14,1.2297481733465901e-26,0.9641845785461025,0.9261340349105054,0.0020308534130571614,0.8659034192189272,0.00573844908758346,0.9999999976504634,5.560715508034054e-09,5.560715508034054e-09,4.5761424791460164e-09,,2.66623563606553e-13,0.9999999944392873,1.0917013732505677e-13,,,,,,6.33387924933671e-14,1.0,0.6000000000000001,1.699993279077676e-13,1.699993279077676e-13,0.9600000012243424,0.33842418157168014,78,1.3912499386120762,0.8966474604156984,28,0,0.30000000064900856,0.41498141106457087,84,0,0.39485590502518203,0.8358071828879613,29,30.412442629073166,0.9681211293196298,54.75,42.13972055888224,0.9553655961063559,10,rbio,388.1185185185185,391.0,293.41593552782615,135,0.5187979602950641,1.0,0.3368414277934551,2,8.0,10
rbio3.1,1,periodic,6.50462966661703e-27,319.48404609001875,4718596.131399091,0.7765151515151515,453.1521030845065,261,raw,6.16722509587179e-14,-2.4928681341408006e-10,7.383730761445669,60001.29873217257,0.7883541340828489,4.292422349831097e-06,1.0,270.9999999999999,,,,[],[],15,502.66666666666663,74.99999999999997,759.9999999999998,"[4, 18, 43, 64, 82, 96, 117, 132, 150, 165, 180, 199, 213, 233, 247]","[105.00000000000006, 653.9999999999999, 697.9999999999999, 371.99999999999994, 643.0, 622.9999999999999, 759.9999999999998, 498.9999999999999, 464.9999999999999, 421.9999999999999, 470.9999999999999, 74.99999999999997, 533.9999999999999, 703.9999999999998, 515.0]","[0, 9, 9, 60, 66, 83, 46, 130, 144, 164, 144, 196, 182, 182, 246]","[5, 38, 46, 66, 112, 112, 182, 182, 175, 166, 182, 200, 228, 255, 255]",29011016.999999996,760.9999999999998,-760.9999999999998,0.0,,,,DWT,uc1.b4952553,3.725290298461914e-09,,0.0,23.5,23.0,0.0,23.5,,2.2737367544323206e-13,27.71929824561397,10508.0,61.89824561403502,,0.0,27.71929824561397,,,35.00000000000003,0.0,26.5,2.2737367544323206e-13,2.2737367544323206e-13,,1.1368683772161603e-13,9.754851779337705e-14,1.2289273086302414e-26,0.9641942065717118,0.9276411059056195,0.0020363633463966312,0.8659034192189272,0.005701685754535708,0.9999999976504634,5.560715508034054e-09,5.560715508034054e-09,4.5761424791460164e-09,,2.66623563606553e-13,0.9999999944392873,1.0917013732505677e-13,,,,,,6.33387924933671e-14,1.0,0.6000000000000001,1.699993279077676e-13,1.699993279077676e-13,0.9600000012243424,0.33842418157168014,81,1.3919973005584496,0.8971291281395407,25,0,0.30000000064900856,0.41498141106457087,81,0,0.3950681115424699,0.8362563688546585,26,32.045540511382654,0.9664092866756995,53.25,38.7773890627877,0.9552958383064032,11,rbio,388.1185185185185,391.0,293.41593552782615,135,0.5187979602950641,1.0,0.3368414277934551,2,8.75,11
rbio3.1,1,smooth,6.505403415244374e-27,319.48352951214764,4721945.111291017,0.7765151515151515,453.1521030845065,261,raw,6.172669867793324e-14,-2.4930102426879527e-10,7.385649456271421,60773.92906246413,0.7805622475939572,4.292422349831097e-06,1.0,270.9999999999999,,,,[],[],15,502.66666666666663,74.99999999999997,759.9999999999998,"[4, 18, 43, 64, 82, 96, 117, 132, 150, 165, 180, 199, 213, 233, 247]","[105.00000000000006, 653.9999999999999, 697.9999999999999, 371.99999999999994, 643.0, 622.9999999999999, 759.9999999999998, 498.9999999999999, 464.9999999999999, 421.9999999999999, 470.9999999999999, 74.99999999999997, 533.9999999999999, 703.9999999999998, 515.0]","[0, 9, 9, 60, 66, 83, 46, 130, 144, 164, 144, 196, 182, 182, 246]","[5, 38, 46, 66, 112, 112, 182, 182, 175, 166, 182, 200, 228, 255, 255]",29011016.999999996,760.9999999999998,-760.9999999999998,0.0,,,,DWT,uc1.b4952553,3.725290298461914e-09,,0.0,23.5,23.0,0.0,23.5,,2.2737367544323206e-13,27.71929824561397,10508.0,61.89824561403502,,0.0,27.71929824561397,,,35.00000000000003,0.0,26.5,2.2737367544323206e-13,2.2737367544323206e-13,,1.1368683772161603e-13,9.765690127205447e-14,1.2290914815735113e-26,0.9641922805085567,0.9282400140857456,0.0020469304836026403,0.8659034192189272,0.0058929275745333905,0.9999999976504634,5.560715508034054e-09,5.560715508034054e-09,4.5761424791460164e-09,,2.66623563606553e-13,0.9999999944392873,1.0917013732505677e-13,,,,,,6.33387924933671e-14,1.0,0.6000000000000001,1.699993279077676e-13,1.699993279077676e-13,0.9600000012243424,0.33842418157168014,84,1.3923773793072216,0.8973740853074701,24,0,0.30000000064900856,0.41498141106457087,80,0,0.3951822245530663,0.8364979163982146,25,33.240286801811244,0.9651569320735731,53.25,37.71043771043771,0.95466966100534,12,rbio,388.1185185185185,391.0,293.41593552782615,135,0.5187979602950641,1.0,0.3368414277934551,2,9.5,12
rbio3.1,1,symmetric,6.50462966661703e-27,319.48404609001875,4717525.088377316,0.7765151515151515,453.1521030845065,261,raw,6.16722509587179e-14,-2.4928681341408006e-10,7.381925176094514,59959.3308358801,0.7881436200430229,4.292422349831097e-06,1.0,270.9999999999999,,,,[],[],15,502.66666666666663,74.99999999999997,759.9999999999998,"[4, 18, 43, 64, 82, 96, 117, 132, 150, 165, 180, 199, 213, 233, 247]","[105.00000000000006, 653.9999999999999, 697.9999999999999, 371.99999999999994, 643.0, 622.9999999999999, 759.9999999999998, 498.9999999999999, 464.9999999999999, 421.9999999999999, 470.9999999999999, 74.99999999999997, 533.9999999999999, 703.9999999999998, 515.0]","[0, 9, 9, 60, 66, 83, 46, 130, 144, 164, 144, 196, 182, 182, 246]","[5, 38, 46, 66, 112, 112, 182, 182, 175, 166, 182, 200, 228, 255, 255]",29011016.999999996,760.9999999999998,-760.9999999999998,0.0,,,,DWT,uc1.b4952553,3.725290298461914e-09,,0.0,23.5,23.0,0.0,23.5,,2.2737367544323206e-13,27.71929824561397,10508.0,61.89824561403502,,0.0,27.71929824561397,,,35.00000000000003,0.0,26.5,2.2737367544323206e-13,2.2737367544323206e-13,,1.1368683772161603e-13,9.754851779337705e-14,1.2289273086302414e-26,0.9641942065717118,0.9270775041164196,0.0020329838520640646,0.8659034192189272,0.005691297841255865,0.9999999976504634,5.560715508034054e-09,5.560715508034054e-09,4.5761424791460164e-09,,2.66623563606553e-13,0.9999999944392873,1.0917013732505677e-13,,,,,,6.33387924933671e-14,1.0,0.6000000000000001,1.699993279077676e-13,1.699993279077676e-13,0.9600000012243424,0.33842418157168014,83,1.3917096547513716,0.8969437431305228,27,0,0.30000000064900856,0.41498141106457087,83,0,0.3949856302286396,0.8360817773804623,28,32.045540511382654,0.9664092866756995,55.25,41.30195820306072,0.9542476202770531,13,rbio,388.1185185185185,391.0,293.41593552782615,135,0.5187979602950641,1.0,0.3368414277934551,2,10.25,13
dmey,1,zero,0.3552847558851978,62.11050610837998,4080446.194564667,0.6459627329192547,278.5223558994847,261,raw,0.47595227671876283,,7.116002926908921,41986.952256739845,0.6305367517207474,4.273956611684347e-06,0.9999980995004834,270.5736054376298,,,,[],[],15,503.94882115554077,75.22686206236904,762.0432221489493,"[4, 18, 43, 64, 82, 96, 117, 132, 150, 165, 180, 199, 213, 233, 247]","[104.64591350399974, 655.8005710761751, 698.6998659620139, 372.3791309054504, 645.2648311888049, 625.2468210541574, 762.0432221489493, 499.8628544267874, 466.35955054646706, 423.13373525985696, 473.1164374991222, 75.22686206236904, 535.6609492055005, 705.6803993608868, 516.1111731325717]","[0, 9, 9, 60, 66, 91, 46, 130, 144, 164, 144, 196, 196, 196, 246]","[5, 38, 46, 66, 112, 112, 196, 196, 175, 166, 196, 200, 228, 255, 255]",29062009.856554374,762.3374974962642,-762.3374974962642,0.0,,,,DWT,uc1.b4952553,50992.8565543741,,0.0,14.5,23.0,0.0,23.5,,1.3374974962641772,29.00145273448811,10488.767682666889,63.16543654763618,,0.0,29.00145273448811,,,34.77313793763096,0.0,31.0,2.043222148949326,1.3374974962641772,,0.4263945623702057,0.9474292803927739,0.7538384174306525,0.0045756859263765826,0.8440715939648029,2.2789614051187015e-05,0.2586322117779918,0.001242766306304184,0.0,0.9551899335104315,0.9551899335104315,0.9417654019464377,,0.9999999999998668,0.04481006648958352,0.9810231644079931,,,,,,0.8669998043575439,0.0,0.9000000000000001,1.0,1.0,2.792060098317684,0.984271512986481,4,1.2652744291551947,0.8154574330207846,115,0,0.7204148586851907,0.9965292465410261,3,0,0.40140182077327907,0.8496631828393613,14,54.227914091053385,0.9431573227557093,34.0,6.029021688250898,0.9537589548789029,14,dmey,11.777777777777779,5.0,17.31890425068643,9,0.01574335363136789,0.059025097663940575,0.9712721231588601,1,10.75,14
dmey,1,constant,0.3551580747447588,62.112054914799444,4080378.323114484,0.6459627329192547,278.5223558994847,261,raw,0.475923719671446,,7.1162590607216405,41739.10674255261,0.6283347153947841,4.273957511477699e-06,0.9999981019091004,270.5736054376298,,,,[],[],15,503.94928312078,75.22686206236904,762.0432221489493,"[4, 18, 43, 64, 82, 96, 117, 132, 150, 165, 180, 199, 213, 233, 247]","[104.6459135039998, 655.8006089410057, 698.7042714707984, 372.3791309054504, 645.2648311888049, 625.2468210541574, 762.0432221489493, 499.8628544267874, 466.35955054646706, 423.13373525985696, 473.1164374991222, 75.22686206236904, 535.6609491944822, 705.6826426218674, 516.1114159875827]","[0, 9, 9, 60, 66, 91, 46, 130, 144, 164, 144, 196, 196, 196, 246]","[5, 38, 46, 66, 112, 112, 196, 196, 175, 166, 196, 200, 228, 255, 255]",29061961.62012507,762.3374974962642,-762.3374974962642,0.0,,,,DWT,uc1.b4952553,50944.620125070214,,0.0,14.5,23.0,0.0,23.5,,1.3374974962641772,29.001914699727365,10488.7607531883,63.16589851287542,,0.0,29.001914699727365,,,34.77313793763096,0.0,31.0,2.043222148949326,1.3374974962641772,,0.4263945623702057,0.9473724348136833,0.7535696270903832,0.004581460658795056,0.8441515444778211,2.257545721848003e-05,0.2586322117779918,0.0011814194689446652,0.0,0.9555340921492125,0.9555340921492125,0.9421087305369186,,0.9999999999998668,0.04446590785083926,0.9810231644079931,,,,,,0.8661796703702513,0.0,0.9000000000000001,1.0,1.0,2.7917874457650784,0.9841753960939276,5,1.265114895559906,0.8153546151236573,116,0,0.7204038047886911,0.996513956002502,4,0,0.40135875339211974,0.8495720204024747,15,54.227914091053385,0.9431573227557093,35.0,7.61487964989059,0.9532348458642278,15,dmey,11.777777777777779,5.0,17.31890425068643,9,0.01574335363136789,0.059025097663940575,0.9712721231588601,1,11.5,15
rbio3.1,1,constant,6.508498409753745e-27,319.48146381489505,4716829.423961357,0.7765151515151515,453.1521030845065,261,raw,6.172669867793322e-14,-2.4927315767087717e-10,7.378830989349158,60132.129462235986,0.7851293429845415,4.292422349831097e-06,1.0,270.9999999999999,,,,[],[],15,502.66666666666663,74.99999999999997,759.9999999999998,"[4, 18, 43, 64, 82, 96, 117, 132, 150, 165, 180, 199, 213, 233, 247]","[105.00000000000006, 653.9999999999999, 697.9999999999999, 371.99999999999994, 643.0, 622.9999999999999, 759.9999999999998, 498.9999999999999, 464.9999999999999, 421.9999999999999, 470.9999999999999, 74.99999999999997, 533.9999999999999, 703.9999999999998, 515.0]","[0, 9, 9, 60, 66, 83, 46, 130, 144, 164, 144, 196, 182, 182, 246]","[5, 38, 46, 66, 112, 112, 182, 182, 175, 166, 182, 200, 228, 255, 255]",29011016.999999996,760.9999999999998,-760.9999999999998,0.0,,,,DWT,uc1.b4952553,3.725290298461914e-09,,0.0,23.5,23.0,0.0,23.5,,2.2737367544323206e-13,27.71929824561397,10508.0,61.89824561403502,,0.0,27.71929824561397,,,35.00000000000003,0.0,26.5,2.2737367544323206e-13,2.2737367544323206e-13,,1.1368683772161603e-13,9.765690127205444e-14,1.2297481733465901e-26,0.9641845785461025,0.9261116737364349,0.002030788801162,0.8659034192189272,0.0057340690379094165,0.9999999976504634,5.560715508034054e-09,5.560715508034054e-09,4.5761424791460164e-09,,2.66623563606553e-13,0.9999999944392873,1.0917013732505677e-13,,,,,,6.33387924933671e-14,1.0,0.6000000000000001,1.699993279077676e-13,1.699993279077676e-13,0.9600000012243424,0.33842418157168014,85,1.391236973699224,0.8966391046516758,29,0,0.30000000064900856,0.41498141106457087,85,0,0.3948520756200906,0.8357990770340514,30,32.045540511382654,0.9664092866756995,57.25,43.78978534418949,0.953199402247703,16,rbio,388.1185185185185,391.0,293.41593552782615,135,0.5187979602950641,1.0,0.3368414277934551,2,12.5,16
coif16,1,antireflect,2.3923582923727956e-26,313.8280096210986,5255990.088133012,0.7106741573033708,374.68600360052403,261,raw,1.1242603272353607e-13,-2.8204594215708984e-10,7.5960928942588115,96342.07586582772,0.7871768929533759,4.292422349831094e-06,1.0,270.9999999999999,,,,[],[],15,502.6666666666668,75.0,760.0000000000003,"[4, 18, 43, 64, 82, 96, 117, 132, 150, 165, 180, 199, 213, 233, 247]","[105.00000000000034, 654.0000000000003, 697.9999999999999, 372.00000000000034, 643.0000000000001, 623.0000000000002, 760.0000000000003, 499.0000000000002, 465.00000000000006, 422.00000000000006, 471.0000000000003, 75.0, 534.0000000000002, 704.0000000000001, 515.0000000000002]","[0, 9, 9, 60, 66, 83, 46, 130, 144, 164, 175, 196, 182, 182, 246]","[5, 38, 46, 66, 112, 112, 182, 182, 175, 166, 182, 200, 228, 255, 255]",29011017.000000004,761.0000000000003,-761.0000000000003,0.0,,,,DWT,uc1.b4952553,3.725290298461914e-09,,0.0,23.5,23.0,0.0,23.5,,3.410605131648481e-13,27.71929824561414,10507.999999999998,61.898245614035204,,0.0,27.71929824561414,,,35.0,0.0,26.5,3.410605131648481e-13,3.410605131648481e-13,,1.1368683772161603e-13,1.9857885483926608e-13,4.924857387004339e-26,0.9431056465378854,0.993928572147645,0.0037320186975016278,0.559640689779487,0.014696771873595712,0.9999999976503382,5.560842551058051e-09,5.560842551058051e-09,4.576279777150192e-09,,2.66623563606553e-13,0.999999994439197,1.6375520598758517e-13,,,,,,6.33387924933671e-14,1.0,0.6000000000000001,2.549989918616514e-13,2.549989918616514e-13,0.9600000012244382,0.33842418157171394,71,1.2944286680065973,0.8342470649200976,90,0,0.300000000649042,0.41498141106461706,69,0,0.3593005284337591,0.7605457045430888,95,13.175102782647782,0.9861896197246879,81.25,79.65796849259384,0.950510952419996,17,coif,446.94117647058823,423.0,281.0571967283836,153,0.5974261975694778,0.9578797968923861,0.29443772263364965,5,14.0,17
coif16,1,reflect,2.5253813226206978e-26,313.5930022040139,5299966.641870889,0.7050561797752809,376.96917756597446,261,raw,1.18593938415898e-13,-2.835740531281837e-10,7.597952023655321,38503.12544010593,0.5296970265970062,4.292422349831094e-06,1.0,270.9999999999999,,,,[],[],15,502.6666666666668,75.00000000000003,760.0000000000003,"[4, 18, 43, 64, 82, 96, 117, 132, 150, 165, 180, 199, 213, 233, 247]","[105.00000000000006, 654.0000000000002, 698.0000000000003, 372.0000000000001, 643.0000000000001, 623.0000000000002, 760.0000000000003, 499.0000000000002, 465.00000000000006, 422.00000000000006, 471.0000000000003, 75.00000000000003, 534.0000000000002, 704.0000000000002, 515.0000000000003]","[0, 9, 9, 60, 66, 83, 46, 130, 144, 164, 175, 196, 182, 182, 246]","[5, 38, 46, 66, 112, 112, 182, 182, 175, 166, 182, 200, 228, 255, 255]",29011017.000000007,761.0000000000003,-761.0000000000003,0.0,,,,DWT,uc1.b4952553,7.450580596923828e-09,,0.0,23.5,23.0,0.0,23.5,,3.410605131648481e-13,27.71929824561414,10507.999999999998,61.898245614035254,,0.0,27.71929824561414,,,34.99999999999997,0.0,26.5,3.410605131648481e-13,3.410605131648481e-13,,1.1368683772161603e-13,2.1085667078319126e-13,5.207103863789036e-26,0.9422294202174191,0.9945088873642899,0.0038707792431579104,0.5335083819023013,0.0003804478664904326,0.999999997650213,5.560842551058051e-09,5.560842551058051e-09,4.576316741997469e-09,,2.66623563606553e-13,0.999999994439197,1.6375520598758517e-13,,,,,,1.266775849867342e-13,1.0,0.6000000000000001,2.549989918616514e-13,2.549989918616514e-13,0.9600000012244434,0.3384241815717158,70,1.2780830173417552,0.8237124472710977,101,0,0.30000000064903987,0.41498141106461417,71,0,0.3534997023705528,0.7482668655321785,109,20.1886932051912,0.9788378477933006,87.75,84.30721630343044,0.9434283578589144,18,coif,446.94117647058823,423.0,281.0571967283836,153,0.5974261975694778,0.9578797968923861,0.29443772263364965,5,14.75,18
rbio2.4,1,periodization,2.6260266658771926e-27,323.42328052760706,4112660.3605702952,0.7557251908396947,416.1811554029807,261,raw,3.5347204090910546e-14,-2.7110491629401354e-10,7.259913261962641,41169.540430873996,0.6437513321639821,4.2924223498310954e-06,0.9999999999999999,271.00000000000006,,,,[],[],15,502.6666666666667,75.0,760.0000000000001,"[4, 18, 43, 64, 82, 96, 117, 132, 150, 165, 180, 199, 213, 233, 247]","[104.99999999999994, 654.0, 698.0, 372.0000000000001, 643.0, 623.0000000000002, 760.0000000000001, 499.00000000000006, 465.0, 422.0000000000001, 471.0000000000001, 75.0, 534.0, 704.0, 515.0000000000001]","[0, 9, 9, 60, 66, 83, 46, 130, 144, 164, 144, 196, 182, 182, 246]","[5, 38, 46, 66, 112, 112, 182, 182, 175, 166, 182, 200, 228, 255, 255]",29011017.0,761.0000000000001,-761.0000000000001,0.0,,,,DWT,uc1.b4952553,0.0,,0.0,23.5,23.0,0.0,23.5,,1.1368683772161603e-13,27.719298245614027,10508.0,61.89824561403515,,0.0,27.719298245614027,,,35.0,0.0,26.5,1.1368683772161603e-13,1.1368683772161603e-13,,5.684341886080802e-14,4.5145952598776715e-14,4.05970539591642e-27,0.9788816617147049,0.8889922742686958,0.00012443594312569516,0.7691978609625671,0.0010404401496191067,0.9999999976503382,5.56075785570872e-09,5.56075785570872e-09,4.576237531610445e-09,,1.333117818032765e-13,0.9999999944392873,5.4585068662528386e-14,,,,,,0.0,1.0,0.6000000000000001,8.49996639538838e-14,8.49996639538838e-14,0.960000001224199,0.3384241815716296,105,1.3399826725796216,0.8636061911119849,56,0,0.300000000648978,0.4149814110645286,107,0,0.37689095329125116,0.7977800557553498,58,28.313718700775894,0.9703210495798995,81.5,74.11782269014495,0.942445640093933,19,rbio,388.1185185185185,391.0,293.41593552782615,135,0.5187979602950641,1.0,0.3368414277934551,2,14.75,19
rbio2.8,1,smooth,3.329464523102457e-27,322.39252792905603,4655278.001230081,0.7302158273381295,403.2653954747303,261,raw,3.891650730915947e-14,-2.7251667589212694e-10,7.169777939163209,64797.93428198933,0.6080356989478914,4.292422349831095e-06,0.9999999999999999,271.00000000000006,,,,[],[],15,502.6666666666667,75.00000000000006,760.0000000000002,"[4, 18, 43, 64, 82, 96, 117, 132, 150, 165, 180, 199, 213, 233, 247]","[105.0, 654.0000000000001, 698.0, 372.00000000000006, 643.0, 623.0000000000001, 760.0000000000002, 499.00000000000006, 465.0, 422.0, 471.0000000000001, 75.00000000000006, 534.0, 704.0000000000002, 515.0000000000001]","[0, 9, 9, 60, 66, 91, 46, 130, 144, 164, 175, 196, 182, 182, 246]","[5, 38, 46, 66, 112, 112, 182, 182, 175, 166, 182, 200, 228, 255, 255]",29011017.0,761.0000000000002,-761.0000000000002,0.0,,,,DWT,uc1.b4952553,0.0,,0.0,23.5,23.0,0.0,23.5,,2.2737367544323206e-13,27.719298245614027,10508.0,61.89824561403515,,0.0,27.719298245614027,,,34.99999999999994,0.0,26.5,2.2737367544323206e-13,2.2737367544323206e-13,,5.684341886080802e-14,5.2250997673637195e-14,5.552250382065082e-27,0.9750384955374691,0.8608571162340067,0.0018365737415868297,0.6505397607048053,0.006888951224772141,0.9999999976500876,5.56075785570872e-09,5.56075785570872e-09,4.576237531610445e-09,,1.333117818032765e-13,0.9999999944392873,1.0917013732505677e-13,,,,,,0.0,1.0,0.6000000000000001,1.699993279077676e-13,1.699993279077676e-13,0.9600000012241852,0.33842418157162474,109,1.2793414270821248,0.8245234804769576,100,0,0.3000000006489758,0.4149814110645255,111,0,0.3564515567775275,0.7545151730407912,101,5.560275772537426,0.9941716186870677,105.25,105.03012635211894,0.9419233355489847,20,rbio,388.1185185185185,391.0,293.41593552782615,135,0.5187979602950641,1.0,0.3368414277934551,2,15.5,20
rbio2.8,1,antireflect,3.4172443780591154e-27,322.27951146866843,4265425.408552736,0.7661870503597122,416.36921203103367,261,raw,3.954690980819951e-14,-2.725956127491778e-10,7.36114370820081,55233.282812073725,0.5151122422199355,4.292422349831095e-06,0.9999999999999999,271.00000000000006,,,,[],[],15,502.6666666666667,75.00000000000006,760.0000000000002,"[4, 18, 43, 64, 82, 96, 117, 132, 150, 165, 180, 199, 213, 233, 247]","[105.0, 654.0000000000001, 698.0, 372.00000000000006, 643.0, 623.0000000000001, 760.0000000000002, 499.00000000000006, 465.0, 422.0, 471.0000000000001, 75.00000000000006, 534.0, 704.0000000000002, 515.0000000000001]","[0, 9, 9, 60, 66, 91, 46, 130, 144, 164, 175, 196, 182, 182, 246]","[5, 38, 46, 66, 112, 112, 182, 182, 175, 166, 182, 200, 228, 255, 255]",29011017.0,761.0000000000002,-761.0000000000002,0.0,,,,DWT,uc1.b4952553,0.0,,0.0,23.5,23.0,0.0,23.5,,2.2737367544323206e-13,27.719298245614027,10508.0,61.89824561403515,,0.0,27.719298245614027,,,34.99999999999994,0.0,26.5,2.2737367544323206e-13,2.2737367544323206e-13,,5.684341886080802e-14,5.350587513769909e-14,5.738500497913569e-27,0.9746171131042421,0.920590703323758,0.0006064601040365592,0.8178617320047707,0.004521504228405959,0.9999999976500876,5.56075785570872e-09,5.56075785570872e-09,4.576237531610445e-09,,1.333117818032765e-13,0.9999999944392873,1.0917013732505677e-13,,,,,,0.0,1.0,0.6000000000000001,1.699993279077676e-13,1.699993279077676e-13,0.9600000012241852,0.33842418157162474,110,1.3743221440697293,0.8857376565295785,37,0,0.3000000006489758,0.4149814110645255,110,0,0.38831393039503825,0.8219595252575245,39,41.57723736212721,0.9564179901864495,74.0,56.4574070780722,0.9394249280072708,21,rbio,388.1185185185185,391.0,293.41593552782615,135,0.5187979602950641,1.0,0.3368414277934551,2,16.25,21
coif9,1,antisymmetric,8.588398191619394e-27,318.2771501274543,4645584.721013469,0.7070063694267515,363.9000229410533,261,raw,6.886955884249486e-14,-2.6286417487143085e-10,7.3802672668039895,75571.40155576024,0.7423106008870597,4.2924223498310954e-06,1.0,271.0000000000001,,,,[],[],15,502.6666666666667,74.99999999999991,760.0,"[4, 18, 43, 64, 82, 96, 117, 132, 150, 165, 180, 199, 213, 233, 247]","[105.0, 653.9999999999999, 698.0, 372.0000000000002, 643.0000000000001, 622.9999999999999, 760.0, 498.99999999999994, 465.0, 422.0, 471.00000000000017, 74.99999999999991, 534.0000000000002, 704.0, 514.9999999999999]","[0, 9, 9, 60, 66, 91, 46, 130, 144, 164, 175, 196, 182, 182, 246]","[5, 38, 46, 66, 112, 112, 182, 182, 175, 166, 182, 200, 228, 255, 255]",29011017.0,761.0,-761.0,0.0,,,,DWT,uc1.b4952553,0.0,,0.0,23.5,23.0,0.0,23.5,,0.0,27.719298245614027,10508.0,61.898245614035105,,0.0,27.719298245614027,,,35.000000000000085,0.0,26.5,0.0,0.0,,1.1368683772161603e-13,1.1187545888104725e-13,1.6710585121674863e-26,0.9596942889879092,0.9265599984544066,0.0018059882423211646,0.5425797881399229,0.009555604873152636,0.999999997650714,5.56075785570872e-09,5.56075785570872e-09,4.576205847455636e-09,,2.66623563606553e-13,0.9999999944392873,0.0,,,,,,0.0,1.0,0.6000000000000001,0.0,0.0,0.9600000012243076,0.3384241815716679,88,1.2608537239463733,0.81260833021853,125,0,0.3000000006489991,0.41498141106455777,89,0,0.34859938124254636,0.7378941610971663,129,22.291627725822686,0.976633513914232,107.75,104.29831774975416,0.9318440106258792,22,coif,446.94117647058823,423.0,281.0571967283836,153,0.5974261975694778,0.9578797968923861,0.29443772263364965,5,17.75,22
coif12,1,reflect,1.4374145866956337e-26,316.0404513685477,5000275.7484153705,0.7018072289156626,375.0156182501144,261,raw,8.48703823269008e-14,-2.614981564619321e-10,7.4896846816504965,39494.751242232174,0.5254561152671199,4.292422349831097e-06,1.0,271.0000000000001,,,,[],[],15,502.6666666666666,74.99999999999997,760.0000000000001,"[4, 18, 43, 64, 82, 96, 117, 132, 150, 165, 180, 199, 213, 233, 247]","[104.99999999999989, 653.9999999999999, 698.0000000000001, 371.9999999999998, 642.9999999999998, 622.9999999999998, 760.0000000000001, 498.9999999999998, 464.9999999999998, 422.00000000000034, 471.0000000000001, 74.99999999999997, 533.9999999999994, 703.9999999999997, 515.0000000000002]","[0, 9, 9, 60, 66, 83, 46, 130, 144, 164, 144, 196, 182, 182, 246]","[5, 38, 46, 66, 112, 112, 182, 182, 175, 166, 182, 200, 228, 255, 255]",29011017.0,761.0000000000001,-761.0000000000001,0.0,,,,DWT,uc1.b4952553,0.0,,0.0,23.5,23.0,0.0,23.5,,1.1368683772161603e-13,27.719298245613913,10508.000000000002,61.89824561403504,,0.0,27.719298245613913,,,35.00000000000003,0.0,26.5,1.1368683772161603e-13,1.1368683772161603e-13,,1.1368683772161603e-13,1.4372665367737063e-13,2.8986706736750304e-26,0.9513547465691183,0.9607139368088939,0.002925155533033276,0.5183957219251335,0.0006258955478980758,0.9999999976504634,5.5606731603593885e-09,5.5606731603593885e-09,4.576158321223421e-09,,2.66623563606553e-13,0.9999999944393777,5.4585068662528386e-14,,,,,,0.0,1.0,0.6000000000000001,8.49996639538838e-14,8.49996639538838e-14,0.960000001224274,0.33842418157165605,97,1.2602410411016904,0.8122134619051677,126,0,0.3000000006489864,0.41498141106454023,97,0,0.3477164937691744,0.7360253181027099,139,21.17191535974013,0.977807216604046,114.75,111.8902738214809,0.9287620988680607,23,coif,446.94117647058823,423.0,281.0571967283836,153,0.5974261975694778,0.9578797968923861,0.29443772263364965,5,18.5,23
coif12,1,antireflect,1.3981737437125882e-26,316.16066042302714,4968413.481523494,0.6987951807228916,372.82243347663535,261,raw,8.462877057288274e-14,-2.613492755543299e-10,7.4882862915762285,87574.74693794464,0.7612881140333394,4.292422349831096e-06,1.0,271.0000000000001,,,,[],[],15,502.66666666666663,74.99999999999997,760.0000000000001,"[4, 18, 43, 64, 82, 96, 117, 132, 150, 165, 180, 199, 213, 233, 247]","[105.0, 653.9999999999998, 698.0000000000001, 371.9999999999998, 642.9999999999998, 622.9999999999998, 760.0000000000001, 498.9999999999998, 464.9999999999998, 422.00000000000034, 471.0000000000001, 74.99999999999997, 533.9999999999997, 703.9999999999997, 515.0000000000002]","[0, 9, 9, 60, 66, 83, 46, 130, 144, 164, 144, 196, 182, 182, 246]","[5, 38, 46, 66, 112, 112, 182, 182, 175, 166, 182, 200, 228, 255, 255]",29011017.0,761.0000000000001,-761.0000000000001,0.0,,,,DWT,uc1.b4952553,0.0,,0.0,23.5,23.0,0.0,23.5,,1.1368683772161603e-13,27.71929824561397,10508.0,61.89824561403504,,0.0,27.71929824561397,,,35.00000000000003,0.0,26.5,1.1368683772161603e-13,1.1368683772161603e-13,,1.1368683772161603e-13,1.4324570199073958e-13,2.8154099807154307e-26,0.9518029466250991,0.9602774383917171,0.00282461956184018,0.5043850267379681,0.012526678525003025,0.9999999976504634,5.560715508034054e-09,5.560715508034054e-09,4.576158321223421e-09,,2.66623563606553e-13,0.9999999944392873,5.4585068662528386e-14,,,,,,0.0,1.0,0.6000000000000001,8.49996639538838e-14,8.49996639538838e-14,0.9600000012242542,0.3384241815716491,98,1.2593974790570692,0.8116697941255542,128,0,0.3000000006489859,0.4149814110645395,100,0,0.34740238712025306,0.735360436078609,144,22.35322497239865,0.9765689465698127,117.5,114.41311794393661,0.9267016640605877,24,coif,446.94117647058823,423.0,281.0571967283836,153,0.5974261975694778,0.9578797968923861,0.29443772263364965,5,19.25,24
rbio2.4,1,periodic,2.277148444085705e-27,324.0423584198072,4138763.1782736103,0.7333333333333333,403.51078409963105,261,raw,3.1931035082954744e-14,-2.704099166805982e-10,7.289264440534552,40812.336002135315,0.6369230770731042,4.2924223498310954e-06,1.0,271.00000000000006,,,,[],[],15,502.6666666666667,75.0,760.0,"[4, 18, 43, 64, 82, 96, 117, 132, 150, 165, 180, 199, 213, 233, 247]","[104.99999999999994, 654.0, 698.0, 372.00000000000006, 643.0, 623.0000000000002, 760.0, 499.00000000000006, 465.0, 422.0000000000001, 471.0000000000001, 75.0, 534.0, 704.0, 515.0]","[0, 9, 9, 60, 66, 83, 46, 130, 144, 164, 144, 196, 182, 182, 246]","[5, 38, 46, 66, 112, 112, 182, 182, 175, 166, 182, 200, 228, 255, 255]",29011017.0,761.0,-761.0,0.0,,,,DWT,uc1.b4952553,0.0,,0.0,23.5,23.0,0.0,23.5,,0.0,27.719298245614027,10508.0,61.89824561403513,,0.0,27.719298245614027,,,35.0,0.0,26.5,0.0,0.0,,5.684341886080802e-14,3.8345736057696434e-14,3.319460276375472e-27,0.9811898967070034,0.8981540548223934,0.0002067989506789407,0.6650409982174686,0.0009520247426838917,0.9999999976503382,5.56075785570872e-09,5.56075785570872e-09,4.5762269702255084e-09,,1.333117818032765e-13,0.9999999944392873,0.0,,,,,,0.0,1.0,0.6000000000000001,0.0,0.0,0.9600000012241346,0.3384241815716069,142,1.3042915740948107,0.840603614847523,85,0,0.3000000006489584,0.4149814110645014,135,0,0.3636491104914667,0.7697505209658746,88,30.18277654557314,0.9683618694490848,112.5,106.44525153246714,0.925218670573599,25,rbio,388.1185185185185,391.0,293.41593552782615,135,0.5187979602950641,1.0,0.3368414277934551,2,19.25,25
rbio2.4,1,constant,2.241749444384753e-27,324.1104011377002,4112679.586379914,0.7296296296296296,397.26978672849174,261,raw,3.174046806570107e-14,-2.7034219307609605e-10,7.2603036864561465,42000.613412838116,0.6125067825601311,4.2924223498310954e-06,1.0,271.00000000000006,,,,[],[],15,502.6666666666667,75.0,760.0,"[4, 18, 43, 64, 82, 96, 117, 132, 150, 165, 180, 199, 213, 233, 247]","[104.99999999999994, 654.0, 698.0, 372.00000000000006, 643.0, 623.0000000000002, 760.0, 499.00000000000006, 465.0, 422.0000000000001, 471.0000000000001, 75.0, 534.0, 704.0, 515.0]","[0, 9, 9, 60, 66, 83, 46, 130, 144, 164, 144, 196, 182, 182, 246]","[5, 38, 46, 66, 112, 112, 182, 182, 175, 166, 182, 200, 228, 255, 255]",29011017.0,761.0,-761.0,0.0,,,,DWT,uc1.b4952553,0.0,,0.0,23.5,23.0,0.0,23.5,,0.0,27.719298245614027,10508.0,61.89824561403513,,0.0,27.719298245614027,,,35.0,0.0,26.5,0.0,0.0,,5.684341886080802e-14,3.79663938823255e-14,3.244351154829552e-27,0.9814435943182256,0.8891141427491563,0.00012449660690233615,0.6478130322836206,0.0012461477220383037,0.9999999976503382,5.56075785570872e-09,5.56075785570872e-09,4.5762269702255084e-09,,1.333117818032765e-13,0.9999999944392873,0.0,,,,,,0.0,1.0,0.6000000000000001,0.0,0.0,0.9600000012241346,0.3384241815716069,145,1.2931091482712396,0.8333966468989783,92,0,0.3000000006489584,0.4149814110645014,137,0,0.3599630590971402,0.76194810952245,93,28.194266556636414,0.970446261471031,116.75,111.67545936416946,0.9240334032722031,26,rbio,388.1185185185185,391.0,293.41593552782615,135,0.5187979602950641,1.0,0.3368414277934551,2,20.0,26
rbio2.4,1,smooth,2.2392831206350966e-27,324.1151817809456,4182403.770113459,0.7444444444444445,409.98929974342514,261,raw,3.167240841668191e-14,-2.703316459573621e-10,7.273378211472818,47261.75597436557,0.5443600880246248,4.2924223498310954e-06,1.0,271.00000000000006,,,,[],[],15,502.6666666666667,75.0,760.0,"[4, 18, 43, 64, 82, 96, 117, 132, 150, 165, 180, 199, 213, 233, 247]","[104.99999999999994, 654.0, 698.0, 372.00000000000006, 643.0, 623.0000000000002, 760.0, 499.00000000000006, 465.0, 422.0000000000001, 471.0000000000001, 75.0, 534.0, 704.0, 515.0]","[0, 9, 9, 60, 66, 83, 46, 130, 144, 164, 144, 196, 182, 182, 246]","[5, 38, 46, 66, 112, 112, 182, 182, 175, 166, 182, 200, 228, 255, 255]",29011017.0,761.0,-761.0,0.0,,,,DWT,uc1.b4952553,0.0,,0.0,23.5,23.0,0.0,23.5,,0.0,27.719298245614027,10508.0,61.89824561403513,,0.0,27.719298245614027,,,35.0,0.0,26.5,0.0,0.0,,5.684341886080802e-14,3.7830914533978736e-14,3.2391181422628276e-27,0.9814614189702827,0.8931952711697101,0.00034449942563100175,0.7167248960190139,0.0025483881846332635,0.9999999976503382,5.56075785570872e-09,5.56075785570872e-09,4.5762269702255084e-09,,1.333117818032765e-13,0.9999999944392873,0.0,,,,,,0.0,1.0,0.6000000000000001,0.0,0.0,0.9600000012241346,0.3384241815716069,141,1.3233560503613107,0.8528904899474534,75,0,0.3000000006489584,0.4149814110645014,141,0,0.3706106391099013,0.7844862651933711,80,36.718523935474316,0.9615109811997125,109.25,99.95569339831633,0.9234965807466067,27,rbio,388.1185185185185,391.0,293.41593552782615,135,0.5187979602950641,1.0,0.3368414277934551,2,20.75,27
rbio2.4,1,antisymmetric,2.2440706902667827e-27,324.1059065109099,4138618.975448729,0.7333333333333333,403.51078409963105,261,raw,3.1794915784916406e-14,-2.703559598416014e-10,7.2892387281847135,45532.98934675471,0.5696507982803777,4.2924223498310954e-06,1.0,271.00000000000006,,,,[],[],15,502.6666666666667,75.0,760.0,"[4, 18, 43, 64, 82, 96, 117, 132, 150, 165, 180, 199, 213, 233, 247]","[104.99999999999994, 654.0, 698.0, 372.00000000000006, 643.0, 623.0000000000002, 760.0, 499.00000000000006, 465.0, 422.0000000000001, 471.0000000000001, 75.0, 534.0, 704.0, 515.0]","[0, 9, 9, 60, 66, 83, 46, 130, 144, 164, 144, 196, 182, 182, 246]","[5, 38, 46, 66, 112, 112, 182, 182, 175, 166, 182, 200, 228, 255, 255]",29011017.0,761.0,-761.0,0.0,,,,DWT,uc1.b4952553,0.0,,0.0,23.5,23.0,0.0,23.5,,0.0,27.719298245614027,10508.0,61.89824561403513,,0.0,27.719298245614027,,,35.0,0.0,26.5,0.0,0.0,,5.684341886080802e-14,3.807477736100291e-14,3.249276343127645e-27,0.9814268360799403,0.8981460288786935,0.00020634394315868402,0.6650409982174686,0.002120483062023338,0.9999999976503382,5.56075785570872e-09,5.56075785570872e-09,4.5762269702255084e-09,,1.333117818032765e-13,0.9999999944392873,0.0,,,,,,0.0,1.0,0.6000000000000001,0.0,0.0,0.9600000012241346,0.3384241815716069,144,1.3048968805706989,0.8409937291607855,83,0,0.3000000006489584,0.4149814110645014,139,0,0.36384867002590326,0.7701729365614707,86,32.99494910841153,0.9654140994670739,113.0,105.77872116426461,0.923482731075256,28,rbio,388.1185185185185,391.0,293.41593552782615,135,0.5187979602950641,1.0,0.3368414277934551,2,21.5,28
rbio2.4,1,reflect,2.277148444085705e-27,324.0423584198072,4167593.023066366,0.7592592592592593,416.1811554029807,261,raw,3.1931035082954744e-14,-2.704099166805982e-10,7.306852511788824,40649.65930713628,0.6464827870378934,4.2924223498310954e-06,1.0,271.00000000000006,,,,[],[],15,502.6666666666667,75.0,760.0,"[4, 18, 43, 64, 82, 96, 117, 132, 150, 165, 180, 199, 213, 233, 247]","[104.99999999999994, 654.0, 698.0, 372.00000000000006, 643.0, 623.0000000000002, 760.0, 499.00000000000006, 465.0, 422.0000000000001, 471.0000000000001, 75.0, 534.0, 704.0, 515.0]","[0, 9, 9, 60, 66, 83, 46, 130, 144, 164, 144, 196, 182, 182, 246]","[5, 38, 46, 66, 112, 112, 182, 182, 175, 166, 182, 200, 228, 255, 255]",29011017.0,761.0,-761.0,0.0,,,,DWT,uc1.b4952553,0.0,,0.0,23.5,23.0,0.0,23.5,,0.0,27.719298245614027,10508.0,61.89824561403513,,0.0,27.719298245614027,,,35.0,0.0,26.5,0.0,0.0,,5.684341886080802e-14,3.8345736057696434e-14,3.319460276375472e-27,0.9811898967070034,0.9036440575083041,0.0002977666290121146,0.7856367597544072,0.0009117589312044443,0.9999999976503382,5.56075785570872e-09,5.56075785570872e-09,4.5762269702255084e-09,,1.333117818032765e-13,0.9999999944392873,0.0,,,,,,0.0,1.0,0.6000000000000001,0.0,0.0,0.9600000012241346,0.3384241815716069,140,1.3553042575671164,0.8734808080929464,49,0,0.3000000006489584,0.4149814110645014,138,0,0.3816686056471386,0.8078931023264468,48,52.25817320445355,0.9452220406661912,93.75,71.90270485811125,0.9234758002073093,29,rbio,388.1185185185185,391.0,293.41593552782615,135,0.5187979602950641,1.0,0.3368414277934551,2,22.25,29
rbio2.4,1,symmetric,2.2394765577919326e-27,324.11480663829053,4138592.3207541076,0.7333333333333333,403.51078409963105,261,raw,3.1699632276289574e-14,-2.7032442950770205e-10,7.289338919929091,40808.51692624609,0.6368840613480115,4.2924223498310954e-06,1.0,271.00000000000006,,,,[],[],15,502.6666666666667,75.0,760.0,"[4, 18, 43, 64, 82, 96, 117, 132, 150, 165, 180, 199, 213, 233, 247]","[104.99999999999994, 654.0, 698.0, 372.00000000000006, 643.0, 623.0000000000002, 760.0, 499.00000000000006, 465.0, 422.0000000000001, 471.0000000000001, 75.0, 534.0, 704.0, 515.0]","[0, 9, 9, 60, 66, 83, 46, 130, 144, 164, 144, 196, 182, 182, 246]","[5, 38, 46, 66, 112, 112, 182, 182, 175, 166, 182, 200, 228, 255, 255]",29011017.0,761.0,-761.0,0.0,,,,DWT,uc1.b4952553,0.0,,0.0,23.5,23.0,0.0,23.5,,0.0,27.719298245614027,10508.0,61.89824561403513,,0.0,27.719298245614027,,,35.0,0.0,26.5,0.0,0.0,,5.684341886080802e-14,3.7885106273317434e-14,3.239528574621003e-27,0.9814600202490322,0.8981773030836809,0.000206259838797255,0.6650409982174686,0.000951079443237145,0.9999999976503382,5.56075785570872e-09,5.56075785570872e-09,4.5762269702255084e-09,,1.333117818032765e-13,0.9999999944392873,0.0,,,,,,0.0,1.0,0.6000000000000001,0.0,0.0,0.9600000012241346,0.3384241815716069,143,1.304464624674952,0.8407151443138688,84,0,0.3000000006489584,0.4149814110645014,142,0,0.363690808690322,0.7698387852001768,87,32.93427798915086,0.9654776960281437,114.0,106.85394518124406,0.9229904203411159,30,rbio,388.1185185185185,391.0,293.41593552782615,135,0.5187979602950641,1.0,0.3368414277934551,2,23.0,30
rbio2.4,1,zero,2.2812106243792573e-27,324.03461798985643,4112695.097205733,0.7296296296296296,397.26978672849174,261,raw,3.201270666177774e-14,-2.7044499972817634e-10,7.26024786320556,42052.34405632448,0.6117584051862236,4.2924223498310954e-06,1.0,271.00000000000006,,,,[],[],15,502.6666666666667,75.0,760.0,"[4, 18, 43, 64, 82, 96, 117, 132, 150, 165, 180, 199, 213, 233, 247]","[104.99999999999994, 654.0, 698.0, 372.00000000000006, 643.0, 623.0000000000002, 760.0, 499.00000000000006, 465.0, 422.0000000000001, 471.0000000000001, 75.0, 534.0, 704.0, 515.0]","[0, 9, 9, 60, 66, 83, 46, 130, 144, 164, 144, 196, 182, 182, 246]","[5, 38, 46, 66, 112, 112, 182, 182, 175, 166, 182, 200, 228, 255, 255]",29011017.0,761.0,-761.0,0.0,,,,DWT,uc1.b4952553,0.0,,0.0,23.5,23.0,0.0,23.5,,0.0,27.719298245614027,10508.0,61.89824561403513,,0.0,27.719298245614027,,,35.0,0.0,26.5,0.0,0.0,,5.684341886080802e-14,3.850831127571254e-14,3.3280793558971356e-27,0.9811610364755318,0.8890967178825393,0.0001245455486786071,0.6478130322836206,0.001258952115060579,0.9999999976503382,5.56075785570872e-09,5.56075785570872e-09,4.5762269702255084e-09,,1.333117818032765e-13,0.9999999944392873,0.0,,,,,,0.0,1.0,0.6000000000000001,0.0,0.0,0.9600000012241346,0.3384241815716069,146,1.2929360473604121,0.83328508499498,93,0,0.3000000006489584,0.4149814110645014,140,0,0.3599220406150671,0.7618612840716676,94,28.68652413009751,0.969930268207445,118.25,113.04813355240307,0.9229892431183975,31,rbio,388.1185185185185,391.0,293.41593552782615,135,0.5187979602950641,1.0,0.3368414277934551,2,23.75,31
rbio2.4,1,antireflect,2.2409333813793523e-27,324.1119823857065,4168414.3377300794,0.762962962962963,416.1811554029807,261,raw,3.1686020346485745e-14,-2.703417489868862e-10,7.309616461025919,47699.36179205247,0.5566727158592324,4.2924223498310954e-06,1.0,271.00000000000006,,,,[],[],15,502.6666666666667,75.0,760.0,"[4, 18, 43, 64, 82, 96, 117, 132, 150, 165, 180, 199, 213, 233, 247]","[104.99999999999994, 654.0, 698.0, 372.00000000000006, 643.0, 623.0000000000002, 760.0, 499.00000000000006, 465.0, 422.0000000000001, 471.0000000000001, 75.0, 534.0, 704.0, 515.0]","[0, 9, 9, 60, 66, 83, 46, 130, 144, 164, 144, 196, 182, 182, 246]","[5, 38, 46, 66, 112, 112, 182, 182, 175, 166, 182, 200, 228, 255, 255]",29011017.0,761.0,-761.0,0.0,,,,DWT,uc1.b4952553,0.0,,0.0,23.5,23.0,0.0,23.5,,0.0,27.719298245614027,10508.0,61.89824561403513,,0.0,27.719298245614027,,,35.0,0.0,26.5,0.0,0.0,,5.684341886080802e-14,3.785801040364809e-14,3.2426196433185046e-27,0.9814494900092616,0.9045068063859951,0.0003003581479285733,0.8028647256882552,0.002656704580890236,0.9999999976503382,5.56075785570872e-09,5.56075785570872e-09,4.5762269702255084e-09,,1.333117818032765e-13,0.9999999944392873,0.0,,,,,,0.0,1.0,0.6000000000000001,0.0,0.0,0.9600000012241346,0.3384241815716069,147,1.3634818483801883,0.8787511882247684,41,0,0.3000000006489584,0.4149814110645014,136,0,0.384539726401767,0.813970517705366,42,57.91085102695924,0.9392968018585333,91.5,64.14838293126724,0.9216924260864994,32,rbio,388.1185185185185,391.0,293.41593552782615,135,0.5187979602950641,1.0,0.3368414277934551,2,24.5,32
coif16,1,antisymmetric,2.612265812893791e-26,313.4460981777807,5289997.221729012,0.6938202247191011,365.08318375729,261,raw,1.2019844464152485e-13,-2.8285052078303553e-10,7.567992629203969,96502.25910333109,0.789267063613401,4.292422349831094e-06,1.0,270.9999999999999,,,,[],[],15,502.6666666666668,75.0,760.0000000000003,"[4, 18, 43, 64, 82, 96, 117, 132, 150, 165, 180, 199, 213, 233, 247]","[104.99999999999989, 654.0000000000005, 698.0000000000003, 372.0, 643.0000000000001, 623.0000000000002, 760.0000000000003, 499.0000000000002, 465.00000000000006, 422.00000000000006, 471.0000000000003, 75.0, 534.0000000000002, 704.0000000000001, 515.0000000000003]","[0, 9, 9, 60, 66, 83, 46, 130, 144, 164, 175, 196, 182, 182, 246]","[5, 38, 46, 66, 112, 112, 182, 182, 175, 166, 182, 200, 228, 255, 255]",29011017.000000004,761.0000000000003,-761.0000000000003,0.0,,,,DWT,uc1.b4952553,3.725290298461914e-09,,0.0,23.5,23.0,0.0,23.5,,3.410605131648481e-13,27.71929824561414,10507.999999999998,61.89824561403528,,0.0,27.71929824561414,,,35.0,0.0,26.5,3.410605131648481e-13,3.410605131648481e-13,,1.1368683772161603e-13,2.1405059642046614e-13,5.391454206892137e-26,0.9416816878268214,0.9851572561576429,0.0038393224312619823,0.48124376614792996,0.014736420503311951,0.9999999976503382,5.560842551058051e-09,5.560842551058051e-09,4.576337864767342e-09,,2.66623563606553e-13,0.999999994439197,1.6375520598758517e-13,,,,,,6.33387924933671e-14,1.0,0.6000000000000001,2.549989918616514e-13,2.549989918616514e-13,0.9600000012244555,0.33842418157172005,68,1.2578993766511062,0.8107042812579744,137,0,0.30000000064904686,0.41498141106462383,68,0,0.34666549329531177,0.7338006236405186,153,44.93328387732194,0.9529001217218848,106.5,92.49200220628794,0.9206324507980492,33,coif,446.94117647058823,423.0,281.0571967283836,153,0.5974261975694778,0.9578797968923861,0.29443772263364965,5,26.0,33
coif12,1,antisymmetric,1.4053164107287504e-26,316.1385306675278,5004636.540256013,0.6987951807228916,367.5273472081838,261,raw,8.239641408505408e-14,-2.641412644166572e-10,7.467134137172426,88381.63205968075,0.7693768305611492,4.292422349831097e-06,1.0,271.0000000000001,,,,[],[],15,502.6666666666666,74.99999999999997,760.0000000000001,"[4, 18, 43, 64, 82, 96, 117, 132, 150, 165, 180, 199, 213, 233, 247]","[104.99999999999983, 654.0, 698.0000000000003, 371.9999999999998, 642.9999999999998, 622.9999999999998, 760.0000000000001, 498.9999999999998, 464.9999999999998, 422.00000000000034, 471.0000000000001, 74.99999999999997, 533.9999999999995, 703.9999999999998, 515.0000000000001]","[0, 9, 9, 60, 66, 83, 46, 130, 144, 164, 144, 196, 182, 182, 246]","[5, 38, 46, 66, 112, 112, 182, 182, 175, 166, 182, 200, 228, 255, 255]",29011017.0,761.0000000000001,-761.0000000000001,0.0,,,,DWT,uc1.b4952553,0.0,,0.0,23.5,23.0,0.0,23.5,,1.1368683772161603e-13,27.719298245613913,10508.000000000002,61.898245614035076,,0.0,27.719298245613913,,,35.00000000000003,0.0,26.5,1.1368683772161603e-13,1.1368683772161603e-13,,1.1368683772161603e-13,1.3880197936496583e-13,2.830565195541021e-26,0.9517204357219347,0.953674930202454,0.002938915270981542,0.5043850267379681,0.012726399106968314,0.9999999976504634,5.5606731603593885e-09,5.5606731603593885e-09,4.576184724685763e-09,,2.66623563606553e-13,0.9999999944393777,5.4585068662528386e-14,,,,,,0.0,1.0,0.6000000000000001,8.49996639538838e-14,8.49996639538838e-14,0.9600000012242819,0.3384241815716588,93,1.2561837545078949,0.8095985789718144,144,0,0.3000000006489886,0.4149814110645432,93,0,0.3464922438629209,0.733433899683296,154,32.58834147360065,0.965840312920754,121.0,114.4710681874948,0.9195029656846957,34,coif,446.94117647058823,423.0,281.0571967283836,153,0.5974261975694778,0.9578797968923861,0.29443772263364965,5,26.75,34
rbio2.2,1,symmetric,8.845465594459661e-28,328.14906486967294,4126860.8630478536,0.7443609022556391,412.26619904680666,261,raw,1.70336286582719e-14,-2.6559099364221275e-10,7.276116769556767,41549.422398807175,0.6408482903869999,4.2924223498310954e-06,1.0,271.0,,,,[],[],15,502.6666666666667,75.0,760.0,"[4, 18, 43, 64, 82, 96, 117, 132, 150, 165, 180, 199, 213, 233, 247]","[105.0, 654.0000000000001, 698.0, 372.0000000000001, 643.0, 623.0, 760.0, 499.0, 465.0, 422.0, 471.0000000000001, 75.0, 534.0, 704.0, 515.0]","[0, 9, 9, 60, 66, 91, 46, 130, 144, 164, 144, 196, 182, 182, 246]","[5, 38, 46, 66, 112, 112, 182, 182, 175, 166, 182, 200, 228, 255, 255]",29011017.0,761.0,-761.0,0.0,,,,DWT,uc1.b4952553,0.0,,0.0,23.5,23.0,0.0,23.5,,0.0,27.719298245614027,10508.0,61.898245614035105,,0.0,27.719298245614027,,,35.0,0.0,26.5,0.0,0.0,,0.0,8.69100019644465e-15,3.6465632422678367e-28,0.9965017720785974,0.8940500943631714,0.00016924321665886936,0.7163362952836638,0.001134468711641034,0.9999999976503382,5.56075785570872e-09,5.56075785570872e-09,4.576205847455636e-09,,0.0,0.9999999944392873,0.0,,,,,,0.0,1.0,0.6000000000000001,0.0,0.0,0.9600000012240616,0.33842418157158116,151,1.331999037635198,0.8584608137077315,63,0,0.30000000064894555,0.41498141106448366,151,0,0.37259883909339164,0.7886947670951293,68,49.40563395673277,0.9482121237350809,108.25,91.27433066422095,0.917371261028966,35,rbio,388.1185185185185,391.0,293.41593552782615,135,0.5187979602950641,1.0,0.3368414277934551,2,26.75,35
rbio2.2,1,antireflect,8.847348962090182e-28,328.1481402726624,4133492.2948180786,0.7481203007518797,414.1008229459342,261,raw,1.705830028104135e-14,-2.6558477639327485e-10,7.279225042398258,43828.95681284979,0.6067125401790958,4.2924223498310954e-06,1.0,271.0,,,,[],[],15,502.6666666666667,75.0,760.0,"[4, 18, 43, 64, 82, 96, 117, 132, 150, 165, 180, 199, 213, 233, 247]","[105.0, 654.0000000000001, 698.0, 372.0000000000001, 643.0, 623.0, 760.0, 499.0, 465.0, 422.0, 471.0000000000001, 75.0, 534.0, 704.0, 515.0]","[0, 9, 9, 60, 66, 91, 46, 130, 144, 164, 144, 196, 182, 182, 246]","[5, 38, 46, 66, 112, 112, 182, 182, 175, 166, 182, 200, 228, 255, 255]",29011017.0,761.0,-761.0,0.0,,,,DWT,uc1.b4952553,0.0,,0.0,23.5,23.0,0.0,23.5,,0.0,27.719298245614027,10508.0,61.898245614035105,,0.0,27.719298245614027,,,35.0,0.0,26.5,0.0,0.0,,0.0,8.740111460220349e-15,3.650559346380151e-28,0.9964983247140565,0.8950203216269587,0.0001901675732240425,0.7338233283744122,0.001698700133832747,0.9999999976503382,5.56075785570872e-09,5.56075785570872e-09,4.576205847455636e-09,,0.0,0.9999999944392873,0.0,,,,,,0.0,1.0,0.6000000000000001,0.0,0.0,0.9600000012240616,0.33842418157158116,152,1.3397130508318258,0.8634324224391359,57,0,0.30000000064894555,0.41498141106448366,150,0,0.375318691774642,0.7944519873328288,61,53.147593234940246,0.94428973455457,105.0,84.77644692328792,0.9171134207364044,36,rbio,388.1185185185185,391.0,293.41593552782615,135,0.5187979602950641,1.0,0.3368414277934551,2,27.5,36
rbio2.2,1,periodic,8.853255973705667e-28,328.14524163427836,4124975.1656758846,0.7443609022556391,412.26619904680666,261,raw,1.7089777868712715e-14,-2.6560464938541564e-10,7.271896264879703,41417.099224800724,0.6397058770254925,4.2924223498310954e-06,1.0,271.0,,,,[],[],15,502.6666666666667,75.0,760.0,"[4, 18, 43, 64, 82, 96, 117, 132, 150, 165, 180, 199, 213, 233, 247]","[105.0, 654.0000000000001, 698.0, 372.0000000000001, 643.0, 623.0, 760.0, 499.0, 465.0, 422.0, 471.0000000000001, 75.0, 534.0, 704.0, 515.0]","[0, 9, 9, 60, 66, 91, 46, 130, 144, 164, 144, 196, 182, 182, 246]","[5, 38, 46, 66, 112, 112, 182, 182, 175, 166, 182, 200, 228, 255, 255]",29011017.0,761.0,-761.0,0.0,,,,DWT,uc1.b4952553,0.0,,0.0,23.5,23.0,0.0,23.5,,0.0,27.719298245614027,10508.0,61.898245614035105,,0.0,27.719298245614027,,,35.0,0.0,26.5,0.0,0.0,,0.0,8.802770658830732e-15,3.6630927641927402e-28,0.9964875171264617,0.8927326911256019,0.0001632932188978654,0.7163362952836638,0.0011017160178459118,0.9999999976503382,5.56075785570872e-09,5.56075785570872e-09,4.576205847455636e-09,,0.0,0.9999999944392873,0.0,,,,,,0.0,1.0,0.6000000000000001,0.0,0.0,0.9600000012240616,0.33842418157158116,150,1.3313157069687334,0.8580204135397208,65,0,0.30000000064894555,0.41498141106448366,155,0,0.3724030732532115,0.7882803817628997,71,48.89018306367854,0.948752428654425,110.25,93.92448969543119,0.916593195459288,37,rbio,388.1185185185185,391.0,293.41593552782615,135,0.5187979602950641,1.0,0.3368414277934551,2,28.25,37
rbio2.2,1,reflect,8.855069447051001e-28,328.14435213010336,4133821.8910920555,0.7481203007518797,414.1008229459342,261,raw,1.711019576341846e-14,-2.6559932031489744e-10,7.279433335007681,41112.464338713326,0.6453750688989071,4.2924223498310954e-06,1.0,271.0,,,,[],[],15,502.6666666666667,75.0,760.0,"[4, 18, 43, 64, 82, 96, 117, 132, 150, 165, 180, 199, 213, 233, 247]","[105.0, 654.0000000000001, 698.0, 372.0000000000001, 643.0, 623.0, 760.0, 499.0, 465.0, 422.0, 471.0000000000001, 75.0, 534.0, 704.0, 515.0]","[0, 9, 9, 60, 66, 91, 46, 130, 144, 164, 144, 196, 182, 182, 246]","[5, 38, 46, 66, 112, 112, 182, 182, 175, 166, 182, 200, 228, 255, 255]",29011017.0,761.0,-761.0,0.0,,,,DWT,uc1.b4952553,0.0,,0.0,23.5,23.0,0.0,23.5,,0.0,27.719298245614027,10508.0,61.898245614035105,,0.0,27.719298245614027,,,35.0,0.0,26.5,0.0,0.0,,0.0,8.843414463334746e-15,3.6669405675506394e-28,0.9964842006057324,0.8950853388177955,0.00019120755828280604,0.7338233283744122,0.0010263126486458494,0.9999999976503382,5.56075785570872e-09,5.56075785570872e-09,4.576205847455636e-09,,0.0,0.9999999944392873,0.0,,,,,,0.0,1.0,0.6000000000000001,0.0,0.0,0.9600000012240616,0.33842418157158116,155,1.3394686499607042,0.8632749083833702,58,0,0.30000000064894555,0.41498141106448366,149,0,0.37523005542926835,0.7942643672588084,62,53.19774431308154,0.9442371652902709,106.0,85.95969967272028,0.9165630270895799,38,rbio,388.1185185185185,391.0,293.41593552782615,135,0.5187979602950641,1.0,0.3368414277934551,2,29.0,38
rbio2.2,1,smooth,8.853135075482645e-28,328.1453009410348,4133955.156278839,0.7481203007518797,414.1008229459342,261,raw,1.7082971903810797e-14,-2.6557855914433695e-10,7.272639530652931,43576.125761419535,0.6076753573898264,4.2924223498310954e-06,1.0,271.0,,,,[],[],15,502.6666666666667,75.0,760.0,"[4, 18, 43, 64, 82, 96, 117, 132, 150, 165, 180, 199, 213, 233, 247]","[105.0, 654.0000000000001, 698.0, 372.0000000000001, 643.0, 623.0, 760.0, 499.0, 465.0, 422.0, 471.0000000000001, 75.0, 534.0, 704.0, 515.0]","[0, 9, 9, 60, 66, 91, 46, 130, 144, 164, 144, 196, 182, 182, 246]","[5, 38, 46, 66, 112, 112, 182, 182, 175, 166, 182, 200, 228, 255, 255]",29011017.0,761.0,-761.0,0.0,,,,DWT,uc1.b4952553,0.0,,0.0,23.5,23.0,0.0,23.5,,0.0,27.719298245614027,10508.0,61.898245614035105,,0.0,27.719298245614027,,,35.0,0.0,26.5,0.0,0.0,,0.0,8.789222723996048e-15,3.662836243968888e-28,0.9964877382519973,0.8929646967294215,0.0001916280539438638,0.7338233283744122,0.0016361192739677143,0.9999999976503382,5.56075785570872e-09,5.56075785570872e-09,4.576205847455636e-09,,0.0,0.9999999944392873,0.0,,,,,,0.0,1.0,0.6000000000000001,0.0,0.0,0.9600000012240616,0.33842418157158116,153,1.3386545844022357,0.8627502508108129,60,0,0.30000000064894555,0.41498141106448366,152,0,0.375014787240536,0.7938087005305159,63,52.55473337388365,0.9449111809498075,107.0,87.61443448776943,0.9163759259046731,39,rbio,388.1185185185185,391.0,293.41593552782615,135,0.5187979602950641,1.0,0.3368414277934551,2,29.75,39
rbio2.2,1,periodization,7.956246885404301e-28,328.609189335751,4123419.4102894757,0.7442748091603053,415.1491794597214,261,raw,1.6192241247272466e-14,-2.635379692250759e-10,7.264244464255742,41535.83482533069,0.6468930022570416,4.2924223498310954e-06,1.0,271.0,,,,[],[],15,502.6666666666667,75.0,760.0,"[4, 18, 43, 64, 82, 96, 117, 132, 150, 165, 180, 199, 213, 233, 247]","[104.99999999999994, 654.0, 698.0, 372.0, 643.0, 623.0, 760.0, 499.0, 465.0, 422.00000000000006, 471.00000000000006, 75.0, 534.0, 704.0, 515.0]","[0, 9, 9, 60, 66, 91, 46, 130, 144, 164, 144, 196, 182, 182, 246]","[5, 38, 46, 66, 112, 112, 182, 182, 175, 166, 182, 200, 228, 255, 255]",29011017.0,761.0,-761.0,0.0,,,,DWT,uc1.b4952553,0.0,,0.0,23.5,23.0,0.0,23.5,,0.0,27.719298245614027,10508.0,61.898245614035105,,0.0,27.719298245614027,,,35.0,0.0,26.5,0.0,0.0,,0.0,7.01613675250784e-15,1.759830942949516e-28,0.9982173484330356,0.8903442310511412,0.00015838429702980502,0.7159358288770052,0.0011311055091118055,0.9999999976503382,5.56075785570872e-09,5.56075785570872e-09,4.576205847455636e-09,,0.0,0.9999999944392873,0.0,,,,,,0.0,1.0,0.6000000000000001,0.0,0.0,0.9600000012240616,0.33842418157158116,154,1.3310084904883557,0.8578224154163906,66,0,0.30000000064894555,0.41498141106448366,153,0,0.3722552711667616,0.7879675232139242,72,48.849257926809905,0.9487953271207443,111.25,95.07994955863809,0.9160905356777727,40,rbio,388.1185185185185,391.0,293.41593552782615,135,0.5187979602950641,1.0,0.3368414277934551,2,30.5,40
rbio2.2,1,antisymmetric,8.855069447051001e-28,328.14435213010336,4126658.68713368,0.7443609022556391,412.26619904680666,261,raw,1.711019576341846e-14,-2.6559932031489744e-10,7.274848747450457,42964.31144708576,0.6189551128074412,4.2924223498310954e-06,1.0,271.0,,,,[],[],15,502.6666666666667,75.0,760.0,"[4, 18, 43, 64, 82, 96, 117, 132, 150, 165, 180, 199, 213, 233, 247]","[105.0, 654.0000000000001, 698.0, 372.0000000000001, 643.0, 623.0, 760.0, 499.0, 465.0, 422.0, 471.0000000000001, 75.0, 534.0, 704.0, 515.0]","[0, 9, 9, 60, 66, 91, 46, 130, 144, 164, 144, 196, 182, 182, 246]","[5, 38, 46, 66, 112, 112, 182, 182, 175, 166, 182, 200, 228, 255, 255]",29011017.0,761.0,-761.0,0.0,,,,DWT,uc1.b4952553,0.0,,0.0,23.5,23.0,0.0,23.5,,0.0,27.719298245614027,10508.0,61.898245614035105,,0.0,27.719298245614027,,,35.0,0.0,26.5,0.0,0.0,,0.0,8.843414463334746e-15,3.6669405675506394e-28,0.9964842006057324,0.8936542894639988,0.00016860528490240462,0.7163362952836638,0.0014846827093046733,0.9999999976503382,5.56075785570872e-09,5.56075785570872e-09,4.576205847455636e-09,,0.0,0.9999999944392873,0.0,,,,,,0.0,1.0,0.6000000000000001,0.0,0.0,0.9600000012240616,0.33842418157158116,157,1.3319303589350802,0.8584165509334188,64,0,0.30000000064894555,0.41498141106448366,154,0,0.3725897247639444,0.7886754744318508,69,51.43928459844674,0.946080414467037,111.0,93.06505529466882,0.9148641066045877,41,rbio,388.1185185185185,391.0,293.41593552782615,135,0.5187979602950641,1.0,0.3368414277934551,2,31.25,41
rbio2.2,1,constant,8.845881182101302e-28,328.1488608293341,4123415.1728005325,0.7443609022556391,412.26619904680666,261,raw,1.70421361143993e-14,-2.6558921728537335e-10,7.264226010415609,41963.06678585561,0.630685169661607,4.2924223498310954e-06,1.0,271.0,,,,[],[],15,502.6666666666667,75.0,760.0,"[4, 18, 43, 64, 82, 96, 117, 132, 150, 165, 180, 199, 213, 233, 247]","[105.0, 654.0000000000001, 698.0, 372.0000000000001, 643.0, 623.0, 760.0, 499.0, 465.0, 422.0, 471.0000000000001, 75.0, 534.0, 704.0, 515.0]","[0, 9, 9, 60, 66, 91, 46, 130, 144, 164, 144, 196, 182, 182, 246]","[5, 38, 46, 66, 112, 112, 182, 182, 175, 166, 182, 200, 228, 255, 255]",29011017.0,761.0,-761.0,0.0,,,,DWT,uc1.b4952553,0.0,,0.0,23.5,23.0,0.0,23.5,,0.0,27.719298245614027,10508.0,61.898245614035105,,0.0,27.719298245614027,,,35.0,0.0,26.5,0.0,0.0,,0.0,8.707935114987995e-15,3.6474450305373486e-28,0.9965010113131818,0.8903384708042993,0.00015837092635320607,0.7163362952836638,0.0012368541634017968,0.9999999976503382,5.56075785570872e-09,5.56075785570872e-09,4.576205847455636e-09,,0.0,0.9999999944392873,0.0,,,,,,0.0,1.0,0.6000000000000001,0.0,0.0,0.9600000012240616,0.33842418157158116,156,1.330178287432064,0.8572873573787271,68,0,0.30000000064894555,0.41498141106448366,157,0,0.3720815717844156,0.7875998468297537,75,49.15960401250875,0.9484700167583766,114.0,97.99382425486245,0.9144865807062323,42,rbio,388.1185185185185,391.0,293.41593552782615,135,0.5187979602950641,1.0,0.3368414277934551,2,32.0,42
rbio2.2,1,zero,8.845881182101302e-28,328.1488608293341,4123414.705884502,0.7443609022556391,412.26619904680666,261,raw,1.70421361143993e-14,-2.6558921728537335e-10,7.264212069732819,41992.61092698852,0.6302480041400945,4.2924223498310954e-06,1.0,271.0,,,,[],[],15,502.6666666666667,75.0,760.0,"[4, 18, 43, 64, 82, 96, 117, 132, 150, 165, 180, 199, 213, 233, 247]","[105.0, 654.0000000000001, 698.0, 372.0000000000001, 643.0, 623.0, 760.0, 499.0, 465.0, 422.0, 471.0000000000001, 75.0, 534.0, 704.0, 515.0]","[0, 9, 9, 60, 66, 91, 46, 130, 144, 164, 144, 196, 182, 182, 246]","[5, 38, 46, 66, 112, 112, 182, 182, 175, 166, 182, 200, 228, 255, 255]",29011017.0,761.0,-761.0,0.0,,,,DWT,uc1.b4952553,0.0,,0.0,23.5,23.0,0.0,23.5,,0.0,27.719298245614027,10508.0,61.898245614035105,,0.0,27.719298245614027,,,35.0,0.0,26.5,0.0,0.0,,0.0,8.707935114987995e-15,3.6474450305373486e-28,0.9965010113131818,0.8903341193103321,0.0001583694530789794,0.7163362952836638,0.0012441669430054575,0.9999999976503382,5.56075785570872e-09,5.56075785570872e-09,4.576205847455636e-09,,0.0,0.9999999944392873,0.0,,,,,,0.0,1.0,0.6000000000000001,0.0,0.0,0.9600000012240616,0.33842418157158116,158,1.330179036060285,0.857287839862553,67,0,0.30000000064894555,0.41498141106448366,156,0,0.372081994614753,0.7876007418515292,74,50.029158164680986,0.9475585344185734,113.75,97.13864289433208,0.9141618667899996,43,rbio,388.1185185185185,391.0,293.41593552782615,135,0.5187979602950641,1.0,0.3368414277934551,2,32.75,43
coif12,1,periodic,1.2974676396538509e-26,316.4853064971355,4948753.163788157,0.6987951807228916,363.0159341537438,261,raw,7.927587917752527e-14,-2.6272550801565527e-10,7.477562991162191,37563.942874187225,0.5183311129649376,4.292422349831097e-06,1.0,271.0000000000001,,,,[],[],15,502.6666666666666,74.99999999999997,760.0000000000001,"[4, 18, 43, 64, 82, 96, 117, 132, 150, 165, 180, 199, 213, 233, 247]","[104.99999999999994, 654.0, 698.0, 371.9999999999998, 642.9999999999998, 622.9999999999998, 760.0000000000001, 498.9999999999998, 464.9999999999998, 422.00000000000034, 471.0000000000001, 74.99999999999997, 533.9999999999995, 703.9999999999997, 515.0000000000002]","[0, 9, 9, 60, 66, 83, 46, 130, 144, 164, 144, 196, 182, 182, 246]","[5, 38, 46, 66, 112, 112, 182, 182, 175, 166, 182, 200, 228, 255, 255]",29011017.0,761.0000000000001,-761.0000000000001,0.0,,,,DWT,uc1.b4952553,0.0,,0.0,23.5,23.0,0.0,23.5,,1.1368683772161603e-13,27.719298245613913,10508.000000000002,61.89824561403505,,0.0,27.719298245613913,,,35.00000000000003,0.0,26.5,1.1368683772161603e-13,1.1368683772161603e-13,,1.1368683772161603e-13,1.3259025124326676e-13,2.601733123344788e-26,0.9530133911229735,0.9569302295236274,0.002762584768641238,0.5043850267379681,0.0001479809593880316,0.9999999976504634,5.5606731603593885e-09,5.5606731603593885e-09,4.576163601915889e-09,,2.66623563606553e-13,0.9999999944393777,5.4585068662528386e-14,,,,,,0.0,1.0,0.6000000000000001,8.49996639538838e-14,8.49996639538838e-14,0.9600000012242755,0.3384241815716566,96,1.2534676448989004,0.8078480719525328,153,0,0.30000000064898685,0.41498141106454084,96,0,0.34531988758753307,0.7309523265742135,166,37.04389288398291,0.9611699236016951,127.75,119.78422991893883,0.9136300351761095,44,coif,446.94117647058823,423.0,281.0571967283836,153,0.5974261975694778,0.9578797968923861,0.29443772263364965,5,34.25,44
coif12,1,symmetric,1.429233706189267e-26,316.065239347702,5003342.0555876475,0.6987951807228916,367.5273016968311,261,raw,8.190638461211602e-14,-2.622865258317185e-10,7.469066063982508,39437.147763335444,0.5189201744076168,4.292422349831097e-06,1.0,271.0000000000001,,,,[],[],15,502.66666666666663,74.99999999999997,760.0000000000001,"[4, 18, 43, 64, 82, 96, 117, 132, 150, 165, 180, 199, 213, 233, 247]","[105.00000000000006, 653.9999999999999, 697.9999999999999, 371.9999999999998, 642.9999999999998, 622.9999999999998, 760.0000000000001, 498.9999999999998, 464.9999999999998, 422.00000000000034, 471.0000000000001, 74.99999999999997, 533.9999999999997, 703.9999999999998, 515.0000000000002]","[0, 9, 9, 60, 66, 83, 46, 130, 144, 164, 144, 196, 182, 182, 246]","[5, 38, 46, 66, 112, 112, 182, 182, 175, 166, 182, 200, 228, 255, 255]",29011017.0,761.0000000000001,-761.0000000000001,0.0,,,,DWT,uc1.b4952553,0.0,,0.0,23.5,23.0,0.0,23.5,,1.1368683772161603e-13,27.71929824561397,10508.0,61.898245614035034,,0.0,27.71929824561397,,,35.00000000000003,0.0,26.5,1.1368683772161603e-13,1.1368683772161603e-13,,1.1368683772161603e-13,1.3782652805686902e-13,2.8813125914270504e-26,0.9514471686723678,0.9542779686609066,0.002934830744485975,0.5043850267379681,0.0006116375079137386,0.9999999976504634,5.560715508034054e-09,5.560715508034054e-09,4.576153040530953e-09,,2.66623563606553e-13,0.9999999944392873,5.4585068662528386e-14,,,,,,0.0,1.0,0.6000000000000001,8.49996639538838e-14,8.49996639538838e-14,0.9600000012242526,0.3384241815716485,99,1.251473366604511,0.8065627784057743,161,0,0.3000000006489855,0.41498141106453895,102,0,0.34480809033196863,0.7298689849882346,169,37.40209441550923,0.9607944502982083,132.75,124.87016797084173,0.910821753450991,45,coif,446.94117647058823,423.0,281.0571967283836,153,0.5974261975694778,0.9578797968923861,0.29443772263364965,5,35.0,45
bior5.5,1,periodization,4.819585219581019e-20,250.78617520720735,4080618.4497550903,0.7786259541984732,421.2334589584133,261,raw,1.8476021819334253e-10,-3.9900305328745916e-10,7.248274846642943,40100.40521886862,0.6293852920796309,4.292422349823781e-06,1.0,271.0000000000976,,,,[],[],15,502.6666666671992,75.00000000001717,760.0000000008814,"[4, 18, 43, 64, 82, 96, 117, 132, 150, 165, 180, 199, 213, 233, 247]","[105.00000000004457, 654.0000000006213, 698.0000000007743, 372.0000000005118, 643.0000000005198, 623.0000000009705, 760.0000000008814, 499.0000000003728, 465.0000000004552, 422.0000000006682, 471.0000000005772, 75.00000000001717, 534.0000000004691, 704.0000000004894, 515.0000000006152]","[0, 9, 9, 60, 66, 83, 46, 130, 144, 164, 175, 196, 182, 182, 246]","[5, 38, 46, 66, 112, 112, 182, 182, 175, 166, 182, 200, 228, 255, 255]",29011017.00001943,761.0000000005668,-761.0000000005668,0.0,,,,DWT,uc1.b4952553,1.9431114196777344e-05,,0.0,23.5,23.0,0.0,23.5,,5.668425728799775e-10,27.719298246146536,10507.999999992011,61.898245614516284,,0.0,27.719298246146536,,,34.99999999998283,0.0,26.5,8.814140528556891e-10,5.668425728799775e-10,,9.760015018400736e-11,3.6775796119229523e-10,1.0226130957474199e-19,0.7080538541767034,0.8853594182015833,2.3333136046060107e-05,0.8757219251336898,0.0007758073028987872,0.999999997574668,5.957470871977448e-09,5.957470871977448e-09,4.933814341406302e-09,,2.2889632935622577e-10,0.9999999940425066,4.231980373405826e-10,,,,,,3.303751416454028e-10,1.0,0.6000000000000001,4.238083244740647e-10,4.238083244740647e-10,0.9600000020090386,0.33842418184830536,58,1.2181227812597997,0.7850686407797596,234,0,0.3000000008580014,0.4149814113536646,58,0,0.35284776261695416,0.7468868787523602,111,83.01556079033215,0.9129815924629642,115.25,83.74284999583091,0.8960872322901823,46,bior,527.0666666666667,504.0,178.22232468163287,135,0.7045299272241201,0.60740506258131,0.3246075321687229,3,35.25,46
db8,1,antireflect,3.539899970095207e-27,322.12636194583666,4225269.080728731,0.7065217391304348,361.58993343049997,261,raw,4.067244625385403e-14,-2.620620387361394e-10,7.179333757240865,50270.185841389684,0.6258932411102823,4.292422349831097e-06,1.0,271.0,,,,[],[],15,502.66666666666663,74.99999999999994,760.0,"[4, 18, 43, 64, 82, 96, 117, 132, 150, 165, 180, 199, 213, 233, 247]","[105.00000000000006, 654.0, 697.9999999999998, 371.99999999999983, 642.9999999999999, 622.9999999999998, 760.0, 499.0, 465.0, 421.9999999999999, 470.9999999999999, 74.99999999999994, 534.0, 703.9999999999999, 515.0]","[0, 9, 9, 60, 66, 91, 46, 130, 144, 164, 175, 196, 196, 196, 246]","[5, 38, 46, 66, 112, 112, 130, 196, 175, 166, 196, 200, 228, 255, 255]",29011017.0,761.0,-761.0,0.0,,,,DWT,uc1.b4952553,0.0,,0.0,19.0,23.0,0.0,23.5,,0.0,27.71929824561397,10508.0,61.898245614035034,,0.0,27.71929824561397,,,35.00000000000006,0.0,32.5,0.0,0.0,,0.0,5.574636486098377e-14,5.998749483714085e-27,0.9740460943485929,0.8638399030418361,0.00047975363236476404,0.5403255056963499,0.003293036149576558,0.9999999976505888,5.560715508034054e-09,5.560715508034054e-09,4.576153040530953e-09,,0.0,0.9999999944392873,0.0,,,,,,0.0,0.5,1.0,0.0,0.0,0.9500000012240956,0.33489892968471746,188,1.2340349016846437,0.795323852278995,199,0,0.2916666673156217,0.4034541496709741,188,0,0.3402834704098252,0.7202915422233246,204,8.05708797684788,0.9915544151186081,194.75,194.50159280307858,0.8937069769513376,47,db,435.1929824561403,354.5,291.32747676616117,342,0.5817223885497198,0.9928822585661271,0.29492965044535796,4,36.25,47
db4,1,antireflect,2.3642440906614463e-27,323.87934872354504,4147187.032444802,0.7052238805970149,350.5596474328669,261,raw,2.9893499340443495e-14,-2.685059952156686e-10,7.132266207892364,43557.56664765842,0.5533774197082318,4.2924223498310954e-06,1.0,271.00000000000006,,,,[],[],15,502.6666666666667,75.00000000000006,760.0,"[4, 18, 43, 64, 82, 96, 117, 132, 150, 165, 180, 199, 213, 233, 247]","[105.0, 654.0, 698.0000000000001, 371.99999999999994, 643.0, 623.0, 760.0, 499.0, 465.0000000000001, 422.0, 471.0000000000001, 75.00000000000006, 534.0000000000001, 704.0, 515.0000000000002]","[0, 9, 9, 60, 66, 83, 46, 130, 144, 164, 175, 196, 182, 182, 246]","[5, 38, 46, 66, 112, 112, 130, 182, 175, 166, 182, 200, 228, 255, 255]",29011017.0,761.0,-761.0,0.0,,,,DWT,uc1.b4952553,0.0,,0.0,23.5,23.0,0.0,23.5,,0.0,27.719298245614027,10508.0,61.89824561403513,,0.0,27.719298245614027,,,34.99999999999994,0.0,26.5,0.0,0.0,,5.684341886080802e-14,3.4289823066565357e-14,3.504258648082057e-27,0.9805821142458028,0.8491480719361516,0.00023337899167739565,0.5342884507941575,0.001631525513466648,0.9999999976500876,5.56075785570872e-09,5.56075785570872e-09,4.5762269702255084e-09,,1.333117818032765e-13,0.9999999944392873,0.0,,,,,,0.0,1.0,0.6000000000000001,0.0,0.0,0.9600000012240594,0.3384241815715804,159,1.227407984534456,0.7910528666938824,211,0,0.3000000006489375,0.41498141106447256,169,0,0.3379833630687558,0.7154228136248336,213,28.023799409311604,0.9706249482082687,188.0,184.8374160423604,0.8867799793452245,48,db,435.1929824561403,354.5,291.32747676616117,342,0.5817223885497198,0.9928822585661271,0.29492965044535796,4,37.0,48
db8,1,reflect,3.4952159868661364e-27,322.18153166423855,4232313.969366293,0.7028985507246377,361.58993343049997,261,raw,4.05363269558157e-14,-2.6248891948910775e-10,7.179195390570456,38035.18480432499,0.5086985395889677,4.292422349831097e-06,1.0,271.0,,,,[],[],15,502.66666666666663,74.99999999999994,760.0,"[4, 18, 43, 64, 82, 96, 117, 132, 150, 165, 180, 199, 213, 233, 247]","[105.0, 654.0, 697.9999999999997, 371.99999999999983, 642.9999999999999, 622.9999999999998, 760.0, 499.0, 465.0, 421.9999999999999, 470.9999999999999, 74.99999999999994, 534.0, 704.0, 515.0]","[0, 9, 9, 60, 66, 91, 46, 130, 144, 164, 175, 196, 196, 196, 246]","[5, 38, 46, 66, 112, 112, 130, 196, 175, 166, 196, 200, 228, 255, 255]",29011017.0,761.0,-761.0,0.0,,,,DWT,uc1.b4952553,0.0,,0.0,19.0,23.0,0.0,23.5,,0.0,27.71929824561397,10508.0,61.89824561403505,,0.0,27.71929824561397,,,35.00000000000006,0.0,32.5,0.0,0.0,,0.0,5.547540616429025e-14,5.903939608975794e-27,0.9742517949173499,0.8637967127805957,0.0005019825818468587,0.5234720607610635,0.0002646229818993132,0.9999999976505888,5.560715508034054e-09,5.560715508034054e-09,4.576163601915889e-09,,0.0,0.9999999944392873,0.0,,,,,,0.0,0.5,1.0,0.0,0.0,0.9500000012240987,0.3348989296847185,187,1.2261950981288328,0.7902711728478006,213,0,0.2916666673156226,0.40345414967097537,185,0,0.337469596288973,0.7143353030686871,219,17.511900715418264,0.9816437099419095,201.0,199.859651410731,0.8854759430212692,49,db,435.1929824561403,354.5,291.32747676616117,342,0.5817223885497198,0.9928822585661271,0.29492965044535796,4,37.75,49
db4,1,reflect,2.390418555945791e-27,323.8315323314382,4150696.3958695936,0.7052238805970149,350.5520168345553,261,raw,3.0090872322599084e-14,-2.6856272761222696e-10,7.131410763163041,37962.165283055496,0.5102459050431035,4.2924223498310954e-06,1.0,271.00000000000006,,,,[],[],15,502.6666666666667,75.00000000000006,760.0,"[4, 18, 43, 64, 82, 96, 117, 132, 150, 165, 180, 199, 213, 233, 247]","[105.00000000000006, 654.0, 698.0000000000001, 371.99999999999994, 643.0, 623.0, 760.0, 499.0, 465.0000000000001, 422.0, 471.0000000000001, 75.00000000000006, 534.0000000000001, 704.0, 515.0000000000002]","[0, 9, 9, 60, 66, 83, 46, 130, 144, 164, 175, 196, 182, 182, 246]","[5, 38, 46, 66, 112, 112, 130, 182, 175, 166, 182, 200, 228, 255, 255]",29011017.0,761.0,-761.0,0.0,,,,DWT,uc1.b4952553,0.0,,0.0,23.5,23.0,0.0,23.5,,0.0,27.719298245614027,10508.0,61.89824561403513,,0.0,27.719298245614027,,,34.99999999999994,0.0,26.5,0.0,0.0,,5.684341886080802e-14,3.4682713176770975e-14,3.5597952765475346e-27,0.9804038305906165,0.848881050396738,0.0002444521918793216,0.5342884507941575,0.0002465491559110578,0.9999999976500876,5.56075785570872e-09,5.56075785570872e-09,4.5762269702255084e-09,,1.333117818032765e-13,0.9999999944392873,0.0,,,,,,0.0,1.0,0.6000000000000001,0.0,0.0,0.9600000012240594,0.3384241815715804,161,1.2266190496287166,0.790544405589927,212,0,0.3000000006489375,0.41498141106447256,171,0,0.33772347616133386,0.7148727006818654,217,28.37105332317901,0.9702609503949906,190.25,187.05216143758298,0.8854187351555666,50,db,435.1929824561403,354.5,291.32747676616117,342,0.5817223885497198,0.9928822585661271,0.29492965044535796,4,38.5,50
db4,1,antisymmetric,2.366710414411103e-27,323.8748206271918,4109815.702366927,0.7052238805970149,350.5596474328669,261,raw,2.974376811260133e-14,-2.684843458666884e-10,7.1226448984167625,41096.789764630244,0.5325151137121418,4.2924223498310954e-06,1.0,271.00000000000006,,,,[],[],15,502.6666666666667,75.00000000000006,760.0,"[4, 18, 43, 64, 82, 96, 117, 132, 150, 165, 180, 199, 213, 233, 247]","[105.0, 654.0, 698.0000000000001, 371.99999999999994, 643.0, 623.0, 760.0, 499.0, 465.0000000000001, 422.0, 471.0000000000001, 75.00000000000006, 534.0000000000001, 704.0, 515.0000000000002]","[0, 9, 9, 60, 66, 83, 46, 130, 144, 164, 175, 196, 182, 182, 246]","[5, 38, 46, 66, 112, 112, 130, 182, 175, 166, 182, 200, 228, 255, 255]",29011017.0,761.0,-761.0,0.0,,,,DWT,uc1.b4952553,0.0,,0.0,23.5,23.0,0.0,23.5,,0.0,27.719298245614027,10508.0,61.89824561403513,,0.0,27.719298245614027,,,34.99999999999994,0.0,26.5,0.0,0.0,,5.684341886080802e-14,3.399176850020249e-14,3.5094916606487815e-27,0.980565231216086,0.8461448424120387,0.0001154601073460716,0.5342884507941575,0.001022432870752318,0.9999999976500876,5.56075785570872e-09,5.56075785570872e-09,4.5762269702255084e-09,,1.333117818032765e-13,0.9999999944392873,0.0,,,,,,0.0,1.0,0.6000000000000001,0.0,0.0,0.9600000012240594,0.3384241815715804,160,1.2255936434553183,0.7898835409848299,215,0,0.3000000006489375,0.41498141106447256,170,0,0.33744805962863067,0.7142897155640292,220,30.652623596249203,0.9678693672995291,191.25,187.5383550162166,0.8836988345931608,51,db,435.1929824561403,354.5,291.32747676616117,342,0.5817223885497198,0.9928822585661271,0.29492965044535796,4,39.25,51
db4,1,symmetric,2.3534116098786414e-27,323.89929292971794,4109449.5733613656,0.7052238805970149,350.5596474328669,261,raw,2.967570846358216e-14,-2.6848934187029923e-10,7.123279486296981,38199.93948437719,0.505127995613205,4.2924223498310954e-06,1.0,271.00000000000006,,,,[],[],15,502.6666666666667,75.00000000000006,760.0,"[4, 18, 43, 64, 82, 96, 117, 132, 150, 165, 180, 199, 213, 233, 247]","[105.0, 654.0, 698.0000000000001, 371.99999999999994, 643.0, 623.0, 760.0, 499.0, 465.0000000000001, 422.0, 471.0000000000001, 75.00000000000006, 534.0000000000001, 704.0, 515.0000000000002]","[0, 9, 9, 60, 66, 83, 46, 130, 144, 164, 175, 196, 182, 182, 246]","[5, 38, 46, 66, 112, 112, 130, 182, 175, 166, 182, 200, 228, 255, 255]",29011017.0,761.0,-761.0,0.0,,,,DWT,uc1.b4952553,0.0,,0.0,23.5,23.0,0.0,23.5,,0.0,27.719298245614027,10508.0,61.89824561403513,,0.0,27.719298245614027,,,34.99999999999994,0.0,26.5,0.0,0.0,,5.684341886080802e-14,3.3856289151855724e-14,3.481274436024289e-27,0.9806564763174612,0.8463429249144618,0.00011430484945808121,0.5342884507941575,0.00030540313720906897,0.9999999976500876,5.56075785570872e-09,5.56075785570872e-09,4.5762269702255084e-09,,1.333117818032765e-13,0.9999999944392873,0.0,,,,,,0.0,1.0,0.6000000000000001,0.0,0.0,0.9600000012240594,0.3384241815715804,163,1.2254600422449935,0.7897974362651663,217,0,0.3000000006489375,0.41498141106447256,168,0,0.3373867942875403,0.7141600327823011,222,31.310275203730377,0.9671800050275363,192.5,188.67791285281993,0.8826990171888206,52,db,435.1929824561403,354.5,291.32747676616117,342,0.5817223885497198,0.9928822585661271,0.29492965044535796,4,40.0,52
db22,1,periodic,6.810656316097997e-27,319.28438219385146,4609663.339066655,0.6973684210526315,361.98476869670907,261,raw,6.22337430631261e-14,-2.648745667244221e-10,7.293275544263132,37862.9050022656,0.5211600401138772,4.292422349831096e-06,1.0,270.9999999999999,,,,[],[],15,502.6666666666667,74.99999999999989,760.0,"[4, 18, 43, 64, 82, 96, 117, 132, 150, 165, 180, 199, 213, 233, 247]","[104.99999999999983, 654.0, 698.0, 372.0, 643.0, 623.0, 760.0, 499.0, 465.00000000000006, 422.0, 470.99999999999994, 74.99999999999989, 534.0, 704.0000000000001, 515.0]","[0, 9, 9, 60, 66, 91, 46, 130, 144, 164, 175, 196, 182, 182, 246]","[5, 38, 46, 66, 112, 112, 182, 182, 175, 166, 182, 200, 228, 255, 255]",29011017.0,761.0,-761.0,0.0,,,,DWT,uc1.b4952553,0.0,,0.0,23.5,23.0,0.0,23.5,,0.0,27.719298245614027,10508.0,61.89824561403512,,0.0,27.719298245614027,,,35.000000000000114,0.0,26.5,0.0,0.0,,1.1368683772161603e-13,9.8666222417238e-14,1.2938596315951146e-26,0.9634497587443245,0.8994060949082567,0.0016926444230356066,0.49774838164931023,0.0002219802048778035,0.9999999976508394,5.56075785570872e-09,5.56075785570872e-09,4.5762164088405724e-09,,2.66623563606553e-13,0.9999999944392873,0.0,,,,,,0.0,1.0,0.6000000000000001,0.0,0.0,0.9600000012243485,0.3384241815716823,77,1.2278073696539458,0.7913102666356036,210,0,0.30000000064901045,0.4149814110645735,77,0,0.33750269427570057,0.7144053628922682,218,79.16438593205912,0.9170184633835858,145.5,113.24038677760286,0.8822513700565728,53,db,435.1929824561403,354.5,291.32747676616117,342,0.5817223885497198,0.9928822585661271,0.29492965044535796,4,40.75,53
db8,1,periodic,3.480176247922153e-27,322.20025945913335,4181869.3247549613,0.7028985507246377,359.7596690026155,261,raw,4.014158099150454e-14,-2.6224766802585665e-10,7.166621673702262,37264.63513519907,0.5078234325518711,4.292422349831097e-06,1.0,271.0,,,,[],[],15,502.66666666666663,74.99999999999994,760.0,"[4, 18, 43, 64, 82, 96, 117, 132, 150, 165, 180, 199, 213, 233, 247]","[105.00000000000006, 654.0, 697.9999999999998, 371.99999999999983, 642.9999999999999, 622.9999999999998, 760.0, 499.0, 465.0, 421.9999999999999, 470.9999999999999, 74.99999999999994, 534.0, 704.0, 515.0]","[0, 9, 9, 60, 66, 91, 46, 130, 144, 164, 175, 196, 196, 196, 246]","[5, 38, 46, 66, 112, 112, 130, 196, 175, 166, 196, 200, 228, 255, 255]",29011017.0,761.0,-761.0,0.0,,,,DWT,uc1.b4952553,0.0,,0.0,19.0,23.0,0.0,23.5,,0.0,27.71929824561397,10508.0,61.89824561403505,,0.0,27.71929824561397,,,35.00000000000006,0.0,32.5,0.0,0.0,,0.0,5.468962594387905e-14,5.872028493127732e-27,0.9743216215935233,0.8598719083844627,0.0003428130740807957,0.5234720607610635,7.389616812454819e-05,0.9999999976505888,5.560715508034054e-09,5.560715508034054e-09,4.576163601915889e-09,,0.0,0.9999999944392873,0.0,,,,,,0.0,0.5,1.0,0.0,0.0,0.9500000012240987,0.3348989296847185,186,1.2241187164570775,0.7889329644488909,219,0,0.2916666673156226,0.40345414967097537,186,0,0.33686889999732994,0.7130637853608351,225,20.92844953645635,0.9780624218695426,204.0,202.3949120540594,0.8821129719410606,54,db,435.1929824561403,354.5,291.32747676616117,342,0.5817223885497198,0.9928822585661271,0.29492965044535796,4,41.5,54
dmey,1,smooth,0.4713009415149386,60.883288772137135,36252165.87593211,0.6645962732919255,340.5343074152045,261,raw,0.5023617979396283,,4.71618877207136,530452.1661821184,0.9707744934864397,4.273945948684015e-06,0.9999963962521099,270.5736054376298,,,,[],[],15,503.8885257879399,75.22686206236904,762.0432221489597,"[4, 18, 43, 64, 82, 96, 117, 132, 150, 165, 180, 199, 213, 233, 247]","[104.77872692364701, 655.8040317242713, 697.8098173822171, 372.3791309054504, 645.2648311888049, 625.2468210541574, 762.0432221489597, 499.8628544267874, 466.35955054646706, 423.13373525985696, 473.1164374991222, 75.22686206236904, 535.6609493793658, 705.5144591434013, 516.1264571742212]","[0, 9, 9, 60, 66, 91, 46, 130, 144, 164, 144, 196, 196, 196, 246]","[5, 38, 46, 66, 112, 112, 196, 196, 175, 166, 196, 200, 228, 255, 255]",29069832.30341539,762.3374974962642,-762.3374974962642,0.0,,,,DWT,uc1.b4952553,58815.303415391594,,0.0,14.5,23.0,0.0,23.5,,1.3374974962641772,28.94115736688724,10489.672113180903,63.087432724082305,,0.0,28.94115736688724,,,34.77313793763096,0.0,31.0,2.0432221489596714,1.3374974962641772,,0.4263945623702057,0.9999999999999999,1.0,0.0,0.09498512704792639,0.10153518652210013,0.345307071445179,0.12214790406008016,0.0,0.9102705978655111,0.9102705978655111,0.8837936315228168,,0.9999999999998668,0.08972940213455849,0.9810231644129603,,,,,,0.9999999999999999,0.0,0.9000000000000001,1.0,1.0,2.8366767314498444,1.0,1,1.1852421469871168,0.7638773821861597,313,0,0.7229239494834354,1.0,1,0,0.38056789843932665,0.8055631916455185,51,149.53594885511643,0.8432537223740918,91.5,1.9774543202229793,0.8736708863442786,56,dmey,11.777777777777779,5.0,17.31890425068643,9,0.01574335363136789,0.059025097663940575,0.9712721231588601,1,42.25,55
db4,1,constant,2.3696603310528488e-27,323.8694108619767,4087819.7538577616,0.7052238805970149,349.2633652204768,261,raw,2.983905162122817e-14,-2.685288658099759e-10,7.096964318914268,38637.432269691504,0.5113289490140539,4.2924223498310954e-06,1.0,271.00000000000006,,,,[],[],15,502.6666666666667,75.00000000000006,760.0,"[4, 18, 43, 64, 82, 96, 117, 132, 150, 165, 180, 199, 213, 233, 247]","[105.0, 654.0, 698.0000000000001, 371.99999999999994, 643.0, 623.0, 760.0, 499.0, 465.0000000000001, 422.0, 471.0000000000001, 75.00000000000006, 534.0000000000001, 704.0, 515.0000000000002]","[0, 9, 9, 60, 66, 83, 46, 130, 144, 164, 175, 196, 182, 182, 246]","[5, 38, 46, 66, 112, 112, 130, 182, 175, 166, 182, 200, 228, 255, 255]",29011017.0,761.0,-761.0,0.0,,,,DWT,uc1.b4952553,0.0,,0.0,23.5,23.0,0.0,23.5,,0.0,27.719298245614027,10508.0,61.89824561403513,,0.0,27.719298245614027,,,34.99999999999994,0.0,26.5,0.0,0.0,,5.684341886080802e-14,3.418143958788796e-14,3.515750754110941e-27,0.9805450608796437,0.8381288156171623,4.6055627960264875e-05,0.5342884507941575,0.0004136915556404196,0.9999999976500876,5.56075785570872e-09,5.56075785570872e-09,4.5762269702255084e-09,,1.333117818032765e-13,0.9999999944392873,0.0,,,,,,0.0,1.0,0.6000000000000001,0.0,0.0,0.9600000012240594,0.3384241815715804,164,1.2212953290902768,0.7871133179267592,225,0,0.3000000006489375,0.41498141106447256,173,0,0.3362031534963712,0.7116545732902992,226,33.115957885386116,0.9652872558853395,197.0,192.79774151080397,0.8793941520516844,55,db,435.1929824561403,354.5,291.32747676616117,342,0.5817223885497198,0.9928822585661271,0.29492965044535796,4,42.25,56
db4,1,smooth,2.3657946103717085e-27,323.8765014649033,4219780.288937569,0.7014925373134329,350.5596474328669,261,raw,2.9665499516229287e-14,-2.6846824763283136e-10,7.104946960406476,46390.124323916774,0.5928303683308368,4.2924223498310954e-06,1.0,271.00000000000006,,,,[],[],15,502.6666666666667,75.00000000000006,760.0,"[4, 18, 43, 64, 82, 96, 117, 132, 150, 165, 180, 199, 213, 233, 247]","[105.0, 654.0, 698.0000000000001, 371.99999999999994, 643.0, 623.0, 760.0, 499.0, 465.0000000000001, 422.0, 471.0000000000001, 75.00000000000006, 534.0000000000001, 704.0, 515.0000000000002]","[0, 9, 9, 60, 66, 83, 46, 130, 144, 164, 175, 196, 182, 182, 246]","[5, 38, 46, 66, 112, 112, 130, 182, 175, 166, 182, 200, 228, 255, 255]",29011017.0,761.0,-761.0,0.0,,,,DWT,uc1.b4952553,0.0,,0.0,23.5,23.0,0.0,23.5,,0.0,27.719298245614027,10508.0,61.89824561403513,,0.0,27.719298245614027,,,34.99999999999994,0.0,26.5,0.0,0.0,,5.684341886080802e-14,3.383596724960372e-14,3.507548519953051e-27,0.9805714982278319,0.8406205455288341,0.00046243468216973233,0.5169319179503553,0.002332641511658998,0.9999999976500876,5.56075785570872e-09,5.56075785570872e-09,4.5762269702255084e-09,,1.333117818032765e-13,0.9999999944392873,0.0,,,,,,0.0,1.0,0.6000000000000001,0.0,0.0,0.9600000012240594,0.3384241815715804,162,1.2165902128270167,0.7840809148830462,236,0,0.3000000006489375,0.41498141106447256,172,0,0.33441700541441194,0.7078737626765947,242,41.84096875870188,0.9561415421816543,203.0,196.49924283209444,0.8716766411117916,57,db,435.1929824561403,354.5,291.32747676616117,342,0.5817223885497198,0.9928822585661271,0.29492965044535796,4,43.75,57
db18,1,reflect,5.98144033964601e-27,319.8482140922872,4501210.709627165,0.6925675675675675,358.3277712805074,261,raw,5.988738666319024e-14,-2.594034986813717e-10,7.262075096116133,38007.545789145865,0.5154391694845646,4.2924223498310954e-06,1.0,270.99999999999994,,,,[],[],15,502.6666666666667,74.99999999999997,760.0000000000001,"[4, 18, 43, 64, 82, 96, 117, 132, 150, 165, 180, 199, 213, 233, 247]","[104.99999999999983, 654.0, 698.0, 372.00000000000006, 643.0000000000001, 623.0, 760.0000000000001, 499.0000000000001, 464.99999999999983, 422.0, 471.0000000000001, 74.99999999999997, 533.9999999999999, 703.9999999999999, 515.0000000000002]","[0, 9, 9, 60, 66, 83, 46, 130, 144, 164, 175, 196, 182, 182, 246]","[5, 38, 46, 66, 112, 112, 182, 182, 175, 166, 182, 200, 228, 255, 255]",29011017.0,761.0000000000001,-761.0000000000001,0.0,,,,DWT,uc1.b4952553,0.0,,0.0,23.5,23.0,0.0,23.5,,1.1368683772161603e-13,27.719298245614027,10508.0,61.89824561403511,,0.0,27.719298245614027,,,35.00000000000003,0.0,26.5,1.1368683772161603e-13,1.1368683772161603e-13,,5.684341886080802e-14,9.399557188298319e-14,1.1179177007798323e-26,0.9655520087747983,0.8896670768173994,0.0013504405721249204,0.4754169677699089,0.00025778175996099594,0.9999999976504634,5.56075785570872e-09,5.56075785570872e-09,4.576211128148104e-09,,1.333117818032765e-13,0.9999999944392873,5.4585068662528386e-14,,,,,,0.0,1.0,0.6000000000000001,8.49996639538838e-14,8.49996639538838e-14,0.9600000012242287,0.3384241815716401,102,1.2151098637716171,0.7831268438824199,246,0,0.3000000006489863,0.41498141106454006,99,0,0.33317775367061236,0.7052505892715825,250,85.18362518700411,0.9107089882735806,174.25,143.01050977921378,0.8640284983296624,58,db,435.1929824561403,354.5,291.32747676616117,342,0.5817223885497198,0.9928822585661271,0.29492965044535796,4,44.5,58
db8,1,symmetric,3.5426080902909086e-27,322.12304074463333,4193421.480349323,0.6956521739130435,354.6881030953696,261,raw,4.0999132569146035e-14,-2.6235380534701087e-10,7.163771833189058,38280.1909757907,0.5119685854347766,4.292422349831096e-06,1.0,271.0,,,,[],[],15,502.66666666666663,74.99999999999994,760.0,"[4, 18, 43, 64, 82, 96, 117, 132, 150, 165, 180, 199, 213, 233, 247]","[105.0, 654.0, 697.9999999999998, 371.99999999999983, 642.9999999999999, 622.9999999999998, 760.0, 499.0, 465.0, 421.9999999999999, 470.9999999999999, 74.99999999999994, 534.0, 704.0, 515.0000000000001]","[0, 9, 9, 60, 66, 91, 46, 130, 144, 164, 175, 196, 196, 196, 246]","[5, 38, 46, 66, 112, 112, 130, 196, 175, 166, 196, 200, 228, 255, 255]",29011017.0,761.0,-761.0,0.0,,,,DWT,uc1.b4952553,0.0,,0.0,19.0,23.0,0.0,23.5,,0.0,27.71929824561397,10508.0,61.89824561403506,,0.0,27.71929824561397,,,35.00000000000006,0.0,32.5,0.0,0.0,,0.0,5.639666573304823e-14,6.004495536728528e-27,0.9740337112334299,0.8589823491004618,0.000379263938860571,0.48976517089049054,0.00032526702382306783,0.9999999976505888,5.560715508034054e-09,5.560715508034054e-09,4.576174163300826e-09,,0.0,0.9999999944392873,0.0,,,,,,0.0,0.5,1.0,0.0,0.0,0.950000001224102,0.33489892968471974,182,1.2101372084254614,0.7799220144237382,256,0,0.29166666731562346,0.4034541496709766,184,0,0.33192653745530315,0.702602090194344,264,44.58325545164537,0.953267027828464,221.5,214.78335707105828,0.8605433671637079,59,db,435.1929824561403,354.5,291.32747676616117,342,0.5817223885497198,0.9928822585661271,0.29492965044535796,4,45.25,59
db14,1,antisymmetric,4.672889355396583e-27,320.920416866337,4371935.6174486615,0.6909722222222222,345.42926792998384,261,raw,4.490405493162072e-14,-2.6898572258460914e-10,7.2178174599553895,59455.45745188612,0.6865829252043705,4.2924223498310954e-06,1.0,271.0000000000001,,,,[],[],15,502.6666666666667,75.00000000000011,760.0000000000002,"[4, 18, 43, 64, 82, 96, 117, 132, 150, 165, 180, 199, 213, 233, 247]","[104.99999999999994, 654.0000000000001, 698.0000000000002, 372.0000000000001, 643.0, 623.0, 760.0000000000002, 499.00000000000006, 465.0000000000001, 422.0, 471.0000000000001, 75.00000000000011, 534.0, 704.0, 515.0]","[0, 9, 9, 60, 66, 91, 46, 130, 144, 164, 175, 196, 182, 182, 246]","[5, 38, 46, 66, 112, 112, 182, 182, 175, 166, 182, 200, 228, 255, 255]",29011017.0,761.0000000000002,-761.0000000000002,0.0,,,,DWT,uc1.b4952553,0.0,,0.0,23.5,23.0,0.0,23.5,,2.2737367544323206e-13,27.719298245614027,10508.0,61.89824561403514,,0.0,27.719298245614027,,,34.999999999999886,0.0,26.5,2.2737367544323206e-13,2.2737367544323206e-13,,1.1368683772161603e-13,6.416979334444368e-14,8.402711125843468e-27,0.9695497221370145,0.8758523419393196,0.0009425349768530198,0.467996137849079,0.005566578866054572,0.999999997649837,5.56075785570872e-09,5.56075785570872e-09,4.576232250917977e-09,,2.66623563606553e-13,0.9999999944392873,1.0917013732505677e-13,,,,,,0.0,1.0,0.6000000000000001,1.699993279077676e-13,1.699993279077676e-13,0.9600000012241751,0.3384241815716212,117,1.2095523584263674,0.7795450841167836,258,0,0.3000000006489656,0.4149814110645114,128,0,0.331415330824055,0.7015199988063227,267,81.03702857336269,0.9150555256044416,192.5,166.80013533030416,0.8566367774772732,60,db,435.1929824561403,354.5,291.32747676616117,342,0.5817223885497198,0.9928822585661271,0.29492965044535796,4,46.0,60
db14,1,symmetric,4.4536615851345306e-27,321.1290997080663,4372040.201709928,0.6909722222222222,347.0441791137533,261,raw,4.3342085986630825e-14,-2.6828261834311387e-10,7.217644801408765,38226.779012656116,0.5087681888909433,4.2924223498310954e-06,1.0,271.0000000000001,,,,[],[],15,502.6666666666667,75.00000000000011,760.0000000000002,"[4, 18, 43, 64, 82, 96, 117, 132, 150, 165, 180, 199, 213, 233, 247]","[105.00000000000006, 654.0, 698.0000000000002, 372.0000000000001, 643.0, 623.0, 760.0000000000002, 499.00000000000006, 465.0000000000001, 422.0, 471.0000000000001, 75.00000000000011, 534.0, 704.0000000000001, 515.0000000000001]","[0, 9, 9, 60, 66, 91, 46, 130, 144, 164, 175, 196, 182, 182, 246]","[5, 38, 46, 66, 112, 112, 182, 182, 175, 166, 182, 200, 228, 255, 255]",29011017.0,761.0000000000002,-761.0000000000002,0.0,,,,DWT,uc1.b4952553,0.0,,0.0,23.5,23.0,0.0,23.5,,2.2737367544323206e-13,27.719298245614027,10508.0,61.89824561403513,,0.0,27.719298245614027,,,34.999999999999886,0.0,26.5,2.2737367544323206e-13,2.2737367544323206e-13,,1.1368683772161603e-13,6.106054229988546e-14,7.937556590914318e-27,0.9703277971476726,0.8757984476907116,0.0009428649747252247,0.467996137849079,0.000312046469776669,0.999999997649837,5.56075785570872e-09,5.56075785570872e-09,4.5762269702255084e-09,,2.66623563606553e-13,0.9999999944392873,1.0917013732505677e-13,,,,,,0.0,1.0,0.6000000000000001,1.699993279077676e-13,1.699993279077676e-13,0.9600000012241735,0.33842418157162063,118,1.2078906083488825,0.7784741018687563,261,0,0.30000000064896515,0.4149814110645108,130,0,0.33076818487600373,0.7001501592651777,272,82.5403941513891,0.91347967070085,195.25,168.95621931317362,0.8544075502351209,61,db,435.1929824561403,354.5,291.32747676616117,342,0.5817223885497198,0.9928822585661271,0.29492965044535796,4,46.75,61
db8,1,antisymmetric,3.4930881781409424e-27,322.1841763562686,4193820.533902823,0.6920289855072463,352.3572525773524,261,raw,4.0454655376992697e-14,-2.6244229012207344e-10,7.163090180604407,48010.25655432332,0.6137345242329184,4.292422349831097e-06,1.0,271.0,,,,[],[],15,502.66666666666663,74.99999999999994,760.0,"[4, 18, 43, 64, 82, 96, 117, 132, 150, 165, 180, 199, 213, 233, 247]","[104.99999999999994, 654.0, 697.9999999999998, 371.99999999999983, 642.9999999999999, 622.9999999999998, 760.0, 499.0, 465.0, 421.9999999999999, 470.9999999999999, 74.99999999999994, 534.0, 704.0, 515.0000000000001]","[0, 9, 9, 60, 66, 91, 46, 130, 144, 164, 175, 196, 196, 196, 246]","[5, 38, 46, 66, 112, 112, 130, 196, 175, 166, 196, 200, 228, 255, 255]",29011017.0,761.0,-761.0,0.0,,,,DWT,uc1.b4952553,0.0,,0.0,19.0,23.0,0.0,23.5,,0.0,27.71929824561397,10508.0,61.89824561403506,,0.0,27.71929824561397,,,35.00000000000006,0.0,32.5,0.0,0.0,,0.0,5.5312830946274125e-14,5.899424853035874e-27,0.9742616556647042,0.858769575654955,0.00038052308456716324,0.4729117259552041,0.0027336573975651752,0.9999999976505888,5.560715508034054e-09,5.560715508034054e-09,4.576174163300826e-09,,0.0,0.9999999944392873,0.0,,,,,,0.0,0.5,1.0,0.0,0.0,0.950000001224102,0.33489892968471974,183,1.2043901961097077,0.7762181192034163,267,0,0.29166666731562346,0.4034541496709766,182,0,0.3298653053938645,0.6982389983914254,275,51.201399720450354,0.9463297696850625,226.75,218.09456024647474,0.8543231657649631,62,db,435.1929824561403,354.5,291.32747676616117,342,0.5817223885497198,0.9928822585661271,0.29492965044535796,4,47.5,62
db14,1,antireflect,4.631877655691817e-27,320.9587010494748,4378078.5340716215,0.6875,347.0441791137533,261,raw,4.443784633583944e-14,-2.680716759684352e-10,7.234804813885645,60791.76790637858,0.6912313657308613,4.2924223498310954e-06,1.0,271.0000000000001,,,,[],[],15,502.66666666666674,75.00000000000011,760.0000000000002,"[4, 18, 43, 64, 82, 96, 117, 132, 150, 165, 180, 199, 213, 233, 247]","[105.00000000000011, 654.0000000000001, 698.0000000000002, 372.0000000000001, 643.0, 623.0, 760.0000000000002, 499.00000000000006, 465.0000000000001, 422.0, 471.0000000000001, 75.00000000000011, 534.0, 704.0000000000001, 515.0]","[0, 9, 9, 60, 66, 91, 46, 130, 144, 164, 175, 196, 182, 182, 246]","[5, 38, 46, 66, 112, 112, 182, 182, 175, 166, 182, 200, 228, 255, 255]",29011017.0,761.0000000000002,-761.0000000000002,0.0,,,,DWT,uc1.b4952553,0.0,,0.0,23.5,23.0,0.0,23.5,,2.2737367544323206e-13,27.719298245614084,10508.0,61.89824561403513,,0.0,27.719298245614084,,,34.999999999999886,0.0,26.5,2.2737367544323206e-13,2.2737367544323206e-13,,1.1368683772161603e-13,6.324175980826838e-14,8.315693052904894e-27,0.9696924649037708,0.8811548345978575,0.0009619179068480278,0.4518449197860963,0.0058973430535058085,0.999999997649837,5.5608002033833856e-09,5.5608002033833856e-09,4.5762269702255084e-09,,2.66623563606553e-13,0.9999999944392873,1.0917013732505677e-13,,,,,,0.0,1.0,0.6000000000000001,1.699993279077676e-13,1.699993279077676e-13,0.9600000012241988,0.33842418157162957,106,1.205970760330475,0.7772367779326946,263,0,0.30000000064897225,0.41498141106452063,122,0,0.32993592574973457,0.6983884833046384,274,89.55212634735891,0.9061298465960599,191.25,159.47310099586645,0.8528290742414262,63,db,435.1929824561403,354.5,291.32747676616117,342,0.5817223885497198,0.9928822585661271,0.29492965044535796,4,48.25,63
coif16,1,symmetric,2.492252791548106e-26,313.6503509344187,5288684.302431493,0.6938202247191011,364.95093958669645,261,raw,1.1675632789238054e-13,-2.823530298457008e-10,7.5698713882673125,39034.183692486,0.5232275052677046,4.292422349831094e-06,1.0,270.9999999999999,,,,[],[],15,502.6666666666668,75.0,760.0000000000003,"[4, 18, 43, 64, 82, 96, 117, 132, 150, 165, 180, 199, 213, 233, 247]","[104.99999999999989, 654.0000000000002, 698.0000000000001, 372.00000000000017, 643.0000000000001, 623.0000000000002, 760.0000000000003, 499.0000000000002, 465.00000000000006, 422.00000000000006, 471.0000000000003, 75.0, 534.0, 704.0, 515.0000000000003]","[0, 9, 9, 60, 66, 83, 9, 130, 144, 164, 175, 196, 182, 182, 246]","[5, 38, 46, 66, 112, 112, 182, 182, 175, 166, 182, 200, 228, 255, 255]",29011017.000000007,761.0000000000003,-761.0000000000003,0.0,,,,DWT,uc1.b4952553,7.450580596923828e-09,,0.0,23.5,23.0,0.0,23.5,,3.410605131648481e-13,27.71929824561414,10507.999999999998,61.89824561403522,,0.0,27.71929824561414,,,35.0,0.0,22.0,3.410605131648481e-13,3.410605131648481e-13,,1.1368683772161603e-13,2.0719872837782877e-13,5.1368121920471883e-26,0.9424432452432391,0.9857436986478296,0.003835179737425346,0.48124376614792996,0.0005118956530038476,0.9999999976503382,5.560842551058051e-09,5.560842551058051e-09,4.576290338535128e-09,,2.66623563606553e-13,0.999999994439197,1.6375520598758517e-13,,,,,,1.266775849867342e-13,1.0,0.30000000000000004,2.549989918616514e-13,2.549989918616514e-13,0.930000001224473,0.3278484259110991,274,1.2529576510590068,0.8075193857339915,155,0,0.27500000064904817,0.38039962688405765,274,0,0.34482539791851935,0.729905620644365,168,65.16837167419996,0.9316893378677149,217.75,203.01204990681595,0.8517199309883647,64,coif,446.94117647058823,423.0,281.0571967283836,153,0.5974261975694778,0.9578797968923861,0.29443772263364965,5,49.25,64
db26,1,antireflect,8.591695690652329e-27,318.27548298213895,4668925.1317783445,0.6762820512820513,346.73885634463795,261,raw,6.727356007299541e-14,-2.711600943783375e-10,7.356357340421404,75644.0820036342,0.7365977325507919,4.2924223498310954e-06,1.0,270.9999999999999,,,,[],[],15,502.6666666666667,74.99999999999991,760.0000000000001,"[4, 18, 43, 64, 82, 96, 117, 132, 150, 165, 180, 199, 213, 233, 247]","[105.0, 654.0, 698.0, 371.9999999999999, 643.0, 623.0000000000001, 760.0000000000001, 499.0, 465.0000000000002, 421.9999999999999, 471.0000000000002, 74.99999999999991, 534.0, 704.0, 515.0]","[0, 9, 9, 60, 66, 91, 9, 130, 144, 164, 144, 196, 182, 182, 246]","[5, 38, 46, 66, 112, 112, 182, 182, 175, 166, 182, 200, 228, 255, 255]",29011017.0,761.0000000000001,-761.0000000000001,0.0,,,,DWT,uc1.b4952553,0.0,,0.0,23.5,23.0,0.0,23.5,,1.1368683772161603e-13,27.719298245614027,10508.0,61.89824561403514,,0.0,27.719298245614027,,,35.000000000000085,0.0,22.0,1.1368683772161603e-13,1.1368683772161603e-13,,1.1368683772161603e-13,1.0869846816231572e-13,1.6717581710780617e-26,0.9596880730283303,0.9190966695786813,0.001879634943990432,0.39966406142876754,0.00957359477153576,0.999999997650714,5.56075785570872e-09,5.56075785570872e-09,4.576232250917977e-09,,2.66623563606553e-13,0.9999999944392873,5.4585068662528386e-14,,,,,,0.0,1.0,0.30000000000000004,8.49996639538838e-14,8.49996639538838e-14,0.9300000012243769,0.32784842591106517,282,1.1999960585584881,0.7733861390058475,280,0,0.2750000006490201,0.3803996268840188,281,0,0.32712886196448776,0.6924466598579704,287,3.1091263510296048,0.9967409577033233,282.5,282.47455915077984,0.8503096822059593,65,db,435.1929824561403,354.5,291.32747676616117,342,0.5817223885497198,0.9928822585661271,0.29492965044535796,4,49.75,65
coif16,1,periodic,2.609285898380458e-26,313.45105517386827,5157836.253134355,0.7050561797752809,366.4198779267413,261,raw,1.190907738537379e-13,-2.8134061746954517e-10,7.5910096575158565,36966.08944688653,0.5318466879846624,4.292422349831093e-06,1.0,270.9999999999999,,,,[],[],15,502.6666666666668,75.0,760.0000000000003,"[4, 18, 43, 64, 82, 96, 117, 132, 150, 165, 180, 199, 213, 233, 247]","[105.0, 654.0000000000002, 698.0000000000005, 372.0000000000001, 643.0000000000001, 623.0000000000002, 760.0000000000003, 499.0000000000002, 465.00000000000006, 422.00000000000006, 471.0000000000003, 75.0, 534.0000000000003, 704.0000000000002, 515.0000000000003]","[0, 9, 9, 60, 66, 83, 9, 130, 144, 164, 175, 196, 182, 182, 246]","[5, 38, 46, 66, 112, 112, 182, 182, 175, 166, 182, 200, 228, 255, 255]",29011017.000000007,761.0000000000003,-761.0000000000003,0.0,,,,DWT,uc1.b4952553,7.450580596923828e-09,,0.0,23.5,23.0,0.0,23.5,,3.410605131648481e-13,27.71929824561414,10507.999999999998,61.898245614035275,,0.0,27.71929824561414,,,35.0,0.0,22.0,3.410605131648481e-13,3.410605131648481e-13,,1.1368683772161603e-13,2.1184567002612257e-13,5.385131464349432e-26,0.9417001700113254,0.9923418726756852,0.0034223109431411585,0.5335083819023013,0.0,0.9999999976503382,5.560842551058051e-09,5.560842551058051e-09,4.576332584074874e-09,,2.66623563606553e-13,0.999999994439197,1.6375520598758517e-13,,,,,,1.266775849867342e-13,1.0,0.30000000000000004,2.549989918616514e-13,2.549989918616514e-13,0.9300000012244857,0.3278484259111035,273,1.2763055465771922,0.822566884131955,104,0,0.27500000064905167,0.3803996268840625,273,0,0.352996105076095,0.7472008811296813,110,95.87144169841889,0.8995058263119299,190.0,153.65526063319476,0.850172200367705,66,coif,446.94117647058823,423.0,281.0571967283836,153,0.5974261975694778,0.9578797968923861,0.29443772263364965,5,50.75,66
db36,1,antireflect,1.1260741580672748e-26,317.10060192466415,4891028.096571534,0.6716867469879518,344.09209286121967,261,raw,8.007558005350061e-14,-2.570378354605002e-10,7.45537647103136,84900.51585991179,0.7730545574410257,4.2924223498310954e-06,1.0,270.9999999999999,,,,[],[],15,502.6666666666667,75.0,759.9999999999999,"[4, 18, 43, 64, 82, 96, 117, 132, 150, 165, 180, 199, 213, 233, 247]","[105.0, 653.9999999999999, 698.0000000000002, 372.00000000000017, 643.0, 623.0, 759.9999999999999, 498.9999999999999, 465.0000000000001, 422.0000000000001, 471.0, 75.0, 533.9999999999997, 704.0000000000002, 514.9999999999998]","[0, 9, 9, 60, 66, 83, 46, 130, 144, 164, 144, 196, 182, 182, 246]","[5, 38, 46, 66, 112, 112, 182, 182, 175, 166, 182, 200, 228, 255, 255]",29011017.0,760.9999999999999,-760.9999999999999,0.0,,,,DWT,uc1.b4952553,0.0,,0.0,23.5,23.0,0.0,23.5,,1.1368683772161603e-13,27.719298245614027,10508.0,61.89824561403507,,0.0,27.719298245614027,,,35.0,0.0,26.5,1.1368683772161603e-13,1.1368683772161603e-13,,1.1368683772161603e-13,1.3418213358634148e-13,2.238072738887135e-26,0.9553075231769794,0.9500048507627419,0.0025804431239646753,0.37828877005347605,0.011864751600306223,0.9999999976503382,5.56075785570872e-09,5.56075785570872e-09,4.576179443993294e-09,,2.66623563606553e-13,0.9999999944392873,5.4585068662528386e-14,,,,,,0.0,1.0,0.6000000000000001,8.49996639538838e-14,8.49996639538838e-14,0.9600000012242483,0.338424181571647,101,1.205538569511094,0.7769582350268818,265,0,0.30000000064898436,0.41498141106453734,104,0,0.3282923341025147,0.6949094275605096,283,99.2954346046853,0.8959167352152145,188.25,149.12281194938024,0.8492948455950287,67,db,435.1929824561403,354.5,291.32747676616117,342,0.5817223885497198,0.9928822585661271,0.29492965044535796,4,51.25,67
coif9,1,periodization,1.5028251818213612e-26,315.8471872093146,4075593.3892801437,0.7022900763358778,363.90000528058476,261,raw,9.395464397973413e-14,-2.6384372464605773e-10,7.118232421395724,37938.48511159023,0.5018832190412966,4.292422349831096e-06,0.9999999999999999,271.0000000000001,,,,[],[],15,502.66666666666663,74.99999999999983,759.9999999999999,"[4, 18, 43, 64, 82, 96, 117, 132, 150, 165, 180, 199, 213, 233, 247]","[104.99999999999994, 653.9999999999999, 697.9999999999998, 371.9999999999999, 643.0, 623.0000000000001, 759.9999999999999, 498.9999999999999, 464.99999999999994, 422.0, 471.00000000000006, 74.99999999999983, 534.0000000000003, 703.9999999999998, 515.0000000000002]","[0, 9, 9, 60, 66, 91, 46, 130, 144, 164, 175, 196, 182, 182, 246]","[5, 38, 46, 66, 112, 112, 182, 182, 175, 166, 182, 200, 228, 255, 255]",29011017.0,760.9999999999999,-760.9999999999999,0.0,,,,DWT,uc1.b4952553,0.0,,0.0,23.5,23.0,0.0,23.5,,1.1368683772161603e-13,27.71929824561397,10508.0,61.89824561403509,,0.0,27.71929824561397,,,35.00000000000017,0.0,26.5,1.1368683772161603e-13,1.1368683772161603e-13,,1.1368683772161603e-13,1.6180975969795476e-13,3.0374579948195055e-26,0.950634160192639,0.8447675162489362,7.477411251990019e-06,0.5206417112299463,0.00024068782881668115,0.9999999976510899,5.560715508034054e-09,5.560715508034054e-09,4.576195286070699e-09,,2.66623563606553e-13,0.9999999944392873,5.4585068662528386e-14,,,,,,0.0,1.0,0.6000000000000001,8.49996639538838e-14,8.49996639538838e-14,0.9600000012244533,0.3384241815717193,69,1.2011209525692312,0.7741111225835474,276,0,0.3000000006490412,0.414981411064616,70,0,0.3308987932731075,0.7004266232487614,271,117.7978494427353,0.8765221703954557,171.5,110.82882634971371,0.8483763891809564,68,coif,446.94117647058823,423.0,281.0571967283836,153,0.5974261975694778,0.9578797968923861,0.29443772263364965,5,52.25,68
db22,1,antireflect,6.50357482962116e-27,319.4847504299417,4553448.025785115,0.7039473684210527,359.4873990759322,261,raw,5.938884973412493e-14,-2.6498736538372395e-10,7.303542765907208,70157.42342026692,0.7160418760016173,4.2924223498310954e-06,1.0,270.9999999999999,,,,[],[],15,502.6666666666667,74.99999999999989,760.0,"[4, 18, 43, 64, 82, 96, 117, 132, 150, 165, 180, 199, 213, 233, 247]","[104.99999999999989, 654.0000000000002, 698.0, 372.0, 643.0, 623.0, 760.0, 499.0, 465.00000000000006, 422.0, 470.99999999999994, 74.99999999999989, 534.0, 704.0000000000001, 515.0]","[0, 9, 9, 60, 66, 91, 9, 130, 144, 164, 175, 196, 182, 182, 246]","[5, 38, 46, 66, 112, 112, 182, 182, 175, 166, 182, 200, 228, 255, 255]",29011017.0,761.0,-761.0,0.0,,,,DWT,uc1.b4952553,0.0,,0.0,23.5,23.0,0.0,23.5,,0.0,27.719298245614027,10508.0,61.89824561403513,,0.0,27.719298245614027,,,35.000000000000114,0.0,22.0,0.0,0.0,,1.1368683772161603e-13,9.300318565634334e-14,1.2287034947349245e-26,0.9641968327066088,0.902610941738129,0.001515266550461046,0.52835068955812,0.00821553447794994,0.9999999976508394,5.56075785570872e-09,5.56075785570872e-09,4.5762269702255084e-09,,2.66623563606553e-13,0.9999999944392873,0.0,,,,,,0.0,1.0,0.30000000000000004,0.0,0.0,0.9300000012243516,0.3278484259110563,284,1.2452076933827163,0.802524611124544,175,0,0.2750000006490113,0.38039962688400664,283,0,0.3435556092901946,0.727217808602563,181,60.96105314050931,0.9360995250099483,230.75,218.65279720670873,0.8471116073687057,69,db,435.1929824561403,354.5,291.32747676616117,342,0.5817223885497198,0.9928822585661271,0.29492965044535796,4,52.75,69
coif10,1,periodic,1.1216755784681631e-26,317.1175992020341,4818142.333593932,0.7,363.22536079192594,261,raw,7.408292795736295e-14,-2.657742914635784e-10,7.422670166000492,38551.96997967531,0.517239558917303,4.292422349831095e-06,1.0,270.9999999999998,,,,[],[],15,502.66666666666674,74.99999999999997,760.0,"[4, 18, 43, 64, 82, 96, 117, 132, 150, 165, 180, 199, 213, 233, 247]","[105.00000000000011, 654.0, 698.0000000000002, 372.0000000000001, 643.0000000000001, 623.0000000000002, 760.0, 499.0, 464.9999999999999, 421.9999999999999, 471.0, 74.99999999999997, 534.0000000000002, 703.9999999999998, 515.0]","[0, 9, 9, 60, 66, 91, 46, 130, 144, 164, 144, 196, 130, 130, 246]","[5, 38, 46, 66, 112, 112, 130, 182, 175, 166, 182, 200, 228, 255, 255]",29011017.0,761.0,-761.0,0.0,,,,DWT,uc1.b4952553,0.0,,0.0,23.5,23.0,0.0,23.5,,0.0,27.719298245614084,10508.0,61.8982456140351,,0.0,27.719298245614084,,,35.00000000000003,0.0,22.0,0.0,0.0,,2.2737367544323206e-13,1.2225317696440906e-13,2.2287398918425845e-26,0.9553708976099764,0.9397957891851644,0.002350464478943303,0.5099893048128341,0.00039253788972401846,0.9999999976504634,5.5608002033833856e-09,5.5608002033833856e-09,4.576200566763168e-09,,5.33247127213106e-13,0.9999999944392873,0.0,,,,,,0.0,1.0,0.30000000000000004,0.0,0.0,0.9300000012243895,0.32784842591106966,278,1.2484484024790994,0.8046132175643882,168,0,0.27500000064900704,0.38039962688400075,288,0,0.3439855705681092,0.72812792472308,176,64.29878174066235,0.9326008577141904,227.5,213.86321613792862,0.8470656280185208,70,coif,446.94117647058823,423.0,281.0571967283836,153,0.5974261975694778,0.9578797968923861,0.29443772263364965,5,53.75,70
db22,1,reflect,6.37067141305266e-27,319.5744197897384,4576641.339423615,0.7039473684210527,356.2004855979207,261,raw,5.93956556990268e-14,-2.6557900323354664e-10,7.3021278751974465,38088.71235444638,0.5229200715667403,4.2924223498310954e-06,1.0,270.9999999999999,,,,[],[],15,502.6666666666667,74.99999999999989,760.0,"[4, 18, 43, 64, 82, 96, 117, 132, 150, 165, 180, 199, 213, 233, 247]","[104.99999999999989, 654.0, 698.0, 372.0, 643.0, 623.0, 760.0, 499.0, 465.00000000000006, 422.0, 470.99999999999994, 74.99999999999989, 534.0, 704.0000000000002, 515.0]","[0, 9, 9, 60, 66, 91, 9, 130, 144, 164, 175, 196, 182, 182, 246]","[5, 38, 46, 66, 112, 112, 182, 182, 175, 166, 182, 200, 228, 255, 255]",29011017.0,761.0,-761.0,0.0,,,,DWT,uc1.b4952553,0.0,,0.0,23.5,23.0,0.0,23.5,,0.0,27.719298245614027,10508.0,61.898245614035126,,0.0,27.719298245614027,,,35.000000000000114,0.0,22.0,0.0,0.0,,1.1368683772161603e-13,9.301673359117792e-14,1.2005042265261026e-26,0.9645311653594583,0.9021692927543057,0.001588449112133304,0.52835068955812,0.00027787214609064,0.9999999976508394,5.56075785570872e-09,5.56075785570872e-09,4.5762216895330404e-09,,2.66623563606553e-13,0.9999999944392873,0.0,,,,,,0.0,1.0,0.30000000000000004,0.0,0.0,0.93000000122435,0.32784842591105573,285,1.2420489948306066,0.8004888597067985,185,0,0.2750000006490109,0.38039962688400614,284,0,0.3424167812757431,0.7248072060955754,195,54.71364851052554,0.9426481671797426,237.25,227.74491982128887,0.8469792198582151,71,db,435.1929824561403,354.5,291.32747676616117,342,0.5817223885497198,0.9928822585661271,0.29492965044535796,4,54.25,71
coif16,1,smooth,2.2925845402977288e-26,314.01301825079787,262848550.80307016,0.648876404494382,340.5529922687756,261,raw,1.1106654123437818e-13,-2.8115620942515503e-10,4.601304421518894,3161731.817809267,0.9955697469995627,4.292422349831095e-06,1.0,270.9999999999999,,,,[],[],15,502.66666666666674,75.00000000000003,760.0000000000003,"[4, 18, 43, 64, 82, 96, 117, 132, 150, 165, 180, 199, 213, 233, 247]","[105.0, 654.0000000000002, 698.0, 372.0, 643.0000000000001, 623.0000000000002, 760.0000000000003, 499.0000000000002, 465.00000000000006, 422.00000000000006, 471.0000000000003, 75.00000000000003, 534.0000000000003, 704.0, 515.0000000000003]","[0, 9, 9, 60, 66, 83, 9, 130, 144, 164, 175, 196, 182, 182, 246]","[5, 38, 46, 66, 112, 112, 182, 182, 175, 166, 182, 200, 228, 255, 255]",29011017.000000004,761.0000000000003,-761.0000000000003,0.0,,,,DWT,uc1.b4952553,3.725290298461914e-09,,0.0,23.5,23.0,0.0,23.5,,3.410605131648481e-13,27.719298245614084,10508.0,61.89824561403524,,0.0,27.719298245614084,,,34.99999999999997,0.0,22.0,3.410605131648481e-13,3.410605131648481e-13,,1.1368683772161603e-13,1.9587265485603943e-13,4.7131587815350683e-26,0.9437954521315424,0.059124720071865644,0.8165215904964795,0.2721853031304451,0.7734434716443233,0.999999997650213,5.5608002033833856e-09,5.5608002033833856e-09,4.5763061806125324e-09,,2.66623563606553e-13,0.9999999944392873,1.6375520598758517e-13,,,,,,6.33387924933671e-14,1.0,0.30000000000000004,2.549989918616514e-13,2.549989918616514e-13,0.9300000012244282,0.32784842591108326,277,1.422351936473064,0.9166924046215755,12,0,0.27500000064903424,0.3803996268840384,277,0,0.4092957910678361,0.8663726634112022,11,153.28704011320286,0.839321760887628,144.25,22.043104747550867,0.8440581550769377,72,coif,446.94117647058823,423.0,281.0571967283836,153,0.5974261975694778,0.9578797968923861,0.29443772263364965,5,55.25,72
db14,1,reflect,4.4285268445681784e-27,321.1536790296055,4394327.923989746,0.6840277777777778,346.56663030244476,261,raw,4.374363791584395e-14,-2.6827551291575627e-10,7.231714322681685,37527.760646412775,0.5061912383680299,4.2924223498310954e-06,1.0,271.0000000000001,,,,[],[],15,502.6666666666667,75.00000000000011,760.0000000000002,"[4, 18, 43, 64, 82, 96, 117, 132, 150, 165, 180, 199, 213, 233, 247]","[105.00000000000006, 654.0, 698.0000000000002, 372.0000000000001, 643.0, 623.0, 760.0000000000002, 499.00000000000006, 465.0000000000001, 422.0, 471.0000000000001, 75.00000000000011, 534.0, 704.0000000000001, 515.0000000000001]","[0, 9, 9, 60, 66, 91, 46, 130, 144, 164, 175, 196, 182, 182, 246]","[5, 38, 46, 66, 112, 112, 182, 182, 175, 166, 182, 200, 228, 255, 255]",29011017.0,761.0000000000002,-761.0000000000002,0.0,,,,DWT,uc1.b4952553,0.0,,0.0,23.5,23.0,0.0,23.5,,2.2737367544323206e-13,27.719298245614027,10508.0,61.89824561403513,,0.0,27.719298245614027,,,34.999999999999886,0.0,26.5,2.2737367544323206e-13,2.2737367544323206e-13,,1.1368683772161603e-13,6.185987045513143e-14,7.884226036374028e-27,0.9704194412699689,0.8801901577572175,0.0010131900966849179,0.43569370172311356,0.00013902511748036873,0.999999997649837,5.56075785570872e-09,5.56075785570872e-09,4.5762269702255084e-09,,2.66623563606553e-13,0.9999999944392873,1.0917013732505677e-13,,,,,,0.0,1.0,0.6000000000000001,1.699993279077676e-13,1.699993279077676e-13,0.9600000012241735,0.33842418157162063,119,1.1971864294251886,0.7715753595354123,283,0,0.30000000064896515,0.4149814110645108,129,0,0.32677935942350395,0.6917068539427638,288,93.35371801201421,0.9021449496729411,204.75,172.70344017803876,0.8437611540817536,73,db,435.1929824561403,354.5,291.32747676616117,342,0.5817223885497198,0.9928822585661271,0.29492965044535796,4,55.75,73
coif9,1,periodic,8.560600667690973e-27,318.2912294587609,4696670.520592071,0.7038216560509554,364.29666931807407,261,raw,6.831487270298862e-14,-2.6417734666495754e-10,7.401789421051941,38593.37622130696,0.521989625391283,4.2924223498310954e-06,1.0,271.0000000000001,,,,[],[],15,502.66666666666674,74.99999999999991,760.0,"[4, 18, 43, 64, 82, 96, 117, 132, 150, 165, 180, 199, 213, 233, 247]","[105.00000000000034, 654.0, 698.0000000000001, 372.0000000000002, 643.0000000000001, 622.9999999999999, 760.0, 498.99999999999994, 465.0, 422.0, 471.00000000000017, 74.99999999999991, 534.0000000000002, 704.0, 515.0]","[0, 9, 9, 60, 66, 91, 9, 130, 144, 164, 175, 196, 182, 182, 246]","[5, 38, 46, 66, 112, 112, 182, 182, 175, 166, 182, 200, 228, 255, 255]",29011017.0,761.0,-761.0,0.0,,,,DWT,uc1.b4952553,0.0,,0.0,23.5,23.0,0.0,23.5,,0.0,27.719298245614084,10508.0,61.89824561403509,,0.0,27.719298245614084,,,35.000000000000085,0.0,22.0,0.0,0.0,,1.1368683772161603e-13,1.1077130219202109e-13,1.6651604709204077e-26,0.9597467838445329,0.9332779997019361,0.0019671808056826922,0.5277659320821553,0.000402786781980049,0.999999997650714,5.5608002033833856e-09,5.5608002033833856e-09,4.576195286070699e-09,,2.66623563606553e-13,0.9999999944392873,0.0,,,,,,0.0,1.0,0.30000000000000004,0.0,0.0,0.9300000012243299,0.3278484259110486,289,1.2547381481062163,0.80866689928375,148,0,0.27500000064900526,0.3803996268839983,290,0,0.34616581188805684,0.7327429281520528,159,78.64900931776997,0.9175586904425891,221.5,200.4555512025527,0.8426891984707705,74,coif,446.94117647058823,423.0,281.0571967283836,153,0.5974261975694778,0.9578797968923861,0.29443772263364965,5,56.75,74
rbio3.1,1,periodization,6.987378585212933e-27,319.1731291003278,4549569.896393881,0.8053435114503816,454.2004595982937,261,raw,6.353580922342398e-14,-2.484813466097145e-10,7.379702494319757,55356.23821273526,0.7689544295086153,4.292422349831097e-06,1.0,270.99999999999994,,,,[],[],15,502.6666666666667,74.99999999999991,759.9999999999998,"[4, 18, 43, 64, 82, 96, 117, 132, 150, 165, 180, 199, 213, 233, 247]","[105.00000000000006, 653.9999999999999, 697.9999999999999, 372.0, 642.9999999999999, 623.0, 759.9999999999998, 498.9999999999999, 464.9999999999999, 421.9999999999999, 470.9999999999999, 74.99999999999991, 533.9999999999999, 703.9999999999998, 515.0]","[0, 9, 9, 60, 66, 91, 46, 130, 144, 164, 144, 196, 130, 130, 246]","[5, 38, 46, 66, 112, 112, 130, 182, 175, 166, 182, 200, 228, 255, 255]",29011016.999999996,760.9999999999998,-760.9999999999998,0.0,,,,DWT,uc1.b4952553,3.725290298461914e-09,,0.0,23.5,23.0,0.0,23.5,,2.2737367544323206e-13,27.719298245614027,10508.0,61.89824561403501,,0.0,27.719298245614027,,,35.000000000000085,0.0,22.0,2.2737367544323206e-13,2.2737367544323206e-13,,5.684341886080802e-14,1.0125811170029686e-13,1.3313563250128877e-26,0.9630349510331976,0.9263837083762883,0.001503029771888974,1.0,0.004551938206570114,0.999999997650714,5.56075785570872e-09,5.56075785570872e-09,4.5761371984535484e-09,,1.333117818032765e-13,0.9999999944392873,1.0917013732505677e-13,,,,,,6.33387924933671e-14,1.0,0.30000000000000004,1.699993279077676e-13,1.699993279077676e-13,0.9300000012243745,0.32784842591106433,283,1.4435851149766659,0.9303769878538315,8,0,0.275000000649025,0.3803996268840256,278,0,0.41363908962686385,0.8755662960424043,10,156.7660145992534,0.8356750371077009,144.75,17.231672292903824,0.8419727386796366,75,rbio,388.1185185185185,391.0,293.41593552782615,135,0.5187979602950641,1.0,0.3368414277934551,2,56.75,75
db15,1,antireflect,6.496780349487302e-27,319.4892900066803,4390443.718525051,0.6793103448275862,350.3608943340148,261,raw,5.627171780904702e-14,-2.5888124977058826e-10,7.2565496821229685,62267.29987569627,0.6988351225469983,4.292422349831097e-06,1.0,271.0000000000001,,,,[],[],15,502.66666666666663,75.0,759.9999999999998,"[4, 18, 43, 64, 82, 96, 117, 132, 150, 165, 180, 199, 213, 233, 247]","[105.00000000000017, 653.9999999999999, 698.0, 371.9999999999999, 642.9999999999999, 622.9999999999998, 759.9999999999998, 499.0, 464.99999999999983, 421.99999999999994, 471.00000000000006, 75.0, 533.9999999999998, 703.9999999999999, 515.0000000000002]","[0, 9, 9, 60, 66, 91, 46, 130, 144, 164, 144, 196, 130, 130, 246]","[5, 38, 46, 66, 112, 112, 130, 182, 175, 166, 182, 200, 228, 255, 255]",29011017.0,760.9999999999998,-760.9999999999998,0.0,,,,DWT,uc1.b4952553,0.0,,0.0,23.5,23.0,0.0,23.5,,2.2737367544323206e-13,27.71929824561397,10508.0,61.898245614035034,,0.0,27.71929824561397,,,35.0,0.0,22.0,2.2737367544323206e-13,2.2737367544323206e-13,,1.1368683772161603e-13,8.679823150206151e-14,1.2272618510768369e-26,0.9642137585409993,0.8879423545767003,0.0010009341460950943,0.4137503226996129,0.006262567415291597,0.9999999976503382,5.560715508034054e-09,5.560715508034054e-09,4.576153040530953e-09,,2.66623563606553e-13,0.9999999944392873,1.0917013732505677e-13,,,,,,0.0,1.0,0.30000000000000004,1.699993279077676e-13,1.699993279077676e-13,0.9300000012242763,0.32784842591102975,296,1.1910050555319853,0.7675915223761813,298,0,0.27500000064899377,0.3803996268839824,296,0,0.3247385624826837,0.6873870179716022,305,4.272001872658765,0.9955220106156617,298.75,298.7047420253811,0.841183437173659,76,db,435.1929824561403,354.5,291.32747676616117,342,0.5817223885497198,0.9928822585661271,0.29492965044535796,4,58.0,76
db26,1,reflect,8.871312123314058e-27,318.13639325071375,4696934.321765499,0.6762820512820513,344.47477947994935,261,raw,6.723612726603487e-14,-2.7141233704953245e-10,7.354938957017829,38470.382487647366,0.5180612399388337,4.292422349831095e-06,1.0,270.9999999999999,,,,[],[],15,502.6666666666667,74.99999999999991,760.0000000000001,"[4, 18, 43, 64, 82, 96, 117, 132, 150, 165, 180, 199, 213, 233, 247]","[105.00000000000006, 653.9999999999999, 698.0, 371.9999999999999, 643.0, 623.0000000000001, 760.0000000000001, 499.0, 465.0000000000002, 421.9999999999999, 471.0000000000002, 74.99999999999991, 534.0, 703.9999999999999, 515.0]","[0, 9, 9, 60, 66, 91, 46, 130, 144, 164, 144, 196, 182, 182, 246]","[5, 38, 46, 66, 112, 112, 182, 182, 175, 166, 182, 200, 228, 255, 255]",29011017.0,761.0000000000001,-761.0000000000001,0.0,,,,DWT,uc1.b4952553,0.0,,0.0,23.5,23.0,0.0,23.5,,1.1368683772161603e-13,27.719298245614027,10508.0,61.89824561403512,,0.0,27.719298245614027,,,35.000000000000085,0.0,26.5,1.1368683772161603e-13,1.1368683772161603e-13,,1.1368683772161603e-13,1.0862395452072499e-13,1.7310868097527347e-26,0.9591694762746906,0.9186539303730742,0.00196801318547734,0.39966406142876754,0.00037234331561432387,0.999999997650714,5.56075785570872e-09,5.56075785570872e-09,4.5762164088405724e-09,,2.66623563606553e-13,0.9999999944392873,5.4585068662528386e-14,,,,,,0.0,1.0,0.6000000000000001,8.49996639538838e-14,8.49996639538838e-14,0.9600000012243721,0.33842418157169063,76,1.1958272194418755,0.7706993615239227,285,0,0.30000000064901877,0.41498141106458497,76,0,0.32568968922539043,0.6894003057387952,293,123.01896872704903,0.8710492990282505,182.5,120.34588362457215,0.8398747543359282,77,db,435.1929824561403,354.5,291.32747676616117,342,0.5817223885497198,0.9928822585661271,0.29492965044535796,4,58.75,77
coif9,1,reflect,8.605707794700622e-27,318.26840588957685,4677550.311420527,0.7165605095541401,379.771643296092,261,raw,7.03090204192502e-14,-2.6293167643132806e-10,7.41368736520103,38076.05943537631,0.529899351416068,4.2924223498310954e-06,0.9999999999999999,271.0000000000001,,,,[],[],15,502.6666666666667,74.99999999999991,760.0,"[4, 18, 43, 64, 82, 96, 117, 132, 150, 165, 180, 199, 213, 233, 247]","[104.99999999999983, 654.0, 698.0000000000001, 372.0000000000002, 643.0000000000001, 622.9999999999999, 760.0, 498.99999999999994, 465.0, 422.0, 471.00000000000017, 74.99999999999991, 534.0000000000002, 704.0, 514.9999999999999]","[0, 9, 9, 60, 66, 91, 9, 130, 144, 164, 175, 196, 182, 182, 246]","[5, 38, 46, 66, 112, 112, 182, 182, 175, 166, 182, 200, 228, 255, 255]",29011017.0,761.0,-761.0,0.0,,,,DWT,uc1.b4952553,0.0,,0.0,23.5,23.0,0.0,23.5,,0.0,27.719298245614027,10508.0,61.89824561403512,,0.0,27.719298245614027,,,35.000000000000085,0.0,22.0,0.0,0.0,,1.1368683772161603e-13,1.147408470985812e-13,1.6747312404725875e-26,0.9596616860536031,0.9369918660145626,0.001906850233316342,0.5870213563132258,0.0002747402896563588,0.999999997650714,5.56075785570872e-09,5.56075785570872e-09,4.5762164088405724e-09,,2.66623563606553e-13,0.9999999944392873,0.0,,,,,,0.0,1.0,0.30000000000000004,0.0,0.0,0.9300000012243108,0.3278484259110419,291,1.2801648083972887,0.8250541419668204,99,0,0.27500000064900004,0.3803996268839911,291,0,0.35512235698635425,0.7517016030300174,105,109.14669028422254,0.885590471400186,196.5,150.9566584325174,0.8398078143164451,78,coif,446.94117647058823,423.0,281.0571967283836,153,0.5974261975694778,0.9578797968923861,0.29443772263364965,5,59.75,78
db15,1,periodic,6.063411601696864e-27,319.78910134176147,4461018.298010174,0.6793103448275862,355.61149811618685,261,raw,5.4301390969942136e-14,-2.592066561391059e-10,7.259621624456797,38950.326167562205,0.5185380568581744,4.292422349831097e-06,1.0,271.0000000000001,,,,[],[],15,502.66666666666663,75.0,759.9999999999998,"[4, 18, 43, 64, 82, 96, 117, 132, 150, 165, 180, 199, 213, 233, 247]","[104.99999999999994, 653.9999999999999, 698.0, 371.9999999999999, 642.9999999999999, 622.9999999999998, 759.9999999999998, 499.0, 464.99999999999983, 421.99999999999994, 471.00000000000006, 75.0, 533.9999999999998, 704.0, 515.0000000000001]","[0, 9, 9, 60, 66, 91, 46, 130, 144, 164, 144, 196, 130, 130, 246]","[5, 38, 46, 66, 112, 112, 130, 182, 175, 166, 182, 200, 228, 255, 255]",29011017.0,760.9999999999998,-760.9999999999998,0.0,,,,DWT,uc1.b4952553,0.0,,0.0,23.5,23.0,0.0,23.5,,2.2737367544323206e-13,27.71929824561397,10508.0,61.898245614035055,,0.0,27.71929824561397,,,35.0,0.0,22.0,2.2737367544323206e-13,2.2737367544323206e-13,,1.1368683772161603e-13,8.287610436742274e-14,1.1353102529328933e-26,0.9653316065912062,0.8889012415074992,0.001223620244173391,0.4137503226996129,0.0004911391992921787,0.9999999976503382,5.560715508034054e-09,5.560715508034054e-09,4.576168882608358e-09,,2.66623563606553e-13,0.9999999944392873,1.0917013732505677e-13,,,,,,0.0,1.0,0.30000000000000004,1.699993279077676e-13,1.699993279077676e-13,0.9300000012242811,0.3278484259110314,294,1.189957979590147,0.7669166918097567,301,0,0.27500000064899505,0.38039962688398415,293,0,0.32424256146312386,0.6863371129060026,308,6.97614984548545,0.9926874739565142,299.0,298.879004743204,0.8396351415904164,79,db,435.1929824561403,354.5,291.32747676616117,342,0.5817223885497198,0.9928822585661271,0.29492965044535796,4,60.25,79
db14,1,periodic,4.436542396754562e-27,321.14582548455616,4453963.894156243,0.6805555555555556,350.46910606570094,261,raw,4.4049906336430196e-14,-2.6829272137263807e-10,7.237460973432003,39011.80232556915,0.5118729611218886,4.2924223498310954e-06,1.0,271.0000000000001,,,,[],[],15,502.6666666666667,75.00000000000011,760.0000000000002,"[4, 18, 43, 64, 82, 96, 117, 132, 150, 165, 180, 199, 213, 233, 247]","[104.99999999999994, 654.0000000000001, 698.0000000000002, 372.0000000000001, 643.0, 623.0, 760.0000000000002, 499.00000000000006, 465.0000000000001, 422.0, 471.0000000000001, 75.00000000000011, 534.0, 704.0000000000001, 515.0]","[0, 9, 9, 60, 66, 91, 46, 130, 144, 164, 175, 196, 182, 182, 246]","[5, 38, 46, 66, 112, 112, 182, 182, 175, 166, 182, 200, 228, 255, 255]",29011017.0,761.0000000000002,-761.0000000000002,0.0,,,,DWT,uc1.b4952553,0.0,,0.0,23.5,23.0,0.0,23.5,,2.2737367544323206e-13,27.719298245614027,10508.0,61.89824561403515,,0.0,27.719298245614027,,,34.999999999999886,0.0,26.5,2.2737367544323206e-13,2.2737367544323206e-13,,1.1368683772161603e-13,6.246952752269184e-14,7.90123332721588e-27,0.9703901592882912,0.8819839376207471,0.001201361271042256,0.41954248366013086,0.0005063558066175434,0.999999997649837,5.56075785570872e-09,5.56075785570872e-09,4.576237531610445e-09,,2.66623563606553e-13,0.9999999944392873,1.0917013732505677e-13,,,,,,0.0,1.0,0.6000000000000001,1.699993279077676e-13,1.699993279077676e-13,0.9600000012241766,0.33842418157162174,113,1.1918462808055876,0.7681336841289182,296,0,0.30000000064896604,0.41498141106451203,125,0,0.3248034710924131,0.6875244126048157,302,104.06728592598157,0.8909147946268537,209.0,169.92935143159391,0.835918613246341,80,db,435.1929824561403,354.5,291.32747676616117,342,0.5817223885497198,0.9928822585661271,0.29492965044535796,4,61.0,80
db9,1,antireflect,3.1604367174948715e-27,322.61880085837663,4238550.096448743,0.6834532374100719,348.9118576117191,261,raw,3.684068801407493e-14,-2.6316149259742547e-10,7.168170921206071,51232.625643033345,0.632716238427859,4.2924223498310954e-06,1.0,271.0,,,,[],[],15,502.6666666666667,74.99999999999991,760.0,"[4, 18, 43, 64, 82, 96, 117, 132, 150, 165, 180, 199, 213, 233, 247]","[105.00000000000011, 654.0, 698.0, 372.00000000000006, 642.9999999999999, 623.0, 760.0, 499.0, 465.0000000000001, 422.0, 471.0000000000001, 74.99999999999991, 534.0, 703.9999999999998, 515.0]","[0, 9, 9, 60, 66, 83, 46, 130, 144, 164, 144, 196, 182, 182, 246]","[5, 38, 46, 66, 112, 112, 182, 182, 175, 166, 182, 200, 228, 255, 255]",29011017.0,761.0,-761.0,0.0,,,,DWT,uc1.b4952553,0.0,,0.0,23.5,23.0,0.0,23.5,,0.0,27.719298245614027,10508.0,61.898245614035076,,0.0,27.719298245614027,,,35.000000000000085,0.0,26.5,0.0,0.0,,0.0,4.8118877549061056e-14,5.1936094570877896e-27,0.9758821552769754,0.8603554959725552,0.0005216596216144676,0.43302119801485006,0.0035312596985214786,0.999999997650714,5.56075785570872e-09,5.56075785570872e-09,4.576184724685763e-09,,0.0,0.9999999944392873,0.0,,,,,,0.0,1.0,0.6000000000000001,0.0,0.0,0.960000001224168,0.3384241815716187,125,1.1905888540486333,0.7673232844465961,299,0,0.30000000064897514,0.41498141106452463,117,0,0.3247588240835093,0.6874299065071194,303,103.98717869686308,0.890998764468697,211.0,172.47460389178542,0.8349123801379124,81,db,435.1929824561403,354.5,291.32747676616117,342,0.5817223885497198,0.9928822585661271,0.29492965044535796,4,61.75,81
rbio2.6,1,periodic,2.645410287419544e-27,323.3913414647248,4195768.725821488,0.7335766423357665,406.53811829032304,261,raw,3.315185503723607e-14,-2.7058133511560036e-10,7.314424537724314,40813.94483867147,0.637400434298238,4.2924223498310954e-06,0.9999999999999999,271.00000000000006,,,,[],[],15,502.6666666666667,75.00000000000003,760.0000000000002,"[4, 18, 43, 64, 82, 96, 117, 132, 150, 165, 180, 199, 213, 233, 247]","[104.99999999999994, 654.0, 698.0, 372.0000000000001, 643.0, 623.0000000000002, 760.0000000000002, 499.00000000000006, 465.00000000000006, 422.0, 471.0000000000001, 75.00000000000003, 534.0, 704.0, 515.0000000000001]","[0, 9, 9, 60, 66, 91, 9, 130, 144, 164, 144, 196, 182, 182, 246]","[5, 38, 46, 66, 112, 112, 182, 182, 175, 166, 182, 200, 228, 255, 255]",29011017.0,761.0000000000002,-761.0000000000002,0.0,,,,DWT,uc1.b4952553,0.0,,0.0,23.5,23.0,0.0,23.5,,2.2737367544323206e-13,27.719298245614027,10508.0,61.89824561403515,,0.0,27.719298245614027,,,34.99999999999997,0.0,22.0,2.2737367544323206e-13,2.2737367544323206e-13,,5.684341886080802e-14,4.0775896868666515e-14,4.1008333034483804e-27,0.9787625767602995,0.9060076164297253,0.00038667027325521694,0.6661727624029044,0.0009524229626542848,0.999999997650213,5.56075785570872e-09,5.56075785570872e-09,4.576237531610445e-09,,1.333117818032765e-13,0.9999999944392873,1.0917013732505677e-13,,,,,,0.0,1.0,0.30000000000000004,1.699993279077676e-13,1.699993279077676e-13,0.9300000012242228,0.3278484259110109,301,1.307304763553906,0.8425455870275501,81,0,0.2750000006489863,0.38039962688397205,301,0,0.36461172126126856,0.7717881174295121,85,125.8729518204765,0.8680577024942594,192.0,130.06056231956822,0.8333999204295197,82,rbio,388.1185185185185,391.0,293.41593552782615,135,0.5187979602950641,1.0,0.3368414277934551,2,62.0,82
rbio2.6,1,smooth,2.6400424063173506e-27,323.4001628167595,4342642.050355331,0.7408759124087592,408.04615456455014,261,raw,3.3219914686255243e-14,-2.70549804781701e-10,7.251007331194426,54290.53088084792,0.5298782718755257,4.2924223498310954e-06,0.9999999999999999,271.00000000000006,,,,[],[],15,502.6666666666667,75.00000000000003,760.0000000000002,"[4, 18, 43, 64, 82, 96, 117, 132, 150, 165, 180, 199, 213, 233, 247]","[104.99999999999994, 654.0, 698.0, 372.0000000000001, 643.0, 623.0000000000002, 760.0000000000002, 499.00000000000006, 465.00000000000006, 422.0, 471.0000000000001, 75.00000000000003, 534.0, 704.0, 515.0000000000001]","[0, 9, 9, 60, 66, 91, 9, 130, 144, 164, 144, 196, 182, 182, 246]","[5, 38, 46, 66, 112, 112, 182, 182, 175, 166, 182, 200, 228, 255, 255]",29011017.0,761.0000000000002,-761.0000000000002,0.0,,,,DWT,uc1.b4952553,0.0,,0.0,23.5,23.0,0.0,23.5,,2.2737367544323206e-13,27.719298245614027,10508.0,61.89824561403515,,0.0,27.719298245614027,,,34.99999999999997,0.0,22.0,2.2737367544323206e-13,2.2737367544323206e-13,,5.684341886080802e-14,4.091137621701329e-14,4.089443805509039e-27,0.9787954672151234,0.8862123455811678,0.0008501041015662087,0.700125687965963,0.004288153830336655,0.999999997650213,5.56075785570872e-09,5.56075785570872e-09,4.576237531610445e-09,,1.333117818032765e-13,0.9999999944392873,1.0917013732505677e-13,,,,,,0.0,1.0,0.30000000000000004,1.699993279077676e-13,1.699993279077676e-13,0.9300000012242228,0.3278484259110109,303,1.3125740418889733,0.8459415872042509,79,0,0.2750000006489863,0.38039962688397205,300,0,0.3671816798134569,0.7772280508085162,84,127.03936397825676,0.866835048240821,191.5,128.21888247807655,0.833050647810138,83,rbio,388.1185185185185,391.0,293.41593552782615,135,0.5187979602950641,1.0,0.3368414277934551,2,62.75,83
rbio2.6,1,reflect,2.630902500656859e-27,323.4152243081694,4237489.950889049,0.7408759124087592,409.7661144699822,261,raw,3.2906840300767075e-14,-2.705335955255415e-10,7.3311651304914305,40782.76501047441,0.6452860825134372,4.2924223498310954e-06,0.9999999999999999,271.00000000000006,,,,[],[],15,502.6666666666667,75.00000000000003,760.0000000000002,"[4, 18, 43, 64, 82, 96, 117, 132, 150, 165, 180, 199, 213, 233, 247]","[104.99999999999994, 654.0, 698.0, 372.0000000000001, 643.0, 623.0000000000002, 760.0000000000002, 499.00000000000006, 465.00000000000006, 422.0, 471.0000000000001, 75.00000000000003, 534.0, 704.0, 515.0000000000001]","[0, 9, 9, 60, 66, 91, 9, 130, 144, 164, 144, 196, 182, 182, 246]","[5, 38, 46, 66, 112, 112, 182, 182, 175, 166, 182, 200, 228, 255, 255]",29011017.0,761.0000000000002,-761.0000000000002,0.0,,,,DWT,uc1.b4952553,0.0,,0.0,23.5,23.0,0.0,23.5,,2.2737367544323206e-13,27.719298245614027,10508.0,61.89824561403515,,0.0,27.719298245614027,,,34.99999999999997,0.0,22.0,2.2737367544323206e-13,2.2737367544323206e-13,,5.684341886080802e-14,4.0288171214618185e-14,4.070050876585299e-27,0.9788516240605649,0.9112330841871911,0.0005183145123725064,0.700125687965963,0.0009447053170250081,0.999999997650213,5.56075785570872e-09,5.56075785570872e-09,4.576237531610445e-09,,1.333117818032765e-13,0.9999999944392873,1.0917013732505677e-13,,,,,,0.0,1.0,0.30000000000000004,1.699993279077676e-13,1.699993279077676e-13,0.9300000012242228,0.3278484259110109,302,1.323614831099328,0.8530572716917741,74,0,0.2750000006489863,0.38039962688397205,302,0,0.3702390594347367,0.7836997277310582,81,129.6466351279508,0.8641020596143074,189.75,123.1462294635872,0.8326013442725625,84,rbio,388.1185185185185,391.0,293.41593552782615,135,0.5187979602950641,1.0,0.3368414277934551,2,63.5,84
rbio2.6,1,zero,2.683130533002526e-27,323.32985383159223,4117154.9672806063,0.7262773722627737,391.03697964261653,261,raw,3.3396869773705073e-14,-2.7064772645247295e-10,7.264458321064776,42605.81942514104,0.5992773633779084,4.2924223498310954e-06,0.9999999999999999,271.00000000000006,,,,[],[],15,502.6666666666667,75.00000000000003,760.0000000000002,"[4, 18, 43, 64, 82, 96, 117, 132, 150, 165, 180, 199, 213, 233, 247]","[104.99999999999994, 654.0, 698.0, 372.0000000000001, 643.0, 623.0000000000002, 760.0000000000002, 499.00000000000006, 465.00000000000006, 422.0, 471.0000000000001, 75.00000000000003, 534.0, 704.0, 515.0000000000001]","[0, 9, 9, 60, 66, 91, 9, 130, 144, 164, 144, 196, 182, 182, 246]","[5, 38, 46, 66, 112, 112, 182, 182, 175, 166, 182, 200, 228, 255, 255]",29011017.0,761.0000000000002,-761.0000000000002,0.0,,,,DWT,uc1.b4952553,0.0,,0.0,23.5,23.0,0.0,23.5,,2.2737367544323206e-13,27.719298245614027,10508.0,61.89824561403515,,0.0,27.719298245614027,,,34.99999999999997,0.0,22.0,2.2737367544323206e-13,2.2737367544323206e-13,,5.684341886080802e-14,4.126362252271486e-14,4.1808676132923934e-27,0.9785333198151261,0.8904109850708983,0.00013861791116599612,0.6322198368398453,0.0013959485966980835,0.999999997650213,5.56075785570872e-09,5.56075785570872e-09,4.576237531610445e-09,,1.333117818032765e-13,0.9999999944392873,1.0917013732505677e-13,,,,,,0.0,1.0,0.30000000000000004,1.699993279077676e-13,1.699993279077676e-13,0.9300000012242228,0.3278484259110109,306,1.2858411075547376,0.8287124632237209,98,0,0.2750000006489863,0.38039962688397205,303,0,0.35752838689053934,0.7567945421264529,99,118.94116192470965,0.8753237296386691,201.5,148.84609507981398,0.8320538983623115,85,rbio,388.1185185185185,391.0,293.41593552782615,135,0.5187979602950641,1.0,0.3368414277934551,2,64.25,85
db17,1,reflect,7.286022839724728e-27,318.9913665625699,4485956.788046237,0.6904761904761905,354.5274601325794,261,raw,6.264380244846652e-14,-2.5713720042120455e-10,7.273067735053494,38056.92607539226,0.5175938488372152,4.292422349831097e-06,1.0,270.9999999999999,,,,[],[],15,502.6666666666667,75.0,760.0,"[4, 18, 43, 64, 82, 96, 117, 132, 150, 165, 180, 199, 213, 233, 247]","[105.0, 653.9999999999998, 697.9999999999998, 372.0, 643.0, 623.0, 760.0, 499.00000000000017, 464.9999999999998, 421.9999999999999, 471.00000000000006, 75.0, 534.0, 704.0, 515.0000000000001]","[0, 9, 9, 60, 66, 91, 9, 130, 144, 164, 175, 196, 182, 182, 246]","[5, 38, 46, 66, 112, 112, 130, 182, 175, 166, 182, 200, 228, 255, 255]",29011016.999999996,761.0,-761.0,0.0,,,,DWT,uc1.b4952553,3.725290298461914e-09,,0.0,23.5,23.0,0.0,23.5,,0.0,27.719298245614027,10508.0,61.89824561403506,,0.0,27.719298245614027,,,35.0,0.0,22.0,0.0,0.0,,1.1368683772161603e-13,9.948248549102711e-14,1.3947222613405006e-26,0.9623572485094478,0.8930983579635171,0.001302309413540188,0.4656888209829386,0.00027000439146214743,0.9999999976503382,5.56075785570872e-09,5.56075785570872e-09,4.576174163300826e-09,,2.66623563606553e-13,0.9999999944392873,0.0,,,,,,6.33387924933671e-14,1.0,0.30000000000000004,0.0,0.0,0.9300000012242171,0.3278484259110089,313,1.2109982129439874,0.7804769237132314,255,0,0.2750000006489704,0.38039962688395007,319,0,0.3318166773230008,0.7023695448872517,265,32.68026927673638,0.9657439525401086,288.0,285.20828648313227,0.8319285800436392,86,db,435.1929824561403,354.5,291.32747676616117,342,0.5817223885497198,0.9928822585661271,0.29492965044535796,4,65.5,86
rbio2.6,1,constant,2.6777626519003325e-27,323.33855104618283,4117138.491398541,0.7262773722627737,391.03697964261653,261,raw,3.324713854586291e-14,-2.7064595009563355e-10,7.264539740600371,42533.358085136715,0.6002983112177407,4.2924223498310954e-06,0.9999999999999999,271.00000000000006,,,,[],[],15,502.6666666666667,75.00000000000003,760.0000000000002,"[4, 18, 43, 64, 82, 96, 117, 132, 150, 165, 180, 199, 213, 233, 247]","[104.99999999999994, 654.0, 698.0, 372.0000000000001, 643.0, 623.0000000000002, 760.0000000000002, 499.00000000000006, 465.00000000000006, 422.0, 471.0000000000001, 75.00000000000003, 534.0, 704.0, 515.0000000000001]","[0, 9, 9, 60, 66, 91, 9, 130, 144, 164, 144, 196, 182, 182, 246]","[5, 38, 46, 66, 112, 112, 182, 182, 175, 166, 182, 200, 228, 255, 255]",29011017.0,761.0000000000002,-761.0000000000002,0.0,,,,DWT,uc1.b4952553,0.0,,0.0,23.5,23.0,0.0,23.5,,2.2737367544323206e-13,27.719298245614027,10508.0,61.89824561403515,,0.0,27.719298245614027,,,34.99999999999997,0.0,22.0,2.2737367544323206e-13,2.2737367544323206e-13,,5.684341886080802e-14,4.096556795635199e-14,4.1694781153530546e-27,0.9785657474228738,0.8904363996523292,0.00013856592431865915,0.6322198368398453,0.0013780129319971284,0.999999997650213,5.56075785570872e-09,5.56075785570872e-09,4.576237531610445e-09,,1.333117818032765e-13,0.9999999944392873,1.0917013732505677e-13,,,,,,0.0,1.0,0.30000000000000004,1.699993279077676e-13,1.699993279077676e-13,0.9300000012242228,0.3278484259110109,305,1.2858660711507974,0.8287285520258756,97,0,0.2750000006489863,0.38039962688397205,305,0,0.35753408039591505,0.7568065937955004,98,119.80087645756186,0.8744225613652391,201.25,147.7610304891256,0.8317343414792653,87,rbio,388.1185185185185,391.0,293.41593552782615,135,0.5187979602950641,1.0,0.3368414277934551,2,65.75,87
db28,1,antireflect,1.1376163114192211e-26,317.05631374111397,4706784.583472021,0.6708860759493671,343.189080499719,261,raw,7.585588181431228e-14,-2.574852553394247e-10,7.352943037864298,76976.35331313433,0.7465858255678296,4.292422349831096e-06,1.0,271.0,,,,[],[],15,502.6666666666667,75.0,760.0000000000002,"[4, 18, 43, 64, 82, 96, 117, 132, 150, 165, 180, 199, 213, 233, 247]","[105.00000000000006, 654.0, 697.9999999999995, 372.0, 643.0, 622.9999999999998, 760.0000000000002, 498.9999999999999, 464.9999999999998, 422.0, 470.99999999999994, 75.0, 534.0, 703.9999999999999, 515.0]","[0, 9, 9, 60, 66, 91, 9, 130, 144, 164, 144, 196, 182, 182, 246]","[5, 38, 46, 66, 112, 112, 182, 182, 175, 166, 182, 200, 228, 255, 255]",29011016.999999996,761.0000000000002,-761.0000000000002,0.0,,,,DWT,uc1.b4952553,3.725290298461914e-09,,0.0,23.5,23.0,0.0,23.5,,2.2737367544323206e-13,27.719298245614027,10508.0,61.89824561403502,,0.0,27.719298245614027,,,35.0,0.0,22.0,2.2737367544323206e-13,2.2737367544323206e-13,,0.0,1.2578241398884225e-13,2.2625627246589554e-26,0.9551423944649,0.9180309171185035,0.0019990940131702313,0.3745644080416978,0.009903359187933123,0.9999999976503382,5.56075785570872e-09,5.56075785570872e-09,4.5761424791460164e-09,,0.0,0.9999999944392873,1.0917013732505677e-13,,,,,,6.33387924933671e-14,1.0,0.30000000000000004,1.699993279077676e-13,1.699993279077676e-13,0.9300000012241967,0.32784842591100166,320,1.186887549136667,0.7649378283488589,306,0,0.27500000064898295,0.38039962688396745,311,0,0.32280573897519,0.6832957336568471,320,6.946221994724902,0.9927188448692611,314.25,314.1342850953653,0.8316581645729952,88,db,435.1929824561403,354.5,291.32747676616117,342,0.5817223885497198,0.9928822585661271,0.29492965044535796,4,67.0,88
rbio2.6,1,symmetric,2.6489405155317976e-27,323.3855497864878,4206389.152426383,0.7408759124087592,408.04615456455014,261,raw,3.330158626507824e-14,-2.70576450134292e-10,7.320136178096227,41193.14942896135,0.6407334366763024,4.2924223498310954e-06,0.9999999999999999,271.00000000000006,,,,[],[],15,502.6666666666667,75.00000000000003,760.0000000000002,"[4, 18, 43, 64, 82, 96, 117, 132, 150, 165, 180, 199, 213, 233, 247]","[104.99999999999994, 654.0, 698.0, 372.0000000000001, 643.0, 623.0000000000002, 760.0000000000002, 499.00000000000006, 465.00000000000006, 422.0, 471.0000000000001, 75.00000000000003, 534.0, 704.0, 515.0000000000001]","[0, 9, 9, 60, 66, 91, 9, 130, 144, 164, 144, 196, 182, 182, 246]","[5, 38, 46, 66, 112, 112, 182, 182, 175, 166, 182, 200, 228, 255, 255]",29011017.0,761.0000000000002,-761.0000000000002,0.0,,,,DWT,uc1.b4952553,0.0,,0.0,23.5,23.0,0.0,23.5,,2.2737367544323206e-13,27.719298245614027,10508.0,61.89824561403515,,0.0,27.719298245614027,,,34.99999999999997,0.0,22.0,2.2737367544323206e-13,2.2737367544323206e-13,,5.684341886080802e-14,4.107395143502941e-14,4.108323693985064e-27,0.9787409824592604,0.907790468030076,0.00042018122546811287,0.700125687965963,0.0010462838598457593,0.999999997650213,5.56075785570872e-09,5.56075785570872e-09,4.576237531610445e-09,,1.333117818032765e-13,0.9999999944392873,1.0917013732505677e-13,,,,,,0.0,1.0,0.30000000000000004,1.699993279077676e-13,1.699993279077676e-13,0.9300000012242228,0.3278484259110109,304,1.321818702833664,0.8518996839691864,78,0,0.2750000006489863,0.38039962688397205,304,0,0.3697319433629507,0.7826262949927796,83,129.05392929572764,0.8647233445537446,192.25,127.19550184191819,0.8316017142055935,89,rbio,388.1185185185185,391.0,293.41593552782615,135,0.5187979602950641,1.0,0.3368414277934551,2,67.25,89
rbio2.6,1,antireflect,2.640079431398151e-27,323.40010190987596,4236268.599672311,0.7445255474452555,409.7661144699822,261,raw,3.322501915993168e-14,-2.7056090701194726e-10,7.3350593109277975,52451.79099895468,0.5086035267369179,4.2924223498310954e-06,0.9999999999999999,271.00000000000006,,,,[],[],15,502.6666666666667,75.00000000000003,760.0000000000002,"[4, 18, 43, 64, 82, 96, 117, 132, 150, 165, 180, 199, 213, 233, 247]","[104.99999999999994, 654.0, 698.0, 372.0000000000001, 643.0, 623.0000000000002, 760.0000000000002, 499.00000000000006, 465.00000000000006, 422.0, 471.0000000000001, 75.00000000000003, 534.0, 704.0, 515.0000000000001]","[0, 9, 9, 60, 66, 91, 9, 130, 144, 164, 144, 196, 182, 182, 246]","[5, 38, 46, 66, 112, 112, 182, 182, 175, 166, 182, 200, 228, 255, 255]",29011017.0,761.0000000000002,-761.0000000000002,0.0,,,,DWT,uc1.b4952553,0.0,,0.0,23.5,23.0,0.0,23.5,,2.2737367544323206e-13,27.719298245614027,10508.0,61.89824561403515,,0.0,27.719298245614027,,,34.99999999999997,0.0,22.0,2.2737367544323206e-13,2.2737367544323206e-13,,5.684341886080802e-14,4.09215371681393e-14,4.089522364827597e-27,0.9787952401235059,0.9124486274236265,0.0005144607460614237,0.7171021507474921,0.003833028076494079,0.999999997650213,5.56075785570872e-09,5.56075785570872e-09,4.576237531610445e-09,,1.333117818032765e-13,0.9999999944392873,1.0917013732505677e-13,,,,,,0.0,1.0,0.30000000000000004,1.699993279077676e-13,1.699993279077676e-13,0.9300000012242228,0.3278484259110109,307,1.3321327596885544,0.858546996309589,62,0,0.2750000006489863,0.38039962688397205,299,0,0.3732419295881745,0.7900560222972066,66,138.03501971118297,0.8553092036570409,183.5,105.59004799688753,0.8314805976356483,90,rbio,388.1185185185185,391.0,293.41593552782615,135,0.5187979602950641,1.0,0.3368414277934551,2,68.0,90
db17,1,symmetric,7.192767239782524e-27,319.0473117793988,4461945.450129533,0.6904761904761905,359.49316920818535,261,raw,6.256042937841802e-14,-2.5794089086873064e-10,7.262358687627903,38456.4520999925,0.5135949238072925,4.292422349831097e-06,1.0,270.9999999999999,,,,[],[],15,502.6666666666667,75.0,760.0,"[4, 18, 43, 64, 82, 96, 117, 132, 150, 165, 180, 199, 213, 233, 247]","[105.0, 653.9999999999998, 697.9999999999998, 372.0, 643.0, 623.0, 760.0, 499.00000000000017, 464.9999999999998, 421.9999999999999, 471.00000000000006, 75.0, 534.0, 704.0, 515.0]","[0, 9, 9, 60, 66, 91, 9, 130, 144, 164, 175, 196, 182, 182, 246]","[5, 38, 46, 66, 112, 112, 130, 182, 175, 166, 182, 200, 228, 255, 255]",29011016.999999996,761.0,-761.0,0.0,,,,DWT,uc1.b4952553,3.725290298461914e-09,,0.0,23.5,23.0,0.0,23.5,,0.0,27.719298245614027,10508.0,61.89824561403505,,0.0,27.719298245614027,,,35.0,0.0,22.0,0.0,0.0,,1.1368683772161603e-13,9.931652328930228e-14,1.3749354135479954e-26,0.9625658405279371,0.8897555980735855,0.0012265457152040558,0.4656888209829386,0.00036889525955964575,0.9999999976503382,5.56075785570872e-09,5.56075785570872e-09,4.576163601915889e-09,,2.66623563606553e-13,0.9999999944392873,0.0,,,,,,6.33387924933671e-14,1.0,0.30000000000000004,0.0,0.0,0.9300000012242138,0.3278484259110077,317,1.2094536627081862,0.7794814756575089,259,0,0.2750000006489695,0.38039962688394885,321,0,0.33137224293704637,0.70142879296389,268,32.294220329134234,0.9661486160071968,291.25,288.55477617151405,0.8304275574794894,91,db,435.1929824561403,354.5,291.32747676616117,342,0.5817223885497198,0.9928822585661271,0.29492965044535796,4,69.25,91
rbio2.6,1,antisymmetric,2.674038986631243e-27,323.34459449715126,4206249.2969393395,0.7408759124087592,408.04615456455014,261,raw,3.331519819488207e-14,-2.706191937207401e-10,7.3196063442633905,50249.46601899789,0.52223367902631,4.2924223498310954e-06,0.9999999999999999,271.00000000000006,,,,[],[],15,502.6666666666667,75.00000000000003,760.0000000000002,"[4, 18, 43, 64, 82, 96, 117, 132, 150, 165, 180, 199, 213, 233, 247]","[105.0, 654.0, 698.0, 372.0000000000001, 643.0, 623.0000000000002, 760.0000000000002, 499.00000000000006, 465.00000000000006, 422.0, 471.0000000000001, 75.00000000000003, 534.0, 704.0, 515.0000000000001]","[0, 9, 9, 60, 66, 91, 9, 130, 144, 164, 144, 196, 182, 182, 246]","[5, 38, 46, 66, 112, 112, 182, 182, 175, 166, 182, 200, 228, 255, 255]",29011017.0,761.0000000000002,-761.0000000000002,0.0,,,,DWT,uc1.b4952553,0.0,,0.0,23.5,23.0,0.0,23.5,,2.2737367544323206e-13,27.719298245614027,10508.0,61.89824561403514,,0.0,27.719298245614027,,,34.99999999999997,0.0,22.0,2.2737367544323206e-13,2.2737367544323206e-13,,5.684341886080802e-14,4.110104730469875e-14,4.1615772924581945e-27,0.9785882804597911,0.9076250838260147,0.0004197399352339823,0.700125687965963,0.0032879075694666627,0.999999997650213,5.56075785570872e-09,5.56075785570872e-09,4.576232250917977e-09,,1.333117818032765e-13,0.9999999944392873,1.0917013732505677e-13,,,,,,0.0,1.0,0.30000000000000004,1.699993279077676e-13,1.699993279077676e-13,0.9300000012242211,0.32784842591101027,308,1.3225408183706828,0.8523650806203736,77,0,0.27500000064898583,0.38039962688397144,306,0,0.37000667139378723,0.7832078227313586,82,131.36558402666455,0.8623002263871441,193.25,126.19545729168365,0.8298660461076182,93,rbio,388.1185185185185,391.0,293.41593552782615,135,0.5187979602950641,1.0,0.3368414277934551,2,70.25,92
sym10,1,antireflect,2.2457267030462442e-23,284.10270281514505,4238159.642976468,0.7178571428571429,370.18522496519813,261,raw,3.975037412894233e-12,-2.657144504427062e-10,7.217821210862183,53480.884904070495,0.6469050001496223,4.292422349830948e-06,1.0,271.00000000000153,,,,[],[],15,502.66666666667805,74.99999999999775,760.00000000002,"[4, 18, 43, 64, 82, 96, 117, 132, 150, 165, 180, 199, 213, 233, 247]","[104.99999999999864, 654.0000000000132, 698.0000000000131, 372.0000000000106, 643.0000000000052, 623.0000000000163, 760.00000000002, 499.0000000000163, 465.0000000000109, 422.0000000000134, 471.00000000001364, 74.99999999999775, 534.0000000000116, 704.000000000012, 515.0000000000177]","[0, 9, 9, 60, 66, 91, 46, 130, 144, 164, 175, 196, 130, 130, 246]","[5, 38, 46, 66, 112, 112, 130, 182, 175, 166, 182, 200, 228, 255, 255]",29011017.00000041,761.000000000013,-761.000000000013,0.0,,,,DWT,uc1.b4952553,4.0978193283081055e-07,,0.0,23.5,23.0,0.0,23.5,,1.2960299500264227e-11,27.719298245625396,10507.999999999829,61.89824561404604,,0.0,27.719298245625396,,,35.000000000002245,0.0,23.5,2.000888343900442e-11,1.2960299500264227e-11,,1.5347723092418164e-12,7.88748234235124e-12,4.7648015033851023e-23,0.8322746926453723,0.8758535127606151,0.0005204276120034118,0.5930527119938885,0.004087749880242844,0.9999999976602355,5.56922739064187e-09,5.56922739064187e-09,4.58433283316429e-09,,3.5994181086884654e-12,0.9999999944307952,9.606972084604996e-12,,,,,,6.967267174270381e-12,1.0,0.4000000000000001,9.689961690742753e-12,9.689961690742753e-12,0.9400000012442674,0.3313736778049528,242,1.1764079705255512,0.7581838387980974,344,0,0.28333333398778104,0.39192688828504935,240,0,0.32939844212857283,0.6972507703680091,277,48.568679894214405,0.9490894340731505,275.75,269.97870933411593,0.8300216562399296,92,sym,631.1578947368421,635.0,199.88018082668043,171,0.843668654779679,0.6812178775059229,0.20506657840244782,7,70.75,93
db17,1,antisymmetric,7.725568731097715e-27,318.7369672394877,4463296.281853049,0.6938775510204082,359.49316920818535,261,raw,6.45783979718363e-14,-2.575309965280391e-10,7.260160710195241,64859.44666263262,0.6960683588947615,4.292422349831097e-06,1.0,270.9999999999999,,,,[],[],15,502.6666666666667,75.0,760.0,"[4, 18, 43, 64, 82, 96, 117, 132, 150, 165, 180, 199, 213, 233, 247]","[105.00000000000006, 653.9999999999998, 697.9999999999998, 372.0, 643.0, 623.0, 760.0, 499.00000000000017, 464.9999999999998, 421.9999999999999, 471.00000000000006, 75.0, 534.0, 704.0, 515.0]","[0, 9, 9, 60, 66, 91, 9, 130, 144, 164, 175, 196, 182, 182, 246]","[5, 38, 46, 66, 112, 112, 130, 182, 175, 166, 182, 200, 228, 255, 255]",29011016.999999996,761.0,-761.0,0.0,,,,DWT,uc1.b4952553,3.725290298461914e-09,,0.0,23.5,23.0,0.0,23.5,,0.0,27.719298245614027,10508.0,61.89824561403505,,0.0,27.719298245614027,,,35.0,0.0,22.0,0.0,0.0,,1.1368683772161603e-13,1.0333348596778374e-13,1.4879845175032236e-26,0.961408719371267,0.8890695136340564,0.0012308080352612875,0.48151042235075847,0.006904176797941361,0.9999999976503382,5.56075785570872e-09,5.56075785570872e-09,4.576163601915889e-09,,2.66623563606553e-13,0.9999999944392873,0.0,,,,,,6.33387924933671e-14,1.0,0.30000000000000004,0.0,0.0,0.9300000012242138,0.3278484259110077,316,1.2173612321169298,0.7845778295416169,235,0,0.2750000006489695,0.38039962688394885,322,0,0.33430337716991265,0.7076332412566976,243,46.36809247747852,0.951396129478534,279.0,273.21112011097244,0.8294716496449274,94,db,435.1929824561403,354.5,291.32747676616117,342,0.5817223885497198,0.9928822585661271,0.29492965044535796,4,71.5,94
db15,1,antisymmetric,5.886921353273222e-27,319.9173895069737,4396573.333153301,0.6758620689655173,350.8179256273153,261,raw,5.380795851455317e-14,-2.591667991325219e-10,7.241540568633823,61477.35743164037,0.6945865664235247,4.292422349831097e-06,1.0,271.0000000000001,,,,[],[],15,502.66666666666663,75.0,759.9999999999998,"[4, 18, 43, 64, 82, 96, 117, 132, 150, 165, 180, 199, 213, 233, 247]","[105.0, 653.9999999999999, 698.0, 371.9999999999999, 642.9999999999999, 622.9999999999998, 759.9999999999998, 499.0, 464.99999999999983, 421.99999999999994, 471.00000000000006, 75.0, 533.9999999999998, 703.9999999999999, 515.0]","[0, 9, 9, 60, 66, 91, 46, 130, 144, 164, 144, 196, 130, 130, 246]","[5, 38, 46, 66, 112, 112, 130, 182, 175, 166, 182, 200, 228, 255, 255]",29011017.0,760.9999999999998,-760.9999999999998,0.0,,,,DWT,uc1.b4952553,0.0,,0.0,23.5,23.0,0.0,23.5,,2.2737367544323206e-13,27.71929824561397,10508.0,61.89824561403503,,0.0,27.71929824561397,,,35.0,0.0,22.0,2.2737367544323206e-13,2.2737367544323206e-13,,1.1368683772161603e-13,8.18938790919087e-14,1.0978627893533945e-26,0.9658099296516344,0.8832573568769934,0.0010202751039052123,0.3977104923474093,0.006067040492814117,0.9999999976503382,5.560715508034054e-09,5.560715508034054e-09,4.5761477598384844e-09,,2.66623563606553e-13,0.9999999944392873,1.0917013732505677e-13,,,,,,0.0,1.0,0.30000000000000004,1.699993279077676e-13,1.699993279077676e-13,0.9300000012242747,0.3278484259110292,298,1.1831357869175438,0.7625198529926721,323,0,0.2750000006489933,0.38039962688398177,298,0,0.32198072778183406,0.6815493996838858,330,16.700798384109266,0.9824939220292356,312.25,311.58259231829396,0.8275939211823327,95,db,435.1929824561403,354.5,291.32747676616117,342,0.5817223885497198,0.9928822585661271,0.29492965044535796,4,72.25,95
rbio3.9,1,reflect,1.9846773189576477e-27,324.63937277990306,4510468.259787166,0.7607142857142857,434.80313666425144,261,raw,2.6550069082376887e-14,-2.6346569370617317e-10,7.446335554186533,47671.44768863586,0.7436033151795196,4.2924223498310954e-06,1.0,270.99999999999994,,,,[],[],15,502.66666666666663,75.0,759.9999999999998,"[4, 18, 43, 64, 82, 96, 117, 132, 150, 165, 180, 199, 213, 233, 247]","[105.00000000000006, 653.9999999999998, 697.9999999999999, 371.9999999999999, 643.0, 623.0, 759.9999999999998, 498.9999999999999, 465.0, 422.0000000000001, 471.0, 75.0, 534.0, 703.9999999999999, 515.0000000000001]","[0, 9, 9, 60, 66, 91, 9, 130, 144, 164, 144, 196, 182, 182, 246]","[5, 38, 46, 66, 112, 112, 182, 182, 175, 166, 182, 200, 228, 255, 255]",29011017.0,760.9999999999998,-760.9999999999998,0.0,,,,DWT,uc1.b4952553,0.0,,0.0,23.5,23.0,0.0,23.5,,2.2737367544323206e-13,27.71929824561397,10508.0,61.89824561403507,,0.0,27.71929824561397,,,35.0,0.0,22.0,2.2737367544323206e-13,2.2737367544323206e-13,,5.684341886080802e-14,2.7634400079030605e-14,2.698898976014083e-27,0.9834158677103942,0.9471827870444622,0.001379651199208134,0.7924048892284186,0.002649795268982973,0.9999999976503382,5.560715508034054e-09,5.560715508034054e-09,4.576179443993294e-09,,1.333117818032765e-13,0.9999999944392873,1.0917013732505677e-13,,,,,,0.0,1.0,0.30000000000000004,1.699993279077676e-13,1.699993279077676e-13,0.9300000012242176,0.32784842591100904,311,1.3823526135470408,0.8909132183484422,32,0,0.27500000064898483,0.38039962688397005,307,0,0.38957614149307074,0.8246312976398805,38,158.22136391777187,0.8341495137130274,172.0,62.46237369328724,0.8269280063324047,96,rbio,388.1185185185185,391.0,293.41593552782615,135,0.5187979602950641,1.0,0.3368414277934551,2,72.5,96
db25,1,antireflect,8.41830043673806e-27,318.36402763542884,4666906.742320144,0.667741935483871,337.72174595941163,261,raw,6.233583253665481e-14,-2.6728519397779105e-10,7.3505440834395195,75322.11944718212,0.7338765274307437,4.2924223498310954e-06,1.0,271.0,,,,[],[],15,502.6666666666667,74.99999999999991,760.0000000000001,"[4, 18, 43, 64, 82, 96, 117, 132, 150, 165, 180, 199, 213, 233, 247]","[104.99999999999983, 654.0, 697.9999999999999, 371.9999999999999, 642.9999999999998, 623.0000000000001, 760.0000000000001, 499.00000000000006, 465.0, 421.99999999999994, 471.00000000000017, 74.99999999999991, 534.0, 703.9999999999999, 515.0]","[0, 9, 9, 60, 66, 83, 46, 130, 144, 164, 175, 196, 130, 130, 246]","[5, 38, 46, 66, 112, 112, 130, 182, 175, 166, 182, 200, 228, 255, 255]",29011017.0,761.0000000000002,-761.0000000000002,0.0,,,,DWT,uc1.b4952553,0.0,,0.0,23.5,23.0,0.0,23.5,,2.2737367544323206e-13,27.719298245614027,10508.0,61.898245614035105,,0.0,27.719298245614027,,,35.000000000000085,0.0,23.5,1.1368683772161603e-13,2.2737367544323206e-13,,0.0,9.886944143975805e-14,1.6349673992716417e-26,0.9600182122073894,0.9172820990107639,0.0018732662588898164,0.35993927893738137,0.00949390244927892,0.999999997650714,5.56075785570872e-09,5.56075785570872e-09,4.576205847455636e-09,,0.0,0.9999999944392873,5.4585068662528386e-14,,,,,,0.0,1.0,0.4000000000000001,1.699993279077676e-13,1.699993279077676e-13,0.9400000012242696,0.3313736777979031,245,1.1833618825139542,0.762665569471578,320,0,0.2833333339823431,0.3919268882775272,245,0,0.32122953698054324,0.6799593242678978,335,48.023431780746364,0.9496609729761568,286.25,280.2427475825275,0.8248042810373446,101,db,435.1929824561403,354.5,291.32747676616117,342,0.5817223885497198,0.9928822585661271,0.29492965044535796,4,76.75,97
db35,1,reflect,1.2446018691817408e-26,316.665967356757,4897131.216667429,0.6636363636363637,342.5364187603376,261,raw,8.346835355710585e-14,-2.538143029085011e-10,7.443953484945026,38197.431939606,0.512530398255315,4.2924223498310954e-06,1.0,270.9999999999999,,,,[],[],15,502.6666666666667,75.00000000000003,760.0,"[4, 18, 43, 64, 82, 96, 117, 132, 150, 165, 180, 199, 213, 233, 247]","[105.00000000000017, 654.0000000000003, 697.9999999999998, 372.00000000000006, 643.0000000000002, 622.9999999999999, 760.0, 499.00000000000006, 464.99999999999983, 422.0, 471.00000000000006, 75.00000000000003, 534.0000000000001, 703.9999999999999, 515.0000000000002]","[0, 9, 9, 60, 66, 91, 9, 130, 144, 164, 175, 196, 182, 182, 246]","[5, 38, 46, 66, 112, 112, 182, 182, 175, 166, 182, 200, 228, 255, 255]",29011017.0,761.0,-761.0,0.0,,,,DWT,uc1.b4952553,0.0,,0.0,23.5,23.0,0.0,23.5,,0.0,27.719298245614027,10508.0,61.898245614035105,,0.0,27.719298245614027,,,34.99999999999997,0.0,22.0,0.0,0.0,,1.1368683772161603e-13,1.409357791014271e-13,2.489563242456836e-26,0.9536869860343262,0.9464392395374711,0.0025997004827781915,0.3408420029168695,0.0003047824685568478,0.999999997650213,5.56075785570872e-09,5.56075785570872e-09,4.576205847455636e-09,,2.66623563606553e-13,0.9999999944392873,0.0,,,,,,0.0,1.0,0.30000000000000004,0.0,0.0,0.9300000012241573,0.3278484259109878,327,1.1831903757849331,0.7625550350027145,322,0,0.2750000006489574,0.3803996268839321,330,0,0.32055324449144895,0.6785277890852541,339,7.14142842854285,0.992514225965888,329.5,329.38484417064035,0.8235631926475142,102,db,435.1929824561403,354.5,291.32747676616117,342,0.5817223885497198,0.9928822585661271,0.29492965044535796,4,77.5,98
db7,1,periodization,4.4194792654803464e-27,321.16256083866637,4076292.8453588616,0.6984732824427481,365.3783720154427,261,raw,4.702709060821232e-14,-2.5904989264802876e-10,7.117010995181819,37938.48511159023,0.5076366894130947,4.2924223498310954e-06,1.0,271.0,,,,[],[],15,502.6666666666667,75.0,760.0,"[4, 18, 43, 64, 82, 96, 117, 132, 150, 165, 180, 199, 213, 233, 247]","[105.00000000000017, 653.9999999999999, 698.0, 372.00000000000006, 642.9999999999999, 623.0000000000001, 760.0, 499.00000000000006, 464.9999999999999, 421.9999999999998, 471.00000000000006, 75.0, 534.0000000000001, 704.0, 514.9999999999999]","[0, 9, 9, 60, 66, 91, 9, 130, 144, 164, 175, 196, 182, 182, 246]","[5, 38, 46, 66, 112, 112, 182, 182, 175, 166, 182, 200, 228, 255, 255]",29011017.0,761.0,-761.0,0.0,,,,DWT,uc1.b4952553,0.0,,0.0,23.5,23.0,0.0,23.5,,0.0,27.719298245614027,10508.0,61.89824561403505,,0.0,27.719298245614027,,,35.0,0.0,22.0,0.0,0.0,,0.0,6.839590226693542e-14,7.865029004730616e-27,0.9704525571391148,0.844386255956205,9.684426101857829e-06,0.5028877005347594,0.00024068782881668115,0.9999999976503382,5.56075785570872e-09,5.56075785570872e-09,4.576163601915889e-09,,0.0,0.9999999944392873,0.0,,,,,,0.0,1.0,0.30000000000000004,0.0,0.0,0.9300000012240489,0.3278484259109496,336,1.2057208598200733,0.7770757194112963,264,0,0.2750000006489421,0.38039962688391094,335,0,0.33113955512643806,0.7009362534298429,269,39.891519566611315,0.9581849899721055,301.0,297.0308202937668,0.8213356815688619,105,db,435.1929824561403,354.5,291.32747676616117,342,0.5817223885497198,0.9928822585661271,0.29492965044535796,4,79.75,99
coif15,1,periodization,2.529958874093164e-26,313.58513723029864,4076279.5520732827,0.7061068702290076,362.92811114058765,261,raw,1.1715320072072346e-13,-2.669731102855685e-10,7.11703420469393,37938.485111590235,0.5012100258459823,4.2924223498310954e-06,1.0,271.0000000000001,,,,[],[],15,502.66666666666674,75.00000000000009,760.0,"[4, 18, 43, 64, 82, 96, 117, 132, 150, 165, 180, 199, 213, 233, 247]","[105.00000000000028, 653.9999999999997, 698.0000000000003, 372.0000000000002, 643.0, 623.0000000000001, 760.0, 499.00000000000017, 465.0, 421.99999999999983, 470.99999999999983, 75.00000000000009, 534.0, 703.9999999999998, 515.0000000000006]","[0, 9, 9, 60, 66, 91, 9, 130, 144, 164, 144, 196, 182, 182, 246]","[5, 38, 46, 66, 112, 112, 182, 182, 175, 166, 182, 200, 228, 255, 255]",29011017.0,761.0,-761.0,0.0,,,,DWT,uc1.b4952553,0.0,,0.0,23.5,23.0,0.0,23.5,,0.0,27.719298245614084,10508.0,61.898245614035076,,0.0,27.719298245614084,,,34.999999999999915,0.0,22.0,0.0,0.0,,1.1368683772161603e-13,2.0798874232787563e-13,5.216816450947789e-26,0.9422000956239038,0.8443935006552958,9.64248139715242e-06,0.5383957219251339,0.000240687828816683,0.9999999976499624,5.5608002033833856e-09,5.5608002033833856e-09,4.576184724685763e-09,,2.66623563606553e-13,0.9999999944392873,0.0,,,,,,0.0,1.0,0.30000000000000004,0.0,0.0,0.9300000012241013,0.327848425910968,335,1.2029761928443314,0.7753068074385555,270,0,0.27500000064894176,0.38039962688391044,336,0,0.3321770926449651,0.7031324503195546,262,40.26060936780102,0.9577981033880493,300.75,296.69710771817313,0.8212732655305026,106,coif,446.94117647058823,423.0,281.0571967283836,153,0.5974261975694778,0.9578797968923861,0.29443772263364965,5,80.75,100
db29,1,antireflect,9.728256862830122e-27,317.73592155462177,4764644.119353744,0.6698113207547169,345.39537443134043,261,raw,7.586609076166511e-14,-2.611323379753183e-10,7.349538633666365,78981.78834652588,0.7550867781421264,4.2924223498310954e-06,1.0,270.9999999999999,,,,[],[],15,502.6666666666667,75.00000000000006,760.0000000000001,"[4, 18, 43, 64, 82, 96, 117, 132, 150, 165, 180, 199, 213, 233, 247]","[104.99999999999983, 654.0000000000002, 697.9999999999999, 372.0, 642.9999999999998, 623.0000000000001, 760.0000000000001, 498.99999999999994, 465.0, 422.0, 470.99999999999994, 75.00000000000006, 534.0, 703.9999999999997, 515.0]","[0, 9, 9, 60, 66, 83, 9, 130, 144, 164, 175, 196, 196, 196, 246]","[5, 38, 46, 66, 112, 112, 182, 182, 175, 166, 182, 200, 228, 255, 255]",29011017.0,761.0000000000001,-761.0000000000001,0.0,,,,DWT,uc1.b4952553,0.0,,0.0,23.5,23.0,0.0,23.5,,1.1368683772161603e-13,27.719298245614027,10508.0,61.898245614035076,,0.0,27.719298245614027,,,34.99999999999994,0.0,28.0,1.1368683772161603e-13,1.1368683772161603e-13,,1.1368683772161603e-13,1.258027358910942e-13,1.9129121922273634e-26,0.9576763155690814,0.9169682543671207,0.002181659950879264,0.36956512965391974,0.010399745403483561,0.9999999976500876,5.56075785570872e-09,5.56075785570872e-09,4.576184724685763e-09,,2.66623563606553e-13,0.9999999944392873,5.4585068662528386e-14,,,,,,0.0,1.0,0.7000000000000001,8.49996639538838e-14,8.49996639538838e-14,0.9700000012241747,0.34194943345849677,15,1.1861666965234479,0.7644732456401461,312,0,0.3083333339822973,0.4265086724580318,15,0,0.3223987292778016,0.6824342000587601,326,175.6075169233937,0.815925034671495,167.0,28.652074706329756,0.8204363118850138,107,db,435.1929824561403,354.5,291.32747676616117,342,0.5817223885497198,0.9928822585661271,0.29492965044535796,4,81.25,101
db13,1,zero,5.081854796869954e-27,320.5560493270576,4095517.1707956498,0.6888111888111889,323.02447093597385,261,raw,5.04985580809962e-14,-2.693492096028714e-10,7.083602824784138,40353.887476160206,0.5716643927941534,4.2924223498310954e-06,0.9999999999999999,271.00000000000006,,,,[],[],15,502.6666666666667,75.00000000000011,760.0,"[4, 18, 43, 64, 82, 96, 117, 132, 150, 165, 180, 199, 213, 233, 247]","[104.99999999999983, 654.0, 698.0, 372.0, 643.0, 623.0000000000002, 760.0, 499.0000000000001, 464.9999999999999, 422.0000000000001, 470.99999999999994, 75.00000000000011, 534.0000000000002, 704.0, 515.0]","[0, 9, 9, 60, 66, 83, 9, 130, 144, 164, 175, 196, 182, 182, 246]","[5, 38, 46, 66, 112, 112, 182, 182, 175, 166, 182, 200, 228, 255, 255]",29011017.0,761.0,-761.0,0.0,,,,DWT,uc1.b4952553,0.0,,0.0,23.5,23.0,0.0,23.5,,0.0,27.719298245614027,10508.0,61.89824561403512,,0.0,27.719298245614027,,,34.999999999999886,0.0,22.0,0.0,0.0,,5.684341886080802e-14,7.530619577854743e-14,9.27044850009696e-27,0.9681911759591929,0.8339581116439009,7.034351965845673e-05,0.45794398115253754,0.0008385493495425823,0.999999997649837,5.56075785570872e-09,5.56075785570872e-09,4.5762164088405724e-09,,1.333117818032765e-13,0.9999999944392873,0.0,,,,,,0.0,1.0,0.30000000000000004,0.0,0.0,0.930000001223981,0.3278484259109256,348,1.1814419453581502,0.7614281880873051,328,0,0.2750000006489158,0.3803996268838745,355,0,0.3230003088035583,0.6837075873433537,317,17.568911937472585,0.981583949751077,337.0,336.3091297156167,0.8141672369300459,113,db,435.1929824561403,354.5,291.32747676616117,342,0.5817223885497198,0.9928822585661271,0.29492965044535796,4,85.75,102
db37,1,symmetric,1.1335069808186906e-26,317.0720298544382,4955929.7942197025,0.6616766467065869,337.62995280019004,261,raw,7.601241900705629e-14,-2.642410734665711e-10,7.449176670305835,38455.02817912939,0.5046227612847649,4.2924223498310954e-06,1.0,271.0,,,,[],[],15,502.6666666666667,74.99999999999997,760.0000000000001,"[4, 18, 43, 64, 82, 96, 117, 132, 150, 165, 180, 199, 213, 233, 247]","[105.0, 654.0, 697.9999999999995, 372.00000000000034, 642.9999999999999, 623.0000000000001, 760.0000000000001, 499.0, 465.00000000000006, 421.9999999999998, 470.99999999999994, 74.99999999999997, 534.0, 704.0000000000002, 515.0000000000001]","[0, 9, 9, 60, 66, 91, 46, 130, 144, 164, 175, 196, 182, 182, 246]","[5, 38, 46, 66, 112, 112, 182, 182, 175, 166, 182, 200, 228, 255, 255]",29011017.0,761.0000000000001,-761.0000000000001,0.0,,,,DWT,uc1.b4952553,0.0,,0.0,23.5,23.0,0.0,23.5,,1.1368683772161603e-13,27.719298245614027,10508.0,61.898245614035076,,0.0,27.719298245614027,,,35.00000000000003,0.0,26.5,1.1368683772161603e-13,1.1368683772161603e-13,,0.0,1.2609401649003967e-13,2.2538436022499875e-26,0.9552009920713966,0.9480696230653345,0.0027852294069771674,0.3317262800602007,0.0003685428100029588,0.9999999976504634,5.56075785570872e-09,5.56075785570872e-09,4.576184724685763e-09,,0.0,0.9999999944392873,5.4585068662528386e-14,,,,,,0.0,1.0,0.6000000000000001,8.49996639538838e-14,8.49996639538838e-14,0.9600000012241542,0.3384241815716138,133,1.1813859506271132,0.7613921000114048,330,0,0.30000000064897303,0.4149814110645217,121,0,0.3197358096305769,0.6767974922362902,350,123.34369325857998,0.8707089169197275,233.5,184.58097568435542,0.812975003533239,115,db,435.1929824561403,354.5,291.32747676616117,342,0.5817223885497198,0.9928822585661271,0.29492965044535796,4,87.25,103
db23,1,antisymmetric,1.1371348342460345e-26,317.05815220931737,4566366.832772324,0.6895424836601307,350.86705762479994,261,raw,7.841832759988387e-14,-2.76025535761455e-10,7.324448923837713,71002.95590975913,0.7157624018775596,4.292422349831095e-06,1.0,271.00000000000006,,,,[],[],15,502.66666666666674,74.99999999999997,760.0,"[4, 18, 43, 64, 82, 96, 117, 132, 150, 165, 180, 199, 213, 233, 247]","[105.0, 654.0000000000002, 698.0000000000003, 372.0, 642.9999999999999, 622.9999999999999, 760.0, 499.00000000000017, 464.9999999999997, 421.9999999999998, 471.0000000000001, 74.99999999999997, 534.0000000000002, 704.0, 515.0]","[0, 9, 9, 60, 66, 83, 9, 130, 144, 164, 175, 196, 196, 196, 246]","[5, 38, 46, 66, 112, 112, 255, 182, 175, 166, 182, 200, 228, 255, 255]",29011017.000000004,761.0000000000001,-761.0000000000001,0.0,,,,DWT,uc1.b4952553,3.725290298461914e-09,,0.0,19.0,23.0,0.0,23.5,,1.1368683772161603e-13,27.719298245614084,10508.0,61.89824561403512,,0.0,27.719298245614084,,,35.00000000000003,0.0,28.0,0.0,1.1368683772161603e-13,,5.684341886080802e-14,1.3088321145409777e-13,2.2615411328674369e-26,0.9551492492027169,0.9091366637193081,0.0015560296515775706,0.4613456362937332,0.008424821074421813,0.9999999976504634,5.5608002033833856e-09,5.5608002033833856e-09,4.5762164088405724e-09,,1.333117818032765e-13,0.9999999944392873,0.0,,,,,,6.33387924933671e-14,0.5,0.7000000000000001,8.49996639538838e-14,8.49996639538838e-14,0.92000000122426,0.32432317402414823,361,1.2163440791543745,0.7839222840530476,237,0,0.2666666673156612,0.36887236549046076,361,0,0.33365891427741273,0.7062690810458433,246,69.09112340477128,0.9275774387790657,301.25,289.33895596407837,0.8059008787186733,129,db,435.1929824561403,354.5,291.32747676616117,342,0.5817223885497198,0.9928822585661271,0.29492965044535796,4,97.75,104
coif2,1,zero,3.671715302656505e-27,321.9675818503855,4081534.455492856,0.7132352941176471,358.14684577603606,261,raw,3.9753640992095256e-14,-2.7064461782800405e-10,7.107870169013886,39125.112754108995,0.5314153692434597,4.2924223498310954e-06,0.9999999999999999,271.0000000000001,,,,[],[],15,502.66666666666674,75.0,760.0000000000001,"[4, 18, 43, 64, 82, 96, 117, 132, 150, 165, 180, 199, 213, 233, 247]","[105.00000000000006, 654.0000000000001, 698.0000000000001, 372.0, 643.0000000000001, 623.0000000000002, 760.0000000000001, 499.0, 465.0000000000002, 422.0000000000001, 471.0, 75.0, 534.0, 704.0, 515.0000000000002]","[0, 9, 9, 60, 66, 83, 9, 130, 144, 164, 175, 196, 130, 130, 246]","[5, 38, 46, 66, 112, 112, 130, 182, 175, 166, 182, 200, 228, 255, 255]",29011017.0,761.0000000000001,-761.0000000000001,0.0,,,,DWT,uc1.b4952553,0.0,,0.0,23.5,23.0,0.0,23.5,,1.1368683772161603e-13,27.719298245614084,10508.0,61.89824561403516,,0.0,27.719298245614084,,,35.0,0.0,19.0,1.1368683772161603e-13,1.1368683772161603e-13,,1.1368683772161603e-13,5.391739365830243e-14,6.278433483787571e-27,0.973454081974999,0.8415330061889112,2.6223436562882547e-05,0.5715539477823216,0.0005344024567801118,0.9999999976503382,5.5608002033833856e-09,5.5608002033833856e-09,4.576248092995382e-09,,2.66623563606553e-13,0.9999999944392873,5.4585068662528386e-14,,,,,,0.0,1.0,0.09999999999999998,8.49996639538838e-14,8.49996639538838e-14,0.9100000012242943,0.32079792213728464,371,1.2336874040933932,0.7950998933597183,200,0,0.2583333339823305,0.35734510409694176,377,0,0.341014523119947,0.7218389905415928,201,100.20104789871212,0.8949674550327965,287.25,261.0444298845957,0.7969334130509895,137,coif,446.94117647058823,423.0,281.0571967283836,153,0.5974261975694778,0.9578797968923861,0.29443772263364965,5,104.0,105
coif4,1,periodization,7.380595899716798e-27,318.9353575695113,4100154.029030742,0.683206106870229,347.50843066207875,261,raw,6.082618444684844e-14,-2.6046742540587e-10,7.075592964213121,37938.48511159024,0.5002987815395423,4.2924223498310954e-06,1.0,271.0,,,,[],[],15,502.6666666666667,74.99999999999997,760.0000000000001,"[4, 18, 43, 64, 82, 96, 117, 132, 150, 165, 180, 199, 213, 233, 247]","[105.0, 654.0, 697.9999999999998, 372.0, 643.0000000000001, 623.0, 760.0000000000001, 499.0000000000001, 464.99999999999994, 422.0, 471.0, 74.99999999999997, 534.0000000000001, 704.0, 515.0]","[0, 9, 9, 60, 66, 91, 46, 130, 144, 164, 175, 196, 182, 182, 246]","[5, 38, 46, 66, 112, 112, 182, 182, 175, 166, 182, 200, 228, 255, 255]",29011017.0,761.0000000000001,-761.0000000000001,0.0,,,,DWT,uc1.b4952553,0.0,,0.0,23.5,23.0,0.0,23.5,,1.1368683772161603e-13,27.719298245614027,10508.0,61.898245614035105,,0.0,27.719298245614027,,,35.00000000000003,0.0,26.5,1.1368683772161603e-13,1.1368683772161603e-13,,0.0,9.586434014424148e-14,1.4147886460347634e-26,0.9621484187009697,0.8314578854728265,8.497433822298811e-05,0.4318716577540106,0.00024068782881668483,0.9999999976504634,5.56075785570872e-09,5.56075785570872e-09,4.576205847455636e-09,,0.0,0.9999999944392873,5.4585068662528386e-14,,,,,,0.0,1.0,0.6000000000000001,8.49996639538838e-14,8.49996639538838e-14,0.9600000012241604,0.338424181571616,132,1.1659054193592664,0.7514150436522519,378,0,0.30000000064897475,0.4149814110645241,119,0,0.3179719462992775,0.6730638526397424,372,144.167437377516,0.8488810928956856,250.25,187.68069889940475,0.7932822655254109,143,coif,446.94117647058823,423.0,281.0571967283836,153,0.5974261975694778,0.9578797968923861,0.29443772263364965,5,108.5,106
coif14,1,symmetric,1.6057617353076036e-26,315.55946079931357,5155036.501060304,0.6976744186046512,359.9157930728583,261,raw,9.471861353997418e-14,-2.757866157665555e-10,7.5084115587152045,39769.93762795235,0.5178790319319315,4.2924223498310954e-06,0.9999999999999999,271.00000000000006,,,,[],[],15,502.6666666666667,75.0,760.0000000000001,"[4, 18, 43, 64, 82, 96, 117, 132, 150, 165, 180, 199, 213, 233, 247]","[104.99999999999977, 654.0000000000001, 698.0000000000001, 371.9999999999999, 643.0000000000005, 623.0, 760.0000000000001, 498.99999999999994, 464.99999999999983, 421.99999999999983, 471.0, 75.0, 534.0000000000002, 704.0000000000002, 514.9999999999999]","[0, 9, 9, 60, 66, 91, 46, 130, 144, 164, 175, 196, 182, 182, 246]","[5, 38, 46, 66, 112, 112, 255, 182, 175, 166, 182, 200, 228, 255, 255]",29011017.000000004,761.0,-761.0,0.0,,,,DWT,uc1.b4952553,3.725290298461914e-09,,0.0,19.0,23.0,0.0,23.5,,0.0,27.719298245614027,10508.0,61.898245614035154,,0.0,27.719298245614027,,,35.0,0.0,26.5,1.1368683772161603e-13,0.0,,5.684341886080802e-14,1.6333051538314698e-13,3.2558673897919954e-26,0.9495613708455466,0.9665594103629651,0.0034134768010250388,0.49917174480785986,0.0006940098105414423,0.9999999976503382,5.56075785570872e-09,5.56075785570872e-09,4.576242812302913e-09,,1.333117818032765e-13,0.9999999944392873,5.4585068662528386e-14,,,,,,6.33387924933671e-14,0.5,0.6000000000000001,0.0,0.0,0.9100000012241983,0.32079792213725083,394,1.2546695679367323,0.8086227000115014,149,0,0.2583333339823029,0.3573451040969036,401,0,0.34562857323258594,0.7316057337440345,164,139.30541985149034,0.8539775473254818,277.0,224.20510432667308,0.7818105765977514,162,coif,446.94117647058823,423.0,281.0571967283836,153,0.5974261975694778,0.9578797968923861,0.29443772263364965,5,122.75,107
bior1.5,1,antireflect,3.591209175945904e-27,322.06386482495014,4200801.017908768,0.674074074074074,344.2090236459119,261,raw,3.796367222289106e-14,-2.721860514753936e-10,7.0796135857084685,44726.851301065246,0.5925785299861062,4.2924223498310954e-06,0.9999999999999999,271.0,,,,[],[],15,502.6666666666667,75.00000000000006,760.0,"[4, 18, 43, 64, 82, 96, 117, 132, 150, 165, 180, 199, 213, 233, 247]","[105.0, 654.0000000000001, 698.0000000000001, 372.0, 643.0, 623.0000000000002, 760.0, 499.0, 465.0, 422.0000000000001, 471.0000000000001, 75.00000000000006, 534.0000000000001, 704.0000000000002, 515.0]","[0, 9, 9, 60, 66, 83, 9, 130, 144, 164, 175, 196, 182, 182, 246]","[5, 38, 46, 66, 112, 112, 182, 182, 175, 166, 182, 200, 228, 255, 255]",29011017.0,761.0,-761.0,0.0,,,,DWT,uc1.b4952553,0.0,,0.0,23.5,23.0,0.0,23.5,,0.0,27.719298245614027,10508.0,61.89824561403515,,0.0,27.719298245614027,,,34.99999999999994,0.0,22.0,0.0,0.0,,0.0,5.035428679678238e-14,6.107616666719853e-27,0.9738130735233208,0.8327128964680274,0.00040254881617367576,0.3893935432758961,0.0019209473966698301,0.9999999976500876,5.56075785570872e-09,5.56075785570872e-09,4.576237531610445e-09,,0.0,0.9999999944392873,0.0,,,,,,0.0,1.0,0.30000000000000004,0.0,0.0,0.9300000012239958,0.3278484259109309,343,1.1573713630251343,0.7459149248549941,406,0,0.2750000006489273,0.3803996268838905,341,0,0.3140347156400197,0.6647297600661883,421,41.740268326880695,0.9562470981898525,377.75,374.30913129657665,0.7801413688014253,167,bior,527.0666666666667,504.0,178.22232468163287,135,0.7045299272241201,0.60740506258131,0.3246075321687229,3,126.0,108
db16,1,antireflect,6.513476394086692e-27,319.4781434103256,4430764.06786532,0.7123287671232876,368.1404794965803,261,raw,5.713607535159037e-14,-2.6952551301918215e-10,7.268626131200698,63936.354120580654,0.6939693491941804,4.2924223498310954e-06,1.0,271.0,,,,[],[],15,502.6666666666667,74.99999999999994,760.0,"[4, 18, 43, 64, 82, 96, 117, 132, 150, 165, 180, 199, 213, 233, 247]","[105.00000000000006, 654.0000000000001, 698.0, 372.0000000000001, 643.0, 623.0, 760.0, 498.9999999999999, 464.9999999999998, 422.0, 471.0, 74.99999999999994, 533.9999999999999, 704.0, 515.0000000000002]","[0, 9, 9, 60, 66, 83, 9, 130, 144, 164, 175, 196, 130, 130, 246]","[5, 38, 46, 66, 112, 112, 130, 182, 175, 166, 182, 200, 228, 255, 255]",29011017.0,761.0,-761.0,0.0,,,,DWT,uc1.b4952553,0.0,,0.0,23.5,23.0,0.0,23.5,,0.0,27.719298245614027,10508.0,61.89824561403509,,0.0,27.719298245614027,,,35.00000000000006,0.0,19.0,0.0,0.0,,0.0,8.851881922606525e-14,1.2308043953683299e-26,0.9641721984011928,0.8917119400482679,0.001128158159801487,0.5673371914145483,0.006675692501056864,0.9999999976505888,5.56075785570872e-09,5.56075785570872e-09,4.576195286070699e-09,,0.0,0.9999999944392873,0.0,,,,,,0.0,1.0,0.09999999999999998,0.0,0.0,0.9100000012241335,0.32079792213722796,411,1.254528521711019,0.8085317970496559,150,0,0.25833333398229896,0.3573451040968981,405,0,0.3472893115035651,0.7351210844279575,147,149.84742240025352,0.8429272301884135,278.25,217.72720083446617,0.7756302817608733,175,db,435.1929824561403,354.5,291.32747676616117,342,0.5817223885497198,0.9928822585661271,0.29492965044535796,4,132.25,109
db20,1,periodization,1.1284914613655652e-26,317.0912890718754,4084991.8046521903,0.6755725190839694,357.6651597462623,261,raw,7.786789518844133e-14,-2.622814188058052e-10,7.1018553738494195,37938.48511159023,0.5094004955892938,4.2924223498310954e-06,0.9999999999999999,270.9999999999999,,,,[],[],15,502.6666666666667,74.99999999999994,760.0000000000001,"[4, 18, 43, 64, 82, 96, 117, 132, 150, 165, 180, 199, 213, 233, 247]","[105.00000000000006, 654.0000000000002, 697.9999999999995, 372.0, 642.9999999999998, 623.0000000000001, 760.0000000000001, 499.0, 465.0000000000002, 421.9999999999999, 471.00000000000017, 74.99999999999994, 533.9999999999998, 704.0, 515.0000000000003]","[0, 9, 9, 60, 66, 91, 9, 130, 144, 164, 144, 196, 182, 182, 246]","[5, 38, 46, 66, 112, 112, 182, 182, 175, 166, 182, 200, 228, 255, 255]",29011017.0,761.0000000000001,-761.0000000000001,0.0,,,,DWT,uc1.b4952553,0.0,,0.0,23.5,23.0,0.0,23.5,,1.1368683772161603e-13,27.719298245614027,10508.0,61.8982456140351,,0.0,27.719298245614027,,,35.00000000000006,0.0,22.0,1.1368683772161603e-13,1.1368683772161603e-13,,1.1368683772161603e-13,1.2978752222434328e-13,2.2432017405193414e-26,0.9552728001591557,0.8396555267808095,3.7132514585072195e-05,0.3963636363636362,0.00024068782881668115,0.9999999976505888,5.56075785570872e-09,5.56075785570872e-09,4.576200566763168e-09,,2.66623563606553e-13,0.9999999944392873,5.4585068662528386e-14,,,,,,0.0,1.0,0.30000000000000004,8.49996639538838e-14,8.49996639538838e-14,0.9300000012243298,0.32784842591104857,290,1.151651739420211,0.742228681400418,415,0,0.27500000064900704,0.38039962688400075,287,0,0.31308139766387616,0.6627118340281157,431,77.93747493985163,0.9183045336060256,355.75,342.98197098987924,0.7727004848323629,181,db,435.1929824561403,354.5,291.32747676616117,342,0.5817223885497198,0.9928822585661271,0.29492965044535796,4,136.75,110
coif6,1,periodization,1.0283625093667414e-26,317.4948094921614,4097438.943029136,0.6793893129770993,344.2199835198662,261,raw,7.268047381476174e-14,-2.7023983051322567e-10,7.080281464439071,37938.485111590235,0.5034069793100715,4.292422349831095e-06,1.0,271.00000000000017,,,,[],[],15,502.6666666666668,75.00000000000011,760.0000000000003,"[4, 18, 43, 64, 82, 96, 117, 132, 150, 165, 180, 199, 213, 233, 247]","[105.00000000000028, 654.0000000000001, 698.0000000000001, 372.0000000000003, 643.0000000000002, 623.0, 760.0000000000003, 498.9999999999999, 465.00000000000017, 422.0, 471.00000000000034, 75.00000000000011, 533.9999999999999, 703.9999999999999, 515.0]","[0, 9, 9, 60, 66, 91, 46, 130, 144, 164, 144, 196, 182, 182, 246]","[5, 38, 46, 66, 112, 112, 182, 182, 175, 166, 182, 200, 228, 255, 255]",29011017.0,761.0000000000003,-761.0000000000003,0.0,,,,DWT,uc1.b4952553,0.0,,0.0,23.5,23.0,0.0,23.5,,3.410605131648481e-13,27.71929824561414,10507.999999999998,61.89824561403512,,0.0,27.71929824561414,,,34.999999999999886,0.0,26.5,3.410605131648481e-13,3.410605131648481e-13,,1.7053025658242404e-13,1.194614556425386e-13,2.0307494766283087e-26,0.9567773280480468,0.8329213704940794,7.640734551746101e-05,0.41411764705882365,0.000240687828816683,0.999999997649837,5.560842551058051e-09,5.560842551058051e-09,4.5762164088405724e-09,,3.9993534540982953e-13,0.999999994439197,1.6375520598758517e-13,,,,,,0.0,1.0,0.6000000000000001,2.549989918616514e-13,2.549989918616514e-13,0.9600000012243037,0.33842418157166654,90,1.1563086197037187,0.7452299968102377,409,0,0.3000000006490008,0.4149814110645601,87,0,0.31487620582505765,0.6665109757755989,411,185.62394780846572,0.8054256312280234,249.25,145.5421788663681,0.7720786437062548,183,coif,446.94117647058823,423.0,281.0571967283836,153,0.5974261975694778,0.9578797968923861,0.29443772263364965,5,138.5,111
db19,1,periodization,9.222531473078159e-27,317.9677703857428,4113676.880746325,0.6755725190839694,339.4065038980928,261,raw,7.155195975946271e-14,-2.6038149414376413e-10,7.052333433329034,37938.485111590235,0.5010697831378155,4.2924223498310954e-06,1.0,270.99999999999994,,,,[],[],15,502.66666666666663,74.99999999999983,760.0000000000001,"[4, 18, 43, 64, 82, 96, 117, 132, 150, 165, 180, 199, 213, 233, 247]","[104.99999999999994, 653.9999999999999, 697.9999999999999, 372.0000000000001, 642.9999999999999, 622.9999999999998, 760.0000000000001, 499.0, 464.99999999999983, 422.0, 471.0, 74.99999999999983, 533.9999999999997, 704.0, 515.0]","[0, 9, 9, 60, 66, 83, 46, 130, 144, 164, 175, 196, 130, 130, 246]","[5, 38, 46, 66, 112, 112, 130, 182, 175, 166, 182, 200, 228, 255, 255]",29011017.0,761.0000000000001,-761.0000000000001,0.0,,,,DWT,uc1.b4952553,0.0,,0.0,23.5,23.0,0.0,23.5,,1.1368683772161603e-13,27.71929824561397,10508.0,61.898245614035034,,0.0,27.71929824561397,,,35.00000000000017,0.0,23.5,1.1368683772161603e-13,1.1368683772161603e-13,,5.684341886080802e-14,1.172150386977639e-13,1.8056080590918828e-26,0.9585407650861126,0.8241975733453301,0.00012764339987952043,0.3963636363636362,0.000240687828816683,0.9999999976510899,5.560715508034054e-09,5.560715508034054e-09,4.576153040530953e-09,,1.333117818032765e-13,0.9999999944392873,5.4585068662528386e-14,,,,,,0.0,1.0,0.4000000000000001,8.49996639538838e-14,8.49996639538838e-14,0.9400000012243738,0.3313736777979398,244,1.1459287971012888,0.7385402990659783,433,0,0.28333333398236,0.39192688827755057,244,0,0.31135290086055606,0.6590530561665521,447,113.30489839367051,0.8812317626900729,342.0,313.8897813639249,0.7613705983261685,194,db,435.1929824561403,354.5,291.32747676616117,342,0.5817223885497198,0.9928822585661271,0.29492965044535796,4,146.5,112
coif13,1,antireflect,1.6825435922580003e-26,315.35660859581253,5068636.464318354,0.7071005917159763,375.2701718328136,261,raw,9.652219423898223e-14,-2.8356050840728374e-10,7.516186774058693,90978.52572173713,0.7709287823363148,4.292422349831095e-06,0.9999999999999997,271.00000000000006,,,,[],[],15,502.66666666666674,74.99999999999986,760.0000000000005,"[4, 18, 43, 64, 82, 96, 117, 132, 150, 165, 180, 199, 213, 233, 247]","[104.99999999999983, 654.0, 697.9999999999999, 372.00000000000006, 643.0000000000001, 623.0000000000003, 760.0000000000005, 499.0000000000001, 465.0000000000002, 421.9999999999999, 471.0000000000001, 74.99999999999986, 534.0, 703.9999999999999, 514.9999999999999]","[0, 9, 9, 60, 66, 83, 46, 130, 144, 164, 175, 196, 196, 196, 246]","[5, 38, 46, 66, 112, 112, 196, 196, 175, 166, 196, 200, 228, 255, 255]",29011017.000000007,761.0000000000005,-761.0000000000005,0.0,,,,DWT,uc1.b4952553,7.450580596923828e-09,,0.0,14.5,23.0,0.0,23.5,,4.547473508864641e-13,27.719298245614084,10508.0,61.89824561403516,,0.0,27.719298245614084,,,35.00000000000014,0.0,32.5,4.547473508864641e-13,4.547473508864641e-13,,5.684341886080802e-14,1.669207181143364e-13,3.4187821013637376e-26,0.9488050353984482,0.9689863935439048,0.0031408561606152408,0.5430180679049456,0.013369183438363507,0.9999999976509646,5.5608002033833856e-09,5.5608002033833856e-09,4.576248092995382e-09,,1.333117818032765e-13,0.9999999944392873,2.1834027465011355e-13,,,,,,1.266775849867342e-13,0.0,1.0,3.399986558155352e-13,3.399986558155352e-13,0.9000000012246626,0.3172726702505388,434,1.277901546628703,0.823595491108526,102,0,0.2500000006491048,0.345817842703568,434,0,0.35390279092092064,0.749120099082569,107,190.24786463979038,0.8005787582392134,269.25,168.364263244886,0.7591730269183489,199,coif,446.94117647058823,423.0,281.0571967283836,153,0.5974261975694778,0.9578797968923861,0.29443772263364965,5,150.5,113
coif11,1,antisymmetric,2.0076544040499975e-26,314.5893822874375,4877055.130888954,0.7024539877300614,367.44120126273646,261,raw,1.0394580045574774e-13,-2.8287938658167594e-10,7.443210572378558,84359.71145673399,0.7625732058895235,4.292422349831095e-06,1.0,271.00000000000006,,,,[],[],15,502.66666666666674,75.0,760.0,"[4, 18, 43, 64, 82, 96, 117, 132, 150, 165, 180, 199, 213, 233, 247]","[104.99999999999977, 654.0000000000002, 698.0, 372.0000000000004, 643.0000000000002, 623.0, 760.0, 499.00000000000017, 465.0000000000001, 422.0000000000001, 471.00000000000017, 75.0, 534.0000000000002, 704.0000000000003, 514.9999999999998]","[0, 9, 9, 60, 66, 91, 46, 130, 144, 164, 175, 196, 196, 196, 246]","[5, 38, 46, 66, 112, 112, 196, 196, 175, 166, 196, 200, 228, 255, 255]",29011017.000000004,761.0,-761.0,0.0,,,,DWT,uc1.b4952553,3.725290298461914e-09,,0.0,14.5,23.0,0.0,23.5,,0.0,27.719298245614084,10508.0,61.89824561403519,,0.0,27.719298245614084,,,35.0,0.0,32.5,0.0,0.0,,5.684341886080802e-14,1.8169812803525924e-13,4.108597849974315e-26,0.9459444283014811,0.9462073441848574,0.002536353804139658,0.5214041534070407,0.011730891441998103,0.9999999976503382,5.5608002033833856e-09,5.5608002033833856e-09,4.576269215765255e-09,,1.333117818032765e-13,0.9999999944392873,0.0,,,,,,6.33387924933671e-14,0.0,1.0,0.0,0.0,0.9000000012242042,0.31727267025037714,447,1.2551925239150574,0.8089597402059773,146,0,0.25000000064897426,0.34581784270338745,447,0,0.34683188159138556,0.7341528243578869,152,172.0678160881149,0.8196354129055399,298.0,223.43204009234756,0.7536332200796043,210,coif,446.94117647058823,423.0,281.0571967283836,153,0.5974261975694778,0.9578797968923861,0.29443772263364965,5,158.75,114
coif17,1,periodic,1.6646246621327387e-26,315.4031085995682,5182374.003760855,0.7071823204419889,365.0073409775204,261,raw,9.236374968391114e-14,-2.692644995860925e-10,7.610852864607133,37537.79324592153,0.5322469561593567,4.292422349831095e-06,1.0,271.00000000000006,,,,[],[],15,502.6666666666667,74.99999999999991,760.0,"[4, 18, 43, 64, 82, 96, 117, 132, 150, 165, 180, 199, 213, 233, 247]","[105.00000000000017, 654.0000000000001, 698.0, 372.00000000000017, 642.9999999999999, 623.0000000000003, 760.0, 499.0, 464.99999999999994, 422.0000000000001, 471.00000000000034, 74.99999999999991, 534.0000000000005, 704.0000000000002, 514.9999999999998]","[0, 9, 9, 60, 66, 83, 46, 130, 144, 164, 175, 196, 196, 196, 246]","[5, 38, 46, 66, 112, 112, 255, 196, 175, 166, 196, 200, 228, 255, 255]",29011017.000000004,761.0,-761.0,0.0,,,,DWT,uc1.b4952553,3.725290298461914e-09,,0.0,14.5,23.0,0.0,23.5,,0.0,27.719298245614027,10508.0,61.89824561403516,,0.0,27.719298245614027,,,35.000000000000085,0.0,32.5,0.0,0.0,,5.684341886080802e-14,1.5864292993034927e-13,3.380761956384473e-26,0.9489784108931366,0.9985358014273515,0.003499735647368909,0.5433982332259875,0.00014150839119373457,0.999999997650714,5.56075785570872e-09,5.56075785570872e-09,4.576248092995382e-09,,1.333117818032765e-13,0.9999999944392873,0.0,,,,,,6.33387924933671e-14,0.0,1.0,0.0,0.0,0.9000000012242853,0.31727267025040573,444,1.2878207117201623,0.8299882994327973,96,0,0.2500000006489968,0.3458178427034186,444,0,0.3563648127978853,0.7543315586125034,102,199.20090361240835,0.7911940213706411,271.5,161.77896851975888,0.7533014132010438,212,coif,446.94117647058823,423.0,281.0571967283836,153,0.5974261975694778,0.9578797968923861,0.29443772263364965,5,160.25,115
db6,1,constant,2.093110935186418e-27,324.40834937941696,4074226.1577334357,0.6764705882352942,341.74384875227247,261,raw,2.888451504373435e-14,-2.602644766369687e-10,7.120657835601252,39048.98635858597,0.5346806614746658,4.2924223498310954e-06,1.0,270.99999999999994,,,,[],[],15,502.6666666666667,75.0,760.0,"[4, 18, 43, 64, 82, 96, 117, 132, 150, 165, 180, 199, 213, 233, 247]","[104.99999999999994, 654.0, 698.0, 372.00000000000006, 643.0, 623.0, 760.0, 499.00000000000006, 465.0000000000001, 422.00000000000006, 471.0, 75.0, 534.0, 704.0, 515.0]","[0, 9, 9, 60, 66, 83, 46, 130, 144, 164, 175, 196, 196, 196, 246]","[5, 38, 46, 66, 112, 112, 196, 196, 175, 166, 196, 200, 228, 255, 255]",29011017.0,761.0,-761.0,0.0,,,,DWT,uc1.b4952553,0.0,,0.0,14.5,23.0,0.0,23.5,,0.0,27.719298245614027,10508.0,61.898245614035105,,0.0,27.719298245614027,,,35.0,0.0,32.5,0.0,0.0,,5.684341886080802e-14,3.2281341727324625e-14,2.9289719647932362e-27,0.9825544958155805,0.8455245936060999,3.163344338277547e-06,0.40054105064485707,0.0005155596158264145,0.9999999976503382,5.56075785570872e-09,5.56075785570872e-09,4.576205847455636e-09,,1.333117818032765e-13,0.9999999944392873,0.0,,,,,,0.0,0.0,1.0,0.0,0.0,0.9000000012241282,0.3172726702503504,468,1.1727192200688505,0.7558064739283403,355,0,0.2500000006489567,0.34581784270336313,465,0,0.3184484090038192,0.6740724001776317,369,60.61559205353025,0.9364616435497587,414.25,407.5719416389332,0.7511186624457389,216,db,435.1929824561403,354.5,291.32747676616117,342,0.5817223885497198,0.9928822585661271,0.29492965044535796,4,163.0,116
db2,1,periodization,2.0318278148398485e-27,324.537402832299,4078089.066014307,0.732824427480916,373.582166891025,261,raw,2.9943693331595114e-14,-2.702794654752049e-10,7.113876261744752,37938.48511159024,0.5088083506938367,4.2924223498310954e-06,0.9999999999999999,271.00000000000006,,,,[],[],15,502.6666666666667,75.0,760.0000000000001,"[4, 18, 43, 64, 82, 96, 117, 132, 150, 165, 180, 199, 213, 233, 247]","[105.0, 654.0, 698.0, 372.0000000000001, 643.0, 623.0, 760.0000000000001, 499.0, 465.00000000000006, 422.0, 471.0, 75.0, 534.0000000000001, 704.0, 515.0000000000001]","[0, 9, 9, 60, 66, 83, 9, 130, 144, 164, 144, 196, 130, 130, 246]","[5, 38, 46, 66, 112, 112, 130, 182, 175, 166, 182, 200, 228, 255, 255]",29011017.0,761.0000000000001,-761.0000000000001,0.0,,,,DWT,uc1.b4952553,0.0,,0.0,23.5,23.0,0.0,23.5,,1.1368683772161603e-13,27.719298245614027,10508.0,61.89824561403511,,0.0,27.719298245614027,,,35.0,0.0,17.5,1.1368683772161603e-13,1.1368683772161603e-13,,5.684341886080802e-14,3.4389739085971067e-14,2.798942264131949e-27,0.9830356722548821,0.8434077691886505,1.5352095281992526e-05,0.6626737967914439,0.00024068782881668483,0.9999999976503382,5.56075785570872e-09,5.56075785570872e-09,4.576211128148104e-09,,1.333117818032765e-13,0.9999999944392873,5.4585068662528386e-14,,,,,,0.0,1.0,0.0,8.49996639538838e-14,8.49996639538838e-14,0.900000001224191,0.31727267025037253,457,1.27669875784301,0.8228203050832286,103,0,0.2500000006489759,0.34581784270338967,446,0,0.35562475402272997,0.7527650467985428,103,201.25667690787304,0.7890391227380786,277.25,167.73027226442267,0.7492103370503811,221,db,435.1929824561403,354.5,291.32747676616117,342,0.5817223885497198,0.9928822585661271,0.29492965044535796,4,166.75,117
rbio3.7,1,antireflect,1.573650562781745e-27,325.6471888316104,4476396.4448066065,0.7717391304347826,438.8682455841562,261,raw,2.3341056631123192e-14,-2.64226862611856e-10,7.429895929776791,61185.115255487086,0.592388851018887,4.2924223498310954e-06,1.0,270.9999999999999,,,,[],[],15,502.6666666666667,75.0,760.0,"[4, 18, 43, 64, 82, 96, 117, 132, 150, 165, 180, 199, 213, 233, 247]","[105.0, 654.0, 698.0, 372.0, 643.0, 623.0, 760.0, 499.0, 465.0, 421.9999999999999, 470.9999999999999, 75.0, 534.0, 704.0, 515.0000000000001]","[0, 9, 9, 60, 66, 91, 9, 130, 144, 164, 144, 196, 130, 130, 246]","[5, 38, 46, 66, 112, 112, 130, 182, 175, 166, 182, 200, 228, 255, 255]",29011017.0,761.0,-761.0,0.0,,,,DWT,uc1.b4952553,0.0,,0.0,23.5,23.0,0.0,23.5,,0.0,27.719298245614027,10508.0,61.89824561403509,,0.0,27.719298245614027,,,35.0,0.0,17.5,0.0,0.0,,1.1368683772161603e-13,2.124654880448082e-14,1.826787931943794e-27,0.9871735148589357,0.9420512646131481,0.0012721433743252985,0.8436875145315044,0.0059947045729615445,0.9999999976503382,5.56075785570872e-09,5.56075785570872e-09,4.576195286070699e-09,,2.66623563606553e-13,0.9999999944392873,0.0,,,,,,0.0,1.0,0.0,0.0,0.0,0.9000000012241917,0.31727267025037276,449,1.4038387005508908,0.904760798723175,15,0,0.25000000064896694,0.3458178427033773,452,0,0.3971684488501281,0.84070223628601,18,250.57600310750695,0.7373417158202233,233.5,31.58016492631568,0.746291402983487,229,rbio,388.1185185185185,391.0,293.41593552782615,135,0.5187979602950641,1.0,0.3368414277934551,2,172.25,118
sym12,1,periodization,9.192145640793184e-23,277.9821028784439,4075122.0119104637,0.7061068702290076,358.9381946177694,261,raw,8.093417804824571e-12,-2.524777054099378e-10,7.119055801325499,37938.48511159186,0.501503582074146,4.292422349830779e-06,1.0,271.00000000000404,,,,[],[],15,502.66666666669073,74.9999999999983,760.0000000000416,"[4, 18, 43, 64, 82, 96, 117, 132, 150, 165, 180, 199, 213, 233, 247]","[104.99999999999824, 654.0000000000289, 698.0000000000323, 372.00000000002274, 643.0000000000184, 623.000000000037, 760.0000000000416, 499.00000000002683, 465.0000000000208, 422.00000000002814, 471.0000000000276, 74.9999999999983, 534.0000000000236, 704.0000000000246, 515.0000000000324]","[0, 9, 9, 60, 66, 91, 46, 130, 144, 164, 175, 196, 130, 130, 246]","[5, 38, 46, 66, 112, 112, 130, 182, 175, 166, 182, 200, 228, 255, 255]",29011017.000000857,761.0000000000273,-761.0000000000273,0.0,,,,DWT,uc1.b4952553,8.568167686462402e-07,,0.0,23.5,23.0,0.0,23.5,,2.7284841053187847e-11,27.719298245638072,10507.99999999964,61.89824561405773,,0.0,27.719298245638072,,,35.000000000001705,0.0,23.5,4.160938260611147e-11,2.7284841053187847e-11,,4.035882739117369e-12,1.6085518914442203e-11,1.950361979519359e-22,0.8094540054172367,0.8450245289685594,5.9900600280473e-06,0.5383957219251339,0.00024068782881708458,0.9999999976578551,5.5786709220923315e-09,5.5786709220923315e-09,4.59301957227458e-09,,9.465136508032632e-12,0.9999999944213996,1.9978135130485387e-11,,,,,,1.4567922273474435e-11,1.0,0.4000000000000001,2.0399919348932115e-11,2.0399919348932115e-11,0.9400000012633302,0.33137367781167293,224,1.1236422266710417,0.7241768146746747,501,0,0.2833333339928688,0.3919268882920871,224,0,0.3133029906022658,0.6631808886053077,430,142.41108337017405,0.8507221348321027,344.75,301.88312866356796,0.744674484606827,237,sym,631.1578947368421,635.0,199.88018082668043,171,0.843668654779679,0.6812178775059229,0.20506657840244782,7,179.5,119
coif8,1,periodization,2.0742779247659574e-26,314.44760239111395,4095963.7964959643,0.6793893129770993,343.2613150854079,261,raw,1.0101710868389171e-13,-2.792536202278548e-10,7.082831402176575,37938.48511159024,0.5052907008776966,4.292422349831093e-06,1.0,271.00000000000017,,,,[],[],15,502.6666666666667,75.00000000000017,759.9999999999999,"[4, 18, 43, 64, 82, 96, 117, 132, 150, 165, 180, 199, 213, 233, 247]","[105.0000000000004, 654.0, 698.0, 372.0000000000001, 643.0000000000002, 623.0000000000001, 759.9999999999999, 498.9999999999999, 465.00000000000017, 421.9999999999998, 471.0000000000002, 75.00000000000017, 534.0, 704.0000000000005, 515.0000000000001]","[0, 9, 9, 60, 66, 91, 46, 130, 144, 164, 175, 196, 196, 196, 246]","[5, 38, 46, 66, 112, 112, 196, 196, 175, 166, 196, 200, 228, 255, 255]",29011017.0,760.9999999999999,-760.9999999999999,0.0,,,,DWT,uc1.b4952553,0.0,,0.0,14.5,23.0,0.0,23.5,,1.1368683772161603e-13,27.719298245614027,10508.0,61.89824561403512,,0.0,27.719298245614027,,,34.99999999999983,0.0,32.5,1.1368683772161603e-13,1.1368683772161603e-13,,1.7053025658242404e-13,1.7586828232671264e-13,4.249958740325619e-26,0.9454158012546721,0.8337173170663567,7.175277119392633e-05,0.41411764705882365,0.00024068782881668483,0.9999999976495865,5.56075785570872e-09,5.56075785570872e-09,4.5762164088405724e-09,,3.9993534540982953e-13,0.9999999944392873,5.4585068662528386e-14,,,,,,0.0,0.0,1.0,8.49996639538838e-14,8.49996639538838e-14,0.9000000012241004,0.31727267025034056,487,1.1498873496266875,0.7410915488237046,422,0,0.25000000064893585,0.34581784270333427,495,0,0.31336617228286273,0.6633146277790107,428,38.32318706301274,0.9598289443783934,458.0,455.5960717645548,0.7398725434680227,245,coif,446.94117647058823,423.0,281.0571967283836,153,0.5974261975694778,0.9578797968923861,0.29443772263364965,5,185.0,120
db11,1,reflect,4.107660882728581e-27,321.4803260232352,4299579.121777182,0.6631205673758865,336.9607411069923,261,raw,4.2827384890923366e-14,-2.660140996368974e-10,7.182471334785314,37914.78098631928,0.5094085880777016,4.2924223498310954e-06,1.0,270.99999999999994,,,,[],[],15,502.6666666666667,75.00000000000006,760.0,"[4, 18, 43, 64, 82, 96, 117, 132, 150, 165, 180, 199, 213, 233, 247]","[104.99999999999994, 654.0000000000002, 698.0, 371.9999999999999, 642.9999999999999, 623.0, 760.0, 498.99999999999994, 465.0, 421.99999999999994, 471.0, 75.00000000000006, 534.0, 704.0, 515.0]","[0, 9, 9, 60, 66, 83, 46, 130, 144, 164, 175, 196, 196, 196, 246]","[5, 38, 46, 66, 112, 112, 196, 196, 175, 166, 196, 200, 228, 255, 255]",29011017.0,761.0,-761.0,0.0,,,,DWT,uc1.b4952553,0.0,,0.0,14.5,23.0,0.0,23.5,,0.0,27.719298245614027,10508.0,61.8982456140351,,0.0,27.719298245614027,,,34.99999999999994,0.0,32.5,0.0,0.0,,5.684341886080802e-14,6.003597972801305e-14,7.20341695331085e-27,0.971637346206205,0.8648192775791147,0.0007142263449171063,0.33844275040770666,0.00023482057266514225,0.9999999976500876,5.56075785570872e-09,5.56075785570872e-09,4.576200566763168e-09,,1.333117818032765e-13,0.9999999944392873,0.0,,,,,,0.0,0.0,1.0,0.0,0.0,0.9000000012240514,0.3172726702503233,498,1.1512201880779054,0.7419505506315475,417,0,0.25000000064893535,0.3458178427033336,497,0,0.3108354887300956,0.6579578293517863,448,39.60639678974429,0.9584838608073959,465.0,462.41016044493426,0.7355312385797985,248,db,435.1929824561403,354.5,291.32747676616117,342,0.5817223885497198,0.9928822585661271,0.29492965044535796,4,187.0,121
rbio3.5,1,zero,1.409640033429588e-27,326.125189594622,4377309.647423313,0.7536764705882353,430.5837720396584,261,raw,2.2925892772106302e-14,-2.6353863535889094e-10,7.3553763714626434,50837.4030159947,0.7128075183788805,4.2924223498310954e-06,1.0,270.99999999999994,,,,[],[],15,502.6666666666667,75.0,760.0,"[4, 18, 43, 64, 82, 96, 117, 132, 150, 165, 180, 199, 213, 233, 247]","[105.0, 654.0, 698.0, 372.0, 643.0, 623.0, 760.0, 499.0, 464.99999999999994, 421.99999999999994, 471.0, 75.0, 534.0, 704.0, 515.0]","[0, 9, 9, 60, 66, 83, 9, 130, 144, 164, 144, 196, 130, 130, 246]","[5, 38, 46, 66, 112, 112, 130, 182, 175, 166, 182, 200, 228, 255, 255]",29011017.0,761.0,-761.0,0.0,,,,DWT,uc1.b4952553,0.0,,0.0,23.5,23.0,0.0,23.5,,0.0,27.719298245614027,10508.0,61.89824561403509,,0.0,27.719298245614027,,,35.0,0.0,17.5,0.0,0.0,,5.684341886080802e-14,2.042012477956563e-14,1.4787925962566542e-27,0.9889557430751744,0.9187904664629143,0.0009594918156289876,0.7596681346335326,0.0034334340093971428,0.9999999976503382,5.56075785570872e-09,5.56075785570872e-09,4.576195286070699e-09,,1.333117818032765e-13,0.9999999944392873,0.0,,,,,,0.0,1.0,0.0,0.0,0.0,0.900000001224125,0.3172726702503493,473,1.3584890524415543,0.8755333783442404,44,0,0.25000000064895583,0.3458178427033619,472,0,0.381686752856667,0.8079315152458946,46,246.81892823147365,0.7412799494428998,258.75,82.13685241837123,0.7350267671742801,249,rbio,388.1185185185185,391.0,293.41593552782615,135,0.5187979602950641,1.0,0.3368414277934551,2,187.25,122
sym11,1,antisymmetric,2.9177295597194373e-23,282.9658214928809,4266578.800458503,0.6914893617021277,354.6264924965919,261,raw,4.5606515584059754e-12,-2.7267532676256104e-10,7.197223076265215,53121.16876273099,0.6426544692811468,4.292422349830923e-06,0.9999999999999999,271.0000000000017,,,,[],[],15,502.66666666667976,74.99999999999758,760.0000000000229,"[4, 18, 43, 64, 82, 96, 117, 132, 150, 165, 180, 199, 213, 233, 247]","[104.9999999999988, 654.0000000000151, 698.0000000000153, 372.0000000000123, 643.0000000000066, 623.0000000000186, 760.0000000000229, 499.0000000000183, 465.0000000000126, 422.00000000001535, 471.0000000000156, 74.99999999999758, 534.0000000000133, 704.0000000000139, 515.0000000000202]","[0, 9, 9, 60, 66, 91, 46, 130, 144, 164, 175, 196, 130, 130, 246]","[5, 38, 46, 66, 112, 112, 130, 182, 175, 166, 182, 200, 228, 255, 255]",29011017.000000484,761.0000000000148,-761.0000000000148,0.0,,,,DWT,uc1.b4952553,4.842877388000488e-07,,0.0,23.5,23.0,0.0,23.5,,1.4779288903810084e-11,27.7192982456271,10507.999999999804,61.89824561404763,,0.0,27.7192982456271,,,35.000000000002416,0.0,23.5,2.2851054382044822e-11,1.4779288903810084e-11,,1.7053025658242404e-12,9.053204234249824e-12,6.190648128077009e-23,0.8280358249952702,0.8694239382707665,0.0006100994362851412,0.4704016384116512,0.00399871277303227,0.9999999976609871,5.570497820881842e-09,5.570497820881842e-09,4.58551570827718e-09,,3.999353454098295e-12,0.9999999944295305,1.0971598801168206e-11,,,,,,8.234043024137723e-12,1.0,0.4000000000000001,1.1049956314004895e-11,1.1049956314004895e-11,0.9400000012470373,0.33137367780592925,226,1.1215986543272773,0.7228597515781329,516,0,0.2833333339885278,0.3919268882860823,226,0,0.310352887699437,0.6569362885751125,453,151.4449845103275,0.8412526367816273,355.25,307.80957042345847,0.7344365909275012,253,sym,631.1578947368421,635.0,199.88018082668043,171,0.843668654779679,0.6812178775059229,0.20506657840244782,7,191.5,123
coif3,1,zero,5.256678916657569e-27,320.40915733885646,4078750.821170825,0.7050359712230215,350.24141220481454,261,raw,4.8267903084393007e-14,-2.692551737126855e-10,7.112721093286167,39706.77558097406,0.5476999970146316,4.292422349831095e-06,0.9999999999999999,271.0,,,,[],[],15,502.6666666666667,75.00000000000006,760.0000000000001,"[4, 18, 43, 64, 82, 96, 117, 132, 150, 165, 180, 199, 213, 233, 247]","[104.99999999999989, 654.0, 698.0000000000002, 371.9999999999999, 643.0, 623.0, 760.0000000000001, 499.00000000000006, 465.00000000000017, 422.00000000000017, 471.0, 75.00000000000006, 534.0000000000001, 703.9999999999999, 515.0000000000001]","[0, 9, 9, 60, 66, 91, 46, 130, 144, 164, 175, 196, 196, 196, 246]","[5, 38, 46, 66, 112, 112, 196, 196, 175, 166, 196, 200, 228, 255, 255]",29011017.0,761.0000000000001,-761.0000000000001,0.0,,,,DWT,uc1.b4952553,0.0,,0.0,14.5,23.0,0.0,23.5,,1.1368683772161603e-13,27.719298245614027,10508.0,61.898245614035154,,0.0,27.719298245614027,,,34.99999999999994,0.0,32.5,1.1368683772161603e-13,1.1368683772161603e-13,,0.0,7.086586013648232e-14,9.641387966556891e-27,0.9676434884524574,0.8430471908257005,1.7440151275570706e-05,0.5334143807948292,0.000678375911190962,0.9999999976500876,5.56075785570872e-09,5.56075785570872e-09,4.576242812302913e-09,,0.0,0.9999999944392873,5.4585068662528386e-14,,,,,,0.0,0.0,1.0,8.49996639538838e-14,8.49996639538838e-14,0.9000000012240588,0.3172726702503259,491,1.215755511242392,0.7835429575863109,238,0,0.2500000006489465,0.34581784270334903,490,0,0.3349715537336464,0.7090475971376624,238,145.78151460318966,0.847189188046971,364.25,320.491311928223,0.7326878854280976,258,coif,446.94117647058823,423.0,281.0571967283836,153,0.5974261975694778,0.9578797968923861,0.29443772263364965,5,194.75,124
db31,1,periodic,1.048743725429914e-26,317.4095780907459,4850825.887351706,0.6583850931677019,339.6116987583216,261,raw,7.482477813167183e-14,-2.612591254447305e-10,7.37383898292232,37485.27374603393,0.5280805170956948,4.2924223498310954e-06,1.0,271.0000000000001,,,,[],[],15,502.6666666666667,74.99999999999991,759.9999999999999,"[4, 18, 43, 64, 82, 96, 117, 132, 150, 165, 180, 199, 213, 233, 247]","[105.00000000000006, 654.0, 698.0000000000002, 372.0000000000001, 643.0, 622.9999999999999, 759.9999999999999, 498.99999999999994, 464.9999999999997, 422.00000000000006, 471.00000000000017, 74.99999999999991, 534.0, 704.0, 515.0]","[0, 9, 9, 60, 66, 83, 46, 130, 144, 164, 144, 196, 196, 196, 246]","[5, 38, 46, 66, 112, 112, 196, 196, 175, 166, 196, 200, 228, 255, 255]",29011017.0,760.9999999999999,-760.9999999999999,0.0,,,,DWT,uc1.b4952553,0.0,,0.0,14.5,23.0,0.0,23.5,,1.1368683772161603e-13,27.719298245614027,10508.0,61.89824561403508,,0.0,27.719298245614027,,,35.000000000000085,0.0,31.0,1.1368683772161603e-13,1.1368683772161603e-13,,1.1368683772161603e-13,1.2372990186138868e-13,2.0739940667996325e-26,0.9564595423450385,0.9245534512175917,0.0024535918813415715,0.3164154515561166,0.00012850874006680672,0.999999997650714,5.56075785570872e-09,5.56075785570872e-09,4.576190005378231e-09,,2.66623563606553e-13,0.9999999944392873,5.4585068662528386e-14,,,,,,0.0,0.0,0.9000000000000001,8.49996639538838e-14,8.49996639538838e-14,0.8900000012243643,0.3137474183635579,511,1.1639968310750002,0.7501849765086201,385,0,0.24166666731568315,0.3342905813099232,512,0,0.31428722082003985,0.6652642478134686,419,64.72699076377128,0.9321520012958372,456.75,449.7358564017656,0.7266892081950884,272,db,435.1929824561403,354.5,291.32747676616117,342,0.5817223885497198,0.9928822585661271,0.29492965044535796,4,205.0,125
db34,1,periodic,1.2270471449533341e-26,316.72765935282223,4928259.066717025,0.6402439024390244,336.2069324443849,261,raw,8.291366741759981e-14,-2.6601565394913213e-10,7.434602856296149,37715.259434767024,0.5328244613426248,4.2924223498310954e-06,1.0,270.9999999999999,,,,[],[],15,502.6666666666667,74.99999999999989,759.9999999999998,"[4, 18, 43, 64, 82, 96, 117, 132, 150, 165, 180, 199, 213, 233, 247]","[104.99999999999977, 654.0000000000001, 698.0000000000002, 372.0, 643.0000000000001, 623.0, 759.9999999999998, 499.0, 465.0, 422.0000000000001, 470.99999999999994, 74.99999999999989, 534.0000000000001, 703.9999999999999, 515.0000000000001]","[0, 9, 9, 60, 66, 91, 46, 130, 144, 164, 144, 196, 196, 196, 246]","[5, 38, 46, 66, 112, 112, 196, 196, 175, 166, 196, 200, 228, 255, 255]",29011017.0,760.9999999999998,-760.9999999999998,0.0,,,,DWT,uc1.b4952553,0.0,,0.0,14.5,23.0,0.0,23.5,,2.2737367544323206e-13,27.719298245614027,10508.0,61.89824561403515,,0.0,27.719298245614027,,,35.000000000000114,0.0,31.0,2.2737367544323206e-13,2.2737367544323206e-13,,1.1368683772161603e-13,1.3983162241240135e-13,2.4523158646519474e-26,0.9539170049477079,0.9435205012827109,0.002697919126370281,0.2320307812703796,0.00018543490509341195,0.9999999976508394,5.56075785570872e-09,5.56075785570872e-09,4.576237531610445e-09,,2.66623563606553e-13,0.9999999944392873,1.0917013732505677e-13,,,,,,0.0,0.0,0.9000000000000001,1.699993279077676e-13,1.699993279077676e-13,0.8900000012244773,0.3137474183635977,502,1.1383458996433964,0.7336531931912461,456,0,0.2416666673157163,0.334290581309969,502,0,0.3046216630760574,0.6448047776973419,526,29.274562336608895,0.969313875957433,496.5,495.16061669044984,0.724436812192553,275,db,435.1929824561403,354.5,291.32747676616117,342,0.5817223885497198,0.9928822585661271,0.29492965044535796,4,207.25,126
bior3.3,1,reflect,1.3249153143494e-27,326.3943906454244,4704052.436246776,0.6716417910447762,286.72550652079246,261,raw,2.2675773561960886e-14,-2.63782551357401e-10,6.8040235217626845,47590.49473566679,0.7439881088313705,4.2924223498310954e-06,1.0,270.99999999999994,,,,[],[],15,502.6666666666667,75.0,760.0,"[4, 18, 43, 64, 82, 96, 117, 132, 150, 165, 180, 199, 213, 233, 247]","[105.0, 654.0, 698.0, 372.0, 643.0, 623.0, 760.0, 499.0, 465.0, 421.9999999999999, 471.0, 75.0, 534.0, 704.0, 515.0]","[0, 9, 9, 60, 66, 91, 46, 130, 144, 164, 175, 196, 196, 196, 246]","[5, 38, 46, 66, 112, 112, 196, 196, 175, 166, 196, 200, 228, 255, 255]",29011017.0,761.0,-761.0,0.0,,,,DWT,uc1.b4952553,0.0,,0.0,14.5,23.0,0.0,23.5,,0.0,27.719298245614027,10508.0,61.89824561403508,,0.0,27.719298245614027,,,35.0,0.0,32.5,0.0,0.0,,5.684341886080802e-14,1.992223817439134e-14,1.2990248266276543e-27,0.989959460528591,0.7466892404684998,0.0019904731866714565,0.3780796551999364,0.0026297577562773176,0.9999999976503382,5.56075785570872e-09,5.56075785570872e-09,4.576190005378231e-09,,1.333117818032765e-13,0.9999999944392873,0.0,,,,,,0.0,0.0,1.0,0.0,0.0,0.9000000012241235,0.3172726702503487,476,1.1205992983272317,0.7222156760640048,520,0,0.2500000006489554,0.3458178427033613,477,0,0.3027640838771423,0.6408727660002205,550,35.92932878118748,0.9623382297891117,505.75,503.87129759161354,0.716100980722648,284,bior,527.0666666666667,504.0,178.22232468163287,135,0.7045299272241201,0.60740506258131,0.3246075321687229,3,213.75,127
sym8,1,antireflect,3.0574936550508058e-21,262.7626162010568,4210845.120264516,0.7065217391304348,362.7997732083829,261,raw,4.4924602139659603e-11,-1.1327006001193111e-10,7.192195891274006,50530.283627716664,0.623381214105866,4.292422349831963e-06,0.9999999999999999,270.9999999999726,,,,[],[],15,502.6666666665977,74.99999999995163,759.9999999998998,"[4, 18, 43, 64, 82, 96, 117, 132, 150, 165, 180, 199, 213, 233, 247]","[104.99999999998346, 653.9999999998939, 697.9999999998261, 371.9999999999288, 642.9999999998197, 622.9999999998491, 759.9999999998998, 499.00000000006565, 464.9999999999286, 421.99999999991957, 470.99999999999307, 74.99999999995163, 533.9999999999498, 703.9999999999504, 515.0000000000033]","[0, 9, 9, 60, 66, 91, 46, 130, 144, 164, 144, 196, 130, 130, 246]","[5, 38, 46, 66, 112, 112, 130, 182, 175, 166, 182, 200, 228, 255, 255]",29011016.99999787,760.9999999999329,-760.9999999999329,0.0,,,,DWT,uc1.b4952553,2.130866050720215e-06,,0.0,23.5,23.0,0.0,23.5,,6.707523425575346e-11,27.71929824554502,10508.000000001035,61.898245613989374,,0.0,27.71929824554502,,,35.000000000048374,0.0,22.0,1.0015810403274372e-10,6.707523425575346e-11,,2.7398527890909463e-11,8.940157217703955e-11,6.487347410211366e-21,0.7527080738371,0.8678547349905827,0.00043424127511028376,0.5403255056963499,0.0033574156750551523,0.999999997863568,5.5093477786645014e-09,5.5093477786645014e-09,4.542219310729905e-09,,6.425627882917928e-11,0.9999999944906918,4.808944549168751e-11,,,,,,3.6229789306205986e-11,1.0,0.30000000000000004,5.0149801732791444e-11,5.0149801732791444e-11,0.9300000013670385,0.327848425961357,262,1.103242501010489,0.7110293839369891,570,0,0.27500000068033753,0.3803996269273393,262,0,0.30923999593765716,0.6545805863646744,464,153.45248993309514,0.8391483334034642,389.5,346.5259767861698,0.7154337054857992,287,sym,631.1578947368421,635.0,199.88018082668043,171,0.843668654779679,0.6812178775059229,0.20506657840244782,7,217.0,128
db24,1,periodic,7.376119217976579e-27,318.93799257089364,4650049.406254634,0.6493506493506493,337.49645491275277,261,raw,6.364768227149918e-14,-2.632206674846381e-10,7.337697455588838,37452.03223970102,0.5304674811109309,4.2924223498310954e-06,0.9999999999999999,270.99999999999994,,,,[],[],15,502.6666666666667,74.99999999999997,760.0,"[4, 18, 43, 64, 82, 96, 117, 132, 150, 165, 180, 199, 213, 233, 247]","[104.99999999999994, 654.0, 698.0000000000001, 372.00000000000034, 642.9999999999999, 623.0, 760.0, 498.9999999999999, 464.9999999999999, 421.99999999999983, 471.0000000000001, 74.99999999999997, 534.0, 703.9999999999998, 515.0000000000002]","[0, 9, 9, 60, 66, 91, 46, 130, 144, 164, 175, 196, 130, 130, 246]","[5, 38, 46, 66, 112, 112, 130, 196, 175, 166, 196, 200, 228, 255, 255]",29011017.0,761.0,-761.0,0.0,,,,DWT,uc1.b4952553,0.0,,0.0,19.0,23.0,0.0,23.5,,0.0,27.719298245614027,10508.0,61.898245614035076,,0.0,27.719298245614027,,,35.00000000000003,0.0,23.5,0.0,0.0,,5.684341886080802e-14,1.0148080587914173e-13,1.413838789723034e-26,0.9621582433166959,0.9132721072165809,0.0018200757982479057,0.2743912771720258,0.0001202807869030069,0.9999999976504634,5.56075785570872e-09,5.56075785570872e-09,4.576184724685763e-09,,1.333117818032765e-13,0.9999999944392873,0.0,,,,,,0.0,0.5,0.4000000000000001,0.0,0.0,0.8900000012241596,0.31374741836348574,543,1.1446456606810338,0.7377133297482033,443,0,0.24166666731563205,0.33429058130985245,542,0,0.307394569184365,0.6506742982320534,484,48.586692279539534,0.9490705531661011,503.0,499.37009942980865,0.7109084422014992,294,db,435.1929824561403,354.5,291.32747676616117,342,0.5817223885497198,0.9928822585661271,0.29492965044535796,4,221.5,129
db10,1,periodization,4.735044265273228e-27,320.86303141227773,4078492.3441433925,0.6717557251908397,347.6062825464591,261,raw,5.014634939732204e-14,-2.65531041598883e-10,7.113172847230929,37938.485111590235,0.5042343601716919,4.2924223498310954e-06,1.0,270.9999999999999,,,,[],[],15,502.6666666666667,75.00000000000006,759.9999999999999,"[4, 18, 43, 64, 82, 96, 117, 132, 150, 165, 180, 199, 213, 233, 247]","[105.00000000000011, 654.0, 697.9999999999998, 371.9999999999999, 643.0000000000002, 622.9999999999999, 759.9999999999999, 498.9999999999999, 464.9999999999999, 421.9999999999999, 471.0000000000001, 75.00000000000006, 534.0000000000001, 703.9999999999999, 514.9999999999999]","[0, 9, 9, 60, 66, 91, 46, 130, 144, 164, 144, 196, 196, 196, 246]","[5, 38, 46, 66, 112, 112, 255, 196, 175, 166, 196, 200, 228, 255, 255]",29011017.0,760.9999999999999,-760.9999999999999,0.0,,,,DWT,uc1.b4952553,0.0,,0.0,14.5,23.0,0.0,23.5,,1.1368683772161603e-13,27.719298245614027,10508.0,61.89824561403505,,0.0,27.719298245614027,,,34.99999999999994,0.0,31.0,1.1368683772161603e-13,1.1368683772161603e-13,,1.1368683772161603e-13,7.4605090150853e-14,8.534590577806487e-27,0.9693357601868667,0.8431882028977041,1.662457091927607e-05,0.37860962566844925,0.000240687828816683,0.9999999976500876,5.56075785570872e-09,5.56075785570872e-09,4.576163601915889e-09,,2.66623563606553e-13,0.9999999944392873,5.4585068662528386e-14,,,,,,0.0,0.0,0.9000000000000001,8.49996639538838e-14,8.49996639538838e-14,0.8900000012241684,0.31374741836348885,542,1.1547439952453609,0.7442216111074571,413,0,0.24166666731562875,0.3342905813098479,550,0,0.313055843021833,0.6626577415019461,433,71.5565044795603,0.9249931818872533,484.5,476.53218399783736,0.7085657733335637,303,db,435.1929824561403,354.5,291.32747676616117,342,0.5817223885497198,0.9928822585661271,0.29492965044535796,4,228.25,130
bior2.8,1,periodic,3.439963232103228e-27,322.25073383902844,4421850.123432912,0.6654676258992805,313.6764400144057,261,raw,4.0578864236452624e-14,-2.724998005021528e-10,7.0242830273920145,40454.17248207415,0.6426700437834328,4.2924223498310954e-06,0.9999999999999999,271.00000000000006,,,,[],[],15,502.6666666666667,75.0,760.0,"[4, 18, 43, 64, 82, 96, 117, 132, 150, 165, 180, 199, 213, 233, 247]","[105.00000000000011, 654.0, 698.0, 372.0, 643.0, 623.0000000000002, 760.0, 499.0, 465.0, 421.99999999999994, 471.00000000000006, 75.0, 533.9999999999999, 704.0, 515.0]","[0, 9, 9, 60, 66, 83, 46, 130, 144, 164, 144, 196, 196, 196, 246]","[5, 38, 46, 66, 112, 112, 255, 196, 175, 166, 196, 200, 228, 255, 255]",29011017.0,761.0,-761.0,0.0,,,,DWT,uc1.b4952553,0.0,,0.0,14.5,23.0,0.0,23.5,,0.0,27.719298245614027,10508.0,61.8982456140351,,0.0,27.719298245614027,,,35.0,0.0,31.0,0.0,0.0,,5.684341886080802e-14,5.556008075700686e-14,5.7867050569180256e-27,0.9745098155693643,0.8154418205564778,0.0011000317222283373,0.34936021236486736,0.0008633719410168569,0.9999999976503382,5.56075785570872e-09,5.56075785570872e-09,4.576200566763168e-09,,1.333117818032765e-13,0.9999999944392873,0.0,,,,,,0.0,0.0,0.9000000000000001,0.0,0.0,0.8900000012241267,0.31374741836347414,553,1.1330662492033419,0.7302505082907312,482,0,0.24166666731562292,0.33429058130983985,551,0,0.30589646459343006,0.6475032007205676,508,34.58805188693537,0.9637441804120175,523.5,521.7577528511575,0.7075010210236188,304,bior,527.0666666666667,504.0,178.22232468163287,135,0.7045299272241201,0.60740506258131,0.3246075321687229,3,228.75,131
bior3.7,1,reflect,1.5551803367595014e-27,325.6984642803573,4741665.105020512,0.6666666666666666,288.33406574931394,261,raw,2.345335505200488e-14,-2.6504520800330723e-10,6.887255324151285,45920.70711224037,0.7343036528347484,4.2924223498310954e-06,1.0,271.0,,,,[],[],15,502.6666666666667,75.0,760.0,"[4, 18, 43, 64, 82, 96, 117, 132, 150, 165, 180, 199, 213, 233, 247]","[105.00000000000006, 654.0, 698.0, 372.0, 643.0, 622.9999999999999, 760.0, 498.99999999999994, 465.0, 421.99999999999994, 471.0, 75.0, 534.0, 704.0, 514.9999999999999]","[0, 9, 9, 60, 66, 91, 46, 130, 144, 164, 175, 196, 182, 182, 246]","[5, 38, 46, 66, 112, 112, 182, 182, 175, 166, 182, 200, 228, 255, 255]",29011017.0,761.0,-761.0,0.0,,,,DWT,uc1.b4952553,0.0,,0.0,23.5,23.0,0.0,23.5,,0.0,27.719298245614027,10508.0,61.89824561403506,,0.0,27.719298245614027,,,35.0,0.0,26.5,0.0,0.0,,0.0,2.1470089729253097e-14,1.7875980547437333e-27,0.9873646956239648,0.7726695092575305,0.0021091535742648426,0.35493761140819946,0.0022164511443130055,0.9999999976503382,5.56075785570872e-09,5.56075785570872e-09,4.576174163300826e-09,,0.0,0.9999999944392873,0.0,,,,,,0.0,1.0,0.6000000000000001,0.0,0.0,0.960000001224052,0.33842418157157783,172,1.1226697738112879,0.7235500779806612,509,0,0.30000000064894294,0.41498141106448005,166,0,0.30275677442975635,0.6408572938025139,553,209.78560484456506,0.7800989467038102,350.0,256.2295048877564,0.7066113182156367,308,bior,527.0666666666667,504.0,178.22232468163287,135,0.7045299272241201,0.60740506258131,0.3246075321687229,3,231.75,132
bior3.9,1,symmetric,2.1670401985646018e-27,324.25760217010634,4784263.46204994,0.6642857142857143,291.3658630056088,261,raw,2.984415609490464e-14,-2.6452640078389984e-10,6.905165915294559,46139.593179747266,0.7344794577927171,4.2924223498310954e-06,1.0,271.0000000000001,,,,[],[],15,502.6666666666667,75.00000000000003,760.0,"[4, 18, 43, 64, 82, 96, 117, 132, 150, 165, 180, 199, 213, 233, 247]","[105.0, 654.0, 698.0, 372.0, 643.0, 623.0, 760.0, 498.99999999999994, 464.99999999999994, 421.9999999999999, 470.9999999999999, 75.00000000000003, 534.0, 704.0, 515.0]","[0, 9, 9, 60, 66, 91, 46, 130, 144, 164, 144, 196, 182, 182, 246]","[5, 38, 46, 66, 112, 112, 255, 182, 175, 166, 182, 200, 228, 255, 255]",29011017.0,761.0,-761.0,0.0,,,,DWT,uc1.b4952553,0.0,,0.0,19.0,23.0,0.0,23.5,,0.0,27.719298245614027,10508.0,61.898245614035076,,0.0,27.719298245614027,,,34.99999999999997,0.0,26.5,0.0,0.0,,1.1368683772161603e-13,3.4191600539014047e-14,3.0858340816830252e-27,0.9819924340978126,0.7782601844407993,0.002243565454302032,0.3438624904507256,0.002270629925912684,0.999999997650213,5.56075785570872e-09,5.56075785570872e-09,4.576184724685763e-09,,2.66623563606553e-13,0.9999999944392873,0.0,,,,,,0.0,0.5,0.6000000000000001,0.0,0.0,0.9100000012241511,0.3207979221372342,406,1.1179005835569038,0.7204763798541413,528,0,0.2583333339822889,0.35734510409688425,427,0,0.30123275776708375,0.6376313471792224,573,79.97708005005768,0.916166582756753,483.5,473.702710578845,0.7046765827829886,318,bior,527.0666666666667,504.0,178.22232468163287,135,0.7045299272241201,0.60740506258131,0.3246075321687229,3,239.25,133
db38,1,periodic,1.3827664741706163e-26,316.20878343239383,4930691.036721577,0.6398809523809523,337.29731340122726,261,raw,8.639832144738115e-14,-2.587748904048291e-10,7.462231485748962,37274.91671479876,0.5274591530664088,4.292422349831097e-06,1.0,271.0000000000003,,,,[],[],15,502.6666666666667,75.0,760.0000000000003,"[4, 18, 43, 64, 82, 96, 117, 132, 150, 165, 180, 199, 213, 233, 247]","[104.99999999999989, 653.9999999999997, 698.0000000000002, 371.9999999999998, 643.0, 623.0000000000002, 760.0000000000003, 498.9999999999999, 464.99999999999966, 422.0, 470.99999999999966, 75.0, 533.9999999999995, 704.0, 515.0]","[0, 9, 9, 60, 66, 91, 46, 130, 144, 164, 144, 196, 130, 130, 246]","[5, 38, 46, 66, 112, 112, 130, 196, 175, 166, 196, 200, 228, 255, 255]",29011017.0,761.0000000000002,-761.0000000000002,0.0,,,,DWT,uc1.b4952553,0.0,,0.0,19.0,23.0,0.0,23.5,,2.2737367544323206e-13,27.719298245614027,10508.0,61.89824561403506,,0.0,27.719298245614027,,,35.0,0.0,22.0,3.410605131648481e-13,2.2737367544323206e-13,,2.8421709430404007e-13,1.4676816504775555e-13,2.782719043386837e-26,0.95198237350426,0.9521445992699837,0.0027055927946359397,0.23034250063661801,7.644106950624062e-05,0.9999999976503382,5.56075785570872e-09,5.56075785570872e-09,4.576174163300826e-09,,6.665589090163825e-13,0.9999999944392873,1.6375520598758517e-13,,,,,,0.0,0.5,0.30000000000000004,1.699993279077676e-13,1.699993279077676e-13,0.8800000012245351,0.3102221664767424,562,1.1407820968173596,0.7352232992868375,451,0,0.23333333398237374,0.3227633199164336,563,0,0.3053216438964501,0.6462864549120482,520,52.630789467763066,0.9448314575809611,524.0,519.7552345447839,0.6977826051007531,326,db,435.1929824561403,354.5,291.32747676616117,342,0.5817223885497198,0.9928822585661271,0.29492965044535796,4,245.5,134
db5,1,periodization,3.1322655424959226e-27,322.65768611650714,4078182.387877291,0.7175572519083969,367.76507498628905,261,raw,3.90407161686195e-14,-2.6582780421336545e-10,7.113713473491886,37938.48511159023,0.5064476292727788,4.2924223498310954e-06,1.0,271.0,,,,[],[],15,502.6666666666667,74.99999999999997,760.0,"[4, 18, 43, 64, 82, 96, 117, 132, 150, 165, 180, 199, 213, 233, 247]","[105.00000000000017, 654.0, 698.0000000000002, 371.9999999999999, 642.9999999999999, 623.0000000000001, 760.0, 498.9999999999999, 465.0, 421.9999999999999, 471.0, 74.99999999999997, 534.0, 704.0, 515.0]","[0, 9, 9, 60, 66, 91, 46, 130, 144, 164, 175, 196, 130, 130, 246]","[5, 38, 46, 66, 112, 112, 130, 196, 175, 166, 196, 200, 228, 255, 255]",29011017.0,761.0,-761.0,0.0,,,,DWT,uc1.b4952553,0.0,,0.0,19.0,23.0,0.0,23.5,,0.0,27.719298245614027,10508.0,61.89824561403508,,0.0,27.719298245614027,,,35.00000000000003,0.0,23.5,0.0,0.0,,0.0,5.249824748437013e-14,5.133836236800142e-27,0.9760271391548239,0.8433569558884001,1.564655656939812e-05,0.5916577540106951,0.00024068782881668115,0.9999999976504634,5.56075785570872e-09,5.56075785570872e-09,4.576190005378231e-09,,0.0,0.9999999944392873,0.0,,,,,,0.0,0.5,0.4000000000000001,0.0,0.0,0.8900000012240945,0.31374741836346276,559,1.2440619614511996,0.8017861977034901,177,0,0.24166666731562134,0.33429058130983763,559,0,0.34447116906276537,0.7291558103508948,172,222.00056306234902,0.7672950072721708,366.75,265.9311271627751,0.6914305225040099,340,db,435.1929824561403,354.5,291.32747676616117,342,0.5817223885497198,0.9928822585661271,0.29492965044535796,4,256.0,135
bior2.6,1,periodization,2.920855967516344e-27,322.96117042875653,4259589.496588351,0.6717557251908397,324.90144992177875,261,raw,3.5472263695983315e-14,-2.708604451839911e-10,6.94747190365061,40161.223083471195,0.6390358586304051,4.2924223498310954e-06,0.9999999999999999,271.00000000000006,,,,[],[],15,502.6666666666667,74.99999999999997,760.0000000000001,"[4, 18, 43, 64, 82, 96, 117, 132, 150, 165, 180, 199, 213, 233, 247]","[105.00000000000006, 654.0000000000001, 698.0000000000001, 372.0, 643.0000000000001, 623.0, 760.0000000000001, 499.0, 464.99999999999994, 422.0, 471.0, 74.99999999999997, 534.0, 704.0000000000001, 515.0]","[0, 9, 9, 60, 66, 83, 46, 130, 144, 164, 144, 196, 130, 130, 246]","[5, 38, 46, 66, 112, 112, 130, 196, 175, 166, 196, 200, 228, 255, 255]",29011017.0,761.0000000000001,-761.0000000000001,0.0,,,,DWT,uc1.b4952553,0.0,,0.0,19.0,23.0,0.0,23.5,,1.1368683772161603e-13,27.719298245614027,10508.0,61.89824561403512,,0.0,27.719298245614027,,,35.00000000000003,0.0,22.0,1.1368683772161603e-13,1.1368683772161603e-13,,5.684341886080802e-14,4.5394895901363986e-14,4.6852702434880375e-27,0.9771586819186239,0.7914657250795101,0.0005880458750952269,0.37860962566844925,0.0007908609691334281,0.9999999976504634,5.56075785570872e-09,5.56075785570872e-09,4.5762164088405724e-09,,1.333117818032765e-13,0.9999999944392873,5.4585068662528386e-14,,,,,,0.0,0.5,0.30000000000000004,8.49996639538838e-14,8.49996639538838e-14,0.8800000012242304,0.310222166476635,587,1.1340822892835236,0.7309053365371098,473,0,0.23333333398232,0.32276331991635926,580,0,0.30694470564440823,0.6497220542026997,493,58.66500944629033,0.9385062794064043,533.25,528.3821869058867,0.6897720076277305,342,bior,527.0666666666667,504.0,178.22232468163287,135,0.7045299272241201,0.60740506258131,0.3246075321687229,3,257.25,136
rbio3.3,1,periodization,1.812053357925567e-27,325.0345620274868,4324881.817030644,0.7595419847328244,438.3440673272627,261,raw,2.6419905003627783e-14,-2.6297186650481975e-10,7.323072836116421,48092.69714865487,0.73405913171006,4.2924223498310954e-06,1.0,271.0,,,,[],[],15,502.6666666666667,74.99999999999994,760.0,"[4, 18, 43, 64, 82, 96, 117, 132, 150, 165, 180, 199, 213, 233, 247]","[105.0, 654.0, 698.0, 372.0, 642.9999999999999, 622.9999999999999, 760.0, 498.99999999999994, 464.99999999999994, 421.99999999999994, 470.99999999999994, 74.99999999999994, 533.9999999999999, 703.9999999999999, 515.0]","[0, 9, 9, 60, 66, 91, 46, 130, 144, 164, 144, 196, 196, 196, 246]","[5, 38, 46, 66, 112, 112, 255, 196, 175, 166, 196, 200, 228, 255, 255]",29011017.0,761.0,-761.0,0.0,,,,DWT,uc1.b4952553,0.0,,0.0,14.5,23.0,0.0,23.5,,0.0,27.719298245614027,10508.0,61.89824561403505,,0.0,27.719298245614027,,,35.00000000000006,0.0,31.0,0.0,0.0,,0.0,2.7375295825317526e-14,2.3326277768155366e-27,0.9848893327805344,0.9087071268373657,0.000794064701985112,0.7869518716577542,0.0027540631319552646,0.9999999976505888,5.56075785570872e-09,5.56075785570872e-09,4.576163601915889e-09,,0.0,0.9999999944392873,0.0,,,,,,0.0,0.0,0.9000000000000001,0.0,0.0,0.890000001224124,0.3137474183634732,558,1.3615665693538876,0.8775168089610158,42,0,0.24166666731562958,0.33429058130984907,548,0,0.38344235130137466,0.8116476602286068,44,294.47806935887996,0.6913227784498114,298.0,79.75478792230932,0.68947690285174,344,rbio,388.1185185185185,391.0,293.41593552782615,135,0.5187979602950641,1.0,0.3368414277934551,2,258.5,137
bior1.3,1,periodization,3.0630339779219205e-27,322.75475370144125,4141977.4831184237,0.6526717557251909,340.5193001344969,261,raw,4.158572166912993e-14,-2.74033240543765e-10,7.038566702908719,38482.62174088413,0.5299980711649317,4.292422349831095e-06,0.9999999999999999,271.00000000000006,,,,[],[],15,502.6666666666667,74.99999999999997,760.0,"[4, 18, 43, 64, 82, 96, 117, 132, 150, 165, 180, 199, 213, 233, 247]","[105.0, 654.0000000000001, 698.0, 372.00000000000006, 643.0000000000001, 623.0000000000001, 760.0, 499.00000000000006, 465.0000000000001, 422.00000000000006, 471.00000000000006, 74.99999999999997, 534.0000000000001, 704.0000000000001, 515.0000000000001]","[0, 9, 9, 60, 66, 83, 9, 130, 144, 164, 175, 196, 182, 182, 246]","[5, 38, 46, 66, 112, 112, 182, 182, 175, 166, 182, 200, 228, 255, 255]",29011017.000000004,761.0,-761.0,0.0,,,,DWT,uc1.b4952553,3.725290298461914e-09,,0.0,23.5,23.0,0.0,23.5,,0.0,27.719298245614027,10508.0,61.898245614035154,,0.0,27.719298245614027,,,35.00000000000003,0.0,22.0,0.0,0.0,,5.684341886080802e-14,5.756432836661178e-14,4.986941634061888e-27,0.9763890561268006,0.8199003774850745,0.00021694114364909577,0.2898395721925135,0.00037537278128845614,0.9999999976504634,5.56075785570872e-09,5.56075785570872e-09,4.576242812302913e-09,,1.333117818032765e-13,0.9999999944392873,0.0,,,,,,6.33387924933671e-14,1.0,0.30000000000000004,0.0,0.0,0.9300000012242086,0.3278484259110058,318,1.1119780709799802,0.716659376371161,548,0,0.2750000006489755,0.3803996268839571,316,0,0.29810304567562623,0.6310065612430853,602,150.58109664452132,0.8421581796179022,446.0,408.3650252795015,0.6873264692638776,346,bior,527.0666666666667,504.0,178.22232468163287,135,0.7045299272241201,0.60740506258131,0.3246075321687229,3,260.25,138
db32,1,reflect,1.124377427068545e-26,317.10715066407727,4869838.042297295,0.6635802469135802,326.95068707462934,261,raw,7.931841645816242e-14,-2.657986053478176e-10,7.37352326891879,38731.79501096637,0.5111547589278863,4.2924223498310954e-06,1.0,270.9999999999999,,,,[],[],15,502.6666666666667,74.99999999999997,760.0000000000001,"[4, 18, 43, 64, 82, 96, 117, 132, 150, 165, 180, 199, 213, 233, 247]","[104.99999999999994, 654.0, 698.0, 372.0000000000001, 643.0000000000001, 623.0000000000001, 760.0000000000001, 498.99999999999983, 464.9999999999999, 422.0, 471.00000000000006, 74.99999999999997, 534.0000000000002, 704.0000000000001, 515.0000000000001]","[0, 9, 9, 60, 66, 83, 46, 130, 144, 164, 144, 196, 130, 130, 246]","[5, 38, 46, 66, 112, 112, 130, 196, 175, 166, 196, 200, 228, 255, 255]",29011017.0,761.0,-761.0,0.0,,,,DWT,uc1.b4952553,0.0,,0.0,19.0,23.0,0.0,23.5,,0.0,27.719298245614027,10508.0,61.89824561403513,,0.0,27.719298245614027,,,35.00000000000003,0.0,22.0,1.1368683772161603e-13,0.0,,1.1368683772161603e-13,1.3267492583598384e-13,2.2344726378704137e-26,0.9553319401843694,0.9244549031333645,0.002513581506951538,0.3405809731299925,0.00043704826540686933,0.9999999976504634,5.56075785570872e-09,5.56075785570872e-09,4.5762269702255084e-09,,2.66623563606553e-13,0.9999999944392873,5.4585068662528386e-14,,,,,,0.0,0.5,0.30000000000000004,0.0,0.0,0.8800000012242661,0.3102221664766476,579,1.1730906149889793,0.7560458344506322,353,0,0.23333333398231784,0.32276331991635626,584,0,0.31761692088860255,0.6723123562468217,377,125.39637155835092,0.8685572625174518,473.25,448.1880312071874,0.6862440400637574,348,db,435.1929824561403,354.5,291.32747676616117,342,0.5817223885497198,0.9928822585661271,0.29492965044535796,4,262.0,139
coif7,1,periodic,1.0720217715362001e-26,317.31423579091006,4584415.927656659,0.6986754966887417,363.4556930028582,261,raw,7.81699098809639e-14,-2.7491131593394114e-10,7.33065736112432,38978.352202566384,0.5123359779069107,4.292422349831095e-06,1.0,271.0000000000002,,,,[],[],15,502.66666666666674,75.00000000000003,759.9999999999999,"[4, 18, 43, 64, 82, 96, 117, 132, 150, 165, 180, 199, 213, 233, 247]","[105.00000000000006, 654.0000000000002, 697.9999999999999, 372.00000000000017, 643.0000000000002, 623.0000000000005, 759.9999999999999, 499.0000000000002, 465.0, 422.0000000000001, 471.00000000000006, 75.00000000000003, 534.0, 704.0000000000001, 515.0000000000002]","[0, 9, 9, 60, 66, 83, 46, 130, 144, 164, 144, 196, 130, 130, 246]","[5, 38, 46, 66, 112, 112, 130, 196, 175, 166, 196, 200, 228, 255, 255]",29011017.0,760.9999999999999,-760.9999999999999,0.0,,,,DWT,uc1.b4952553,0.0,,0.0,19.0,23.0,0.0,23.5,,1.1368683772161603e-13,27.719298245614084,10508.0,61.89824561403519,,0.0,27.719298245614084,,,34.99999999999997,0.0,22.0,1.1368683772161603e-13,1.1368683772161603e-13,,2.2737367544323206e-13,1.3038871183263208e-13,2.1233851120020077e-26,0.9561040581071096,0.9110745872633977,0.0016129805047453854,0.5038283103729151,0.0004980762165582435,0.999999997650213,5.5608002033833856e-09,5.5608002033833856e-09,4.576269215765255e-09,,5.33247127213106e-13,0.9999999944392873,5.4585068662528386e-14,,,,,,0.0,0.5,0.30000000000000004,8.49996639538838e-14,8.49996639538838e-14,0.8800000012243964,0.3102221664766935,571,1.231736773384166,0.7938427302698264,205,0,0.23333333398234393,0.32276331991639234,572,0,0.33901685892355093,0.7176104553643375,207,211.02349790169498,0.7788013648829193,388.75,302.83456434385795,0.685653302986533,349,coif,446.94117647058823,423.0,281.0571967283836,153,0.5974261975694778,0.9578797968923861,0.29443772263364965,5,263.0,140
db12,1,periodization,8.346701628286237e-27,318.4011229562065,4079151.6758964886,0.7061068702290076,371.5347359100513,261,raw,6.671079185016814e-14,-2.7399582602783514e-10,7.112023112899854,37938.485111590235,0.5047924737681457,4.2924223498310954e-06,0.9999999999999999,271.00000000000017,,,,[],[],15,502.6666666666667,75.0,760.0000000000001,"[4, 18, 43, 64, 82, 96, 117, 132, 150, 165, 180, 199, 213, 233, 247]","[104.99999999999977, 653.9999999999999, 698.0000000000002, 372.0000000000001, 643.0, 623.0000000000002, 760.0000000000001, 498.9999999999999, 464.99999999999994, 422.0000000000001, 471.00000000000006, 75.0, 534.0000000000001, 704.0, 515.0000000000001]","[0, 9, 9, 60, 66, 91, 9, 130, 144, 164, 175, 196, 182, 182, 246]","[5, 38, 46, 66, 112, 112, 255, 182, 175, 166, 182, 200, 228, 255, 255]",29011017.0,761.0000000000001,-761.0000000000001,0.0,,,,DWT,uc1.b4952553,0.0,,0.0,19.0,23.0,0.0,23.5,,1.1368683772161603e-13,27.719298245614027,10508.0,61.89824561403515,,0.0,27.719298245614027,,,35.0,0.0,22.0,1.1368683772161603e-13,1.1368683772161603e-13,,1.7053025658242404e-13,1.0757822330067335e-13,1.6197756603751148e-26,0.9601565222949379,0.8428293207625096,1.8704980274985238e-05,0.5383957219251339,0.000240687828816683,0.9999999976503382,5.56075785570872e-09,5.56075785570872e-09,4.576237531610445e-09,,3.9993534540982953e-13,0.9999999944392873,5.4585068662528386e-14,,,,,,0.0,0.5,0.30000000000000004,8.49996639538838e-14,8.49996639538838e-14,0.8800000012243323,0.3102221664766709,578,1.2129724901499677,0.7817493267472002,251,0,0.23333333398233355,0.322763319916378,578,0,0.33452013682739723,0.7080920650361581,241,191.723759612626,0.7990316985192599,412.0,345.01648419421844,0.6835829352135083,355,db,435.1929824561403,354.5,291.32747676616117,342,0.5817223885497198,0.9928822585661271,0.29492965044535796,4,267.25,141
sym9,1,antisymmetric,2.531856873242222e-25,303.58188033341867,4246085.436937049,0.6618705035971223,341.2543908679242,261,raw,4.1095777270753247e-13,-2.451782110668474e-10,7.140300067846187,50626.80042383124,0.6345113543646548,4.292422349831092e-06,0.9999999999999999,270.99999999999994,,,,[],[],15,502.66666666666714,74.9999999999994,760.0000000000007,"[4, 18, 43, 64, 82, 96, 117, 132, 150, 165, 180, 199, 213, 233, 247]","[104.99999999999966, 654.0000000000005, 697.9999999999999, 372.0000000000002, 642.9999999999991, 623.0000000000001, 760.0000000000007, 499.0000000000017, 465.00000000000057, 422.0000000000005, 471.000000000001, 74.9999999999994, 534.0000000000007, 704.0000000000006, 515.0000000000015]","[0, 9, 9, 60, 66, 91, 46, 130, 144, 164, 144, 196, 130, 130, 246]","[5, 38, 46, 66, 112, 112, 130, 182, 175, 166, 182, 200, 228, 255, 255]",29011017.000000007,761.0000000000003,-761.0000000000003,0.0,,,,DWT,uc1.b4952553,7.450580596923828e-09,,0.0,23.5,23.0,0.0,23.5,,3.410605131648481e-13,27.719298245614482,10507.999999999993,61.89824561403561,,0.0,27.719298245614482,,,35.0000000000006,0.0,22.0,6.821210263296962e-13,3.410605131648481e-13,,5.684341886080802e-14,7.928353074763755e-13,5.356938240398384e-25,0.9049029026579757,0.8516557893593458,0.0005454361086055952,0.3326280152348709,0.0033813055574809835,0.9999999976529691,5.561096637106046e-09,5.561096637106046e-09,4.576580776620882e-09,,1.333117818032765e-13,0.999999994438926,3.2751041197517033e-13,,,,,,1.266775849867342e-13,1.0,0.30000000000000004,2.549989918616514e-13,2.549989918616514e-13,0.9300000012253816,0.3278484259114194,267,1.1034460826459396,0.7111605903804525,569,0,0.2750000006493139,0.38039962688442525,267,0,0.2990162069884389,0.6329394860763496,590,180.62553344788586,0.8106650592789456,423.25,365.5297678700505,0.6835033891782569,357,sym,631.1578947368421,635.0,199.88018082668043,171,0.843668654779679,0.6812178775059229,0.20506657840244782,7,269.5,142
bior2.4,1,periodization,2.518451852064697e-27,323.60493532160194,4260421.002255986,0.6870229007633588,327.34932143004545,261,raw,3.22236915737372e-14,-2.6974789069101416e-10,6.9419644558915525,40093.71474821208,0.6384280803682727,4.2924223498310954e-06,1.0,271.0000000000001,,,,[],[],15,502.6666666666667,75.00000000000003,760.0000000000001,"[4, 18, 43, 64, 82, 96, 117, 132, 150, 165, 180, 199, 213, 233, 247]","[105.00000000000011, 654.0, 698.0000000000001, 372.0, 643.0, 623.0000000000001, 760.0000000000001, 499.0, 464.99999999999994, 422.0, 471.0, 75.00000000000003, 534.0000000000001, 704.0000000000001, 515.0]","[0, 9, 9, 60, 66, 83, 46, 130, 144, 164, 144, 196, 130, 130, 246]","[5, 38, 46, 66, 112, 112, 130, 196, 175, 166, 196, 200, 228, 255, 255]",29011017.0,761.0000000000001,-761.0000000000001,0.0,,,,DWT,uc1.b4952553,0.0,,0.0,19.0,23.0,0.0,23.5,,1.1368683772161603e-13,27.719298245614027,10508.0,61.89824561403511,,0.0,27.719298245614027,,,34.99999999999997,0.0,22.0,1.1368683772161603e-13,1.1368683772161603e-13,,1.1368683772161603e-13,3.892829725558759e-14,3.83145460255558e-27,0.9795589625152998,0.7897466108825857,0.0005906695499935621,0.44962566844919805,0.0007741512744789413,0.999999997650213,5.56075785570872e-09,5.56075785570872e-09,4.576211128148104e-09,,2.66623563606553e-13,0.9999999944392873,5.4585068662528386e-14,,,,,,0.0,0.5,0.30000000000000004,8.49996639538838e-14,8.49996639538838e-14,0.8800000012242202,0.31022216647663137,588,1.163063945614952,0.749583740630439,386,0,0.2333333339823098,0.32276331991634516,599,0,0.31718515181022794,0.6713984134832421,384,120.46403335989267,0.873727428343928,489.25,467.0185872001718,0.6804433787421946,369,bior,527.0666666666667,504.0,178.22232468163287,135,0.7045299272241201,0.60740506258131,0.3246075321687229,3,277.5,143
bior2.2,1,periodic,7.126836905085057e-28,329.087303643127,4293601.809575272,0.6654135338345865,311.23084003056766,261,raw,1.2667602173692419e-14,-2.6469604286206246e-10,6.931623867606405,40594.13341624739,0.6479511518149077,4.2924223498310954e-06,1.0,271.00000000000006,,,,[],[],15,502.6666666666667,75.0,760.0,"[4, 18, 43, 64, 82, 96, 117, 132, 150, 165, 180, 199, 213, 233, 247]","[105.0, 654.0, 698.0000000000001, 371.99999999999994, 643.0, 623.0, 760.0, 499.0, 465.0, 421.99999999999994, 471.0, 75.0, 534.0, 704.0, 515.0]","[0, 9, 9, 60, 66, 83, 46, 130, 144, 164, 144, 196, 130, 130, 246]","[5, 38, 46, 66, 112, 112, 130, 196, 175, 166, 196, 200, 228, 255, 255]",29011017.0,761.0,-761.0,0.0,,,,DWT,uc1.b4952553,0.0,,0.0,19.0,23.0,0.0,23.5,,0.0,27.719298245614027,10508.0,61.8982456140351,,0.0,27.719298245614027,,,35.0,0.0,22.0,0.0,0.0,,5.684341886080802e-14,0.0,0.0,1.0000000000000002,0.7865188631302237,0.0006953659515438824,0.3491086003779502,0.0008980151367735713,0.9999999976503382,5.56075785570872e-09,5.56075785570872e-09,4.576200566763168e-09,,1.333117818032765e-13,0.9999999944392873,0.0,,,,,,0.0,0.5,0.30000000000000004,0.0,0.0,0.8800000012241267,0.3102221664765984,610,1.1336097607467734,0.7306007963529976,478,0,0.2333333339822896,0.3227633199163172,608,0,0.3053172635137846,0.6462771827820153,521,65.61694394996869,0.9312191363207876,554.25,548.2819023801178,0.675122146776746,383,bior,527.0666666666667,504.0,178.22232468163287,135,0.7045299272241201,0.60740506258131,0.3246075321687229,3,288.0,144
sym6,1,antireflect,3.7030677375820013e-20,251.93065528199685,4135870.297944131,0.7132352941176471,364.6246048126695,261,raw,1.5908746223307262e-10,-3.79247633608422e-10,7.163377881054556,45242.39946676842,0.5799364278945248,4.2924223498263775e-06,0.9999999999999996,271.00000000002836,,,,[],[],15,502.666666667034,74.99999999984206,760.0000000006804,"[4, 18, 43, 64, 82, 96, 117, 132, 150, 165, 180, 199, 213, 233, 247]","[104.99999999991667, 654.0000000003988, 698.0000000003001, 372.0000000003357, 642.9999999999749, 623.0000000004554, 760.0000000006804, 499.0000000007438, 465.00000000038995, 422.0000000004262, 471.00000000049727, 74.99999999984206, 534.0000000004055, 704.0000000004275, 515.0000000007152]","[0, 9, 9, 60, 66, 91, 46, 130, 144, 164, 144, 196, 130, 130, 246]","[5, 38, 46, 66, 112, 112, 130, 182, 175, 166, 182, 200, 228, 255, 255]",29011017.0000133,761.0000000004384,-761.0000000004384,0.0,,,,DWT,uc1.b4952553,1.3299286365509033e-05,,0.0,23.5,23.0,0.0,23.5,,4.383764462545514e-10,27.71929824598135,10507.99999999449,61.898245614406285,,0.0,27.71929824598135,,,35.00000000015794,0.0,22.0,6.804157237638719e-10,4.383764462545514e-10,,2.83648660115432e-11,3.166538444669311e-10,7.85711917826979e-20,0.7123210538132936,0.8588593794896803,0.0001976709581711705,0.5715539477823216,0.0020485561192892686,0.9999999983465298,5.834408529398785e-09,5.834408529398785e-09,4.852063941305146e-09,,6.652257911983498e-11,0.9999999941656423,3.266916359452324e-10,,,,,,2.2611948920132056e-10,1.0,0.30000000000000004,3.27758704206176e-10,3.27758704206176e-10,0.9300000019838147,0.3278484261787862,247,1.0863621591675423,0.700150162867965,674,0,0.27500000085899196,0.38039962717446685,247,0,0.3064258012113443,0.6486236685717197,501,208.88972369809545,0.7810380254736945,417.25,345.51702667742364,0.6718345263636816,393,sym,631.1578947368421,635.0,199.88018082668043,171,0.843668654779679,0.6812178775059229,0.20506657840244782,7,296.5,145
db21,1,zero,8.128531575798025e-27,318.5161508744569,4113538.726012094,0.6622516556291391,286.1128476824203,261,raw,6.54801883213403e-14,-2.5898072575359457e-10,7.052569316182172,41280.67685627823,0.6010641040846754,4.292422349831096e-06,1.0,271.00000000000006,,,,[],[],15,502.6666666666667,75.00000000000014,759.9999999999998,"[4, 18, 43, 64, 82, 96, 117, 132, 150, 165, 180, 199, 213, 233, 247]","[104.99999999999994, 654.0, 697.9999999999999, 372.0000000000001, 642.9999999999998, 623.0, 759.9999999999998, 498.99999999999994, 464.99999999999983, 421.9999999999999, 471.0, 75.00000000000014, 534.0, 703.9999999999999, 515.0]","[0, 9, 9, 60, 66, 91, 46, 130, 144, 164, 144, 196, 130, 130, 246]","[5, 38, 46, 66, 112, 112, 130, 196, 175, 166, 196, 200, 228, 255, 255]",29011017.0,760.9999999999998,-760.9999999999998,0.0,,,,DWT,uc1.b4952553,0.0,,0.0,19.0,23.0,0.0,23.5,,2.2737367544323206e-13,27.719298245614027,10508.0,61.898245614035034,,0.0,27.719298245614027,,,34.99999999999986,0.0,22.0,2.2737367544323206e-13,2.2737367544323206e-13,,5.684341886080802e-14,1.0512858733337841e-13,1.5734846320171127e-26,0.9605854044587852,0.8242712026522943,0.00012720747608200846,0.3344009632751357,0.0010679486895107805,0.9999999976497118,5.56075785570872e-09,5.56075785570872e-09,4.576153040530953e-09,,1.333117818032765e-13,0.9999999944392873,1.0917013732505677e-13,,,,,,0.0,0.5,0.30000000000000004,1.699993279077676e-13,1.699993279077676e-13,0.8800000012240471,0.31022216647657036,624,1.1227380125253494,0.7235940571881114,506,0,0.23333333398227082,0.3227633199162912,624,0,0.3029218180788448,0.6412066482521817,547,58.727477952545065,0.9384407987918815,575.25,570.6487102646873,0.6677266887041169,402,db,435.1929824561403,354.5,291.32747676616117,342,0.5817223885497198,0.9928822585661271,0.29492965044535796,4,302.5,146
sym18,1,symmetric,9.17211553538028e-19,237.99157667934327,4412355.2983111115,0.7162162162162162,366.1464512718026,261,raw,8.038998381408317e-10,-3.1457248819443854e-10,7.300260901230231,37949.050928718156,0.5111597235556288,4.2924223498022734e-06,1.0,271.0000000002789,,,,[],[],15,502.66666666889034,74.99999999946695,760.0000000039446,"[4, 18, 43, 64, 82, 96, 117, 132, 150, 165, 180, 199, 213, 233, 247]","[104.99999999970288, 654.0000000025665, 698.0000000024412, 372.0000000020623, 643.0000000008304, 623.0000000030946, 760.0000000039446, 499.00000000342754, 465.0000000021619, 422.0000000026112, 471.0000000027336, 74.99999999946695, 534.0000000022982, 704.0000000024127, 515.0000000035997]","[0, 9, 9, 60, 66, 91, 46, 130, 144, 164, 175, 196, 130, 130, 246]","[5, 38, 46, 66, 112, 112, 130, 182, 175, 166, 182, 200, 228, 255, 255]",29011017.000079304,761.0000000025468,-761.0000000025468,0.0,,,,DWT,uc1.b4952553,7.930397987365723e-05,,0.0,23.5,23.0,0.0,23.5,,2.5468125386396423e-09,27.719298247837685,10507.999999966645,61.89824561619572,,0.0,27.719298247837685,,,35.00000000053305,0.0,23.5,3.944592208426911e-09,2.5468125386396423e-09,,2.788738129311241e-10,1.6002155694077796e-09,1.9461271388023992e-18,0.660349130091874,0.9015865289056516,0.0010700724143056421,0.5854198583610349,0.000243303084804037,1.0000000000000002,7.2173565409581215e-09,7.2173565409581215e-09,6.181958813204581e-09,,6.540276015268746e-10,0.9999999927826915,1.893938127383747e-09,,,,,,1.3483562145987989e-09,1.0,0.4000000000000001,1.904162471894905e-09,1.904162471894905e-09,0.9400000052861733,0.33137367922982647,195,1.0818030437735033,0.6972118560070962,689,0,0.28333333509200076,0.39192688981248486,195,0,0.30695269920826945,0.6497389744969312,492,242.09140835643052,0.7462354210100308,392.75,291.11425995104986,0.6672738949913886,403,sym,631.1578947368421,635.0,199.88018082668043,171,0.843668654779679,0.6812178775059229,0.20506657840244782,7,304.0,147
db30,1,periodic,9.852051353907779e-27,317.6810051762466,4834445.28282569,0.675,347.25183902224234,261,raw,7.115806454076424e-14,-2.648229413537774e-10,7.361110913136522,37401.86085112176,0.5198445368573864,4.2924223498310954e-06,1.0,270.99999999999994,,,,[],[],15,502.6666666666667,75.0,760.0,"[4, 18, 43, 64, 82, 96, 117, 132, 150, 165, 180, 199, 213, 233, 247]","[104.99999999999989, 654.0, 697.9999999999995, 372.0, 643.0, 623.0, 760.0, 499.00000000000017, 464.9999999999998, 422.0, 471.00000000000017, 75.0, 533.9999999999999, 703.9999999999998, 515.0]","[0, 9, 9, 60, 66, 83, 46, 130, 144, 164, 144, 196, 130, 130, 246]","[5, 38, 46, 66, 112, 112, 130, 196, 175, 166, 196, 200, 228, 255, 255]",29011017.0,761.0,-761.0,0.0,,,,DWT,uc1.b4952553,0.0,,0.0,19.0,23.0,0.0,23.5,,0.0,27.719298245614027,10508.0,61.89824561403505,,0.0,27.719298245614027,,,35.0,0.0,22.0,0.0,0.0,,5.684341886080802e-14,1.1643095196920693e-13,1.9391787408745473e-26,0.9574715595798707,0.9205804665565523,0.0024019056660970145,0.3937005347593585,0.00010786234138315896,0.9999999976503382,5.56075785570872e-09,5.56075785570872e-09,4.576163601915889e-09,,1.333117818032765e-13,0.9999999944392873,0.0,,,,,,0.0,0.5,0.30000000000000004,0.0,0.0,0.8800000012241156,0.3102221664765945,618,1.1934974806995788,0.7691978668832139,288,0,0.23333333398228648,0.3227633199163129,618,0,0.32489461841476835,0.6877173477635812,301,186.8482004194849,0.8041423475686741,456.25,398.7746725768454,0.6629464358388444,408,db,435.1929824561403,354.5,291.32747676616117,342,0.5817223885497198,0.9928822585661271,0.29492965044535796,4,307.0,148
bior3.1,1,antisymmetric,6.518155155317659e-27,319.475024905533,5005589.772192122,0.6742424242424242,293.0156456035155,261,raw,6.258765323802569e-14,-2.4858981539922034e-10,6.707149456246212,55102.19965905503,0.7783468549513504,4.292422349831098e-06,1.0,271.0,,,,[],[],15,502.66666666666663,74.99999999999997,759.9999999999999,"[4, 18, 43, 64, 82, 96, 117, 132, 150, 165, 180, 199, 213, 233, 247]","[104.99999999999989, 653.9999999999999, 697.9999999999999, 371.9999999999999, 642.9999999999999, 622.9999999999999, 759.9999999999999, 498.9999999999999, 464.99999999999983, 421.9999999999999, 471.0, 74.99999999999997, 533.9999999999999, 704.0, 514.9999999999999]","[0, 9, 9, 60, 66, 91, 9, 130, 144, 164, 175, 196, 196, 196, 246]","[5, 38, 46, 66, 112, 112, 196, 196, 175, 166, 196, 200, 228, 255, 255]",29011016.999999996,760.9999999999999,-760.9999999999999,0.0,,,,DWT,uc1.b4952553,3.725290298461914e-09,,0.0,14.5,23.0,0.0,23.5,,1.1368683772161603e-13,27.71929824561397,10508.0,61.89824561403503,,0.0,27.71929824561397,,,35.00000000000003,0.0,28.0,1.1368683772161603e-13,1.1368683772161603e-13,,0.0,9.937071502864099e-14,1.2317971286346643e-26,0.9641605710406029,0.71645062747952,0.00294192303244416,0.3901766326365255,0.0044890584651845365,0.9999999976504634,5.560715508034054e-09,5.560715508034054e-09,4.5761477598384844e-09,,0.0,0.9999999944392873,5.4585068662528386e-14,,,,,,6.33387924933671e-14,0.0,0.7000000000000001,8.49996639538838e-14,8.49996639538838e-14,0.8700000012241493,0.3066969145897307,675,1.0960588943210579,0.7063996171956304,636,0,0.22500000064896808,0.3112360585228109,654,0,0.29688840180776804,0.6284354763068174,620,23.66960075708925,0.9751890977389002,646.25,645.6024097189863,0.6488890981356974,433,bior,527.0666666666667,504.0,178.22232468163287,135,0.7045299272241201,0.60740506258131,0.3246075321687229,3,325.5,149
db3,1,smooth,1.3805519209704041e-27,326.21574439963035,4138117.5716502047,0.6804511278195489,335.3205824284488,261,raw,2.1721236984467035e-14,-2.6104340911104564e-10,7.087085864821148,41646.01374191197,0.554643837936692,4.2924223498310954e-06,0.9999999999999999,270.99999999999994,,,,[],[],15,502.6666666666667,74.99999999999994,760.0,"[4, 18, 43, 64, 82, 96, 117, 132, 150, 165, 180, 199, 213, 233, 247]","[104.99999999999994, 654.0, 698.0, 371.9999999999999, 643.0, 623.0000000000001, 760.0, 499.0, 465.0, 421.99999999999994, 471.0, 74.99999999999994, 534.0, 704.0, 514.9999999999999]","[0, 9, 9, 60, 66, 83, 9, 130, 144, 164, 175, 196, 196, 196, 246]","[5, 38, 46, 66, 112, 112, 196, 196, 175, 166, 196, 200, 228, 255, 255]",29011017.0,761.0,-761.0,0.0,,,,DWT,uc1.b4952553,0.0,,0.0,14.5,23.0,0.0,23.5,,0.0,27.719298245614027,10508.0,61.898245614035105,,0.0,27.719298245614027,,,35.00000000000006,0.0,28.0,0.0,0.0,,5.684341886080802e-14,1.8022140313827903e-14,1.4170738303961742e-27,0.9892933771148883,0.8350453200638507,0.00020476184863867992,0.41905673274094324,0.0011583770459726813,0.9999999976505888,5.56075785570872e-09,5.56075785570872e-09,4.576205847455636e-09,,1.333117818032765e-13,0.9999999944392873,0.0,,,,,,0.0,0.0,0.7000000000000001,0.0,0.0,0.8700000012242035,0.3066969145897498,649,1.1792871111399494,0.760039417762331,334,0,0.22500000064897757,0.311236058522824,643,0,0.3206797955449017,0.6787956647283222,337,179.2881758510583,0.8120669016236286,490.75,441.6272049347325,0.6488269518600323,434,db,435.1929824561403,354.5,291.32747676616117,342,0.5817223885497198,0.9928822585661271,0.29492965044535796,4,326.5,150
bior3.5,1,periodic,1.6673867331604637e-27,325.39590842923013,4678015.468760362,0.6691176470588235,287.09611692898676,261,raw,2.614000969703642e-14,-2.6594115798417983e-10,6.847062212549146,46478.66620366859,0.7384624545259235,4.2924223498310954e-06,1.0,271.00000000000006,,,,[],[],15,502.6666666666667,74.99999999999997,760.0,"[4, 18, 43, 64, 82, 96, 117, 132, 150, 165, 180, 199, 213, 233, 247]","[105.0, 654.0, 698.0, 371.99999999999994, 643.0, 623.0, 760.0, 499.0, 464.99999999999994, 421.99999999999994, 470.99999999999994, 74.99999999999997, 534.0, 704.0, 514.9999999999999]","[0, 9, 9, 60, 66, 83, 9, 130, 144, 164, 175, 196, 196, 196, 246]","[5, 38, 46, 66, 112, 112, 255, 196, 175, 166, 196, 200, 228, 255, 255]",29011017.0,761.0,-761.0,0.0,,,,DWT,uc1.b4952553,0.0,,0.0,14.5,23.0,0.0,23.5,,0.0,27.719298245614027,10508.0,61.898245614035076,,0.0,27.719298245614027,,,35.00000000000003,0.0,28.0,0.0,0.0,,5.684341886080802e-14,2.68181370052414e-14,2.0256760777586888e-27,0.986236614632065,0.760123489431891,0.0019083179582926144,0.36633847121736374,0.002354557439064234,0.9999999976504634,5.56075785570872e-09,5.56075785570872e-09,4.576184724685763e-09,,1.333117818032765e-13,0.9999999944392873,0.0,,,,,,0.0,0.0,0.7000000000000001,0.0,0.0,0.8700000012241595,0.3066969145897343,673,1.12023508393691,0.7219809433254326,521,0,0.22500000064896536,0.3112360585228071,661,0,0.3024230643826719,0.6401509164866238,562,74.52684080249209,0.9218796218003228,604.25,597.2387889878845,0.644246938782761,461,bior,527.0666666666667,504.0,178.22232468163287,135,0.7045299272241201,0.60740506258131,0.3246075321687229,3,346.5,151
sym4,1,antireflect,1.5584360896713897e-20,255.68938187683835,4116862.2292189472,0.7014925373134329,364.9730017259044,261,raw,1.0323814004612365e-10,-2.431479463503004e-10,7.126042176751479,42228.4111457924,0.5552272612594148,4.2924223498280385e-06,0.9999999999999994,271.0000000000227,,,,[],[],15,502.66666666691094,74.9999999999018,760.0000000004516,"[4, 18, 43, 64, 82, 96, 117, 132, 150, 165, 180, 199, 213, 233, 247]","[104.99999999994003, 654.0000000002755, 698.000000000214, 372.0000000002239, 643.0000000000041, 623.0000000003075, 760.0000000004516, 499.0000000004729, 465.00000000025875, 422.0000000002754, 471.00000000031923, 74.9999999999018, 534.0000000002724, 704.0000000002852, 515.0000000004613]","[0, 9, 9, 60, 66, 91, 46, 130, 144, 164, 175, 196, 130, 130, 246]","[5, 38, 46, 66, 112, 112, 130, 182, 175, 166, 182, 200, 228, 255, 255]",29011017.000008594,761.0000000002932,-761.0000000002932,0.0,,,,DWT,uc1.b4952553,8.594244718551636e-06,,0.0,23.5,23.0,0.0,23.5,,2.9319835448404774e-10,27.719298245858283,10507.999999996337,61.89824561428156,,0.0,27.719298245858283,,,35.0000000000982,0.0,23.5,4.5156411943025887e-10,2.9319835448404774e-10,,2.2680524125462398e-11,2.0548033880625165e-10,3.306668587152873e-20,0.7263354845691102,0.847205280871307,0.0001376942259356279,0.5169319179503553,0.0013025323232292558,0.9999999980831872,5.74272581374744e-09,5.74272581374744e-09,4.7593666657172845e-09,,5.3191400939507326e-11,0.9999999942573391,2.1681189272756274e-10,,,,,,1.461225942821979e-10,1.0,0.4000000000000001,2.1921413333706634e-10,2.1921413333706634e-10,0.9400000017228197,0.3313736779736546,215,1.0667665584611654,0.6875209830771496,741,0,0.28333333411999145,0.3919268884679322,215,0,0.29884470144934544,0.6325764534873594,592,267.6768885553377,0.7194162593759563,440.75,324.12172802870253,0.6287070814699488,493,sym,631.1578947368421,635.0,199.88018082668043,171,0.843668654779679,0.6812178775059229,0.20506657840244782,7,371.5,152
coif1,1,constant,1.8735937648030057e-27,324.88951752134403,4085790.207006825,0.7030075187969925,360.30757476938504,261,raw,2.6303352854682432e-14,-2.6864888091893797e-10,7.100478862142308,38420.38727457743,0.5138622883278258,4.2924223498310954e-06,1.0,271.0,,,,[],[],15,502.6666666666667,75.00000000000011,760.0,"[4, 18, 43, 64, 82, 96, 117, 132, 150, 165, 180, 199, 213, 233, 247]","[104.99999999999994, 654.0, 698.0, 372.0, 643.0, 623.0, 760.0, 498.99999999999994, 465.0000000000001, 421.9999999999999, 471.0000000000001, 75.00000000000011, 534.0, 704.0, 515.0]","[0, 9, 9, 60, 66, 83, 9, 130, 144, 164, 175, 196, 196, 196, 246]","[5, 38, 46, 66, 112, 112, 255, 196, 175, 166, 196, 200, 228, 255, 255]",29011017.0,761.0,-761.0,0.0,,,,DWT,uc1.b4952553,0.0,,0.0,14.5,23.0,0.0,23.5,,0.0,27.719298245614027,10508.0,61.89824561403509,,0.0,27.719298245614027,,,34.999999999999886,0.0,28.0,0.0,0.0,,0.0,2.714328744127365e-14,2.463203384578223e-27,0.9843485336198189,0.8392258575544356,3.965173760201758e-05,0.523978931285433,0.0003599684771387764,0.999999997649837,5.56075785570872e-09,5.56075785570872e-09,4.576195286070699e-09,,0.0,0.9999999944392873,0.0,,,,,,0.0,0.0,0.7000000000000001,0.0,0.0,0.870000001223908,0.3066969145896456,700,1.219977434722947,0.7862639474400002,230,0,0.2250000006489029,0.31123605852272074,691,0,0.33542184895349364,0.7100007549209921,235,267.34621747838514,0.7197628747606026,464.0,348.4656071785769,0.616694854571077,527,coif,446.94117647058823,423.0,281.0571967283836,153,0.5974261975694778,0.9578797968923861,0.29443772263364965,5,396.5,153
rbio1.5,1,antireflect,3.577837832479629e-27,322.0800653252679,4202546.658983886,0.6333333333333333,338.66010537957743,261,raw,4.3381220284816856e-14,-2.742025495550202e-10,7.115213066012434,45295.4990272118,0.5660975797553156,4.292422349831095e-06,1.0,271.00000000000006,,,,[],[],15,502.6666666666667,75.0,760.0,"[4, 18, 43, 64, 82, 96, 117, 132, 150, 165, 180, 199, 213, 233, 247]","[105.0, 654.0, 698.0, 372.00000000000017, 643.0000000000001, 623.0000000000001, 760.0, 499.0000000000001, 465.0, 422.00000000000006, 471.00000000000006, 75.0, 534.0000000000001, 704.0000000000001, 515.0]","[0, 9, 9, 60, 66, 83, 9, 130, 144, 164, 175, 196, 130, 130, 246]","[5, 38, 46, 66, 112, 112, 130, 182, 175, 166, 182, 200, 228, 255, 255]",29011017.0,761.0,-761.0,0.0,,,,DWT,uc1.b4952553,0.0,,0.0,23.5,23.0,0.0,23.5,,0.0,27.719298245614027,10508.0,61.898245614035126,,0.0,27.719298245614027,,,35.0,0.0,19.0,0.0,0.0,,5.684341886080802e-14,6.113844292518486e-14,6.079245529961045e-27,0.9738734771691259,0.8438250439946261,0.00040805689007931305,0.1998859180035649,0.0020616993472757205,0.9999999976503382,5.56075785570872e-09,5.56075785570872e-09,4.5762216895330404e-09,,1.333117818032765e-13,0.9999999944392873,0.0,,,,,,0.0,1.0,0.09999999999999998,0.0,0.0,0.9100000012241329,0.32079792213722774,418,1.0872196836841828,0.7007028293290734,667,0,0.25833333398229136,0.35734510409688763,419,0,0.28857917077210476,0.6108469968248149,751,171.1906831576999,0.8205548394573376,563.75,525.6388468639559,0.614810962705608,538,rbio,388.1185185185185,391.0,293.41593552782615,135,0.5187979602950641,1.0,0.3368414277934551,2,404.0,154
sym7,1,antisymmetric,4.56861702961609e-20,251.01842430291245,4211635.086402639,0.7043795620437956,354.70263771273386,261,raw,1.7279094289915698e-10,-4.445910309914502e-10,7.146034364779216,48160.920075172486,0.6073576246458444,4.292422349834792e-06,0.9999999999999999,271.00000000000546,,,,[],[],15,502.6666666663662,75.00000000021782,759.9999999995529,"[4, 18, 43, 64, 82, 96, 117, 132, 150, 165, 180, 199, 213, 233, 247]","[105.00000000007321, 653.999999999735, 697.9999999997699, 371.9999999997376, 643.00000000025, 622.9999999998608, 759.9999999995529, 498.999999998984, 464.99999999960426, 421.9999999996396, 470.999999999578, 75.00000000021782, 533.999999999661, 703.999999999548, 514.9999999992826]","[0, 9, 9, 60, 66, 83, 9, 130, 144, 164, 175, 196, 196, 196, 246]","[5, 38, 46, 66, 112, 112, 255, 196, 175, 166, 196, 200, 228, 255, 255]",29011016.999989077,760.9999999996405,-760.9999999996405,0.0,,,,DWT,uc1.b4952553,1.0922551155090332e-05,,0.0,14.5,23.0,0.0,23.5,,3.594777808757499e-10,27.719298245313553,10508.000000004507,61.89824561375445,,0.0,27.719298245313553,,,34.999999999782176,0.0,28.0,4.4713033275911584e-10,3.594777808757499e-10,,5.4569682106375694e-12,3.4393195502845816e-10,9.693630026841167e-20,0.708919796082222,0.8534457130587106,0.0004367338790789633,0.5303610601506694,0.0027709497025716068,0.9999999966901777,5.3369080474255754e-09,5.3369080474255754e-09,4.367623775651776e-09,,1.2797931053114545e-11,0.999999994663154,2.1468307504972413e-10,,,,,,1.8570933959055235e-10,0.0,0.7000000000000001,2.687689374221806e-10,2.687689374221806e-10,0.8700000011651652,0.3066969145689373,709,1.065545905162704,0.6867342835419062,748,0,0.225000000612125,0.3112360584718469,711,0,0.29941917903102644,0.6337924730100926,588,69.6802219667341,0.9269599350453521,689.0,683.2367913050615,0.602368856411565,554,sym,631.1578947368421,635.0,199.88018082668043,171,0.843668654779679,0.6812178775059229,0.20506657840244782,7,417.25,155
rbio4.4,1,antireflect,3.34545574067109e-20,252.37171895887744,4158806.8223559847,0.7222222222222222,378.97447773787974,261,raw,1.5395978489542051e-10,3.7713820921714985e-10,7.162068522344963,45135.44733392044,0.562753162309769,4.292422349837206e-06,0.9999999999999999,270.999999999923,,,,[],[],15,502.6666666661998,75.00000000003905,759.9999999992745,"[4, 18, 43, 64, 82, 96, 117, 132, 150, 165, 180, 199, 213, 233, 247]","[105.0000000000216, 653.999999999448, 697.9999999993224, 371.9999999995623, 642.9999999996584, 622.9999999992999, 759.9999999992745, 498.99999999945976, 464.9999999995184, 421.9999999994522, 470.99999999953894, 75.00000000003905, 533.9999999995509, 703.9999999994783, 514.9999999993728]","[0, 9, 9, 60, 66, 83, 9, 130, 144, 164, 144, 196, 196, 196, 246]","[5, 38, 46, 66, 112, 112, 255, 196, 175, 166, 196, 200, 228, 255, 255]",29011016.999983493,760.9999999994841,-760.9999999994841,0.0,,,,DWT,uc1.b4952553,1.650676131248474e-05,,0.0,14.5,23.0,0.0,23.5,,5.159108695806935e-10,27.719298245147115,10508.000000007003,61.89824561365673,,0.0,27.719298245147115,,,34.99999999996095,0.0,26.5,7.255493983393535e-10,5.159108695806935e-10,,7.702283255639486e-11,3.0644670419734303e-10,7.098342852125794e-20,0.7139655619206489,0.8584506716371498,0.00027004326505583305,0.613357100415924,0.0020220832774442404,0.9999999974782009,5.212914056004265e-09,5.212914056004265e-09,4.294998412135776e-09,,1.8063746434343967e-10,0.9999999947871029,3.4836190820425614e-10,,,,,,2.8065418953810965e-10,0.0,0.6000000000000001,3.857284750227247e-10,3.857284750227247e-10,0.860000001612378,0.30317166283971536,734,1.1038913681727733,0.7114475727016836,568,0,0.2166666673806034,0.2997087972191575,735,0,0.3125807801175242,0.6616521569768279,436,144.6475601822121,0.848377819515501,618.25,590.2244024513122,0.6001585114348993,559,rbio,388.1185185185185,391.0,293.41593552782615,135,0.5187979602950641,1.0,0.3368414277934551,2,419.75,156
bior4.4,1,smooth,3.3504562392246715e-20,252.3652323463329,4156351.79047675,0.7296296296296296,374.9684052378452,261,raw,1.546262853815547e-10,2.8517854710520007e-10,7.118098684564616,44164.606753868546,0.5860825745910524,4.292422349837197e-06,1.0,270.99999999992303,,,,[],[],15,502.6666666661997,75.00000000003902,759.9999999992745,"[4, 18, 43, 64, 82, 96, 117, 132, 150, 165, 180, 199, 213, 233, 247]","[105.00000000002058, 653.999999999448, 697.9999999993225, 371.99999999956225, 642.9999999996583, 622.9999999993, 759.9999999992745, 498.9999999994598, 464.9999999995186, 421.99999999945214, 470.999999999539, 75.00000000003902, 533.9999999995509, 703.9999999994783, 514.9999999993727]","[0, 9, 9, 60, 66, 83, 9, 130, 144, 164, 144, 196, 196, 196, 246]","[5, 38, 46, 66, 112, 112, 255, 196, 175, 166, 196, 200, 228, 255, 255]",29011016.999983504,760.9999999994841,-760.9999999994841,0.0,,,,DWT,uc1.b4952553,1.6495585441589355e-05,,0.0,14.5,23.0,0.0,23.5,,5.159108695806935e-10,27.71929824514706,10508.000000007003,61.898245613656805,,0.0,27.71929824514706,,,34.99999999996098,0.0,26.5,7.255493983393535e-10,5.159108695806935e-10,,7.696598913753405e-11,3.0777343821427617e-10,7.108952842713778e-20,0.7139413765535967,0.8447257711620888,0.00026229682896180255,0.6478130322836206,0.0017817803639064462,0.9999999974783261,5.2128717083295985e-09,5.2128717083295985e-09,4.295056499752927e-09,,1.805041525616364e-10,0.9999999947871029,3.4836190820425614e-10,,,,,,2.8046417316062956e-10,0.0,0.6000000000000001,3.857284750227247e-10,3.857284750227247e-10,0.8600000016122459,0.3031716628396688,737,1.1106967850790261,0.7158335996956176,552,0,0.21666666738058465,0.2997087972191316,737,0,0.31550346535713547,0.6678387209499105,407,160.0195300580526,0.8322646435450183,608.25,572.877061112644,0.5973430135964085,566,bior,527.0666666666667,504.0,178.22232468163287,135,0.7045299272241201,0.60740506258131,0.3246075321687229,3,425.25,157
sym14,1,antireflect,2.8991933651375004e-21,262.99350002455407,4369137.0381256305,0.6770833333333334,337.88253202832976,261,raw,4.54906814644116e-11,-6.398015453762676e-11,7.217499472834698,60008.725785228504,0.6839748292393089,4.2924223498328725e-06,0.9999999999999999,270.99999999997993,,,,[],[],15,502.6666666665313,75.00000000001873,759.9999999997914,"[4, 18, 43, 64, 82, 96, 117, 132, 150, 165, 180, 199, 213, 233, 247]","[105.0000000000087, 653.9999999998433, 697.9999999998125, 371.99999999987443, 642.9999999999194, 622.9999999998105, 759.9999999997914, 498.9999999998157, 464.9999999998609, 421.99999999984163, 470.99999999985806, 75.00000000001873, 533.9999999998673, 703.9999999998421, 514.9999999998045]","[0, 9, 9, 60, 66, 83, 9, 130, 144, 164, 144, 196, 196, 196, 246]","[5, 38, 46, 66, 112, 112, 255, 196, 175, 166, 196, 200, 228, 255, 255]",29011016.999995165,760.9999999998496,-760.9999999998496,0.0,,,,DWT,uc1.b4952553,4.8354268074035645e-06,,0.0,14.5,23.0,0.0,23.5,,1.50407686305698e-10,27.719298245478626,10508.00000000203,61.89824561392376,,0.0,27.719298245478626,,,34.99999999998127,0.0,26.5,2.0861534721916541e-10,1.50407686305698e-10,,2.006572685786523e-11,9.052840810897886e-11,6.1514679837785046e-21,0.7535689253184186,0.8757530843162725,0.0009337045351535444,0.40339126559714816,0.005703524102174871,0.9999999975677775,5.4598856946549075e-09,5.4598856946549075e-09,4.493457396477979e-09,,4.7059058976556606e-11,0.9999999945401087,1.0016360099573958e-10,,,,,,8.22137526563905e-11,0.0,0.6000000000000001,1.1245455541098829e-10,1.1245455541098829e-10,0.8600000013240563,0.30317166273807467,771,1.054122665523652,0.679372113361116,785,0,0.2166666673312884,0.29970879715094145,771,0,0.2913357862799566,0.6166820343982709,720,28.605069480775605,0.9700156504394386,761.75,760.9180379394566,0.5857677832909981,596,sym,631.1578947368421,635.0,199.88018082668043,171,0.843668654779679,0.6812178775059229,0.20506657840244782,7,448.75,158
sym16,1,periodization,1.4838104104657403e-19,245.90248770780676,4073929.3579397765,0.6984732824427481,360.0985570029521,261,raw,3.260039509524252e-10,-9.406187092885056e-11,7.1211399243933595,37938.485111525915,0.5006799239165052,4.292422349843474e-06,1.0,270.9999999998672,,,,[],[],15,502.66666666571615,75.00000000016189,759.9999999985396,"[4, 18, 43, 64, 82, 96, 117, 132, 150, 165, 180, 199, 213, 233, 247]","[105.00000000008373, 653.9999999989057, 697.9999999987091, 371.99999999912325, 642.9999999995053, 622.9999999987291, 759.9999999985396, 498.9999999985904, 464.99999999902093, 421.9999999988906, 470.99999999897466, 75.00000000016189, 533.9999999990563, 703.9999999988737, 514.9999999985777]","[0, 9, 9, 60, 66, 83, 9, 130, 144, 164, 144, 196, 196, 196, 246]","[5, 38, 46, 66, 112, 112, 255, 196, 175, 166, 196, 200, 228, 255, 255]",29011016.99996628,760.9999999989383,-760.9999999989383,0.0,,,,DWT,uc1.b4952553,3.3721327781677246e-05,,0.0,14.5,23.0,0.0,23.5,,1.061721377482172e-09,27.71929824466349,10508.000000014257,61.89824561324556,,0.0,27.71929824466349,,,34.99999999983811,0.0,26.5,1.4604211173718795e-09,1.061721377482172e-09,,1.3278622645884752e-10,6.489173434112039e-10,3.1483289606198926e-19,0.6898450011073349,0.845675074504503,2.2268430024905425e-06,0.5028877005347594,0.00024068782880076257,0.9999999969367325,4.852620039948079e-09,4.852620039948079e-09,3.98942058107489e-09,,3.114163222924539e-10,0.9999999951473856,7.011997920388396e-10,,,,,,5.73342749649959e-10,0.0,0.6000000000000001,7.938118616653208e-10,7.938118616653208e-10,0.8600000018736148,0.3031716629318079,728,1.037997006878253,0.6689792784932476,817,0,0.21666666741269677,0.2997087972635513,728,0,0.2912358130667597,0.6164704171256838,722,45.5878273226527,0.9522140174814961,748.75,746.786320832645,0.5836803840028026,603,sym,631.1578947368421,635.0,199.88018082668043,171,0.843668654779679,0.6812178775059229,0.20506657840244782,7,454.0,159
sym15,1,antisymmetric,7.484210907541841e-21,258.87481166998845,4364257.069705368,0.6724137931034483,341.7398991288621,261,raw,7.309945922307108e-11,-1.4491707841453733e-10,7.246998679286908,60340.648046329276,0.6900164711299505,4.292422349833912e-06,1.0,270.9999999999686,,,,[],[],15,502.6666666664506,75.0000000000324,759.9999999996679,"[4, 18, 43, 64, 82, 96, 117, 132, 150, 165, 180, 199, 213, 233, 247]","[105.000000000017, 653.999999999749, 697.9999999997019, 371.9999999998004, 642.9999999998764, 622.9999999997048, 759.9999999996679, 498.9999999996952, 464.9999999997787, 421.99999999974915, 470.99999999977115, 75.0000000000324, 533.999999999786, 703.9999999997459, 514.9999999996835]","[0, 9, 9, 60, 66, 83, 9, 130, 144, 164, 144, 196, 196, 196, 246]","[5, 38, 46, 66, 112, 112, 255, 196, 175, 166, 196, 200, 228, 255, 255]",29011016.999992363,760.9999999997592,-760.9999999997592,0.0,,,,DWT,uc1.b4952553,7.636845111846924e-06,,0.0,14.5,23.0,0.0,23.5,,2.4078872229438275e-10,27.719298245397965,10508.000000003241,61.89824561385656,,0.0,27.719298245397965,,,34.9999999999676,0.0,26.5,3.320792529848404e-10,2.4078872229438275e-10,,3.1377567211166024e-11,1.454863644501935e-10,1.5879896549328085e-20,0.7382123753557092,0.884961070815391,0.0009183066236933332,0.38167066199520566,0.0057856816551752855,0.9999999975075169,5.3997943443042115e-09,5.3997943443042115e-09,4.443512607113162e-09,,7.358810355540862e-11,0.9999999946002762,1.594429855632454e-10,,,,,,1.2984452461140255e-10,0.0,0.6000000000000001,1.8002928825432588e-10,1.8002928825432588e-10,0.8600000013787731,0.30317166275736374,763,1.040849651436766,0.6708177809994263,809,0,0.2166666673394857,0.29970879716228055,755,0,0.2873640137986659,0.6082748257775772,757,25.560386016907753,0.973207142539929,771.0,770.3837957058413,0.5825155209554991,606,sym,631.1578947368421,635.0,199.88018082668043,171,0.843668654779679,0.6812178775059229,0.20506657840244782,7,456.25,160
sym2,1,periodization,1.6656236899282892e-20,255.40050295442694,4078089.066013557,0.732824427480916,373.5821668909263,261,raw,1.0808042583515342e-10,-2.341806750136174e-10,7.113876261744766,37938.485111570095,0.5088083506938335,4.292422349834925e-06,1.0,270.9999999999607,,,,[],[],15,502.66666666636434,75.00000000007233,759.9999999995352,"[4, 18, 43, 64, 82, 96, 117, 132, 150, 165, 180, 199, 213, 233, 247]","[105.00000000004513, 653.9999999996514, 697.9999999996021, 371.99999999972135, 642.9999999998853, 622.9999999996414, 759.9999999995352, 498.9999999994777, 464.9999999996857, 421.99999999965564, 470.9999999996568, 75.00000000007233, 533.9999999996872, 703.9999999996321, 514.9999999995158]","[0, 9, 9, 60, 66, 83, 9, 130, 144, 164, 144, 196, 196, 196, 246]","[5, 38, 46, 66, 112, 112, 255, 196, 175, 166, 196, 200, 228, 255, 255]",29011016.999989446,760.9999999996531,-760.9999999996531,0.0,,,,DWT,uc1.b4952553,1.0553747415542603e-05,,0.0,14.5,23.0,0.0,23.5,,3.468585418886505e-10,27.719298245311677,10508.000000004535,61.89824561377873,,0.0,27.719298245311677,,,34.99999999992767,0.0,26.5,4.6475179260596633e-10,3.468585418886505e-10,,3.927880243281834e-11,2.1511937945163887e-10,3.534097795998411e-20,0.7252583980737781,0.8434077691886547,1.5352095279625496e-05,0.6626737967914439,0.00024068782881169794,0.9999999973314958,5.335510574161606e-09,5.335510574161606e-09,4.385667901815826e-09,,9.211844122606407e-11,0.9999999946645092,2.2314376069241603e-10,,,,,,1.79438799133709e-10,0.0,0.6000000000000001,2.593339747232995e-10,2.593339747232995e-10,0.8600000013997943,0.30317166276477425,760,1.1220323933988723,0.7231392923178914,515,0,0.21666666733883852,0.2997087971613853,769,0,0.3187994291704411,0.6748154185113258,362,198.34397730542094,0.7920922669754498,601.5,546.421355874807,0.5807945611606808,610,sym,631.1578947368421,635.0,199.88018082668043,171,0.843668654779679,0.6812178775059229,0.20506657840244782,7,459.25,161
sym19,1,periodic,2.338571473953126e-19,243.92676536736093,4439832.406926848,0.6912751677852349,348.5484366717233,261,raw,4.1265269957986354e-10,-2.8515545728406456e-10,7.300181282563598,38040.41306082759,0.5143092795805303,4.2924223498138075e-06,0.9999999999999999,271.00000000018025,,,,[],[],15,502.6666666678388,75.00000000000881,760.0000000018877,"[4, 18, 43, 64, 82, 96, 117, 132, 150, 165, 180, 199, 213, 233, 247]","[105.00000000013267, 654.0000000013162, 698.00000000157, 372.000000001073, 643.0000000010184, 623.0000000020764, 760.0000000018877, 499.00000000102415, 465.0000000011457, 422.0000000014711, 471.00000000115693, 75.00000000000881, 534.0000000010363, 704.0000000011605, 515.0000000015048]","[0, 9, 9, 60, 66, 83, 46, 130, 144, 164, 144, 196, 182, 182, 246]","[5, 38, 46, 66, 112, 112, 182, 182, 175, 166, 182, 200, 228, 255, 255]",29011017.000045042,761.0000000012133,-761.0000000012133,0.0,,,,DWT,uc1.b4952553,4.5042484998703e-05,,0.0,23.5,23.0,0.0,23.5,,1.2132659321650863e-09,27.71929824678614,10507.999999982418,61.89824561509803,,0.0,27.71929824678614,,,34.99999999999119,0.0,26.5,1.8876562535297126e-09,1.2132659321650863e-09,,1.8025048120762222e-10,8.214001018192261e-10,4.961949490932992e-19,0.6824785105594728,0.9015616764538197,0.0011567717634020365,0.46940530452571516,0.0002659170823892511,0.9999999976115008,6.4339669073164465e-09,6.4339669073164465e-09,5.366160475860272e-09,,4.2273166009818985e-10,0.9999999935660444,9.063304800726214e-10,,,,,,7.658293400373017e-10,1.0,0.6000000000000001,9.071164137158479e-10,9.071164137158479e-10,0.9600000029469932,0.338424182178958,46,1.0487148193339564,0.6758868075093533,797,0,0.30000000111006364,0.41498141170233516,46,0,0.29355259731517136,0.6213744463965659,699,407.26977136373216,0.5730924828472409,397.0,86.64839030888689,0.5784749625976247,614,sym,631.1578947368421,635.0,199.88018082668043,171,0.843668654779679,0.6812178775059229,0.20506657840244782,7,462.25,162
rbio6.8,1,constant,1.6085595796963771e-21,265.5519003312268,4073223.6178426784,0.7014388489208633,354.16377687247774,261,raw,3.380192677484266e-11,-2.466872262186146e-10,7.140164027323584,39874.3415568489,0.5230596697388042,4.2924223498323685e-06,0.9999999999999997,270.9999999999844,,,,[],[],15,502.66666666656624,75.00000000001415,759.9999999998429,"[4, 18, 43, 64, 82, 96, 117, 132, 150, 165, 180, 199, 213, 233, 247]","[105.00000000000784, 653.9999999998829, 697.9999999998572, 371.999999999905, 642.9999999999397, 622.9999999998586, 759.9999999998429, 498.9999999998651, 464.9999999998929, 421.9999999998807, 470.9999999998972, 75.00000000001415, 533.9999999999019, 703.9999999998888, 514.9999999998582]","[0, 9, 9, 60, 66, 83, 9, 130, 144, 164, 144, 196, 196, 196, 246]","[5, 38, 46, 66, 112, 112, 255, 196, 175, 166, 196, 200, 228, 255, 255]",29011016.9999965,760.9999999998875,-760.9999999998875,0.0,,,,DWT,uc1.b4952553,3.5017728805541992e-06,,0.0,14.5,23.0,0.0,23.5,,1.1254996934439987e-10,27.719298245513585,10508.000000001506,61.898245613952646,,0.0,27.719298245513585,,,34.999999999985846,0.0,26.5,1.5711520973127335e-10,1.1254996934439987e-10,,1.5575096767861396e-11,6.726080548173064e-11,3.413018573317874e-21,0.7631079335540089,0.8516133251900979,0.0,0.5166821836648328,0.0007198519197549784,0.9999999975879478,5.485929514574343e-09,5.485929514574343e-09,4.514923411361461e-09,,3.6527428214097766e-11,0.9999999945140903,7.543656489161423e-11,,,,,,5.953846494376508e-11,0.0,0.6000000000000001,8.414966731434498e-11,8.414966731434498e-11,0.8600000012988754,0.3031716627291978,781,1.0906322369814676,0.7029021877352244,657,0,0.21666666732738518,0.29970879714554227,781,0,0.3045890420565651,0.6447357274892589,528,120.90319819315506,0.8732670878478459,686.75,669.2512176730726,0.5767016780958307,618,rbio,388.1185185185185,391.0,293.41593552782615,135,0.5187979602950641,1.0,0.3368414277934551,2,464.0,163
rbio1.3,1,periodization,3.3120132896419926e-27,322.41535113813893,4136622.35817752,0.6221374045801527,334.09811648755044,261,raw,4.438977920871965e-14,-2.7478508357604106e-10,7.0571826073667925,38632.6773229452,0.5138545925978024,4.292422349831095e-06,1.0,271.00000000000006,,,,[],[],15,502.6666666666667,74.99999999999997,760.0,"[4, 18, 43, 64, 82, 96, 117, 132, 150, 165, 180, 199, 213, 233, 247]","[105.0, 654.0000000000001, 698.0, 372.00000000000006, 643.0000000000001, 623.0000000000001, 760.0, 499.00000000000006, 465.0, 422.0000000000001, 471.00000000000006, 74.99999999999997, 534.0000000000001, 704.0, 514.9999999999999]","[0, 9, 9, 60, 66, 91, 9, 130, 144, 164, 175, 196, 196, 196, 246]","[5, 38, 46, 66, 112, 112, 255, 196, 175, 166, 196, 200, 228, 255, 255]",29011017.0,761.0,-761.0,0.0,,,,DWT,uc1.b4952553,0.0,,0.0,14.5,23.0,0.0,23.5,,0.0,27.719298245614027,10508.0,61.89824561403513,,0.0,27.719298245614027,,,35.00000000000003,0.0,28.0,0.0,0.0,,5.684341886080802e-14,6.314607751849846e-14,5.515222589579945e-27,0.9751235919857602,0.8257112116577332,0.00020004395649599304,0.1478074866310159,0.00041251460900228805,0.9999999976504634,5.56075785570872e-09,5.56075785570872e-09,4.5762269702255084e-09,,1.333117818032765e-13,0.9999999944392873,0.0,,,,,,0.0,0.0,0.7000000000000001,0.0,0.0,0.8700000012241722,0.30669691458973874,658,1.057317783494597,0.681431336750721,767,0,0.22500000064896886,0.31123605852281194,649,0,0.27846497840572443,0.5894378839779597,824,85.30142632648842,0.9105855069952952,724.5,717.1077784886975,0.5755757723655721,622,rbio,388.1185185185185,391.0,293.41593552782615,135,0.5187979602950641,1.0,0.3368414277934551,2,467.0,164
sym13,1,periodic,3.4269057215713526e-22,272.2672502794746,4321737.400199111,0.6678321678321678,351.87006677527233,261,raw,1.5753479406449407e-11,-2.6843405276759653e-10,7.197154928217731,37965.77647111123,0.5039709234987158,4.292422349831724e-06,0.9999999999999996,270.999999999993,,,,[],[],15,502.6666666666197,75.00000000000477,759.9999999999279,"[4, 18, 43, 64, 82, 96, 117, 132, 150, 165, 180, 199, 213, 233, 247]","[105.0000000000012, 653.999999999946, 697.9999999999343, 371.9999999999566, 642.999999999969, 622.9999999999305, 759.9999999999279, 498.9999999999419, 464.9999999999523, 421.99999999994407, 470.999999999952, 75.00000000000477, 533.9999999999552, 703.9999999999454, 514.9999999999345]","[0, 9, 9, 60, 66, 91, 9, 130, 144, 164, 144, 196, 196, 196, 246]","[5, 38, 46, 66, 112, 112, 255, 196, 175, 166, 196, 200, 228, 255, 255]",29011016.999998324,760.9999999999488,-760.9999999999488,0.0,,,,DWT,uc1.b4952553,1.6763806343078613e-06,,0.0,14.5,23.0,0.0,23.5,,5.1159076974727213e-11,27.719298245567018,10508.000000000706,61.89824561399693,,0.0,27.719298245567018,,,34.999999999995225,0.0,26.5,7.207745511550456e-11,5.1159076974727213e-11,,6.991740519879386e-12,3.1333616267867116e-11,7.271147355910442e-22,0.7881461491507364,0.8694026662985125,0.000784143028769992,0.3603589992894805,0.00024744299886422317,0.9999999976292908,5.525736328760146e-09,5.525736328760146e-09,4.547832686823667e-09,,1.639734916180301e-11,0.99999999447434,3.4606933532043e-11,,,,,,2.8502456622015197e-11,0.0,0.6000000000000001,3.8249848779247706e-11,3.8249848779247706e-11,0.8600000012608022,0.30317166271577606,802,1.052223671078821,0.6781482293564922,791,0,0.21666666732157852,0.2997087971375101,802,0,0.2884199143996711,0.6105098925335868,752,23.73991013743172,0.9751153981787928,786.75,786.198239086995,0.5752149317937989,623,sym,631.1578947368421,635.0,199.88018082668043,171,0.843668654779679,0.6812178775059229,0.20506657840244782,7,469.0,165
bior6.8,1,constant,1.6088171015201238e-21,265.55120510453537,4095942.300482039,0.6906474820143885,338.77526887882937,261,raw,3.3803333908086134e-11,-2.4894875051977566e-10,7.088634063341925,39698.62702920467,0.5686665803549311,4.2924223498323685e-06,0.9999999999999997,270.9999999999845,,,,[],[],15,502.6666666665662,75.00000000001418,759.9999999998429,"[4, 18, 43, 64, 82, 96, 117, 132, 150, 165, 180, 199, 213, 233, 247]","[105.00000000000756, 653.9999999998828, 697.9999999998571, 371.99999999990484, 642.9999999999397, 622.9999999998585, 759.9999999998429, 498.99999999986517, 464.9999999998929, 421.99999999988063, 470.9999999998972, 75.00000000001418, 533.9999999999018, 703.9999999998887, 514.9999999998583]","[0, 9, 9, 60, 66, 83, 9, 130, 144, 164, 144, 196, 196, 196, 246]","[5, 38, 46, 66, 112, 112, 255, 196, 175, 166, 196, 200, 228, 255, 255]",29011016.9999965,760.9999999998875,-760.9999999998875,0.0,,,,DWT,uc1.b4952553,3.5017728805541992e-06,,0.0,14.5,23.0,0.0,23.5,,1.1254996934439987e-10,27.719298245513528,10508.000000001506,61.89824561395263,,0.0,27.719298245513528,,,34.99999999998582,0.0,26.5,1.5711520973127335e-10,1.1254996934439987e-10,,1.5518253349000588e-11,6.726360651725772e-11,3.413564979660537e-21,0.7631053413978408,0.8355285802186744,7.168494417320276e-05,0.46648559227484343,0.0006763589778534676,0.9999999975878225,5.485887166899677e-09,5.485887166899677e-09,4.514912849976525e-09,,3.639411643229449e-11,0.9999999945140903,7.543656489161423e-11,,,,,,5.953846494376508e-11,0.0,0.6000000000000001,8.414966731434498e-11,8.414966731434498e-11,0.8600000012987425,0.30317166272915097,791,1.0625281179413864,0.6847893481475019,758,0,0.21666666732735568,0.29970879714550147,791,0,0.29512393684009275,0.6247005632026481,637,73.17274082607538,0.9232990138091453,744.25,738.3390969278496,0.5715813727326648,639,bior,527.0666666666667,504.0,178.22232468163287,135,0.7045299272241201,0.60740506258131,0.3246075321687229,3,480.0,166
sym5,1,periodization,2.0258757703955467e-21,264.55014374280603,4117555.0896832524,0.6755725190839694,359.89953683840054,261,raw,3.7189091312623343e-11,-2.880817806698066e-10,7.04569103949262,37938.48511158457,0.5128702375728367,4.292422349832142e-06,0.9999999999999996,270.99999999999284,,,,[],[],15,502.66666666658074,75.00000000003712,759.9999999998696,"[4, 18, 43, 64, 82, 96, 117, 132, 150, 165, 180, 199, 213, 233, 247]","[105.00000000002245, 653.9999999999051, 697.9999999999015, 371.99999999992207, 643.0000000000053, 622.9999999999295, 759.9999999998696, 498.9999999997923, 464.9999999999094, 421.99999999990456, 470.9999999998868, 75.00000000003712, 533.9999999999042, 703.9999999998857, 514.9999999998355]","[0, 9, 9, 60, 66, 83, 9, 130, 144, 164, 175, 196, 196, 196, 246]","[5, 38, 46, 66, 112, 112, 255, 196, 175, 166, 196, 200, 228, 255, 255]",29011016.999997046,760.9999999998976,-760.9999999998976,0.0,,,,DWT,uc1.b4952553,2.954155206680298e-06,,0.0,14.5,23.0,0.0,23.5,,1.0243184078717604e-10,27.71929824552808,10508.000000001288,61.89824561395847,,0.0,27.71929824552808,,,34.99999999996288,0.0,28.0,1.3039880286669359e-10,1.0243184078717604e-10,,7.16227077646181e-12,7.400328580502112e-11,4.298474454983968e-21,0.7593728791443922,0.822124193070962,0.00013988042944451814,0.3963636363636362,0.00024068782881528003,0.9999999974867201,5.496728171614108e-09,5.496728171614108e-09,4.5192535791854354e-09,,1.679728450721284e-11,0.9999999945032493,6.260907375592005e-11,,,,,,5.0227662447240115e-11,0.0,0.7000000000000001,7.658469722244931e-11,7.658469722244931e-11,0.8700000012469045,0.30669691459775245,633,1.0253974939360202,0.6608590112654926,836,0,0.22500000064879022,0.31123605852256486,706,0,0.2826058967016077,0.5982031302650341,798,91.5473465845224,0.9040384207709409,743.25,734.5495076806536,0.5624751852282377,669,sym,631.1578947368421,635.0,199.88018082668043,171,0.843668654779679,0.6812178775059229,0.20506657840244782,7,503.5,167
db27,1,periodization,1.6137119363373394e-26,315.5380117314992,4100257.5863589733,0.6641221374045801,345.84892308492323,261,raw,9.208895885099634e-14,-2.565002654719771e-10,7.07541426092739,37938.48511159023,0.5011141413979688,4.292422349831097e-06,1.0,270.9999999999998,,,,[],[],15,502.6666666666667,75.00000000000009,760.0000000000001,"[4, 18, 43, 64, 82, 96, 117, 132, 150, 165, 180, 199, 213, 233, 247]","[105.00000000000011, 653.9999999999999, 698.0000000000002, 371.9999999999998, 642.9999999999999, 623.0000000000003, 760.0000000000001, 499.0, 464.9999999999999, 421.99999999999994, 471.0000000000003, 75.00000000000009, 533.9999999999998, 703.9999999999999, 515.0]","[0, 9, 9, 60, 66, 83, 9, 130, 144, 164, 144, 196, 196, 196, 246]","[5, 38, 46, 66, 112, 112, 196, 196, 175, 166, 196, 200, 228, 255, 255]",29011017.0,761.0000000000001,-761.0000000000001,0.0,,,,DWT,uc1.b4952553,0.0,,0.0,14.5,23.0,0.0,23.5,,1.1368683772161603e-13,27.719298245614027,10508.0,61.89824561403511,,0.0,27.719298245614027,,,34.999999999999915,0.0,26.5,1.1368683772161603e-13,1.1368683772161603e-13,,2.2737367544323206e-13,1.5809593206139938e-13,3.272736019428467e-26,0.9494813978897924,0.8314021043980026,8.53010957824302e-05,0.34310160427807485,0.00024068782881668115,0.9999999976499624,5.56075785570872e-09,5.56075785570872e-09,4.576211128148104e-09,,5.33247127213106e-13,0.9999999944392873,5.4585068662528386e-14,,,,,,0.0,0.0,0.6000000000000001,8.49996639538838e-14,8.49996639538838e-14,0.8600000012242783,0.3031716627029004,822,1.1227694583235721,0.723614323708407,505,0,0.2166666673156445,0.2997087971293017,833,0,0.3034730136415182,0.6423733858002222,540,176.72766242630684,0.814750877959846,675.0,640.0947262465722,0.5536018540742627,689,db,435.1929824561403,354.5,291.32747676616117,342,0.5817223885497198,0.9928822585661271,0.29492965044535796,4,517.75,168
sym20,1,antireflect,8.920329921431307e-18,228.11246267359522,4570200.927417808,0.6833333333333333,343.95486980939506,261,raw,2.5304966653384354e-09,1.2659762590971464e-08,7.285106908185781,70533.19848040564,0.724183648990516,4.2924223499314095e-06,1.0,270.9999999989828,,,,[],[],15,502.66666665920354,75.00000000107644,759.9999999886876,"[4, 18, 43, 64, 82, 96, 117, 132, 150, 165, 180, 199, 213, 233, 247]","[105.00000000024681, 653.9999999915049, 697.9999999899429, 371.99999999322006, 642.9999999958407, 622.9999999896377, 759.9999999886876, 498.9999999894519, 464.9999999924858, 421.99999999121627, 470.9999999919978, 75.00000000107644, 533.9999999927358, 703.9999999910318, 514.999999988976]","[0, 9, 9, 60, 66, 83, 9, 130, 144, 164, 144, 196, 196, 196, 246]","[5, 38, 46, 66, 112, 112, 255, 196, 175, 166, 196, 200, 228, 255, 255]",29011016.99972792,760.9999999918437,-760.9999999918437,0.0,,,,DWT,uc1.b4952553,0.00027208030223846436,,0.0,14.5,23.0,0.0,23.5,,8.15634848549962e-09,27.719298238150884,10508.000000111948,61.89824560789487,,0.0,27.719298238150884,,,34.999999998923556,0.0,26.5,1.1312408787489403e-08,8.15634848549962e-09,,1.0172129805141594e-09,5.03717441914329e-09,1.8927036071783192e-17,0.623514804511401,0.8968563079898081,0.0015681274859889788,0.432463458110517,0.008308546496237586,0.9999999929054116,8.04605818649048e-13,8.04605818649048e-13,1.2837363390343624e-11,,2.3856143353696335e-09,0.9999999999992772,5.431487257264887e-09,,,,,,4.62601204854556e-09,0.0,0.6000000000000001,6.098215890707439e-09,6.098215890707439e-09,0.8600000065364393,0.303171664575571,716,0.9996299037985933,0.6442520425127711,864,0,0.21666666812989005,0.29970879825562424,716,0,0.28038732137587535,0.5935069837229004,811,73.40924101682748,0.9230511100452542,776.75,771.6422820247409,0.5544238778737801,688,sym,631.1578947368421,635.0,199.88018082668043,171,0.843668654779679,0.6812178775059229,0.20506657840244782,7,517.75,169
haar,1,periodization,3.093757994461376e-27,322.71140846038776,4111998.9655717434,0.6450381679389313,333.90154964121535,261,raw,4.2072348159616965e-14,-2.745467186926541e-10,7.055211161991679,37938.48511159024,0.5232570201038337,4.292422349831095e-06,1.0,271.00000000000006,,,,[],[],15,502.6666666666667,74.99999999999997,760.0,"[4, 18, 43, 64, 82, 96, 117, 132, 150, 165, 180, 199, 213, 233, 247]","[105.0, 654.0000000000001, 698.0, 372.0000000000001, 643.0000000000001, 623.0000000000001, 760.0, 499.00000000000006, 465.00000000000006, 422.0000000000001, 471.0000000000001, 74.99999999999997, 534.0000000000001, 704.0000000000001, 515.0000000000001]","[0, 9, 9, 60, 66, 83, 9, 130, 144, 164, 144, 196, 196, 196, 246]","[5, 38, 46, 66, 112, 112, 196, 196, 175, 166, 196, 200, 228, 255, 255]",29011017.000000004,761.0,-761.0,0.0,,,,DWT,uc1.b4952553,3.725290298461914e-09,,0.0,14.5,23.0,0.0,23.5,,0.0,27.719298245614027,10508.0,61.89824561403516,,0.0,27.719298245614027,,,35.00000000000003,0.0,26.5,0.0,0.0,,5.684341886080802e-14,5.853300570729112e-14,5.052131439201459e-27,0.9762274431804979,0.8250958377348039,0.0001223490235494043,0.2543315508021391,0.00024068782881668483,0.9999999976504634,5.56075785570872e-09,5.56075785570872e-09,4.576248092995382e-09,,1.333117818032765e-13,0.9999999944392873,0.0,,,,,,6.33387924933671e-14,0.0,0.6000000000000001,0.0,0.0,0.8600000012242102,0.30317166270287643,830,1.1001744547398753,0.7090520570594563,590,0,0.21666666731564257,0.29970879712929904,837,0,0.29371683836712364,0.6217221019569862,662,123.38658760173247,0.870663954295878,729.75,713.6419481174829,0.5528634236888195,690,haar,748.1111111111111,755.0,25.39903760206499,9,1.0,0.08656325211640138,0.2740310243650796,6,519.0,170
rbio1.1,1,periodization,3.093757994461376e-27,322.71140846038776,4111998.9655717434,0.6450381679389313,333.90154964121535,261,raw,4.2072348159616965e-14,-2.745467186926541e-10,7.055211161991679,37938.48511159024,0.5232570201038337,4.292422349831095e-06,1.0,271.00000000000006,,,,[],[],15,502.6666666666667,74.99999999999997,760.0,"[4, 18, 43, 64, 82, 96, 117, 132, 150, 165, 180, 199, 213, 233, 247]","[105.0, 654.0000000000001, 698.0, 372.0000000000001, 643.0000000000001, 623.0000000000001, 760.0, 499.00000000000006, 465.00000000000006, 422.0000000000001, 471.0000000000001, 74.99999999999997, 534.0000000000001, 704.0000000000001, 515.0000000000001]","[0, 9, 9, 60, 66, 83, 9, 130, 144, 164, 144, 196, 196, 196, 246]","[5, 38, 46, 66, 112, 112, 196, 196, 175, 166, 196, 200, 228, 255, 255]",29011017.000000004,761.0,-761.0,0.0,,,,DWT,uc1.b4952553,3.725290298461914e-09,,0.0,14.5,23.0,0.0,23.5,,0.0,27.719298245614027,10508.0,61.89824561403516,,0.0,27.719298245614027,,,35.00000000000003,0.0,26.5,0.0,0.0,,5.684341886080802e-14,5.853300570729112e-14,5.052131439201459e-27,0.9762274431804979,0.8250958377348039,0.0001223490235494043,0.2543315508021391,0.00024068782881668483,0.9999999976504634,5.56075785570872e-09,5.56075785570872e-09,4.576248092995382e-09,,1.333117818032765e-13,0.9999999944392873,0.0,,,,,,6.33387924933671e-14,0.0,0.6000000000000001,0.0,0.0,0.8600000012242102,0.30317166270287643,831,1.1001744547398753,0.7090520570594563,589,0,0.21666666731564257,0.29970879712929904,839,0,0.29371683836712364,0.6217221019569862,661,124.79850426454104,0.8691839577939822,730.0,713.5318270096784,0.5519923981842028,694,rbio,388.1185185185185,391.0,293.41593552782615,135,0.5187979602950641,1.0,0.3368414277934551,2,521.0,171
db1,1,periodization,3.093757994461376e-27,322.71140846038776,4111998.9655717434,0.6450381679389313,333.90154964121535,261,raw,4.2072348159616965e-14,-2.745467186926541e-10,7.055211161991679,37938.48511159024,0.5232570201038337,4.292422349831095e-06,1.0,271.00000000000006,,,,[],[],15,502.6666666666667,74.99999999999997,760.0,"[4, 18, 43, 64, 82, 96, 117, 132, 150, 165, 180, 199, 213, 233, 247]","[105.0, 654.0000000000001, 698.0, 372.0000000000001, 643.0000000000001, 623.0000000000001, 760.0, 499.00000000000006, 465.00000000000006, 422.0000000000001, 471.0000000000001, 74.99999999999997, 534.0000000000001, 704.0000000000001, 515.0000000000001]","[0, 9, 9, 60, 66, 83, 9, 130, 144, 164, 144, 196, 196, 196, 246]","[5, 38, 46, 66, 112, 112, 196, 196, 175, 166, 196, 200, 228, 255, 255]",29011017.000000004,761.0,-761.0,0.0,,,,DWT,uc1.b4952553,3.725290298461914e-09,,0.0,14.5,23.0,0.0,23.5,,0.0,27.719298245614027,10508.0,61.89824561403516,,0.0,27.719298245614027,,,35.00000000000003,0.0,26.5,0.0,0.0,,5.684341886080802e-14,5.853300570729112e-14,5.052131439201459e-27,0.9762274431804979,0.8250958377348039,0.0001223490235494043,0.2543315508021391,0.00024068782881668483,0.9999999976504634,5.56075785570872e-09,5.56075785570872e-09,4.576248092995382e-09,,1.333117818032765e-13,0.9999999944392873,0.0,,,,,,6.33387924933671e-14,0.0,0.6000000000000001,0.0,0.0,0.8600000012242102,0.30317166270287643,834,1.1001744547398753,0.7090520570594563,587,0,0.21666666731564257,0.29970879712929904,836,0,0.29371683836712364,0.6217221019569862,660,125.69639347782949,0.8682427741322543,729.25,712.5118087371075,0.5519148881143452,696,db,435.1929824561403,354.5,291.32747676616117,342,0.5817223885497198,0.9928822585661271,0.29492965044535796,4,523.0,172
bior1.1,1,periodization,3.093757994461376e-27,322.71140846038776,4111998.9655717434,0.6450381679389313,333.90154964121535,261,raw,4.2072348159616965e-14,-2.745467186926541e-10,7.055211161991679,37938.48511159024,0.5232570201038337,4.292422349831095e-06,1.0,271.00000000000006,,,,[],[],15,502.6666666666667,74.99999999999997,760.0,"[4, 18, 43, 64, 82, 96, 117, 132, 150, 165, 180, 199, 213, 233, 247]","[105.0, 654.0000000000001, 698.0, 372.0000000000001, 643.0000000000001, 623.0000000000001, 760.0, 499.00000000000006, 465.00000000000006, 422.0000000000001, 471.0000000000001, 74.99999999999997, 534.0000000000001, 704.0000000000001, 515.0000000000001]","[0, 9, 9, 60, 66, 83, 9, 130, 144, 164, 144, 196, 196, 196, 246]","[5, 38, 46, 66, 112, 112, 196, 196, 175, 166, 196, 200, 228, 255, 255]",29011017.000000004,761.0,-761.0,0.0,,,,DWT,uc1.b4952553,3.725290298461914e-09,,0.0,14.5,23.0,0.0,23.5,,0.0,27.719298245614027,10508.0,61.89824561403516,,0.0,27.719298245614027,,,35.00000000000003,0.0,26.5,0.0,0.0,,5.684341886080802e-14,5.853300570729112e-14,5.052131439201459e-27,0.9762274431804979,0.8250958377348039,0.0001223490235494043,0.2543315508021391,0.00024068782881668483,0.9999999976504634,5.56075785570872e-09,5.56075785570872e-09,4.576248092995382e-09,,1.333117818032765e-13,0.9999999944392873,0.0,,,,,,6.33387924933671e-14,0.0,0.6000000000000001,0.0,0.0,0.8600000012242102,0.30317166270287643,835,1.1001744547398753,0.7090520570594563,588,0,0.21666666731564257,0.29970879712929904,838,0,0.29371683836712364,0.6217221019569862,663,125.61581641391076,0.8683272364634059,731.0,714.2987105802035,0.5510399285042397,700,bior,527.0666666666667,504.0,178.22232468163287,135,0.7045299272241201,0.60740506258131,0.3246075321687229,3,525.75,173
sym17,1,symmetric,6.97014757945138e-20,249.18385211016968,4417550.244108532,0.6666666666666666,346.1663654909084,261,raw,2.2187214177441672e-10,-2.7954572059045816e-10,7.252652977938327,38150.449676250864,0.5159204561885901,4.2924223498228835e-06,1.0,271.0000000000967,,,,[],[],15,502.66666666730976,74.99999999988734,760.0000000011361,"[4, 18, 43, 64, 82, 96, 117, 132, 150, 165, 180, 199, 213, 233, 247]","[104.99999999992593, 654.0000000007611, 698.0000000007732, 372.00000000060686, 643.0000000003473, 623.0000000009377, 760.0000000011361, 499.0000000008658, 465.0000000005838, 422.00000000074715, 471.00000000078467, 74.99999999988734, 534.0000000006537, 704.0000000006746, 515.00000000096]","[0, 9, 9, 60, 66, 91, 46, 130, 144, 164, 175, 196, 130, 130, 246]","[5, 38, 46, 66, 112, 112, 130, 182, 175, 166, 182, 200, 228, 255, 255]",29011017.000022504,761.0000000007377,-761.0000000007377,0.0,,,,DWT,uc1.b4952553,2.2504478693008423e-05,,0.0,23.5,23.0,0.0,23.5,,7.377138899755664e-10,27.719298246257097,10507.999999990354,61.89824561465189,,0.0,27.719298246257097,,,35.000000000112664,0.0,23.5,1.136072569352109e-09,7.377138899755664e-10,,9.669065548223443e-11,4.416328532188881e-10,1.4789165253475485e-19,0.7020795845603132,0.8867260235685641,0.0010864641833788053,0.35493761140819946,0.00029315339680107517,0.9999999981469556,6.039837099202328e-09,6.039837099202328e-09,5.034596357163072e-09,,2.2676334084737332e-10,0.9999999939602052,5.454685911446462e-10,,,,,,3.826296454524307e-10,1.0,0.4000000000000001,5.515628193967519e-10,5.515628193967519e-10,0.9400000023565265,0.33137367819705216,204,1.0072463006666492,0.649160738441321,852,0,0.2833333342899515,0.3919268887030331,205,0,0.27787469107984136,0.588188399341509,831,367.8722604383212,0.6143896641107744,523.0,329.02616370940444,0.5330858173803348,782,sym,631.1578947368421,635.0,199.88018082668043,171,0.843668654779679,0.6812178775059229,0.20506657840244782,7,588.25,174
coif5,1,smooth,7.320635434265614e-27,318.9707840492151,10619088.282756157,0.7068965517241379,358.6870942842593,261,raw,5.787877627151219e-14,-2.6689583876305475e-10,5.764120362328617,183094.0658249108,0.9059548905551258,4.2924223498310954e-06,1.0,270.99999999999994,,,,[],[],15,502.66666666666674,75.00000000000009,759.9999999999999,"[4, 18, 43, 64, 82, 96, 117, 132, 150, 165, 180, 199, 213, 233, 247]","[105.00000000000011, 654.0, 698.0000000000002, 372.00000000000017, 643.0000000000002, 623.0000000000003, 759.9999999999999, 499.0, 465.0000000000002, 422.0, 471.00000000000006, 75.00000000000009, 534.0, 703.9999999999998, 515.0]","[0, 9, 9, 60, 66, 91, 9, 130, 144, 164, 144, 196, 196, 196, 246]","[5, 38, 46, 66, 112, 112, 196, 196, 175, 166, 196, 200, 228, 255, 255]",29011017.0,760.9999999999999,-760.9999999999999,0.0,,,,DWT,uc1.b4952553,0.0,,0.0,14.5,23.0,0.0,23.5,,1.1368683772161603e-13,27.719298245614084,10508.0,61.89824561403511,,0.0,27.719298245614084,,,34.999999999999915,0.0,26.5,1.1368683772161603e-13,1.1368683772161603e-13,,5.684341886080802e-14,8.99972376148996e-14,1.4020663151057293e-26,0.9622805065062952,0.4220901951358039,0.020654364098413844,0.5420689655172413,0.03616966492185988,0.9999999976499624,5.5608002033833856e-09,5.5608002033833856e-09,4.576211128148104e-09,,1.333117818032765e-13,0.9999999944392873,5.4585068662528386e-14,,,,,,0.0,0.0,0.6000000000000001,8.49996639538838e-14,8.49996639538838e-14,0.8600000012241038,0.3031716627028389,892,1.0300360356965534,0.6638485076702605,829,0,0.2166666673156182,0.29970879712926535,886,0,0.2833233851685292,0.5997218666107753,791,48.23898838076935,0.9494350226616673,849.5,847.414623427358,0.5294869033643766,794,coif,446.94117647058823,423.0,281.0571967283836,153,0.5974261975694778,0.9578797968923861,0.29443772263364965,5,596.75,175
sym3,1,antireflect,1.646096539701325e-18,235.45171882585637,4108536.282420892,0.6842105263157895,334.575925746399,261,raw,1.0651334084634679e-09,-7.0662090750079e-09,7.090852481211709,39999.705206062456,0.5302529200122104,4.2924223497918295e-06,1.0,271.0000000006505,,,,[],[],15,502.6666666695442,75.00000000046191,760.0000000045518,"[4, 18, 43, 64, 82, 96, 117, 132, 150, 165, 180, 199, 213, 233, 247]","[105.00000000027586, 654.0000000036121, 698.0000000047805, 372.0000000027943, 643.0000000037481, 623.0000000056865, 760.0000000045518, 499.0000000008003, 465.0000000021161, 422.0000000035103, 471.00000000301077, 75.00000000046191, 534.0000000024958, 704.0000000026063, 515.0000000027125]","[0, 9, 9, 60, 66, 83, 46, 130, 144, 164, 175, 196, 182, 182, 246]","[5, 38, 46, 66, 112, 112, 182, 182, 175, 166, 182, 200, 228, 255, 255]",29011017.000103142,761.0000000030375,-761.0000000030375,0.0,,,,DWT,uc1.b4952553,0.00010314211249351501,,0.0,23.5,23.0,0.0,23.5,,3.037484930246137e-09,27.719298248491555,10507.999999956837,61.89824561657894,,0.0,27.719298248491555,,,34.99999999953809,0.0,26.5,4.551793608698063e-09,3.037484930246137e-09,,6.505160854430869e-10,2.1202263890880545e-09,3.4926655009376126e-18,0.6508792574849758,0.8362210450084463,0.00011142311502298992,0.43654376583169163,0.0007508819887248365,0.9999999956142568,7.704481842638223e-09,7.704481842638223e-09,6.466762400095326e-09,,1.5256200309566963e-09,0.999999992295569,2.1854769791103114e-09,,,,,,1.753661147763855e-09,1.0,0.6000000000000001,2.2710210215198673e-09,2.2710210215198673e-09,0.9600000050355669,0.3384241829152328,30,0.9836116483169546,0.6339284279707071,879,0,0.3000000016493626,0.4149814124483319,30,0,0.27492948222129837,0.5819541587293077,847,481.1101744922882,0.49569164099340857,446.5,57.98365271163275,0.5138311454442934,826,sym,631.1578947368421,635.0,199.88018082668043,171,0.843668654779679,0.6812178775059229,0.20506657840244782,7,621.25,176
db33,1,zero,1.1056106225929496e-26,317.1802498185478,4101590.331588301,0.6380368098159509,245.3026609006817,261,raw,7.794871602165161e-14,-2.660509590413151e-10,7.073114244631488,41977.74906846325,0.6311920269870406,4.2924223498310954e-06,1.0,271.0000000000001,,,,[],[],15,502.6666666666667,75.00000000000003,760.0,"[4, 18, 43, 64, 82, 96, 117, 132, 150, 165, 180, 199, 213, 233, 247]","[105.0, 654.0, 698.0, 372.0, 642.9999999999999, 623.0000000000001, 760.0, 499.0, 464.9999999999997, 422.0, 470.9999999999998, 75.00000000000003, 534.0000000000002, 704.0, 514.9999999999998]","[0, 9, 9, 60, 66, 91, 46, 130, 144, 164, 175, 196, 130, 130, 246]","[5, 38, 46, 66, 112, 112, 255, 196, 175, 166, 196, 200, 228, 255, 255]",29011017.0,761.0,-761.0,0.0,,,,DWT,uc1.b4952553,0.0,,0.0,14.5,23.0,0.0,23.5,,0.0,27.719298245614027,10508.0,61.898245614035055,,0.0,27.719298245614027,,,34.99999999999997,0.0,23.5,0.0,0.0,,1.1368683772161603e-13,1.299484039505051e-13,2.1946534844961982e-26,0.9556044907444559,0.8306841691872798,8.950634697934293e-05,0.2217643778091269,0.0012404883288461503,0.999999997650213,5.56075785570872e-09,5.56075785570872e-09,4.576168882608358e-09,,2.66623563606553e-13,0.9999999944392873,0.0,,,,,,0.0,0.0,0.4000000000000001,0.0,0.0,0.8400000012241462,0.2961211589291024,918,1.0779514786690314,0.6947295586328402,700,0,0.20000000064895426,0.2766542743422238,926,0,0.2870547189166883,0.6076201290117511,760,113.57229709161767,0.8809514705538599,826.0,814.0672236130742,0.5075616891553367,854,db,435.1929824561403,354.5,291.32747676616117,342,0.5817223885497198,0.9928822585661271,0.29492965044535796,4,641.5,177
rbio5.5,1,periodization,4.8192776540386666e-20,250.78645236441903,4252012.676414503,0.6717557251908397,329.1346311228569,261,raw,1.84759459328256e-10,-3.997602253902322e-10,6.957683451774846,40126.03181168969,0.6234674031722787,4.292422349823783e-06,1.0,271.0000000000976,,,,[],[],15,502.66666666719914,75.00000000001708,760.0000000008812,"[4, 18, 43, 64, 82, 96, 117, 132, 150, 165, 180, 199, 213, 233, 247]","[105.00000000004468, 654.0000000006215, 698.0000000007742, 372.0000000005118, 643.0000000005197, 623.0000000009704, 760.0000000008812, 499.00000000037267, 465.0000000004552, 422.0000000006681, 471.000000000577, 75.00000000001708, 534.0000000004691, 704.0000000004893, 515.0000000006152]","[0, 9, 9, 60, 66, 83, 46, 130, 144, 164, 175, 196, 182, 182, 246]","[5, 38, 46, 66, 112, 112, 182, 182, 175, 166, 182, 200, 228, 255, 255]",29011017.000019424,761.0000000005666,-761.0000000005666,0.0,,,,DWT,uc1.b4952553,1.942366361618042e-05,,0.0,23.5,23.0,0.0,23.5,,5.666151992045343e-10,27.71929824614648,10507.999999992013,61.89824561451623,,0.0,27.71929824614648,,,34.99999999998292,0.0,26.5,8.811866791802458e-10,5.666151992045343e-10,,9.760015018400736e-11,3.6775645059756115e-10,1.0225478369042348e-19,0.7080548875587422,0.7946531937802495,0.0005641385060019276,0.37860962566844925,0.0007821504091156913,0.9999999975750438,5.957428524302782e-09,5.957428524302782e-09,4.933772095866556e-09,,2.2889632935622577e-10,0.9999999940425969,4.2308886720325754e-10,,,,,,3.302484640604161e-10,1.0,0.6000000000000001,4.236383251461569e-10,4.236383251461569e-10,0.9600000020089725,0.33842418184828205,59,0.974198309219724,0.6278616197277657,889,0,0.3000000008579817,0.41498141135363736,59,0,0.26895199947004506,0.5693013834877476,879,476.33146722284334,0.5007007681102271,471.5,110.61695779804627,0.5032329836358264,869,rbio,388.1185185185185,391.0,293.41593552782615,135,0.5187979602950641,1.0,0.3368414277934551,2,652.25,178
