wavelet,wavelet_level,wavelet_mode,wavelet_mse,wavelet_psnr,wavelet_energy_entropy,wavelet_sparsity,wavelet_adaptive_threshold,signal_length,signal_type,emd_value,kl_divergence,wavelet_entropy,avg_variance_across_levels,variance_ratio_across_levels,smoothness,correlation,dynamic_cutoff,dominant_frequency,amplitude_max,num_fft_peaks,positive_frequencies,positive_amplitudes,relative_num_peaks,avg_prominence,prominence_min,prominence_max,relative_peaks,relative_prominences,relative_left_bases,relative_right_bases,max_autocorrelation,upper_envelope,lower_envelope,spectral_magnitude,spectral_centroid,spectral_bandwidth,frequency_max,wavelet_type,htid,max_autocorrelation_diff,frequency_max_diff,relative_right_bases_array_alignment_score,relative_right_bases_global_alignment_score,relative_num_peaks_diff,relative_peaks_array_alignment_score,relative_peaks_global_alignment_score,spectral_centroid_diff,lower_envelope_diff,relative_prominences_avg_diff,relative_prominences_total_diff,relative_prominences_wasserstein,spectral_bandwidth_diff,spectral_magnitude_diff,avg_prominence_diff,num_fft_peaks_diff,amplitude_max_diff,prominence_min_diff,relative_left_bases_array_alignment_score,relative_left_bases_global_alignment_score,prominence_max_diff,upper_envelope_diff,dominant_frequency_diff,dynamic_cutoff_diff,emd_value_normalized,wavelet_mse_normalized,wavelet_psnr_normalized,wavelet_entropy_normalized,wavelet_energy_entropy_normalized,wavelet_sparsity_normalized,avg_variance_across_levels_normalized,prominence_min_diff_normalized,avg_prominence_diff_normalized,relative_prominences_avg_diff_normalized,relative_prominences_wasserstein_normalized,spectral_centroid_diff_normalized,dynamic_cutoff_diff_normalized,relative_prominences_total_diff_normalized,prominence_max_diff_normalized,amplitude_max_diff_normalized,frequency_max_diff_normalized,spectral_bandwidth_diff_normalized,num_fft_peaks_diff_normalized,dominant_frequency_diff_normalized,max_autocorrelation_diff_normalized,relative_right_bases_global_alignment_score_normalized,upper_envelope_diff_normalized,lower_envelope_diff_normalized,reconstruction_weighted_score,reconstruction_normalized_weighted_score,reconstruction_normalized_weighted_rank,signal_weighted_score,signal_normalized_weighted_score,signal_normalized_weighted_rank,reconstruction_missing_metrics_count,reconstruction_dynamically_weighted_score,reconstruction_normalized_dynamically_weighted_score,reconstruction_normalized_dynamically_weighted_rank,signal_missing_metrics_count,signal_dynamically_weighted_score,signal_normalized_dynamically_weighted_score,signal_normalized_dynamically_weighted_rank,rank_variability,normalized_rank_stability,average_rank,harmonic_average_rank,stability_score_weighted,stability_rank,wavelet_family,normalized_family_mean_rank,normalized_family_std_dev,final_family_stability_score,final_family_stability_rank,family_informed_rank,relative_left_bases_global_alignment_score_normalized,across_emd_value_normalized,across_smoothness_normalized,across_wavelet_mse_normalized,across_wavelet_psnr_normalized,across_wavelet_entropy_normalized,across_wavelet_energy_entropy_normalized,across_wavelet_sparsity_normalized,across_avg_variance_across_levels_normalized,across_prominence_min_diff_normalized,across_avg_prominence_diff_normalized,across_relative_prominences_avg_diff_normalized,across_relative_prominences_wasserstein_normalized,across_spectral_centroid_diff_normalized,across_dynamic_cutoff_diff_normalized,across_relative_prominences_total_diff_normalized,across_prominence_max_diff_normalized,across_amplitude_max_diff_normalized,across_frequency_max_diff_normalized,across_spectral_bandwidth_diff_normalized,across_num_fft_peaks_diff_normalized,across_relative_num_peaks_diff_normalized,across_dominant_frequency_diff_normalized,across_max_autocorrelation_diff_normalized,across_relative_right_bases_global_alignment_score_normalized,across_relative_left_bases_global_alignment_score_normalized,across_upper_envelope_diff_normalized,across_lower_envelope_diff_normalized,across_relative_peaks_global_alignment_score_normalized,across_reconstruction_weighted_score,across_reconstruction_normalized_weighted_score,across_reconstruction_normalized_weighted_rank,across_signal_weighted_score,across_signal_normalized_weighted_score,across_signal_normalized_weighted_rank,across_rank_variability,across_normalized_rank_stability,across_average_rank,across_harmonic_average_rank,across_stability_score_weighted,across_stability_rank,across_normalized_family_mean_rank,across_normalized_family_std_dev,across_final_family_stability_score,across_final_family_stability_rank,across_family_informed_rank,across_top_wavelet_rank,scales_used,is_complex,correlation_normalized,kl_divergence_normalized,relative_num_peaks_diff_normalized,relative_peaks_global_alignment_score_normalized,smoothness_normalized,across_correlation_normalized,across_kl_divergence_normalized,combined_emd_value_normalized,combined_smoothness_normalized,combined_wavelet_mse_normalized,combined_wavelet_psnr_normalized,combined_wavelet_entropy_normalized,combined_wavelet_energy_entropy_normalized,combined_wavelet_sparsity_normalized,combined_correlation_normalized,combined_avg_variance_across_levels_normalized,combined_prominence_min_diff_normalized,combined_avg_prominence_diff_normalized,combined_relative_prominences_avg_diff_normalized,combined_relative_prominences_wasserstein_normalized,combined_spectral_centroid_diff_normalized,combined_dynamic_cutoff_diff_normalized,combined_relative_prominences_total_diff_normalized,combined_prominence_max_diff_normalized,combined_amplitude_max_diff_normalized,combined_frequency_max_diff_normalized,combined_spectral_bandwidth_diff_normalized,combined_num_fft_peaks_diff_normalized,combined_relative_num_peaks_diff_normalized,combined_dominant_frequency_diff_normalized,combined_max_autocorrelation_diff_normalized,combined_relative_right_bases_global_alignment_score_normalized,combined_relative_left_bases_global_alignment_score_normalized,combined_upper_envelope_diff_normalized,combined_lower_envelope_diff_normalized,combined_relative_peaks_global_alignment_score_normalized,combined_reconstruction_weighted_score,combined_reconstruction_normalized_weighted_score,combined_reconstruction_normalized_weighted_rank,combined_signal_weighted_score,combined_signal_normalized_weighted_score,combined_signal_normalized_weighted_rank,combined_rank_variability,combined_normalized_rank_stability,combined_average_rank,combined_harmonic_average_rank,combined_stability_score_weighted,combined_stability_rank,family_mean_stability_rank,family_median_stability_rank,family_rank_std_dev,family_wavelet_count,combined_normalized_family_mean_rank,combined_normalized_family_std_dev,combined_final_family_stability_score,combined_final_family_stability_rank,combined_family_informed_rank,combined_top_wavelet_rank
mexh,,,,-45.92703451881685,5993336153.48098,0.6468485872977542,1733.9638705703192,205,smoothed,139978.921683599,,13.2105175737521,921708.5340126995,0.017949757511188012,4.920955370648208e-06,0.485841457020704,151618.84956703137,,,,[],[],2,116558.12796984891,15509.633508430066,217606.62243126775,"[31, 86]","[15509.633508430066, 217606.62243126775]","[0, 0]","[51, 204]",4968983118667.109,247275.2537562275,-247275.2537562275,0.0,,,,CWT,mdp.39015067403777,4968939602681.189,,0.0,-21.0,20.0,0.0,-21.0,,246490.4537562275,116346.56433348528,228461.85593969782,116346.56433348528,,0.0,116346.56433348528,,,15505.433508430066,0.0,-21.0,216821.82243126776,246490.4537562275,,151180.64956703136,1.0,,0.0,0.48653286538516993,1.0,0.3167447306791573,0.1842599903442089,0.09029714850589496,1.0,1.0,1.0,,1.0,0.796660477742901,0.9999999999999999,,,,,,1.0,0.33333333333333326,0.8067518842520436,0.8067518842520436,3.498120137124036,1.0,1,1.7927055888489862,0.866745203324872,2,0,0.7083662901013966,1.0,1,0,0.5719358089672532,0.8773894866620734,2,0.5773502691896257,0.9422649730810374,1.5,1.3333333333333333,0.8961324865405187,1,mexh,0.14285714285714285,,,2,1.25,0.33333333333333326,1.0,0.8989460014607639,,0.0,0.48653286538516993,1.0,0.282506527415144,0.18425999034420892,0.5239187536928499,1.0,1.0,1.0,,0.9999999999999999,0.7995716479909757,1.0,,,,,0.18181818181818177,,1.0,0.42500000000000004,0.5483870967741936,0.8067518842520435,0.8067518842520435,0.6071428571428571,3.5711567576374237,0.9349096024824132,2,1.790267248827388,0.8731919179689123,3,0.7071067811865476,0.9646446609406726,2.5,2.4000000000000004,0.9198223304703363,1,0.13043478260869565,0.125,0.871195652173913,1,1.0,1,101.0,False,0.7265260214820822,,0.6666666666666666,0.08333333333333331,0.8614228638474065,0.7265260214820821,,1.0,0.02673927146681592,,0.0,0.9761527818768547,0.9999999999999999,0.6553549810112939,0.5772255034758471,0.059441031296012053,0.6373198275953202,1.0,1.0,1.0,,1.0,0.8204633038166134,1.0,,,,,0.55,,1.0,0.12142857142857144,0.11409395973154368,0.8661918062814197,0.8661918062814197,0.12142857142857144,3.6157422901011964,0.9621212913350932,2,1.8129067786917334,1.0,1,0.7071067811865476,0.9972486117463558,1.5,1.3333333333333333,0.9957060179354347,1,1.5,1.5,0.7071067811865476,2,0.005928853754940711,0.00609296722129805,0.9940219122051521,1,1.0,1
mexh,,,,-44.37234214369639,5963842628.5684,0.6485390002414876,1742.2949455989458,205,raw,139799.64041231506,,13.221143525912552,892222.5952791533,0.017920312225227324,3.873971266486091e-07,0.37386405287597313,150610.93089669125,,,,[],[],2,115783.27285011132,18145.39036666692,213421.1553335557,"[30, 84]","[18145.39036666692, 213421.1553335557]","[0, 0]","[53, 204]",4920431925538.878,245879.76126344554,-245879.76126344554,0.0,,,,CWT,mdp.39015067403777,4920382505102.878,,0.0,-20.0,28.0,0.0,-24.5,,244945.76126344554,115393.03951677798,219859.54570022263,115393.03951677798,,0.0,115393.03951677798,,,18143.39036666692,0.0,-20.0,212508.1553335557,244945.76126344554,,150221.93089669125,1.0,,0.0,0.4457288688602,1.0,0.2536231884057974,0.17455414204292952,0.6666470729765643,1.0,1.0,1.0,,1.0,0.8190061660464958,0.9999999999999999,,,,,,1.0,0.4750000000000001,0.7976665319991214,0.7976665319991214,3.8282632312056024,1.0,1,1.4757166200921472,0.8473717059171144,2,0,0.8123882130980865,1.0,1,0,0.5111227618593313,0.8636927251888642,2,0.5773502691896257,0.9422649730810374,1.5,1.3333333333333333,0.8961324865405187,1,mexh,0.14285714285714285,,,2,1.25,0.6129032258064516,0.998296194060402,0.030332900866334278,,0.12423543014432514,0.5106375339924951,0.9944151589593541,0.30078328981723274,0.1735094529554545,0.6666470729765643,0.9904468281332957,0.9904468281332957,0.9904468281332958,,0.9936420970717349,0.7683520241208603,0.978524104717007,,,,,0.909090909090909,,0.989419930288525,0.47500000000000003,0.6129032258064516,0.7989192332935222,0.7989192332935222,0.35714285714285715,3.8197882962749885,1.0,1,1.5732127545454342,0.7673249138721928,4,2.1213203435596424,0.8939339828220179,2.5,1.6,0.8844669914110089,2,0.13043478260869565,0.125,0.871195652173913,1,1.75,2,101.0,False,0.7039531337063909,,0.75,0.45454545454545453,,0.6195983109895478,,0.9987192266583594,0.0009022562749296942,,0.00417963623294848,0.9773287397057451,0.99507318610888,0.6641341481616612,0.4851504202047393,0.057441806497777345,0.7460507046176238,0.9917967862903747,0.9917967862903747,0.9917967862903747,,0.993658456468564,0.7895035699413228,0.9801050141109322,,,,,0.9500000000000001,,0.9902278752689788,0.1357142857142858,0.12751677852348997,0.8607636042554078,0.8607636042554078,0.07142857142857151,3.7580940393531783,1.0,1,1.7712857394727395,0.9770418205126745,2,0.7071067811865476,0.9972486117463558,1.5,1.3333333333333333,0.9957060179354347,2,1.5,1.5,0.7071067811865476,2,0.005928853754940711,0.00609296722129805,0.9940219122051521,1,1.75,2
gaus1,,,,-44.194161617170394,4859485466.020797,0.6579087177010384,1798.5370444644425,205,raw,137292.64479411606,,13.426000980308894,3097984.3274887674,0.022389295568369574,1.0139633425900761e-06,-0.2161531672474534,78536.76614235589,,,,[],[],1,19853.473431489983,19853.473431489983,19853.473431489983,[118],[19853.473431489983],[2],[132],4697092997223.005,285501.9813278498,-285501.9813278498,0.0,,,,CWT,mdp.39015067403777,4697043576787.005,,0.0,-29.5,29.0,0.0,-29.5,,284567.9813278498,19463.24009815665,8146.473431489983,19463.24009815665,,0.0,19463.24009815665,,,19851.473431489983,0.0,-29.5,18940.473431489983,284567.9813278498,,78147.76614235589,0.9759228838032511,,0.01625825257274638,1.0,0.7885715839455972,0.36176142697881875,0.9999999999999999,0.7590639842986532,0.0,0.0,0.0,,0.5189697997429551,0.0,0.0,,,,,,0.9506217080827024,0.0,1.0,1.0,1.7625149492024246,0.4603954437708221,5,1.7415221794489493,1.0,1,0,0.37347539229459376,0.4597252720719877,6,0,0.5917877353286306,1.0,1,2.6299556396765835,0.7370044360323417,3.25,1.6901408450704225,0.7060022180161709,3,gaus,0.8392857142857143,1.0,0.11249999999999998,1,2.5,0.0,0.9744708720162026,0.15038068546841177,,0.13847383171530114,0.9753508110145898,0.7852960650833668,0.4020887728459535,0.9777274969217714,0.7590639842986532,0.02934561196445551,0.02934561196445551,0.029345611964455454,,0.5156702401334883,0.0,0.014833775227892976,,,,,0.9999999999999999,,0.9407567780674279,0.0,0.0,0.9998310791245777,0.9998310791245777,0.0,1.7896930744218413,0.46853200638557074,10,1.8752650322334774,0.9146490677682411,2,5.656854249492381,0.717157287525381,6.0,3.3333333333333335,0.7085786437626904,7,1.0,1.0,0.0,3,6.0,6,101.0,False,0.0,,1.0,0.0,,0.05618830000710984,,0.9808094186097899,0.004473094007394873,,0.004658656903913427,0.9999999999999999,0.8105932968679463,0.7127958175094116,0.0,0.20699829828460808,0.8164541947601,0.1665087266991616,0.1665087266991616,0.16650872669915742,,0.5169164596538282,0.027547747273849642,0.08735501444968294,,,,,1.0,,0.9452808752701537,0.0,0.0,1.0,1.0,0.0,1.9833441607810314,0.5277526693085076,7,1.5715942426790845,0.8668919224921263,5,1.4142135623730951,0.9944972234927117,6.0,5.833333333333333,0.9855754599953831,3,191.5,253.0,116.052943583029,8,0.7569169960474308,1.0,0.17015810276679844,7,4.0,3
coif14,1.0,smooth,3.5411773630272384e-26,313.91546073130775,640260393.7878448,0.5763888888888888,278.89851676248077,205,raw,1.3060122089483206e-13,-2.1670754080105468e-10,4.829064082362265,9284852.412440926,0.999255509025418,8.495265437916492e-06,0.9999999999999998,389.0,,,,[],[],15,535.0000000000001,78.00000000000004,913.0000000000002,"[8, 24, 38, 50, 67, 78, 93, 103, 117, 133, 151, 166, 180, 190, 201]","[913.0000000000002, 578.0000000000007, 521.0, 269.00000000000006, 230.99999999999986, 891.0, 371.00000000000057, 457.99999999999994, 804.0, 503.9999999999997, 762.0000000000001, 78.00000000000004, 713.0, 552.0, 379.9999999999998]","[0, 13, 33, 47, 66, 66, 87, 96, 96, 127, 127, 157, 157, 182, 193]","[204, 66, 66, 53, 70, 204, 204, 106, 204, 142, 204, 170, 204, 204, 204]",49420436.00000001,934.0000000000002,-934.0000000000002,0.0,,,,DWT,mdp.39015067403777,7.450580596923828e-09,,0.0,40.5,15.0,0.0,40.5,,2.2737367544323206e-13,144.76666666666677,3681.999999999999,144.76666666666677,,0.0,144.76666666666677,,,76.00000000000004,0.0,45.0,2.2737367544323206e-13,2.2737367544323206e-13,,0.0,1.1482392692862418e-13,1.834808084386796e-26,0.9549585292920109,0.26797357124471866,0.5820861456324704,0.34114485689288715,0.6259689143561666,1.8154970347313575e-08,6.290509243747824e-09,6.290509243747824e-09,5.824187141735896e-09,,0.0,0.9999999937095578,1.0360011940455003e-13,,,,,,5.895350581590817e-14,1.0,7.979777238353076e-14,7.979777238353076e-14,0.600000007822945,0.22876199425597488,351,1.384850484513457,0.7881239022521028,16,0,0.18181818457000506,0.2448001651749897,246,0,0.3960188596311956,0.7738230592773266,12,169.76527913563478,0.8220489736523744,156.25,26.187029086463276,0.8291324532832103,87,coif,0.4775221677620307,0.8895245153485821,0.39887712796200386,2,65.75,,1.176697180411546e-13,0.00022810626045033366,1.8537577912355853e-26,0.9549585292920106,0.26797357124471866,0.5823543147896496,0.5435413704380793,0.6264879282088763,0.9927249107251087,0.9667891384887803,0.9667891384887803,0.9667891384882807,,0.0,0.9999999999633777,1.0360011940455002e-13,,,,,1.0,,5.895350581590817e-14,0.9999999999999999,1.0,7.979777238353079e-14,7.979777238353079e-14,1.0,2.4679276978390874,0.6468372942252237,703,1.4662192119293431,0.7947727195159392,32,474.4686501761734,0.7513267032619636,367.5,61.21360544217687,0.779358320184441,117,0.5217589607974704,1.0,0.33476872744177066,2,88.25,117,,,,,,,,,,7.593057140672871e-19,0.04710947485633936,1.834808084386796e-26,0.9674008539377604,0.04859017837081453,0.10578311370896894,0.2894222235811904,0.9999999999999998,0.6264843526584185,0.0013519450689085263,0.00031109521069264817,0.00031109521069264817,0.00031109521068762306,,0.0,0.011480097365344583,1.04866601015361e-18,,,,,0.30000000000000004,,1.4994307020563442e-21,1.0,1.0,7.9901355866623535e-19,7.9901355866623535e-19,1.0,0.5264256178929667,0.14007781933620056,42,1.4381226313552933,0.7932689359753514,13,20.506096654409877,0.9202097406443195,27.5,19.854545454545455,0.9066029247968679,5,102.04705882352941,99.0,59.896519074140535,85,0.40334805859102535,0.5161137427874729,0.5628222361500403,2,4.25,4
gaus2,,,,-42.00203103502506,2759167290.145246,0.6207196329389036,1115.9759137804645,205,smoothed,86062.16857875303,,13.152305256706827,632346.2377766961,0.023698987163193776,4.929048045594194e-06,0.666021866108285,83016.56922711094,,,,[],[],4,67586.82670967252,15175.001048144128,173766.95064755637,"[28, 85, 139, 175]","[63107.56011340335, 173766.95064755637, 15175.001048144128, 18297.79502958621]","[0, 0, 128, 162]","[55, 204, 204, 204]",2019225127228.481,174784.89767899836,-174784.89767899836,0.0,,,,CWT,mdp.39015067403777,2019181611242.561,,0.0,-20.0,18.0,0.0,-15.5,,174000.09767899837,67375.26307330889,265692.90683869005,67375.26307330887,,0.0,67375.26307330889,,,15170.801048144127,0.0,-20.0,172982.15064755638,174000.09767899837,,82578.36922711095,0.4876002187736653,,0.3503334484683064,0.35447988885633047,0.38758357795904974,0.0,0.07875884918359778,0.0500254124963572,0.5093664587670352,0.5093664587670352,0.5093664587670351,,0.544904036408041,0.9337425002870604,0.7817411081705546,,,,,,0.35727943518311356,0.9999999999999999,0.4391760336118439,0.4391760336118439,2.3579413901083615,0.6740595799110927,2,1.3775125776647252,0.6660058554160936,4,0,0.5767245668621372,0.814161507854339,2,0,0.42761077376020723,0.6559848000391975,3,0.9574271077563381,0.9042572892243662,2.75,2.5263157894736845,0.8146286446121831,2,gaus,0.8392857142857143,1.0,0.11249999999999998,1,1.75,0.9999999999999999,0.4876002187736654,0.9004965282431736,,0.31364693358650153,0.35447988885633047,0.3875835779590498,0.0,0.07875884918359778,0.5058132534132476,0.5093664587670352,0.5093664587670352,0.509366458767035,,0.5450525242153765,0.9346910953252264,0.7817411081705548,,,,,0.0,,0.3572794351831136,0.47500000000000003,0.6129032258064516,0.4391760336118439,0.4391760336118439,1.0,2.4040166063868242,0.6293585978917189,4,1.366584888611282,0.6665434340796964,6,1.4142135623730951,0.9292893218813453,5.0,4.800000000000001,0.8396446609406727,3,1.0,1.0,0.0,3,3.0,3,101.0,False,0.8985810781830001,,0.0,1.0,0.863549128657708,0.898581078183,,0.6148223428473283,0.0267853920975146,,0.010551982525825676,0.9697105140279546,0.45974080313085836,0.51965414020133,0.7253815202836538,0.03982150066017735,0.623527001236765,0.5786978557486434,0.5786978557486434,0.5786978557486412,,0.5462231407498807,0.9544579396344124,0.7978078438225078,,,,,0.45000000000000007,,0.4063606670028815,0.1357142857142858,0.12751677852348997,0.6114535334125784,0.6114535334125784,0.20000000000000007,2.5512154859384584,0.6788588734670299,3,1.427482033036419,0.7873995782985309,15,8.48528137423857,0.9669833409562701,9.0,5.0,0.9659819428516759,4,191.5,253.0,116.052943583029,8,0.7569169960474308,1.0,0.17015810276679844,7,4.75,5
db14,1.0,periodic,1.1126186561684591e-26,318.9434741463078,8183173.562551508,0.625,293.3655262292034,205,raw,6.590717131940639e-14,-2.1076362877181654e-10,6.380401107732196,70667.94719811378,0.8631132676854867,8.495265437916494e-06,1.0,389.0,,,,[],[],15,535.0,78.00000000000003,913.0000000000002,"[8, 24, 38, 50, 67, 78, 93, 103, 117, 133, 151, 166, 180, 190, 201]","[913.0000000000002, 578.0, 521.0, 269.0, 230.99999999999983, 891.0000000000002, 371.0000000000001, 458.0, 804.0000000000002, 503.99999999999994, 762.0000000000003, 78.00000000000003, 712.9999999999998, 552.0, 380.0000000000004]","[0, 13, 33, 47, 66, 66, 87, 96, 96, 127, 127, 157, 157, 182, 193]","[204, 66, 66, 53, 70, 204, 204, 106, 204, 142, 204, 170, 204, 204, 204]",49420436.0,934.0000000000002,-934.0000000000002,0.0,,,,DWT,mdp.39015067403777,0.0,,0.0,40.5,15.0,0.0,40.5,,2.2737367544323206e-13,144.76666666666665,3682.0,144.76666666666677,,0.0,144.76666666666665,,,76.00000000000003,0.0,45.0,2.2737367544323206e-13,2.2737367544323206e-13,,0.0,4.4933543882063954e-14,4.943236297341267e-27,0.9736350848237059,0.8395811718098591,0.00048713966764835683,0.926884139482564,0.0003606581086581681,1.815491122697117e-08,6.290417722800917e-09,6.290417722800917e-09,5.824187141735896e-09,,0.0,0.9999999937096067,1.0360011940455003e-13,,,,,,0.0,1.0,7.979777238353076e-14,7.979777238353076e-14,0.6000000078228673,0.22876199425594523,516,1.3751131256694793,0.7825823327212658,19,0,0.18181818456998214,0.24480016517495884,420,0,0.39156402769892584,0.765118292848764,18,262.4619019972232,0.7248827023089903,243.25,35.55363680320509,0.7349518333347886,242,db,0.646876945778354,0.7349580893483774,0.326698711150639,3,182.25,,4.777933499459455e-14,0.00022810626045038918,5.132733365829159e-27,0.9736350848237058,0.8395811718098593,0.001128512329846632,0.9493449116392441,0.0017477798909615518,0.9927249107251083,0.9667891384887772,0.9667891384887772,0.9667891384882807,,0.0,0.999999999963378,1.0360011940455002e-13,,,,,1.0,,0.0,0.9999999999999999,1.0,7.979777238353079e-14,7.979777238353079e-14,1.0,2.4679276978390563,0.6468372942252156,806,1.3850414014543082,0.7507698114441671,434,263.0437226013957,0.8621364137309246,620.0,564.2,0.7685944123161961,139,0.5947627399969394,0.9115529220878905,0.31020020537577525,4,105.25,139,,,,,,,,,,2.971357759271956e-19,0.04710947485633937,4.943236297341267e-27,0.980918169250674,0.22027426772902392,0.00019631667141816782,0.5418842455927959,1.0,0.0017382238378854439,0.0013519450689085256,0.0003110952106926472,0.0003110952106926472,0.00031109521068762306,,0.0,0.011480097365344586,1.04866601015361e-18,,,,,0.30000000000000004,,0.0,1.0,1.0,7.9901355866623535e-19,7.9901355866623535e-19,1.0,0.5264256178929667,0.14007781933620056,35,1.3303680239797997,0.7338314576438656,54,13.435028842544403,0.9477236231807611,44.5,42.47191011235955,0.8872859361039992,6,112.48780487804878,105.5,72.93041566078782,82,0.44461582955750506,0.6284236608665632,0.5002418210497774,3,5.25,6
coif16,1.0,smooth,5.218635819741849e-26,312.2313676160109,925825078.785336,0.5733333333333334,279.5349149236461,205,raw,1.579311207556535e-13,-2.2985080505577729e-10,4.976886040984378,12802609.20143889,0.9994798757565454,8.49526543791649e-06,0.9999999999999998,389.0,,,,[],[],15,535.0000000000001,78.00000000000014,913.0000000000001,"[8, 24, 38, 50, 67, 78, 93, 103, 117, 133, 151, 166, 180, 190, 201]","[913.0000000000001, 578.0000000000003, 520.9999999999998, 269.0000000000001, 231.0000000000002, 891.0000000000003, 371.0000000000001, 457.9999999999998, 804.0000000000003, 504.00000000000045, 762.0, 78.00000000000014, 713.0000000000005, 552.0000000000001, 379.9999999999999]","[0, 13, 33, 47, 66, 66, 87, 96, 96, 127, 127, 157, 157, 182, 193]","[204, 66, 66, 53, 70, 204, 204, 106, 204, 142, 204, 170, 204, 204, 204]",49420436.000000015,934.0000000000001,-934.0000000000001,0.0,,,,DWT,mdp.39015067403777,1.4901161193847656e-08,,0.0,40.5,15.0,0.0,40.5,,1.1368683772161603e-13,144.76666666666677,3681.999999999998,144.76666666666682,,0.0,144.76666666666677,,,76.00000000000014,0.0,45.0,1.1368683772161603e-13,1.1368683772161603e-13,,0.0,1.4434900972113037e-13,2.7607099282257105e-26,0.9487029655151615,0.32244023689957624,0.8448453965891819,0.30432695913010843,0.8648112881950387,1.8155384189710405e-08,6.290509243747824e-09,6.290509243747824e-09,5.824232902209371e-09,,0.0,0.9999999937095091,5.1800059702275014e-14,,,,,,1.1790701163181633e-13,1.0,3.989888619176538e-14,3.989888619176538e-14,0.600000007823046,0.22876199425601335,229,1.6205198949835782,0.9222442982791293,3,0,0.18181818457003585,0.24480016517503117,172,0,0.4693038351898874,0.9170223100370088,3,116.37690206107625,0.8780116330596686,101.75,5.909751309718802,0.8856777242866477,33,coif,0.4775221677620307,0.8895245153485821,0.39887712796200386,2,25.25,,1.4719480083366073e-13,0.00022810626045033366,2.7796596350744996e-26,0.9487029655151614,0.32244023689957635,0.8449449570100539,0.5180337192768638,0.8649988790580709,0.9927249107251117,0.9667891384887803,0.9667891384887803,0.9667891384882823,,0.0,0.9999999999633774,5.180005970227501e-14,,,,,1.0,,1.1790701163181633e-13,0.9999999999999999,1.0,3.9898886191765394e-14,3.9898886191765394e-14,1.0,2.4679276978390763,0.6468372942252208,710,1.706195847476065,0.9248534616737119,3,499.9244942988891,0.7379850658810854,356.5,5.9747545582047685,0.7755701010747146,127,0.5217589607974704,1.0,0.33476872744177066,2,95.75,127,,,,,,,,,,9.545486801661152e-19,0.04710947485633935,2.7607099282257105e-26,0.9628733366507418,0.06494940782137995,0.15348592512364878,0.2735531821976042,0.9999999999999998,0.8649975867214739,0.0013519450689085304,0.00031109521069264817,0.00031109521069264817,0.00031109521068762355,,0.0,0.011480097365344579,5.24333005076805e-19,,,,,0.30000000000000004,,2.9988614041126884e-21,1.0,1.0,3.9950677933311767e-19,3.9950677933311767e-19,1.0,0.5264256178929667,0.14007781933620056,52,1.5564948184874925,0.8585630749368822,6,32.526911934581186,0.8734361403323689,29.0,10.758620689655173,0.8802978367031494,7,102.04705882352941,99.0,59.896519074140535,85,0.40334805859102535,0.5161137427874729,0.5628222361500403,2,5.75,7
db6,1.0,antisymmetric,3.935653992861465e-27,323.45676842476365,8193210.670298459,0.6203703703703703,274.35079405995197,205,raw,3.653229480444612e-14,-2.0599610905947114e-10,6.282635791200704,99919.44946445453,0.9045943156026205,8.495265437916495e-06,1.0,389.0,,,,[],[],15,535.0,78.0,912.9999999999999,"[8, 24, 38, 50, 67, 78, 93, 103, 117, 133, 151, 166, 180, 190, 201]","[912.9999999999999, 578.0, 521.0000000000002, 269.00000000000006, 231.0000000000001, 891.0000000000001, 370.9999999999998, 458.0000000000001, 804.0, 504.00000000000006, 761.9999999999999, 78.0, 713.0, 552.0000000000002, 380.00000000000006]","[0, 13, 33, 47, 66, 66, 87, 96, 96, 127, 127, 157, 157, 182, 193]","[204, 66, 66, 53, 70, 204, 204, 106, 204, 142, 204, 170, 204, 204, 204]",49420436.0,933.9999999999999,-933.9999999999999,0.0,,,,DWT,mdp.39015067403777,0.0,,0.0,40.5,15.0,0.0,40.5,,1.1368683772161603e-13,144.76666666666665,3682.0,144.7666666666667,,0.0,144.76666666666665,,,76.0,0.0,45.0,1.1368683772161603e-13,1.1368683772161603e-13,,0.0,1.3199228515356276e-14,9.74299041692861e-28,0.990399716153247,0.8035584397489575,0.000496375203594911,0.8710994459025945,0.0023467244170217094,1.815479298628636e-08,6.290417722800917e-09,6.290417722800917e-09,5.824141381262421e-09,,0.0,0.9999999937096067,5.1800059702275014e-14,,,,,,0.0,1.0,3.989888619176538e-14,3.989888619176538e-14,0.6000000078227761,0.22876199425591046,738,1.3456457052960746,0.7658123069360272,48,0,0.1818181845699553,0.2448001651749227,675,0,0.3811286716322041,0.7447275489237927,46,381.63103909404435,0.5999674642620081,376.75,88.08834436484649,0.6025256608521781,559,db,0.646876945778354,0.7349580893483774,0.326698711150639,3,420.0,,1.6045019627886958e-14,0.00022810626045038918,1.1637961101807532e-27,0.9903997161532468,0.8035584397489575,0.0011377419394859698,0.910696955334371,0.0037310902895464552,0.9927249107251075,0.9667891384887772,0.9667891384887772,0.9667891384882792,,0.0,0.999999999963378,5.180005970227501e-14,,,,,1.0,,0.0,0.9999999999999999,1.0,3.9898886191765394e-14,3.9898886191765394e-14,1.0,2.4679276978390137,0.6468372942252044,863,1.3624275706638769,0.7385118518909468,621,171.1198410471445,0.9103145487174296,742.0,722.2681940700809,0.7607128299142704,155,0.5947627399969394,0.9115529220878905,0.31020020537577525,4,117.25,155,,,,,,,,,,8.72836341786137e-20,0.04710947485633938,9.74299041692861e-28,0.9930517132225046,0.20945473008824356,0.00019799334323074102,0.5178402434964524,1.0,0.003721553222272786,0.0013519450689085245,0.0003110952106926472,0.0003110952106926472,0.00031109521068762257,,0.0,0.011480097365344586,5.24333005076805e-19,,,,,0.30000000000000004,,0.0,1.0,1.0,3.9950677933311767e-19,3.9950677933311767e-19,1.0,0.5264256178929667,0.14007781933620056,28,1.3234149507936317,0.7299961400931279,64,25.45584412271571,0.9009500228688104,46.0,38.95652173913044,0.8609808480102807,8,112.48780487804878,105.5,72.93041566078782,82,0.44461582955750506,0.6284236608665632,0.5002418210497774,3,6.75,8
coif2,1.0,constant,9.751967776177728e-27,319.51601494904344,7929691.477751939,0.625,265.8189738395961,205,raw,6.033547645240949e-14,-2.1521229243148957e-10,6.232689208485003,76726.9009237826,0.8773675470831989,8.495265437916494e-06,0.9999999999999998,389.00000000000006,,,,[],[],15,535.0,77.99999999999997,913.0,"[8, 24, 38, 50, 67, 78, 93, 103, 117, 133, 151, 166, 180, 190, 201]","[913.0, 578.0, 520.9999999999998, 269.00000000000006, 230.99999999999994, 891.0, 370.99999999999994, 457.99999999999994, 804.0000000000002, 504.0, 762.0, 77.99999999999997, 713.0000000000001, 552.0, 380.0000000000001]","[0, 13, 33, 47, 66, 66, 87, 96, 96, 127, 127, 157, 157, 182, 193]","[204, 66, 66, 53, 70, 204, 204, 106, 204, 142, 204, 170, 204, 204, 204]",49420436.0,934.0,-934.0,0.0,,,,DWT,mdp.39015067403777,0.0,,0.0,40.5,15.0,0.0,40.5,,0.0,144.76666666666665,3682.0,144.76666666666665,,0.0,144.76666666666665,,,75.99999999999997,0.0,45.0,0.0,0.0,,5.684341886080802e-14,3.8914321232862456e-14,4.18471276893692e-27,0.9757617876014973,0.7851550587713506,0.0002539008736656011,0.926884139482564,0.0007720381379270013,1.815467474560155e-08,6.290417722800917e-09,6.290417722800917e-09,5.824095620788946e-09,,1.761808214989251e-13,0.9999999937096067,0.0,,,,,,0.0,1.0,0.0,0.0,0.6000000078227732,0.22876199425590935,739,1.3492240234316146,0.7678487419765017,44,0,0.18181818456994445,0.2448001651749081,739,0,0.3841181321238635,0.7505689713888716,37,403.2892882286858,0.5772648970349206,389.75,76.24761150281232,0.5843609600478586,611,coif,0.4775221677620307,0.8895245153485821,0.39887712796200386,2,458.75,,4.176011234539307e-14,0.00022810626045038918,4.374209837424812e-27,0.9757617876014972,0.7851550587713507,0.0008954232017582949,0.9493449116392441,0.002158589080152879,0.9927249107251066,0.9667891384887772,0.9667891384887772,0.9667891384882776,,1.7240014750901214e-13,0.999999999963378,0.0,,,,,1.0,,0.0,0.9999999999999999,1.0,0.0,0.0,1.0,2.467927697839057,0.6468372942252159,795,1.3591521457133593,0.7367363885943858,658,96.87362902255701,0.9492276577449911,726.5,720.0412938747419,0.7842312292917828,112,0.5217589607974704,1.0,0.33476872744177066,2,84.5,112,,,,,,,,,,2.573319626102816e-19,0.04710947485633937,4.18471276893692e-27,0.9824573884056982,0.20392721838068614,0.00015397317194693608,0.5418842455927959,0.9999999999999998,0.0021490369596644846,0.0013519450689085234,0.0003110952106926472,0.0003110952106926472,0.00031109521068762203,,3.759966571357034e-19,0.011480097365344586,0.0,,,,,0.30000000000000004,,0.0,1.0,1.0,0.0,0.0,1.0,0.5264256178929667,0.14007781933620056,91,1.3232611842976212,0.7299113224412673,66,17.67766952966369,0.9312152936588962,78.5,76.50955414012738,0.8128839114208878,9,102.04705882352941,99.0,59.896519074140535,85,0.40334805859102535,0.5161137427874729,0.5628222361500403,2,7.25,9
db6,1.0,symmetric,3.937254803283767e-27,323.455002309696,8196669.636755559,0.625,273.9175225245506,205,raw,3.66362766682159e-14,-2.0595658511979449e-10,6.279984540457782,72915.1366453901,0.8692088407342516,8.495265437916495e-06,1.0,389.0,,,,[],[],15,535.0,78.0,912.9999999999999,"[8, 24, 38, 50, 67, 78, 93, 103, 117, 133, 151, 166, 180, 190, 201]","[912.9999999999999, 578.0, 521.0000000000002, 269.00000000000006, 231.0000000000001, 891.0000000000001, 370.9999999999998, 458.0000000000001, 804.0, 504.00000000000006, 761.9999999999999, 78.0, 713.0, 552.0000000000002, 380.00000000000006]","[0, 13, 33, 47, 66, 66, 87, 96, 96, 127, 127, 157, 157, 182, 193]","[204, 66, 66, 53, 70, 204, 204, 106, 204, 142, 204, 170, 204, 204, 204]",49420436.0,933.9999999999999,-933.9999999999999,0.0,,,,DWT,mdp.39015067403777,0.0,,0.0,40.5,15.0,0.0,40.5,,1.1368683772161603e-13,144.76666666666665,3682.0,144.7666666666667,,0.0,144.76666666666665,,,76.0,0.0,45.0,1.1368683772161603e-13,1.1368683772161603e-13,,0.0,1.3311562375061448e-14,9.751826363450641e-28,0.990393155918933,0.8025815565502233,0.0004995579341043221,0.926884139482564,0.0005132337681613443,1.815479298628636e-08,6.290417722800917e-09,6.290417722800917e-09,5.824141381262421e-09,,0.0,0.9999999937096067,5.1800059702275014e-14,,,,,,0.0,1.0,3.989888619176538e-14,3.989888619176538e-14,0.6000000078227761,0.22876199425591046,737,1.3667354000938177,0.777814535874946,24,0,0.1818181845699553,0.2448001651749227,676,0,0.3886959490934286,0.7595140512658741,22,395.404750435129,0.585529611703219,364.75,44.465514099670145,0.6015960427488842,563,db,0.646876945778354,0.7349580893483774,0.326698711150639,3,423.0,,1.6157353487592118e-14,0.00022810626045038918,1.1646797048329564e-27,0.9903931559189328,0.8025815565502233,0.0011409226276841503,0.9493449116392441,0.0019001438330863926,0.9927249107251075,0.9667891384887772,0.9667891384887772,0.9667891384882792,,0.0,0.999999999963378,5.180005970227501e-14,,,,,1.0,,0.0,0.9999999999999999,1.0,3.9898886191765394e-14,3.9898886191765394e-14,1.0,2.4679276978390137,0.6468372942252044,861,1.3766635872073856,0.7462285681168037,508,249.60869375885127,0.8691778334597215,684.5,638.9890430971512,0.7552126064573241,166,0.5947627399969394,0.9115529220878905,0.31020020537577525,4,125.5,166,,,,,,,,,,8.802647361843174e-20,0.04710947485633938,9.751826363450641e-28,0.9930469651973348,0.20916132023466885,0.00019857115426012015,0.5418842455927959,1.0,0.001890589238557422,0.0013519450689085245,0.0003110952106926472,0.0003110952106926472,0.00031109521068762257,,0.0,0.011480097365344586,5.24333005076805e-19,,,,,0.30000000000000004,,0.0,1.0,1.0,3.9950677933311767e-19,3.9950677933311767e-19,1.0,0.5264256178929667,0.14007781933620056,89,1.3321509012023085,0.7348148933303907,53,25.45584412271571,0.9009500228688104,71.0,66.43661971830986,0.8123427157145608,10,112.48780487804878,105.5,72.93041566078782,82,0.44461582955750506,0.6284236608665632,0.5002418210497774,3,8.25,10
db6,1.0,antireflect,3.841467848880053e-27,323.56196549743424,8183964.982792223,0.6157407407407407,274.48305136989586,205,raw,3.5501141322062565e-14,-2.0618318163912048e-10,6.300034399765517,102161.50103439206,0.906125426170133,8.495265437916495e-06,1.0,389.0,,,,[],[],15,535.0,78.0,913.0,"[8, 24, 38, 50, 67, 78, 93, 103, 117, 133, 151, 166, 180, 190, 201]","[913.0, 578.0, 521.0000000000002, 269.00000000000006, 231.0000000000001, 891.0000000000001, 370.9999999999998, 458.0000000000001, 804.0, 504.00000000000006, 761.9999999999999, 78.0, 713.0, 552.0000000000002, 380.00000000000006]","[0, 13, 33, 47, 66, 66, 87, 96, 96, 127, 127, 157, 157, 182, 193]","[204, 66, 66, 53, 70, 204, 204, 106, 204, 142, 204, 170, 204, 204, 204]",49420436.0,934.0,-934.0,0.0,,,,DWT,mdp.39015067403777,0.0,,0.0,40.5,15.0,0.0,40.5,,0.0,144.76666666666665,3682.0,144.7666666666667,,0.0,144.76666666666665,,,76.0,0.0,45.0,0.0,0.0,,0.0,1.2085251073280122e-14,9.223113909540963e-28,0.9907904706734403,0.8099691530448212,0.00048786788440822727,0.8153147523226252,0.0024989512340966857,1.815479298628636e-08,6.290417722800917e-09,6.290417722800917e-09,5.824141381262421e-09,,0.0,0.9999999937096067,0.0,,,,,,0.0,1.0,0.0,0.0,0.6000000078227342,0.2287619942558945,775,1.3268282742913713,0.7551032323322103,84,0,0.18181818456994334,0.2448001651749066,744,0,0.37415159930848624,0.7310943107104245,79,391.65333310637527,0.5894619149828351,420.5,147.0728908621004,0.5743431168205579,640,db,0.646876945778354,0.7349580893483774,0.326698711150639,3,480.75,,1.4931042185810798e-14,0.00022810626045038918,1.1118084594419886e-27,0.9907904706734402,0.8099691530448212,0.0011292400793205468,0.8720489990294981,0.003883105873304607,0.9927249107251075,0.9667891384887772,0.9667891384887772,0.9667891384882792,,0.0,0.999999999963378,0.0,,,,,1.0,,0.0,0.9999999999999999,1.0,0.0,0.0,1.0,2.4679276978389715,0.6468372942251934,905,1.3504647528053957,0.7320273363389046,718,132.22896808188437,0.9306976058271046,811.5,800.7270486752926,0.7526915702091498,172,0.5947627399969394,0.9115529220878905,0.31020020537577525,4,130.0,172,,,,,,,,,,7.991714306708527e-20,0.04710947485633938,9.223113909540963e-28,0.9933345251173659,0.21138020741438263,0.0001964488760375623,0.49379624140010897,1.0,0.003873570261243316,0.0013519450689085245,0.0003110952106926472,0.0003110952106926472,0.00031109521068762257,,0.0,0.011480097365344586,0.0,,,,,0.30000000000000004,,0.0,1.0,1.0,0.0,0.0,1.0,0.5264256178929667,0.14007781933620056,95,1.3149898103370725,0.7253488297318973,81,9.899494936611665,0.9614805644489819,88.0,87.44318181818183,0.8095340565435571,11,112.48780487804878,105.5,72.93041566078782,82,0.44461582955750506,0.6284236608665632,0.5002418210497774,3,9.0,11
coif3,1.0,periodization,1.37575643561759e-26,318.0215219939664,7938794.112549875,0.6213592233009708,276.10434313909434,205,raw,7.848628611421634e-14,-2.14850137680857e-10,6.225181721475148,73238.1400697521,0.8686595830758446,8.495265437916495e-06,0.9999999999999998,388.9999999999999,,,,[],[],15,535.0,78.00000000000011,913.0000000000001,"[8, 24, 38, 50, 67, 78, 93, 103, 117, 133, 151, 166, 180, 190, 201]","[913.0000000000001, 578.0, 521.0, 269.0000000000001, 231.0000000000002, 890.9999999999999, 371.00000000000034, 458.0000000000001, 804.0, 504.0000000000001, 762.0000000000002, 78.00000000000011, 713.0, 552.0, 379.99999999999983]","[0, 13, 33, 47, 66, 66, 87, 96, 96, 127, 127, 157, 157, 182, 193]","[204, 66, 66, 53, 70, 204, 204, 106, 204, 142, 204, 170, 204, 204, 204]",49420436.0,934.0000000000001,-934.0000000000001,0.0,,,,DWT,mdp.39015067403777,0.0,,0.0,40.5,15.0,0.0,40.5,,1.1368683772161603e-13,144.76666666666665,3682.0,144.76666666666674,,0.0,144.76666666666665,,,76.00000000000011,0.0,45.0,1.1368683772161603e-13,1.1368683772161603e-13,,1.1368683772161603e-13,5.852303406185127e-14,6.395670211280387e-27,0.9702104936085352,0.782388840621588,0.0002622765644526438,0.8830146231721021,0.0005351644783440345,1.81552659490256e-08,6.290417722800917e-09,6.290417722800917e-09,5.824164261499158e-09,,3.523616429978502e-13,0.9999999937096067,5.1800059702275014e-14,,,,,,0.0,1.0,3.989888619176538e-14,3.989888619176538e-14,0.600000007823101,0.22876199425603436,200,1.3268717698183374,0.7551279858090848,83,0,0.1818181845700324,0.24480016517502654,179,0,0.3766301997778687,0.7359375098442484,63,68.29531462699326,0.9284116198878477,131.25,103.8750568592392,0.8954165017678233,24,coif,0.4775221677620307,0.8895245153485821,0.39887712796200386,2,18.5,,6.136882517438183e-14,0.00022810626045038918,6.58516727976828e-27,0.9702104936085351,0.782388840621588,0.0009037935179880797,0.91895185862279,0.0019220441117279048,0.9927249107251108,0.9667891384887772,0.9667891384887772,0.96678913848828,,3.448002950180243e-13,0.999999999963378,5.180005970227501e-14,,,,,1.0,,0.0,0.9999999999999999,1.0,3.9898886191765394e-14,3.9898886191765394e-14,1.0,2.4679276978391873,0.6468372942252499,414,1.3421906062068698,0.7275422866681048,766,248.90158697766472,0.8695484344980793,590.0,537.4983050847458,0.7801620579198991,115,0.5217589607974704,1.0,0.33476872744177066,2,86.75,115,,,,,,,,,,3.870001258129814e-19,0.04710947485633938,6.395670211280387e-27,0.9784395923420606,0.20309637630731514,0.00015549374257052865,0.5229758555947004,0.9999999999999998,0.0019124897268455756,0.0013519450689085293,0.0003110952106926472,0.0003110952106926472,0.0003110952106876228,,7.519933142714068e-19,0.011480097365344586,5.24333005076805e-19,,,,,0.30000000000000004,,0.0,1.0,1.0,3.9950677933311767e-19,3.9950677933311767e-19,1.0,0.5264256178929667,0.14007781933620056,40,1.3127778710156994,0.7241287232446959,89,34.64823227814083,0.8651819755714365,64.5,55.1937984496124,0.807104606462761,12,102.04705882352941,99.0,59.896519074140535,85,0.40334805859102535,0.5161137427874729,0.5628222361500403,2,9.5,12
db5,1.0,smooth,4.0991983268706986e-27,323.2799482165725,9105665.728674242,0.616822429906542,271.23052372812833,205,raw,3.5362498837036216e-14,-2.1094992419534882e-10,6.183489125190836,132643.2327801665,0.9302109580842218,8.495265437916495e-06,1.0,389.0,,,,[],[],15,535.0,77.99999999999997,913.0,"[8, 24, 38, 50, 67, 78, 93, 103, 117, 133, 151, 166, 180, 190, 201]","[913.0, 578.0, 521.0, 269.0, 230.99999999999994, 891.0, 371.0, 458.0, 803.9999999999999, 504.0000000000001, 762.0, 77.99999999999997, 713.0, 552.0, 380.0000000000001]","[0, 13, 33, 47, 66, 66, 87, 96, 96, 127, 127, 157, 157, 182, 193]","[204, 66, 66, 53, 70, 204, 204, 106, 204, 142, 204, 170, 204, 204, 204]",49420436.0,934.0,-934.0,0.0,,,,DWT,mdp.39015067403777,0.0,,0.0,40.5,15.0,0.0,40.5,,0.0,144.76666666666665,3682.0,144.76666666666668,,0.0,144.76666666666665,,,75.99999999999997,0.0,45.0,0.0,0.0,,0.0,1.1935472593673246e-14,1.0645701299588155e-27,0.9897429175004121,0.7670267339138441,0.001335960839586944,0.8283485592338329,0.004568545468595847,1.815467474560155e-08,6.290417722800917e-09,6.290417722800917e-09,5.8241185010256836e-09,,0.0,0.9999999937096067,0.0,,,,,,0.0,1.0,0.0,0.0,0.6000000078226919,0.22876199425587837,804,1.3111939397579377,0.7462056705525114,122,0,0.18181818456993049,0.2448001651748893,784,0,0.37014610242232626,0.7232675474667227,105,393.0329714752525,0.5880157531705948,453.75,197.63019524275046,0.5561934111764923,694,db,0.646876945778354,0.7349580893483774,0.326698711150639,3,521.25,,1.4781263706203928e-14,0.00022810626045038918,1.2540671984467078e-27,0.989742917500412,0.7670267339138442,0.0019767888257571434,0.8810788953624122,0.005949828292817205,0.9927249107251066,0.9667891384887772,0.9667891384887772,0.9667891384882785,,0.0,0.999999999963378,0.0,,,,,1.0,,0.0,0.9999999999999999,1.0,0.0,0.0,1.0,2.467927697838971,0.6468372942251933,931,1.3332274332102791,0.7226837461988265,823,76.36753236814714,0.9599750878573652,877.0,873.6750285062715,0.7501657409936722,180,0.5947627399969394,0.9115529220878905,0.31020020537577525,4,136.0,180,,,,,,,,,,7.892669048066142e-20,0.04710947485633938,1.0645701299588155e-27,0.9925763496324465,0.19848232061922588,0.00035041650288878166,0.49941399889925464,1.0,0.005940312465043628,0.0013519450689085234,0.0003110952106926472,0.0003110952106926472,0.0003110952106876223,,0.0,0.011480097365344586,0.0,,,,,0.30000000000000004,,0.0,1.0,1.0,0.0,0.0,1.0,0.5264256178929667,0.14007781933620056,103,1.3112367453431464,0.72327863779592,94,6.363961030678928,0.9752375057172026,98.5,98.29441624365484,0.7959845116134652,13,112.48780487804878,105.5,72.93041566078782,82,0.44461582955750506,0.6284236608665632,0.5002418210497774,3,10.5,13
db5,1.0,periodization,6.538746154371261e-27,321.2519927484596,7936764.462056778,0.6262135922330098,271.23052372812833,205,raw,5.325468579390776e-14,-2.1234314306895096e-10,6.226773672856723,73238.14006975209,0.8681277336981769,8.495265437916495e-06,1.0,389.0,,,,[],[],15,535.0,77.99999999999993,913.0000000000001,"[8, 24, 38, 50, 67, 78, 93, 103, 117, 133, 151, 166, 180, 190, 201]","[913.0000000000001, 578.0, 520.9999999999999, 269.0, 230.99999999999991, 891.0000000000001, 371.00000000000006, 458.00000000000006, 804.0, 504.0000000000001, 761.9999999999999, 77.99999999999993, 713.0, 551.9999999999999, 380.0000000000002]","[0, 13, 33, 47, 66, 66, 87, 96, 96, 127, 127, 157, 157, 182, 193]","[204, 66, 66, 53, 70, 204, 204, 106, 204, 142, 204, 170, 204, 204, 204]",49420436.0,934.0000000000001,-934.0000000000001,0.0,,,,DWT,mdp.39015067403777,0.0,,0.0,40.5,15.0,0.0,40.5,,1.1368683772161603e-13,144.76666666666665,3682.0,144.76666666666668,,0.0,144.76666666666665,,,75.99999999999993,0.0,45.0,1.1368683772161603e-13,1.1368683772161603e-13,,0.0,3.1264789712684236e-14,2.4111202174286e-27,0.9822100770344295,0.7829754130391587,0.0002604090035416206,0.9415073115860517,0.0005351644783440335,1.8154497384574337e-08,6.290417722800917e-09,6.290417722800917e-09,5.8241185010256836e-09,,0.0,0.9999999937096067,5.1800059702275014e-14,,,,,,0.0,1.0,3.989888619176538e-14,3.989888619176538e-14,0.6000000078226806,0.22876199425587404,820,1.3577609476677754,0.7727071394118012,34,0,0.18181818456992635,0.24480016517488373,801,0,0.386784053591651,0.7557781967977767,30,449.5370767059524,0.5287871313354797,421.25,61.33741665693901,0.543612643235874,740,db,0.646876945778354,0.7349580893483774,0.326698711150639,3,555.75,,3.411058082521487e-14,0.00022810626045038918,2.600617285916492e-27,0.9822100770344294,0.7829754130391587,0.0009019271554633514,0.9594759293113955,0.001922044111727904,0.9927249107251053,0.9667891384887772,0.9667891384887772,0.9667891384882785,,0.0,0.999999999963378,5.180005970227501e-14,,,,,1.0,,0.0,0.9999999999999999,1.0,3.9898886191765394e-14,3.9898886191765394e-14,1.0,2.467927697839013,0.6468372942252042,886,1.3658923375653635,0.7403899491020453,599,202.93964620053913,0.8936375019913317,742.5,714.76632996633,0.7522432792975526,177,0.5947627399969394,0.9115529220878905,0.31020020537577525,4,133.75,177,,,,,,,,,,2.0674727047708476e-19,0.04710947485633938,2.4111202174286e-27,0.9871243925192753,0.2032725551251855,0.00015515469492284508,0.548187042258828,1.0,0.0019124897268455745,0.0013519450689085215,0.0003110952106926472,0.0003110952106926472,0.0003110952106876223,,0.0,0.011480097365344586,5.24333005076805e-19,,,,,0.30000000000000004,,0.0,1.0,1.0,3.9950677933311767e-19,3.9950677933311767e-19,1.0,0.5264256178929667,0.14007781933620056,100,1.3281611456727906,0.7326141428139208,59,28.991378028648448,0.8871930816005897,79.5,74.21383647798743,0.7889272800999058,14,112.48780487804878,105.5,72.93041566078782,82,0.44461582955750506,0.6284236608665632,0.5002418210497774,3,11.25,14
db35,1.0,periodic,2.4240333389341945e-26,315.561551638572,9134652.749829127,0.6094890510948905,279.19088953927593,205,raw,1.0734394403166001e-13,-2.02073358046563e-10,6.61520162783472,70892.06410404843,0.8681422907611551,8.495265437916495e-06,0.9999999999999996,389.0,,,,[],[],15,535.0000000000001,77.99999999999993,913.0,"[8, 24, 38, 50, 67, 78, 93, 103, 117, 133, 151, 166, 180, 190, 201]","[913.0, 578.0, 521.0000000000003, 269.00000000000006, 231.0000000000001, 891.0, 371.00000000000057, 458.0000000000002, 804.0, 504.0, 761.9999999999998, 77.99999999999993, 713.0000000000001, 551.9999999999998, 380.0]","[0, 13, 33, 47, 66, 66, 87, 96, 96, 127, 127, 157, 157, 182, 193]","[204, 66, 66, 53, 70, 204, 204, 106, 204, 142, 204, 170, 204, 204, 204]",49420436.0,934.0,-934.0,0.0,,,,DWT,mdp.39015067403777,0.0,,0.0,40.5,15.0,0.0,40.5,,0.0,144.76666666666677,3681.999999999998,144.76666666666674,,0.0,144.76666666666677,,,75.99999999999993,0.0,45.0,0.0,0.0,,0.0,8.969858697457011e-14,1.2181813610238623e-26,0.9610729338693778,0.9260960681298556,0.0013626329330434252,0.739985056612448,0.00037587479845271887,1.8154497384574337e-08,6.290509243747824e-09,6.290509243747824e-09,5.824164261499158e-09,,0.0,0.9999999937095091,0.0,,,,,,0.0,1.0,0.0,0.0,0.6000000078226586,0.22876199425586566,828,1.3365174834174636,0.760617399667665,67,0,0.1818181845699263,0.24480016517488365,802,0,0.3755560809061812,0.7338386755814288,70,431.12440200016516,0.5480876289306444,441.75,126.3196468169883,0.5425186572326178,744,db,0.646876945778354,0.7349580893483774,0.326698711150639,3,558.75,,9.254437808710059e-14,0.00022810626045038918,1.2371310678726517e-26,0.9610729338693776,0.9260960681298556,0.002003443804124599,0.8198601529243781,0.0017629754657389318,0.9927249107251053,0.9667891384887803,0.9667891384887803,0.96678913848828,,0.0,0.9999999999633774,0.0,,,,,1.0,,0.0,0.9999999999999999,1.0,0.0,0.0,1.0,2.467927697838973,0.6468372942251938,894,1.3694111995228264,0.742297368855367,567,231.22391744800103,0.8788134604570226,730.5,693.905544147844,0.7479759126184484,186,0.5947627399969394,0.9115529220878905,0.31020020537577525,4,140.5,186,,,,,,,,,,5.931572926946638e-19,0.04710947485633938,1.2181813610238623e-26,0.9718262060581089,0.2462592811821923,0.0003552587066915275,0.4613280633867987,0.9999999999999997,0.001753419558126782,0.0013519450689085215,0.00031109521069264817,0.00031109521069264817,0.0003110952106876228,,0.0,0.011480097365344579,0.0,,,,,0.30000000000000004,,0.0,1.0,1.0,0.0,0.0,1.0,0.5264256178929667,0.14007781933620056,109,1.3057684292141793,0.720262312746425,111,1.4142135623730951,0.9944972234927117,110.0,109.9909090909091,0.7832408296451885,15,112.48780487804878,105.5,72.93041566078782,82,0.44461582955750506,0.6284236608665632,0.5002418210497774,3,12.0,15
db6,1.0,zero,4.1386490683357026e-27,323.23835149965385,7938401.456623987,0.6157407407407407,261.20742870810045,205,raw,3.8455959284186885e-14,-2.0556223390144763e-10,6.225489636677726,77206.32013031552,0.878318722026685,8.495265437916495e-06,1.0,389.00000000000006,,,,[],[],15,535.0,78.0,912.9999999999999,"[8, 24, 38, 50, 67, 78, 93, 103, 117, 133, 151, 166, 180, 190, 201]","[912.9999999999999, 578.0, 521.0000000000002, 269.00000000000006, 231.0000000000001, 891.0000000000001, 370.9999999999998, 458.0000000000001, 804.0, 504.00000000000006, 761.9999999999999, 78.0, 713.0, 552.0000000000002, 379.99999999999994]","[0, 13, 33, 47, 66, 66, 87, 96, 96, 127, 127, 157, 157, 182, 193]","[204, 66, 66, 53, 70, 204, 204, 106, 204, 142, 204, 170, 204, 204, 204]",49420436.0,933.9999999999999,-933.9999999999999,0.0,,,,DWT,mdp.39015067403777,0.0,,0.0,40.5,15.0,0.0,40.5,,1.1368683772161603e-13,144.76666666666665,3682.0,144.76666666666668,,0.0,144.76666666666665,,,76.0,0.0,45.0,1.1368683772161603e-13,1.1368683772161603e-13,,5.684341886080802e-14,1.527740491990174e-14,1.0863456404741701e-27,0.9895884064978857,0.7825022954461971,0.00026191526635665954,0.8153147523226252,0.0008045888877998739,1.815479298628636e-08,6.290417722800917e-09,6.290417722800917e-09,5.8241185010256836e-09,,1.761808214989251e-13,0.9999999937096067,5.1800059702275014e-14,,,,,,0.0,1.0,3.989888619176538e-14,3.989888619176538e-14,0.6000000078228573,0.22876199425594143,549,1.311582885739183,0.7464270212527727,121,0,0.18181818456996923,0.24480016517494146,543,0,0.36978170834584,0.7225555194099991,111,248.30626250660694,0.7397208988400347,331.0,191.05311566341328,0.696380365562575,324,db,0.646876945778354,0.7349580893483774,0.326698711150639,3,243.75,,1.8123196032432415e-14,0.00022810626045038918,1.2758427089620624e-27,0.9895884064978856,0.7825022954461972,0.0009034324517317553,0.8720489990294981,0.002191094661881315,0.9927249107251075,0.9667891384887772,0.9667891384887772,0.9667891384882785,,1.7240014750901214e-13,0.999999999963378,5.180005970227501e-14,,,,,1.0,,0.0,0.9999999999999999,1.0,3.9898886191765394e-14,3.9898886191765394e-14,1.0,2.4679276978391,0.6468372942252271,668,1.3352203772023883,0.7237640331733555,812,101.82337649086284,0.946633450476487,740.0,732.9945945945947,0.7793963898084741,116,0.5947627399969394,0.9115529220878905,0.31020020537577525,4,88.0,116,,,,,,,,,,1.010261638152465e-19,0.04710947485633938,1.0863456404741701e-27,0.992464520985193,0.20313045281054404,0.00015542815045579067,0.49379624140010897,1.0,0.00218154285256184,0.0013519450689085245,0.0003110952106926472,0.0003110952106926472,0.0003110952106876223,,3.759966571357034e-19,0.011480097365344586,5.24333005076805e-19,,,,,0.30000000000000004,,0.0,1.0,1.0,3.9950677933311767e-19,3.9950677933311767e-19,1.0,0.5264256178929667,0.14007781933620056,41,1.3096456092295858,0.722400966570757,100,41.71930009000631,0.8376680930349949,70.5,58.156028368794324,0.7816745134435674,16,112.48780487804878,105.5,72.93041566078782,82,0.44461582955750506,0.6284236608665632,0.5002418210497774,3,12.75,16
db6,1.0,constant,4.037428593940905e-27,323.3458889799574,7937961.150230306,0.6157407407407407,261.20742870810045,205,raw,3.7312158782719406e-14,-2.0552748392077686e-10,6.226341504060566,76533.6743554713,0.8772383501748027,8.495265437916495e-06,1.0,389.0,,,,[],[],15,535.0,78.0,912.9999999999999,"[8, 24, 38, 50, 67, 78, 93, 103, 117, 133, 151, 166, 180, 190, 201]","[912.9999999999999, 578.0, 521.0000000000002, 269.00000000000006, 231.0000000000001, 891.0000000000001, 370.9999999999998, 458.0000000000001, 804.0, 504.00000000000006, 761.9999999999999, 78.0, 713.0, 552.0000000000002, 379.99999999999994]","[0, 13, 33, 47, 66, 66, 87, 96, 96, 127, 127, 157, 157, 182, 193]","[204, 66, 66, 53, 70, 204, 204, 106, 204, 142, 204, 170, 204, 204, 204]",49420436.0,933.9999999999999,-933.9999999999999,0.0,,,,DWT,mdp.39015067403777,0.0,,0.0,40.5,15.0,0.0,40.5,,1.1368683772161603e-13,144.76666666666665,3682.0,144.76666666666668,,0.0,144.76666666666665,,,76.0,0.0,45.0,1.1368683772161603e-13,1.1368683772161603e-13,,0.0,1.4041732463144983e-14,1.0304752709271658e-27,0.9899878544620929,0.7828161755784584,0.00026151012319900293,0.8153147523226252,0.000758918785159764,1.815479298628636e-08,6.290417722800917e-09,6.290417722800917e-09,5.8241185010256836e-09,,0.0,0.9999999937096067,5.1800059702275014e-14,,,,,,0.0,1.0,3.989888619176538e-14,3.989888619176538e-14,0.6000000078227693,0.22876199425590787,747,1.3119610239712027,0.7466422212200925,119,0,0.18181818456995322,0.2448001651749199,693,0,0.3698770301816499,0.7227417788085314,109,350.5918804916433,0.6325032699249022,417.0,196.46980307434808,0.5976981758429543,570,db,0.646876945778354,0.7349580893483774,0.326698711150639,3,428.25,,1.6887523575675653e-14,0.00022810626045038918,1.2199723394150588e-27,0.9899878544620928,0.7828161755784585,0.0009030275685484882,0.8720489990294981,0.0021454879320913093,0.9927249107251075,0.9667891384887772,0.9667891384887772,0.9667891384882785,,0.0,0.999999999963378,5.180005970227501e-14,,,,,1.0,,0.0,0.9999999999999999,1.0,3.9898886191765394e-14,3.9898886191765394e-14,1.0,2.4679276978390137,0.6468372942252044,869,1.3355985409135351,0.7239690190299621,807,43.840620433565945,0.9770227356218207,838.0,836.8532219570405,0.7689096906620634,138,0.5947627399969394,0.9115529220878905,0.31020020537577525,4,104.5,138,,,,,,,,,,9.285492997724859e-20,0.04710947485633938,1.0304752709271658e-27,0.992753624833819,0.20322472766731928,0.00015535459845876195,0.49379624140010897,1.0,0.0021359356861884522,0.0013519450689085245,0.0003110952106926472,0.0003110952106926472,0.0003110952106876223,,0.0,0.011480097365344586,5.24333005076805e-19,,,,,0.30000000000000004,,0.0,1.0,1.0,3.9950677933311767e-19,3.9950677933311767e-19,1.0,0.5264256178929667,0.14007781933620056,29,1.3098479293246013,0.7225125664044569,98,48.79036790187178,0.8101542104985534,63.5,44.75590551181103,0.7815362492181483,17,112.48780487804878,105.5,72.93041566078782,82,0.44461582955750506,0.6284236608665632,0.5002418210497774,3,13.5,17
coif4,1.0,antireflect,1.0672204867060445e-26,319.1243959895182,8401500.420610981,0.6228070175438597,281.7310173490795,205,raw,6.255429778503841e-14,-2.037642277130671e-10,6.389603462804748,126954.59810535512,0.927468587844584,8.495265437916495e-06,1.0,389.0,,,,[],[],15,535.0,77.99999999999996,912.9999999999999,"[8, 24, 38, 50, 67, 78, 93, 103, 117, 133, 151, 166, 180, 190, 201]","[912.9999999999999, 578.0000000000002, 521.0, 269.0, 230.9999999999999, 891.0, 371.0000000000001, 458.0, 804.0000000000002, 504.0, 762.0, 77.99999999999996, 713.0000000000001, 551.9999999999997, 380.0000000000002]","[0, 13, 33, 47, 66, 66, 87, 96, 96, 127, 127, 157, 157, 182, 193]","[204, 66, 66, 53, 70, 204, 204, 106, 204, 142, 204, 170, 204, 204, 204]",49420436.0,933.9999999999999,-933.9999999999999,0.0,,,,DWT,mdp.39015067403777,0.0,,0.0,40.5,15.0,0.0,40.5,,1.1368683772161603e-13,144.76666666666665,3682.0,144.7666666666667,,0.0,144.76666666666665,,,75.99999999999996,0.0,45.0,1.1368683772161603e-13,1.1368683772161603e-13,,0.0,4.131136197875851e-14,4.692653347618105e-27,0.9743071189995763,0.8429718831875597,0.0006880307606346743,0.9004598109446844,0.004182308701493739,1.8154615625259147e-08,6.290417722800917e-09,6.290417722800917e-09,5.824141381262421e-09,,0.0,0.9999999937096067,5.1800059702275014e-14,,,,,,0.0,1.0,3.989888619176538e-14,3.989888619176538e-14,0.6000000078227229,0.22876199425589017,797,1.3682710762323267,0.7786884952549742,22,0,0.18181818456993917,0.244800165174901,771,0,0.3889441646562844,0.7599990658593413,21,440.3577144398252,0.5384091043607702,402.75,41.82992753217192,0.5581196465200078,688,coif,0.4775221677620307,0.8895245153485821,0.39887712796200386,2,516.5,,4.415715309128911e-14,0.00022810626045038918,4.882150416105997e-27,0.9743071189995762,0.8429718831875598,0.0013292745139812136,0.9310379849685151,0.0055641274764428456,0.9927249107251062,0.9667891384887772,0.9667891384887772,0.9667891384882792,,0.0,0.999999999963378,5.180005970227501e-14,,,,,1.0,,0.0,0.9999999999999999,1.0,3.9898886191765394e-14,3.9898886191765394e-14,1.0,2.4679276978390132,0.6468372942252043,871,1.3814441271066475,0.748819887795047,461,289.9137802864845,0.848053574273331,666.0,602.8993993993994,0.749498485249873,184,0.5217589607974704,1.0,0.33476872744177066,2,138.5,184,,,,,,,,,,2.731830729484812e-19,0.04710947485633938,4.692653347618105e-27,0.9814045596796201,0.22129267825152482,0.00023278758495869236,0.5304949814418967,1.0,0.00555460795643859,0.0013519450689085228,0.0003110952106926472,0.0003110952106926472,0.00031109521068762257,,0.0,0.011480097365344586,5.24333005076805e-19,,,,,0.30000000000000004,,0.0,1.0,1.0,3.9950677933311767e-19,3.9950677933311767e-19,1.0,0.5264256178929667,0.14007781933620056,107,1.3281581469422497,0.7326124887131273,60,33.23401871576773,0.8706847520787248,83.5,76.88622754491018,0.7728910141716581,18,102.04705882352941,99.0,59.896519074140535,85,0.40334805859102535,0.5161137427874729,0.5628222361500403,2,14.0,18
coif17,1.0,antireflect,5.903250212904629e-26,311.6960256100914,10189093.798500605,0.6111111111111112,277.56737319508244,205,raw,1.5958535306234498e-13,-2.271777210793872e-10,6.79805123016425,203038.41989791038,0.9539121490107622,8.495265437916497e-06,1.0,389.00000000000017,,,,[],[],15,535.0000000000002,78.00000000000001,913.0000000000002,"[8, 24, 38, 50, 67, 78, 93, 103, 117, 133, 151, 166, 180, 190, 201]","[913.0000000000002, 578.0000000000005, 521.0, 269.00000000000006, 230.99999999999983, 891.0000000000005, 371.00000000000045, 457.99999999999994, 804.0, 504.00000000000006, 762.0000000000007, 78.00000000000001, 713.0000000000002, 552.0000000000001, 379.99999999999966]","[0, 13, 33, 47, 66, 66, 87, 96, 96, 127, 127, 157, 157, 182, 193]","[204, 66, 66, 53, 70, 204, 204, 106, 204, 142, 204, 170, 204, 204, 204]",49420436.000000015,934.0000000000002,-934.0000000000002,0.0,,,,DWT,mdp.39015067403777,1.4901161193847656e-08,,0.0,40.5,15.0,0.0,40.5,,2.2737367544323206e-13,144.76666666666688,3681.9999999999973,144.76666666666688,,0.0,144.76666666666688,,,76.00000000000001,0.0,45.0,2.2737367544323206e-13,2.2737367544323206e-13,,1.7053025658242404e-13,1.4613611271315855e-13,3.1385945347927044e-26,0.9467144376659364,0.9934690636444502,0.0023328654396622362,0.759530058742657,0.009348112279643871,1.8154852106628764e-08,6.290600764694731e-09,6.290600764694731e-09,5.824278662682845e-09,,5.285424644967753e-13,0.9999999937094602,1.0360011940455003e-13,,,,,,1.1790701163181633e-13,1.0,7.979777238353076e-14,7.979777238353076e-14,0.6000000078232368,0.22876199425608612,143,1.3734808955505822,0.7816534240881214,20,0,0.18181818457006382,0.24480016517506883,135,0,0.3873420768246424,0.756868577305673,27,66.82502026436904,0.9299528089472022,81.25,39.43316736882421,0.9223925470312531,9,coif,0.4775221677620307,0.8895245153485821,0.39887712796200386,2,7.25,,1.4898190382568887e-13,0.00022810626045038918,3.1575442416414935e-26,0.9467144376659363,0.9934690636444503,0.0029730537268523784,0.833401042724626,0.010722762870662966,0.9927249107251079,0.9667891384887833,0.9667891384887833,0.9667891384882839,,5.172004425270364e-13,0.9999999999633772,1.0360011940455002e-13,,,,,1.0,,1.1790701163181633e-13,0.9999999999999999,1.0,7.979777238353079e-14,7.979777238353079e-14,1.0,2.467927697839378,0.6468372942252999,255,1.4039676754015087,0.7610289091922636,274,13.435028842544403,0.9929585802712031,264.5,264.1587901701323,0.9271658729448259,2,0.5217589607974704,1.0,0.33476872744177066,2,2.0,1,,,,,,,,,,9.66366404483428e-19,0.04710947485633939,3.1385945347927044e-26,0.9614341227710267,0.2664949662410017,0.0005314002435664906,0.4697522393037661,1.0,0.010713292733162084,0.0013519450689085252,0.00031109521069264915,0.00031109521069264915,0.00031109521068762403,,1.1279899714071101e-18,0.011480097365344576,1.04866601015361e-18,,,,,0.30000000000000004,,2.9988614041126884e-21,1.0,1.0,7.9901355866623535e-19,7.9901355866623535e-19,1.0,0.5264256178929667,0.14007781933620056,111,1.3166927121765732,0.7262881509697656,77,24.041630560342615,0.9064527993760988,94.0,90.92553191489361,0.7703470222561428,19,102.04705882352941,99.0,59.896519074140535,85,0.40334805859102535,0.5161137427874729,0.5628222361500403,2,14.75,19
coif8,1.0,antireflect,2.590956522934697e-26,315.2723362701121,9365894.049791293,0.6111111111111112,296.7835131690603,205,raw,1.1513933438115003e-13,-2.2233970220497792e-10,6.571143476553569,182876.64576255358,0.9476536905394046,8.495265437916492e-06,1.0,388.9999999999999,,,,[],[],15,535.0000000000001,77.99999999999994,913.0000000000001,"[8, 24, 38, 50, 67, 78, 93, 103, 117, 133, 151, 166, 180, 190, 201]","[913.0000000000001, 577.9999999999998, 521.0, 269.00000000000006, 231.00000000000048, 891.0000000000002, 370.99999999999994, 458.00000000000034, 804.0, 503.9999999999999, 762.0000000000001, 77.99999999999994, 713.0, 552.0, 380.0000000000003]","[0, 13, 33, 47, 66, 66, 87, 96, 96, 127, 127, 157, 157, 182, 193]","[204, 66, 66, 53, 70, 204, 204, 106, 204, 142, 204, 170, 204, 204, 204]",49420436.0,934.0000000000001,-934.0000000000001,0.0,,,,DWT,mdp.39015067403777,0.0,,0.0,40.5,15.0,0.0,40.5,,1.1368683772161603e-13,144.76666666666677,3681.999999999999,144.76666666666677,,0.0,144.76666666666677,,,75.99999999999994,0.0,45.0,1.1368683772161603e-13,1.1368683772161603e-13,,1.1368683772161603e-13,9.812011601934134e-14,1.3103174632485522e-26,0.9599986434003932,0.9098623460389712,0.0015754071098252951,0.759530058742657,0.007979204113407771,1.8154556504916744e-08,6.290509243747824e-09,6.290509243747824e-09,5.824187141735896e-09,,3.523616429978502e-13,0.9999999937095578,5.1800059702275014e-14,,,,,,0.0,1.0,3.989888619176538e-14,3.989888619176538e-14,0.6000000078229256,0.22876199425596747,406,1.3387217677570897,0.761871866626262,62,0,0.1818181845699822,0.24480016517495892,419,0,0.37699223705790763,0.7366449327075764,62,202.43085239162534,0.7878083308263886,237.25,107.79418362810378,0.7695593016815381,184,coif,0.4775221677620307,0.8895245153485821,0.39887712796200386,2,138.5,,1.0096590713187178e-13,0.00022810626045033366,1.3292671700973413e-26,0.9599986434003931,0.9098623460389713,0.0022160814468551067,0.833401042724626,0.009355754231842192,0.9927249107251057,0.9667891384887803,0.9667891384887803,0.9667891384882807,,3.448002950180243e-13,0.9999999999633777,5.180005970227501e-14,,,,,1.0,,0.0,0.9999999999999999,1.0,3.9898886191765394e-14,3.9898886191765394e-14,1.0,2.4679276978391878,0.64683729422525,412,1.3692095504439017,0.7421880637899709,570,111.72287142747452,0.9414450359394788,491.0,478.2892057026477,0.8420537548670141,33,0.5217589607974704,1.0,0.33476872744177066,2,25.25,33,,,,,,,,,,6.488470369485187e-19,0.04710947485633936,1.3103174632485522e-26,0.9710486792286954,0.2413834331505843,0.00039388694296478224,0.4697522393037661,1.0,0.009346271008262616,0.0013519450689085221,0.00031109521069264817,0.00031109521069264817,0.00031109521068762306,,7.519933142714068e-19,0.011480097365344583,5.24333005076805e-19,,,,,0.30000000000000004,,0.0,1.0,1.0,3.9950677933311767e-19,3.9950677933311767e-19,1.0,0.5264256178929667,0.14007781933620056,116,1.3092901141657052,0.7222048753717727,102,9.899494936611665,0.9614805644489819,109.0,108.55045871559633,0.7686780254151524,20,102.04705882352941,99.0,59.896519074140535,85,0.40334805859102535,0.5161137427874729,0.5628222361500403,2,15.5,20
db9,1.0,periodic,6.945131409565788e-27,320.99013284976996,8122153.037543554,0.6126126126126126,282.39228360250627,205,raw,5.439117990690426e-14,-2.0441859316378133e-10,6.327847837929966,70421.79114599437,0.8656476116318045,8.495265437916495e-06,1.0,388.9999999999999,,,,[],[],15,535.0,77.99999999999994,913.0,"[8, 24, 38, 50, 67, 78, 93, 103, 117, 133, 151, 166, 180, 190, 201]","[913.0, 577.9999999999998, 520.9999999999998, 269.0, 231.00000000000014, 891.0000000000001, 370.9999999999998, 458.0000000000001, 804.0, 504.0000000000002, 762.0000000000001, 77.99999999999994, 713.0, 551.9999999999998, 380.0000000000001]","[0, 13, 33, 47, 66, 66, 87, 96, 96, 127, 127, 157, 157, 182, 193]","[204, 66, 66, 53, 70, 204, 204, 106, 204, 142, 204, 170, 204, 204, 204]",49420436.0,934.0,-934.0,0.0,,,,DWT,mdp.39015067403777,0.0,,0.0,40.5,15.0,0.0,40.5,,0.0,144.76666666666665,3682.0,144.76666666666668,,0.0,144.76666666666665,,,75.99999999999994,0.0,45.0,0.0,0.0,,1.1368683772161603e-13,3.249256891971749e-14,2.635431499527657e-27,0.9812373984562835,0.8202173276146613,0.00043099229268770263,0.777622391795619,0.0003439450442397064,1.8154556504916744e-08,6.290417722800917e-09,6.290417722800917e-09,5.8241185010256836e-09,,3.523616429978502e-13,0.9999999937096067,0.0,,,,,,0.0,1.0,0.0,0.0,0.6000000078228326,0.228761994255932,620,1.310253133763398,0.7456702541303268,127,0,0.18181818456995177,0.24480016517491796,708,0,0.36855029360050345,0.7201493281332428,123,313.2629353540994,0.6716321432346967,394.5,210.20072975918828,0.6290550653280402,501,db,0.646876945778354,0.7349580893483774,0.326698711150639,3,376.5,,3.533836003224811e-14,0.00022810626045038918,2.8249285680155494e-27,0.9812373984562834,0.8202173276146614,0.0010724009838284586,0.8459355150397192,0.0017310900179629677,0.9927249107251057,0.9667891384887772,0.9667891384887772,0.9667891384882785,,3.448002950180243e-13,0.999999999963378,0.0,,,,,1.0,,0.0,0.9999999999999999,1.0,0.0,0.0,1.0,2.4679276978391433,0.6468372942252384,539,1.3385223772742336,0.7255539016702286,780,170.41273426595797,0.9106851497557872,659.5,637.4829416224412,0.782517627288795,113,0.5947627399969394,0.9115529220878905,0.31020020537577525,4,85.75,113,,,,,,,,,,2.1486630796735323e-19,0.04710947485633938,2.635431499527657e-27,0.9864204081568161,0.21445827795939884,0.0001861233570841326,0.4775502940377148,1.0,0.0017215338051183074,0.0013519450689085221,0.0003110952106926472,0.0003110952106926472,0.0003110952106876223,,7.519933142714068e-19,0.011480097365344586,0.0,,,,,0.30000000000000004,,0.0,1.0,1.0,0.0,0.0,1.0,0.5264256178929667,0.14007781933620056,110,1.3050160191463662,0.7198472830953384,118,5.656854249492381,0.9779888939708468,114.0,113.85964912280701,0.7672045637169409,21,112.48780487804878,105.5,72.93041566078782,82,0.44461582955750506,0.6284236608665632,0.5002418210497774,3,16.5,21
coif4,1.0,periodic,1.0046932488894806e-26,319.38660268464713,8351504.980030374,0.6228070175438597,282.55731936652353,205,raw,6.204251204929657e-14,-2.036063539989654e-10,6.373071764852442,70668.85955466342,0.8634413525921798,8.495265437916495e-06,1.0,388.99999999999994,,,,[],[],15,535.0,77.99999999999996,912.9999999999998,"[8, 24, 38, 50, 67, 78, 93, 103, 117, 133, 151, 166, 180, 190, 201]","[912.9999999999998, 578.0, 521.0, 269.0, 230.9999999999999, 891.0, 371.0000000000001, 458.0, 804.0000000000002, 504.0, 762.0, 77.99999999999996, 713.0000000000001, 551.9999999999998, 380.0000000000001]","[0, 13, 33, 47, 66, 66, 87, 96, 96, 127, 127, 157, 157, 182, 193]","[204, 66, 66, 53, 70, 204, 204, 106, 204, 142, 204, 170, 204, 204, 204]",49420436.0,933.9999999999998,-933.9999999999998,0.0,,,,DWT,mdp.39015067403777,0.0,,0.0,40.5,15.0,0.0,40.5,,2.2737367544323206e-13,144.76666666666665,3682.0,144.76666666666668,,0.0,144.76666666666665,,,75.99999999999996,0.0,45.0,2.2737367544323206e-13,2.2737367544323206e-13,,5.684341886080802e-14,4.0758468763022176e-14,4.34752357970779e-27,0.9752810857530756,0.8368805928713684,0.0006420279976588302,0.9004598109446844,0.00036072005421528713,1.8154615625259147e-08,6.290417722800917e-09,6.290417722800917e-09,5.8241185010256836e-09,,1.761808214989251e-13,0.9999999937096067,1.0360011940455003e-13,,,,,,0.0,1.0,7.979777238353076e-14,7.979777238353076e-14,0.6000000078228461,0.22876199425593716,582,1.3642581742859312,0.776404736844434,28,0,0.18181818456996504,0.24480016517493583,569,0,0.38766060537443486,0.7574909838675654,26,316.7221442631801,0.6680061380889097,301.25,51.512200875405846,0.6761152283735954,373,coif,0.4775221677620307,0.8895245153485821,0.39887712796200386,2,280.25,,4.360425987555278e-14,0.00022810626045038918,4.5370206481956824e-27,0.9752810857530755,0.8368805928713684,0.001283301270299947,0.9310379849685151,0.001747841750561638,0.9927249107251062,0.9667891384887772,0.9667891384887772,0.9667891384882785,,1.7240014750901214e-13,0.999999999963378,1.0360011940455002e-13,,,,,1.0,,0.0,0.9999999999999999,1.0,7.979777238353079e-14,7.979777238353079e-14,1.0,2.467927697839141,0.6468372942252378,579,1.3774333610884584,0.7466458285618279,506,51.61879502661797,0.9729461241998858,542.5,540.0442396313364,0.8443084918693349,31,0.5217589607974704,1.0,0.33476872744177066,2,23.75,31,,,,,,,,,,2.69526910080627e-19,0.04710947485633938,4.3475235797077894e-27,0.982109476369906,0.21946314059331692,0.00022443598128041718,0.5304949814418967,1.0,0.001738285698077699,0.0013519450689085228,0.0003110952106926472,0.0003110952106926472,0.0003110952106876223,,3.759966571357034e-19,0.011480097365344586,1.04866601015361e-18,,,,,0.30000000000000004,,0.0,1.0,1.0,7.9901355866623535e-19,7.9901355866623535e-19,1.0,0.5264256178929667,0.14007781933620056,114,1.3261356234221338,0.7314968640467695,62,36.76955262170047,0.8569278108105041,88.0,80.31818181818183,0.7572576797243182,22,102.04705882352941,99.0,59.896519074140535,85,0.40334805859102535,0.5161137427874729,0.5628222361500403,2,17.0,22
coif4,1.0,antisymmetric,1.03084187144147e-26,319.275017017522,8432059.994231226,0.6228070175438597,281.7310173490795,205,raw,6.115866620725351e-14,-2.0382662224705105e-10,6.37646883784663,126659.29261471269,0.9287935527572403,8.495265437916495e-06,1.0,388.99999999999994,,,,[],[],15,535.0,77.99999999999996,913.0000000000002,"[8, 24, 38, 50, 67, 78, 93, 103, 117, 133, 151, 166, 180, 190, 201]","[913.0000000000002, 578.0000000000001, 521.0, 269.0, 230.9999999999999, 891.0, 371.0000000000001, 458.0, 804.0000000000002, 504.0, 762.0, 77.99999999999996, 713.0000000000001, 551.9999999999997, 380.0000000000001]","[0, 13, 33, 47, 66, 66, 87, 96, 96, 127, 127, 157, 157, 182, 193]","[204, 66, 66, 53, 70, 204, 204, 106, 204, 142, 204, 170, 204, 204, 204]",49420436.0,934.0000000000002,-934.0000000000002,0.0,,,,DWT,mdp.39015067403777,0.0,,0.0,40.5,15.0,0.0,40.5,,2.2737367544323206e-13,144.76666666666665,3682.0,144.7666666666667,,0.0,144.76666666666665,,,75.99999999999996,0.0,45.0,2.2737367544323206e-13,2.2737367544323206e-13,,5.684341886080802e-14,3.9803630955528314e-14,4.491855367704218e-27,0.9748666007991599,0.8381322826791904,0.0007161498212043752,0.9004598109446844,0.004162258576194206,1.8154615625259147e-08,6.290417722800917e-09,6.290417722800917e-09,5.824141381262421e-09,,1.761808214989251e-13,0.9999999937096067,1.0360011940455003e-13,,,,,,0.0,1.0,7.979777238353076e-14,7.979777238353076e-14,0.600000007822853,0.2287619942559398,561,1.3661930045380568,0.7775058564133356,25,0,0.18181818456996712,0.24480016517493863,557,0,0.3883338718314962,0.7588065502777035,23,308.88778976622996,0.676218249720933,291.5,45.94737058126375,0.6853313470826887,353,coif,0.4775221677620307,0.8895245153485821,0.39887712796200386,2,265.25,,4.264942206805892e-14,0.00022810626045038918,4.68135243619211e-27,0.9748666007991598,0.8381322826791905,0.0013573755309644318,0.9310379849685151,0.005544105173143084,0.9927249107251062,0.9667891384887772,0.9667891384887772,0.9667891384882792,,1.7240014750901214e-13,0.999999999963378,1.0360011940455002e-13,,,,,1.0,,0.0,0.9999999999999999,1.0,7.979777238353079e-14,7.979777238353079e-14,1.0,2.467927697839141,0.6468372942252378,578,1.3793660575193845,0.7476934579926172,486,65.05382386916237,0.9659047044710889,532.0,528.0225563909775,0.8435393543319805,32,0.5217589607974704,1.0,0.33476872744177066,2,24.5,32,,,,,,,,,,2.6321277484217405e-19,0.04710947485633938,4.491855367704218e-27,0.9818094893725697,0.21983908945159386,0.00023789247941485516,0.5304949814418967,1.0,0.005534585461469638,0.0013519450689085228,0.0003110952106926472,0.0003110952106926472,0.00031109521068762257,,3.759966571357034e-19,0.011480097365344586,1.04866601015361e-18,,,,,0.30000000000000004,,0.0,1.0,1.0,7.9901355866623535e-19,7.9901355866623535e-19,1.0,0.5264256178929667,0.14007781933620056,115,1.3276688538072945,0.7323425944523159,61,38.18376618407357,0.8514250343032157,88.0,79.71590909090908,0.7545062914706739,23,102.04705882352941,99.0,59.896519074140535,85,0.40334805859102535,0.5161137427874729,0.5628222361500403,2,17.75,23
coif4,1.0,reflect,9.682932826715948e-27,319.5468683342194,8469818.454283554,0.618421052631579,281.7310173490795,205,raw,5.961626856133525e-14,-2.0422497026828653e-10,6.399127665133449,68793.91279515544,0.865035013192719,8.495265437916495e-06,1.0,388.9999999999999,,,,[],[],15,535.0,77.99999999999996,913.0000000000001,"[8, 24, 38, 50, 67, 78, 93, 103, 117, 133, 151, 166, 180, 190, 201]","[913.0000000000001, 578.0, 521.0, 269.0, 230.9999999999999, 891.0, 371.0000000000001, 458.0, 804.0000000000002, 504.0, 762.0, 77.99999999999996, 713.0000000000001, 551.9999999999998, 380.0000000000001]","[0, 13, 33, 47, 66, 66, 87, 96, 96, 127, 127, 157, 157, 182, 193]","[204, 66, 66, 53, 70, 204, 204, 106, 204, 142, 204, 170, 204, 204, 204]",49420436.0,934.0000000000001,-934.0000000000001,0.0,,,,DWT,mdp.39015067403777,0.0,,0.0,40.5,15.0,0.0,40.5,,1.1368683772161603e-13,144.76666666666665,3682.0,144.76666666666668,,0.0,144.76666666666665,,,75.99999999999996,0.0,45.0,1.1368683772161603e-13,1.1368683772161603e-13,,1.1368683772161603e-13,3.8137345369901776e-14,4.146607749560655e-27,0.975876392498903,0.8464811828119322,0.0007508928591283953,0.8476111538689239,0.00023341826454552806,1.8154615625259147e-08,6.290417722800917e-09,6.290417722800917e-09,5.8241185010256836e-09,,3.523616429978502e-13,0.9999999937096067,5.1800059702275014e-14,,,,,,0.0,1.0,3.989888619176538e-14,3.989888619176538e-14,0.6000000078228922,0.22876199425595473,481,1.3482797021882713,0.7673113250122835,46,0,0.18181818456996912,0.24480016517494133,544,0,0.3815647200433531,0.7455795899498756,43,271.42402251827303,0.7154884459976174,278.5,81.77921850865867,0.7117798624118066,287,coif,0.4775221677620307,0.8895245153485821,0.39887712796200386,2,215.75,,4.098313648243239e-14,0.00022810626045038918,4.3361048180485475e-27,0.9758763924989029,0.8464811828119323,0.0013920962747933875,0.8944241316270567,0.001620716607686355,0.9927249107251062,0.9667891384887772,0.9667891384887772,0.9667891384882785,,3.448002950180243e-13,0.999999999963378,5.180005970227501e-14,,,,,1.0,,0.0,0.9999999999999999,1.0,3.9898886191765394e-14,3.9898886191765394e-14,1.0,2.4679276978391855,0.6468372942252495,426,1.3679488462147493,0.741504691671698,585,112.42997820866105,0.9410744349011211,505.5,492.99703264094956,0.838068663991441,35,0.5217589607974704,1.0,0.33476872744177066,2,26.75,35,,,,,,,,,,2.5219398981820724e-19,0.04710947485633938,4.146607749560655e-27,0.9825403346712452,0.2223467071162562,0.0002441999284581455,0.5077164531400976,1.0,0.001611159338260857,0.0013519450689085228,0.0003110952106926472,0.0003110952106926472,0.0003110952106876223,,7.519933142714068e-19,0.011480097365344586,5.24333005076805e-19,,,,,0.30000000000000004,,0.0,1.0,1.0,3.9950677933311767e-19,3.9950677933311767e-19,1.0,0.5264256178929667,0.14007781933620056,118,1.3186835417733493,0.727386293257155,74,31.11269837220809,0.8789389168396572,96.0,90.95833333333334,0.7526990304042644,24,102.04705882352941,99.0,59.896519074140535,85,0.40334805859102535,0.5161137427874729,0.5628222361500403,2,18.5,24
db35,1.0,antireflect,2.2528943908637693e-26,315.87952918721317,9556050.863333767,0.6058394160583942,291.8627219250421,205,raw,9.999589232526286e-14,-2.0439550052486885e-10,6.667165809162238,188593.5657644788,0.9512810948168184,8.495265437916495e-06,1.0,388.9999999999999,,,,[],[],15,535.0000000000001,77.99999999999996,913.0000000000001,"[8, 24, 38, 50, 67, 78, 93, 103, 117, 133, 151, 166, 180, 190, 201]","[913.0000000000001, 577.9999999999999, 521.0000000000005, 269.0000000000001, 231.0000000000001, 891.0, 371.00000000000057, 458.0000000000002, 804.0, 504.0, 762.0, 77.99999999999996, 713.0, 552.0000000000001, 379.9999999999999]","[0, 13, 33, 47, 66, 66, 87, 96, 96, 127, 127, 157, 157, 182, 193]","[204, 66, 66, 53, 70, 204, 204, 106, 204, 142, 204, 170, 204, 204, 204]",49420436.0,934.0000000000001,-934.0000000000001,0.0,,,,DWT,mdp.39015067403777,0.0,,0.0,40.5,15.0,0.0,40.5,,1.1368683772161603e-13,144.76666666666677,3681.999999999998,144.76666666666677,,0.0,144.76666666666677,,,75.99999999999996,0.0,45.0,1.1368683772161603e-13,1.1368683772161603e-13,,1.1368683772161603e-13,8.176032755540547e-14,1.1237182958213972e-26,0.9622540614549392,0.9452428560413164,0.0017503778415569674,0.6960088018194803,0.008367361347181653,1.8154615625259147e-08,6.290509243747824e-09,6.290509243747824e-09,5.824187141735896e-09,,3.523616429978502e-13,0.9999999937095091,5.1800059702275014e-14,,,,,,0.0,1.0,3.989888619176538e-14,3.989888619176538e-14,0.600000007822919,0.2287619942559649,421,1.3325995190810895,0.7583876706274555,72,0,0.18181818456998314,0.2448001651749602,414,0,0.37337477978636524,0.7295764010339161,85,195.81453810515023,0.7947436707493184,248.0,131.3872662240159,0.7673927997352462,186,db,0.646876945778354,0.7349580893483774,0.326698711150639,3,140.25,,8.460611866793596e-14,0.00022810626045038918,1.1426680026701863e-26,0.9622540614549391,0.9452428560413164,0.002390939902448601,0.7893931508738219,0.00974337285000606,0.9927249107251062,0.9667891384887803,0.9667891384887803,0.9667891384882807,,3.448002950180243e-13,0.9999999999633774,5.180005970227501e-14,,,,,1.0,,0.0,0.9999999999999999,1.0,3.9898886191765394e-14,3.9898886191765394e-14,1.0,2.4679276978391873,0.6468372942252499,415,1.3708923762125376,0.7431002493634026,555,98.99494936611666,0.9481158546299179,485.0,474.8969072164948,0.8469614912562586,29,0.5947627399969394,0.9115529220878905,0.31020020537577525,4,22.75,29,,,,,,,,,,5.406633056141925e-19,0.04710947485633938,1.1237182958213972e-26,0.9726810571558778,0.25201007743378856,0.00042565212644926235,0.44237366757362323,1.0,0.009733893337015867,0.0013519450689085228,0.00031109521069264817,0.00031109521069264817,0.00031109521068762306,,7.519933142714068e-19,0.011480097365344579,5.24333005076805e-19,,,,,0.30000000000000004,,0.0,1.0,1.0,3.9950677933311767e-19,3.9950677933311767e-19,1.0,0.5264256178929667,0.14007781933620056,126,1.3048023658948034,0.7197294318886056,119,4.949747468305833,0.980740282224491,122.5,122.40000000000002,0.7520432928632181,25,112.48780487804878,105.5,72.93041566078782,82,0.44461582955750506,0.6284236608665632,0.5002418210497774,3,19.5,25
coif9,1.0,reflect,1.7058174290420092e-26,317.08761204997137,9653406.901030663,0.6085271317829457,295.88035453116663,205,raw,8.334146381147127e-14,-2.0626389485301083e-10,6.603541506500983,68936.16606840235,0.8623215979780393,8.495265437916494e-06,1.0,388.99999999999983,,,,[],[],15,535.0000000000001,77.99999999999997,913.0000000000001,"[8, 24, 38, 50, 67, 78, 93, 103, 117, 133, 151, 166, 180, 190, 201]","[913.0000000000001, 578.0000000000006, 521.0, 269.0000000000001, 230.99999999999994, 891.0000000000001, 371.0000000000003, 457.99999999999994, 803.9999999999998, 504.0000000000001, 762.0, 77.99999999999997, 713.0, 552.0000000000002, 379.9999999999999]","[0, 13, 33, 47, 66, 66, 87, 96, 96, 127, 127, 157, 157, 182, 193]","[204, 66, 66, 53, 70, 204, 204, 106, 204, 142, 204, 170, 204, 204, 204]",49420436.0,934.0000000000001,-934.0000000000001,0.0,,,,DWT,mdp.39015067403777,0.0,,0.0,40.5,15.0,0.0,40.5,,1.1368683772161603e-13,144.76666666666677,3681.999999999999,144.76666666666674,,0.0,144.76666666666677,,,75.99999999999997,0.0,45.0,1.1368683772161603e-13,1.1368683772161603e-13,,1.7053025658242404e-13,6.376818769262907e-14,8.217498234309434e-27,0.9667414851769764,0.9217997650900397,0.001839958944842111,0.7283944158143012,0.00024307672347449803,1.815467474560155e-08,6.290509243747824e-09,6.290509243747824e-09,5.824164261499158e-09,,5.285424644967753e-13,0.9999999937095578,5.1800059702275014e-14,,,,,,0.0,1.0,3.989888619176538e-14,3.989888619176538e-14,0.6000000078230423,0.22876199425601196,231,1.3333197501387561,0.7587975569783931,71,0,0.1818181845700069,0.24480016517499217,241,0,0.37414552882138535,0.7310824489447902,80,92.82734869997455,0.9026966994759177,155.75,114.08073088433495,0.8697183707023195,44,coif,0.4775221677620307,0.8895245153485821,0.39887712796200386,2,33.5,,6.661397880515961e-14,0.00022810626045038918,8.406995302797326e-27,0.9667414851769763,0.9217997650900398,0.00248046352286086,0.8118300903684172,0.0016303616643229156,0.9927249107251066,0.9667891384887803,0.9667891384887803,0.96678913848828,,5.172004425270364e-13,0.9999999999633777,5.180005970227501e-14,,,,,1.0,,0.0,0.9999999999999999,1.0,3.9898886191765394e-14,3.9898886191765394e-14,1.0,2.467927697839274,0.6468372942252727,309,1.3676376181038872,0.7413359886496347,589,197.9898987322333,0.8962317092598358,449.0,405.34743875278394,0.8304533808353687,43,0.5217589607974704,1.0,0.33476872744177066,2,32.75,43,,,,,,,,,,4.2168518867001154e-19,0.04710947485633937,8.217498234309434e-27,0.9759288680967383,0.24496887343696913,0.00044191519030247064,0.4563323311569694,1.0,0.0016208044872274634,0.0013519450689085234,0.00031109521069264817,0.00031109521069264817,0.0003110952106876228,,1.1279899714071101e-18,0.011480097365344583,5.24333005076805e-19,,,,,0.30000000000000004,,0.0,1.0,1.0,3.9950677933311767e-19,3.9950677933311767e-19,1.0,0.5264256178929667,0.14007781933620056,125,1.3055768118862592,0.7201566165627203,113,8.48528137423857,0.9669833409562701,119.0,118.69747899159664,0.7519741607505086,26,102.04705882352941,99.0,59.896519074140535,85,0.40334805859102535,0.5161137427874729,0.5628222361500403,2,20.0,26
db18,1.0,constant,1.3171283445807215e-26,318.21065656596807,7928256.637797272,0.6166666666666667,207.0110586678538,205,raw,7.322056240454692e-14,-2.0334811612343763e-10,6.235173582970072,81284.328011356,0.9013223250584895,8.495265437916495e-06,1.0,388.99999999999994,,,,[],[],15,535.0,78.0,912.9999999999995,"[8, 24, 38, 50, 67, 78, 93, 103, 117, 133, 151, 166, 180, 190, 201]","[912.9999999999995, 578.0, 521.0, 269.00000000000006, 231.0000000000001, 891.0000000000002, 371.0000000000002, 458.00000000000006, 803.9999999999995, 503.9999999999999, 761.9999999999999, 78.0, 713.0, 552.0, 380.0000000000002]","[0, 13, 33, 47, 66, 66, 87, 96, 96, 127, 127, 157, 157, 182, 193]","[204, 66, 66, 53, 70, 204, 204, 106, 204, 142, 204, 170, 204, 204, 204]",49420436.0,933.9999999999995,-933.9999999999995,0.0,,,,DWT,mdp.39015067403777,0.0,,0.0,40.5,15.0,0.0,40.5,,4.547473508864641e-13,144.76666666666665,3682.0,144.76666666666674,,0.0,144.76666666666665,,,76.0,0.0,45.0,4.547473508864641e-13,4.547473508864641e-13,,5.684341886080802e-14,5.283435868132685e-14,6.072062449940593e-27,0.9709130339650136,0.7860704545332591,0.0002525806212270535,0.8264716910386198,0.0010814701906482105,1.815479298628636e-08,6.290417722800917e-09,6.290417722800917e-09,5.824164261499158e-09,,1.761808214989251e-13,0.9999999937096067,2.0720023880910006e-13,,,,,,0.0,1.0,1.5959554476706153e-13,1.5959554476706153e-13,0.6000000078229968,0.2287619942559946,262,1.3067306024479741,0.7436655675903987,132,0,0.18181818457000928,0.2448001651749954,231,0,0.36925560433554583,0.7215275092411828,114,72.78907885115734,0.9237011752084304,184.75,163.3087287639133,0.8650214471429993,52,db,0.646876945778354,0.7349580893483774,0.326698711150639,3,39.75,,5.568014979385742e-14,0.00022810626045038918,6.261559518428485e-27,0.9709130339650135,0.7860704545332592,0.0008941037965062667,0.8797785902904732,0.002467591758076113,0.9927249107251075,0.9667891384887772,0.9667891384887772,0.96678913848828,,1.7240014750901214e-13,0.999999999963378,2.0720023880910003e-13,,,,,1.0,,0.0,0.9999999999999999,1.0,1.5959554476706158e-13,1.5959554476706158e-13,1.0,2.467927697839226,0.64683729422526,368,1.3289970042414625,0.7203906173754487,845,337.28993462598316,0.8232233047033631,606.5,512.7122835943941,0.752675593651472,173,0.5947627399969394,0.9115529220878905,0.31020020537577525,4,130.75,173,,,,,,,,,,3.4938214986106073e-19,0.04710947485633938,6.072062449940592e-27,0.9789480618777011,0.2042021602947374,0.00015373348579747988,0.49860504181937804,1.0,0.0024580425956036707,0.0013519450689085245,0.0003110952106926472,0.0003110952106926472,0.0003110952106876228,,3.759966571357034e-19,0.011480097365344586,2.09733202030722e-18,,,,,0.30000000000000004,,0.0,1.0,1.0,1.5980271173324707e-18,1.5980271173324707e-18,1.0,0.5264256178929667,0.14007781933620056,96,1.304104860239783,0.7193446875304187,123,19.091883092036785,0.9257125171516078,109.5,107.83561643835617,0.749821239120551,27,112.48780487804878,105.5,72.93041566078782,82,0.44461582955750506,0.6284236608665632,0.5002418210497774,3,21.0,27
coif7,1.0,antireflect,3.288632996121212e-26,314.2367834253871,9071105.51037334,0.6138211382113821,297.0220356501061,205,raw,1.2170318953161682e-13,-2.2790602738354132e-10,6.532352340808221,168980.9444518536,0.9422526208586668,8.495265437916492e-06,1.0,389.0000000000001,,,,[],[],15,535.0000000000001,77.9999999999999,913.0000000000002,"[8, 24, 38, 50, 67, 78, 93, 103, 117, 133, 151, 166, 180, 190, 201]","[913.0000000000002, 578.0000000000007, 521.0000000000002, 269.0, 231.0000000000001, 891.0000000000002, 371.0000000000001, 457.99999999999983, 804.0000000000005, 504.0000000000001, 762.0000000000003, 77.9999999999999, 713.0, 552.0000000000002, 380.0]","[0, 13, 33, 47, 66, 66, 87, 96, 96, 127, 127, 157, 157, 182, 193]","[204, 66, 66, 53, 70, 204, 204, 106, 204, 142, 204, 170, 204, 204, 204]",49420436.000000015,934.0000000000002,-934.0000000000002,0.0,,,,DWT,mdp.39015067403777,1.4901161193847656e-08,,0.0,40.5,15.0,0.0,40.5,,2.2737367544323206e-13,144.76666666666677,3681.999999999998,144.76666666666685,,0.0,144.76666666666677,,,75.9999999999999,0.0,45.0,2.2737367544323206e-13,2.2737367544323206e-13,,1.1368683772161603e-13,1.0521119091322955e-13,1.69541190796679e-26,0.9561520824201039,0.8955693151475648,0.0013041606291592258,0.7921845135211745,0.007035738579467635,1.815437914388953e-08,6.290509243747824e-09,6.290509243747824e-09,5.824255782446108e-09,,3.523616429978502e-13,0.9999999937095091,1.0360011940455003e-13,,,,,,1.1790701163181633e-13,1.0,7.979777238353076e-14,7.979777238353076e-14,0.6000000078229695,0.22876199425598417,294,1.3418160881807129,0.7636328566496298,54,0,0.18181818456999052,0.24480016517497014,362,0,0.37889225861393944,0.7403575854194968,50,161.7570194252272,0.8304433758645418,190.0,89.52088644978953,0.8156409751440109,95,coif,0.4775221677620307,0.8895245153485821,0.39887712796200386,2,71.75,,1.0805698202575999e-13,0.00022810626045033366,1.714361614815579e-26,0.9561520824201037,0.8955693151475648,0.0019450090210554841,0.8560242366591848,0.008413597871659167,0.9927249107251044,0.9667891384887803,0.9667891384887803,0.966789138488283,,3.448002950180243e-13,0.9999999999633774,1.0360011940455002e-13,,,,,1.0,,1.1790701163181633e-13,0.9999999999999999,1.0,7.979777238353079e-14,7.979777238353079e-14,1.0,2.4679276978392886,0.6468372942252765,301,1.3682919772268773,0.7416906878484227,582,198.69700551341987,0.895861108221478,441.5,396.7882219705549,0.8322334891212212,40,0.5217589607974704,1.0,0.33476872744177066,2,30.5,40,,,,,,,,,,6.957387765870294e-19,0.04710947485633936,1.69541190796679e-26,0.9682646981272186,0.2370904776504584,0.00034464331151509145,0.48382677711625927,1.0,0.008404105629020076,0.0013519450689085204,0.00031109521069264817,0.00031109521069264817,0.00031109521068762376,,7.519933142714068e-19,0.011480097365344579,1.04866601015361e-18,,,,,0.30000000000000004,,2.9988614041126884e-21,1.0,1.0,7.9901355866623535e-19,7.9901355866623535e-19,1.0,0.5264256178929667,0.14007781933620056,123,1.3107015749123316,0.7229834376030005,96,19.091883092036785,0.9257125171516078,109.5,107.83561643835617,0.749821239120551,28,102.04705882352941,99.0,59.896519074140535,85,0.40334805859102535,0.5161137427874729,0.5628222361500403,2,21.5,28
db26,1.0,periodic,2.0291765166246717e-26,316.33373924814885,8657996.754242247,0.61328125,269.72596590218564,205,raw,9.865279325157e-14,-2.1320722964901643e-10,6.5215886009227155,70976.43950922861,0.8668434305293786,8.495265437916497e-06,1.0,388.9999999999999,,,,[],[],15,535.0,77.99999999999986,912.9999999999998,"[8, 24, 38, 50, 67, 78, 93, 103, 117, 133, 151, 166, 180, 190, 201]","[912.9999999999998, 577.9999999999998, 521.0000000000002, 269.0, 231.00000000000017, 890.9999999999998, 371.0000000000003, 457.99999999999983, 803.9999999999999, 504.0000000000001, 762.0000000000003, 77.99999999999986, 713.0, 552.0, 380.0000000000003]","[0, 13, 33, 47, 66, 66, 87, 96, 96, 127, 127, 157, 157, 182, 193]","[204, 66, 66, 53, 70, 204, 204, 106, 204, 142, 204, 170, 204, 204, 204]",49420436.0,933.9999999999998,-933.9999999999998,0.0,,,,DWT,mdp.39015067403777,0.0,,0.0,40.5,15.0,0.0,40.5,,2.2737367544323206e-13,144.76666666666665,3682.0,144.7666666666667,,0.0,144.76666666666665,,,75.99999999999986,0.0,45.0,2.2737367544323206e-13,2.2737367544323206e-13,,1.1368683772161603e-13,8.030934853421383e-14,1.0002333943452684e-26,0.9639412246993355,0.8916032939487901,0.0009240430830221092,0.785679133858267,0.0003816035691653158,1.8154201782862316e-08,6.290417722800917e-09,6.290417722800917e-09,5.824141381262421e-09,,3.523616429978502e-13,0.9999999937096067,1.0360011940455003e-13,,,,,,0.0,1.0,7.979777238353076e-14,7.979777238353076e-14,0.6000000078228169,0.22876199425592603,649,1.3390526983065043,0.7620602005142129,59,0,0.1818181845699455,0.24480016517490952,735,0,0.3775041855940944,0.7376452830010789,59,367.14529367359,0.6151516837803039,375.5,108.69659336903271,0.6107729068796698,546,db,0.646876945778354,0.7349580893483774,0.326698711150639,3,410.25,,8.315513964674433e-14,0.00022810626045038918,1.0191831011940575e-26,0.9639412246993354,0.8916032939487901,0.001565135390741955,0.8515172722425347,0.001768696287081883,0.9927249107251032,0.9667891384887772,0.9667891384887772,0.9667891384882792,,3.448002950180243e-13,0.999999999963378,1.0360011940455002e-13,,,,,1.0,,0.0,0.9999999999999999,1.0,7.979777238353079e-14,7.979777238353079e-14,1.0,2.4679276978392264,0.6468372942252602,367,1.366331768779374,0.7406281453677589,596,161.92745289171938,0.91513236221608,481.5,454.2720664589824,0.8313869358250211,41,0.5947627399969394,0.9115529220878905,0.31020020537577525,4,31.75,41,,,,,,,,,,5.310682961832103e-19,0.04710947485633939,1.0002333943452683e-26,0.9739021558493796,0.2358992710653574,0.00027563460657789774,0.4810228652864268,1.0,0.0017591404342339214,0.0013519450689085187,0.0003110952106926472,0.0003110952106926472,0.00031109521068762257,,7.519933142714068e-19,0.011480097365344586,1.04866601015361e-18,,,,,0.30000000000000004,,0.0,1.0,1.0,7.9901355866623535e-19,7.9901355866623535e-19,1.0,0.5264256178929667,0.14007781933620056,124,1.3096743910907616,0.7224168426552386,99,17.67766952966369,0.9312152936588962,111.5,110.09865470852017,0.7486815767905376,29,112.48780487804878,105.5,72.93041566078782,82,0.44461582955750506,0.6284236608665632,0.5002418210497774,3,22.5,29
db7,1.0,zero,5.189658072616599e-27,322.2555500772689,7945646.430243963,0.6146788990825688,251.63730867122058,205,raw,4.4235617878723335e-14,-2.0113788412601394e-10,6.219813130859711,77875.99831664,0.88091485675177,8.495265437916497e-06,1.0,388.99999999999994,,,,[],[],15,534.9999999999999,78.0,912.9999999999999,"[8, 24, 38, 50, 67, 78, 93, 103, 117, 133, 151, 166, 180, 190, 201]","[912.9999999999999, 577.9999999999998, 520.9999999999999, 269.0, 230.99999999999997, 890.9999999999999, 370.9999999999999, 458.0, 803.9999999999999, 503.99999999999994, 761.9999999999999, 78.0, 712.9999999999999, 552.0, 379.9999999999999]","[0, 13, 33, 47, 66, 66, 87, 96, 96, 127, 127, 157, 157, 182, 193]","[204, 66, 66, 53, 70, 204, 204, 106, 204, 142, 204, 170, 204, 204, 204]",49420436.0,933.9999999999999,-933.9999999999999,0.0,,,,DWT,mdp.39015067403777,0.0,,0.0,40.5,15.0,0.0,40.5,,1.1368683772161603e-13,144.76666666666654,3682.000000000001,144.7666666666666,,0.0,144.76666666666654,,,76.0,0.0,45.0,1.1368683772161603e-13,1.1368683772161603e-13,,5.684341886080802e-14,2.1521295288513563e-14,1.666468010157716e-27,0.9859377906727484,0.7804107229399224,0.0002685816503375876,0.8025200978318068,0.0008500575024096438,1.815479298628636e-08,6.2903262018540105e-09,6.2903262018540105e-09,5.8240498603154715e-09,,1.761808214989251e-13,0.9999999937096555,5.1800059702275014e-14,,,,,,0.0,1.0,3.989888619176538e-14,3.989888619176538e-14,0.6000000078228063,0.22876199425592197,693,1.303250388832472,0.7416849642213035,140,0,0.18181818456995077,0.24480016517491662,712,0,0.3671410357996067,0.7173956305345579,134,326.59289132904695,0.6576594430513134,419.75,229.1864401022015,0.6088349626158034,549,db,0.646876945778354,0.7349580893483774,0.326698711150639,3,412.5,,2.4367086401044227e-14,0.00022810626045038918,1.8559650786456083e-27,0.9859377906727483,0.7804107229399225,0.0009100945579923951,0.8631847888678301,0.0022365001832302524,0.9927249107251075,0.9667891384887742,0.9667891384887742,0.9667891384882761,,1.7240014750901214e-13,0.9999999999633783,5.180005970227501e-14,,,,,1.0,,0.0,0.9999999999999999,1.0,3.9898886191765394e-14,3.9898886191765394e-14,1.0,2.467927697839097,0.6468372942252263,697,1.328460030651173,0.720099547692832,849,107.48023074035522,0.9436686421696251,773.0,765.5278137128072,0.7692661869129047,137,0.5947627399969394,0.9115529220878905,0.31020020537577525,4,103.75,137,,,,,,,,,,1.4231565601179652e-19,0.04710947485633939,1.666468010157716e-27,0.989822356850005,0.20250224261755254,0.0001566384037835125,0.48828156202021383,1.0,0.0022269488085680344,0.0013519450689085245,0.0003110952106926462,0.0003110952106926462,0.00031109521068762154,,3.759966571357034e-19,0.01148009736534459,5.24333005076805e-19,,,,,0.30000000000000004,,0.0,1.0,1.0,3.9950677933311767e-19,3.9950677933311767e-19,1.0,0.5264256178929667,0.14007781933620056,37,1.3055591014090855,0.720146847457446,114,54.44722215136416,0.7881431044694002,75.5,55.86754966887417,0.7471843927016262,30,112.48780487804878,105.5,72.93041566078782,82,0.44461582955750506,0.6284236608665632,0.5002418210497774,3,23.25,30
db32,1.0,smooth,2.5257971653281005e-26,315.3829528095018,629558892.0675936,0.5708955223880597,287.5096870808441,205,raw,1.1029876199378431e-13,-2.0668056155415258e-10,4.390003345530106,9356681.864964152,0.9992623874582712,8.495265437916494e-06,1.0,388.9999999999999,,,,[],[],15,535.0000000000001,78.00000000000009,912.9999999999997,"[8, 24, 38, 50, 67, 78, 93, 103, 117, 133, 151, 166, 180, 190, 201]","[912.9999999999997, 578.0000000000005, 521.0000000000006, 269.00000000000006, 231.00000000000003, 891.0000000000005, 371.00000000000057, 458.0000000000001, 803.9999999999998, 504.0000000000001, 762.0000000000001, 78.00000000000009, 713.0000000000003, 551.9999999999998, 379.9999999999998]","[0, 13, 33, 47, 66, 66, 87, 96, 96, 127, 127, 157, 157, 182, 193]","[204, 66, 66, 53, 70, 204, 204, 106, 204, 142, 204, 170, 204, 204, 204]",49420436.0,933.9999999999998,-933.9999999999998,0.0,,,,DWT,mdp.39015067403777,0.0,,0.0,40.5,15.0,0.0,40.5,,2.2737367544323206e-13,144.76666666666677,3681.999999999998,144.76666666666685,,0.0,144.76666666666677,,,76.00000000000009,0.0,45.0,3.410605131648481e-13,2.2737367544323206e-13,,1.1368683772161603e-13,9.289074082119171e-14,1.2743516429864703e-26,0.9604095285293931,0.1061966973748083,0.5722392747697449,0.27495257122710387,0.6308458623606024,1.8155147708340788e-08,6.290509243747824e-09,6.290509243747824e-09,5.824255782446108e-09,,3.523616429978502e-13,0.9999999937095091,1.5540017910682504e-13,,,,,,0.0,1.0,7.979777238353076e-14,7.979777238353076e-14,0.600000007823167,0.2287619942560595,166,1.2777830766250227,0.7271914158554239,194,0,0.1818181845700544,0.24480016517505612,146,0,0.36352056203739225,0.7103212046213093,159,20.271079563424014,0.9787514889272285,166.25,164.49154828084312,0.9022426207738867,21,db,0.646876945778354,0.7349580893483774,0.326698711150639,3,16.5,,9.573653193372218e-14,0.00022810626045038918,1.2933013498352593e-26,0.960409528529393,0.1061966973748083,0.5725137625187404,0.4976829745240891,0.6313581088518001,0.99272491072511,0.9667891384887803,0.9667891384887803,0.966789138488283,,3.448002950180243e-13,0.9999999999633774,1.5540017910682502e-13,,,,,1.0,,0.0,0.9999999999999999,1.0,7.979777238353079e-14,7.979777238353079e-14,1.0,2.467927697839257,0.6468372942252683,328,1.3672858122929297,0.7411452902473485,590,185.26197667087544,0.9029025279502749,459.0,421.61220043572985,0.8311682451072129,42,0.5947627399969394,0.9115529220878905,0.31020020537577525,4,32.5,42,,,,,,,,,,6.142663134428248e-19,0.04710947485633937,1.2743516429864703e-26,0.9713460608222475,0.0,0.10399545667280741,0.2608924001982163,1.0,0.6313545799225306,0.001351945068908528,0.00031109521069264817,0.00031109521069264817,0.00031109521068762376,,7.519933142714068e-19,0.011480097365344579,1.5729990152304151e-18,,,,,0.30000000000000004,,0.0,1.0,1.0,7.9901355866623535e-19,7.9901355866623535e-19,1.0,0.5264256178929667,0.14007781933620056,113,1.4058369993349529,0.7754601702959385,22,64.34671708797582,0.749623668918382,67.5,36.82962962962963,0.7434888772607474,31,112.48780487804878,105.5,72.93041566078782,82,0.44461582955750506,0.6284236608665632,0.5002418210497774,3,24.0,31
rbio3.3,1.0,periodization,2.936004706926185e-27,324.7293700496601,7899950.94398012,0.6067961165048543,402.3395733068843,205,raw,2.8412039743977763e-14,-2.0689361335257825e-10,6.496962340199324,82486.91566422264,0.6471754887335316,8.495265437916495e-06,1.0,388.9999999999999,,,,[],[],15,535.0,77.99999999999996,913.0,"[8, 24, 38, 50, 67, 78, 93, 103, 117, 133, 151, 166, 180, 190, 201]","[913.0, 578.0, 521.0, 269.00000000000006, 230.99999999999997, 890.9999999999998, 371.00000000000006, 458.0, 804.0, 504.0, 761.9999999999999, 77.99999999999996, 713.0, 552.0, 380.00000000000006]","[0, 13, 33, 47, 66, 66, 87, 96, 96, 127, 127, 157, 157, 182, 193]","[204, 66, 66, 53, 70, 204, 204, 106, 204, 142, 204, 170, 204, 204, 204]",49420436.0,934.0,-934.0,0.0,,,,DWT,mdp.39015067403777,0.0,,0.0,40.5,15.0,0.0,40.5,,0.0,144.76666666666665,3682.0,144.76666666666665,,0.0,144.76666666666665,,,75.99999999999996,0.0,45.0,0.0,0.0,,1.1368683772161603e-13,4.426741086659589e-15,4.225255457026712e-28,0.9951267948134186,0.882529470806051,0.0002265354437385621,0.7075365579302575,0.001163121341364006,1.8154615625259147e-08,6.290417722800917e-09,6.290417722800917e-09,5.824095620788946e-09,,3.523616429978502e-13,0.9999999937096067,0.0,,,,,,0.0,1.0,0.0,0.0,0.6000000078228435,0.22876199425593613,584,1.321933951721596,0.7523178539497006,94,0,0.18181818456995508,0.24480016517492242,688,0,0.3695117829049763,0.7220280835938856,112,310.72978614867293,0.6742874359028586,369.5,175.9580861916577,0.6434854370289974,459,rbio,0.7021383304475397,0.9188624283701327,0.2328444401756824,6,345.75,,7.272532199190283e-15,0.00022810626045038918,6.120226141905635e-28,0.9951267948134185,0.8825294708060512,0.0008680753318240695,0.7973796465569767,0.0025491296078392935,0.9927249107251062,0.9667891384887772,0.9667891384887772,0.9667891384882776,,3.448002950180243e-13,0.999999999963378,0.0,,,,,1.0,,0.0,0.9999999999999999,1.0,0.0,0.0,1.0,2.467927697839143,0.6468372942252383,553,1.3588147923010523,0.7365535241995151,660,75.66042558696059,0.9603456888957229,606.5,601.7807089859851,0.8212367857476518,51,0.5534034145977783,0.9576026100001634,0.32533682678150616,3,39.0,51,,,,,,,,,,2.927307828346993e-20,0.04710947485633938,4.225255457026712e-28,0.9964729764554411,0.23317392055966366,0.00014900509589123808,0.44734229560231936,1.0,0.0025395812259110906,0.0013519450689085228,0.0003110952106926472,0.0003110952106926472,0.00031109521068762203,,7.519933142714068e-19,0.011480097365344586,0.0,,,,,0.30000000000000004,,0.0,1.0,1.0,0.0,0.0,1.0,0.5264256178929667,0.14007781933620056,134,1.308630841889236,0.7218412205582886,106,19.79898987322333,0.9229611288979637,120.0,118.36666666666667,0.7280175294295266,36,138.2093023255814,141.0,56.34272595951746,43,0.5462818273738396,0.4854915715188868,0.4719552493826462,4,28.0,32
coif15,1.0,symmetric,2.856159798508335e-26,314.8491125045236,10307252.757298358,0.6054421768707483,276.8034305801013,205,raw,1.1512525350376453e-13,-2.067142013117988e-10,6.749764254851534,68998.25768279449,0.8720373552577241,8.495265437916495e-06,1.0,389.0,,,,[],[],15,535.0,78.00000000000009,912.9999999999998,"[8, 24, 38, 50, 67, 78, 93, 103, 117, 133, 151, 166, 180, 190, 201]","[912.9999999999998, 578.0000000000002, 521.0000000000003, 269.00000000000006, 231.00000000000006, 890.9999999999997, 371.0000000000001, 458.00000000000006, 804.0000000000002, 504.0000000000004, 762.0000000000002, 78.00000000000009, 713.0000000000002, 552.0000000000002, 380.0000000000001]","[0, 13, 33, 47, 66, 66, 87, 96, 96, 127, 127, 157, 157, 182, 193]","[204, 66, 66, 53, 70, 204, 204, 106, 204, 142, 204, 170, 204, 204, 204]",49420436.0,933.9999999999998,-933.9999999999998,0.0,,,,DWT,mdp.39015067403777,0.0,,0.0,40.5,15.0,0.0,40.5,,2.2737367544323206e-13,144.76666666666665,3682.0,144.7666666666668,,0.0,144.76666666666665,,,76.00000000000009,0.0,45.0,2.2737367544323206e-13,2.2737367544323206e-13,,0.0,9.810490414250624e-14,1.456700940504184e-26,0.9584265787482256,0.97567718370755,0.0024415881254095835,0.6912222706855514,0.00024729250912042093,1.8155147708340788e-08,6.290417722800917e-09,6.290417722800917e-09,5.824210021972633e-09,,0.0,0.9999999937096067,1.0360011940455003e-13,,,,,,0.0,1.0,7.979777238353076e-14,7.979777238353076e-14,0.600000007822945,0.22876199425597488,349,1.3407031584433131,0.7629994839228404,55,0,0.18181818457000573,0.24480016517499062,245,0,0.37543070196799366,0.733593684437301,73,141.25508840392263,0.8519338695975653,180.5,103.02000442625595,0.8313652576499357,78,coif,0.4775221677620307,0.8895245153485821,0.39887712796200386,2,59.0,,1.009506952550367e-13,0.00022810626045038918,1.4756506473529734e-26,0.9584265787482255,0.97567718370755,0.0030817066468556654,0.7860770145962099,0.0016345716000509191,0.99272491072511,0.9667891384887772,0.9667891384887772,0.9667891384882814,,0.0,0.999999999963378,1.0360011940455002e-13,,,,,1.0,,0.0,0.9999999999999999,1.0,7.979777238353079e-14,7.979777238353079e-14,1.0,2.4679276978390567,0.6468372942252157,804,1.3795884587828078,0.74781401190128,485,225.56706319850866,0.8817782687638843,644.5,605.0271528316524,0.7719950044029065,132,0.5217589607974704,1.0,0.33476872744177066,2,99.5,132,,,,,,,,,,6.4874644410770995e-19,0.04710947485633938,1.456700940504184e-26,0.9699108841165521,0.26115112073944213,0.0005511383793536018,0.4403106040837536,1.0,0.0016250144632562733,0.001351945068908528,0.0003110952106926472,0.0003110952106926472,0.0003110952106876233,,0.0,0.011480097365344586,1.04866601015361e-18,,,,,0.30000000000000004,,0.0,1.0,1.0,7.9901355866623535e-19,7.9901355866623535e-19,1.0,0.5264256178929667,0.14007781933620056,56,1.303704749905035,0.7191239865327442,126,49.49747468305833,0.8074028222449092,91.0,77.53846153846155,0.7266586095660343,37,102.04705882352941,99.0,59.896519074140535,85,0.40334805859102535,0.5161137427874729,0.5628222361500403,2,28.25,33
coif6,1.0,reflect,1.9350842663314908e-26,316.53993870647406,8943608.871276848,0.6125,293.3691512732167,205,raw,9.212793130001691e-14,-2.1554014129066135e-10,6.4871966559344045,68690.62157412175,0.8619594089594976,8.495265437916494e-06,1.0,389.00000000000006,,,,[],[],15,535.0,77.99999999999999,913.0000000000002,"[8, 24, 38, 50, 67, 78, 93, 103, 117, 133, 151, 166, 180, 190, 201]","[913.0000000000002, 578.0, 521.0000000000002, 269.0, 231.00000000000009, 891.0, 370.9999999999999, 458.0000000000002, 804.0, 503.9999999999999, 762.0, 77.99999999999999, 713.0000000000001, 552.0, 380.00000000000034]","[0, 13, 33, 47, 66, 66, 87, 96, 96, 127, 127, 157, 157, 182, 193]","[204, 66, 66, 53, 70, 204, 204, 106, 204, 142, 204, 170, 204, 204, 204]",49420436.0,934.0000000000002,-934.0000000000002,0.0,,,,DWT,mdp.39015067403777,0.0,,0.0,40.5,15.0,0.0,40.5,,2.2737367544323206e-13,144.76666666666665,3682.0,144.76666666666677,,0.0,144.76666666666665,,,75.99999999999999,0.0,45.0,2.2737367544323206e-13,2.2737367544323206e-13,,5.684341886080802e-14,7.326039883771509e-14,9.48297569831296e-27,0.9647071525750502,0.8789311944423344,0.001186845978053866,0.7762654668166478,0.00022640518151899206,1.8154733865943957e-08,6.290417722800917e-09,6.290417722800917e-09,5.824187141735896e-09,,1.761808214989251e-13,0.9999999937096067,1.0360011940455003e-13,,,,,,0.0,1.0,7.979777238353076e-14,7.979777238353076e-14,0.6000000078229022,0.22876199425595853,448,1.329480060554513,0.7566123744100137,77,0,0.18181818456998203,0.2448001651749587,424,0,0.37447386642766844,0.7317240224577446,75,208.07851082383942,0.7818883534341305,256.0,129.40385692037606,0.7567722689602518,201,coif,0.4775221677620307,0.8895245153485821,0.39887712796200386,2,151.25,,7.61061899502456e-14,0.00022810626045038918,9.672472766800852e-27,0.9647071525750501,0.8789311944423345,0.0018277696490316452,0.8449954296160878,0.0016137132561697943,0.992724910725107,0.9667891384887772,0.9667891384887772,0.9667891384882807,,1.7240014750901214e-13,0.999999999963378,1.0360011940455002e-13,,,,,1.0,,0.0,0.9999999999999999,1.0,7.979777238353079e-14,7.979777238353079e-14,1.0,2.467927697839142,0.6468372942252381,567,1.357915862617774,0.7360662540947315,665,69.29646455628166,0.9636810982409425,616.0,612.1022727272727,0.8204149726005551,53,0.5217589607974704,1.0,0.33476872744177066,2,40.25,53,,,,,,,,,,4.844551213346316e-19,0.04710947485633937,9.48297569831296e-27,0.9744565026391512,0.2320931672594047,0.00032334534138661104,0.4769654399326691,1.0,0.0016041559197027236,0.0013519450689085239,0.0003110952106926472,0.0003110952106926472,0.00031109521068762306,,3.759966571357034e-19,0.011480097365344586,1.04866601015361e-18,,,,,0.30000000000000004,,0.0,1.0,1.0,7.9901355866623535e-19,7.9901355866623535e-19,1.0,0.5264256178929667,0.14007781933620056,136,1.3064428386817368,0.7206343172396976,108,19.79898987322333,0.9229611288979637,122.0,120.39344262295081,0.724126478845869,39,102.04705882352941,99.0,59.896519074140535,85,0.40334805859102535,0.5161137427874729,0.5628222361500403,2,29.75,34
db10,1.0,periodization,1.2690207744728971e-26,318.37225020700316,7944111.359726816,0.616504854368932,285.54652194759484,205,raw,7.5580413506854e-14,-2.1081392187483216e-10,6.221015008744726,73238.1400697521,0.8670059491843618,8.495265437916495e-06,1.0,388.99999999999994,,,,[],[],15,535.0,77.99999999999999,913.0000000000005,"[8, 24, 38, 50, 67, 78, 93, 103, 117, 133, 151, 166, 180, 190, 201]","[913.0000000000005, 578.0, 521.0, 269.00000000000006, 230.9999999999999, 890.9999999999998, 370.9999999999997, 458.00000000000006, 803.9999999999999, 504.0000000000002, 762.0, 77.99999999999999, 712.9999999999999, 552.0000000000001, 380.0]","[0, 13, 33, 47, 66, 66, 87, 96, 96, 127, 127, 157, 157, 182, 193]","[204, 66, 66, 53, 70, 204, 204, 106, 204, 142, 204, 170, 204, 204, 204]",49420436.0,934.0000000000005,-934.0000000000005,0.0,,,,DWT,mdp.39015067403777,0.0,,0.0,40.5,15.0,0.0,40.5,,4.547473508864641e-13,144.76666666666665,3682.0,144.76666666666668,,0.0,144.76666666666665,,,75.99999999999999,0.0,45.0,4.547473508864641e-13,4.547473508864641e-13,,5.684341886080802e-14,5.5383756942148335e-14,5.8065245006271775e-27,0.9715132735350508,0.7808535683840722,0.0002671691718329195,0.8245219347581538,0.0005351644783440345,1.8154733865943957e-08,6.290417722800917e-09,6.290417722800917e-09,5.8241185010256836e-09,,1.761808214989251e-13,0.9999999937096067,2.0720023880910006e-13,,,,,,0.0,1.0,1.5959554476706153e-13,1.5959554476706153e-13,0.6000000078229653,0.22876199425598256,306,1.303491172593599,0.7418219952145698,139,0,0.18181818456999974,0.24480016517498254,269,0,0.36824158718964417,0.7195461140855782,124,91.52959448542677,0.9040570288412717,209.5,179.82210165617835,0.8422276758462124,66,db,0.646876945778354,0.7349580893483774,0.326698711150639,3,50.25,,5.822954805467889e-14,0.00022810626045038918,5.99602156911507e-27,0.9715132735350507,0.7808535683840723,0.000908682985854353,0.8784277879341857,0.0019220441117279048,0.992724910725107,0.9667891384887772,0.9667891384887772,0.9667891384882785,,1.7240014750901214e-13,0.999999999963378,2.0720023880910003e-13,,,,,1.0,,0.0,0.9999999999999999,1.0,1.5959554476706158e-13,1.5959554476706158e-13,1.0,2.467927697839225,0.6468372942252598,371,1.3259974545025117,0.718764693854632,865,349.31074990615446,0.8169230870512817,618.0,519.2799352750809,0.7465118579910497,193,0.5947627399969394,0.9115529220878905,0.31020020537577525,4,145.75,191,,,,,,,,,,3.6624076738664184e-19,0.04710947485633938,5.806524500627177e-27,0.979382490352358,0.2026352525998028,0.00015638197438858106,0.49776466893057336,1.0,0.0019124897268455756,0.0013519450689085239,0.0003110952106926472,0.0003110952106926472,0.0003110952106876223,,3.759966571357034e-19,0.011480097365344586,2.09733202030722e-18,,,,,0.30000000000000004,,0.0,1.0,1.0,1.5980271173324707e-18,1.5980271173324707e-18,1.0,0.5264256178929667,0.14007781933620056,64,1.3030290174183798,0.7187512522616845,129,45.96194077712559,0.82115976351313,96.5,85.55440414507773,0.7228366910950864,40,112.48780487804878,105.5,72.93041566078782,82,0.44461582955750506,0.6284236608665632,0.5002418210497774,3,30.75,35
db38,1.0,periodic,2.5740846881723705e-26,315.30070921235676,9335375.688725488,0.6142857142857143,263.619527464223,205,raw,1.1810606693183126e-13,-2.007038979456879e-10,6.649290628733722,69737.42536235334,0.8731816691172797,8.495265437916499e-06,1.0,388.99999999999994,,,,[],[],15,535.0000000000001,77.99999999999987,912.9999999999999,"[8, 24, 38, 50, 67, 78, 93, 103, 117, 133, 151, 166, 180, 190, 201]","[912.9999999999999, 578.0000000000007, 521.0000000000003, 269.0000000000001, 231.00000000000009, 891.0000000000001, 371.00000000000017, 457.9999999999996, 804.0000000000002, 503.9999999999997, 762.0000000000003, 77.99999999999987, 713.0000000000002, 551.9999999999999, 380.0000000000003]","[0, 13, 33, 47, 66, 66, 87, 96, 96, 127, 127, 157, 157, 182, 193]","[204, 66, 66, 53, 70, 204, 204, 106, 204, 142, 204, 170, 204, 204, 204]",49420436.0,933.9999999999998,-933.9999999999998,0.0,,,,DWT,mdp.39015067403777,0.0,,0.0,40.5,15.0,0.0,40.5,,2.2737367544323206e-13,144.76666666666677,3681.999999999999,144.76666666666677,,0.0,144.76666666666677,,,75.99999999999987,0.0,45.0,1.1368683772161603e-13,2.2737367544323206e-13,,5.684341886080802e-14,1.0132514145405412e-13,1.301004765904035e-26,0.9601040346926777,0.9386565444743782,0.0015473259705410455,0.7977824200546357,0.00029747919735394635,1.815426090320472e-08,6.290509243747824e-09,6.290509243747824e-09,5.824187141735896e-09,,1.761808214989251e-13,0.9999999937095578,5.1800059702275014e-14,,,,,,0.0,1.0,7.979777238353076e-14,7.979777238353076e-14,0.6000000078227647,0.22876199425590613,749,1.3653963157388924,0.7770524576585245,26,0,0.1818181845699465,0.24480016517491088,734,0,0.3854839720556698,0.7532378302293262,31,411.7013480667752,0.5684472242486633,385.0,54.48320925022654,0.5824416414744364,613,db,0.646876945778354,0.7349580893483774,0.326698711150639,3,460.5,,1.0417093256658456e-13,0.00022810626045038918,1.3199544727528244e-26,0.9601040346926776,0.9386565444743783,0.00218801832682381,0.8599024984765387,0.001684688648119724,0.9927249107251036,0.9667891384887803,0.9667891384887803,0.9667891384882807,,1.7240014750901214e-13,0.9999999999633777,5.180005970227501e-14,,,,,1.0,,0.0,0.9999999999999999,1.0,7.979777238353079e-14,7.979777238353079e-14,1.0,2.4679276978391167,0.6468372942252314,618,1.3911880089442374,0.7541016160684838,381,167.58430714121175,0.9121675539092182,499.5,471.38738738738743,0.8251875505395148,48,0.5947627399969394,0.9115529220878905,0.31020020537577525,4,37.0,48,,,,,,,,,,6.700411747158253e-19,0.0471094748563394,1.301004765904035e-26,0.971124957069469,0.25003185863039745,0.000388788932954826,0.4862395550269729,1.0,0.0016751319910847638,0.0013519450689085193,0.00031109521069264817,0.00031109521069264817,0.00031109521068762306,,3.759966571357034e-19,0.011480097365344583,5.24333005076805e-19,,,,,0.30000000000000004,,0.0,1.0,1.0,7.9901355866623535e-19,7.9901355866623535e-19,1.0,0.5264256178929667,0.14007781933620056,131,1.3171840152874825,0.7265591539340018,75,39.59797974644666,0.8459222577959273,103.0,95.3883495145631,0.7225720238395978,41,112.48780487804878,105.5,72.93041566078782,82,0.44461582955750506,0.6284236608665632,0.5002418210497774,3,31.5,36
rbio3.5,1.0,periodization,2.672416439272667e-27,325.1378961782358,7797025.243746579,0.6067961165048543,365.42186247957426,205,raw,2.992215247691767e-14,-2.0715784643243906e-10,6.469287726271677,78193.30371441311,0.6827120408428898,8.495265437916497e-06,1.0,388.99999999999994,,,,[],[],15,535.0,77.99999999999999,912.9999999999999,"[8, 24, 38, 50, 67, 78, 93, 103, 117, 133, 151, 166, 180, 190, 201]","[912.9999999999999, 578.0, 521.0, 269.00000000000006, 230.99999999999991, 890.9999999999998, 371.0000000000001, 458.0, 804.0, 504.0, 761.9999999999999, 77.99999999999999, 713.0, 552.0, 380.0]","[0, 13, 33, 47, 66, 66, 87, 96, 96, 127, 127, 157, 157, 182, 193]","[204, 66, 66, 53, 70, 204, 204, 106, 204, 142, 204, 170, 204, 204, 204]",49420436.0,933.9999999999999,-933.9999999999999,0.0,,,,DWT,mdp.39015067403777,0.0,,0.0,40.5,15.0,0.0,40.5,,1.1368683772161603e-13,144.76666666666665,3682.0,144.76666666666665,,0.0,144.76666666666665,,,75.99999999999999,0.0,45.0,1.1368683772161603e-13,1.1368683772161603e-13,,5.684341886080802e-14,6.058148581495835e-15,2.770334996506371e-28,0.9966442650937744,0.8723324475899149,0.00013182947581469936,0.7075365579302575,0.0008716013381498068,1.8154733865943957e-08,6.290417722800917e-09,6.290417722800917e-09,5.824095620788946e-09,,1.761808214989251e-13,0.9999999937096067,5.1800059702275014e-14,,,,,,0.0,1.0,3.989888619176538e-14,3.989888619176538e-14,0.6000000078228327,0.22876199425593205,616,1.3175819612964943,0.7498411189413001,106,0,0.18181818456996177,0.24480016517493142,608,0,0.36821667163255967,0.7194974289481464,125,286.77793383266663,0.6993941993368274,363.75,193.21733976049674,0.6590524455803635,424,rbio,0.7021383304475397,0.9188624283701327,0.2328444401756824,6,319.5,,8.90393969402653e-15,0.00022810626045038918,4.665305681385293e-28,0.9966442650937742,0.872332447589915,0.0007734301353231509,0.7973796465569767,0.002258014124264818,0.992724910725107,0.9667891384887772,0.9667891384887772,0.9667891384882776,,1.7240014750901214e-13,0.999999999963378,5.180005970227501e-14,,,,,1.0,,0.0,0.9999999999999999,1.0,3.9898886191765394e-14,3.9898886191765394e-14,1.0,2.4679276978390994,0.646837294225227,676,1.3544629940695179,0.7341946064557555,687,7.7781745930520225,0.995923388578065,681.5,681.4556126192223,0.8193715475385084,54,0.5534034145977783,0.9576026100001634,0.32533682678150616,3,41.25,54,,,,,,,,,,4.006122206095456e-20,0.04710947485633939,2.770334996506371e-28,0.9975712584284063,0.23011121348002372,0.00013181163491406006,0.44734229560231936,1.0,0.002248462955550915,0.0013519450689085239,0.0003110952106926472,0.0003110952106926472,0.00031109521068762203,,3.759966571357034e-19,0.011480097365344586,5.24333005076805e-19,,,,,0.30000000000000004,,0.0,1.0,1.0,3.9950677933311767e-19,3.9950677933311767e-19,1.0,0.5264256178929667,0.14007781933620056,137,1.3076334134945626,0.7212910387141933,107,21.213203435596427,0.9174583523906754,122.0,120.15573770491804,0.7213750905922249,42,138.2093023255814,141.0,56.34272595951746,43,0.5462818273738396,0.4854915715188868,0.4719552493826462,4,32.5,37
db29,1.0,periodic,1.844952482592717e-26,316.7470856722989,8715251.23830468,0.6259541984732825,266.07478948705585,205,raw,9.356634708216539e-14,-2.0513690746071412e-10,6.519172293213897,71447.52708861153,0.8697919558826075,8.495265437916495e-06,1.0,389.00000000000006,,,,[],[],15,535.0,77.99999999999991,912.9999999999998,"[8, 24, 38, 50, 67, 78, 93, 103, 117, 133, 151, 166, 180, 190, 201]","[912.9999999999998, 578.0, 520.9999999999999, 269.0000000000001, 230.99999999999972, 890.9999999999999, 370.9999999999999, 458.0000000000001, 803.9999999999998, 504.00000000000017, 762.0000000000001, 77.99999999999991, 713.0000000000003, 551.9999999999995, 380.0000000000001]","[0, 13, 33, 47, 66, 66, 87, 96, 96, 127, 127, 157, 157, 182, 193]","[204, 66, 66, 53, 70, 204, 204, 106, 204, 142, 204, 170, 204, 204, 204]",49420436.0,933.9999999999998,-933.9999999999998,0.0,,,,DWT,mdp.39015067403777,0.0,,0.0,40.5,15.0,0.0,40.5,,2.2737367544323206e-13,144.76666666666665,3682.0,144.7666666666666,,0.0,144.76666666666665,,,75.99999999999991,0.0,45.0,2.2737367544323206e-13,2.2737367544323206e-13,,5.684341886080802e-14,7.481435056363643e-14,8.985477924712842e-27,0.9654765999673163,0.8907129781572647,0.000976725176209823,0.9383817480830161,0.00041358863308381215,1.8154438264231933e-08,6.290417722800917e-09,6.290417722800917e-09,5.8240498603154715e-09,,1.761808214989251e-13,0.9999999937096067,1.0360011940455003e-13,,,,,,0.0,1.0,7.979777238353076e-14,7.979777238353076e-14,0.6000000078227723,0.228761994255909,741,1.4006489463335896,0.797114869521496,9,0,0.18181818456994267,0.24480016517490572,746,0,0.3994230914309952,0.7804749471906026,10,423.7802103292067,0.555785943051146,376.5,18.70897577496314,0.5805659275004158,620,db,0.646876945778354,0.7349580893483774,0.326698711150639,3,465.75,,7.766014167616695e-14,0.00022810626045038918,9.174974993200734e-27,0.9654765999673162,0.8907129781572648,0.001617783678607397,0.9573105209539892,0.0018006369678143536,0.9927249107251048,0.9667891384887772,0.9667891384887772,0.9667891384882761,,1.7240014750901214e-13,0.999999999963378,1.0360011940455002e-13,,,,,1.0,,0.0,0.9999999999999999,1.0,7.979777238353079e-14,7.979777238353079e-14,1.0,2.46792769783914,0.6468372942252375,587,1.4091642359452055,0.7638457352997381,246,241.1234123846127,0.8736250459200143,416.5,346.70348139255697,0.8276668206539275,44,0.5947627399969394,0.9115529220878905,0.31020020537577525,4,34.0,44,,,,,,,,,,4.947310669187803e-19,0.04710947485633938,8.985477924712842e-27,0.9750133967088476,0.23563186199704175,0.00028519881391641735,0.5468398796126531,1.0,0.0017910814207276356,0.001351945068908521,0.0003110952106926472,0.0003110952106926472,0.00031109521068762154,,3.759966571357034e-19,0.011480097365344586,1.04866601015361e-18,,,,,0.30000000000000004,,0.0,1.0,1.0,7.9901355866623535e-19,7.9901355866623535e-19,1.0,0.5264256178929667,0.14007781933620056,127,1.3365517953010417,0.7372424280224443,48,55.86143571373726,0.7826403279621118,87.5,69.66857142857143,0.7210867009460364,43,112.48780487804878,105.5,72.93041566078782,82,0.44461582955750506,0.6284236608665632,0.5002418210497774,3,33.0,38
bior1.5,1.0,antireflect,8.737284854556766e-27,319.9931725756959,8166890.158297392,0.6121495327102804,308.990797010874,205,raw,5.855911961300924e-14,-2.1711044073669112e-10,6.302654029876909,95737.61821156481,0.8669737476416572,8.495265437916494e-06,0.9999999999999998,389.00000000000006,,,,[],[],15,535.0,78.00000000000003,913.0,"[8, 24, 38, 50, 67, 78, 93, 103, 117, 133, 151, 166, 180, 190, 201]","[913.0, 578.0, 521.0, 269.0, 231.0000000000001, 891.0000000000001, 370.9999999999999, 458.00000000000006, 804.0000000000005, 504.0000000000001, 762.0000000000002, 78.00000000000003, 713.0000000000001, 552.0, 380.00000000000006]","[0, 13, 33, 47, 66, 66, 87, 96, 96, 127, 127, 157, 157, 182, 193]","[204, 66, 66, 53, 70, 204, 204, 106, 204, 142, 204, 170, 204, 204, 204]",49420436.0,934.0,-934.0,0.0,,,,DWT,mdp.39015067403777,0.0,,0.0,40.5,15.0,0.0,40.5,,0.0,144.76666666666665,3682.0,144.76666666666674,,0.0,144.76666666666665,,,76.00000000000003,0.0,45.0,0.0,0.0,,5.684341886080802e-14,3.699528446289931e-14,3.624641200976448e-27,0.9775341895773871,0.8109343852657077,0.00047215666964608473,0.772042513377416,0.0020627939001202624,1.815491122697117e-08,6.290417722800917e-09,6.290417722800917e-09,5.824164261499158e-09,,1.761808214989251e-13,0.9999999937096067,0.0,,,,,,0.0,1.0,0.0,0.0,0.6000000078228647,0.22876199425594423,522,1.3018659076251347,0.7408970504761566,142,0,0.18181818456997215,0.2448001651749454,506,0,0.366149434112902,0.7154580353111765,142,214.8736062588113,0.7747656118880385,328.0,222.51271950640722,0.7154750491306021,280,bior,0.7220500223186996,0.7474792470919258,0.27032121024933253,5,211.25,,3.984107557542992e-14,0.00022810626045038918,3.81413826946434e-27,0.977534189577387,0.8109343852657077,0.0011135389462132166,0.8420697432042233,0.0034475537609447377,0.9927249107251083,0.9667891384887772,0.9667891384887772,0.96678913848828,,1.7240014750901214e-13,0.999999999963378,0.0,,,,,1.0,,0.0,0.9999999999999999,1.0,0.0,0.0,1.0,2.467927697839058,0.6468372942252161,742,1.330819826516607,0.7213786888759608,831,62.932503525602726,0.9670165075861621,786.5,783.9821996185632,0.7774023837721167,123,0.7025000621287805,0.8057019689583358,0.26653936582235294,5,93.5,124,,,,,,,,,,2.446417888467243e-19,0.04710947485633937,3.624641200976448e-27,0.9837401793533478,0.2116701178611616,0.00019359657259947137,0.47514528650294574,0.9999999999999998,0.003438013979437069,0.0013519450689085256,0.0003110952106926472,0.0003110952106926472,0.0003110952106876228,,3.759966571357034e-19,0.011480097365344586,0.0,,,,,0.30000000000000004,,0.0,1.0,1.0,0.0,0.0,1.0,0.5264256178929667,0.14007781933620056,49,1.301742127478744,0.7180414033302548,132,58.68986283848344,0.7716347749475352,90.5,71.4696132596685,0.7097473485632617,48,189.53333333333333,208.0,53.22307054365841,15,0.7491436100131752,0.4586102592527561,0.3380163952149505,5,37.25,39
rbio3.1,1.0,periodization,1.4251581493220338e-26,317.86830691928395,8284678.717015855,0.6116504854368932,456.2971726258681,205,raw,8.81847253994877e-14,-1.893016854381827e-10,6.608859595851871,99120.87034887829,0.5385698266290395,8.495265437916499e-06,1.0,388.9999999999998,,,,[],[],15,534.9999999999999,77.99999999999994,912.9999999999998,"[8, 24, 38, 50, 67, 78, 93, 103, 117, 133, 151, 166, 180, 190, 201]","[912.9999999999998, 577.9999999999998, 521.0, 269.0, 231.0, 890.9999999999998, 371.0000000000001, 457.99999999999994, 804.0, 504.0000000000001, 761.9999999999997, 77.99999999999994, 712.9999999999999, 551.9999999999999, 380.0]","[0, 13, 33, 47, 66, 66, 87, 96, 96, 127, 127, 157, 157, 182, 193]","[204, 66, 66, 53, 70, 204, 204, 106, 204, 142, 204, 170, 204, 204, 204]",49420435.99999999,933.9999999999998,-933.9999999999998,0.0,,,,DWT,mdp.39015067403777,7.450580596923828e-09,,0.0,40.5,15.0,0.0,40.5,,2.2737367544323206e-13,144.76666666666654,3682.000000000001,144.7666666666666,,0.0,144.76666666666654,,,75.99999999999994,0.0,45.0,2.2737367544323206e-13,2.2737367544323206e-13,,2.2737367544323206e-13,6.900046809249045e-14,6.668351407197055e-27,0.9696413762227177,0.9237592750119581,0.0005805385357735646,0.7660292463442057,0.002292503917111394,1.8154556504916744e-08,6.2903262018540105e-09,6.2903262018540105e-09,5.8240498603154715e-09,,7.047232859957004e-13,0.9999999937096555,1.0360011940455003e-13,,,,,,5.895350581590817e-14,1.0,7.979777238353076e-14,7.979777238353076e-14,0.6000000078230711,0.22876199425602292,212,1.351283432612044,0.7690207599075088,39,0,0.18181818456999463,0.24480016517497566,305,0,0.38032899143311943,0.7431649693570633,48,129.85889778268307,0.8638795620726593,151.0,73.43487970413351,0.8527993198203967,62,rbio,0.7021383304475397,0.9188624283701327,0.2328444401756824,6,48.0,,7.184625920502098e-14,0.00022810626045038918,6.857848475684947e-27,0.9696413762227176,0.9237592750119582,0.0012218512652955598,0.8379037172455812,0.003676945027207653,0.9927249107251057,0.9667891384887742,0.9667891384887742,0.9667891384882761,,6.896005900360486e-13,0.9999999999633783,1.0360011940455002e-13,,,,,1.0,,5.895350581590817e-14,0.9999999999999999,1.0,7.979777238353079e-14,7.979777238353079e-14,1.0,2.4679276978394262,0.6468372942253126,247,1.3809760856595297,0.7485661831847503,467,155.56349186104046,0.9184677715612996,357.0,323.1064425770308,0.8656804266611529,14,0.5534034145977783,0.9576026100001634,0.32533682678150616,3,11.25,14,,,,,,,,,,4.562851236442492e-19,0.0471094748563394,6.668351407197055e-27,0.9780276888119316,0.2455574182292363,0.00021327283405106918,0.47255348226644633,1.0,0.003667407441613072,0.0013519450689085221,0.0003110952106926462,0.0003110952106926462,0.00031109521068762154,,1.5039866285428136e-18,0.01148009736534459,1.04866601015361e-18,,,,,0.30000000000000004,,1.4994307020563442e-21,1.0,1.0,7.9901355866623535e-19,7.9901355866623535e-19,1.0,0.5264256178929667,0.14007781933620056,141,1.3143231571589284,0.7249811036105216,82,41.71930009000631,0.8376680930349949,111.5,103.69506726457399,0.7019079764785869,51,138.2093023255814,141.0,56.34272595951746,43,0.5462818273738396,0.4854915715188868,0.4719552493826462,4,39.25,40
db34,1.0,periodic,1.8693032719011977e-26,316.690139863256,9100328.00640254,0.6066176470588235,273.9905538035751,205,raw,9.323707118022783e-14,-2.0461310423769582e-10,6.606641747471382,71173.39284299572,0.8726342713531474,8.495265437916499e-06,0.9999999999999998,389.0,,,,[],[],15,534.9999999999999,77.99999999999984,912.9999999999998,"[8, 24, 38, 50, 67, 78, 93, 103, 117, 133, 151, 166, 180, 190, 201]","[912.9999999999998, 578.0, 520.9999999999998, 268.9999999999999, 230.99999999999994, 891.0, 370.99999999999966, 457.99999999999994, 803.9999999999999, 504.0000000000001, 761.9999999999999, 77.99999999999984, 712.9999999999999, 552.0, 380.0]","[0, 13, 33, 47, 66, 66, 87, 96, 96, 127, 127, 157, 157, 182, 193]","[204, 66, 66, 53, 70, 204, 204, 106, 204, 142, 204, 170, 204, 204, 204]",49420436.0,933.9999999999998,-933.9999999999998,0.0,,,,DWT,mdp.39015067403777,0.0,,0.0,40.5,15.0,0.0,40.5,,2.2737367544323206e-13,144.76666666666654,3682.000000000001,144.76666666666662,,0.0,144.76666666666654,,,75.99999999999984,0.0,45.0,2.2737367544323206e-13,2.2737367544323206e-13,,0.0,7.445862667457014e-14,9.119886265076832e-27,0.9652650747630049,0.9229420837953133,0.0013310493922700601,0.7053860914444505,0.00039497595520392376,1.815414266251991e-08,6.2903262018540105e-09,6.2903262018540105e-09,5.824072740552209e-09,,0.0,0.9999999937096555,1.0360011940455003e-13,,,,,,0.0,1.0,7.979777238353076e-14,7.979777238353076e-14,0.6000000078225719,0.2287619942558326,849,1.3236080384114788,0.7532705833233718,91,0,0.18181818456988966,0.24480016517483433,836,0,0.37075989647861685,0.7244669044742333,102,430.75940693926424,0.5484702233341046,469.5,172.6596760514827,0.5281659292771151,788,db,0.646876945778354,0.7349580893483774,0.326698711150639,3,591.75,,7.730441778710066e-14,0.00022810626045038918,9.309383333564726e-27,0.9652650747630048,0.9229420837953133,0.001971880530043571,0.7958897910169546,0.0017820501173002282,0.9927249107251027,0.9667891384887742,0.9667891384887742,0.966789138488277,,0.0,0.9999999999633783,1.0360011940455002e-13,,,,,1.0,,0.0,0.9999999999999999,1.0,7.979777238353079e-14,7.979777238353079e-14,1.0,2.4679276978390514,0.6468372942252143,822,1.3607531953523417,0.7376042469373274,644,125.86500705120545,0.9340330151723242,733.0,722.1937244201911,0.7749305537077553,131,0.5947627399969394,0.9115529220878905,0.31020020537577525,4,99.25,131,,,,,,,,,,4.923787420260237e-19,0.0471094748563394,9.119886265076832e-27,0.9748603035499698,0.24531197235041577,0.00034952485076130226,0.44641541373966764,0.9999999999999998,0.0017724943922856015,0.001351945068908518,0.0003110952106926462,0.0003110952106926462,0.0003110952106876218,,0.0,0.01148009736534459,1.04866601015361e-18,,,,,0.30000000000000004,,0.0,1.0,1.0,7.9901355866623535e-19,7.9901355866623535e-19,1.0,0.5264256178929667,0.14007781933620056,55,1.3011549364402533,0.7177175085523256,139,59.39696961966999,0.7688833866938911,97.0,78.81443298969073,0.6957257400395526,52,112.48780487804878,105.5,72.93041566078782,82,0.44461582955750506,0.6284236608665632,0.5002418210497774,3,39.75,41
rbio2.2,1.0,periodic,3.186982664684981e-27,324.3731405128709,7738827.776118042,0.6238095238095238,340.84691154505543,205,raw,3.0995260558705834e-14,-2.090818629341144e-10,6.425183644698228,73546.56727324263,0.7675156650699015,8.495265437916494e-06,1.0,388.9999999999999,,,,[],[],15,535.0,78.00000000000003,913.0,"[8, 24, 38, 50, 67, 78, 93, 103, 117, 133, 151, 166, 180, 190, 201]","[913.0, 578.0000000000001, 521.0000000000001, 268.99999999999994, 231.00000000000003, 891.0000000000001, 371.0, 457.99999999999994, 804.0, 503.99999999999994, 762.0, 78.00000000000003, 713.0, 552.0, 379.99999999999994]","[0, 13, 33, 47, 66, 66, 87, 96, 96, 127, 127, 157, 157, 182, 193]","[204, 66, 66, 53, 70, 204, 204, 106, 204, 142, 204, 170, 204, 204, 204]",49420436.0,934.0,-934.0,0.0,,,,DWT,mdp.39015067403777,0.0,,0.0,40.5,15.0,0.0,40.5,,0.0,144.76666666666665,3682.0,144.76666666666668,,0.0,144.76666666666665,,,76.00000000000003,0.0,45.0,0.0,0.0,,1.1368683772161603e-13,7.217450486056531e-15,5.610571158417757e-28,0.9938035802201511,0.856081801965495,7.827970651536835e-05,0.9125395039905719,0.0005561055182898765,1.815491122697117e-08,6.290417722800917e-09,6.290417722800917e-09,5.8241185010256836e-09,,3.523616429978502e-13,0.9999999937096067,0.0,,,,,,0.0,1.0,0.0,0.0,0.600000007822939,0.2287619942559726,391,1.3896004327716431,0.7908271166413822,12,0,0.18181818456998403,0.2448001651749614,397,0,0.3947227530572902,0.7712904598069302,15,219.6988469094304,0.7697077076421065,203.75,25.79373173452199,0.7780666420810114,163,rbio,0.7021383304475397,0.9188624283701327,0.2328444401756824,6,123.75,,1.0063241598587226e-14,0.00022810626045038918,7.50554184329668e-28,0.993803580220151,0.856081801965495,0.0007199147281210562,0.9394068657322767,0.0019429560934209995,0.9927249107251083,0.9667891384887772,0.9667891384887772,0.9667891384882785,,3.448002950180243e-13,0.999999999963378,0.0,,,,,1.0,,0.0,0.9999999999999999,1.0,0.0,0.0,1.0,2.467927697839144,0.6468372942252385,532,1.4012913670873157,0.7595782005807352,291,170.41273426595797,0.9106851497557872,411.5,376.2138517618469,0.8475071451085016,28,0.5534034145977783,0.9576026100001634,0.32533682678150616,3,21.75,28,,,,,,,,,,4.77274340083058e-20,0.04710947485633937,5.610571158417757e-28,0.9955152886819386,0.22523028241340898,0.00012208990471089992,0.5357015021965934,1.0,0.0019334019087245578,0.0013519450689085256,0.0003110952106926472,0.0003110952106926472,0.0003110952106876223,,7.519933142714068e-19,0.011480097365344586,0.0,,,,,0.30000000000000004,,0.0,1.0,1.0,0.0,0.0,1.0,0.5264256178929667,0.14007781933620056,139,1.3391721634672522,0.7386878240003343,42,68.58935777509511,0.7331153393965171,90.5,64.50828729281768,0.6904876307877527,57,138.2093023255814,141.0,56.34272595951746,43,0.5462818273738396,0.4854915715188868,0.4719552493826462,4,43.75,42
db2,1.0,periodization,4.741440234329569e-27,322.6478347179554,7912853.9068442285,0.6116504854368932,264.03850077779106,205,raw,4.546789247452438e-14,-2.1506729730447355e-10,6.245589338791376,73238.14006975212,0.8598484033249152,8.495265437916494e-06,0.9999999999999998,389.0,,,,[],[],15,535.0,78.00000000000001,913.0,"[8, 24, 38, 50, 67, 78, 93, 103, 117, 133, 151, 166, 180, 190, 201]","[913.0, 578.0000000000001, 521.0, 269.00000000000006, 231.0, 890.9999999999999, 371.0, 458.00000000000017, 804.0000000000001, 504.0, 762.0000000000001, 78.00000000000001, 713.0000000000001, 552.0, 380.0000000000001]","[0, 13, 33, 47, 66, 66, 87, 96, 96, 127, 127, 157, 157, 182, 193]","[204, 66, 66, 53, 70, 204, 204, 106, 204, 142, 204, 170, 204, 204, 204]",49420436.0,934.0,-934.0,0.0,,,,DWT,mdp.39015067403777,0.0,,0.0,40.5,15.0,0.0,40.5,,0.0,144.76666666666665,3682.0,144.7666666666667,,0.0,144.76666666666665,,,76.00000000000001,0.0,45.0,0.0,0.0,,0.0,2.2852548225751166e-14,1.4190665193784663e-27,0.9873949319473034,0.7899082570840417,0.00023840796522112974,0.7660292463442057,0.0005351644783440355,1.8154852106628764e-08,6.290417722800917e-09,6.290417722800917e-09,5.824141381262421e-09,,0.0,0.9999999937096067,0.0,,,,,,0.0,1.0,0.0,0.0,0.600000007822752,0.22876199425590127,758,1.2941360560220403,0.7364979612767181,159,0,0.1818181845699487,0.24480016517491382,726,0,0.3634437154027341,0.7101710458688153,161,336.2727067921709,0.647512885962085,451.0,263.20707320590765,0.5873832773625938,605,db,0.646876945778354,0.7349580893483774,0.326698711150639,3,454.5,,2.5698339338281816e-14,0.00022810626045038918,1.6085635878663593e-27,0.9873949319473033,0.7899082570840418,0.0008799402348846913,0.8379037172455812,0.001922044111727906,0.9927249107251079,0.9667891384887772,0.9667891384887772,0.9667891384882792,,0.0,0.999999999963378,0.0,,,,,1.0,,0.0,0.9999999999999999,1.0,0.0,0.0,1.0,2.4679276978389715,0.6468372942251934,902,1.323829794248912,0.7175897009062903,876,18.384776310850235,0.9903643730026991,889.0,888.8098987626547,0.7622157294782888,150,0.5947627399969394,0.9115529220878905,0.31020020537577525,4,113.5,150,,,,,,,,,,1.5111894282798173e-19,0.04710947485633937,1.419066519378467e-27,0.990876975193853,0.20535485601714604,0.00015116050108149326,0.47255348226644633,0.9999999999999998,0.0019124897268455766,0.0013519450689085252,0.0003110952106926472,0.0003110952106926472,0.00031109521068762257,,0.0,0.011480097365344586,0.0,,,,,0.30000000000000004,,0.0,1.0,1.0,0.0,0.0,1.0,0.5264256178929667,0.14007781933620056,21,1.3011984246296442,0.7177414966524872,138,82.73149339882606,0.678087574323634,79.5,36.45283018867925,0.6843745264614278,59,112.48780487804878,105.5,72.93041566078782,82,0.44461582955750506,0.6284236608665632,0.5002418210497774,3,45.0,43
coif13,1.0,periodic,4.6094043147926265e-26,312.77048948440216,9701241.026300024,0.6099290780141844,271.78628134616986,205,raw,1.5377184620486265e-13,-2.298776724529733e-10,6.65738072238933,72010.4246338823,0.869471725154284,8.495265437916492e-06,1.0,389.00000000000006,,,,[],[],15,535.0000000000001,78.00000000000018,913.0000000000001,"[8, 24, 38, 50, 67, 78, 93, 103, 117, 133, 151, 166, 180, 190, 201]","[913.0000000000001, 578.0000000000006, 521.0, 269.0000000000001, 231.00000000000003, 890.9999999999997, 371.0, 458.0000000000003, 804.0000000000002, 504.0000000000001, 762.0000000000001, 78.00000000000018, 713.0, 552.0, 379.9999999999998]","[0, 13, 33, 47, 66, 66, 87, 96, 96, 127, 127, 157, 157, 182, 193]","[204, 66, 66, 53, 70, 204, 204, 106, 204, 142, 204, 170, 204, 204, 204]",49420436.000000015,934.0000000000001,-934.0000000000001,0.0,,,,DWT,mdp.39015067403777,1.4901161193847656e-08,,0.0,40.5,15.0,0.0,40.5,,1.1368683772161603e-13,144.76666666666677,3681.999999999999,144.76666666666674,,0.0,144.76666666666677,,,76.00000000000018,0.0,45.0,1.1368683772161603e-13,1.1368683772161603e-13,,5.684341886080802e-14,1.3985565533292397e-13,2.4244341942429813e-26,0.9507055336633136,0.9416374306049901,0.0018839729969510304,0.7452871582541536,0.0004518072462525868,1.815556155073762e-08,6.290509243747824e-09,6.290509243747824e-09,5.824164261499158e-09,,1.761808214989251e-13,0.9999999937095578,5.1800059702275014e-14,,,,,,1.1790701163181633e-13,1.0,3.989888619176538e-14,3.989888619176538e-14,0.6000000078231911,0.22876199425606866,156,1.3404796081991632,0.7628722605924239,56,0,0.18181818457006618,0.244800165175072,131,0,0.3771379861094002,0.7369297271666528,61,50.16638981097471,0.9474146857327309,101.0,82.82528703175295,0.9207723323841852,10,coif,0.4775221677620307,0.8895245153485821,0.39887712796200386,2,8.0,,1.427014464454543e-13,0.00022810626045033366,2.4433839010917704e-26,0.9507055336633135,0.9416374306049901,0.002524449331801637,0.8235334794127431,0.0018388025479855318,0.992724910725113,0.9667891384887803,0.9667891384887803,0.96678913848828,,1.7240014750901214e-13,0.9999999999633777,5.180005970227501e-14,,,,,1.0,,1.1790701163181633e-13,0.9999999999999999,1.0,3.9898886191765394e-14,3.9898886191765394e-14,1.0,2.4679276978391624,0.6468372942252434,508,1.3727216048288533,0.7440917934587037,532,16.97056274847714,0.9911055750794145,520.0,519.723076923077,0.8592844437241937,16,0.5217589607974704,1.0,0.33476872744177066,2,12.5,16,,,,,,,,,,9.248351025733956e-19,0.04710947485633936,2.4244341942429813e-26,0.964322712315769,0.25092717688772753,0.00044990575207985055,0.4636133451515079,1.0,0.0018292473662496766,0.001351945068908532,0.00031109521069264817,0.00031109521069264817,0.0003110952106876228,,3.759966571357034e-19,0.011480097365344583,5.24333005076805e-19,,,,,0.30000000000000004,,2.9988614041126884e-21,1.0,1.0,3.9950677933311767e-19,3.9950677933311767e-19,1.0,0.5264256178929667,0.14007781933620056,155,1.30459204817337,0.7196134205614345,120,24.748737341529164,0.9037014111224546,137.5,135.27272727272725,0.6843409779347682,60,102.04705882352941,99.0,59.896519074140535,85,0.40334805859102535,0.5161137427874729,0.5628222361500403,2,45.5,44
rbio2.6,1.0,periodic,5.0777090899107955e-27,322.3502593663645,7824550.689231744,0.6055045871559633,313.07365421495916,205,raw,4.455622862534677e-14,-2.1533153038433436e-10,6.4370662913299155,68793.7696565187,0.7950533755786203,8.495265437916495e-06,1.0,388.99999999999994,,,,[],[],15,535.0,78.00000000000001,913.0000000000001,"[8, 24, 38, 50, 67, 78, 93, 103, 117, 133, 151, 166, 180, 190, 201]","[913.0000000000001, 578.0000000000001, 521.0000000000001, 269.0, 231.00000000000006, 891.0000000000002, 370.99999999999994, 457.9999999999999, 804.0000000000002, 504.00000000000006, 762.0000000000001, 78.00000000000001, 713.0000000000001, 552.0000000000001, 380.0]","[0, 13, 33, 47, 66, 66, 87, 96, 96, 127, 127, 157, 157, 182, 193]","[204, 66, 66, 53, 70, 204, 204, 106, 204, 142, 204, 170, 204, 204, 204]",49420436.0,934.0000000000001,-934.0000000000001,0.0,,,,DWT,mdp.39015067403777,0.0,,0.0,40.5,15.0,0.0,40.5,,1.1368683772161603e-13,144.76666666666665,3682.0,144.76666666666674,,0.0,144.76666666666665,,,76.00000000000001,0.0,45.0,1.1368683772161603e-13,1.1368683772161603e-13,,5.684341886080802e-14,2.1867658022604448e-14,1.604675857220465e-27,0.986289588321475,0.8604600969577664,0.00015715671625409535,0.6919742830311346,0.00023340854597376874,1.8154852106628764e-08,6.290417722800917e-09,6.290417722800917e-09,5.824164261499158e-09,,1.761808214989251e-13,0.9999999937096067,5.1800059702275014e-14,,,,,,0.0,1.0,3.989888619176538e-14,3.989888619176538e-14,0.6000000078228888,0.22876199425595342,488,1.2989654564607451,0.739246392216992,146,0,0.18181818456997875,0.2448001651749543,455,0,0.3627306476532323,0.7087777075113811,168,182.29714753665237,0.808912843252985,314.25,234.62228987891757,0.7397551637648572,234,rbio,0.7021383304475397,0.9188624283701327,0.2328444401756824,6,177.0,,2.4713449135135098e-14,0.00022810626045038918,1.7941729257083572e-27,0.9862895883214748,0.8604600969577665,0.0007987411236458694,0.7865980130710184,0.001620706902600302,0.9927249107251079,0.9667891384887772,0.9667891384887772,0.96678913848828,,1.7240014750901214e-13,0.999999999963378,5.180005970227501e-14,,,,,1.0,,0.0,0.9999999999999999,1.0,3.9898886191765394e-14,3.9898886191765394e-14,1.0,2.4679276978391003,0.6468372942252272,636,1.3377590919011813,0.7251401583590157,786,106.06601717798213,0.9444098442463406,711.0,703.0886075949367,0.7858841674061892,110,0.5534034145977783,0.9576026100001634,0.32533682678150616,3,83.25,110,,,,,,,,,,1.4460607761790185e-19,0.04710947485633938,1.6046758572204643e-27,0.9900769733790596,0.22654531669207592,0.00013640968643816723,0.44063473217791904,1.0,0.0016111496330818995,0.0013519450689085252,0.0003110952106926472,0.0003110952106926472,0.0003110952106876228,,3.759966571357034e-19,0.011480097365344586,5.24333005076805e-19,,,,,0.30000000000000004,,0.0,1.0,1.0,3.9950677933311767e-19,3.9950677933311767e-19,1.0,0.5264256178929667,0.14007781933620056,122,1.298418242397995,0.7162079471813692,157,24.748737341529164,0.9037014111224546,139.5,137.30465949820788,0.6804499273511107,62,138.2093023255814,141.0,56.34272595951746,43,0.5462818273738396,0.4854915715188868,0.4719552493826462,4,47.5,45
db36,1.0,symmetric,2.90910968170756e-26,314.7693365676748,9861833.721957527,0.605072463768116,271.1520444040585,205,raw,1.2195339589131283e-13,-1.9634194270423827e-10,6.65914652110761,69909.3280914499,0.8694163656907953,8.495265437916494e-06,0.9999999999999998,388.99999999999983,,,,[],[],15,535.0,77.99999999999996,913.0,"[8, 24, 38, 50, 67, 78, 93, 103, 117, 133, 151, 166, 180, 190, 201]","[913.0, 578.0000000000002, 521.0, 269.0, 231.00000000000023, 890.9999999999998, 370.9999999999999, 458.0000000000003, 803.9999999999997, 504.0000000000001, 762.0, 77.99999999999996, 713.0000000000003, 552.0, 379.99999999999994]","[0, 13, 33, 47, 66, 66, 87, 96, 96, 127, 127, 157, 157, 182, 193]","[204, 66, 66, 53, 70, 204, 204, 106, 204, 142, 204, 170, 204, 204, 204]",49420436.0,934.0,-934.0,0.0,,,,DWT,mdp.39015067403777,0.0,,0.0,40.5,15.0,0.0,40.5,,0.0,144.76666666666665,3682.0,144.7666666666667,,0.0,144.76666666666665,,,75.99999999999996,0.0,45.0,0.0,0.0,,1.7053025658242404e-13,1.054814942631451e-13,1.485927532846291e-26,0.9581302510355341,0.9422880590319086,0.0020317406259225726,0.686767414942697,0.00030915074213362344,1.8154615625259147e-08,6.290417722800917e-09,6.290417722800917e-09,5.824141381262421e-09,,5.285424644967753e-13,0.9999999937096067,0.0,,,,,,0.0,1.0,0.0,0.0,0.6000000078229454,0.228761994255975,348,1.3218686767242,0.7522807056898397,95,0,0.18181818456997526,0.24480016517494957,476,0,0.3699323737683288,0.722849920485408,108,186.8035956113622,0.804189103132744,256.75,161.55102813673813,0.7675295620485523,185,db,0.646876945778354,0.7349580893483774,0.326698711150639,3,139.5,,1.0832728537567552e-13,0.00022810626045038918,1.5048772396950805e-26,0.958130251035534,0.9422880590319086,0.0026721221404648653,0.7829906649356613,0.0016963439972042954,0.9927249107251062,0.9667891384887772,0.9667891384887772,0.9667891384882792,,5.172004425270364e-13,0.999999999963378,0.0,,,,,1.0,,0.0,0.9999999999999999,1.0,0.0,0.0,1.0,2.46792769783923,0.6468372942252612,339,1.3613014766588212,0.737901446033796,634,208.59650045003153,0.8906726936844699,486.5,441.7800616649538,0.8178468290225285,56,0.5947627399969394,0.9115529220878905,0.31020020537577525,4,43.0,56,,,,,,,,,,6.975262339890913e-19,0.04710947485633937,1.485927532846291e-26,0.9696964144237007,0.25112259512372653,0.0004767323293073261,0.4383904974389703,0.9999999999999998,0.0016867874517434767,0.0013519450689085228,0.0003110952106926472,0.0003110952106926472,0.00031109521068762257,,1.1279899714071101e-18,0.011480097365344586,0.0,,,,,0.30000000000000004,,0.0,1.0,1.0,0.0,0.0,1.0,0.5264256178929667,0.14007781933620056,140,1.2977812687939245,0.7158565923232169,162,15.556349186104045,0.9394694584198287,151.0,150.19867549668876,0.6759604101437664,65,112.48780487804878,105.5,72.93041566078782,82,0.44461582955750506,0.6284236608665632,0.5002418210497774,3,49.5,46
db13,1.0,constant,7.791883160924092e-27,320.49051320774737,7939513.2783352705,0.6130434782608696,224.4823422497291,205,raw,5.78485768772491e-14,-2.104360019572496e-10,6.225829330226266,79753.84212671049,0.8894023081408301,8.495265437916494e-06,1.0,389.0,,,,[],[],15,535.0000000000001,78.00000000000003,913.0000000000001,"[8, 24, 38, 50, 67, 78, 93, 103, 117, 133, 151, 166, 180, 190, 201]","[913.0000000000001, 578.0000000000005, 521.0000000000002, 269.0, 231.00000000000026, 891.0000000000001, 370.99999999999994, 458.00000000000034, 804.0000000000002, 504.00000000000006, 762.0000000000001, 78.00000000000003, 713.0, 551.9999999999999, 380.00000000000006]","[0, 13, 33, 47, 66, 66, 87, 96, 96, 127, 127, 157, 157, 182, 193]","[204, 66, 66, 53, 70, 204, 204, 106, 204, 142, 204, 170, 204, 204, 204]",49420436.0,934.0000000000001,-934.0000000000001,0.0,,,,DWT,mdp.39015067403777,0.0,,0.0,40.5,15.0,0.0,40.5,,1.1368683772161603e-13,144.76666666666677,3681.999999999998,144.76666666666677,,0.0,144.76666666666677,,,76.00000000000003,0.0,45.0,1.1368683772161603e-13,1.1368683772161603e-13,,0.0,3.6227669754914015e-14,3.102810590031041e-27,0.9793815613256341,0.7826274593603131,0.00026293829705829105,0.7828141047586438,0.0009775559908493815,1.815491122697117e-08,6.290509243747824e-09,6.290509243747824e-09,5.824187141735896e-09,,0.0,0.9999999937095091,5.1800059702275014e-14,,,,,,0.0,1.0,3.989888619176538e-14,3.989888619176538e-14,0.6000000078228315,0.22876199425593158,621,1.2925907999238742,0.7356185499036604,162,0,0.18181818456997798,0.24480016517495323,458,0,0.363723374247505,0.7107175008104212,155,229.83327290306192,0.7590846195984676,349.0,243.63259392439994,0.6966282636776405,323,db,0.646876945778354,0.7349580893483774,0.326698711150639,3,243.0,,3.907346086744463e-14,0.00022810626045038918,3.292307658518933e-27,0.979381561325634,0.7826274593603132,0.0009044548259696728,0.8495323636170944,0.0023638217519319263,0.9927249107251083,0.9667891384887803,0.9667891384887803,0.9667891384882807,,0.0,0.9999999999633774,5.180005970227501e-14,,,,,1.0,,0.0,0.9999999999999999,1.0,3.9898886191765394e-14,3.9898886191765394e-14,1.0,2.467927697839016,0.646837294225205,837,1.3202217999142791,0.7156339664253862,900,44.54772721475249,0.976652134583463,868.5,867.3575129533679,0.7607317276690899,154,0.5947627399969394,0.9115529220878905,0.31020020537577525,4,116.5,154,,,,,,,,,,2.395657193413011e-19,0.04710947485633937,3.102810590031041e-27,0.9850772303089613,0.20316804617458306,0.00015561387727779091,0.47978799670050054,1.0,0.002354271596091609,0.0013519450689085256,0.00031109521069264817,0.00031109521069264817,0.00031109521068762306,,0.0,0.011480097365344579,5.24333005076805e-19,,,,,0.30000000000000004,,0.0,1.0,1.0,3.9950677933311767e-19,3.9950677933311767e-19,1.0,0.5264256178929667,0.14007781933620056,27,1.299697917986846,0.716913816674435,148,85.55992052357225,0.6670820213090574,87.5,45.66857142857143,0.6633075476195092,74,112.48780487804878,105.5,72.93041566078782,82,0.44461582955750506,0.6284236608665632,0.5002418210497774,3,56.25,47
db37,1.0,periodic,2.630827260679819e-26,315.2060141908235,9246180.589263156,0.60431654676259,263.4036155969353,205,raw,1.1110462143800008e-13,-2.0857926497086678e-10,6.633536508457539,69917.47226593492,0.8694372748458683,8.495265437916495e-06,0.9999999999999996,388.9999999999998,,,,[],[],15,535.0,77.99999999999993,913.0000000000002,"[8, 24, 38, 50, 67, 78, 93, 103, 117, 133, 151, 166, 180, 190, 201]","[913.0000000000002, 578.0000000000002, 520.9999999999998, 269.0, 231.00000000000006, 891.0000000000001, 370.99999999999943, 458.0000000000004, 803.9999999999995, 503.99999999999955, 762.0, 77.99999999999993, 713.0000000000005, 551.9999999999998, 379.9999999999997]","[0, 13, 33, 47, 66, 66, 87, 96, 96, 127, 127, 157, 157, 182, 193]","[204, 66, 66, 53, 70, 204, 204, 106, 204, 142, 204, 170, 204, 204, 204]",49420436.0,934.0000000000002,-934.0000000000002,0.0,,,,DWT,mdp.39015067403777,0.0,,0.0,40.5,15.0,0.0,40.5,,2.2737367544323206e-13,144.76666666666665,3682.0,144.76666666666665,,0.0,144.76666666666665,,,75.99999999999993,0.0,45.0,2.2737367544323206e-13,2.2737367544323206e-13,,2.2737367544323206e-13,9.376132823390676e-14,1.3323247978836695e-26,0.9597522900408109,0.9328517614112419,0.0014652540661529462,0.677658997661263,0.000309703700761418,1.8154497384574337e-08,6.290417722800917e-09,6.290417722800917e-09,5.824095620788946e-09,,7.047232859957004e-13,0.9999999937096067,1.0360011940455003e-13,,,,,,0.0,1.0,7.979777238353076e-14,7.979777238353076e-14,0.6000000078230681,0.22876199425602178,214,1.3141973623080219,0.7479149302355999,116,0,0.18181818457000026,0.24480016517498326,266,0,0.3674340009829034,0.7179680861358178,132,70.55966742174078,0.926038084463584,182.0,162.4118621253024,0.8676312015609324,49,db,0.646876945778354,0.7349580893483774,0.326698711150639,3,37.5,,9.660711934643721e-14,0.00022810626045038918,1.351274504732459e-26,0.9597522900408108,0.932851761411242,0.0021059990867664047,0.7766803010973304,0.0016968961885344006,0.9927249107251053,0.9667891384887772,0.9667891384887772,0.9667891384882776,,6.896005900360486e-13,0.999999999963378,1.0360011940455002e-13,,,,,1.0,,0.0,0.9999999999999999,1.0,7.979777238353079e-14,7.979777238353079e-14,1.0,2.467927697839399,0.6468372942253054,249,1.3547495650660006,0.7343499439444175,685,308.2985565973347,0.83841794727603,467.0,365.23554603854393,0.7968295187113903,87,0.5947627399969394,0.9115529220878905,0.31020020537577525,4,66.25,87,,,,,,,,,,6.200233191014146e-19,0.04710947485633938,1.3323247978836695e-26,0.9708703788973405,0.24828837430105824,0.0003738891318509093,0.434464639104816,0.9999999999999997,0.0016873396483595903,0.0013519450689085215,0.0003110952106926472,0.0003110952106926472,0.00031109521068762203,,1.5039866285428136e-18,0.011480097365344586,1.04866601015361e-18,,,,,0.30000000000000004,,0.0,1.0,1.0,7.9901355866623535e-19,7.9901355866623535e-19,1.0,0.5264256178929667,0.14007781933620056,171,1.295446993013031,0.714569005003047,174,2.1213203435596424,0.9917458352390676,172.5,172.48695652173913,0.6602698047790669,76,112.48780487804878,105.5,72.93041566078782,82,0.44461582955750506,0.6284236608665632,0.5002418210497774,3,57.75,48
db25,1.0,periodic,1.6962679791766607e-26,317.1119928857009,8635036.558927754,0.610236220472441,274.25817709302993,205,raw,9.282114372514867e-14,-2.1164381358573944e-10,6.521282566314026,70352.97471045243,0.8694251041927384,8.495265437916495e-06,1.0,389.0000000000001,,,,[],[],15,535.0,77.99999999999996,913.0,"[8, 24, 38, 50, 67, 78, 93, 103, 117, 133, 151, 166, 180, 190, 201]","[913.0, 577.9999999999999, 521.0000000000002, 269.0000000000001, 230.99999999999991, 890.9999999999998, 371.0000000000002, 457.9999999999998, 804.0, 503.9999999999998, 762.0, 77.99999999999996, 713.0000000000001, 552.0000000000002, 379.9999999999999]","[0, 13, 33, 47, 66, 66, 87, 96, 96, 127, 127, 157, 157, 182, 193]","[204, 66, 66, 53, 70, 204, 204, 106, 204, 142, 204, 170, 204, 204, 204]",49420436.0,934.0,-934.0,0.0,,,,DWT,mdp.39015067403777,0.0,,0.0,40.5,15.0,0.0,40.5,,0.0,144.76666666666665,3682.0,144.76666666666665,,0.0,144.76666666666665,,,75.99999999999996,0.0,45.0,0.0,0.0,,1.1368683772161603e-13,7.400929123574943e-14,8.164788414864542e-27,0.9668320477898472,0.8914905320501813,0.0009029165080651639,0.7489880694047099,0.00033927266868623654,1.8154615625259147e-08,6.290417722800917e-09,6.290417722800917e-09,5.824095620788946e-09,,3.523616429978502e-13,0.9999999937096067,0.0,,,,,,0.0,1.0,0.0,0.0,0.6000000078228435,0.22876199425593613,585,1.3260268897824121,0.7546471612303345,86,0,0.18181818456995508,0.24480016517492242,687,0,0.37265040548879486,0.7281609696185289,87,319.97538967864386,0.66459602759052,361.25,152.1655113175557,0.6429636322438974,461,db,0.646876945778354,0.7349580893483774,0.326698711150639,3,346.5,,7.685508234827995e-14,0.00022810626045038918,8.354285483352434e-27,0.966832047789847,0.8914905320501814,0.0015440223723965961,0.8260974919268547,0.001726424125901727,0.9927249107251062,0.9667891384887772,0.9667891384887772,0.9667891384882776,,3.448002950180243e-13,0.999999999963378,0.0,,,,,1.0,,0.0,0.9999999999999999,1.0,0.0,0.0,1.0,2.467927697839143,0.6468372942252383,550,1.3578145041844583,0.7360113121617402,666,82.02438661763951,0.9570102795505034,608.0,602.4671052631579,0.8191759993140357,55,0.5947627399969394,0.9115529220878905,0.31020020537577525,4,42.25,55,,,,,,,,,,4.894073842667512e-19,0.04710947485633938,8.164788414864542e-27,0.9759944135551424,0.23586540268456993,0.0002717991677975699,0.46520849087611055,1.0,0.0017168678683914889,0.0013519450689085228,0.0003110952106926472,0.0003110952106926472,0.00031109521068762203,,7.519933142714068e-19,0.011480097365344586,0.0,,,,,0.30000000000000004,,0.0,1.0,1.0,0.0,0.0,1.0,0.5264256178929667,0.14007781933620056,166,1.3045682350139718,0.7196002852145551,121,31.81980515339464,0.8761875285860131,143.5,139.97212543554005,0.6589108849155747,78,112.48780487804878,105.5,72.93041566078782,82,0.44461582955750506,0.6284236608665632,0.5002418210497774,3,59.25,49
db33,1.0,smooth,1.8677905830141617e-26,316.6936557100496,685853582.370729,0.5814814814814815,293.9972692522061,205,raw,9.68201129026278e-14,-2.072841898126415e-10,4.422113393023043,10123042.967329308,0.9993045059909261,8.495265437916497e-06,1.0,388.9999999999999,,,,[],[],15,534.9999999999999,78.00000000000006,912.9999999999998,"[8, 24, 38, 50, 67, 78, 93, 103, 117, 133, 151, 166, 180, 190, 201]","[912.9999999999998, 577.9999999999998, 520.9999999999998, 269.00000000000006, 230.99999999999986, 891.0, 371.0000000000002, 458.0000000000001, 804.0, 504.0, 762.0000000000001, 78.00000000000006, 712.9999999999999, 552.0000000000001, 380.0000000000001]","[0, 13, 33, 47, 66, 66, 87, 96, 96, 127, 127, 157, 157, 182, 193]","[204, 66, 66, 53, 70, 204, 204, 106, 204, 142, 204, 170, 204, 204, 204]",49420436.0,933.9999999999998,-933.9999999999998,0.0,,,,DWT,mdp.39015067403777,0.0,,0.0,40.5,15.0,0.0,40.5,,2.2737367544323206e-13,144.76666666666654,3682.000000000001,144.76666666666668,,0.0,144.76666666666654,,,76.00000000000006,0.0,45.0,2.2737367544323206e-13,2.2737367544323206e-13,,1.1368683772161603e-13,7.83294642569104e-14,9.111536720418633e-27,0.9652781343757113,0.11802800604681885,0.6240382241287032,0.4025080198308539,0.6828788810954786,1.8155029467655978e-08,6.2903262018540105e-09,6.2903262018540105e-09,5.8241185010256836e-09,,3.523616429978502e-13,0.9999999937096555,1.0360011940455003e-13,,,,,,0.0,1.0,7.979777238353076e-14,7.979777238353076e-14,0.6000000078230279,0.22876199425600646,246,1.3843547560837446,0.7878417812369815,17,0,0.18181818457000648,0.24480016517499162,243,0,0.39896160935394925,0.7795732086395802,11,133.10741276628184,0.8604744100982371,129.25,25.33042152652322,0.862496114902368,53,db,0.646876945778354,0.7349580893483774,0.326698711150639,3,40.5,,8.117525536944091e-14,0.00022810626045038918,9.301033788906526e-27,0.9652781343757112,0.11802800604681896,0.6242794732557979,0.5860541223734398,0.6833189254126906,0.9927249107251092,0.9667891384887742,0.9667891384887742,0.9667891384882785,,3.448002950180243e-13,0.9999999999633783,1.0360011940455002e-13,,,,,1.0,,0.0,0.9999999999999999,1.0,7.979777238353079e-14,7.979777238353079e-14,1.0,2.4679276978392264,0.6468372942252602,364,1.4581382712693465,0.7903923982567863,40,229.1025971044414,0.8799252635720957,202.0,72.07920792079207,0.8870276213038675,8,0.5947627399969394,0.9115529220878905,0.31020020537577525,4,7.0,8,,,,,,,,,,5.179757510564183e-19,0.04710947485633939,9.111536720418633e-27,0.9748697555553204,0.0035535697098179886,0.11339933304919432,0.3158706258871684,1.0,0.6833158938931047,0.001351945068908527,0.0003110952106926462,0.0003110952106926462,0.0003110952106876223,,7.519933142714068e-19,0.01148009736534459,1.04866601015361e-18,,,,,0.30000000000000004,,0.0,1.0,1.0,7.9901355866623535e-19,7.9901355866623535e-19,1.0,0.5264256178929667,0.14007781933620056,147,1.4572057550817097,0.8037951935583185,10,96.87362902255701,0.6230598092507509,78.5,18.726114649681527,0.6588061692168151,79,112.48780487804878,105.5,72.93041566078782,82,0.44461582955750506,0.6284236608665632,0.5002418210497774,3,60.0,50
coif10,1.0,antireflect,2.876504809861633e-26,314.8182864790551,9545883.46617168,0.6098484848484849,293.44156648854795,205,raw,1.144255422121471e-13,-2.1529533711373145e-10,6.629306778556814,190306.14050246365,0.9510845702907729,8.495265437916494e-06,1.0,388.99999999999983,,,,[],[],15,535.0,78.00000000000006,913.0000000000005,"[8, 24, 38, 50, 67, 78, 93, 103, 117, 133, 151, 166, 180, 190, 201]","[913.0000000000005, 578.0, 520.9999999999998, 268.99999999999994, 231.00000000000003, 891.0, 370.99999999999966, 458.00000000000006, 804.0000000000002, 504.0, 762.0000000000001, 78.00000000000006, 713.0000000000002, 552.0, 380.0]","[0, 13, 33, 47, 66, 66, 87, 96, 96, 127, 127, 157, 157, 182, 193]","[204, 66, 66, 53, 70, 204, 204, 106, 204, 142, 204, 170, 204, 204, 204]",49420436.00000001,934.0000000000005,-934.0000000000005,0.0,,,,DWT,mdp.39015067403777,7.450580596923828e-09,,0.0,40.5,15.0,0.0,40.5,,4.547473508864641e-13,144.76666666666665,3682.0,144.7666666666667,,0.0,144.76666666666665,,,76.00000000000006,0.0,45.0,4.547473508864641e-13,4.547473508864641e-13,,1.7053025658242404e-13,9.734899087824025e-14,1.467930716985109e-26,0.9583120754784518,0.931293269787531,0.0017410224212166933,0.744316051402665,0.008483638691049223,1.8155029467655978e-08,6.290417722800917e-09,6.290417722800917e-09,5.824141381262421e-09,,5.285424644967753e-13,0.9999999937096067,2.0720023880910006e-13,,,,,,5.895350581590817e-14,1.0,1.5959554476706153e-13,1.5959554476706153e-13,0.6000000078232666,0.22876199425609747,138,1.3426242674289597,0.7640927946645782,50,0,0.18181818457006607,0.24480016517507186,132,0,0.3777351511115731,0.7380965909097208,58,46.94322812362467,0.9507932619249218,94.5,76.82923636744417,0.9258683290756684,7,coif,0.4775221677620307,0.8895245153485821,0.39887712796200386,2,5.75,,1.001947819907707e-13,0.00022810626045038918,1.4868804238338982e-26,0.9583120754784515,0.931293269787531,0.0023815904853435902,0.8228606910051149,0.009859488844845325,0.9927249107251092,0.9667891384887772,0.9667891384887772,0.9667891384882792,,5.172004425270364e-13,0.999999999963378,2.0720023880910003e-13,,,,,1.0,,5.895350581590817e-14,0.9999999999999999,1.0,1.5959554476706158e-13,1.5959554476706158e-13,1.0,2.467927697839428,0.646837294225313,246,1.3749811792416575,0.7453166090158877,521,194.45436482630058,0.8980847144516244,383.5,334.20078226857885,0.8485444536618709,26,0.5217589607974704,1.0,0.33476872744177066,2,20.0,26,,,,,,,,,,6.437477537106013e-19,0.04710947485633937,1.467930716985109e-26,0.9698280114048646,0.2478202765799561,0.0004239536901408461,0.46319478418658133,1.0,0.009850010443408493,0.001351945068908527,0.0003110952106926472,0.0003110952106926472,0.00031109521068762257,,1.1279899714071101e-18,0.011480097365344586,2.09733202030722e-18,,,,,0.30000000000000004,,1.4994307020563442e-21,1.0,1.0,1.5980271173324707e-18,1.5980271173324707e-18,1.0,0.5264256178929667,0.14007781933620056,165,1.309369682286865,0.7222487651746544,101,45.254833995939045,0.8239111517667741,133.0,125.30075187969925,0.6532007120701575,86,102.04705882352941,99.0,59.896519074140535,85,0.40334805859102535,0.5161137427874729,0.5628222361500403,2,65.0,51
coif5,1.0,antireflect,1.1545879803772053e-26,318.78266720415735,8626183.70331873,0.6153846153846154,279.5785725028754,205,raw,7.182113982131209e-14,-2.0990509330687383e-10,6.43351283727455,142291.0925806263,0.9353440658927408,8.495265437916497e-06,0.9999999999999998,388.99999999999994,,,,[],[],15,535.0,78.00000000000006,912.9999999999999,"[8, 24, 38, 50, 67, 78, 93, 103, 117, 133, 151, 166, 180, 190, 201]","[912.9999999999999, 578.0000000000002, 521.0000000000001, 269.0, 230.99999999999991, 891.0000000000002, 370.9999999999999, 458.00000000000017, 804.0000000000002, 504.0, 761.9999999999997, 78.00000000000006, 712.9999999999998, 551.9999999999999, 379.9999999999999]","[0, 13, 33, 47, 66, 66, 87, 96, 96, 127, 127, 157, 157, 182, 193]","[204, 66, 66, 53, 70, 204, 204, 106, 204, 142, 204, 170, 204, 204, 204]",49420436.0,933.9999999999999,-933.9999999999999,0.0,,,,DWT,mdp.39015067403777,0.0,,0.0,40.5,15.0,0.0,40.5,,1.1368683772161603e-13,144.76666666666665,3682.0,144.76666666666668,,0.0,144.76666666666665,,,76.00000000000006,0.0,45.0,1.1368683772161603e-13,1.1368683772161603e-13,,5.684341886080802e-14,5.132253215279491e-14,5.174893150087771e-27,0.9730377674466291,0.859150786786547,0.0008947706488925723,0.8110236220472438,0.005223598638960942,1.8155029467655978e-08,6.290417722800917e-09,6.290417722800917e-09,5.8241185010256836e-09,,1.761808214989251e-13,0.9999999937096067,5.1800059702275014e-14,,,,,,0.0,1.0,3.989888619176538e-14,3.989888619176538e-14,0.6000000078229283,0.2287619942559685,403,1.3403443274601945,0.7627952717874317,57,0,0.18181818456999074,0.24480016517497044,327,0,0.3784757922240464,0.7395438077721057,53,181.65535132956217,0.8095855856084254,210.0,95.34870488658328,0.7947298997224517,150,coif,0.4775221677620307,0.8895245153485821,0.39887712796200386,2,113.0,,5.416832326532548e-14,0.00022810626045038918,5.364390218575663e-27,0.973037767446629,0.859150786786547,0.0015358817403017047,0.8690760793137393,0.0066039724968350345,0.9927249107251092,0.9667891384887772,0.9667891384887772,0.9667891384882785,,1.7240014750901214e-13,0.999999999963378,5.180005970227501e-14,,,,,1.0,,0.0,0.9999999999999999,1.0,3.9898886191765394e-14,3.9898886191765394e-14,1.0,2.4679276978391003,0.6468372942252272,633,1.364506447333783,0.7396387191772549,612,14.849242404917497,0.9922173781944876,622.5,622.3228915662651,0.8329797582796338,39,0.5217589607974704,1.0,0.33476872744177066,2,29.75,39,,,,,,,,,,3.393847690668436e-19,0.04710947485633939,5.174893150087771e-27,0.980485855737932,0.22615206138159544,0.00027032032211466497,0.4919467027773137,0.9999999999999998,0.0065944629310427565,0.001351945068908527,0.0003110952106926472,0.0003110952106926472,0.0003110952106876223,,3.759966571357034e-19,0.011480097365344586,5.24333005076805e-19,,,,,0.30000000000000004,,0.0,1.0,1.0,3.9950677933311767e-19,3.9950677933311767e-19,1.0,0.5264256178929667,0.14007781933620056,167,1.3150520130348586,0.725383140761299,80,61.518289963229634,0.7606292219329587,123.5,108.17813765182184,0.6400422374256233,97,102.04705882352941,99.0,59.896519074140535,85,0.40334805859102535,0.5161137427874729,0.5628222361500403,2,73.25,52
coif1,1.0,periodic,3.642613331132731e-27,323.79280679782084,7911744.0565798655,0.6190476190476191,286.55299995189824,205,raw,3.589107331119919e-14,-2.1222601453985285e-10,6.2686493900765665,73128.94977976166,0.8554201474494316,8.495265437916495e-06,1.0,389.00000000000006,,,,[],[],15,535.0,78.00000000000001,913.0,"[8, 24, 38, 50, 67, 78, 93, 103, 117, 133, 151, 166, 180, 190, 201]","[913.0, 578.0, 521.0, 269.00000000000006, 230.99999999999997, 891.0, 371.0000000000001, 458.0, 804.0, 504.0, 762.0000000000001, 78.00000000000001, 713.0000000000001, 551.9999999999999, 380.0]","[0, 13, 33, 47, 66, 66, 87, 96, 96, 127, 127, 157, 157, 182, 193]","[204, 66, 66, 53, 70, 204, 204, 106, 204, 142, 204, 170, 204, 204, 204]",49420436.0,934.0,-934.0,0.0,,,,DWT,mdp.39015067403777,0.0,,0.0,40.5,15.0,0.0,40.5,,0.0,144.76666666666665,3682.0,144.76666666666668,,0.0,144.76666666666665,,,76.00000000000001,0.0,45.0,0.0,0.0,,5.684341886080802e-14,1.2506503047174444e-14,8.125502437251214e-28,0.9916479306700301,0.7984049927181915,0.0002373867485250222,0.8551609620226038,0.000527750870858993,1.8154852106628764e-08,6.290417722800917e-09,6.290417722800917e-09,5.8241185010256836e-09,,1.761808214989251e-13,0.9999999937096067,0.0,,,,,,0.0,1.0,0.0,0.0,0.6000000078228332,0.22876199425593224,610,1.3365854332927651,0.7606560702111489,65,0,0.18181818456996263,0.24480016517493258,597,0,0.37799700329003183,0.7386082515260917,55,313.86130163922195,0.671004924906476,331.75,108.45745924356599,0.6616292968347893,418,coif,0.4775221677620307,0.8895245153485821,0.39887712796200386,2,314.0,,1.5352294159705126e-14,0.00022810626045038918,1.0020473122130122e-27,0.9916479306700299,0.7984049927181917,0.0008789196734882773,0.8996546821044077,0.0019146407915294848,0.9927249107251079,0.9667891384887772,0.9667891384887772,0.9667891384882785,,1.7240014750901214e-13,0.999999999963378,0.0,,,,,1.0,,0.0,0.9999999999999999,1.0,0.0,0.0,1.0,2.4679276978390576,0.646837294225216,758,1.3553268756343724,0.7346628785224786,682,53.74011537017761,0.9718343210848126,720.0,717.9944444444444,0.7972379152593874,86,0.5217589607974704,1.0,0.33476872744177066,2,65.0,86,,,,,,,,,,8.27027909664027e-20,0.04710947485633938,8.1255024372512e-28,0.9939551190551743,0.2079068765263629,0.0001509751035843906,0.5109705286117832,1.0,0.0019050863357767686,0.0013519450689085252,0.0003110952106926472,0.0003110952106926472,0.0003110952106876223,,3.759966571357034e-19,0.011480097365344586,0.0,,,,,0.30000000000000004,,0.0,1.0,1.0,0.0,0.0,1.0,0.5264256178929667,0.14007781933620056,170,1.3196850856840041,0.727938745221275,73,68.58935777509511,0.7331153393965171,121.5,102.13991769547326,0.6301763467410602,105,102.04705882352941,99.0,59.896519074140535,85,0.40334805859102535,0.5161137427874729,0.5628222361500403,2,79.25,53
rbio2.4,1.0,periodic,5.248749526570618e-27,322.20637903986903,7774603.928024218,0.6074766355140186,312.7460428044007,205,raw,4.531876229299175e-14,-2.1563950625136535e-10,6.420186262343424,70586.14805927289,0.7886507972053052,8.495265437916495e-06,1.0,388.99999999999994,,,,[],[],15,535.0,78.00000000000003,913.0000000000001,"[8, 24, 38, 50, 67, 78, 93, 103, 117, 133, 151, 166, 180, 190, 201]","[913.0000000000001, 578.0000000000001, 521.0000000000001, 269.0, 231.00000000000006, 891.0000000000002, 370.99999999999994, 457.9999999999999, 804.0000000000001, 504.00000000000006, 762.0000000000001, 78.00000000000003, 713.0000000000001, 552.0000000000001, 380.00000000000006]","[0, 13, 33, 47, 66, 66, 87, 96, 96, 127, 127, 157, 157, 182, 193]","[204, 66, 66, 53, 70, 204, 204, 106, 204, 142, 204, 170, 204, 204, 204]",49420436.0,934.0000000000001,-934.0000000000001,0.0,,,,DWT,mdp.39015067403777,0.0,,0.0,40.5,15.0,0.0,40.5,,1.1368683772161603e-13,144.76666666666665,3682.0,144.76666666666674,,0.0,144.76666666666665,,,76.00000000000003,0.0,45.0,1.1368683772161603e-13,1.1368683772161603e-13,,5.684341886080802e-14,2.2691439660442285e-14,1.69908454736741e-27,0.9857551448572441,0.8542404601485838,0.00011119874507597695,0.715736467520998,0.0003551042566807272,1.815491122697117e-08,6.290417722800917e-09,6.290417722800917e-09,5.824164261499158e-09,,1.761808214989251e-13,0.9999999937096067,5.1800059702275014e-14,,,,,,0.0,1.0,3.989888619176538e-14,3.989888619176538e-14,0.6000000078229065,0.2287619942559602,435,1.3050655450722546,0.7427179768352228,133,0,0.18181818456998414,0.24480016517496153,388,0,0.36517119650408647,0.7135465535704868,147,158.02399606810775,0.8343563982514594,275.75,208.3584205199673,0.7726551383290841,175,rbio,0.7021383304475397,0.9188624283701327,0.2328444401756824,6,132.75,,2.553723077297293e-14,0.00022810626045038918,1.8885816158553022e-27,0.985755144857244,0.8542404601485839,0.0007528126430200926,0.8030605910460336,0.0017422337456326298,0.9927249107251083,0.9667891384887772,0.9667891384887772,0.96678913848828,,1.7240014750901214e-13,0.999999999963378,5.180005970227501e-14,,,,,1.0,,0.0,0.9999999999999999,1.0,3.9898886191765394e-14,3.9898886191765394e-14,1.0,2.4679276978391003,0.6468372942252272,642,1.3409392851049577,0.726864000728961,770,90.50966799187809,0.9525630670902107,706.0,700.1983002832861,0.7912710513648118,98,0.5534034145977783,0.9576026100001634,0.32533682678150616,3,74.25,98,,,,,,,,,,1.5005356684323368e-19,0.04710947485633938,1.69908454736741e-27,0.9896901653934719,0.22467722977253957,0.00012806621451803965,0.45087657410663623,1.0,0.0017326776394644696,0.0013519450689085256,0.0003110952106926472,0.0003110952106926472,0.0003110952106876228,,3.759966571357034e-19,0.011480097365344586,5.24333005076805e-19,,,,,0.30000000000000004,,0.0,1.0,1.0,3.9950677933311767e-19,3.9950677933311767e-19,1.0,0.5264256178929667,0.14007781933620056,181,1.3013932903849539,0.7178489846698525,135,32.526911934581186,0.8734361403323689,158.0,154.65189873417722,0.629325074057235,106,138.2093023255814,141.0,56.34272595951746,43,0.5462818273738396,0.4854915715188868,0.4719552493826462,4,80.5,54
db30,1.0,periodic,1.7467073606462945e-26,316.9847360208643,8815018.334202174,0.6060606060606061,258.9894484157896,205,raw,9.133940216642952e-14,-2.0853652138441879e-10,6.536559137138854,71305.04628532617,0.8742059887433743,8.495265437916497e-06,1.0,388.9999999999999,,,,[],[],15,535.0,78.00000000000001,912.9999999999997,"[8, 24, 38, 50, 67, 78, 93, 103, 117, 133, 151, 166, 180, 190, 201]","[912.9999999999997, 578.0000000000003, 520.9999999999997, 269.0, 230.99999999999983, 891.0000000000002, 371.00000000000006, 458.0, 804.0000000000002, 504.00000000000034, 762.0, 78.00000000000001, 712.9999999999999, 551.9999999999998, 379.9999999999999]","[0, 13, 33, 47, 66, 66, 87, 96, 96, 127, 127, 157, 157, 182, 193]","[204, 66, 66, 53, 70, 204, 204, 106, 204, 142, 204, 170, 204, 204, 204]",49420436.0,933.9999999999997,-933.9999999999997,0.0,,,,DWT,mdp.39015067403777,0.0,,0.0,40.5,15.0,0.0,40.5,,3.410605131648481e-13,144.76666666666665,3682.0,144.76666666666668,,0.0,144.76666666666665,,,76.00000000000001,0.0,45.0,3.410605131648481e-13,3.410605131648481e-13,,1.1368683772161603e-13,7.240853373495099e-14,8.443197195230386e-27,0.9663593521729621,0.8971193566390618,0.0010685247885756943,0.6986740293826903,0.0004039147257262661,1.8154852106628764e-08,6.290417722800917e-09,6.290417722800917e-09,5.8241185010256836e-09,,3.523616429978502e-13,0.9999999937096067,1.5540017910682504e-13,,,,,,0.0,1.0,1.1969665857529616e-13,1.1969665857529616e-13,0.600000007823047,0.22876199425601373,228,1.3085407296609843,0.7446957181652396,130,0,0.18181818457001456,0.2448001651750025,218,0,0.36623216824415555,0.715619698264837,141,50.881398041589485,0.9466652012142668,179.25,168.3669827309484,0.8793860597266303,39,db,0.646876945778354,0.7349580893483774,0.326698711150639,3,30.0,,7.525432484748151e-14,0.00022810626045038918,8.632694263718278e-27,0.966359352172962,0.8971193566390618,0.0017095243845158248,0.7912396358465827,0.0017909764841857999,0.9927249107251079,0.9667891384887772,0.9667891384887772,0.9667891384882785,,3.448002950180243e-13,0.999999999963378,1.5540017910682502e-13,,,,,1.0,,0.0,0.9999999999999999,1.0,1.1969665857529618e-13,1.1969665857529618e-13,1.0,2.4679276978392695,0.6468372942252715,318,1.346510728626031,0.7298840343520685,745,301.9345955666558,0.8417533566212496,531.5,445.73847601128875,0.7815947076607297,114,0.5947627399969394,0.9115529220878905,0.31020020537577525,4,86.5,114,,,,,,,,,,4.788219222493455e-19,0.04710947485633939,8.443197195230384e-27,0.9756522960972619,0.237556037348531,0.0003018646385474646,0.44352241883502774,1.0,0.001781420844621357,0.0013519450689085252,0.0003110952106926472,0.0003110952106926472,0.0003110952106876223,,7.519933142714068e-19,0.011480097365344586,1.5729990152304151e-18,,,,,0.30000000000000004,,0.0,1.0,1.0,1.198520337999353e-18,1.198520337999353e-18,1.0,0.5264256178929667,0.14007781933620056,39,1.296574706980658,0.7151910524138028,170,92.63098833543772,0.6395681387726159,104.5,63.44497607655502,0.616476676390199,111,112.48780487804878,105.5,72.93041566078782,82,0.44461582955750506,0.6284236608665632,0.5002418210497774,3,84.0,55
db24,1.0,antireflect,1.5126565629793946e-26,317.6095341646188,9494343.73598127,0.5992063492063492,300.22589647294456,205,raw,8.075058237254117e-14,-2.0521617738467202e-10,6.599078266331267,190040.10098939046,0.9540791111775714,8.495265437916495e-06,1.0,388.99999999999994,,,,[],[],15,535.0,78.00000000000004,913.0000000000001,"[8, 24, 38, 50, 67, 78, 93, 103, 117, 133, 151, 166, 180, 190, 201]","[913.0000000000001, 577.9999999999999, 520.9999999999999, 268.9999999999999, 231.00000000000003, 891.0, 371.00000000000006, 458.0, 804.0, 503.9999999999998, 762.0000000000002, 78.00000000000004, 712.9999999999998, 552.0, 379.9999999999997]","[0, 13, 33, 47, 66, 66, 87, 96, 96, 127, 127, 157, 157, 182, 193]","[204, 66, 66, 53, 70, 204, 204, 106, 204, 142, 204, 170, 204, 204, 204]",49420436.0,934.0000000000001,-934.0000000000001,0.0,,,,DWT,mdp.39015067403777,0.0,,0.0,40.5,15.0,0.0,40.5,,1.1368683772161603e-13,144.76666666666665,3682.0,144.76666666666662,,0.0,144.76666666666665,,,76.00000000000004,0.0,45.0,1.1368683772161603e-13,1.1368683772161603e-13,,5.684341886080802e-14,6.096920235497553e-14,7.151313844889863e-27,0.9686801648408677,0.9201552339775633,0.0016935986968879587,0.6160837038227355,0.008465575614876342,1.8154970347313575e-08,6.290417722800917e-09,6.290417722800917e-09,5.824072740552209e-09,,1.761808214989251e-13,0.9999999937096067,5.1800059702275014e-14,,,,,,0.0,1.0,3.989888619176538e-14,3.989888619176538e-14,0.6000000078228969,0.2287619942559565,460,1.2919522270168096,0.7352551355300394,163,0,0.1818181845699812,0.2448001651749576,429,0,0.35929689670757026,0.7020681390225391,181,158.00712009273505,0.8343740879531079,308.25,247.452069890314,0.755630440202969,203,db,0.646876945778354,0.7349580893483774,0.326698711150639,3,153.0,,6.381499346750607e-14,0.00022810626045038918,7.340810913377755e-27,0.9686801648408675,0.9201552339775633,0.0023341971921193782,0.7340205836549525,0.009841450833398657,0.9927249107251087,0.9667891384887772,0.9667891384887772,0.966789138488277,,1.7240014750901214e-13,0.999999999963378,5.180005970227501e-14,,,,,1.0,,0.0,0.9999999999999999,1.0,3.9898886191765394e-14,3.9898886191765394e-14,1.0,2.4679276978390994,0.646837294225227,686,1.3400660601628567,0.726390664029826,775,62.932503525602726,0.9670165075861621,730.5,727.7891854893909,0.7920774361830182,97,0.5947627399969394,0.9115529220878905,0.31020020537577525,4,73.75,97,,,,,,,,,,4.0317610596121347e-19,0.04710947485633938,7.151313844889863e-27,0.9773320039299532,0.2444749334925254,0.0004153441170430445,0.40792480534173997,1.0,0.009831972259287834,0.0013519450689085263,0.0003110952106926472,0.0003110952106926472,0.0003110952106876218,,3.759966571357034e-19,0.011480097365344586,5.24333005076805e-19,,,,,0.30000000000000004,,0.0,1.0,1.0,3.9950677933311767e-19,3.9950677933311767e-19,1.0,0.5264256178929667,0.14007781933620056,169,1.2900798946600691,0.711608511713461,194,17.67766952966369,0.9312152936588962,181.5,180.63911845730027,0.612494806362522,112,112.48780487804878,105.5,72.93041566078782,82,0.44461582955750506,0.6284236608665632,0.5002418210497774,3,84.75,56
rbio2.8,1.0,antisymmetric,6.86205858409305e-27,321.042393309814,7995472.581622059,0.6036036036036037,313.23051737374516,205,raw,5.628884892070257e-14,-2.174770363794225e-10,6.4543905588457315,108047.50774663268,0.8735149108068316,8.495265437916494e-06,1.0,389.0,,,,[],[],15,535.0000000000001,78.0,913.0000000000001,"[8, 24, 38, 50, 67, 78, 93, 103, 117, 133, 151, 166, 180, 190, 201]","[913.0000000000001, 578.0000000000001, 521.0000000000001, 269.0, 231.00000000000014, 891.0000000000002, 370.99999999999983, 458.0, 804.0000000000002, 504.0000000000001, 762.0000000000001, 78.0, 713.0, 552.0000000000001, 380.00000000000006]","[0, 13, 33, 47, 66, 66, 87, 96, 96, 127, 127, 157, 157, 182, 193]","[204, 66, 66, 53, 70, 204, 204, 106, 204, 142, 204, 170, 204, 204, 204]",49420436.0,934.0000000000001,-934.0000000000001,0.0,,,,DWT,mdp.39015067403777,0.0,,0.0,40.5,15.0,0.0,40.5,,1.1368683772161603e-13,144.76666666666677,3681.999999999999,144.76666666666674,,0.0,144.76666666666677,,,76.0,0.0,45.0,1.1368683772161603e-13,1.1368683772161603e-13,,0.0,3.4542661859336644e-14,2.5895780347397644e-27,0.9814315199320163,0.8668434184567829,0.00031442864368790073,0.6690683934778422,0.002898588815631575,1.815479298628636e-08,6.290509243747824e-09,6.290509243747824e-09,5.824164261499158e-09,,0.0,0.9999999937095578,5.1800059702275014e-14,,,,,,0.0,1.0,3.989888619176538e-14,3.989888619176538e-14,0.6000000078228135,0.22876199425592472,671,1.291224628426845,0.7348410562872556,164,0,0.1818181845699696,0.24480016517494196,540,0,0.3600794784751422,0.7035973081587796,178,256.5597721129848,0.7310694212652151,388.25,265.6447610007427,0.6620493856850185,413,rbio,0.7021383304475397,0.9188624283701327,0.2328444401756824,6,311.25,,3.7388452971867264e-14,0.00022810626045038918,2.7790751032276567e-27,0.9814315199320162,0.866843418456783,0.0009559121320032022,0.7707286811491567,0.0042821889088436125,0.9927249107251075,0.9667891384887803,0.9667891384887803,0.96678913848828,,0.0,0.9999999999633777,5.180005970227501e-14,,,,,1.0,,0.0,0.9999999999999999,1.0,3.9898886191765394e-14,3.9898886191765394e-14,1.0,2.4679276978390154,0.6468372942252049,843,1.332831357154949,0.7224690508510444,824,13.435028842544403,0.9929585802712031,833.5,833.3917216556689,0.7780568582697734,120,0.5534034145977783,0.9576026100001634,0.32533682678150616,3,90.75,120,,,,,,,,,,2.284231277440315e-19,0.04710947485633937,2.5895780347397644e-27,0.986560905219673,0.22846256680833718,0.00016496172815651572,0.43076196563402014,1.0,0.0042726571171180965,0.0013519450689085245,0.00031109521069264817,0.00031109521069264817,0.0003110952106876228,,0.0,0.011480097365344583,5.24333005076805e-19,,,,,0.30000000000000004,,0.0,1.0,1.0,3.9950677933311767e-19,3.9950677933311767e-19,1.0,0.5264256178929667,0.14007781933620056,45,1.2943969989574078,0.7139898279223694,178,94.04520189781083,0.6340653622653275,111.5,71.83856502242152,0.6001066110937532,120,138.2093023255814,141.0,56.34272595951746,43,0.5462818273738396,0.4854915715188868,0.4719552493826462,4,91.0,57
db15,1.0,symmetric,1.3768755151115679e-26,318.0179907548867,9045745.136543473,0.6068376068376068,286.06993730205545,205,raw,7.887024366937114e-14,-2.006546040433947e-10,6.426961424836563,72080.83103334761,0.8756611922605158,8.495265437916495e-06,1.0,388.99999999999994,,,,[],[],15,535.0,77.99999999999997,912.9999999999999,"[8, 24, 38, 50, 67, 78, 93, 103, 117, 133, 151, 166, 180, 190, 201]","[912.9999999999999, 578.0, 521.0000000000002, 269.0, 230.99999999999997, 890.9999999999998, 371.0000000000001, 458.00000000000006, 804.0, 503.99999999999994, 762.0000000000001, 77.99999999999997, 713.0, 551.9999999999999, 379.99999999999966]","[0, 13, 33, 47, 66, 66, 87, 96, 96, 127, 127, 157, 157, 182, 193]","[204, 66, 66, 53, 70, 204, 204, 106, 204, 142, 204, 170, 204, 204, 204]",49420436.0,933.9999999999999,-933.9999999999999,0.0,,,,DWT,mdp.39015067403777,0.0,,0.0,40.5,15.0,0.0,40.5,,1.1368683772161603e-13,144.76666666666665,3682.0,144.76666666666665,,0.0,144.76666666666665,,,75.99999999999997,0.0,45.0,1.1368683772161603e-13,1.1368683772161603e-13,,5.684341886080802e-14,5.893783172530721e-14,6.401847161670598e-27,0.970197376821183,0.8567368450815862,0.001280825555946035,0.708036495438069,0.00045658757433960414,1.815467474560155e-08,6.290417722800917e-09,6.290417722800917e-09,5.824095620788946e-09,,1.761808214989251e-13,0.9999999937096067,5.1800059702275014e-14,,,,,,0.0,1.0,3.989888619176538e-14,3.989888619176538e-14,0.600000007822815,0.2287619942559253,652,1.2945244946164571,0.7367190232211234,157,0,0.1818181845699564,0.2448001651749242,667,0,0.3623868757815976,0.7081059753578933,170,286.4803658193699,0.699706115493323,411.5,261.6983685210635,0.6341821982078775,486,db,0.646876945778354,0.7349580893483774,0.326698711150639,3,365.25,,6.178362283783776e-14,0.00022810626045038918,6.59134423015849e-27,0.9701973768211829,0.8567368450815862,0.0019216889216146411,0.7977260061355118,0.0018435762427829834,0.9927249107251066,0.9667891384887772,0.9667891384887772,0.9667891384882776,,1.7240014750901214e-13,0.999999999963378,5.180005970227501e-14,,,,,1.0,,0.0,0.9999999999999999,1.0,3.9898886191765394e-14,3.9898886191765394e-14,1.0,2.4679276978390994,0.646837294225227,685,1.3313439579237818,0.721662797377933,829,101.82337649086284,0.946633450476487,757.0,750.1519154557465,0.7749414631837361,130,0.5947627399969394,0.9115529220878905,0.31020020537577525,4,98.5,130,,,,,,,,,,3.8974309275783816e-19,0.04710947485633938,6.401847161670598e-27,0.9784300989560757,0.22542702661478994,0.000340406929379035,0.4475577758302179,1.0,0.0018340211067446783,0.0013519450689085234,0.0003110952106926472,0.0003110952106926472,0.00031109521068762203,,3.759966571357034e-19,0.011480097365344586,5.24333005076805e-19,,,,,0.30000000000000004,,0.0,1.0,1.0,3.9950677933311767e-19,3.9950677933311767e-19,1.0,0.5264256178929667,0.14007781933620056,54,1.2938313373774168,0.713677808801122,181,89.80256121069154,0.6505736917871925,117.5,83.18297872340426,0.596687624103713,123,112.48780487804878,105.5,72.93041566078782,82,0.44461582955750506,0.6284236608665632,0.5002418210497774,3,93.0,58
coif11,1.0,periodic,4.309566365732271e-26,313.0626017938625,9366440.54309577,0.6074074074074074,274.2986687711577,205,raw,1.5035777501108849e-13,-2.3020607642365736e-10,6.623088221278849,68757.51882839728,0.8674016264817248,8.495265437916494e-06,0.9999999999999998,388.99999999999994,,,,[],[],15,535.0,78.00000000000003,913.0000000000005,"[8, 24, 38, 50, 67, 78, 93, 103, 117, 133, 151, 166, 180, 190, 201]","[913.0000000000005, 577.9999999999998, 520.9999999999998, 268.99999999999983, 230.99999999999986, 891.0000000000002, 370.99999999999955, 457.9999999999999, 804.0000000000002, 504.0000000000001, 762.0000000000002, 78.00000000000003, 713.0000000000003, 552.0000000000002, 380.0000000000001]","[0, 13, 33, 47, 66, 66, 87, 96, 96, 127, 127, 157, 157, 182, 193]","[204, 66, 66, 53, 70, 204, 204, 106, 204, 142, 204, 170, 204, 204, 204]",49420436.000000015,934.0000000000005,-934.0000000000005,0.0,,,,DWT,mdp.39015067403777,1.4901161193847656e-08,,0.0,40.5,15.0,0.0,40.5,,4.547473508864641e-13,144.76666666666665,3682.0,144.7666666666667,,0.0,144.76666666666665,,,76.00000000000003,0.0,45.0,4.547473508864641e-13,4.547473508864641e-13,,5.684341886080802e-14,1.3616736027260451e-13,2.258933517444346e-26,0.9517905848194723,0.9290019723154119,0.0015759099597184403,0.714902303878681,0.00023094725192716924,1.815491122697117e-08,6.290417722800917e-09,6.290417722800917e-09,5.824141381262421e-09,,1.761808214989251e-13,0.9999999937096067,2.0720023880910006e-13,,,,,,1.1790701163181633e-13,1.0,1.5959554476706153e-13,1.5959554476706153e-13,0.6000000078230843,0.22876199425602795,207,1.322416592481533,0.7525925267200547,93,0,0.18181818457002866,0.24480016517502148,184,0,0.3710716740321925,0.7250761195518854,94,59.63500090830328,0.9374895168676066,144.5,126.35561199774811,0.8930110058132583,27,coif,0.4775221677620307,0.8895245153485821,0.39887712796200386,2,20.75,,1.3901315138513487e-13,0.00022810626045038918,2.2778832242931358e-26,0.9517905848194722,0.929001972315412,0.0022165839740768915,0.8024826776807272,0.0016182490239000594,0.9927249107251083,0.9667891384887772,0.9667891384887772,0.9667891384882792,,1.7240014750901214e-13,0.999999999963378,2.0720023880910003e-13,,,,,1.0,,1.1790701163181633e-13,0.9999999999999999,1.0,1.5959554476706158e-13,1.5959554476706158e-13,1.0,2.467927697839285,0.6468372942252756,306,1.3583924315964557,0.7363245811035048,662,251.7300141024109,0.8680660303446484,484.0,418.5371900826446,0.8071986336209616,66,0.5217589607974704,1.0,0.33476872744177066,2,50.0,66,,,,,,,,,,9.004452076327049e-19,0.04710947485633937,2.258933517444346e-26,0.9651080272837003,0.2471320783832201,0.00039397823319922785,0.4505170376266911,0.9999999999999998,0.0016086917308529144,0.0013519450689085256,0.0003110952106926472,0.0003110952106926472,0.00031109521068762257,,3.759966571357034e-19,0.011480097365344586,2.09733202030722e-18,,,,,0.30000000000000004,,2.9988614041126884e-21,1.0,1.0,1.5980271173324707e-18,1.5980271173324707e-18,1.0,0.5264256178929667,0.14007781933620056,203,1.297810978878349,0.7158729804159603,161,29.698484809834994,0.8844416933469456,182.0,179.5769230769231,0.5881352435606323,129,102.04705882352941,99.0,59.896519074140535,85,0.40334805859102535,0.5161137427874729,0.5628222361500403,2,97.25,59
bior2.6,1.0,constant,4.876868951543502e-27,322.5255266682683,8362326.689481522,0.6100917431192661,212.03010491345628,205,raw,4.095152401466138e-14,-2.12560191670265e-10,6.107951956463852,84989.80086202052,0.9194992791238619,8.495265437916495e-06,1.0,389.00000000000006,,,,[],[],15,535.0,78.00000000000001,913.0,"[8, 24, 38, 50, 67, 78, 93, 103, 117, 133, 151, 166, 180, 190, 201]","[913.0, 578.0000000000001, 521.0, 269.00000000000006, 230.99999999999994, 891.0000000000001, 371.0000000000001, 458.0000000000001, 804.0, 503.99999999999994, 762.0, 78.00000000000001, 712.9999999999999, 552.0, 380.0000000000001]","[0, 13, 33, 47, 66, 66, 87, 96, 96, 127, 127, 157, 157, 182, 193]","[204, 66, 66, 53, 70, 204, 204, 106, 204, 142, 204, 170, 204, 204, 204]",49420436.0,934.0,-934.0,0.0,,,,DWT,mdp.39015067403777,0.0,,0.0,40.5,15.0,0.0,40.5,,0.0,144.76666666666665,3682.0,144.76666666666668,,0.0,144.76666666666665,,,76.00000000000001,0.0,45.0,0.0,0.0,,5.684341886080802e-14,1.797341755282557e-14,1.4938187127786596e-27,0.9869406187039975,0.7391942132794452,0.0006519854763627528,0.7472471904314707,0.0013330577747063753,1.8154852106628764e-08,6.290417722800917e-09,6.290417722800917e-09,5.8241185010256836e-09,,1.761808214989251e-13,0.9999999937096067,0.0,,,,,,0.0,1.0,0.0,0.0,0.6000000078228332,0.22876199425593224,601,1.2615195698827788,0.7179357896767582,246,0,0.18181818456996263,0.24480016517493258,590,0,0.3536238665237144,0.6909830064196822,229,206.85663312223437,0.7831691476706139,416.5,339.2515298353148,0.6732931692231476,384,bior,0.7220500223186996,0.7474792470919258,0.27032121024933253,5,289.25,,2.081920866535624e-14,0.00022810626045038918,1.6833157812665518e-27,0.9869406187039974,0.7391942132794453,0.001293252359436633,0.8248914009694244,0.002718830233607453,0.9927249107251079,0.9667891384887772,0.9667891384887772,0.9667891384882785,,1.7240014750901214e-13,0.999999999963378,0.0,,,,,1.0,,0.0,0.9999999999999999,1.0,0.0,0.0,1.0,2.4679276978390576,0.646837294225216,777,1.2935206284011935,0.7011604398714734,1102,229.80970388562795,0.8795546625337379,939.5,911.3932943054816,0.6935771216232631,343,0.7025000621287805,0.8057019689583358,0.26653936582235294,5,258.5,211,,,,,,,,,,1.188543103708782e-19,0.04710947485633938,1.4938187127786596e-27,0.9905481621346046,0.1901227380053208,0.0002262437186942263,0.4644581470990664,1.0,0.0027092834761867184,0.0013519450689085252,0.0003110952106926472,0.0003110952106926472,0.0003110952106876223,,3.759966571357034e-19,0.011480097365344586,0.0,,,,,0.30000000000000004,,0.0,1.0,1.0,0.0,0.0,1.0,0.5264256178929667,0.14007781933620056,76,1.2905032028297732,0.7118420086448418,192,82.02438661763951,0.6808389625772782,134.0,108.89552238805972,0.5797190921835806,136,189.53333333333333,208.0,53.22307054365841,15,0.7491436100131752,0.4586102592527561,0.3380163952149505,5,103.25,60
bior2.8,1.0,periodic,6.431578484593614e-27,321.323761787555,8766828.812201679,0.6081081081081081,245.83960248309262,205,raw,5.107743496450171e-14,-2.1576940234524647e-10,6.207947545674473,80811.39126988515,0.9079250907727198,8.495265437916495e-06,1.0,389.00000000000006,,,,[],[],15,535.0,78.0,913.0000000000001,"[8, 24, 38, 50, 67, 78, 93, 103, 117, 133, 151, 166, 180, 190, 201]","[913.0000000000001, 578.0000000000001, 521.0, 269.00000000000006, 230.9999999999999, 890.9999999999999, 371.0000000000001, 457.99999999999994, 804.0, 504.0, 762.0000000000001, 78.0, 713.0000000000003, 552.0000000000001, 380.0]","[0, 13, 33, 47, 66, 66, 87, 96, 96, 127, 127, 157, 157, 182, 193]","[204, 66, 66, 53, 70, 204, 204, 106, 204, 142, 204, 170, 204, 204, 204]",49420436.00000001,934.0000000000001,-934.0000000000001,0.0,,,,DWT,mdp.39015067403777,7.450580596923828e-09,,0.0,40.5,15.0,0.0,40.5,,1.1368683772161603e-13,144.76666666666665,3682.0,144.7666666666667,,0.0,144.76666666666665,,,76.0,0.0,45.0,1.1368683772161603e-13,1.1368683772161603e-13,,5.684341886080802e-14,2.891265848184795e-14,2.3519671918202148e-27,0.9824766631258911,0.7760387144297678,0.0010241837220151587,0.7233453926367306,0.0010493595756216679,1.815479298628636e-08,6.290417722800917e-09,6.290417722800917e-09,5.824141381262421e-09,,1.761808214989251e-13,0.9999999937096067,5.1800059702275014e-14,,,,,,5.895350581590817e-14,1.0,3.989888619176538e-14,3.989888619176538e-14,0.6000000078228938,0.2287619942559553,467,1.2677753478363758,0.7214959777169448,224,0,0.18181818456997667,0.24480016517495148,467,0,0.35484775907000793,0.6933744992775769,217,142.34553031268666,0.85079084872884,343.75,299.5080006465169,0.7452329505698707,221,bior,0.7220500223186996,0.7474792470919258,0.27032121024933253,5,167.0,,3.175844959437858e-14,0.00022810626045038918,2.541464260308107e-27,0.982476663125891,0.7760387144297678,0.001665211770963783,0.8083320980944378,0.002435525700453106,0.9927249107251075,0.9667891384887772,0.9667891384887772,0.9667891384882792,,1.7240014750901214e-13,0.999999999963378,5.180005970227501e-14,,,,,1.0,,5.895350581590817e-14,0.9999999999999999,1.0,3.9898886191765394e-14,3.9898886191765394e-14,1.0,2.467927697839129,0.6468372942252347,606,1.3027134423720015,0.7061434585770933,1014,288.4995667241114,0.8487947763500464,810.0,758.6222222222223,0.7121332372316269,291,0.7025000621287805,0.8057019689583358,0.26653936582235294,5,219.5,203,,,,,,,,,,1.9119313701742439e-19,0.04710947485633938,2.351967191820214e-27,0.9873173364617602,0.2011890965029975,0.00029381470870346656,0.4541561298358675,1.0,0.002425976231019214,0.0013519450689085245,0.0003110952106926472,0.0003110952106926472,0.00031109521068762257,,3.759966571357034e-19,0.011480097365344586,5.24333005076805e-19,,,,,0.30000000000000004,,1.4994307020563442e-21,1.0,1.0,3.9950677933311767e-19,3.9950677933311767e-19,1.0,0.5264256178929667,0.14007781933620056,71,1.2898975423665633,0.7115079261259122,196,88.38834764831844,0.6560764682944807,133.5,104.23970037453184,0.5683106076880964,143,189.53333333333333,208.0,53.22307054365841,15,0.7491436100131752,0.4586102592527561,0.3380163952149505,5,108.5,61
coif12,1.0,periodic,3.1866163253768e-26,314.3736397571455,9625857.70703733,0.6086956521739131,274.0566619595004,205,raw,1.1786344258303514e-13,-2.0396018207691345e-10,6.635882576197702,71519.35374654917,0.8676547421850336,8.495265437916495e-06,1.0,389.00000000000006,,,,[],[],15,535.0000000000001,77.99999999999999,913.0,"[8, 24, 38, 50, 67, 78, 93, 103, 117, 133, 151, 166, 180, 190, 201]","[913.0, 577.9999999999995, 521.0000000000002, 269.0000000000001, 230.99999999999986, 890.9999999999999, 370.99999999999983, 458.00000000000006, 804.0, 503.99999999999994, 761.9999999999999, 77.99999999999999, 713.0, 552.0000000000006, 380.0000000000003]","[0, 13, 33, 47, 66, 66, 87, 96, 96, 127, 127, 157, 157, 182, 193]","[204, 66, 66, 53, 70, 204, 204, 106, 204, 142, 204, 170, 204, 204, 204]",49420436.0,934.0,-934.0,0.0,,,,DWT,mdp.39015067403777,0.0,,0.0,40.5,15.0,0.0,40.5,,0.0,144.76666666666677,3681.999999999999,144.76666666666668,,0.0,144.76666666666677,,,75.99999999999999,0.0,45.0,0.0,0.0,,5.684341886080802e-14,1.0106302911474211e-13,1.6391020642466907e-26,0.9566604352563004,0.9337161964951646,0.0018146098524702266,0.7304250012226731,0.0004184653913464619,1.8154733865943957e-08,6.290509243747824e-09,6.290509243747824e-09,5.8241185010256836e-09,,1.761808214989251e-13,0.9999999937095578,0.0,,,,,,0.0,1.0,0.0,0.0,0.6000000078228283,0.22876199425593036,634,1.3340990509732358,0.7592410601735515,69,0,0.1818181845699641,0.24480016517493455,572,0,0.37471924403115087,0.7322034916627762,74,307.91056601985366,0.6772425932705937,337.25,127.66579769548319,0.6618655314361355,415,coif,0.4775221677620307,0.8895245153485821,0.39887712796200386,2,311.75,,1.0390882022727254e-13,0.00022810626045038918,1.65805177109548e-26,0.9566604352563003,0.9337161964951646,0.0024551306966277163,0.8132368916090401,0.0018055069589787813,0.992724910725107,0.9667891384887803,0.9667891384887803,0.9667891384882785,,1.7240014750901214e-13,0.9999999999633777,0.0,,,,,1.0,,0.0,0.9999999999999999,1.0,0.0,0.0,1.0,2.4679276978390594,0.6468372942252164,724,1.36816731605505,0.7416231145294094,583,99.7020561473032,0.9477452535915601,653.5,645.8944146901301,0.8026200062507067,75,0.5217589607974704,1.0,0.33476872744177066,2,56.75,75,,,,,,,,,,6.683078826895836e-19,0.04710947485633938,1.6391020642466907e-26,0.9686326227997002,0.24854801001976773,0.0004373131716540443,0.4572075425578478,1.0,0.0017959514585114379,0.0013519450689085239,0.00031109521069264817,0.00031109521069264817,0.0003110952106876223,,3.759966571357034e-19,0.011480097365344583,0.0,,,,,0.30000000000000004,,0.0,1.0,1.0,0.0,0.0,1.0,0.5264256178929667,0.14007781933620056,208,1.3034064753389765,0.7189594581799551,127,57.27564927611035,0.7771375514548235,167.5,157.70746268656717,0.5626932893460888,148,102.04705882352941,99.0,59.896519074140535,85,0.40334805859102535,0.5161137427874729,0.5628222361500403,2,111.5,62
rbio1.3,1.0,periodic,6.247593660455533e-27,321.4498097691114,7838289.077371929,0.6047619047619047,284.10461523632455,205,raw,5.781391625599254e-14,-2.1832724517168034e-10,6.272893035149848,71335.88413336169,0.8480574218901696,8.495265437916494e-06,0.9999999999999998,389.00000000000006,,,,[],[],15,535.0,78.00000000000001,913.0000000000002,"[8, 24, 38, 50, 67, 78, 93, 103, 117, 133, 151, 166, 180, 190, 201]","[913.0000000000002, 578.0, 520.9999999999999, 269.0, 231.00000000000009, 891.0000000000001, 371.00000000000006, 458.00000000000017, 804.0000000000001, 504.0, 762.0000000000001, 78.00000000000001, 713.0000000000001, 552.0000000000001, 380.0000000000001]","[0, 13, 33, 47, 66, 66, 87, 96, 96, 127, 127, 157, 157, 182, 193]","[204, 66, 66, 53, 70, 204, 204, 106, 204, 142, 204, 170, 204, 204, 204]",49420436.00000001,934.0000000000002,-934.0000000000002,0.0,,,,DWT,mdp.39015067403777,7.450580596923828e-09,,0.0,40.5,15.0,0.0,40.5,,2.2737367544323206e-13,144.76666666666665,3682.0,144.76666666666674,,0.0,144.76666666666665,,,76.00000000000001,0.0,45.0,2.2737367544323206e-13,2.2737367544323206e-13,,5.684341886080802e-14,3.6190225135012325e-14,2.2504136259325254e-27,0.9829448683459039,0.7999686115439655,0.00016979794525304968,0.6830253361186983,0.00040600849890919935,1.8154852106628764e-08,6.290417722800917e-09,6.290417722800917e-09,5.824164261499158e-09,,1.761808214989251e-13,0.9999999937096067,1.0360011940455003e-13,,,,,,5.895350581590817e-14,1.0,7.979777238353076e-14,7.979777238353076e-14,0.6000000078229603,0.22876199425598068,310,1.2632086635992057,0.7188970596087448,239,0,0.18181818456999607,0.2448001651749776,297,0,0.35235923177896666,0.6885119030788958,250,34.76588366008646,0.9635577739412091,274.0,270.6925829445219,0.8381730169496402,69,rbio,0.7021383304475397,0.9188624283701327,0.2328444401756824,6,53.25,,3.9036016247542944e-14,0.00022810626045038918,2.4399106944204177e-27,0.9829448683459037,0.7999686115439656,0.0008113742409546011,0.7803981312207997,0.0017930673520024998,0.9927249107251079,0.9667891384887772,0.9667891384887772,0.96678913848828,,1.7240014750901214e-13,0.999999999963378,1.0360011940455002e-13,,,,,1.0,,5.895350581590817e-14,0.9999999999999999,1.0,7.979777238353079e-14,7.979777238353079e-14,1.0,2.4679276978391713,0.6468372942252457,461,1.3031018252072697,0.7063539837698393,1013,390.32294321497426,0.7954282268265334,737.0,633.6404341926731,0.7045799415055098,316,0.5534034145977783,0.9576026100001634,0.32533682678150616,3,237.75,207,,,,,,,,,,2.3931810619469536e-19,0.04710947485633937,2.2504136259325247e-27,0.9876562039568572,0.20837651421827066,0.00013870464717043938,0.43677760785735187,0.9999999999999998,0.0017835117324534835,0.0013519450689085252,0.0003110952106926472,0.0003110952106926472,0.0003110952106876228,,3.759966571357034e-19,0.011480097365344586,1.04866601015361e-18,,,,,0.30000000000000004,,1.4994307020563442e-21,1.0,1.0,7.9901355866623535e-19,7.9901355866623535e-19,1.0,0.5264256178929667,0.14007781933620056,74,1.2864086220996584,0.7095834365118225,205,92.63098833543772,0.6395681387726159,139.5,108.74551971326164,0.5483832911761912,164,138.2093023255814,141.0,56.34272595951746,43,0.5462818273738396,0.4854915715188868,0.4719552493826462,4,124.0,63
bior2.4,1.0,periodic,5.959636341438003e-27,321.6547399267386,8411944.788434565,0.6074766355140186,240.33573078570998,205,raw,4.845121593905611e-14,-2.1603840938411315e-10,6.1594582267427755,79403.9220658195,0.9095856151387697,8.495265437916495e-06,1.0,389.0,,,,[],[],15,535.0,78.0,912.9999999999999,"[8, 24, 38, 50, 67, 78, 93, 103, 117, 133, 151, 166, 180, 190, 201]","[912.9999999999999, 578.0000000000002, 521.0, 269.00000000000006, 231.0, 891.0000000000001, 371.0, 458.0000000000001, 804.0, 504.0000000000001, 762.0, 78.0, 713.0, 552.0000000000001, 379.99999999999994]","[0, 13, 33, 47, 66, 66, 87, 96, 96, 127, 127, 157, 157, 182, 193]","[204, 66, 66, 53, 70, 204, 204, 106, 204, 142, 204, 170, 204, 204, 204]",49420436.00000001,933.9999999999999,-933.9999999999999,0.0,,,,DWT,mdp.39015067403777,7.450580596923828e-09,,0.0,40.5,15.0,0.0,40.5,,1.1368683772161603e-13,144.76666666666665,3682.0,144.7666666666667,,0.0,144.76666666666665,,,76.0,0.0,45.0,1.1368683772161603e-13,1.1368683772161603e-13,,0.0,2.6075497184060236e-14,2.0914706657906506e-27,0.9837060814042511,0.7581722787073458,0.0006976410325282925,0.715736467520998,0.0009537977429061366,1.815479298628636e-08,6.290417722800917e-09,6.290417722800917e-09,5.824141381262421e-09,,0.0,0.9999999937096067,5.1800059702275014e-14,,,,,,5.895350581590817e-14,1.0,3.989888619176538e-14,3.989888619176538e-14,0.6000000078228056,0.2287619942559217,699,1.2563347148180573,0.7149850680992909,256,0,0.18181818456996066,0.24480016517492992,615,0,0.351323752344008,0.686488570490835,259,233.19001550952677,0.7555660214784835,457.25,369.5530666136435,0.6381341637790741,476,bior,0.7220500223186996,0.7474792470919258,0.27032121024933253,5,358.25,,2.892128829659088e-14,0.00022810626045038918,2.2809677342785428e-27,0.983706081404251,0.7581722787073458,0.0013388786191050848,0.8030605910460336,0.0023400964714618997,0.9927249107251075,0.9667891384887772,0.9667891384887772,0.9667891384882792,,0.0,0.999999999963378,5.180005970227501e-14,,,,,1.0,,5.895350581590817e-14,0.9999999999999999,1.0,3.9898886191765394e-14,3.9898886191765394e-14,1.0,2.467927697839043,0.6468372942252121,832,1.292207934390918,0.7004488863875532,1111,197.28279195104676,0.8966023102981935,971.5,951.4688625836336,0.69371520127069,341,0.7025000621287805,0.8057019689583358,0.26653936582235294,5,257.0,210,,,,,,,,,,1.7243160496775068e-19,0.04710947485633938,2.0914706657906506e-27,0.9882071383576103,0.19582285794345364,0.00023453228847004692,0.45087657410663623,1.0,0.0023305460885045927,0.0013519450689085245,0.0003110952106926472,0.0003110952106926472,0.00031109521068762257,,0.0,0.011480097365344586,5.24333005076805e-19,,,,,0.30000000000000004,,1.4994307020563442e-21,1.0,1.0,3.9950677933311767e-19,3.9950677933311767e-19,1.0,0.5264256178929667,0.14007781933620056,75,1.286368668665486,0.7095613981838501,206,92.63098833543772,0.6395681387726159,140.5,109.9644128113879,0.5464377658843624,166,189.53333333333333,208.0,53.22307054365841,15,0.7491436100131752,0.4586102592527561,0.3380163952149505,5,125.75,64
bior1.3,1.0,antireflect,7.817003570627911e-27,320.4765344212726,8064390.642308,0.6047619047619047,314.11382044348244,205,raw,5.954694731882207e-14,-2.186284486782611e-10,6.287639945933426,86548.2579471372,0.8520603063523194,8.495265437916494e-06,0.9999999999999998,389.00000000000006,,,,[],[],15,535.0000000000001,78.0,913.0000000000002,"[8, 24, 38, 50, 67, 78, 93, 103, 117, 133, 151, 166, 180, 190, 201]","[913.0000000000002, 578.0, 521.0000000000001, 269.0000000000001, 231.0, 891.0000000000002, 371.0000000000001, 458.00000000000006, 804.0000000000002, 504.0, 762.0000000000002, 78.0, 713.0000000000001, 552.0000000000001, 380.0]","[0, 13, 33, 47, 66, 66, 87, 96, 96, 127, 127, 157, 157, 182, 193]","[204, 66, 66, 53, 70, 204, 204, 106, 204, 142, 204, 170, 204, 204, 204]",49420436.0,934.0000000000002,-934.0000000000002,0.0,,,,DWT,mdp.39015067403777,0.0,,0.0,40.5,15.0,0.0,40.5,,2.2737367544323206e-13,144.76666666666677,3681.999999999999,144.7666666666668,,0.0,144.76666666666677,,,76.0,0.0,45.0,2.2737367544323206e-13,2.2737367544323206e-13,,5.684341886080802e-14,3.8062456130098344e-14,3.1166762291886915e-27,0.979329637124103,0.8054022769247935,0.00037784285053699303,0.6830253361186983,0.00143887111316668,1.815479298628636e-08,6.290509243747824e-09,6.290509243747824e-09,5.824210021972633e-09,,1.761808214989251e-13,0.9999999937095578,1.0360011940455003e-13,,,,,,0.0,1.0,7.979777238353076e-14,7.979777238353076e-14,0.6000000078229573,0.22876199425597954,329,1.2642735250548844,0.7195030764857958,234,0,0.18181818457000168,0.24480016517498515,256,0,0.3527962805901909,0.6893658988923024,243,43.28587144400199,0.9546269691362662,265.5,260.8498151080736,0.8381625411719067,70,bior,0.7220500223186996,0.7474792470919258,0.27032121024933253,5,53.75,,4.090824724262895e-14,0.00022810626045038918,3.306173297676584e-27,0.9793296371241029,0.8054022769247936,0.0010192856468909579,0.7803981312207997,0.002824496743126073,0.9927249107251075,0.9667891384887803,0.9667891384887803,0.9667891384882814,,1.7240014750901214e-13,0.9999999999633777,1.0360011940455002e-13,,,,,1.0,,0.0,0.9999999999999999,1.0,7.979777238353079e-14,7.979777238353079e-14,1.0,2.467927697839144,0.6468372942252385,536,1.3041660466240217,0.7069308512277729,1001,328.8046532517446,0.8276705171636559,768.5,698.1600520494469,0.7124463696929391,290,0.7025000621287805,0.8057019689583358,0.26653936582235294,5,218.75,202,,,,,,,,,,2.5169876352499524e-19,0.04710947485633937,3.1166762291886915e-27,0.9850396497281484,0.21000853221779056,0.0001764743045522831,0.43677760785735187,0.9999999999999998,0.0028149509972280307,0.0013519450689085245,0.00031109521069264817,0.00031109521069264817,0.0003110952106876233,,3.759966571357034e-19,0.011480097365344583,1.04866601015361e-18,,,,,0.30000000000000004,,0.0,1.0,1.0,7.9901355866623535e-19,7.9901355866623535e-19,1.0,0.5264256178929667,0.14007781933620056,70,1.286086159096794,0.7094055658090074,207,96.87362902255701,0.6230598092507509,138.5,104.62093862815885,0.5420746517070876,168,189.53333333333333,208.0,53.22307054365841,15,0.7491436100131752,0.4586102592527561,0.3380163952149505,5,127.25,65
bior2.2,1.0,constant,2.1705142237468355e-27,326.0413111627094,8283691.464148477,0.6047619047619047,224.87247220734912,205,raw,2.4314425811498056e-14,-2.093083484311379e-10,6.118134661864755,80758.20098072564,0.9120559718969754,8.495265437916495e-06,1.0,389.0,,,,[],[],15,535.0,78.00000000000004,913.0000000000001,"[8, 24, 38, 50, 67, 78, 93, 103, 117, 133, 151, 166, 180, 190, 201]","[913.0000000000001, 578.0000000000001, 521.0, 269.0, 231.0, 891.0000000000001, 371.0000000000001, 457.99999999999994, 804.0, 504.0, 762.0, 78.00000000000004, 713.0000000000001, 552.0, 380.0]","[0, 13, 33, 47, 66, 66, 87, 96, 96, 127, 127, 157, 157, 182, 193]","[204, 66, 66, 53, 70, 204, 204, 106, 204, 142, 204, 170, 204, 204, 204]",49420436.0,934.0000000000001,-934.0000000000001,0.0,,,,DWT,mdp.39015067403777,0.0,,0.0,40.5,15.0,0.0,40.5,,1.1368683772161603e-13,144.76666666666665,3682.0,144.7666666666667,,0.0,144.76666666666665,,,76.00000000000004,0.0,45.0,1.1368683772161603e-13,1.1368683772161603e-13,,0.0,0.0,0.0,1.0000000000000002,0.7429461457778552,0.000579630125744014,0.6830253361186983,0.001045748156274041,1.8154970347313575e-08,6.290417722800917e-09,6.290417722800917e-09,5.824141381262421e-09,,0.0,0.9999999937096067,5.1800059702275014e-14,,,,,,0.0,1.0,3.989888619176538e-14,3.989888619176538e-14,0.6000000078228294,0.22876199425593077,626,1.2453913216617887,0.708757139658895,338,0,0.18181818456997142,0.24480016517494443,517,0,0.34679955145408176,0.6776482567323229,342,140.87908527054918,0.8523280028610596,455.75,424.88840982144643,0.6873013179923746,350,bior,0.7220500223186996,0.7474792470919258,0.27032121024933253,5,263.75,,2.84579111253072e-15,0.00022810626045038918,1.8949706848789226e-28,1.0,0.7429461457778553,0.0012209434381793285,0.7803981312207997,0.002431919292391282,0.9927249107251087,0.9667891384887772,0.9667891384887772,0.9667891384882792,,0.0,0.999999999963378,5.180005970227501e-14,,,,,1.0,,0.0,0.9999999999999999,1.0,3.9898886191765394e-14,3.9898886191765394e-14,1.0,2.467927697839014,0.6468372942252045,858,1.2852839966914298,0.6966957253660576,1168,219.20310216782974,0.8851136781091039,1013.0,989.2833168805529,0.6770956231216378,442,0.7025000621287805,0.8057019689583358,0.26653936582235294,5,332.75,221,,,,,,,,,,0.0,0.04710947485633938,0.0,0.9999999999999999,0.1912496423951262,0.00021310791611889714,0.43677760785735187,1.0,0.002422369788434024,0.0013519450689085263,0.0003110952106926472,0.0003110952106926472,0.00031109521068762257,,0.0,0.011480097365344586,5.24333005076805e-19,,,,,0.30000000000000004,,0.0,1.0,1.0,3.9950677933311767e-19,3.9950677933311767e-19,1.0,0.5264256178929667,0.14007781933620056,81,1.2855442086708386,0.7091066257684464,209,90.50966799187809,0.6478223035335483,145.0,116.75172413793103,0.5418099844515991,169,189.53333333333333,208.0,53.22307054365841,15,0.7491436100131752,0.4586102592527561,0.3380163952149505,5,128.0,66
rbio1.5,1.0,reflect,6.070719501199052e-27,321.574535857865,7906544.104133491,0.602803738317757,275.099396588598,205,raw,5.5586971340256625e-14,-2.179016966863415e-10,6.318094226888619,68513.41716148291,0.8478259406768164,8.495265437916494e-06,0.9999999999999998,389.00000000000006,,,,[],[],15,535.0,78.00000000000001,913.0000000000002,"[8, 24, 38, 50, 67, 78, 93, 103, 117, 133, 151, 166, 180, 190, 201]","[913.0000000000002, 578.0, 521.0, 269.00000000000006, 231.0000000000001, 891.0000000000001, 371.00000000000006, 458.00000000000017, 804.0000000000001, 503.99999999999994, 762.0000000000002, 78.00000000000001, 713.0000000000001, 552.0000000000001, 380.0000000000001]","[0, 13, 33, 47, 66, 66, 87, 96, 96, 127, 127, 157, 157, 182, 193]","[204, 66, 66, 53, 70, 204, 204, 106, 204, 142, 204, 170, 204, 204, 204]",49420436.00000001,934.0000000000002,-934.0000000000002,0.0,,,,DWT,mdp.39015067403777,7.450580596923828e-09,,0.0,40.5,15.0,0.0,40.5,,2.2737367544323206e-13,144.76666666666665,3682.0,144.76666666666674,,0.0,144.76666666666665,,,76.00000000000001,0.0,45.0,2.2737367544323206e-13,2.2737367544323206e-13,,5.684341886080802e-14,3.378440830632683e-14,2.152784912966493e-27,0.9834081633951787,0.8166234997661574,0.00023260206862025113,0.6594304216645811,0.00021437367248978534,1.8154852106628764e-08,6.290417722800917e-09,6.290417722800917e-09,5.824164261499158e-09,,1.761808214989251e-13,0.9999999937096067,1.0360011940455003e-13,,,,,,5.895350581590817e-14,1.0,7.979777238353076e-14,7.979777238353076e-14,0.6000000078229603,0.22876199425598068,308,1.2623308670893345,0.7183975021341442,241,0,0.18181818456999607,0.2448001651749776,296,0,0.35141558008100876,0.6866680024008168,258,31.47882886428062,0.9670033240416346,275.75,273.0286303601671,0.8389786012241716,68,rbio,0.7021383304475397,0.9188624283701327,0.2328444401756824,6,52.5,,3.663019941885745e-14,0.00022810626045038918,2.3422819814543854e-27,0.9834081633951786,0.8166234997661574,0.0008741380638420392,0.7640514388878445,0.0016016984423300913,0.9927249107251079,0.9667891384887772,0.9667891384887772,0.96678913848828,,1.7240014750901214e-13,0.999999999963378,1.0360011940455002e-13,,,,,1.0,,5.895350581590817e-14,0.9999999999999999,1.0,7.979777238353079e-14,7.979777238353079e-14,1.0,2.4679276978391713,0.6468372942252457,462,1.3051234037623227,0.7074497922770818,993,375.47370081005676,0.8032108486320457,727.5,630.6061855670104,0.7109607702279725,292,0.5534034145977783,0.9576026100001634,0.32533682678150616,3,219.75,204,,,,,,,,,,2.234089615252601e-19,0.04710947485633937,2.152784912966493e-27,0.9879915176742785,0.21337886078427637,0.0001501064655351274,0.42660786171032733,0.9999999999999998,0.0015921409908478006,0.0013519450689085252,0.0003110952106926472,0.0003110952106926472,0.0003110952106876228,,3.759966571357034e-19,0.011480097365344586,1.04866601015361e-18,,,,,0.30000000000000004,,1.4994307020563442e-21,1.0,1.0,7.9901355866623535e-19,7.9901355866623535e-19,1.0,0.5264256178929667,0.14007781933620056,72,1.2849722377668447,0.7087911264219181,211,98.2878425849301,0.6175570327434626,141.5,107.36395759717314,0.5334866875779569,172,138.2093023255814,141.0,56.34272595951746,43,0.5462818273738396,0.4854915715188868,0.4719552493826462,4,130.0,67
db23,1.0,periodic,1.701649164980861e-26,317.09823727509905,8622562.888756977,0.6,279.0953099307653,205,raw,9.406892609038592e-14,-2.1811430439555747e-10,6.497625921350892,69964.60138480594,0.8697720415101068,8.495265437916495e-06,1.0,389.0,,,,[],[],15,535.0,77.99999999999999,912.9999999999998,"[8, 24, 38, 50, 67, 78, 93, 103, 117, 133, 151, 166, 180, 190, 201]","[912.9999999999998, 578.0000000000002, 521.0, 269.0, 231.0, 891.0, 370.99999999999955, 457.9999999999999, 804.0000000000001, 503.9999999999999, 762.0000000000001, 77.99999999999999, 712.9999999999998, 552.0, 380.00000000000006]","[0, 13, 33, 47, 66, 66, 87, 96, 96, 127, 127, 157, 157, 182, 193]","[204, 66, 66, 53, 70, 204, 204, 106, 204, 142, 204, 170, 204, 204, 204]",49420436.00000001,933.9999999999998,-933.9999999999998,0.0,,,,DWT,mdp.39015067403777,7.450580596923828e-09,,0.0,40.5,15.0,0.0,40.5,,2.2737367544323206e-13,144.76666666666665,3682.0,144.76666666666662,,0.0,144.76666666666665,,,75.99999999999999,0.0,45.0,2.2737367544323206e-13,2.2737367544323206e-13,,0.0,7.535729755221135e-14,8.194490788942451e-27,0.9667809525750828,0.8827739747556281,0.0008914389956032041,0.6256467941507302,0.00031290358958354844,1.8154733865943957e-08,6.290417722800917e-09,6.290417722800917e-09,5.824072740552209e-09,,0.0,0.9999999937096067,1.0360011940455003e-13,,,,,,5.895350581590817e-14,1.0,7.979777238353076e-14,7.979777238353076e-14,0.6000000078228093,0.2287619942559231,677,1.2722851575168137,0.7240625282893771,210,0,0.181818184569961,0.24480016517493036,614,0,0.35377229486667194,0.6912730362292167,226,248.23963556746264,0.7397907383988861,431.75,325.4029146966917,0.6436113021134892,458,db,0.646876945778354,0.7349580893483774,0.326698711150639,3,344.25,,7.820308866474186e-14,0.00022810626045038918,8.383987857430343e-27,0.9667809525750827,0.8827739747556282,0.0015325522248851192,0.7406459475929308,0.0017000916371196374,0.992724910725107,0.9667891384887772,0.9667891384887772,0.966789138488277,,0.0,0.999999999963378,1.0360011940455002e-13,,,,,1.0,,5.895350581590817e-14,0.9999999999999999,1.0,7.979777238353079e-14,7.979777238353079e-14,1.0,2.467927697839084,0.6468372942252228,706,1.319228682605485,0.7150956413660181,906,141.4213562373095,0.9258797923284541,806.0,793.593052109181,0.7517239632501809,179,0.5947627399969394,0.9115529220878905,0.31020020537577525,4,135.25,179,,,,,,,,,,4.983214575445671e-19,0.04710947485633938,8.194490788942451e-27,0.9759574329605258,0.23324735806799302,0.0002697154747953673,0.4120466342725417,1.0,0.0016905351275341668,0.0013519450689085239,0.0003110952106926472,0.0003110952106926472,0.0003110952106876218,,0.0,0.011480097365344586,1.04866601015361e-18,,,,,0.30000000000000004,,1.4994307020563442e-21,1.0,1.0,7.9901355866623535e-19,7.9901355866623535e-19,1.0,0.5264256178929667,0.14007781933620056,102,1.281960706764642,0.7071299648897316,220,83.43860018001261,0.6753361860699898,161.0,139.37888198757764,0.5244385210505591,175,112.48780487804878,105.5,72.93041566078782,82,0.44461582955750506,0.6284236608665632,0.5002418210497774,3,132.0,68
db16,1.0,periodic,1.1718609557199641e-26,318.71817667865065,8302732.2218804695,0.6016949152542372,258.7438991235778,205,raw,7.377513234465235e-14,-2.148762279219355e-10,6.420812494723819,70008.45706248049,0.8686992523577686,8.495265437916494e-06,1.0,388.99999999999994,,,,[],[],15,535.0,77.99999999999996,913.0000000000002,"[8, 24, 38, 50, 67, 78, 93, 103, 117, 133, 151, 166, 180, 190, 201]","[913.0000000000002, 578.0000000000001, 521.0, 269.0, 230.99999999999986, 891.0000000000001, 371.0, 458.0, 804.0000000000002, 503.9999999999999, 762.0000000000001, 77.99999999999996, 713.0000000000001, 552.0, 380.0]","[0, 13, 33, 47, 66, 66, 87, 96, 96, 127, 127, 157, 157, 182, 193]","[204, 66, 66, 53, 70, 204, 204, 106, 204, 142, 204, 170, 204, 204, 204]",49420436.0,934.0000000000002,-934.0000000000002,0.0,,,,DWT,mdp.39015067403777,0.0,,0.0,40.5,15.0,0.0,40.5,,2.2737367544323206e-13,144.76666666666665,3682.0,144.7666666666667,,0.0,144.76666666666665,,,75.99999999999996,0.0,45.0,2.2737367544323206e-13,2.2737367544323206e-13,,5.684341886080802e-14,5.3433472599754354e-14,5.270234287475863e-27,0.9727982173934608,0.8544712025227424,0.0005971502726744742,0.6460696650206847,0.0003158812241360174,1.8154615625259147e-08,6.290417722800917e-09,6.290417722800917e-09,5.824141381262421e-09,,1.761808214989251e-13,0.9999999937096067,1.0360011940455003e-13,,,,,,0.0,1.0,7.979777238353076e-14,7.979777238353076e-14,0.600000007822853,0.2287619942559398,565,1.2697673253317292,0.7226296200085803,220,0,0.18181818456996712,0.24480016517493863,559,0,0.35346458806196457,0.6906717754175451,232,194.06699874012583,0.796575473018736,394.0,322.200769333858,0.6917887847273974,335,db,0.646876945778354,0.7349580893483774,0.326698711150639,3,252.0,,5.627926371228493e-14,0.00022810626045038918,5.4597313559637555e-27,0.9727982173934607,0.8544712025227424,0.001238452342689881,0.7547950299011551,0.0017030651398401802,0.9927249107251062,0.9667891384887772,0.9667891384887772,0.9667891384882792,,1.7240014750901214e-13,0.999999999963378,1.0360011940455002e-13,,,,,1.0,,0.0,0.9999999999999999,1.0,7.979777238353079e-14,7.979777238353079e-14,1.0,2.467927697839141,0.6468372942252378,584,1.3142014277633427,0.7123705884066235,937,249.60869375885127,0.8691778334597215,760.5,719.5371466140698,0.7352964638996721,230,0.5947627399969394,0.9115529220878905,0.31020020537577525,4,173.5,195,,,,,,,,,,3.5334396020675656e-19,0.04710947485633937,5.2702342874758625e-27,0.9803124793572388,0.22474653394964392,0.00021628862340870026,0.4208491841925588,1.0,0.0016935086587194096,0.0013519450689085228,0.0003110952106926472,0.0003110952106926472,0.00031109521068762257,,3.759966571357034e-19,0.011480097365344586,1.04866601015361e-18,,,,,0.30000000000000004,,0.0,1.0,1.0,7.9901355866623535e-19,7.9901355866623535e-19,1.0,0.5264256178929667,0.14007781933620056,67,1.2838188184982828,0.7081548999583631,215,104.65180361560904,0.5927945384606652,141.0,102.16312056737588,0.5220782030824727,176,112.48780487804878,105.5,72.93041566078782,82,0.44461582955750506,0.6284236608665632,0.5002418210497774,3,132.75,69
db22,1.0,periodic,1.4173790972773938e-26,317.8920772872216,8625337.566321362,0.6008064516129032,267.75812345169294,205,raw,8.2561599833198e-14,-2.0487977980821065e-10,6.477386167437972,70311.19811181736,0.8685849296157772,8.495265437916494e-06,1.0,388.9999999999998,,,,[],[],15,535.0,78.00000000000009,913.0000000000001,"[8, 24, 38, 50, 67, 78, 93, 103, 117, 133, 151, 166, 180, 190, 201]","[913.0000000000001, 578.0000000000002, 520.9999999999999, 269.00000000000006, 231.00000000000014, 890.9999999999998, 370.9999999999999, 458.0000000000002, 803.9999999999998, 504.00000000000006, 762.0, 78.00000000000009, 713.0000000000001, 552.0, 379.9999999999998]","[0, 13, 33, 47, 66, 66, 87, 96, 96, 127, 127, 157, 157, 182, 193]","[204, 66, 66, 53, 70, 204, 204, 106, 204, 142, 204, 170, 204, 204, 204]",49420436.0,934.0000000000001,-934.0000000000001,0.0,,,,DWT,mdp.39015067403777,0.0,,0.0,40.5,15.0,0.0,40.5,,1.1368683772161603e-13,144.76666666666665,3682.0,144.76666666666665,,0.0,144.76666666666665,,,76.00000000000009,0.0,45.0,1.1368683772161603e-13,1.1368683772161603e-13,,2.2737367544323206e-13,6.292568374484039e-14,6.625413600882866e-27,0.9697296712530118,0.8753164094548617,0.0008939920851018949,0.6353641278711124,0.00033643619573275624,1.8155147708340788e-08,6.290417722800917e-09,6.290417722800917e-09,5.824095620788946e-09,,7.047232859957004e-13,0.9999999937096067,5.1800059702275014e-14,,,,,,0.0,1.0,3.989888619176538e-14,3.989888619176538e-14,0.6000000078232212,0.22876199425608015,147,1.2742232291485458,0.7251654925402662,204,0,0.18181818457004745,0.24480016517504677,157,0,0.3545200909799833,0.6927342340031237,218,34.78026260203719,0.9635427016750134,181.5,176.5126559698241,0.8866455646739847,32,db,0.646876945778354,0.7349580893483774,0.326698711150639,3,24.75,,6.577147485737093e-14,0.00022810626045038918,6.814910669370758e-27,0.9697296712530117,0.8753164094548618,0.0015351036761039301,0.7473781722395864,0.0017235915889011989,0.99272491072511,0.9667891384887772,0.9667891384887772,0.9667891384882776,,6.896005900360486e-13,0.999999999963378,5.180005970227501e-14,,,,,1.0,,0.0,0.9999999999999999,1.0,3.9898886191765394e-14,3.9898886191765394e-14,1.0,2.4679276978393587,0.6468372942252949,260,1.3199726967268397,0.7154989385822708,901,453.255446740577,0.7624447344126954,580.5,403.5486649440138,0.7290997256969137,253,0.5947627399969394,0.9115529220878905,0.31020020537577525,4,190.75,200,,,,,,,,,,4.1611389287137674e-19,0.04710947485633937,6.625413600882866e-27,0.9780915930882326,0.23100745554355911,0.0002701789772084599,0.41623494431513075,1.0,0.0017140353042756952,0.001351945068908528,0.0003110952106926472,0.0003110952106926472,0.00031109521068762203,,1.5039866285428136e-18,0.011480097365344586,5.24333005076805e-19,,,,,0.30000000000000004,,0.0,1.0,1.0,3.9950677933311767e-19,3.9950677933311767e-19,1.0,0.5264256178929667,0.14007781933620056,69,1.2838062074179877,0.7081479436821534,216,103.94469683442249,0.5955459267143094,142.5,104.58947368421052,0.5205356092715516,177,112.48780487804878,105.5,72.93041566078782,82,0.44461582955750506,0.6284236608665632,0.5002418210497774,3,133.5,70
db17,1.0,symmetric,1.5624417671129916e-26,317.4688991248745,9149510.259757077,0.6008403361344538,266.5925733997472,205,raw,8.336745927741368e-14,-1.97641236709957e-10,6.470574129275294,71074.69924870979,0.8776660543859335,8.495265437916494e-06,0.9999999999999998,388.9999999999999,,,,[],[],15,535.0,78.00000000000004,913.0,"[8, 24, 38, 50, 67, 78, 93, 103, 117, 133, 151, 166, 180, 190, 201]","[913.0, 578.0, 521.0000000000001, 269.0, 231.00000000000023, 890.9999999999999, 371.0, 458.00000000000006, 804.0, 503.99999999999955, 761.9999999999999, 78.00000000000004, 712.9999999999999, 552.0000000000002, 380.00000000000017]","[0, 13, 33, 47, 66, 66, 87, 96, 96, 127, 127, 157, 157, 182, 193]","[204, 66, 66, 53, 70, 204, 204, 106, 204, 142, 204, 170, 204, 204, 204]",49420436.0,934.0,-934.0,0.0,,,,DWT,mdp.39015067403777,0.0,,0.0,40.5,15.0,0.0,40.5,,0.0,144.76666666666665,3682.0,144.76666666666665,,0.0,144.76666666666665,,,76.00000000000004,0.0,45.0,0.0,0.0,,1.1368683772161603e-13,6.379627115755531e-14,7.426111781725068e-27,0.9681577759940816,0.8728064372660665,0.0013763039098302942,0.635772419203901,0.00038827503363490984,1.8154970347313575e-08,6.290417722800917e-09,6.290417722800917e-09,5.824095620788946e-09,,3.523616429978502e-13,0.9999999937096067,0.0,,,,,,0.0,1.0,0.0,0.0,0.6000000078229499,0.22876199425597674,343,1.2724503138794307,0.7241565194302569,208,0,0.1818181845699873,0.2448001651749658,373,0,0.354071601629654,0.6918578833125321,223,83.40413658806139,0.9125742803060153,286.75,268.6652805320968,0.8059988801949364,130,db,0.646876945778354,0.7349580893483774,0.326698711150639,3,98.25,,6.664206227008586e-14,0.00022810626045038918,7.61560885021296e-27,0.9681577759940815,0.8728064372660665,0.002017106008447276,0.7476610388213782,0.0017753584940790087,0.9927249107251087,0.9667891384887772,0.9667891384887772,0.9667891384882776,,3.448002950180243e-13,0.999999999963378,0.0,,,,,1.0,,0.0,0.9999999999999999,1.0,0.0,0.0,1.0,2.467927697839144,0.6468372942252385,529,1.3181494280380437,0.7145106251006216,917,274.35743110038044,0.856206797117201,723.0,670.9446749654219,0.7386379897535691,214,0.5947627399969394,0.9115529220878905,0.31020020537577525,4,161.5,192,,,,,,,,,,4.218708985299658e-19,0.04710947485633937,7.426111781725068e-27,0.97695392057588,0.23025357772751592,0.00035774061370391245,0.41641092372868466,0.9999999999999998,0.001765802705006917,0.0013519450689085263,0.0003110952106926472,0.0003110952106926472,0.00031109521068762203,,7.519933142714068e-19,0.011480097365344586,0.0,,,,,0.30000000000000004,,0.0,1.0,1.0,0.0,0.0,1.0,0.5264256178929667,0.14007781933620056,65,1.2828815445465165,0.7076378993255767,217,107.48023074035522,0.5817889854460887,141.0,100.03546099290779,0.5165754265751844,181,112.48780487804878,105.5,72.93041566078782,82,0.44461582955750506,0.6284236608665632,0.5002418210497774,3,136.5,71
db1,1.0,periodization,5.996689715371531e-27,321.62782174589256,7870853.304480999,0.6019417475728155,318.70038019130135,205,raw,5.788323749850572e-14,-2.1851276343909526e-10,6.278917175583006,73238.1400697521,0.8261744477000609,8.495265437916494e-06,1.0,389.00000000000006,,,,[],[],15,535.0,78.0,913.0000000000001,"[8, 24, 38, 50, 67, 78, 93, 103, 117, 133, 151, 166, 180, 190, 201]","[913.0000000000001, 578.0, 520.9999999999999, 269.00000000000006, 231.0000000000001, 891.0000000000001, 371.00000000000006, 458.00000000000006, 804.0000000000001, 504.0, 762.0000000000002, 78.0, 713.0000000000001, 552.0000000000001, 380.0000000000001]","[0, 13, 33, 47, 66, 66, 87, 96, 96, 127, 127, 157, 157, 182, 193]","[204, 66, 66, 53, 70, 204, 204, 106, 204, 142, 204, 170, 204, 204, 204]",49420436.00000001,934.0000000000001,-934.0000000000001,0.0,,,,DWT,mdp.39015067403777,7.450580596923828e-09,,0.0,40.5,15.0,0.0,40.5,,1.1368683772161603e-13,144.76666666666665,3682.0,144.7666666666667,,0.0,144.76666666666665,,,76.0,0.0,45.0,1.1368683772161603e-13,1.1368683772161603e-13,,5.684341886080802e-14,3.626511437481577e-14,2.1119229083533066e-27,0.9836060938230955,0.8021882739397905,0.0001997615660111228,0.6490438695163092,0.0005351644783440345,1.815479298628636e-08,6.290417722800917e-09,6.290417722800917e-09,5.824141381262421e-09,,1.761808214989251e-13,0.9999999937096067,5.1800059702275014e-14,,,,,,5.895350581590817e-14,1.0,3.989888619176538e-14,3.989888619176538e-14,0.6000000078228938,0.2287619942559553,470,1.2511892876446302,0.7120567850911075,299,0,0.18181818456997667,0.24480016517495148,469,0,0.347939023331941,0.6798747911335044,304,97.0171806090722,0.8983048421288551,385.5,367.18096086164303,0.7471083959071948,215,db,0.646876945778354,0.7349580893483774,0.326698711150639,3,162.0,,3.911090548734638e-14,0.00022810626045038918,2.301419976841199e-27,0.9836060938230954,0.8021882739397906,0.0008413186344991212,0.7568555758683724,0.0019220441117279048,0.9927249107251075,0.9667891384887772,0.9667891384887772,0.9667891384882792,,1.7240014750901214e-13,0.999999999963378,5.180005970227501e-14,,,,,1.0,,5.895350581590817e-14,0.9999999999999999,1.0,3.9898886191765394e-14,3.9898886191765394e-14,1.0,2.467927697839129,0.6468372942252347,598,1.2952579324511893,0.7021021557166942,1072,335.1686142824235,0.8243351078184363,835.0,767.7317365269462,0.6933520402823838,345,0.5947627399969394,0.9115529220878905,0.31020020537577525,4,259.75,213,,,,,,,,,,2.3981333248790736e-19,0.04710947485633937,2.1119229083533066e-27,0.9881347714985521,0.2090431966009631,0.0001441444135920556,0.42213110893819233,1.0,0.0019124897268455756,0.0013519450689085245,0.0003110952106926472,0.0003110952106926472,0.00031109521068762257,,3.759966571357034e-19,0.011480097365344586,5.24333005076805e-19,,,,,0.30000000000000004,,1.4994307020563442e-21,1.0,1.0,3.9950677933311767e-19,3.9950677933311767e-19,1.0,0.5264256178929667,0.14007781933620056,78,1.281224815329326,0.7067240469219875,227,105.35891039679558,0.5900431502070211,152.5,116.1049180327869,0.4983289680996195,188,112.48780487804878,105.5,72.93041566078782,82,0.44461582955750506,0.6284236608665632,0.5002418210497774,3,141.75,72
haar,1.0,periodization,5.996689715371531e-27,321.62782174589256,7870853.304480999,0.6019417475728155,318.70038019130135,205,raw,5.788323749850572e-14,-2.1851276343909526e-10,6.278917175583006,73238.1400697521,0.8261744477000609,8.495265437916494e-06,1.0,389.00000000000006,,,,[],[],15,535.0,78.0,913.0000000000001,"[8, 24, 38, 50, 67, 78, 93, 103, 117, 133, 151, 166, 180, 190, 201]","[913.0000000000001, 578.0, 520.9999999999999, 269.00000000000006, 231.0000000000001, 891.0000000000001, 371.00000000000006, 458.00000000000006, 804.0000000000001, 504.0, 762.0000000000002, 78.0, 713.0000000000001, 552.0000000000001, 380.0000000000001]","[0, 13, 33, 47, 66, 66, 87, 96, 96, 127, 127, 157, 157, 182, 193]","[204, 66, 66, 53, 70, 204, 204, 106, 204, 142, 204, 170, 204, 204, 204]",49420436.00000001,934.0000000000001,-934.0000000000001,0.0,,,,DWT,mdp.39015067403777,7.450580596923828e-09,,0.0,40.5,15.0,0.0,40.5,,1.1368683772161603e-13,144.76666666666665,3682.0,144.7666666666667,,0.0,144.76666666666665,,,76.0,0.0,45.0,1.1368683772161603e-13,1.1368683772161603e-13,,5.684341886080802e-14,3.626511437481577e-14,2.1119229083533066e-27,0.9836060938230955,0.8021882739397905,0.0001997615660111228,0.6490438695163092,0.0005351644783440345,1.815479298628636e-08,6.290417722800917e-09,6.290417722800917e-09,5.824141381262421e-09,,1.761808214989251e-13,0.9999999937096067,5.1800059702275014e-14,,,,,,5.895350581590817e-14,1.0,3.989888619176538e-14,3.989888619176538e-14,0.6000000078228938,0.2287619942559553,471,1.2511892876446302,0.7120567850911075,298,0,0.18181818456997667,0.24480016517495148,465,0,0.347939023331941,0.6798747911335044,307,95.65345437219366,0.899734324557449,385.25,367.4203397675286,0.7479541643751606,213,haar,0.17615851110106534,0.11453839981667265,0.8423275222842523,1,160.0,,3.911090548734638e-14,0.00022810626045038918,2.301419976841199e-27,0.9836060938230954,0.8021882739397906,0.0008413186344991212,0.7568555758683724,0.0019220441117279048,0.9927249107251075,0.9667891384887772,0.9667891384887772,0.9667891384882792,,1.7240014750901214e-13,0.999999999963378,5.180005970227501e-14,,,,,1.0,,5.895350581590817e-14,0.9999999999999999,1.0,3.9898886191765394e-14,3.9898886191765394e-14,1.0,2.467927697839129,0.6468372942252347,602,1.2952579324511893,0.7021021557166942,1073,333.0472939388639,0.8254469109335095,837.5,771.2788059701492,0.6932528055715765,346,0.31790054424811753,0.16103564896213807,0.7291589243376763,1,259.75,214,,,,,,,,,,2.3981333248790736e-19,0.04710947485633937,2.1119229083533066e-27,0.9881347714985521,0.2090431966009631,0.0001441444135920556,0.42213110893819233,1.0,0.0019124897268455756,0.0013519450689085245,0.0003110952106926472,0.0003110952106926472,0.00031109521068762257,,3.759966571357034e-19,0.011480097365344586,5.24333005076805e-19,,,,,0.30000000000000004,,1.4994307020563442e-21,1.0,1.0,3.9950677933311767e-19,3.9950677933311767e-19,1.0,0.5264256178929667,0.14007781933620056,79,1.281224815329326,0.7067240469219875,226,103.94469683442249,0.5955459267143094,152.5,117.07540983606559,0.5010803563532636,187,187.0,187.0,,1,0.7391304347826086,,,9,142.5,73
bior1.1,1.0,antireflect,6.432317947744457e-27,321.323262491299,7872148.460078757,0.6019417475728155,318.70038019130135,205,raw,5.792656327507646e-14,-2.187747760729068e-10,6.287076171262254,74657.88905646151,0.8270739544403346,8.495265437916494e-06,1.0,389.00000000000006,,,,[],[],15,535.0,78.0,913.0000000000002,"[8, 24, 38, 50, 67, 78, 93, 103, 117, 133, 151, 166, 180, 190, 201]","[913.0000000000002, 578.0, 520.9999999999999, 269.00000000000006, 231.0000000000001, 891.0000000000001, 371.0, 458.00000000000006, 804.0000000000001, 504.0, 762.0000000000002, 78.0, 713.0000000000001, 552.0000000000001, 380.0000000000001]","[0, 13, 33, 47, 66, 66, 87, 96, 96, 127, 127, 157, 157, 182, 193]","[204, 66, 66, 53, 70, 204, 204, 106, 204, 142, 204, 170, 204, 204, 204]",49420436.00000001,934.0000000000002,-934.0000000000002,0.0,,,,DWT,mdp.39015067403777,7.450580596923828e-09,,0.0,40.5,15.0,0.0,40.5,,2.2737367544323206e-13,144.76666666666665,3682.0,144.76666666666674,,0.0,144.76666666666665,,,76.0,0.0,45.0,2.2737367544323206e-13,2.2737367544323206e-13,,5.684341886080802e-14,3.6311920149692914e-14,2.3523753511353225e-27,0.9824748084899778,0.805194547797094,0.00020095328940206798,0.6490438695163092,0.0006315600618310899,1.815479298628636e-08,6.290417722800917e-09,6.290417722800917e-09,5.824164261499158e-09,,1.761808214989251e-13,0.9999999937096067,1.0360011940455003e-13,,,,,,5.895350581590817e-14,1.0,7.979777238353076e-14,7.979777238353076e-14,0.6000000078229426,0.22876199425597393,376,1.2520528074685018,0.7125482176470926,283,0,0.1818181845699907,0.24480016517497036,343,0,0.3482208198792358,0.6804254231577583,297,42.71123973850443,0.955229308450205,324.75,320.6258967698748,0.8074102517093793,123,bior,0.7220500223186996,0.7474792470919258,0.27032121024933253,5,93.5,,3.915771126222353e-14,0.00022810626045038918,2.5418724196232148e-27,0.9824748084899777,0.805194547797094,0.0008425095931787412,0.7568555758683724,0.0020183059345595224,0.9927249107251075,0.9667891384887772,0.9667891384887772,0.96678913848828,,1.7240014750901214e-13,0.999999999963378,1.0360011940455002e-13,,,,,1.0,,5.895350581590817e-14,0.9999999999999999,1.0,7.979777238353079e-14,7.979777238353079e-14,1.0,2.4679276978391713,0.6468372942252457,485,1.2961213983884428,0.7025702024900394,1053,401.636651713959,0.7894986102128098,769.0,664.1157347204161,0.6932293889638472,348,0.7025000621287805,0.8057019689583358,0.26653936582235294,5,262.25,215,,,,,,,,,,2.401228489211648e-19,0.04710947485633937,2.3523753511353225e-27,0.9873159941533036,0.20994614013957638,0.00014436076584595242,0.42213110893819233,1.0,0.0020087524711708497,0.0013519450689085245,0.0003110952106926472,0.0003110952106926472,0.0003110952106876228,,3.759966571357034e-19,0.011480097365344586,1.04866601015361e-18,,,,,0.30000000000000004,,1.4994307020563442e-21,1.0,1.0,7.9901355866623535e-19,7.9901355866623535e-19,1.0,0.5264256178929667,0.14007781933620056,80,1.2812236339653404,0.7067233952812085,228,104.65180361560904,0.5927945384606652,154.0,118.44155844155844,0.4967863742886984,189,189.53333333333333,208.0,53.22307054365841,15,0.7491436100131752,0.4586102592527561,0.3380163952149505,5,143.0,74
db31,1.0,periodic,1.9728049011477758e-26,316.4560961426551,8994312.397342248,0.5977443609022557,272.0248875436176,205,raw,9.840150374745972e-14,-2.065866366862694e-10,6.550460021911171,72104.73538847003,0.8794922312012745,8.495265437916494e-06,1.0,389.0,,,,[],[],15,535.0,78.00000000000004,912.9999999999997,"[8, 24, 38, 50, 67, 78, 93, 103, 117, 133, 151, 166, 180, 190, 201]","[912.9999999999997, 577.9999999999999, 521.0000000000002, 269.0, 230.99999999999986, 890.9999999999999, 371.0000000000004, 458.0000000000001, 804.0000000000002, 503.99999999999966, 761.9999999999999, 78.00000000000004, 713.0, 551.9999999999998, 379.9999999999997]","[0, 13, 33, 47, 66, 66, 87, 96, 96, 127, 127, 157, 157, 182, 193]","[204, 66, 66, 53, 70, 204, 204, 106, 204, 142, 204, 170, 204, 204, 204]",49420436.0,933.9999999999997,-933.9999999999997,0.0,,,,DWT,mdp.39015067403777,0.0,,0.0,40.5,15.0,0.0,40.5,,3.410605131648481e-13,144.76666666666665,3682.0,144.76666666666665,,0.0,144.76666666666665,,,76.00000000000004,0.0,45.0,3.410605131648481e-13,3.410605131648481e-13,,0.0,8.003787503992636e-14,9.69118118434077e-27,0.9643957193767193,0.9022412942067815,0.0012335002782168066,0.5984674847974829,0.00045821058959193253,1.8154970347313575e-08,6.290417722800917e-09,6.290417722800917e-09,5.824095620788946e-09,,0.0,0.9999999937096067,1.5540017910682504e-13,,,,,,0.0,1.0,1.1969665857529616e-13,1.1969665857529616e-13,0.6000000078228994,0.22876199425595747,454,1.2699451070233845,0.7227307962742806,219,0,0.1818181845699912,0.24480016517497102,322,0,0.3523994584641246,0.6885905062459331,249,104.68683457499961,0.8902653725628935,311.0,287.96643963210647,0.7821347827175055,158,db,0.646876945778354,0.7349580893483774,0.326698711150639,3,119.25,,8.288366615245685e-14,0.00022810626045038918,9.880678252828663e-27,0.9643957193767192,0.9022412942067816,0.0018743940118182041,0.721815965874467,0.0018451970059032525,0.9927249107251087,0.9667891384887772,0.9667891384887772,0.9667891384882776,,0.0,0.999999999963378,1.5540017910682502e-13,,,,,1.0,,0.0,0.9999999999999999,1.0,1.1969665857529618e-13,1.1969665857529618e-13,1.0,2.467927697839097,0.6468372942252263,691,1.3202281727656395,0.7156374208668269,899,147.07821048680188,0.9229149840215923,795.0,781.3949685534592,0.7531241586774629,169,0.5947627399969394,0.9115529220878905,0.31020020537577525,4,127.75,169,,,,,,,,,,5.292731008703167e-19,0.04710947485633937,9.69118118434077e-27,0.974231100223079,0.2390944269469096,0.0003318152288377793,0.400331962574474,1.0,0.0018356418853801631,0.0013519450689085263,0.0003110952106926472,0.0003110952106926472,0.00031109521068762203,,0.0,0.011480097365344586,1.5729990152304151e-18,,,,,0.30000000000000004,,0.0,1.0,1.0,1.198520337999353e-18,1.198520337999353e-18,1.0,0.5264256178929667,0.14007781933620056,92,1.2792516654625645,0.7056356567797292,231,98.2878425849301,0.6175570327434626,161.5,131.59133126934987,0.4945761817413811,191,112.48780487804878,105.5,72.93041566078782,82,0.44461582955750506,0.6284236608665632,0.5002418210497774,3,144.0,75
rbio1.1,1.0,smooth,6.432317947744457e-27,321.323262491299,7872148.460078757,0.6019417475728155,318.70038019130135,205,raw,5.792656327507646e-14,-2.187747760729068e-10,6.287076171262254,74657.88905646151,0.8270739544403346,8.495265437916494e-06,1.0,389.00000000000006,,,,[],[],15,535.0,78.0,913.0000000000002,"[8, 24, 38, 50, 67, 78, 93, 103, 117, 133, 151, 166, 180, 190, 201]","[913.0000000000002, 578.0, 520.9999999999999, 269.00000000000006, 231.0000000000001, 891.0000000000001, 371.0, 458.00000000000006, 804.0000000000001, 504.0, 762.0000000000002, 78.0, 713.0000000000001, 552.0000000000001, 380.0000000000001]","[0, 13, 33, 47, 66, 66, 87, 96, 96, 127, 127, 157, 157, 182, 193]","[204, 66, 66, 53, 70, 204, 204, 106, 204, 142, 204, 170, 204, 204, 204]",49420436.00000001,934.0000000000002,-934.0000000000002,0.0,,,,DWT,mdp.39015067403777,7.450580596923828e-09,,0.0,40.5,15.0,0.0,40.5,,2.2737367544323206e-13,144.76666666666665,3682.0,144.76666666666674,,0.0,144.76666666666665,,,76.0,0.0,45.0,2.2737367544323206e-13,2.2737367544323206e-13,,5.684341886080802e-14,3.6311920149692914e-14,2.3523753511353225e-27,0.9824748084899778,0.805194547797094,0.00020095328940206798,0.6490438695163092,0.0006315600618310899,1.815479298628636e-08,6.290417722800917e-09,6.290417722800917e-09,5.824164261499158e-09,,1.761808214989251e-13,0.9999999937096067,1.0360011940455003e-13,,,,,,5.895350581590817e-14,1.0,7.979777238353076e-14,7.979777238353076e-14,0.6000000078229426,0.22876199425597393,359,1.2520528074685018,0.7125482176470926,279,0,0.1818181845699907,0.24480016517497036,340,0,0.3482208198792358,0.6804254231577583,295,37.48221800623153,0.960710463305837,318.25,314.9419890733578,0.813557537732583,100,rbio,0.7021383304475397,0.9188624283701327,0.2328444401756824,6,76.5,,3.915771126222353e-14,0.00022810626045038918,2.5418724196232148e-27,0.9824748084899777,0.805194547797094,0.0008425095931787412,0.7568555758683724,0.0020183059345595224,0.9927249107251075,0.9667891384887772,0.9667891384887772,0.96678913848828,,1.7240014750901214e-13,0.999999999963378,1.0360011940455002e-13,,,,,1.0,,5.895350581590817e-14,0.9999999999999999,1.0,7.979777238353079e-14,7.979777238353079e-14,1.0,2.4679276978391713,0.6468372942252457,499,1.2961213983884428,0.7025702024900394,1055,393.1513703397204,0.7939458226731025,777.0,677.5353925353926,0.6933565591352935,344,0.5534034145977783,0.9576026100001634,0.32533682678150616,3,258.75,212,,,,,,,,,,2.401228489211648e-19,0.04710947485633937,2.3523753511353225e-27,0.9873159941533036,0.20994614013957638,0.00014436076584595242,0.42213110893819233,1.0,0.0020087524711708497,0.0013519450689085245,0.0003110952106926472,0.0003110952106926472,0.0003110952106876228,,3.759966571357034e-19,0.011480097365344586,1.04866601015361e-18,,,,,0.30000000000000004,,1.4994307020563442e-21,1.0,1.0,7.9901355866623535e-19,7.9901355866623535e-19,1.0,0.5264256178929667,0.14007781933620056,77,1.2812236339653404,0.7067233952812085,229,107.48023074035522,0.5817889854460887,153.0,115.24836601307189,0.4932291230732389,192,138.2093023255814,141.0,56.34272595951746,43,0.5462818273738396,0.4854915715188868,0.4719552493826462,4,145.0,76
sym8,1.0,periodic,6.320533654760216e-22,269.8876424059855,7255806.561318063,0.5409090909090909,94.73085392227607,205,smoothed,2.0021980821261746e-11,,6.240858725511309,49062.47296605488,0.9885570698491578,0.0001756966493315997,0.9999999999999998,438.2000000000285,,,,[],[],13,320.16923076919034,47.400000000024306,784.7999999999595,"[7, 24, 40, 50, 80, 91, 101, 111, 139, 152, 174, 190, 200]","[160.59999999992903, 598.3999999999932, 234.1999999999423, 59.39999999994916, 47.400000000024306, 784.7999999999595, 63.19999999997907, 275.3999999999634, 244.599999999996, 588.5999999999092, 658.1999999999211, 360.5999999999297, 86.79999999997807]","[1, 1, 35, 47, 1, 1, 100, 96, 129, 129, 158, 184, 193]","[14, 54, 54, 54, 82, 202, 102, 158, 144, 158, 202, 202, 202]",43515985.919998914,784.7999999999759,-784.7999999999759,0.0,,,,DWT,mdp.39015067403777,1.087784767150879e-06,,0.0,34.0,9.0,0.0,34.0,,2.4101609596982598e-11,108.605594405554,492.2000000005255,108.60559440555981,,0.0,108.605594405554,,,43.20000000002432,0.0,43.0,4.0472514228895307e-11,2.4101609596982598e-11,,2.8535396268125623e-11,3.602028445313038e-11,1.5097504364326807e-21,0.7898727456237378,0.17245889075190135,0.12556435320553339,0.28159114558698345,0.029753922192803203,4.005939360392978e-09,4.063820876409286e-09,4.063820876409286e-09,3.392638478687121e-09,,8.654487404952409e-11,0.9999999959361738,2.8754534341184306e-11,,,,,,1.710912164658149e-11,1.0,4.423916023108412e-11,4.423916023108412e-11,0.7000000027098527,0.23962582464946133,44,0.7474732964756808,0.3579031236244025,731,0,0.2500000009736067,0.3184898642702244,44,0,0.19989157962813994,0.3040790544548854,716,392.35729889986754,0.5887240053460507,383.75,82.95453775912685,0.593235168291474,579,sym,1.0,1.0,0.0,7,436.0,1.0,2.1606757952861655e-11,0.9999999999699234,3.488716411107772e-22,0.7914172007348641,0.7881652093374852,0.0002757531855216251,0.24735748711982714,0.00028288549611510914,4.3946513095249884e-11,8.937767193017976e-11,8.937767193017976e-11,7.461603557246121e-11,,8.654487404952409e-11,0.0033414156807159423,1.8440821254009904e-11,,,,,0.0,,8.607211849122592e-12,0.7592592592592592,0.9,8.458563872654262e-12,8.458563872654262e-12,0.0,0.16759663391565913,0.043926632574439656,991,1.2681269507462578,0.687395648028535,1307,223.44574285494903,0.8828900718789575,1149.0,1127.2732811140122,0.6403444070086611,674,0.8558684230145931,0.7791660701243863,0.16714228285246893,6,507.0,231,,,,,,,,,,1.42861983468139e-16,0.9999999999716218,3.488714516137087e-22,0.849036431705396,0.204831326300642,4.1402511873457935e-05,0.1051577347883047,0.9999999999999998,0.00027331541992108954,5.982996216513659e-14,2.843835193375166e-14,2.843835193375166e-14,2.3461647121608697e-14,,1.887503218821231e-16,8.020493991178768e-14,1.8666254980734258e-16,,,,,0.0,,2.1891688250022625e-19,0.9071428571428571,0.9731543624161074,8.469543721862095e-17,8.469543721862095e-17,0.9071428571428571,0.3694582933845503,0.0983100181942598,223,1.3540306435042722,0.7468837666773993,36,132.22896808188437,0.4854903965685433,129.5,61.992277992278,0.49079967299244287,194,225.94736842105263,230.0,18.404328247605616,19,0.8930726024547535,0.15858562203929286,0.3272734916698847,6,147.0,77
sym4,1.0,symmetric,9.210998694449443e-22,268.25211267995974,7085112.560089969,0.5518867924528302,94.92635226636773,205,smoothed,2.2989398460785055e-11,,6.175634631571604,50304.40109479133,0.9900884132860424,0.00017569664933141403,0.9999999999999998,438.1999999999812,,,,[],[],13,320.16923076929044,47.40000000008638,784.800000000061,"[7, 24, 40, 50, 80, 91, 101, 111, 139, 152, 174, 190, 200]","[160.60000000002447, 598.4000000000493, 234.20000000004586, 59.40000000001629, 47.40000000008638, 784.800000000061, 63.199999999982026, 275.40000000007154, 244.60000000010336, 588.6000000000716, 658.2000000000504, 360.6000000000855, 86.80000000012791]","[1, 1, 35, 47, 1, 1, 100, 96, 129, 129, 158, 184, 193]","[14, 54, 54, 54, 82, 202, 102, 158, 144, 158, 202, 202, 202]",43515985.92000045,784.800000000035,-784.800000000035,0.0,,,,DWT,mdp.39015067403777,4.470348358154297e-07,,0.0,34.0,9.0,0.0,34.0,,3.501554601825774e-11,108.6055944056541,492.199999999224,108.60559440565407,,0.0,108.6055944056541,,,43.20000000008639,0.0,43.0,6.104983185650781e-11,3.501554601825774e-11,,1.8815171642927453e-11,4.136456550121722e-11,2.2001816103019227e-21,0.7836681706803524,0.06659806055783697,0.054091876551790444,0.38591548374007756,0.03861063412476981,4.177192327099411e-09,4.185505400790044e-09,4.185505400790044e-09,3.5072230117315667e-09,,5.706444882548302e-11,0.9999999958144734,4.3374115003415653e-11,,,,,,7.031145882156776e-12,1.0,6.427198750553732e-11,6.427198750553732e-11,0.7000000028033081,0.23962582468145321,43,0.7003563181213734,0.33534270065242466,825,0,0.2500000010088261,0.31848986431509246,43,0,0.18984060367088457,0.2887893095285777,776,437.80008755899837,0.5410900549696034,421.75,81.61198538736166,0.5495020505455983,709,sym,1.0,1.0,0.0,7,533.5,1.0,2.4812523503889748e-11,0.9999999999688132,5.084157954883361e-22,0.7853420256645808,0.7641326572703292,0.00011879173419213215,0.3389988847113476,0.0003670907088795957,4.5825232497520574e-11,9.205397555334116e-11,9.205397555334116e-11,7.713618632720909e-11,,5.706444882548302e-11,0.003341415680309323,2.781663206012168e-11,,,,,0.0,,3.53721034895449e-12,0.7592592592592592,0.9,1.2288856947063741e-11,1.2288856947063741e-11,0.0,0.16759663390732613,0.0439266325722556,998,1.2890773300671878,0.6987519239607511,1136,97.58073580374356,0.9488570567066333,1067.0,1062.5379568884725,0.6948163690241762,335,0.8558684230145931,0.7791660701243863,0.16714228285246893,6,252.75,209,,,,,,,,,,1.6406101546404695e-16,0.9999999999705637,5.084156059912676e-22,0.8446394722731919,0.19761307585658888,1.2888538759897171e-05,0.16217047663733597,0.9999999999999998,0.00035752143876390625,6.238846245176788e-14,2.9299533719356896e-14,2.9299533719356896e-14,2.427257613651923e-14,,1.2445489351191782e-16,7.55211865266503e-14,2.815668237262443e-16,,,,,0.0,,8.996584212338065e-20,0.9071428571428571,0.9731543624161074,1.2304808803460023e-16,1.2304808803460023e-16,0.9071428571428571,0.3694582933845495,0.0983100181942596,224,1.3706078647831985,0.7560277676121242,32,135.7645019878171,0.4717334553003225,128.0,56.0,0.48683949029607565,195,225.94736842105263,230.0,18.404328247605616,19,0.8930726024547535,0.15858562203929286,0.3272734916698847,6,147.75,78
rbio3.9,1.0,antisymmetric,3.4949693544911704e-27,323.972503804568,8062700.759504201,0.5892857142857143,334.86561980137793,205,raw,3.1835780624178135e-14,-2.077569227765269e-10,6.59346610054981,118161.43783933372,0.8201325130320704,8.495265437916495e-06,1.0,388.99999999999994,,,,[],[],15,535.0,78.0,913.0,"[8, 24, 38, 50, 67, 78, 93, 103, 117, 133, 151, 166, 180, 190, 201]","[913.0, 578.0, 520.9999999999999, 269.0, 230.9999999999999, 891.0, 370.9999999999999, 458.0000000000001, 804.0, 503.99999999999994, 762.0, 78.0, 712.9999999999998, 551.9999999999999, 380.0]","[0, 13, 33, 47, 66, 66, 87, 96, 96, 127, 127, 157, 157, 182, 193]","[204, 66, 66, 53, 70, 204, 204, 106, 204, 142, 204, 170, 204, 204, 204]",49420436.0,934.0,-934.0,0.0,,,,DWT,mdp.39015067403777,0.0,,0.0,40.5,15.0,0.0,40.5,,0.0,144.76666666666665,3682.0,144.76666666666662,,0.0,144.76666666666665,,,76.0,0.0,45.0,0.0,0.0,,5.684341886080802e-14,8.125482518673223e-15,7.310556292642212e-28,0.9923154151909306,0.9180873682824557,0.00037628792318407237,0.496545074722802,0.0035852863951050034,1.815479298628636e-08,6.290417722800917e-09,6.290417722800917e-09,5.824072740552209e-09,,1.761808214989251e-13,0.9999999937096067,0.0,,,,,,0.0,1.0,0.0,0.0,0.6000000078228017,0.22876199425592023,708,1.2546732216645438,0.7140395057571062,262,0,0.1818181845699531,0.24480016517491976,703,0,0.34441563321635515,0.6729900672069489,375,228.15637912040359,0.7608423698947552,512.0,429.25985198880545,0.6120773694337507,544,rbio,0.7021383304475397,0.9188624283701327,0.2328444401756824,6,409.5,,1.0971273631203905e-14,0.00022810626045038918,9.205526977521135e-28,0.9923154151909305,0.9180873682824559,0.0010177317173119885,0.6512035344302254,0.004967933611483942,0.9927249107251075,0.9667891384887772,0.9667891384887772,0.966789138488277,,1.7240014750901214e-13,0.999999999963378,0.0,,,,,1.0,,0.0,0.9999999999999999,1.0,0.0,0.0,1.0,2.467927697839057,0.6468372942252159,801,1.3174788182092643,0.714147117111491,922,85.55992052357225,0.9551572743587148,861.5,857.2513058618688,0.7518186791080785,178,0.5534034145977783,0.9576026100001634,0.32533682678150616,3,134.25,178,,,,,,,,,,5.3732052813501156e-20,0.04710947485633938,7.310556292642212e-28,0.9944382166327865,0.24385384371270336,0.00017619201418187815,0.3564019437067187,1.0,0.0049584083842444775,0.0013519450689085245,0.0003110952106926472,0.0003110952106926472,0.0003110952106876218,,3.759966571357034e-19,0.011480097365344586,0.0,,,,,0.30000000000000004,,0.0,1.0,1.0,0.0,0.0,1.0,0.5264256178929667,0.14007781933620056,101,1.2773549311364016,0.7045894174758354,236,95.45941546018392,0.6285625857580392,168.5,141.45994065281897,0.4864602812058679,196,138.2093023255814,141.0,56.34272595951746,43,0.5462818273738396,0.4854915715188868,0.4719552493826462,4,148.0,79
dmey,1.0,smooth,1.811702253188784,56.82606928005892,261078397.05707625,0.5827067669172933,280.94777272378354,205,raw,0.9256502362038692,,4.6141357788516,4228674.347719913,0.998211205043555,8.45714709439617e-06,0.9999905866288852,389.13610312513975,,,,[],[],15,535.9236258391028,78.24037165346498,912.4781696512925,"[8, 24, 38, 50, 67, 78, 93, 103, 117, 133, 151, 166, 180, 190, 201]","[912.4781696512925, 577.8649776494617, 522.0340430586147, 269.66275637104866, 231.49734421754528, 893.3288234768376, 372.28308521598274, 459.356781064531, 805.0116585054141, 503.8126101821711, 764.4001701574166, 78.24037165346498, 715.3884390917983, 549.7261081129543, 383.7690491780086]","[0, 13, 33, 47, 66, 66, 87, 96, 96, 127, 127, 157, 157, 182, 193]","[96, 66, 66, 53, 70, 96, 96, 106, 182, 142, 182, 170, 182, 204, 204]",49546816.61967323,936.849373718735,-936.849373718735,0.0,,,,DWT,mdp.39015067403777,126380.61967322975,,0.0,13.5,15.0,0.0,40.5,,2.8493737187350234,145.69029250576943,3668.1456124134575,145.72508119568334,,0.0,145.69029250576943,,,76.24037165346498,0.0,45.0,0.5218303487074536,2.8493737187350234,,0.13610312513975487,0.9999999999999999,1.0,0.0,0.18878081695976778,0.23318593957890227,0.417272089109162,0.28267355769394703,0.9999999999999999,0.7435435252798528,0.7435435252798528,0.7715493515852916,,0.4218388139955058,0.25645647472013344,0.23776581140989494,,,,,,1.0,0.0,0.9999999999999999,0.9999999999999999,2.335621470706266,0.8905023641658123,3,1.3909616369905786,0.7916017833601264,10,0,0.6522452274791393,0.8781835535268736,6,0,0.44598748619168277,0.8714620341204241,5,2.943920288775949,0.9969141296763355,6.0,5.0,0.9953124107501174,1,dmey,0.5855204237425474,1.0,0.29013570338021677,4,1.75,,1.0,1.7962731552190192e-07,1.0,0.0,0.18878081695976778,0.23367799285291396,0.596282754418038,0.2836689358182837,1.0,0.9914828594808363,0.9914828594808363,0.9924129571090484,,0.4127865515617183,0.9956711723509544,0.2377658114098949,,,,,1.0,,1.0,0.0,1.0,1.0,1.0,1.0,3.6157253704825005,0.9476720154128632,3,1.4632101348890643,0.7931416316655839,36,23.33452377915607,0.987770165734195,19.5,5.538461538461538,0.9887750199740157,1,1.0,0.694995948669398,0.09150121539918062,7,2.5,2,,,,,,,,,,6.612783018118514e-06,0.04689223617369365,1.0,0.27624152697888826,0.02480439265043935,0.04244178254244704,0.3222341512540204,0.999992259715825,0.2836620785355935,0.0013618526686522204,0.0003190412022527367,0.0003190412022527367,0.0003193404907958871,,9.002681595134215e-07,0.011430235393299428,2.4067242995011406e-06,,,,,0.30000000000000004,,2.5434122726111633e-08,0.6142857142857143,1.0,1.0012980748709989e-05,1.0012980748709989e-05,1.0,0.48784514319999767,0.1298118509253597,222,1.4557930542729653,0.8030159473084018,11,149.19953083036154,0.4194570784810835,116.5,20.96137339055794,0.4830748427424873,201,201.0,201.0,,1,0.7944664031620553,,,8,152.75,80
sym10,1.0,antisymmetric,2.4661606508176956e-24,293.9749662471963,7308983.371662946,0.5357142857142857,94.09288354970954,205,smoothed,1.1777939057648788e-12,,6.271285031334328,84535.82798417954,0.9940583468321844,0.0001756966493316026,1.0,438.1999999999981,,,,[],[],13,320.16923076923496,47.40000000000248,784.8000000000054,"[7, 24, 40, 50, 80, 91, 101, 111, 139, 152, 174, 190, 200]","[160.600000000004, 598.400000000002, 234.20000000000437, 59.40000000000245, 47.40000000000248, 784.8000000000054, 63.19999999999999, 275.40000000000475, 244.60000000000474, 588.6000000000065, 658.200000000006, 360.60000000000633, 86.80000000000524]","[1, 1, 35, 47, 1, 1, 100, 96, 129, 129, 158, 184, 193]","[14, 54, 54, 54, 82, 202, 102, 158, 144, 158, 202, 202, 202]",43515985.92000006,784.8000000000026,-784.8000000000026,0.0,,,,DWT,mdp.39015067403777,5.960464477539063e-08,,0.0,34.0,9.0,0.0,34.0,,2.6147972675971687e-12,108.60559440559862,492.19999999994525,108.6055944055986,,0.0,108.60559440559862,,,43.20000000000249,0.0,43.0,5.4569682106375694e-12,2.6147972675971687e-12,,1.8758328224066645e-12,2.0821458986686443e-12,5.886432157243847e-24,0.8812508499652232,0.22184177673174832,0.14783038662528097,0.23222337842525165,0.2827293395187313,3.945718536935771e-09,4.118064119815814e-09,4.118064119815814e-09,3.4397817307115883e-09,,5.689204867797401e-12,0.9999999958819147,3.877015866227097e-12,,,,,,9.374861176209034e-13,1.0,4.79953153450441e-12,4.79953153450441e-12,0.7000000026346176,0.23962582462370663,57,0.9195676788358663,0.4403048860623823,286,0,0.2500000009603038,0.318489864253277,57,0,0.25226796160975967,0.3837550505041795,276,129.39088066784305,0.864370146050479,169.0,94.77008625319895,0.8436106495451556,73,sym,1.0,1.0,0.0,7,56.5,1.0,1.24897465797684e-12,0.9999999999699407,1.3602309344829806e-24,0.88088956371389,0.7993761244263001,0.00032465185371590203,0.20399146861669715,0.0026880499638934573,4.3285930395597916e-11,9.057071759244195e-11,9.057071759244195e-11,7.565292836630988e-11,,5.689204867797401e-12,0.003341415680534643,2.4864028657092007e-12,,,,,0.0,,4.716280465272653e-13,0.7592592592592592,0.9,9.17674382410604e-13,9.17674382410604e-13,0.0,0.16759663386090806,0.043926632560089544,1012,1.3110559337919352,0.7106655549590076,959,37.476659402887016,0.9803581449670403,985.5,984.7874175545409,0.7319243555023881,236,0.8558684230145931,0.7791660701243863,0.16714228285246893,6,178.5,196,,,,,,,,,,8.240379809187594e-18,0.9999999999716384,1.3600414374144926e-24,0.9137928125126865,0.2081985589021547,5.028555480132712e-05,0.07817849087760254,1.0,0.0026785029118198433,5.893029120240811e-14,2.882226792302878e-14,2.882226792302878e-14,2.379531034019111e-14,,1.2407889685478213e-17,7.81163328467116e-14,2.516798424368664e-17,,,,,0.0,,1.1995445616450754e-20,0.9071428571428571,0.9731543624161074,9.188655924661706e-18,9.188655924661706e-18,0.9071428571428571,0.3694582933845491,0.0983100181942595,226,1.3847429072433504,0.7638246618740301,26,141.4213562373095,0.4497223492711693,126.0,46.63492063492063,0.4797249878651566,203,225.94736842105263,230.0,18.404328247605616,19,0.8930726024547535,0.15858562203929286,0.3272734916698847,6,153.75,81
db4,1.0,antisymmetric,3.6973573918785865e-27,322.21626556612944,7084142.063006476,0.5424528301886793,96.16590821653384,205,smoothed,3.8518781660214455e-14,-2.0792756405541054e-10,6.1907564841297615,56664.23490852381,0.986427864879101,0.00017569664933161016,0.9999999999999998,438.19999999999993,,,,[],[],13,320.1692307692308,47.39999999999998,784.8,"[7, 24, 40, 50, 80, 91, 101, 111, 139, 152, 174, 190, 200]","[160.60000000000014, 598.4000000000001, 234.20000000000005, 59.400000000000034, 47.39999999999998, 784.8, 63.19999999999993, 275.4000000000001, 244.60000000000008, 588.6000000000001, 658.1999999999999, 360.60000000000014, 86.80000000000013]","[1, 1, 35, 47, 1, 1, 100, 96, 129, 129, 158, 184, 193]","[14, 54, 54, 54, 82, 202, 102, 158, 144, 158, 202, 202, 202]",43515985.92,784.8,-784.8,0.0,,,,DWT,mdp.39015067403777,0.0,,0.0,34.0,9.0,0.0,34.0,,0.0,108.60559440559447,492.1999999999989,108.60559440559447,,0.0,108.60559440559447,,,43.19999999999999,0.0,43.0,0.0,0.0,,5.684341886080802e-14,3.0326035763394427e-14,4.4671483444454276e-27,0.9883875502859707,0.09114132009868385,0.053685512944144816,0.2962617556397628,0.08396528446248064,3.938818234247965e-09,4.113019843677372e-09,4.113019843677372e-09,3.4347720044063133e-09,,1.7240014750901214e-13,0.9999999958869323,0.0,,,,,,0.0,1.0,0.0,0.0,0.7000000026234413,0.23962582461988075,218,0.8175367627339033,0.3914507213031466,561,0,0.25000000095722785,0.3184898642493584,168,0,0.21620591763301047,0.3288967505469727,569,215.7668494772386,0.7738292982418883,379.0,284.10024415947936,0.6882773325590993,355,db,0.7369386151293768,0.9762056523488207,0.19128127370479003,5,267.5,1.0,1.819106440600428e-14,0.9999999999699858,1.0322642314940364e-27,0.9857918683584517,0.7697044741711775,0.00011789931483562163,0.26024455865613516,0.0007983001702330286,4.321021318531848e-11,9.045969528997944e-11,9.045969528997944e-11,7.55426832199646e-11,,1.7240014750901214e-13,0.0033414156805514073,0.0,,,,,0.0,,0.0,0.7592592592592592,0.9,0.0,0.0,0.0,0.16759663385618953,0.04392663255885283,1165,1.380803451279626,0.7484726057070569,470,491.4392129246505,0.7424322783413781,817.5,669.7859327217126,0.6569865794222614,567,0.5947627399969394,0.9115529220878905,0.31020020537577525,4,426.25,229,,,,,,,,,,1.0147496264346985e-19,0.9999999999716814,8.427671630061441e-28,0.98971674433863,0.1992865880872644,1.2726419836288713e-05,0.11317515161082498,0.9999999999999998,0.0007887350279924558,5.88270751555875e-14,2.878654346144538e-14,2.878654346144538e-14,2.375980271904221e-14,,3.759966571357034e-19,7.830888715254503e-14,0.0,,,,,0.0,,0.0,0.9071428571428571,0.9731543624161074,0.0,0.0,0.9071428571428571,0.3694582933845491,0.0983100181942595,225,1.4390652585037593,0.7937888894332706,12,150.61374439273462,0.41395430197379524,118.5,22.78481012658228,0.47643240390518554,204,112.48780487804878,105.5,72.93041566078782,82,0.44461582955750506,0.6284236608665632,0.5002418210497774,3,153.75,82
sym20,1.0,symmetric,1.6569270997598207e-18,235.70214587668147,7764830.309021347,0.5327868852459017,83.67711515147259,205,smoothed,9.801879763133952e-10,1.397534663428491e-08,6.416677392797188,46214.025823088654,0.9893913246123669,0.00017569664933657917,0.9999999999999994,438.2000000015455,,,,[],[],13,320.1692307658847,47.39999999857275,784.799999995186,"[7, 24, 40, 50, 80, 91, 101, 111, 139, 152, 174, 190, 200]","[160.59999999629474, 598.399999998432, 234.19999999612958, 59.39999999824883, 47.39999999857275, 784.799999995186, 63.19999999989864, 275.39999999646795, 244.59999999644822, 588.599999994454, 658.1999999947562, 360.5999999949729, 86.79999999663949]","[0, 0, 35, 47, 0, 0, 100, 96, 129, 129, 158, 184, 193]","[14, 54, 54, 54, 82, 204, 102, 158, 144, 158, 204, 204, 204]",43515985.91992666,784.7999999980872,-784.7999999980872,0.0,,,,DWT,mdp.39015067403777,7.334351539611816e-05,,0.0,16.0,9.0,0.0,34.0,,1.9127810446661897e-09,108.60559440224839,492.2000000434982,108.60559440283268,,0.0,108.60559440224839,,,43.199999998572764,0.0,25.0,4.813955456484109e-09,1.9127810446661897e-09,,1.5455157154065091e-09,1.7652669076383846e-09,3.957820300654361e-18,0.6601860320056918,0.4578183178940085,0.3387012394591307,0.2044034276681287,0.009440447350782963,1.2546004886920907e-12,4.5467584919101886e-11,4.5467584919101886e-11,7.749528346711581e-11,,4.687387610622531e-09,0.9999999999545005,3.420174163323338e-09,,,,,,1.1535766677325217e-09,0.0,3.51096165513203e-09,3.51096165513203e-09,0.5000000060631096,0.1711613047339805,664,0.8799089484171295,0.4213156010099686,357,0,0.08333333470060396,0.10616328941847698,667,0,0.2386499237347157,0.3630390199026021,365,175.83775665842268,0.8156836932301649,513.25,468.0486064861524,0.6388428948331117,472,sym,1.0,1.0,0.0,7,355.75,0.0,1.0588948803324737e-09,0.9999999999996978,9.145692097121673e-19,0.6644351759050615,0.8529475776419334,0.0007438253241196338,0.17955365081267965,8.975507884539523e-05,1.3766765505351941e-14,9.999223671286472e-13,9.999223671286472e-13,1.704358876253309e-12,,4.687387610622531e-09,0.003341415694142813,2.193421728033133e-09,,,,,0.0,,5.803383112518e-10,0.09259259259259256,0.0,6.712987601764528e-10,6.712987601764528e-10,0.0,0.010929971106539385,0.002864716394529796,1617,1.1973641697002513,0.6490382677167322,1609,5.656854249492381,0.9970351916931381,1613.0,1612.9900805951643,0.5758236755111392,1029,0.8558684230145931,0.7791660701243863,0.16714228285246893,6,773.25,245,,,,,,,,,,7.0022232640360954e-15,1.0,9.1456920952267e-19,0.7571321153134493,0.22428890856130654,0.00012643355779041598,0.06297502350989159,0.9999999999999996,8.018315385556951e-05,0.0,0.0,0.0,0.0,,1.022297311086264e-14,2.348642114124999e-13,2.220235676697223e-14,,,,,0.0,,1.4760395831042652e-17,0.65,0.7315436241610738,6.721701562279705e-15,6.721701562279705e-15,0.9071428571428571,0.3195829338448152,0.08503856755532918,256,1.2917090229131187,0.7125071394157774,189,47.37615433949868,0.8156569870058417,222.5,217.4561797752809,0.4749491160710142,206,225.94736842105263,230.0,18.404328247605616,19,0.8930726024547535,0.15858562203929286,0.3272734916698847,6,156.0,83
rbio3.7,1.0,periodization,2.3338611822957612e-27,325.7261873175163,7747054.948476179,0.5922330097087378,347.5127159776591,205,raw,2.6246102369075598e-14,-2.0822432666989399e-10,6.456434646583023,76140.65452763587,0.701117035180449,8.495265437916495e-06,1.0,389.0,,,,[],[],15,535.0,77.99999999999997,913.0,"[8, 24, 38, 50, 67, 78, 93, 103, 117, 133, 151, 166, 180, 190, 201]","[913.0, 578.0, 521.0, 269.00000000000006, 230.99999999999994, 891.0, 371.0000000000001, 458.0, 804.0, 504.0, 761.9999999999999, 77.99999999999997, 713.0, 552.0, 380.0]","[0, 13, 33, 47, 66, 66, 87, 96, 96, 127, 127, 157, 157, 182, 193]","[204, 66, 66, 53, 70, 204, 204, 106, 204, 142, 204, 170, 204, 204, 204]",49420436.0,934.0,-934.0,0.0,,,,DWT,mdp.39015067403777,0.0,,0.0,40.5,15.0,0.0,40.5,,0.0,144.76666666666665,3682.0,144.76666666666668,,0.0,144.76666666666665,,,75.99999999999997,0.0,45.0,0.0,0.0,,0.0,2.08683202577626e-15,9.01621435097386e-29,0.9988294724957273,0.8675965856072797,8.584985002360617e-05,0.5320584926884128,0.0007322342261420556,1.815467474560155e-08,6.290417722800917e-09,6.290417722800917e-09,5.8241185010256836e-09,,0.0,0.9999999937096067,0.0,,,,,,0.0,1.0,0.0,0.0,0.6000000078226919,0.22876199425587837,815,1.2462551919919107,0.7092487716893772,332,0,0.18181818456993049,0.2448001651748893,787,0,0.3427575192667982,0.6697501033065643,393,254.6466506095587,0.7330747897174437,581.75,496.63410269666645,0.56163697557151,683,rbio,0.7021383304475397,0.9188624283701327,0.2328444401756824,6,513.75,,4.9326231383069675e-15,0.00022810626045038918,2.7965921199763086e-28,0.9988294724957272,0.8675965856072798,0.0007274800139798451,0.6758074344911634,0.002118840401161146,0.9927249107251066,0.9667891384887772,0.9667891384887772,0.9667891384882785,,0.0,0.999999999963378,0.0,,,,,1.0,,0.0,0.9999999999999999,1.0,0.0,0.0,1.0,2.467927697838971,0.6468372942251933,944,1.3046986581431328,0.7072195564241347,995,36.062445840513924,0.9810993470437558,969.5,968.829293450232,0.7364878286581462,222,0.5534034145977783,0.9576026100001634,0.32533682678150616,3,167.25,193,,,,,,,,,,1.3799767381719203e-20,0.04710947485633938,9.016214350974003e-29,0.9991528208008782,0.22868878286326666,0.00012346423169212208,0.37170873560993833,1.0,0.0021092879001672255,0.0013519450689085234,0.0003110952106926472,0.0003110952106926472,0.0003110952106876223,,0.0,0.011480097365344586,0.0,,,,,0.30000000000000004,,0.0,1.0,1.0,0.0,0.0,1.0,0.5264256178929667,0.14007781933620056,66,1.2775578678889503,0.7047013574580417,235,119.50104602052653,0.5350153851341379,150.5,103.05647840531562,0.4747061361468355,207,138.2093023255814,141.0,56.34272595951746,43,0.5462818273738396,0.4854915715188868,0.4719552493826462,4,156.25,84
bior3.3,1.0,antisymmetric,2.5485055847129307e-27,323.83232399119095,7172585.216458902,0.5330188679245284,76.84453246059994,205,smoothed,2.8153089615665422e-14,-2.045680291828948e-10,6.150188393558961,56031.203751310655,0.9935048695549005,0.00017569664933161024,0.9999999999999999,438.2,,,,[],[],13,320.16923076923075,47.39999999999998,784.8000000000001,"[7, 24, 40, 50, 80, 91, 101, 111, 139, 152, 174, 190, 200]","[160.59999999999997, 598.4, 234.20000000000005, 59.400000000000034, 47.39999999999998, 784.8000000000001, 63.19999999999993, 275.40000000000003, 244.59999999999985, 588.6000000000001, 658.1999999999999, 360.6, 86.80000000000001]","[1, 1, 35, 47, 1, 1, 100, 96, 129, 129, 158, 184, 193]","[14, 54, 54, 54, 82, 202, 102, 158, 144, 158, 202, 202, 202]",43515985.92,784.8000000000001,-784.8000000000001,0.0,,,,DWT,mdp.39015067403777,0.0,,0.0,34.0,9.0,0.0,34.0,,1.1368683772161603e-13,108.60559440559442,492.1999999999998,108.60559440559443,,0.0,108.60559440559442,,,43.19999999999999,0.0,43.0,1.1368683772161603e-13,1.1368683772161603e-13,,0.0,1.165755755319987e-14,1.722942512748307e-27,0.994518258552306,0.025297986940496245,0.09071816303631183,0.206608027539448,0.07945087298111692,3.938818234247965e-09,4.112950744004243e-09,4.112950744004243e-09,3.4347201796514313e-09,,0.0,0.9999999958870174,8.07711638797312e-14,,,,,,0.0,1.0,2.0867528410888738e-13,2.0867528410888738e-13,0.7000000026234645,0.23962582461988868,210,0.7691425903280172,0.36827875576143443,694,0,0.2500000009572462,0.3184898642493818,147,0,0.19951332986424158,0.30350365337612084,718,305.79336705254633,0.6794618793998466,442.25,277.81046486622614,0.6079437279598814,534,bior,0.9636134315180797,0.9466539754398303,0.041474405305395146,6,402.0,1.0,6.992782766646173e-15,0.9999999999699865,3.9813585573938092e-28,0.9917947172824585,0.7547567042595075,0.0001992271038977544,0.18149023260092267,0.000755379390804419,4.321021318531848e-11,9.045819648889619e-11,9.045819648889619e-11,7.554151748578875e-11,,0.0,0.003341415680551685,5.180005970227501e-14,,,,,0.0,,0.0,0.7592592592592592,0.9,3.9898886191765394e-14,3.9898886191765394e-14,0.0,0.1675966338561441,0.043926632558840925,1201,1.3454530408388665,0.7293107084863562,750,318.90515831513295,0.832858931700664,975.5,923.3726294208099,0.6607952939425752,535,0.7025000621287805,0.8057019689583358,0.26653936582235294,5,402.5,227,,,,,,,,,,2.742315598661411e-20,0.9999999999716819,2.0863878725148723e-28,0.9940613571096456,0.19479697972186852,2.7500610384737455e-05,0.06417982658431404,0.9999999999999999,0.0007458138376924873,5.88270751555875e-14,2.878605557046776e-14,2.878605557046776e-14,2.3759477458390466e-14,,0.0,7.831235659949698e-14,5.24333005076805e-19,,,,,0.0,,0.0,0.9071428571428571,0.9731543624161074,3.9950677933311767e-19,3.9950677933311767e-19,0.9071428571428571,0.3694582933845491,0.0983100181942595,227,1.419819310592221,0.7831728179740273,17,148.49242404917499,0.42220846673472767,122.0,31.631147540983605,0.473750147764251,208,189.53333333333333,208.0,53.22307054365841,15,0.7491436100131752,0.4586102592527561,0.3380163952149505,5,157.25,85
sym11,1.0,smooth,3.820255563907681e-24,292.0742557183146,7056607.236143838,0.5398230088495575,59.71513412763712,205,smoothed,1.4742727364106446e-12,,6.16670086116056,57362.49418748554,0.9922146800812442,0.00017569664933160138,0.9999999999999998,438.19999999999754,,,,[],[],13,320.169230769236,47.400000000002706,784.8000000000067,"[7, 24, 40, 50, 80, 91, 101, 111, 139, 152, 174, 190, 200]","[160.60000000000548, 598.4000000000024, 234.2000000000058, 59.40000000000285, 47.400000000002706, 784.8000000000067, 63.20000000000016, 275.40000000000555, 244.60000000000593, 588.6000000000085, 658.2000000000077, 360.600000000008, 86.80000000000649]","[1, 1, 35, 47, 1, 1, 100, 96, 129, 129, 158, 184, 193]","[14, 54, 54, 54, 82, 202, 102, 158, 144, 158, 202, 202, 202]",43515985.92000009,784.8000000000028,-784.8000000000028,0.0,,,,DWT,mdp.39015067403777,8.940696716308594e-08,,0.0,34.0,9.0,0.0,34.0,,2.8421709430404007e-12,108.60559440559965,492.1999999999316,108.60559440559966,,0.0,108.60559440559965,,,43.20000000000272,0.0,43.0,6.707523425575346e-12,2.8421709430404007e-12,,2.4442670110147446e-12,2.6161004639699565e-12,9.120892105860301e-24,0.8740402803653758,0.052098260018628675,0.042156213402592825,0.2712697871870193,0.08894486511975967,3.946345837180116e-09,4.119307913932141e-09,4.119307913932141e-09,3.4410773495836422e-09,,7.413206342887523e-12,0.9999999958806389,4.7654986689041404e-12,,,,,,1.4062291764313552e-12,1.0,5.216882102722184e-12,5.216882102722184e-12,0.7000000026370103,0.23962582462452572,48,0.7156372658533325,0.3426594823367953,800,0,0.2500000009608914,0.31848986425402565,49,0,0.18978705801371326,0.288707854807808,779,427.90263690081025,0.5514647411941193,419.0,91.37595215076917,0.5561306934482126,689,sym,1.0,1.0,0.0,7,518.5,1.0,1.569267160533362e-12,0.9999999999699334,2.1076467478191055e-24,0.8738293745671322,0.7608409089363789,9.257969987920198e-05,0.23829091909207067,0.0008456435468659184,4.329270275604813e-11,9.059808458999896e-11,9.059808458999896e-11,7.568135007574028e-11,,7.413206342887523e-12,0.003341415680530424,3.0562035224342257e-12,,,,,0.0,,7.07442069790898e-13,0.7592592592592592,0.9,9.974721547941349e-13,9.974721547941349e-13,0.0,0.16759663386222967,0.043926632560435934,1003,1.3004189941054336,0.7048997394430292,1023,14.142135623730951,0.9925879792328454,1013.0,1012.9012833168806,0.7308327736835086,240,0.8558684230145931,0.7791660701243863,0.16714228285246893,6,181.5,198,,,,,,,,,,1.0358404630924046e-17,0.9999999999716314,2.107457250750618e-24,0.9086829407965888,0.19662438918665676,8.126801178345004e-06,0.09951716277600064,0.9999999999999998,0.0008360788578332735,5.893961534109149e-14,2.883104996062591e-14,2.883104996062591e-14,2.3804471848548614e-14,,1.6167856256835246e-17,7.806776058938425e-14,3.09356472995315e-17,,,,,0.0,,1.799316842467613e-20,0.9071428571428571,0.9731543624161074,9.987669483327941e-18,9.987669483327941e-18,0.9071428571428571,0.3694582933845491,0.0983100181942595,229,1.3836673191168938,0.7632313670951155,28,142.12846301849606,0.4469709610175251,128.5,49.89883268482491,0.47348548050876255,209,225.94736842105263,230.0,18.404328247605616,19,0.8930726024547535,0.15858562203929286,0.3272734916698847,6,158.25,86
sym18,1.0,reflect,9.095405292514195e-20,248.30695932691094,7647301.939028354,0.5333333333333333,98.21117411263373,205,smoothed,2.235344484039692e-10,,6.401894367798578,45152.04595164146,0.9883376804768099,0.0001756966493300709,0.9999999999999997,438.1999999996658,,,,[],[],13,320.1692307700421,47.40000000055329,784.8000000013234,"[7, 24, 40, 50, 80, 91, 101, 111, 139, 152, 174, 190, 200]","[160.6000000007075, 598.40000000044, 234.20000000082553, 59.40000000039663, 47.40000000055329, 784.8000000013234, 63.19999999995997, 275.40000000084547, 244.6000000009485, 588.6000000012156, 658.2000000010488, 360.60000000118345, 86.80000000109908]","[0, 0, 35, 47, 0, 0, 100, 96, 129, 129, 158, 184, 193]","[14, 54, 54, 54, 82, 202, 102, 158, 144, 158, 202, 202, 202]",43515985.92001327,784.8000000004628,-784.8000000004628,0.0,,,,DWT,mdp.39015067403777,1.3269484043121338e-05,,0.0,34.0,9.0,0.0,34.0,,4.6281911636469886e-10,108.60559440640574,492.1999999894524,108.60559440640574,,0.0,108.60559440640574,,,43.2000000005533,0.0,25.0,1.3234284779173322e-09,4.6281911636469886e-10,,3.341824594826903e-10,4.0254362416286153e-10,2.172574703566228e-19,0.7080038786977108,0.4338249865250955,0.2894901153420514,0.2095964851427913,0.0018670221409649856,5.465353378863736e-09,5.099210378579232e-09,5.099210378579232e-09,4.420962539977141e-09,,1.0135404672054824e-09,0.9999999949007418,9.402571187239509e-10,,,,,,2.0870784693535364e-10,1.0,8.495170816072805e-10,8.495170816072805e-10,0.6000000048968516,0.20539356486643226,274,0.8710452811864653,0.41707152405955517,392,0,0.1666666682372515,0.21232657735412067,273,0,0.23468321260730826,0.3570047798852806,389,67.56231691310377,0.9291799613070191,332.0,321.6894306643094,0.7905857877813921,127,sym,1.0,1.0,0.0,7,97.0,0.0,2.4146568481634466e-10,0.9999999999607818,5.020364187208545e-20,0.7112557547180688,0.8475006055718025,0.0006357522612482622,0.18411537680276263,1.775071807953157e-05,5.995670626646188e-11,1.1214956741056881e-10,1.1214956741056881e-10,9.723244431825151e-11,,1.0135404672054824e-09,0.0033414156772560988,6.030044949941833e-10,,,,,0.0,,1.0499619385813245e-10,0.7592592592592592,0.0,1.624283656866769e-10,1.624283656866769e-10,0.0,0.07759663480474237,0.020337871867976823,1478,1.2244748828163776,0.6637337886975053,1522,31.11269837220809,0.9836935543122599,1500.0,1499.6773333333333,0.5987650161498406,873,0.8558684230145931,0.7791660701243863,0.16714228285246893,6,656.25,242,,,,,,,,,,1.5967413614127433e-15,0.999999999962909,5.020364168258839e-20,0.7910189059411161,0.22265289385699638,0.00010680076016454806,0.06581300408519741,0.9999999999999998,8.17810380749945e-06,8.163348469425458e-14,3.576593231649494e-14,3.576593231649494e-14,3.07392457842004e-14,,2.2104843473008004e-15,4.0353137498172487e-14,6.103760512099087e-15,,,,,0.0,,2.670486080362349e-18,0.9071428571428571,0.7315436241610738,1.626392098665122e-15,1.626392098665122e-15,0.9071428571428571,0.3452972195590447,0.09188094176016821,240,1.3123196637377252,0.7238759759532413,91,105.35891039679558,0.5900431502070211,165.5,131.96374622356495,0.4730371393058452,211,225.94736842105263,230.0,18.404328247605616,19,0.8930726024547535,0.15858562203929286,0.3272734916698847,6,159.75,87
db11,1.0,periodic,7.038094819144107e-27,319.420628752708,7220488.898943819,0.5265486725663717,89.19487196624907,205,smoothed,5.427203402133468e-14,-2.0564820957247364e-10,6.275971562356637,47553.70899538483,0.9885397768351694,0.00017569664933161013,0.9999999999999999,438.20000000000005,,,,[],[],13,320.16923076923075,47.39999999999998,784.8000000000002,"[7, 24, 40, 50, 80, 91, 101, 111, 139, 152, 174, 190, 200]","[160.60000000000014, 598.3999999999999, 234.19999999999976, 59.39999999999995, 47.39999999999998, 784.8000000000002, 63.19999999999993, 275.4, 244.60000000000014, 588.6000000000003, 658.1999999999999, 360.5999999999999, 86.79999999999984]","[1, 1, 35, 47, 1, 1, 100, 96, 129, 129, 158, 184, 193]","[14, 54, 54, 54, 82, 202, 102, 158, 144, 158, 202, 202, 202]",43515985.92,784.8000000000002,-784.8000000000002,0.0,,,,DWT,mdp.39015067403777,0.0,,0.0,34.0,9.0,0.0,34.0,,2.2737367544323206e-13,108.60559440559442,492.1999999999998,108.6055944055944,,0.0,108.60559440559442,,,43.19999999999999,0.0,43.0,2.2737367544323206e-13,2.2737367544323206e-13,,5.684341886080802e-14,5.869744089286869e-14,1.2447003598961276e-26,0.9777819722598781,0.22944816932051343,0.11077624828475849,0.14511985118746212,0.018994291621306263,3.938818234247965e-09,4.112950744004243e-09,4.112950744004243e-09,3.434685629814843e-09,,1.7240014750901214e-13,0.9999999958870174,1.615423277594624e-13,,,,,,0.0,1.0,4.1735056821777477e-13,4.1735056821777477e-13,0.7000000026236642,0.23962582461995705,127,0.8224270492820878,0.3937922749603354,549,0,0.2500000009572993,0.3184898642494494,124,0,0.21173150466771104,0.3220901843761514,617,265.59540031157667,0.7215981128809469,354.25,206.3901374592707,0.6751334379918361,382,db,0.7369386151293768,0.9762056523488207,0.19128127370479003,5,287.75,1.0,3.5209644151335893e-14,0.9999999999699858,2.876241309617926e-27,0.9754074755808688,0.8011029295684629,0.00024327687408746566,0.12747730986394062,0.00018058827921341863,4.321021318531848e-11,9.045819648889619e-11,9.045819648889619e-11,7.554074032967151e-11,,1.7240014750901214e-13,0.003341415680551685,1.0360011940455002e-13,,,,,0.0,,0.0,0.7592592592592592,0.9,7.979777238353079e-14,7.979777238353079e-14,0.0,0.16759663385627188,0.04392663255887441,1142,1.3369807478180642,0.7247182523857307,790,248.90158697766472,0.8695484344980793,966.0,933.9337474120084,0.6816295631609893,417,0.5947627399969394,0.9115529220878905,0.31020020537577525,4,313.75,220,,,,,,,,,,2.1401513777589477e-19,0.9999999999716813,2.6867442411300336e-27,0.9822009520786751,0.2087172101028003,3.5502791507612626e-05,0.030576838181175903,0.9999999999999999,0.0001710172237502181,5.88270751555875e-14,2.878605557046776e-14,2.878605557046776e-14,2.3759206407847344e-14,,3.759966571357034e-19,7.831235659949698e-14,1.04866601015361e-18,,,,,0.0,,0.0,0.9071428571428571,0.9731543624161074,7.9901355866623535e-19,7.9901355866623535e-19,0.9071428571428571,0.3694582933845491,0.0983100181942595,228,1.4059960698478338,0.7755479136453212,21,146.37110370561533,0.4304626314956602,124.5,38.45783132530121,0.47301341691514526,212,112.48780487804878,105.5,72.93041566078782,82,0.44461582955750506,0.6284236608665632,0.5002418210497774,3,159.75,88
bior3.1,1.0,symmetric,1.2987821335966645e-26,316.75981683022763,7155333.650058787,0.5240384615384616,69.50603686408971,205,smoothed,8.931175582291894e-14,-1.8491685960242465e-10,6.134601530375785,51438.12530695264,0.9946759605286307,0.00017569664933161027,1.0,438.19999999999993,,,,[],[],13,320.1692307692307,47.39999999999998,784.7999999999997,"[7, 24, 40, 50, 80, 91, 101, 111, 139, 152, 174, 190, 200]","[160.5999999999999, 598.4, 234.19999999999993, 59.39999999999998, 47.39999999999998, 784.7999999999997, 63.19999999999993, 275.39999999999986, 244.5999999999999, 588.5999999999998, 658.1999999999998, 360.59999999999997, 86.80000000000007]","[1, 1, 35, 47, 1, 1, 100, 96, 129, 129, 158, 184, 193]","[14, 54, 54, 54, 82, 202, 102, 158, 144, 158, 202, 202, 202]",43515985.91999999,784.7999999999997,-784.7999999999997,0.0,,,,DWT,mdp.39015067403777,1.4901161193847656e-08,,0.0,34.0,9.0,0.0,34.0,,2.2737367544323206e-13,108.60559440559436,492.2000000000007,108.60559440559436,,0.0,108.60559440559436,,,43.19999999999999,0.0,43.0,2.2737367544323206e-13,2.2737367544323206e-13,,5.684341886080802e-14,1.218035297225233e-13,2.665882282806499e-26,0.9676878683615656,0.0,0.08349463925749412,0.1212645748285712,0.04669569840914548,3.938818234247965e-09,4.112881644331113e-09,4.112881644331113e-09,3.434633805059961e-09,,1.7240014750901214e-13,0.9999999958871024,1.615423277594624e-13,,,,,,2.3437152940522584e-13,1.0,4.1735056821777477e-13,4.1735056821777477e-13,0.700000002623767,0.23962582461999224,115,0.6895441499408097,0.3301656477955243,842,0,0.25000000095731006,0.31848986424946313,119,0,0.17416325440812833,0.2649406134051777,892,433.4966358962124,0.5456010105909723,492.0,206.10335718639848,0.5149388700753603,834,bior,0.9636134315180797,0.9466539754398303,0.041474405305395146,6,627.0,1.0,7.306381458323084e-14,0.9999999999699865,6.16029447362454e-27,0.965523889852687,0.7490135489561986,0.00018336344799662707,0.10652217222144139,0.00044395947953738035,4.321021318531848e-11,9.045669768781295e-11,9.045669768781295e-11,7.553968561779811e-11,,1.7240014750901214e-13,0.0033414156805519624,1.0360011940455002e-13,,,,,0.0,,1.1790701163181633e-13,0.7592592592592592,0.9,7.979777238353079e-14,7.979777238353079e-14,0.0,0.16759663385632978,0.04392663255888959,1069,1.296699242785119,0.7028834264328625,1045,16.97056274847714,0.9911055750794145,1057.0,1056.8637653736992,0.7185611732839421,276,0.7025000621287805,0.8057019689583358,0.26653936582235294,5,208.25,201,,,,,,,,,,4.643365531728944e-19,0.9999999999716821,5.970797405136647e-27,0.975047623164073,0.19307200547849512,2.4618782687451567e-05,0.01754004603023135,1.0,0.00043439094526984395,5.88270751555875e-14,2.878556767949014e-14,2.878556767949014e-14,2.37588811471956e-14,,3.759966571357034e-19,7.831582604644893e-14,1.04866601015361e-18,,,,,0.0,,2.9988614041126884e-21,0.9071428571428571,0.9731543624161074,7.9901355866623535e-19,7.9901355866623535e-19,0.9071428571428571,0.3694582933845491,0.0983100181942595,230,1.3887666608107403,0.7660441657198338,25,144.95689014324225,0.4359654080029485,127.5,45.09803921568627,0.469928229293303,214,189.53333333333333,208.0,53.22307054365841,15,0.7491436100131752,0.4586102592527561,0.3380163952149505,5,161.75,89
db21,1.0,periodic,1.53993652751253e-26,317.53190931830966,8638203.146782588,0.5975609756097561,269.6816166550498,205,raw,8.829793265116366e-14,-2.004273413902541e-10,6.470753010271354,70649.62616882395,0.8644561590327603,8.495265437916497e-06,0.9999999999999998,388.99999999999983,,,,[],[],15,535.0,78.00000000000004,912.9999999999998,"[8, 24, 38, 50, 67, 78, 93, 103, 117, 133, 151, 166, 180, 190, 201]","[912.9999999999998, 578.0, 521.0000000000002, 269.0, 231.00000000000006, 891.0, 370.9999999999999, 457.99999999999994, 804.0, 504.00000000000006, 761.9999999999997, 78.00000000000004, 712.9999999999998, 551.9999999999999, 380.0000000000002]","[0, 13, 33, 47, 66, 66, 87, 96, 96, 127, 127, 157, 157, 182, 193]","[204, 66, 66, 53, 70, 204, 204, 106, 204, 142, 204, 170, 204, 204, 204]",49420436.0,933.9999999999998,-933.9999999999998,0.0,,,,DWT,mdp.39015067403777,0.0,,0.0,40.5,15.0,0.0,40.5,,2.2737367544323206e-13,144.76666666666665,3682.0,144.76666666666665,,0.0,144.76666666666665,,,76.00000000000004,0.0,45.0,2.2737367544323206e-13,2.2737367544323206e-13,,1.7053025658242404e-13,6.9122768338575e-14,7.301890268168688e-27,0.9683918273538579,0.8728723479839006,0.0009058302095714694,0.5962577848500635,0.0003594141801010717,1.8154970347313575e-08,6.290417722800917e-09,6.290417722800917e-09,5.824095620788946e-09,,5.285424644967753e-13,0.9999999937096067,1.0360011940455003e-13,,,,,,0.0,1.0,7.979777238353076e-14,7.979777238353076e-14,0.6000000078231218,0.22876199425604227,189,1.2565710651211375,0.7151195759940023,255,0,0.18181818457002724,0.24480016517501957,188,0,0.3483981720825091,0.6807719703515822,289,50.168881457200804,0.947412073944234,230.25,222.32189076753704,0.8530299363431861,59,db,0.646876945778354,0.7349580893483774,0.326698711150639,3,45.0,,7.196855945110552e-14,0.00022810626045038918,7.49138733665658e-27,0.9683918273538578,0.8728723479839006,0.0015469342042236148,0.720285073051827,0.0017465376885073855,0.9927249107251087,0.9667891384887772,0.9667891384887772,0.9667891384882776,,5.172004425270364e-13,0.999999999963378,1.0360011940455002e-13,,,,,1.0,,0.0,0.9999999999999999,1.0,7.979777238353079e-14,7.979777238353079e-14,1.0,2.4679276978393143,0.6468372942252832,279,1.3071258136806674,0.7085352103124207,981,496.38896039295633,0.739838071072874,630.0,434.4428571428572,0.7048246959137955,315,0.5947627399969394,0.9115529220878905,0.31020020537577525,4,237.25,206,,,,,,,,,,4.570938686346689e-19,0.04710947485633939,7.301890268168688e-27,0.9771233172306404,0.23027337421300542,0.00027232813776900916,0.39937955024129734,0.9999999999999998,0.0017369816235399418,0.0013519450689085263,0.0003110952106926472,0.0003110952106926472,0.00031109521068762203,,1.1279899714071101e-18,0.011480097365344586,1.04866601015361e-18,,,,,0.30000000000000004,,0.0,1.0,1.0,7.9901355866623535e-19,7.9901355866623535e-19,1.0,0.5264256178929667,0.14007781933620056,73,1.2761262967166083,0.7039117023091018,240,118.08683245815344,0.5405181616414263,156.5,111.94888178913739,0.46578437264950695,216,112.48780487804878,105.5,72.93041566078782,82,0.44461582955750506,0.6284236608665632,0.5002418210497774,3,162.75,90
db19,1.0,antireflect,1.3515103661220322e-26,316.5869860764553,8427232.43443788,0.5206611570247934,100.98091149027506,205,smoothed,7.816836608892519e-14,-1.9812298468480132e-10,6.446941563005764,153636.41597091293,0.996631438614452,0.0001756966493316102,1.0,438.1999999999999,,,,[],[],13,320.16923076923075,47.40000000000066,784.8000000000002,"[7, 24, 40, 50, 80, 91, 101, 111, 139, 152, 174, 190, 200]","[160.6000000000002, 598.3999999999996, 234.1999999999997, 59.400000000000034, 47.40000000000066, 784.8000000000002, 63.200000000000045, 275.3999999999999, 244.5999999999999, 588.6, 658.1999999999998, 360.6, 86.79999999999995]","[1, 1, 35, 47, 1, 1, 100, 96, 129, 129, 158, 184, 193]","[14, 54, 54, 54, 82, 202, 102, 158, 144, 158, 202, 202, 202]",43515985.92,784.8000000000002,-784.8000000000002,0.0,,,,DWT,mdp.39015067403777,0.0,,0.0,34.0,9.0,0.0,34.0,,2.2737367544323206e-13,108.60559440559442,492.1999999999998,108.60559440559443,,0.0,108.60559440559442,,,43.20000000000067,0.0,43.0,2.2737367544323206e-13,2.2737367544323206e-13,,1.1368683772161603e-13,1.0173442796427029e-13,2.791831619604062e-26,0.9670322145099489,0.5069380524874245,0.6160602567860427,0.08916905312705209,0.7755147012213197,3.940700134981003e-09,4.112950744004243e-09,4.112950744004243e-09,3.4347201796514313e-09,,3.448002950180243e-13,0.9999999958870174,1.615423277594624e-13,,,,,,0.0,1.0,4.1735056821777477e-13,4.1735056821777477e-13,0.7000000026243254,0.23962582462018336,64,1.4875919850820822,0.7122847339829016,79,0,0.2500000009574734,0.3184898642496712,68,0,0.4221020397331272,0.6421100346713097,74,6.601767440112787,0.9930799083436973,71.25,70.7931727242878,0.9591971868762512,8,db,0.7369386151293768,0.9762056523488207,0.19128127370479003,5,7.25,1.0,6.102536928482794e-14,0.999999999969986,6.451336958296404e-27,0.964881910028054,0.8640987520373836,0.00135293635450778,0.07832857409058225,0.007373208129603062,4.3230752311274045e-11,9.045819648889619e-11,9.045819648889619e-11,7.554151748578875e-11,,3.448002950180243e-13,0.003341415680551685,1.0360011940455002e-13,,,,,0.0,,0.0,0.7592592592592592,0.9,7.979777238353079e-14,7.979777238353079e-14,0.0,0.1675966338563645,0.04392663255889869,1049,1.3459357030918664,0.7295723383901954,748,212.83914113715082,0.8884490874543235,898.5,873.2910406232611,0.7087685688843945,301,0.5947627399969394,0.9115529220878905,0.31020020537577525,4,226.75,205,,,,,,,,,,3.847289265390667e-19,0.9999999999716815,6.2618398898085114e-27,0.9745829848264862,0.2276381978630314,0.00023708604855518118,0.0,1.0,0.007363705927537491,5.885526441207212e-14,2.878605557046776e-14,2.878605557046776e-14,2.3759477458390466e-14,,7.519933142714068e-19,7.831235659949698e-14,1.04866601015361e-18,,,,,0.0,,0.0,0.9071428571428571,0.9731543624161074,7.9901355866623535e-19,7.9901355866623535e-19,0.9071428571428571,0.3694582933845491,0.0983100181942595,232,1.4016329152142046,0.7731411960551438,23,147.78531726798843,0.42495985498837185,127.5,41.85098039215686,0.4644254527860147,217,112.48780487804878,105.5,72.93041566078782,82,0.44461582955750506,0.6284236608665632,0.5002418210497774,3,163.5,91
sym3,1.0,periodic,5.416162221666984e-19,240.55826325142078,7059235.1579298945,0.5380952380952381,78.50566420706944,205,smoothed,5.753840580143368e-10,,6.167418198218104,50222.175916864224,0.9885836999139624,0.00017569664933053778,0.9999999999999999,438.1999999990949,,,,[],[],13,320.16923077090456,47.399999999953366,784.80000000288,"[7, 24, 40, 50, 80, 91, 101, 111, 139, 152, 174, 190, 200]","[160.6000000022729, 598.400000000485, 234.20000000213565, 59.400000001289584, 47.399999999953366, 784.80000000288, 63.2000000003585, 275.4000000015572, 244.600000001081, 588.600000003069, 658.2000000028613, 360.60000000258594, 86.80000000122959]","[0, 0, 35, 47, 0, 0, 100, 96, 129, 129, 158, 184, 193]","[14, 54, 54, 54, 82, 204, 102, 158, 144, 158, 204, 204, 204]",43515985.92003997,784.8000000009508,-784.8000000009508,0.0,,,,DWT,mdp.39015067403777,3.9964914321899414e-05,,0.0,16.0,9.0,0.0,34.0,,9.508767107035965e-10,108.60559440726823,492.19999997824016,108.60559440726819,,0.0,108.60559440726823,,,43.19999999995338,0.0,25.0,2.880028660001699e-09,9.508767107035965e-10,,9.050609151017852e-10,1.036220251063114e-09,1.2937320384813442e-18,0.6786082860962119,0.05326252144188007,0.0432565688758401,0.25485027170771196,0.038024251791038494,3.810221684157054e-09,6.147659718970624e-09,6.147659718970624e-09,5.469360056324849e-09,,2.7449551486384914e-09,0.9999999938522978,2.0461758945652302e-09,,,,,,6.285844418648158e-10,0.0,1.7453600762867341e-09,1.7453600762867341e-09,0.500000006806621,0.1711613049885013,663,0.5725743265269534,0.2741584762122703,945,0,0.08333333536146954,0.10616329026039294,663,0,0.15257170013555757,0.23209511076005085,944,162.52461352053726,0.829638769894615,803.75,779.1022427629623,0.4935667644022341,910,sym,1.0,1.0,0.0,7,684.25,0.0,6.215764392340457e-10,0.9999999999635736,2.9895432286745554e-19,0.682473223605407,0.7611052198549951,9.499620200904954e-05,0.2238675604306316,0.00036151567724793934,4.1799452787927294e-11,1.3520862207627715e-10,1.3520862207627715e-10,1.2029038876093523e-10,,2.7449551486384914e-09,0.0033414156737528455,1.312250912437733e-09,,,,,0.0,,3.162266051965314e-10,0.09259259259259256,0.0,3.337142841079257e-10,3.337142841079257e-10,0.0,0.010929969546089852,0.0028647159855401186,1625,1.1797756728104432,0.6395043198652945,1675,35.35533905932738,0.9814699480821135,1650.0,1649.6212121212122,0.5583450369341385,1126,0.8558684230145931,0.7791660701243863,0.16714228285246893,6,846.0,246,,,,,,,,,,4.110331303230341e-15,0.9999999999655699,2.989543226779585e-19,0.7701873051733333,0.19670377577865658,8.565788433978163e-06,0.09054397767000766,0.9999999999999999,0.00035194635376367537,5.690586890594318e-14,4.318594093444261e-14,4.318594093444261e-14,3.8158820721279074e-14,,5.98661877491467e-15,0.0,1.3282928017610702e-14,,,,,0.0,,8.04294628583023e-18,0.65,0.7315436241610738,3.3414747023421964e-15,3.3414747023421964e-15,0.9071428571428571,0.31958293384474423,0.08503856755531031,257,1.296826923486726,0.7153301751249276,168,62.932503525602726,0.7551264454256703,212.5,203.18117647058824,0.4641390981992165,218,225.94736842105263,230.0,18.404328247605616,19,0.8930726024547535,0.15858562203929286,0.3272734916698847,6,165.0,92
bior3.9,1.0,symmetric,4.381002530827505e-27,321.4794448468131,7442572.767713554,0.5357142857142857,88.44689856385438,205,smoothed,3.811801822693513e-14,-2.0373844833443436e-10,6.251219763176962,51105.44896888331,0.9931702279875568,0.00017569664933161016,0.9999999999999999,438.20000000000005,,,,[],[],13,320.1692307692307,47.40000000000009,784.7999999999998,"[7, 24, 40, 50, 80, 91, 101, 111, 139, 152, 174, 190, 200]","[160.5999999999998, 598.4000000000002, 234.2, 59.39999999999998, 47.40000000000009, 784.7999999999998, 63.19999999999999, 275.3999999999999, 244.60000000000008, 588.5999999999999, 658.2, 360.6, 86.79999999999984]","[1, 1, 35, 47, 1, 1, 100, 96, 129, 129, 158, 184, 193]","[14, 54, 54, 54, 82, 202, 102, 158, 144, 158, 202, 202, 202]",43515985.92,784.7999999999998,-784.7999999999998,0.0,,,,DWT,mdp.39015067403777,0.0,,0.0,34.0,9.0,0.0,34.0,,1.1368683772161603e-13,108.60559440559436,492.2000000000007,108.6055944055944,,0.0,108.60559440559436,,,43.2000000000001,0.0,43.0,1.1368683772161603e-13,1.1368683772161603e-13,,5.684341886080802e-14,2.9604265968433923e-14,6.1001378783553465e-27,0.9855923339715928,0.1892751925616586,0.2037665350647096,0.23222337842525165,0.04432324349433547,3.939131884370138e-09,4.112881644331113e-09,4.112881644331113e-09,3.434685629814843e-09,,1.7240014750901214e-13,0.9999999958871024,8.07711638797312e-14,,,,,,0.0,1.0,2.0867528410888738e-13,2.0867528410888738e-13,0.7000000026236355,0.2396258246199472,137,0.8984949129639835,0.43021488182475537,312,0,0.2500000009572794,0.3184898642494241,137,0,0.236454383359654,0.3596991201303943,376,122.33424159517509,0.8717670423530659,240.5,195.47243979567017,0.8098353031471829,95,bior,0.9636134315180797,0.9466539754398303,0.041474405305395146,6,72.75,1.0,1.7758110988390647e-14,0.9999999999699858,1.409613841644177e-27,0.9830549478402684,0.7919828503674973,0.0004474938126334525,0.20399146861669715,0.00042140335798682084,4.3213543854392356e-11,9.045669768781295e-11,9.045669768781295e-11,7.554074032967151e-11,,1.7240014750901214e-13,0.0033414156805519624,5.180005970227501e-14,,,,,0.0,,0.0,0.7592592592592592,0.9,3.9898886191765394e-14,3.9898886191765394e-14,0.0,0.1675966338562303,0.04392663255886352,1158,1.367813289575101,0.7414312124004777,586,404.4650788387052,0.7880162060593788,872.0,778.197247706422,0.6654965726313666,501,0.7025000621287805,0.8057019689583358,0.26653936582235294,5,377.0,224,,,,,,,,,,9.8611935635838e-20,0.9999999999716814,1.2201167731562841e-27,0.9877358749236095,0.20597796644868435,7.260130356717717e-05,0.07817849087760254,0.9999999999999999,0.00041183460779440056,5.883184564514643e-14,2.878556767949014e-14,2.878556767949014e-14,2.3759206407847344e-14,,3.759966571357034e-19,7.831582604644893e-14,5.24333005076805e-19,,,,,0.0,,0.0,0.9071428571428571,0.9731543624161074,3.9950677933311767e-19,3.9950677933311767e-19,0.9071428571428571,0.3694582933845491,0.0983100181942595,231,1.4271029390159544,0.7871904699070128,16,152.02795795510772,0.40845152546650687,123.5,29.927125506072873,0.46395338919239737,220,189.53333333333333,208.0,53.22307054365841,15,0.7491436100131752,0.4586102592527561,0.3380163952149505,5,166.25,93
db3,1.0,symmetric,3.647723610557772e-27,322.2749606450326,7061939.517992874,0.5333333333333333,78.5056642053905,205,smoothed,3.7225507229577933e-14,-1.983538000516209e-10,6.174369234105414,49916.61625085501,0.9858138413813295,0.0001756966493316102,0.9999999999999999,438.1999999999999,,,,[],[],13,320.1692307692307,47.399999999999864,784.8,"[7, 24, 40, 50, 80, 91, 101, 111, 139, 152, 174, 190, 200]","[160.6000000000002, 598.3999999999999, 234.2000000000001, 59.400000000000006, 47.399999999999864, 784.8, 63.19999999999993, 275.3999999999999, 244.60000000000002, 588.6, 658.1999999999999, 360.59999999999997, 86.80000000000001]","[1, 1, 35, 47, 1, 1, 100, 96, 129, 129, 158, 184, 193]","[14, 54, 54, 54, 82, 202, 102, 158, 144, 158, 202, 202, 202]",43515985.91999999,784.8,-784.8,0.0,,,,DWT,mdp.39015067403777,1.4901161193847656e-08,,0.0,34.0,9.0,0.0,34.0,,0.0,108.60559440559436,492.2000000000007,108.60559440559439,,0.0,108.60559440559436,,,43.199999999999875,0.0,43.0,0.0,0.0,,1.1368683772161603e-13,2.7996865127765146e-14,4.348590571110162e-27,0.9886102169914835,0.06454427922941795,0.04438893035353671,0.2095964851427913,0.03584517727194785,3.9385045841257926e-09,4.112881644331113e-09,4.112881644331113e-09,3.434668354896549e-09,,3.448002950180243e-13,0.9999999958871024,0.0,,,,,,2.3437152940522584e-13,1.0,0.0,0.0,0.7000000026235217,0.23962582461990825,149,0.7458093999522716,0.35710642123259295,733,0,0.25000000095721814,0.31848986424934606,239,0,0.1918550127127437,0.2918536687070553,769,324.00977351514155,0.6603671137157845,472.5,294.98184818630983,0.58254204742393,599,db,0.7369386151293768,0.9762056523488207,0.19128127370479003,5,450.5,1.0,1.6793912025921357e-14,0.999999999969986,1.0048680182181228e-27,0.9860098912255549,0.7636664073210391,9.748299285904257e-05,0.18411537680276263,0.00034079812033526303,4.320677149394214e-11,9.045669768781295e-11,9.045669768781295e-11,7.554040726276412e-11,,3.448002950180243e-13,0.0033414156805519624,0.0,,,,,0.0,,1.1790701163181633e-13,0.7592592592592592,0.9,0.0,0.0,0.0,0.16759663385633145,0.043926632558890025,1062,1.3472703498525218,0.7302957914911566,740,227.6883835420683,0.8806664656488111,901.0,872.2308546059934,0.7042221217132945,318,0.5947627399969394,0.9115529220878905,0.31020020537577525,4,239.5,208,,,,,,,,,,9.223589711073367e-20,0.9999999999716815,8.153709497302305e-28,0.9898745402360083,0.19747303625970805,9.017544497872516e-06,0.06581300408519741,0.9999999999999999,0.00033122859852629735,5.882252150646305e-14,2.878556767949014e-14,2.878556767949014e-14,2.3759097987630096e-14,,7.519933142714068e-19,7.831582604644893e-14,0.0,,,,,0.0,,2.9988614041126884e-21,0.9071428571428571,0.9731543624161074,0.0,0.0,0.9071428571428571,0.3694582933845491,0.0983100181942595,233,1.4191234441087017,0.7827889777834017,18,152.02795795510772,0.40845152546650687,125.5,33.418326693227094,0.4600623386087398,223,112.48780487804878,105.5,72.93041566078782,82,0.44461582955750506,0.6284236608665632,0.5002418210497774,3,168.0,94
sym16,1.0,reflect,2.1083887946585743e-20,254.6556728931644,7607975.427702175,0.5338983050847458,81.59961223906889,205,smoothed,1.0875796740159915e-10,1.2344444133417128e-09,6.38646774914664,45031.42966675072,0.9870819900101745,0.00017569664933221452,0.9999999999999997,438.2000000001725,,,,[],[],13,320.16923076884837,47.399999999807164,784.799999999434,"[7, 24, 40, 50, 80, 91, 101, 111, 139, 152, 174, 190, 200]","[160.59999999960803, 598.3999999998157, 234.19999999957548, 59.399999999788946, 47.399999999807164, 784.799999999434, 63.19999999999368, 275.3999999996042, 244.59999999959325, 588.5999999993847, 658.1999999994482, 360.5999999994266, 86.79999999954913]","[1, 1, 35, 47, 1, 1, 100, 96, 129, 129, 158, 184, 193]","[14, 54, 54, 54, 82, 204, 102, 158, 144, 158, 204, 204, 204]",43515985.9199927,784.79999999978,-784.79999999978,0.0,,,,DWT,mdp.39015067403777,7.3015689849853516e-06,,0.0,16.0,9.0,0.0,34.0,,2.1998403099132702e-10,108.60559440521203,492.2000000049711,108.60559440527892,,0.0,108.60559440521203,,,43.199999999807176,0.0,43.0,5.659330781782046e-10,2.1998403099132702e-10,,1.7251977624255233e-10,1.9583265634452555e-10,5.0362042243197896e-20,0.7320884725079524,0.4087870816813578,0.2730234372958936,0.21496557846405337,0.0010068566733640802,3.4068676270426343e-09,3.64811724286321e-09,3.64811724286321e-09,3.0511824436868936e-09,,5.232344476898518e-10,0.9999999963518774,4.0207885379330193e-10,,,,,,1.1484204940856066e-10,0.0,4.0378667475069705e-10,4.0378667475069705e-10,0.6000000029838163,0.20539356421155702,292,0.8665473171071137,0.41491782117606674,402,0,0.1666666676628242,0.2123265766223236,296,0,0.23283877525977917,0.35419898503548614,409,64.45864307186947,0.9324332881846232,349.75,340.8436563808671,0.7829095162097119,143,sym,1.0,1.0,0.0,7,109.0,1.0,1.1747016630054332e-10,0.9999999999735996,1.1637611027018352e-20,0.7348380508832347,0.8418164941709516,0.0005995896178684619,0.1888317375721711,9.572692558505779e-06,3.737454790098127e-11,8.023487430008913e-11,8.023487430008913e-11,6.710626498929173e-11,,5.232344476898518e-10,0.0033414156821049423,2.57860697197925e-10,,,,,0.0,,5.7774435699590005e-11,0.09259259259259256,0.9,7.720434478106605e-11,7.720434478106605e-11,0.0,0.10092996763011344,0.02645347642285698,1232,1.2376473965575638,0.670874026994593,1460,161.22034611053283,0.9155029632544377,1346.0,1336.3447251114412,0.6050261147509086,841,0.8558684230145931,0.7791660701243863,0.16714228285246893,6,632.25,240,,,,,,,,,,7.767859022486506e-16,0.9999999999751257,1.1637610837521282e-20,0.8080867926039482,0.22094565363013294,0.00010023137237975786,0.06874718739187002,0.9999999999999998,0.0,5.0879873231268746e-14,2.5496369338712244e-14,2.5496369338712244e-14,2.104512310946438e-14,,1.1411498544068599e-15,9.620429453072177e-14,2.610129699272335e-15,,,,,0.0,,1.4694420880152174e-18,0.65,0.9731543624161074,7.730456180095827e-16,7.730456180095827e-16,0.9071428571428571,0.34374400767026936,0.09146764398940709,241,1.3228738930129111,0.729697692435984,67,123.03657992645927,0.5212584438659172,154.0,104.85064935064935,0.4610183269913244,222,225.94736842105263,230.0,18.404328247605616,19,0.8930726024547535,0.15858562203929286,0.3272734916698847,6,168.0,95
db28,1.0,reflect,1.3746732463503095e-26,316.5131850815643,8805120.998437043,0.5230769230769231,112.8623123762343,205,smoothed,8.51221532285286e-14,-1.9835637576903791e-10,6.554480607844412,46373.611098964924,0.9890685446999549,0.0001756966493316102,1.0,438.1999999999999,,,,[],[],13,320.16923076923064,47.39999999999941,784.8,"[7, 24, 40, 50, 80, 91, 101, 111, 139, 152, 174, 190, 200]","[160.59999999999997, 598.3999999999999, 234.19999999999993, 59.39999999999995, 47.39999999999941, 784.8, 63.19999999999999, 275.40000000000003, 244.60000000000014, 588.6, 658.1999999999996, 360.5999999999999, 86.79999999999984]","[1, 1, 35, 47, 1, 1, 100, 96, 129, 129, 158, 184, 193]","[14, 54, 54, 54, 82, 202, 102, 158, 144, 158, 202, 202, 202]",43515985.91999999,784.8,-784.8,0.0,,,,DWT,mdp.39015067403777,1.4901161193847656e-08,,0.0,34.0,9.0,0.0,34.0,,0.0,108.6055944055943,492.20000000000164,108.60559440559433,,0.0,108.6055944055943,,,43.19999999999942,0.0,43.0,0.0,0.0,,1.1368683772161603e-13,1.1425810927142274e-13,2.847159652867254e-26,0.9667522417302367,0.681477427084486,0.7742886149815698,0.11212679100296222,0.010578517086313924,3.9372499836371005e-09,4.112812544657984e-09,4.112812544657984e-09,3.434599255223373e-09,,3.448002950180243e-13,0.9999999958871875,0.0,,,,,,2.3437152940522584e-13,1.0,0.0,0.0,0.7000000026231257,0.2396258246197727,263,1.3570164893069143,0.6497629314956631,120,0,0.25000000095710334,0.3184898642491998,263,0,0.3636033702693833,0.5531206928966551,126,80.86614454351916,0.9152346493254516,193.0,167.54344940908803,0.8564642848304407,63,db,0.7369386151293768,0.9762056523488207,0.19128127370479003,5,48.5,1.0,6.853769615261047e-14,0.999999999969986,6.579188431613876e-27,0.9646077762369102,0.903722724379969,0.001700423302024271,0.09849528898889087,0.0001005752799490714,4.319300472843679e-11,9.04551988867297e-11,9.04551988867297e-11,7.553890846168088e-11,,3.448002950180243e-13,0.00334141568055224,0.0,,,,,0.0,,1.1790701163181633e-13,0.7592592592592592,0.9,0.0,0.0,0.0,0.16759663385632612,0.04392663255888863,1078,1.370914585281695,0.7431122879195398,554,370.5239533417509,0.8058050559005498,816.0,731.8774509803922,0.6890660499628536,371,0.5947627399969394,0.9115529220878905,0.31020020537577525,4,279.25,217,,,,,,,,,,4.344063140768947e-19,0.9999999999716815,6.389691363125984e-27,0.9743845781724045,0.2395393790258883,0.0003002113152679563,0.012546291748683047,1.0,9.100345853869604e-05,5.880365638866181e-14,2.8785079788512524e-14,2.8785079788512524e-14,2.3758610096652477e-14,,7.519933142714068e-19,7.831929549340089e-14,0.0,,,,,0.0,,2.9988614041126884e-21,0.9071428571428571,0.9731543624161074,0.0,0.0,0.9071428571428571,0.3694582933845491,0.0983100181942595,235,1.409605460148414,0.7775388545712439,20,152.02795795510772,0.40845152546650687,127.5,36.86274509803921,0.4561712880250822,224,112.48780487804878,105.5,72.93041566078782,82,0.44461582955750506,0.6284236608665632,0.5002418210497774,3,168.75,96
db8,1.0,periodization,1.1024190216787086e-26,317.47171290585504,7061638.000432606,0.5436893203883495,89.18312572391076,205,smoothed,7.181755639127073e-14,-1.9749555324466465e-10,6.162307656854422,48532.543941936085,0.9887376508405233,0.0001756966493316101,1.0,438.1999999999999,,,,[],[],13,320.1692307692307,47.40000000000032,784.7999999999998,"[7, 24, 40, 50, 80, 91, 101, 111, 139, 152, 174, 190, 200]","[160.59999999999997, 598.3999999999999, 234.1999999999997, 59.40000000000006, 47.40000000000032, 784.7999999999998, 63.200000000000045, 275.3999999999999, 244.5999999999998, 588.5999999999999, 658.2, 360.6000000000001, 86.80000000000007]","[1, 1, 35, 47, 1, 1, 100, 96, 129, 129, 158, 184, 193]","[14, 54, 54, 54, 82, 202, 102, 158, 144, 158, 202, 202, 202]",43515985.92,784.7999999999998,-784.7999999999998,0.0,,,,DWT,mdp.39015067403777,0.0,,0.0,34.0,9.0,0.0,34.0,,1.1368683772161603e-13,108.60559440559436,492.2000000000007,108.6055944055944,,0.0,108.60559440559436,,,43.20000000000033,0.0,43.0,1.1368683772161603e-13,1.1368683772161603e-13,,1.1368683772161603e-13,9.029670128396618e-14,2.196839371010174e-26,0.9703885300999892,0.04496794625007116,0.044262679831363186,0.30801248699271605,0.025974775394845204,3.939759184614485e-09,4.112881644331113e-09,4.112881644331113e-09,3.434685629814843e-09,,3.448002950180243e-13,0.9999999958871024,8.07711638797312e-14,,,,,,0.0,1.0,2.0867528410888738e-13,2.0867528410888738e-13,0.7000000026239099,0.23962582462004114,102,0.7604433360557623,0.3641134025750089,707,0,0.25000000095734604,0.318489864249509,109,0,0.19908663122415363,0.30285455090138674,723,351.9672096469594,0.631061625108009,410.25,183.6902651913202,0.6005150892835642,561,db,0.7369386151293768,0.9762056523488207,0.19128127370479003,5,422.0,1.0,5.4164452008233764e-14,0.9999999999699856,5.0764347413073976e-27,0.9681682277833668,0.7592221833266904,9.720573277069455e-05,0.27056672760511874,0.0002469552476623265,4.3220538259447494e-11,9.045669768781295e-11,9.045669768781295e-11,7.554074032967151e-11,,3.448002950180243e-13,0.0033414156805519624,5.180005970227501e-14,,,,,0.0,,0.0,0.7592592592592592,0.9,3.9898886191765394e-14,3.9898886191765394e-14,0.0,0.16759663385631862,0.043926632558886666,1079,1.368886104331875,0.7420127379287486,573,357.79603128039304,0.812475874590989,826.0,748.5072639225181,0.6897809142346979,365,0.5947627399969394,0.9115529220878905,0.31020020537577525,4,274.75,216,,,,,,,,,,3.393591692836887e-19,0.9999999999716811,4.886937672819505e-27,0.9769614851469336,0.19613820000382326,8.967176801615527e-06,0.11959686896866834,1.0,0.00023738482751579264,5.88411697838298e-14,2.878556767949014e-14,2.878556767949014e-14,2.3759206407847344e-14,,7.519933142714068e-19,7.831582604644893e-14,5.24333005076805e-19,,,,,0.0,,0.0,0.9071428571428571,0.9731543624161074,3.9950677933311767e-19,3.9950677933311767e-19,0.9071428571428571,0.3694582933845491,0.0983100181942595,234,1.4321841761884506,0.7899932820715538,14,155.56349186104046,0.3946945841982862,124.0,26.41935483870968,0.45610215591237263,225,112.48780487804878,105.5,72.93041566078782,82,0.44461582955750506,0.6284236608665632,0.5002418210497774,3,169.5,97
bior3.5,1.0,periodization,2.5074679144465622e-27,325.4145836796333,8839003.286273865,0.6019417475728155,215.69935271171133,205,raw,2.8536185289490997e-14,-2.079100225316225e-10,6.000933512065651,90819.8635350883,0.9366617122558248,8.495265437916495e-06,1.0,389.0,,,,[],[],15,535.0,77.99999999999999,913.0000000000001,"[8, 24, 38, 50, 67, 78, 93, 103, 117, 133, 151, 166, 180, 190, 201]","[913.0000000000001, 577.9999999999998, 521.0, 268.99999999999994, 231.0, 890.9999999999999, 370.9999999999999, 457.9999999999999, 804.0, 504.0, 762.0, 77.99999999999999, 712.9999999999999, 551.9999999999999, 380.0]","[0, 13, 33, 47, 66, 66, 87, 96, 96, 127, 127, 157, 157, 182, 193]","[204, 66, 66, 53, 70, 204, 204, 106, 204, 142, 204, 170, 204, 204, 204]",49420436.0,934.0000000000001,-934.0000000000001,0.0,,,,DWT,mdp.39015067403777,0.0,,0.0,40.5,15.0,0.0,40.5,,1.1368683772161603e-13,144.76666666666665,3682.0,144.7666666666666,,0.0,144.76666666666665,,,75.99999999999999,0.0,45.0,1.1368683772161603e-13,1.1368683772161603e-13,,0.0,4.560858208502884e-15,1.8598734428168497e-28,0.997672020801299,0.6997620620329537,0.0010905942823600729,0.6490438695163092,0.0017288969676886603,1.8154733865943957e-08,6.290417722800917e-09,6.290417722800917e-09,5.8240498603154715e-09,,0.0,0.9999999937096067,5.1800059702275014e-14,,,,,,0.0,1.0,3.989888619176538e-14,3.989888619176538e-14,0.6000000078227309,0.22876199425589322,792,1.2093386472320367,0.688239419676883,515,0,0.18181818456994162,0.2448001651749043,763,0,0.33561392051437366,0.6557914715232223,514,152.30451952147274,0.8403516566860872,646.0,619.1456761098243,0.5816014048629597,616,bior,0.7220500223186996,0.7474792470919258,0.27032121024933253,5,463.25,,7.406649321033579e-15,0.00022810626045038918,3.7548441276957723e-28,0.9976720208012989,0.6997620620329537,0.0017315797166315107,0.7568555758683724,0.0031141201513222834,0.992724910725107,0.9667891384887772,0.9667891384887772,0.9667891384882761,,0.0,0.999999999963378,5.180005970227501e-14,,,,,1.0,,0.0,0.9999999999999999,1.0,3.9898886191765394e-14,3.9898886191765394e-14,1.0,2.467927697839013,0.6468372942252042,885,1.2534063436415872,0.6794162566480949,1387,354.9676041556469,0.8139582787444198,1136.0,1080.5413732394366,0.6092852190367801,807,0.7025000621287805,0.8057019689583358,0.26653936582235294,5,606.5,238,,,,,,,,,,3.0159965709234323e-20,0.04710947485633938,1.8598734428168497e-28,0.9983151053299231,0.17827917089477885,0.0003058712601837361,0.42213110893819233,1.0,0.003104577177926626,0.0013519450689085239,0.0003110952106926472,0.0003110952106926472,0.00031109521068762154,,0.0,0.011480097365344586,5.24333005076805e-19,,,,,0.30000000000000004,,0.0,1.0,1.0,3.9950677933311767e-19,3.9950677933311767e-19,1.0,0.5264256178929667,0.14007781933620056,83,1.2725087011787846,0.7019162353715055,246,115.25840533340725,0.5515237146560029,164.5,124.12158054711244,0.4557229468221649,226,189.53333333333333,208.0,53.22307054365841,15,0.7491436100131752,0.4586102592527561,0.3380163952149505,5,170.75,98
db12,1.0,periodization,1.1787577193022832e-26,317.18093438935273,7070094.900387871,0.529126213592233,90.68411103469282,205,smoothed,7.362170434898746e-14,-2.0748558426930714e-10,6.154936607373217,48532.54394193611,0.9921325091264996,0.00017569664933161013,0.9999999999999998,438.19999999999993,,,,[],[],13,320.16923076923075,47.39999999999975,784.7999999999997,"[7, 24, 40, 50, 80, 91, 101, 111, 139, 152, 174, 190, 200]","[160.60000000000025, 598.4000000000001, 234.2, 59.39999999999992, 47.39999999999975, 784.7999999999997, 63.2000000000001, 275.3999999999999, 244.5999999999998, 588.6, 658.2000000000002, 360.5999999999999, 86.79999999999984]","[1, 1, 35, 47, 1, 1, 100, 96, 129, 129, 158, 184, 193]","[14, 54, 54, 54, 82, 202, 102, 158, 144, 158, 202, 202, 202]",43515985.92,784.7999999999997,-784.7999999999997,0.0,,,,DWT,mdp.39015067403777,0.0,,0.0,34.0,9.0,0.0,34.0,,2.2737367544323206e-13,108.60559440559442,492.1999999999998,108.6055944055944,,0.0,108.60559440559442,,,43.19999999999976,0.0,43.0,2.2737367544323206e-13,2.2737367544323206e-13,,5.684341886080802e-14,9.354594857897079e-14,2.3791858650454743e-26,0.9692854274972936,0.033004492710904755,0.047803727438584256,0.16961498439125927,0.02597477539484536,3.93819093400362e-09,4.112950744004243e-09,4.112950744004243e-09,3.434685629814843e-09,,1.7240014750901214e-13,0.9999999958870174,1.615423277594624e-13,,,,,,0.0,1.0,4.1735056821777477e-13,4.1735056821777477e-13,0.7000000026234761,0.23962582461989262,208,0.7002112704875906,0.3352732493403176,826,0,0.250000000957247,0.3184898642493828,145,0,0.17795477249042582,0.2707083462709563,869,388.6515148561755,0.5926084749935268,512.0,284.38082865938674,0.5279604219831365,800,db,0.7369386151293768,0.9762056523488207,0.19128127370479003,5,601.25,1.0,5.611351212527717e-14,0.9999999999699858,5.4977992204275765e-27,0.9670881310010714,0.7565062371211302,0.00010498226434870221,0.14899451553930537,0.000246955247662328,4.3203329802565804e-11,9.045819648889619e-11,9.045819648889619e-11,7.554074032967151e-11,,1.7240014750901214e-13,0.003341415680551685,1.0360011940455002e-13,,,,,0.0,,0.0,0.7592592592592592,0.9,7.979777238353079e-14,7.979777238353079e-14,0.0,0.16759663385626983,0.04392663255887388,1145,1.3182550765991818,0.7145678925225498,915,162.63455967290594,0.9147617611777222,1030.0,1017.1601941747572,0.6874647380312091,379,0.5947627399969394,0.9115529220878905,0.31020020537577525,4,285.25,218,,,,,,,,,,3.5224788092696545e-19,0.9999999999716813,5.308302151939684e-27,0.9761797559490645,0.19532245726249778,1.0379879159129967e-05,0.04396330897628736,0.9999999999999998,0.00023738482751579416,5.881775101690412e-14,2.878605557046776e-14,2.878605557046776e-14,2.3759206407847344e-14,,3.759966571357034e-19,7.831235659949698e-14,1.04866601015361e-18,,,,,0.0,,0.0,0.9071428571428571,0.9731543624161074,7.9901355866623535e-19,7.9901355866623535e-19,0.9071428571428571,0.3694582933845491,0.0983100181942595,236,1.4010545496532927,0.7728221694136695,24,149.90663761154806,0.4167056902274394,130.0,43.56923076923077,0.45543455717597653,227,112.48780487804878,105.5,72.93041566078782,82,0.44461582955750506,0.6284236608665632,0.5002418210497774,3,171.0,99
sym12,1.0,antireflect,1.5282651557159554e-23,286.05319277387696,7453014.765385776,0.5350877192982456,88.5636722831822,205,smoothed,2.991306931152193e-12,,6.3233435933018916,98691.48469804374,0.9949785921698928,0.0001756966493315957,0.9999999999999994,438.1999999999947,,,,[],[],13,320.1692307692409,47.40000000000339,784.8000000000111,"[7, 24, 40, 50, 80, 91, 101, 111, 139, 152, 174, 190, 200]","[160.60000000001207, 598.4000000000042, 234.20000000001215, 59.400000000007026, 47.40000000000339, 784.8000000000111, 63.20000000000101, 275.40000000001044, 244.60000000000974, 588.6000000000181, 658.2000000000155, 360.6000000000158, 86.80000000001144]","[1, 1, 35, 47, 1, 1, 100, 96, 129, 129, 158, 184, 193]","[14, 54, 54, 54, 82, 202, 102, 158, 144, 158, 202, 202, 202]",43515985.92000017,784.800000000006,-784.800000000006,0.0,,,,DWT,mdp.39015067403777,1.7136335372924805e-07,,0.0,34.0,9.0,0.0,34.0,,6.0254023992456496e-12,108.60559440560459,492.19999999986794,108.60559440560455,,0.0,108.60559440560459,,,43.2000000000034,0.0,43.0,1.1141310096718371e-11,6.0254023992456496e-12,,5.286437954055145e-12,5.348259560240384e-12,3.6500553898365036e-23,0.8511986678387841,0.3063345194548587,0.2081387767924609,0.22626893282460428,0.3836792824514674,3.948227737913154e-09,4.1253195854943935e-09,4.1253195854943935e-09,3.447019921476796e-09,,1.6033213718338128e-11,0.9999999958746858,7.915574060213657e-12,,,,,,2.6952725881600974e-12,1.0,1.105979005777103e-11,1.105979005777103e-11,0.700000002648855,0.2396258246285804,45,1.0119351349389634,0.4845320192809318,230,0,0.2500000009641113,0.31848986425812764,45,0,0.28223145419536055,0.4293361125506412,218,103.46174816488137,0.8915495302254912,134.5,74.93523746263699,0.875282102638951,55,sym,1.0,1.0,0.0,7,43.0,1.0,3.2081520604746242e-12,0.9999999999698994,8.434511978061474e-24,0.8514641366172608,0.818557687947647,0.00045709573828765836,0.19876091813934604,0.0036478318206943847,4.331346392660862e-11,9.073031215223182e-11,9.073031215223182e-11,7.58120788368899e-11,,1.6033213718338128e-11,0.0033414156805104955,5.076405850822951e-12,,,,,0.0,,1.3559306337658878e-12,0.7592592592592592,0.9,2.114640968163566e-12,2.114640968163566e-12,0.0,0.1675966338684357,0.04392663256206252,999,1.3013493737892723,0.7054040572049919,1022,16.263455967290593,0.9914761761177723,1010.5,1010.3691241959426,0.7309320083943159,239,0.8558684230145931,0.7791660701243863,0.16714228285246893,6,180.75,197,,,,,,,,,,2.1195994865906516e-17,0.9999999999715989,8.434322480992987e-24,0.8924959103292361,0.21395980011443597,7.4345611151131e-05,0.07492441540591704,0.9999999999999996,0.003638293956405361,5.896780459757611e-14,2.8873604895895966e-14,2.8873604895895966e-14,2.384653889284105e-14,,3.496768911362042e-17,7.783877709055531e-14,5.138463449752689e-17,,,,,0.0,,3.448690614729592e-20,0.9071428571428571,0.9731543624161074,2.1173859304655238e-17,2.1173859304655238e-17,0.9071428571428571,0.36945829338454905,0.09831001819425948,238,1.3739397027967437,0.757865610601464,30,147.07821048680188,0.42771124324201604,134.0,53.28358208955224,0.45315523251594964,229,225.94736842105263,230.0,18.404328247605616,19,0.8930726024547535,0.15858562203929286,0.3272734916698847,6,173.25,100
sym9,1.0,periodic,5.947960430420336e-26,310.1514991808473,7307289.879799838,0.536036036036036,82.78533815187346,205,smoothed,1.8554697074184175e-13,-1.8094883369457237e-10,6.260706185933262,48830.54716353044,0.9891191952265473,0.00017569664933160957,1.0,438.2,,,,[],[],13,320.16923076923064,47.39999999999998,784.7999999999997,"[7, 24, 40, 50, 80, 91, 101, 111, 139, 152, 174, 190, 200]","[160.5999999999995, 598.3999999999997, 234.1999999999997, 59.399999999999835, 47.39999999999998, 784.7999999999997, 63.199999999999875, 275.39999999999986, 244.60000000000025, 588.5999999999996, 658.1999999999996, 360.5999999999996, 86.80000000000035]","[1, 1, 35, 47, 1, 1, 100, 96, 129, 129, 158, 184, 193]","[14, 54, 54, 54, 82, 202, 102, 158, 144, 158, 202, 202, 202]",43515985.91999997,784.7999999999998,-784.7999999999998,0.0,,,,DWT,mdp.39015067403777,2.9802322387695312e-08,,0.0,34.0,9.0,0.0,34.0,,1.1368683772161603e-13,108.6055944055943,492.20000000000164,108.60559440559427,,0.0,108.6055944055943,,,43.19999999999999,0.0,43.0,2.2737367544323206e-13,1.1368683772161603e-13,,0.0,2.951219155134705e-13,1.3771145916607414e-25,0.942618435838986,0.20467196586880565,0.14712129282714825,0.23528106670666502,0.028099961730019458,3.938818234247965e-09,4.112812544657984e-09,4.112812544657984e-09,3.434530155550197e-09,,0.0,0.9999999958871875,1.615423277594624e-13,,,,,,4.687430588104517e-13,1.0,2.0867528410888738e-13,2.0867528410888738e-13,0.7000000026236844,0.23962582461996396,122,0.8468201022261309,0.40547208999128287,454,0,0.2500000009572673,0.31848986424940867,141,0,0.22254181756741712,0.33853504779170523,521,207.4937750070268,0.7825012840597203,309.5,206.06926681245133,0.7290389019879314,252,sym,1.0,1.0,0.0,7,190.75,1.0,1.7702880174035592e-13,0.9999999999699822,3.182222809787563e-26,0.9409772943361491,0.7954782296828861,0.0003230946054310431,0.20667742696993135,0.00026716046251995724,4.321021318531848e-11,9.04551988867297e-11,9.04551988867297e-11,7.553729863829517e-11,,0.0,0.00334141568055224,1.0360011940455002e-13,,,,,0.0,,2.3581402326363267e-13,0.7592592592592592,0.9,3.9898886191765394e-14,3.9898886191765394e-14,0.0,0.16759663385628512,0.04392663255887788,1121,1.345264873709876,0.7292087113909597,754,259.50818869546293,0.8639894189227133,937.5,901.5829333333334,0.6863186088324258,385,0.8558684230145931,0.7791660701243863,0.16714228285246893,6,290.25,219,,,,,,,,,,1.1518344547244423e-18,0.999999999971678,3.163273102938774e-26,0.9572818166751567,0.20702781430607942,5.000266154728608e-05,0.0798495026063058,1.0,0.000257590235793585,5.88270751555875e-14,2.8785079788512524e-14,2.8785079788512524e-14,2.375812220567486e-14,,0.0,7.831929549340089e-14,1.04866601015361e-18,,,,,0.0,,5.997722808225377e-21,0.9071428571428571,0.9731543624161074,3.9950677933311767e-19,3.9950677933311767e-19,0.9071428571428571,0.3694582933845491,0.0983100181942595,237,1.4099508356172503,0.7777293637981362,19,154.14927829866735,0.40019736070557455,128.0,35.17968750000001,0.45107144299870167,230,225.94736842105263,230.0,18.404328247605616,19,0.8930726024547535,0.15858562203929286,0.3272734916698847,6,174.0,101
sym17,1.0,constant,7.586825999888162e-21,259.0945786489521,7060713.615109244,0.5630252100840336,51.3346683963545,205,smoothed,6.594029820817234e-11,,6.163114423290291,60942.705037787826,0.9943959982875935,0.0001756966493311987,1.0,438.1999999998948,,,,[],[],13,320.16923076946125,47.400000000130035,784.8000000003055,"[7, 24, 40, 50, 80, 91, 101, 111, 139, 152, 174, 190, 200]","[160.6000000002245, 598.4000000001164, 234.20000000024862, 59.40000000014217, 47.400000000130035, 784.8000000003055, 63.200000000004536, 275.4000000002378, 244.60000000024303, 588.6000000003693, 658.2000000003095, 360.60000000035257, 86.80000000031265]","[1, 1, 35, 47, 1, 1, 100, 96, 129, 129, 158, 184, 193]","[14, 54, 54, 54, 82, 202, 102, 158, 144, 158, 202, 202, 202]",43515985.92000382,784.8000000001359,-784.8000000001359,0.0,,,,DWT,mdp.39015067403777,3.814697265625e-06,,0.0,34.0,9.0,0.0,34.0,,1.3596945791505277e-10,108.60559440582492,492.19999999700303,108.60559440582493,,0.0,108.60559440582492,,,43.200000000130046,0.0,43.0,3.055902197957039e-10,1.3596945791505277e-10,,1.0516032489249483e-10,1.1871858418094492e-10,1.8122273916346912e-20,0.7489279851075389,0.04627735446895392,0.04387562400065047,0.4917671543122976,0.11447685479221317,4.2976339740138256e-09,4.3931499185436934e-09,4.3931499185436934e-09,3.714919354380951e-09,,3.189402728916724e-10,0.9999999956067916,2.1711288850871747e-10,,,,,,5.999911152773782e-11,1.0,2.495756397942293e-10,2.495756397942293e-10,0.7000000032409083,0.23962582483125364,24,0.7369308839767453,0.35285523444669364,743,0,0.25000000112507065,0.31848986446318334,25,0,0.206474996114339,0.31409387881081996,663,393.0914863828351,0.587954416789481,363.75,47.32559662991419,0.6033325543066902,549,sym,1.0,1.0,0.0,7,413.5,1.0,7.12133108288428e-11,0.9999999999675255,4.187677174509556e-21,0.7513263660497387,0.7595194455070433,9.635571542445742e-05,0.4319819335412409,0.001088389008069176,4.714650891912697e-11,9.662076694283428e-11,9.662076694283428e-11,8.170414345087806e-11,,3.189402728916724e-10,0.0033414156796153782,1.3923856047971523e-10,,,,,0.0,,3.018419497774498e-11,0.7592592592592592,0.9,4.771906788535141e-11,4.771906788535141e-11,0.0,0.16759663412563042,0.04392663262947257,980,1.3038318492724228,0.7067496975941114,1002,15.556349186104045,0.9918467771561299,991.0,990.8779011099899,0.7362273718065765,224,0.8558684230145931,0.7791660701243863,0.16714228285246893,6,169.5,194,,,,,,,,,,4.708993539138261e-16,0.9999999999693365,4.187676985012488e-21,0.8200203504115479,0.1962274836079672,8.812760723327697e-06,0.22001789820224996,1.0,0.0010788266427864453,6.418780437722482e-14,3.076906134394375e-14,3.076906134394375e-14,2.5742483231866453e-14,,6.9559381570105135e-16,6.752758074934917e-14,1.4094071176464517e-15,,,,,0.0,,7.677085194528482e-19,0.9071428571428571,0.9731543624161074,4.778101080824088e-16,4.778101080824088e-16,0.9071428571428571,0.36945829338454833,0.09831001819425929,239,1.3785690483600896,0.7604191591996367,29,148.49242404917499,0.42220846673472767,134.0,51.72388059701493,0.45040384426230545,231,225.94736842105263,230.0,18.404328247605616,19,0.8930726024547535,0.15858562203929286,0.3272734916698847,6,174.75,102
bior4.4,1.0,periodic,6.2208377816187566e-21,259.9566911218272,7056550.396929091,0.5420560747663551,95.05200410495884,205,smoothed,6.033378891341202e-11,6.045929534746175e-10,6.19226433912885,49040.898124406296,0.9891156270659831,0.00017569664933187468,0.9999999999999994,438.2000000000994,,,,[],[],13,320.16923076902947,47.39999999993313,784.7999999997287,"[7, 24, 40, 50, 80, 91, 101, 111, 139, 152, 174, 190, 200]","[160.59999999976753, 598.3999999999148, 234.19999999976204, 59.39999999986844, 47.39999999993313, 784.7999999997287, 63.19999999998225, 275.39999999979625, 244.59999999981318, 588.5999999996552, 658.1999999996899, 360.5999999996889, 86.79999999978281]","[1, 1, 35, 47, 1, 1, 100, 96, 129, 129, 158, 184, 193]","[14, 54, 54, 54, 82, 204, 102, 158, 144, 158, 204, 204, 204]",43515985.91999586,784.7999999998823,-784.7999999998823,0.0,,,,DWT,mdp.39015067403777,4.1425228118896484e-06,,0.0,16.0,9.0,0.0,34.0,,1.176658770418726e-10,108.60559440539313,492.20000000261643,108.60559440542646,,0.0,108.60559440539313,,,43.19999999993314,0.0,43.0,2.7125679480377585e-10,1.176658770418726e-10,,9.941913958755322e-11,1.0862133296465727e-10,1.4859405014349398e-20,0.7521985104685046,0.09358861790497222,0.04213241385826331,0.29249127174769257,0.029600062921048338,3.754391962410268e-09,3.8682688014532694e-09,3.8682688014532694e-09,3.230530645415739e-09,,3.015278579932622e-10,0.999999996131694,1.9271999701703863e-10,,,,,,6.515528517465279e-11,0.0,2.1597891905269845e-10,2.1597891905269845e-10,0.6000000028483782,0.2053935641651935,297,0.6480161560628033,0.31028132711561207,910,0,0.16666666765370958,0.21232657661071194,299,0,0.17285869671558607,0.2629560942455009,899,350.19268505590844,0.6329217137778738,601.25,448.29313447120774,0.5013403118155616,893,bior,0.9636134315180797,0.9466539754398303,0.041474405305395146,6,671.25,1.0,6.515647739923877e-11,0.9999999999715674,3.433696648258555e-21,0.7545286827790822,0.7702600603293972,9.252743345170673e-05,0.25693246083138244,0.0002814226786707315,4.1186942745241595e-11,8.50768344662356e-11,8.50768344662356e-11,7.105072086233122e-11,,3.015278579932622e-10,0.003341415681369253,1.2359494244962817e-10,,,,,0.0,,3.277814923364494e-11,0.09259259259259256,0.9,4.1295347208477184e-11,4.1295347208477184e-11,0.0,0.10092996743012991,0.026453476370441827,1249,1.240779056963912,0.6725715618771695,1441,135.7645019878171,0.9288446006353159,1345.0,1338.1479553903346,0.6119589879486852,786,0.7025000621287805,0.8057019689583358,0.26653936582235294,5,590.75,236,,,,,,,,,,4.3084682866696807e-16,0.9999999999731889,3.433696458761486e-21,0.8223380542777075,0.19945346008746112,8.11730634062705e-06,0.11111460055830769,0.9999999999999996,0.0002718525884734763,5.607190059486733e-14,2.7054422070682538e-14,2.7054422070682538e-14,2.231439859279316e-14,,6.576181533303453e-16,8.773017035057507e-14,1.2510585501132567e-15,,,,,0.0,,8.336834703433274e-19,0.65,0.9731543624161074,4.134895166097768e-16,4.134895166097768e-16,0.9071428571428571,0.3437440076702669,0.09146764398940645,242,1.3376882025141945,0.7378692706304095,46,138.59292911256333,0.4607279022857458,144.0,77.30555555555556,0.4502083091195266,232,189.53333333333333,208.0,53.22307054365841,15,0.7491436100131752,0.4586102592527561,0.3380163952149505,5,175.25,103
bior3.7,1.0,antisymmetric,6.709735315447838e-27,321.1398836393169,9008829.787601197,0.5954545454545455,203.46632984413648,205,raw,5.393192667525445e-14,-2.1216339796126396e-10,6.103060183352115,117851.05203945261,0.9541349558618882,8.495265437916495e-06,1.0,389.00000000000006,,,,[],[],15,535.0,77.99999999999997,912.9999999999999,"[8, 24, 38, 50, 67, 78, 93, 103, 117, 133, 151, 166, 180, 190, 201]","[912.9999999999999, 578.0, 521.0, 269.0, 231.0000000000001, 890.9999999999999, 371.0000000000001, 458.0, 803.9999999999998, 503.9999999999999, 762.0, 77.99999999999997, 713.0, 552.0000000000002, 380.00000000000006]","[0, 13, 33, 47, 66, 66, 87, 96, 96, 127, 127, 157, 157, 182, 193]","[204, 66, 66, 53, 70, 204, 204, 106, 204, 142, 204, 170, 204, 204, 204]",49420436.0,933.9999999999999,-933.9999999999999,0.0,,,,DWT,mdp.39015067403777,0.0,,0.0,40.5,15.0,0.0,40.5,,1.1368683772161603e-13,144.76666666666665,3682.0,144.76666666666665,,0.0,144.76666666666665,,,75.99999999999997,0.0,45.0,1.1368683772161603e-13,1.1368683772161603e-13,,5.684341886080802e-14,3.199642770601971e-14,2.5055006051416573e-27,0.9817936477551706,0.7373917843776776,0.0012468582975752622,0.5708763677267608,0.003564212373876094,1.815467474560155e-08,6.290417722800917e-09,6.290417722800917e-09,5.824095620788946e-09,,1.761808214989251e-13,0.9999999937096067,5.1800059702275014e-14,,,,,,0.0,1.0,3.989888619176538e-14,3.989888619176538e-14,0.600000007822815,0.2287619942559253,659,1.1881717420309932,0.6761932499912742,582,0,0.1818181845699564,0.2448001651749242,660,0,0.32783898150444185,0.6405991973573831,616,37.588783788075226,0.9605987591319967,629.25,627.53052864254,0.6505037820817217,444,bior,0.7220500223186996,0.7474792470919258,0.27032121024933253,5,334.25,,3.4842218818550333e-14,0.00022810626045038918,2.6949976736295502e-27,0.9817936477551705,0.7373917843776776,0.0018877434595326343,0.7027006814026922,0.004946888833035566,0.9927249107251066,0.9667891384887772,0.9667891384887772,0.9667891384882776,,1.7240014750901214e-13,0.999999999963378,5.180005970227501e-14,,,,,1.0,,0.0,0.9999999999999999,1.0,3.9898886191765394e-14,3.9898886191765394e-14,1.0,2.4679276978390994,0.646837294225227,677,1.241843412544144,0.6731485020592038,1436,536.6940469205896,0.7187138118864834,1056.5,920.181732134406,0.5824963189411453,989,0.7025000621287805,0.8057019689583358,0.26653936582235294,5,743.0,244,,,,,,,,,,2.115854337748239e-19,0.04710947485633938,2.5055006051416573e-27,0.9868229982999976,0.1895813729774119,0.00033424031977562425,0.38843979585067745,1.0,0.004937363404338979,0.0013519450689085234,0.0003110952106926472,0.0003110952106926472,0.00031109521068762203,,3.759966571357034e-19,0.011480097365344586,5.24333005076805e-19,,,,,0.30000000000000004,,0.0,1.0,1.0,3.9950677933311767e-19,3.9950677933311767e-19,1.0,0.5264256178929667,0.14007781933620056,84,1.2585353117875009,0.6942085089977492,249,116.67261889578035,0.5460209381487147,166.5,125.62162162162161,0.44908050798486315,233,189.53333333333333,208.0,53.22307054365841,15,0.7491436100131752,0.4586102592527561,0.3380163952149505,5,176.0,104
db20,1.0,reflect,1.2102065222972634e-26,318.5783426326712,9490820.719538206,0.5860655737704918,281.13818572447946,205,raw,7.56814665137648e-14,-2.0679613577101605e-10,6.514567931593263,69626.86763807689,0.8676517663274682,8.495265437916495e-06,1.0,389.0,,,,[],[],15,535.0,78.0,913.0,"[8, 24, 38, 50, 67, 78, 93, 103, 117, 133, 151, 166, 180, 190, 201]","[913.0, 577.9999999999999, 520.9999999999999, 269.0000000000001, 230.99999999999994, 891.0, 371.0000000000002, 458.00000000000017, 803.9999999999999, 504.0, 762.0, 78.0, 712.9999999999998, 552.0000000000002, 380.0000000000002]","[0, 13, 33, 47, 66, 66, 87, 96, 96, 127, 127, 157, 157, 182, 193]","[204, 66, 66, 53, 70, 204, 204, 106, 204, 142, 204, 170, 204, 204, 204]",49420436.0,934.0,-934.0,0.0,,,,DWT,mdp.39015067403777,0.0,,0.0,40.5,15.0,0.0,40.5,,0.0,144.76666666666665,3682.0,144.7666666666667,,0.0,144.76666666666665,,,76.0,0.0,45.0,0.0,0.0,,0.0,5.5492926694348934e-14,5.481889191088236e-27,0.9722788038379667,0.8890164492566688,0.0016903570314779103,0.45774401150675814,0.00028997274625562175,1.815479298628636e-08,6.290417722800917e-09,6.290417722800917e-09,5.824141381262421e-09,,0.0,0.9999999937096067,0.0,,,,,,0.0,1.0,0.0,0.0,0.6000000078227342,0.2287619942558945,776,1.2119342791480758,0.6897166040930748,497,0,0.18181818456994334,0.2448001651749066,743,0,0.3315742277684547,0.6478978893789309,578,133.05262116922012,0.8605318436381341,648.5,627.2806498503124,0.5903812258022956,594,db,0.646876945778354,0.7349580893483774,0.326698711150639,3,446.25,,5.83387178068795e-14,0.00022810626045038918,5.6713862595761284e-27,0.9722788038379666,0.8890164492566689,0.0023309576068382167,0.6243219348458059,0.0016771926131398834,0.9927249107251075,0.9667891384887772,0.9667891384887772,0.9667891384882792,,0.0,0.999999999963378,0.0,,,,,1.0,,0.0,0.9999999999999999,1.0,0.0,0.0,1.0,2.4679276978389715,0.6468372942251934,903,1.2795090685962647,0.6935653917366381,1213,219.20310216782974,0.8851136781091039,1058.0,1035.2920604914934,0.6653031702914493,503,0.5947627399969394,0.9115529220878905,0.31020020537577525,4,378.25,225,,,,,,,,,,3.669626832700862e-19,0.04710947485633938,5.481889191088236e-27,0.9799365493954479,0.23512230435805878,0.00041475560663603887,0.3396781296022364,1.0,0.0016676358843469982,0.0013519450689085245,0.0003110952106926472,0.0003110952106926472,0.00031109521068762257,,0.0,0.011480097365344586,0.0,,,,,0.30000000000000004,,0.0,1.0,1.0,0.0,0.0,1.0,0.5264256178929667,0.14007781933620056,82,1.2564016082711515,0.6930315574073928,250,118.79393923933998,0.5377667733877822,166.0,123.49397590361446,0.44592618825031133,235,112.48780487804878,105.5,72.93041566078782,82,0.44461582955750506,0.6284236608665632,0.5002418210497774,3,177.0,105
sym15,1.0,reflect,1.1431908836536775e-21,267.3139923621725,7572335.1131322635,0.5299145299145299,101.67295564718731,205,smoothed,2.5393224650376452e-11,6.263425333860186e-11,6.372999177389457,45387.054056321525,0.9865186717331439,0.00017569664933174374,1.0,438.2000000000412,,,,[],[],13,320.1692307691422,47.39999999995882,784.799999999867,"[7, 24, 40, 50, 80, 91, 101, 111, 139, 152, 174, 190, 200]","[160.59999999990657, 598.3999999999584, 234.19999999990137, 59.399999999949614, 47.39999999995882, 784.799999999867, 63.19999999999709, 275.39999999990823, 244.59999999990833, 588.599999999856, 658.1999999998708, 360.5999999998673, 86.79999999989917]","[1, 1, 35, 47, 1, 1, 100, 96, 129, 129, 158, 184, 193]","[14, 54, 54, 54, 82, 204, 102, 158, 144, 158, 204, 204, 204]",43515985.91999834,784.7999999999496,-784.7999999999496,0.0,,,,DWT,mdp.39015067403777,1.6614794731140137e-06,,0.0,16.0,9.0,0.0,34.0,,5.03632691106759e-11,108.60559440550585,492.20000000115124,108.60559440552156,,0.0,108.60559440550585,,,43.199999999958834,0.0,43.0,1.3289991329656914e-10,5.03632691106759e-11,,4.121147867408581e-11,4.5693825588109406e-11,2.730679497460013e-21,0.7801093005937981,0.38692715076285683,0.2581002324222426,0.1771065870961816,0.0035429637970625927,3.8252768900213556e-09,4.00529345326874e-09,4.00529345326874e-09,3.3461343986395336e-09,,1.249901069440338e-10,0.9999999959946853,9.442149057540577e-11,,,,,,2.6132425528682684e-11,0.0,9.244315086023712e-11,9.244315086023712e-11,0.6000000027116914,0.20539356411840254,303,0.8628390923198345,0.4131422591048512,412,0,0.16666666763392612,0.21232657658550863,307,0,0.22939803353111943,0.3489648601492819,436,69.41901756723442,0.9272337342062532,364.5,354.659560322324,0.77257913125407,164,sym,1.0,1.0,0.0,7,124.75,1.0,2.7409429004016497e-11,0.9999999999707845,6.310027237862008e-22,0.7818573777998207,0.8368538472030388,0.0005668166120189023,0.155575347531472,3.368473792985673e-05,4.1964542951689054e-11,8.809047935542935e-11,8.809047935542935e-11,7.359324261102529e-11,,1.249901069440338e-10,0.003341415680911508,6.055426979195948e-11,,,,,0.0,,1.3146631796947521e-11,0.09259259259259256,0.9,1.767520658295207e-11,1.767520658295207e-11,0.0,0.10092996729365225,0.026453476334671395,1251,1.2500683714946403,0.6776068892770273,1408,111.01576464628796,0.9418156369778365,1329.5,1324.864986837157,0.6225063509836772,756,0.8558684230145931,0.7791660701243863,0.16714228285246893,6,568.5,234,,,,,,,,,,1.8123378805494375e-16,0.9999999999724427,6.310025342891322e-22,0.8421174288555768,0.21945510745011357,9.427775383374153e-05,0.048057433306359365,1.0,2.4112276190757726e-05,5.713073243651667e-14,2.8024186703862197e-14,2.8024186703862197e-14,2.3132537552150723e-14,,2.7259757642338495e-16,8.245661098360557e-14,6.129452829347851e-16,,,,,0.0,,3.3437304655856477e-19,0.65,0.9731543624161074,1.7698150324457114e-16,1.7698150324457114e-16,0.9071428571428571,0.3437440076702648,0.09146764398940588,244,1.3342777681400728,0.7359880738616584,51,136.47160876900367,0.46898206704667833,147.5,84.36610169491526,0.4475260529785921,234,225.94736842105263,230.0,18.404328247605616,19,0.8930726024547535,0.15858562203929286,0.3272734916698847,6,177.0,106
db27,1.0,symmetric,1.8248084383651512e-26,316.79476471901944,9829895.08379371,0.5891472868217055,265.9681030977011,205,raw,9.721437746942152e-14,-2.0267310052446556e-10,6.614071462761091,69682.04247450759,0.8663459544916281,8.495265437916494e-06,1.0,389.0,,,,[],[],15,535.0,77.99999999999999,912.9999999999999,"[8, 24, 38, 50, 67, 78, 93, 103, 117, 133, 151, 166, 180, 190, 201]","[912.9999999999999, 578.0000000000002, 520.9999999999999, 268.9999999999999, 231.00000000000003, 890.9999999999999, 371.0000000000002, 458.0000000000002, 804.0000000000001, 504.00000000000034, 762.0000000000002, 77.99999999999999, 713.0, 552.0000000000002, 380.00000000000034]","[0, 13, 33, 47, 66, 66, 87, 96, 96, 127, 127, 157, 157, 182, 193]","[204, 66, 66, 53, 70, 204, 204, 106, 204, 142, 204, 170, 204, 204, 204]",49420436.0,933.9999999999999,-933.9999999999999,0.0,,,,DWT,mdp.39015067403777,0.0,,0.0,40.5,15.0,0.0,40.5,,1.1368683772161603e-13,144.76666666666665,3682.0,144.76666666666677,,0.0,144.76666666666665,,,75.99999999999999,0.0,45.0,1.1368683772161603e-13,1.1368683772161603e-13,,0.0,7.875539680829247e-14,8.87428943227646e-27,0.9656537037835308,0.925679646078802,0.0020023526340545465,0.4948770938516405,0.00029371890885290396,1.8154733865943957e-08,6.290417722800917e-09,6.290417722800917e-09,5.824187141735896e-09,,0.0,0.9999999937096067,5.1800059702275014e-14,,,,,,0.0,1.0,3.989888619176538e-14,3.989888619176538e-14,0.6000000078227721,0.22876199425590893,742,1.2413015467307678,0.7064296325279708,359,0,0.18181818456995408,0.24480016517492106,691,0,0.34121521646527997,0.6667364350350221,417,192.2626242062317,0.7984668509368641,552.25,501.3483919869316,0.6097942221141344,547,db,0.646876945778354,0.7349580893483774,0.326698711150639,3,411.0,,8.160118792082298e-14,0.00022810626045038918,9.063786500764352e-27,0.9656537037835307,0.9256796460788022,0.002642753006437823,0.6500479476968574,0.0016809335774786327,0.992724910725107,0.9667891384887772,0.9667891384887772,0.9667891384882807,,0.0,0.999999999963378,5.180005970227501e-14,,,,,1.0,,0.0,0.9999999999999999,1.0,3.9898886191765394e-14,3.9898886191765394e-14,1.0,2.467927697839014,0.6468372942252045,850,1.3043134062006325,0.7070107283501682,1000,106.06601717798213,0.9444098442463406,925.0,918.918918918919,0.7298045028359585,248,0.5947627399969394,0.9115529220878905,0.31020020537577525,4,187.0,199,,,,,,,,,,5.207923505990615e-19,0.04710947485633937,8.87428943227646e-27,0.9751415770964372,0.24613420754679433,0.00047139706583389067,0.3556830200559976,1.0,0.0016713768844971917,0.0013519450689085239,0.0003110952106926472,0.0003110952106926472,0.00031109521068762306,,0.0,0.011480097365344586,5.24333005076805e-19,,,,,0.30000000000000004,,0.0,1.0,1.0,3.9950677933311767e-19,3.9950677933311767e-19,1.0,0.5264256178929667,0.14007781933620056,68,1.2654623497972761,0.6980294655362724,248,127.27922061357856,0.5047501143440523,158.0,106.73417721518987,0.4449820610630767,236,112.48780487804878,105.5,72.93041566078782,82,0.44461582955750506,0.6284236608665632,0.5002418210497774,3,177.75,107
rbio4.4,1.0,periodic,6.220847859793023e-21,259.9566840859712,7122257.434552179,0.5467289719626168,105.60283334207016,205,smoothed,6.033166378407123e-11,6.081673609113192e-10,6.187777978777166,51105.07940929275,0.9868721253801868,0.00017569664933187468,0.9999999999999992,438.20000000009946,,,,[],[],13,320.1692307690295,47.39999999993324,784.7999999997289,"[7, 24, 40, 50, 80, 91, 101, 111, 139, 152, 174, 190, 200]","[160.59999999976736, 598.3999999999152, 234.19999999976199, 59.39999999986853, 47.39999999993324, 784.7999999997289, 63.1999999999822, 275.3999999997962, 244.5999999998129, 588.5999999996551, 658.19999999969, 360.599999999689, 86.79999999978287]","[1, 1, 35, 47, 1, 1, 100, 96, 129, 129, 158, 184, 193]","[14, 54, 54, 54, 82, 204, 102, 158, 144, 158, 204, 204, 204]",43515985.91999586,784.7999999998825,-784.7999999998825,0.0,,,,DWT,mdp.39015067403777,4.1425228118896484e-06,,0.0,16.0,9.0,0.0,34.0,,1.1743850336642936e-10,108.60559440539319,492.2000000026155,108.60559440542646,,0.0,108.60559440539319,,,43.199999999933254,0.0,43.0,2.710294211283326e-10,1.1743850336642936e-10,,9.947598300641403e-11,1.0861750563401481e-10,1.4859429087588802e-20,0.7521984837771549,0.08630710883842857,0.06964506619938034,0.3368991931431761,0.044320608009431356,3.7547056125324406e-09,3.868337901126399e-09,3.868337901126399e-09,3.230530645415739e-09,,3.0170025814077123e-10,0.999999996131609,1.9255845468927917e-10,,,,,,6.515528517465279e-11,0.0,2.1556156848448067e-10,2.1556156848448067e-10,0.6000000028483096,0.20539356416517002,298,0.6817830982788257,0.3264495222221677,862,0,0.1666666676536715,0.21232657661066343,300,0,0.18419578001088416,0.2802022912845343,831,316.35357328997145,0.6683924808281222,572.75,441.8668742666954,0.5340128022589248,782,rbio,0.7616025199457978,0.8861028611229331,0.20104737770106162,4,587.5,1.0,6.515418157598105e-11,0.9999999999715674,3.433702211078962e-21,0.7545286566443954,0.7686070103254592,0.0001529482561735305,0.2959416129895722,0.0004213783011069324,4.119038443661793e-11,8.507833326731884e-11,8.507833326731884e-11,7.105072086233122e-11,,3.0170025814077123e-10,0.0033414156813689755,1.2349134233022362e-10,,,,,0.0,,3.277814923364494e-11,0.09259259259259256,0.9,4.1215549436093655e-11,4.1215549436093655e-11,0.0,0.10092996743013419,0.026453476370442947,1248,1.2556423698047416,0.6806283077385049,1379,92.63098833543772,0.9514512639751375,1313.5,1310.233726684431,0.631517036599728,716,0.5534034145977783,0.9576026100001634,0.32533682678150616,3,537.75,232,,,,,,,,,,4.308316468859168e-16,0.9999999999731889,3.433702021581893e-21,0.8223380353625065,0.19895696146793773,1.9093489983149163e-05,0.13538331295461714,0.9999999999999993,0.00041180955067464755,5.607645424399177e-14,2.7054909961660156e-14,2.7054909961660156e-14,2.231439859279316e-14,,6.57994149987481e-16,8.772670090362311e-14,1.250009884103103e-15,,,,,0.0,,8.336834703433274e-19,0.65,0.9731543624161074,4.1269050305111057e-16,4.1269050305111057e-16,0.9071428571428571,0.3437440076702669,0.09146764398940645,243,1.3472088976905374,0.7431208893502719,38,144.95689014324225,0.4359654080029485,140.5,65.72241992882562,0.44463640049952874,237,138.2093023255814,141.0,56.34272595951746,43,0.5462818273738396,0.4854915715188868,0.4719552493826462,4,178.75,108
sym2,1.0,reflect,1.4974782382384694e-21,266.14157468922247,7060679.752575995,0.5480769230769231,97.36718232681307,205,smoothed,2.87712531306214e-11,1.3245295971041903e-10,6.1694800920699855,49613.24962408034,0.9867585817476737,0.00017569664933181508,0.9999999999999999,438.2000000000427,,,,[],[],13,320.1692307691303,47.3999999999254,784.799999999868,"[7, 24, 40, 50, 80, 91, 101, 111, 139, 152, 174, 190, 200]","[160.5999999999127, 598.3999999999426, 234.19999999989795, 59.39999999994794, 47.3999999999254, 784.799999999868, 63.20000000000505, 275.3999999998921, 244.59999999987843, 588.5999999998479, 658.1999999998732, 360.5999999998501, 86.7999999998517]","[1, 1, 35, 47, 1, 1, 100, 96, 129, 129, 158, 184, 193]","[14, 54, 54, 54, 82, 204, 102, 158, 144, 158, 204, 204, 204]",43515985.91999845,784.7999999999417,-784.7999999999417,0.0,,,,DWT,mdp.39015067403777,1.5497207641601562e-06,,0.0,16.0,9.0,0.0,34.0,,5.820766091346741e-11,108.60559440549397,492.20000000130585,108.60559440550944,,0.0,108.60559440549397,,,43.19999999992541,0.0,43.0,1.319904185947962e-10,5.820766091346741e-11,,4.268940756446682e-11,5.1777611485456416e-11,3.576948283811796e-21,0.7756615958526291,0.056609042363029466,0.04386144518300217,0.3497091704687967,0.03368174223819165,3.733063754102507e-09,3.990851621584709e-09,3.990851621584709e-09,3.3313988933347076e-09,,1.2947251077926812e-10,0.9999999960091431,9.377532126436792e-11,,,,,,2.437463905814349e-11,0.0,1.0684174546375034e-10,1.0684174546375034e-10,0.6000000026849693,0.20539356410925497,309,0.6689885663829217,0.320323279381859,877,0,0.1666666676263846,0.212326576575901,325,0,0.1799318565939181,0.27371592600936306,854,316.88312777215936,0.6678373922723697,591.25,463.801451884737,0.5240392412095601,806,sym,1.0,1.0,0.0,7,606.25,1.0,3.10587863402156e-11,0.999999999971211,8.2655767988409675e-22,0.7775024324232098,0.7618649478689726,9.632457717515636e-05,0.30719425303520415,0.0003202292558719096,4.0953018753953074e-11,8.777278903693286e-11,8.777278903693286e-11,7.326911299898597e-11,,1.2947251077926812e-10,0.003341415680959803,6.013986931434128e-11,,,,,0.0,,1.2262329209708899e-11,0.09259259259259256,0.9,2.0428229730183882e-11,2.0428229730183882e-11,0.0,0.10092996729577813,0.02645347633522858,1250,1.2704878885941109,0.688675408229929,1281,21.920310216782973,0.9885113678109104,1265.5,1265.3101540892928,0.6626257048698159,526,0.8558684230145931,0.7791660701243863,0.16714228285246893,6,396.0,226,,,,,,,,,,2.053661962748075e-16,0.9999999999728493,8.265574903870282e-22,0.8389655002397106,0.19693196240897903,8.8071040783626e-06,0.14238390306893733,0.9999999999999999,0.00031065953716164353,5.575314515615659e-14,2.7921946438996814e-14,2.7921946438996814e-14,2.3028237303157617e-14,,2.8237348950891323e-16,8.301345721939413e-14,6.087506188941706e-16,,,,,0.0,,3.118815860277196e-19,0.65,0.9731543624161074,2.0454747101855625e-16,2.0454747101855625e-16,0.9071428571428571,0.3437440076702646,0.09146764398940582,245,1.3589275099346494,0.7495848798774454,34,149.19953083036154,0.4194570784810835,139.5,59.71326164874552,0.43832776103042503,239,225.94736842105263,230.0,18.404328247605616,19,0.8930726024547535,0.15858562203929286,0.3272734916698847,6,180.75,109
sym14,1.0,periodic,4.673502387231018e-22,271.1987551987981,7491748.3188051935,0.5387931034482759,87.83420150646683,205,smoothed,1.6383755057243582e-11,4.473168502237515e-11,6.3385154099221115,47119.67868725744,0.9881677949582591,0.00017569664933169405,0.9999999999999999,438.2000000000265,,,,[],[],13,320.1692307691741,47.399999999975535,784.7999999999217,"[7, 24, 40, 50, 80, 91, 101, 111, 139, 152, 174, 190, 200]","[160.59999999993835, 598.399999999974, 234.19999999993473, 59.39999999996678, 47.399999999975535, 784.7999999999217, 63.19999999999749, 275.39999999994166, 244.59999999994199, 588.5999999999058, 658.1999999999148, 360.59999999991385, 86.79999999993623]","[1, 1, 35, 47, 1, 1, 100, 96, 129, 129, 158, 184, 193]","[14, 54, 54, 54, 82, 204, 102, 158, 144, 158, 204, 204, 204]",43515985.91999885,784.7999999999671,-784.7999999999671,0.0,,,,DWT,mdp.39015067403777,1.1548399925231934e-06,,0.0,16.0,9.0,0.0,34.0,,3.285549610154703e-11,108.60559440553774,492.2000000007365,108.60559440554721,,0.0,108.60559440553774,,,43.199999999975546,0.0,43.0,7.821654435247183e-11,3.285549610154703e-11,,2.6489033189136535e-11,2.9467886590311515e-11,1.1163321747256329e-21,0.7948466066626344,0.3309588722968211,0.22435717329478738,0.26148229215257174,0.015899038909107807,3.87138345798078e-09,4.044058369894296e-09,4.044058369894296e-09,3.3773156261602973e-09,,8.033846873919965e-11,0.9999999959559044,5.557056074925506e-11,,,,,,1.8163793528905003e-11,0.0,6.030715710746846e-11,6.030715710746846e-11,0.6000000026801563,0.20539356410760734,311,0.865518519226897,0.414425214983118,404,0,0.16666666763061724,0.21232657658129322,316,0,0.2325062833350558,0.3536931916935562,411,54.38443404749806,0.9429932557154108,360.5,354.3482958030217,0.782555328067349,144,sym,1.0,1.0,0.0,7,109.75,1.0,1.7676303855060346e-11,0.9999999999704876,2.5796093739937805e-22,0.7962873291259753,0.8241479146699354,0.0004927131279798487,0.22969331147954414,0.00015116015563972443,4.2470360561708276e-11,8.894307512719024e-11,8.894307512719024e-11,7.427902737333625e-11,,8.033846873919965e-11,0.003341415680781834,3.56384410751652e-11,,,,,0.0,,9.137793401465765e-12,0.09259259259259256,0.9,1.1530778109420199e-11,1.1530778109420199e-11,0.0,0.1009299672552105,0.026453476324595913,1255,1.2820305000250654,0.694932148424476,1193,43.840620433565945,0.9770227356218207,1224.0,1223.2148692810458,0.6677566508297783,487,0.8558684230145931,0.7791660701243863,0.16714228285246893,6,366.75,222,,,,,,,,,,1.168707433567041e-16,0.9999999999721595,2.5796074790230956e-22,0.8525612283931636,0.21563884179123155,8.081594691482371e-05,0.09416834448847161,0.9999999999999999,0.00014158881846744768,5.781963449691396e-14,2.829848985350103e-14,2.829848985350103e-14,2.3353226904360147e-14,,1.7521444222523778e-16,8.096474879426552e-14,3.6074110749284184e-16,,,,,0.0,,2.3241175881873336e-19,0.65,0.9731543624161074,1.15457459227271e-16,1.15457459227271e-16,0.9071428571428571,0.34374400767026436,0.09146764398940577,246,1.357120539219395,0.7485881542120704,35,149.19953083036154,0.4194570784810835,140.5,61.28113879003559,0.43638223573859625,241,225.94736842105263,230.0,18.404328247605616,19,0.8930726024547535,0.15858562203929286,0.3272734916698847,6,182.25,110
sym6,1.0,antireflect,2.3363565365722238e-21,264.2097887031601,7145585.241278497,0.5416666666666666,108.18148895016861,205,smoothed,3.615449186646046e-11,,6.218296840510897,67026.03803293887,0.99159228356761,0.00017569664933130214,0.9999999999999999,438.1999999999675,,,,[],[],13,320.1692307693372,47.400000000135606,784.8000000001663,"[7, 24, 40, 50, 80, 91, 101, 111, 139, 152, 174, 190, 200]","[160.60000000005306, 598.4000000000765, 234.2000000000903, 59.40000000002371, 47.400000000135606, 784.8000000001663, 63.199999999970146, 275.4000000001191, 244.60000000017362, 588.6000000001291, 658.200000000104, 360.60000000014816, 86.80000000019476]","[1, 1, 35, 47, 1, 1, 100, 96, 129, 129, 158, 184, 193]","[14, 54, 54, 54, 82, 203, 102, 158, 144, 158, 203, 203, 203]",43515985.92000115,784.8000000000615,-784.8000000000615,0.0,,,,DWT,mdp.39015067403777,1.1473894119262695e-06,,0.0,16.0,9.0,0.0,34.0,,6.150457920739427e-11,108.60559440570088,492.19999999861557,108.60559440570091,,0.0,108.60559440570088,,,43.20000000013562,0.0,43.0,1.6632384358672425e-10,6.150457920739427e-11,,3.2514435588382185e-11,6.50747296005135e-11,5.580735633941026e-21,0.7683331378402941,0.13584021607786798,0.07941281497575248,0.28879061163140246,0.1578596614761207,4.3130028300003e-09,4.242374431775486e-09,4.242374431775486e-09,3.564161142428761e-09,,9.861288437515494e-11,0.9999999957575777,1.1816821275604674e-10,,,,,,1.804660776420239e-11,0.0,1.1289332870290808e-10,1.1289332870290808e-10,0.6000000029499339,0.20539356419995833,294,0.7472865074935184,0.35781368583379547,732,0,0.16666666771500874,0.21232657668880459,293,0,0.20431949172378755,0.31081488257610324,685,240.36777376900312,0.7480421658605838,501.0,414.92467196322093,0.6114424665780906,528,sym,1.0,1.0,0.0,7,397.75,1.0,3.9035059069446684e-11,0.9999999999681441,1.2895908835229624e-21,0.770326813492598,0.7798520286820845,0.00017439931112421926,0.2536816981515334,0.0015008511605248765,4.7315151796567534e-11,9.330475281288386e-11,9.330475281288386e-11,7.838846238783503e-11,,9.861288437515494e-11,0.003341415680119142,7.578348734442834e-11,,,,,0.0,,9.078839895649857e-12,0.09259259259259256,0.9,2.1585297429745078e-11,2.1585297429745078e-11,0.0,0.1009299672933845,0.02645347633460122,1252,1.25428232181914,0.6798910857546472,1384,93.33809511662427,0.9510806629367797,1318.0,1314.6949924127466,0.6301524907975303,723,0.8558684230145931,0.7791660701243863,0.16714228285246893,6,543.75,233,,,,,,,,,,2.581115571265488e-16,0.999999999969926,1.2895906940258942e-21,0.8337720852395096,0.20233443709013874,2.2990337259602158e-05,0.10909220785861534,0.9999999999999999,0.0014912927436533205,6.441765523779175e-14,2.9701989565783515e-14,2.9701989565783515e-14,2.4675574084032093e-14,,2.1507008788162236e-16,7.333196549996757e-14,7.670991864273657e-16,,,,,0.0,,2.3091232811667703e-19,0.65,0.9731543624161074,2.1613316761921667e-16,2.1613316761921667e-16,0.9071428571428571,0.34374400767026403,0.09146764398940567,247,1.34567536508929,0.7422749922422286,39,147.07821048680188,0.42771124324201604,143.0,67.36363636363636,0.4356455048894905,242,225.94736842105263,230.0,18.404328247605616,19,0.8930726024547535,0.15858562203929286,0.3272734916698847,6,183.0,111
rbio6.8,1.0,periodic,2.131781144257444e-22,274.607753722167,7264574.464615538,0.545045045045045,104.61139261221761,205,smoothed,1.1173869417811276e-11,-6.381146722149967e-11,6.262638212658273,48433.249138430736,0.9865729919570634,0.00017569664933166998,1.0,438.2000000000178,,,,[],[],13,320.16923076919295,47.39999999998281,784.7999999999506,"[7, 24, 40, 50, 80, 91, 101, 111, 139, 152, 174, 190, 200]","[160.5999999999607, 598.3999999999833, 234.19999999995673, 59.39999999997454, 47.39999999998281, 784.7999999999506, 63.19999999999817, 275.3999999999626, 244.5999999999637, 588.5999999999369, 658.1999999999468, 360.59999999994056, 86.79999999995073]","[1, 1, 35, 47, 1, 1, 100, 96, 129, 129, 158, 184, 193]","[14, 54, 54, 54, 82, 204, 102, 158, 144, 158, 204, 204, 204]",43515985.919999346,784.7999999999769,-784.7999999999769,0.0,,,,DWT,mdp.39015067403777,6.556510925292969e-07,,0.0,16.0,9.0,0.0,34.0,,2.3078428057488054e-11,108.60559440555662,492.20000000049095,108.60559440556257,,0.0,108.60559440555662,,,43.19999999998282,0.0,43.0,4.934008757118136e-11,2.3078428057488054e-11,,1.779199010343291e-11,2.0084949482075346e-11,5.092037170767174e-22,0.8077790446877926,0.20780770821052247,0.129235623192893,0.3208963385862451,0.02526666238038048,3.8914570657998495e-09,4.066999461373235e-09,4.066999461373235e-09,3.395989812836167e-09,,5.39612461703208e-11,0.9999999959329421,3.505468512380334e-11,,,,,,1.0312347293829938e-11,0.0,4.236108267410413e-11,4.236108267410413e-11,0.6000000026595134,0.2053935641005408,314,0.791654292907059,0.3790577477456714,647,0,0.1666666676282032,0.21232657657821785,319,0,0.21299791101113127,0.3240166669432474,600,178.2937650807416,0.8131092609216545,470.0,419.64917741940275,0.6602233935635526,425,rbio,0.7616025199457978,0.8861028611229331,0.20104737770106162,4,319.75,1.0,1.2047951551280469e-11,0.9999999999703435,1.1766629248739643e-22,0.8089500539387661,0.7961901066912029,0.00028381569982667825,0.2818842608604948,0.00024022286125275033,4.269062880979391e-11,8.944767149188237e-11,8.944767149188237e-11,7.46896988701451e-11,,5.39612461703208e-11,0.003341415680705173,2.2481225910787352e-11,,,,,0.0,,5.187908511799919e-12,0.09259259259259256,0.9,8.099473896928375e-12,8.099473896928375e-12,0.0,0.10092996723254954,0.026453476318656535,1260,1.296456787042191,0.702752001876015,1049,149.19953083036154,0.9218031809065191,1154.5,1144.8592464270248,0.6583596617320855,555,0.5534034145977783,0.9576026100001634,0.32533682678150616,3,417.0,228,,,,,,,,,,7.965167082228028e-17,0.9999999999720224,1.1766610299032796e-22,0.8617259827679555,0.20724162874064447,4.2867166501551216e-05,0.1266378310100011,1.0,0.00023065237665853425,5.811974165825795e-14,2.8460849128830734e-14,2.8460849128830734e-14,2.348539114918613e-14,,1.1768695368347516e-16,8.008003982151735e-14,2.2756052420333336e-16,,,,,0.0,,1.3194990178095828e-19,0.65,0.9731543624161074,8.109987620462288e-17,8.109987620462288e-17,0.9071428571428571,0.34374400767026403,0.09146764398940567,248,1.371425230960617,0.7564786270755149,31,153.4421715174808,0.4029487489592186,139.5,55.11111111111112,0.4300735962694926,243,138.2093023255814,141.0,56.34272595951746,43,0.5462818273738396,0.4854915715188868,0.4719552493826462,4,183.25,112
sym5,1.0,reflect,1.1885634377846767e-22,277.1449562224662,7116588.824598643,0.5280373831775701,76.7189668049526,205,smoothed,8.257693715810403e-12,,6.206230636061367,48596.14915910433,0.9891879488067946,0.00017569664933168101,0.9999999999999998,438.2000000000051,,,,[],[],13,320.16923076921273,47.399999999968145,784.7999999999871,"[7, 24, 40, 50, 80, 91, 101, 111, 139, 152, 174, 190, 200]","[160.5999999999961, 598.3999999999833, 234.19999999998777, 59.3999999999962, 47.399999999968145, 784.7999999999871, 63.200000000007265, 275.3999999999772, 244.599999999965, 588.5999999999802, 658.1999999999883, 360.5999999999741, 86.79999999995448]","[1, 1, 35, 47, 1, 1, 100, 96, 129, 129, 158, 184, 193]","[14, 54, 54, 54, 82, 204, 102, 158, 144, 158, 204, 204, 204]",43515985.919999965,784.7999999999893,-784.7999999999893,0.0,,,,DWT,mdp.39015067403777,3.725290298461914e-08,,0.0,16.0,9.0,0.0,34.0,,1.0686562745831907e-11,108.6055944055764,492.20000000023447,108.60559440557783,,0.0,108.6055944055764,,,43.199999999968156,0.0,43.0,1.2846612662542611e-11,1.0686562745831907e-11,,5.115907697472721e-12,1.4832954505190944e-11,2.839019405970876e-22,0.8174042216620464,0.11625637300448799,0.06727152296031909,0.15926750756124397,0.02642837095548563,3.850996200039538e-09,4.0910461476222435e-09,4.0910461476222435e-09,3.414543075083979e-09,,1.5516013275811094e-11,0.9999999959089592,9.127141518409625e-12,,,,,,5.859288235130646e-13,0.0,1.9615476706235416e-11,1.9615476706235416e-11,0.6000000026092298,0.2053935640833276,660,0.6564848323907732,0.3143362756001069,900,0,0.16666666761842092,0.2123265765657556,660,0,0.16951828516548803,0.2578745936263473,913,142.41576457681924,0.8507172279068981,783.25,763.8391819660702,0.5148502282092142,837,sym,1.0,1.0,0.0,7,629.5,1.0,8.89754377527179e-12,0.9999999999704094,6.56037802940928e-23,0.8183744924755899,0.7754060997443157,0.00014773569311374963,0.1399050043568148,0.0002512678086879251,4.2246650622246307e-11,8.997647071851134e-11,8.997647071851134e-11,7.509776134284607e-11,,1.5516013275811094e-11,0.003341415680625015,5.8534067463570755e-12,,,,,0.0,,2.9476752907954083e-13,0.09259259259259256,0.9,3.750495302025947e-12,3.750495302025947e-12,0.0,0.10092996720109326,0.02645347631041193,1270,1.2348641220640617,0.6693653367384824,1480,148.49242404917499,0.9221737819448769,1375.0,1366.9818181818182,0.6007619433833399,860,0.8558684230145931,0.7791660701243863,0.16714228285246893,6,646.5,241,,,,,,,,,,5.88187077809415e-17,0.9999999999720852,6.560359079702431e-23,0.8685470000124484,0.20099908874928832,1.814656395971855e-05,0.03830846336938043,0.9999999999999998,0.00024169742982460747,5.751519052688003e-14,2.863106886991096e-14,2.863106886991096e-14,2.3616688032274125e-14,,3.383969914221331e-17,7.915716693229768e-14,5.924962957367896e-17,,,,,0.0,,7.49715351028172e-21,0.65,0.9731543624161074,3.755363725731306e-17,3.755363725731306e-17,0.9071428571428571,0.34374400767026336,0.09146764398940549,251,1.3370568819754007,0.7375210340049999,47,144.2497833620557,0.43871679625659266,149.0,79.1744966442953,0.42947512964580603,244,225.94736842105263,230.0,18.404328247605616,19,0.8930726024547535,0.15858562203929286,0.3272734916698847,6,184.5,113
bior5.5,1.0,antisymmetric,1.4423306437652483e-20,256.30453158109185,7007957.537107081,0.5370370370370371,97.02032630830304,205,smoothed,9.378220476619608e-11,,6.225294113018946,61069.92198746307,0.9883838780531177,0.00017569664933134312,0.9999999999999994,438.19999999984566,,,,[],[],13,320.1692307695181,47.40000000003113,784.8000000003121,"[7, 24, 40, 50, 80, 91, 101, 111, 139, 152, 174, 190, 200]","[160.60000000038872, 598.4000000000924, 234.20000000038902, 59.40000000020771, 47.40000000003113, 784.8000000003121, 63.20000000004438, 275.4000000002823, 244.60000000023257, 588.6000000005397, 658.20000000051, 360.60000000046887, 86.80000000023614]","[1, 1, 35, 47, 1, 1, 100, 96, 129, 129, 158, 184, 193]","[14, 54, 54, 54, 82, 203, 102, 158, 144, 158, 203, 203, 203]",43515985.92000705,784.8000000001771,-784.8000000001771,0.0,,,,DWT,mdp.39015067403777,7.048249244689941e-06,,0.0,16.0,9.0,0.0,34.0,,1.7712409317027777e-10,108.60559440588176,492.1999999962645,108.60559440588173,,0.0,108.60559440588176,,,43.20000000003114,0.0,43.0,3.121840563835576e-10,1.7712409317027777e-10,,1.5432988220709376e-10,1.6886150022310797e-10,3.4452238641632837e-20,0.7383436124406011,0.14719701740777147,0.021785758356724978,0.24479387469328584,0.11538409237711553,4.024758367723355e-09,4.462249591673028e-09,4.462249591673028e-09,3.783967202802276e-09,,4.68066400486968e-10,0.9999999955377344,2.2179761601374187e-10,,,,,,1.1085773340867182e-10,0.0,3.2511609264164654e-10,3.2511609264164654e-10,0.600000003319242,0.2053935643263808,290,0.671568742225428,0.3215587121362962,872,0,0.1666666678101594,0.21232657681002268,290,0,0.1810720507777658,0.27545041212410765,847,328.95934399253656,0.65517888470384,574.75,433.65236642813255,0.5263577861674336,802,bior,0.9636134315180797,0.9466539754398303,0.041474405305395146,6,603.0,1.0,1.0129152554653705e-10,0.9999999999683891,7.961189309702526e-21,0.7409627363817111,0.7824302525518285,4.784393111982794e-05,0.21503374184666135,0.0010970145718733808,4.41529035555277e-11,9.814049573009243e-11,9.814049573009243e-11,8.322270650396035e-11,,4.68066400486968e-10,0.0033414156793846184,1.4224296394244717e-10,,,,,0.0,,5.577001650184913e-11,0.09259259259259256,0.9,6.216246468677049e-11,6.216246468677049e-11,0.0,0.10092996755395325,0.026453476402895595,1244,1.222268992658819,0.6625380730056005,1532,203.64675298172568,0.893266900952974,1388.0,1373.0605187319884,0.5829017942920006,986,0.7025000621287805,0.8057019689583358,0.26653936582235294,5,740.75,243,,,,,,,,,,6.698000614143177e-16,0.9999999999701595,7.961189120205456e-21,0.8125195856280599,0.20310881450709567,0.0,0.08504820576227246,0.9999999999999996,0.0010874522891613113,6.011098736824483e-14,3.1258090733843336e-14,3.1258090733843336e-14,2.623113315100567e-14,,1.0208309241234348e-15,6.48699843841527e-14,1.4398184319409065e-15,,,,,0.0,,1.4184614441453015e-18,0.65,0.9731543624161074,6.224315622009973e-16,6.224315622009973e-16,0.9071428571428571,0.34374400767026075,0.0914676439894048,254,1.3235204218420051,0.7300543179595317,63,135.0573952066306,0.4744848435539666,158.5,100.95899053627761,0.42887666302211946,245,189.53333333333333,208.0,53.22307054365841,15,0.7491436100131752,0.4586102592527561,0.3380163952149505,5,185.0,114
bior6.8,1.0,periodic,2.133488572995613e-22,274.6042766763153,7292008.990610697,0.5405405405405406,91.95392148551925,205,smoothed,1.1172766235225343e-11,-6.151510412182562e-11,6.254402598614795,48954.91905519223,0.9895307242214034,0.0001756966493316701,1.0,438.2000000000179,,,,[],[],13,320.16923076919284,47.39999999998224,784.7999999999506,"[7, 24, 40, 50, 80, 91, 101, 111, 139, 152, 174, 190, 200]","[160.5999999999608, 598.399999999983, 234.19999999995673, 59.3999999999746, 47.39999999998224, 784.7999999999506, 63.199999999998, 275.3999999999623, 244.5999999999636, 588.599999999937, 658.1999999999467, 360.5999999999407, 86.79999999995056]","[1, 1, 35, 47, 1, 1, 100, 96, 129, 129, 158, 184, 193]","[14, 54, 54, 54, 82, 204, 102, 158, 144, 158, 204, 204, 204]",43515985.919999346,784.799999999977,-784.799999999977,0.0,,,,DWT,mdp.39015067403777,6.556510925292969e-07,,0.0,16.0,9.0,0.0,34.0,,2.2964741219766438e-11,108.6055944055565,492.20000000049276,108.60559440556247,,0.0,108.6055944055565,,,43.19999999998225,0.0,43.0,4.934008757118136e-11,2.2964741219766438e-11,,1.7905676941154525e-11,2.008296266441003e-11,5.096115621853089e-22,0.8077658541042005,0.19444103820961062,0.1407229250581493,0.2780887026464556,0.028986910009388016,3.889888815188985e-09,4.066861262026977e-09,4.066861262026977e-09,3.3958688884081087e-09,,5.4306046465338825e-11,0.9999999959331122,3.505468512380334e-11,,,,,,1.0312347293829938e-11,0.0,4.215240738999525e-11,4.215240738999525e-11,0.6000000026590976,0.20539356410039847,315,0.7750717391647627,0.3711177346241051,679,0,0.1666666676280475,0.21232657657801948,320,0,0.2071436328639839,0.31511102235925775,657,202.57076952676726,0.7876616671627177,492.75,430.365411095962,0.6355761166002267,484,bior,0.9636134315180797,0.9466539754398303,0.041474405305395146,6,364.5,1.0,1.204675975923766e-11,0.9999999999703442,1.1776053693265027e-22,0.8089371384521563,0.793155601934604,0.0003090430832482123,0.24428084391521357,0.0002755931256966564,4.267342035291222e-11,8.944450735626219e-11,8.944450735626219e-11,7.468708984603722e-11,,5.4306046465338825e-11,0.0033414156807057283,2.2481225910787352e-11,,,,,0.0,,5.187908511799919e-12,0.09259259259259256,0.9,8.059575010736608e-12,8.059575010736608e-12,0.0,0.10092996723269843,0.02645347631869556,1259,1.279917180391301,0.6937866111276872,1208,36.062445840513924,0.9810993470437558,1233.5,1232.9728415079044,0.6673054387210393,491,0.7025000621287805,0.8057019689583358,0.26653936582235294,5,369.5,223,,,,,,,,,,7.964378976009844e-17,0.9999999999720229,1.177603474355818e-22,0.8617166350750884,0.20633020596516918,4.745003016975907e-05,0.10324366680815378,1.0,0.00026602297969434874,5.809610605089777e-14,2.84598733468755e-14,2.84598733468755e-14,2.3484523787448142e-14,,1.1843894699774656e-16,8.008697871542125e-14,2.2756052420333336e-16,,,,,0.0,,1.3194990178095828e-19,0.65,0.9731543624161074,8.070036942528978e-17,8.070036942528978e-17,0.9071428571428571,0.34374400767026403,0.09146764398940567,249,1.3616226849494686,0.7510715393386472,33,152.73506473629428,0.4057001372128627,141.0,58.27659574468085,0.4285310024585714,246,189.53333333333333,208.0,53.22307054365841,15,0.7491436100131752,0.4586102592527561,0.3380163952149505,5,185.75,115
sym7,1.0,reflect,2.978406998363934e-21,263.15533945070354,7231095.4611060135,0.536697247706422,92.35535884826358,205,smoothed,4.189223060587587e-11,,6.246525291736818,48004.207726222536,0.9873621040028521,0.00017569664933193632,1.0,438.1999999999993,,,,[],[],13,320.16923076917556,47.39999999983718,784.7999999999811,"[7, 24, 40, 50, 80, 91, 101, 111, 139, 152, 174, 190, 200]","[160.6000000000302, 598.3999999999381, 234.1999999999644, 59.400000000026836, 47.39999999983718, 784.7999999999811, 63.200000000054274, 275.39999999993, 244.59999999983688, 588.5999999999667, 658.1999999999831, 360.5999999999202, 86.79999999981311]","[1, 1, 35, 47, 1, 1, 100, 96, 129, 129, 158, 184, 193]","[14, 54, 54, 54, 82, 204, 102, 158, 144, 158, 204, 204, 204]",43515985.92000024,784.7999999999588,-784.7999999999588,0.0,,,,DWT,mdp.39015067403777,2.384185791015625e-07,,0.0,16.0,9.0,0.0,34.0,,4.1154635255225e-11,108.60559440553922,492.2000000007174,108.60559440554138,,0.0,108.60559440553922,,,43.19999999983719,0.0,43.0,1.887201506178826e-11,4.1154635255225e-11,,6.821210263296962e-13,7.540832336079638e-11,7.114370007411257e-21,0.7643329602178666,0.1816559124159593,0.11521739595872338,0.24156475638590058,0.02220698758367689,3.489671259296294e-09,4.045854961395659e-09,4.045854961395659e-09,3.370232909659736e-09,,2.0688017701081456e-12,0.9999999959541185,1.3408013204035379e-11,,,,,,3.7499444704836135e-12,0.0,7.554045284741723e-11,7.554045284741723e-11,0.6000000025023731,0.20539356404674813,662,0.7125451279285147,0.3411789132954826,808,0,0.16666666758967005,0.21232657652912817,662,0,0.1892825732339336,0.2879404225072196,784,77.9829041093837,0.9182569139314636,729.0,722.7676504450097,0.5770529852676185,609,sym,1.0,1.0,0.0,7,458.5,1.0,4.523366251057608e-11,0.999999999971936,1.6439816012369988e-21,0.7664100618069108,0.7902531194889458,0.0002530301248087366,0.21219719459492714,0.00021113299480731915,3.828293237972957e-11,8.898254355571567e-11,8.898254355571567e-11,7.412326308298134e-11,,2.0688017701081456e-12,0.0033414156807758943,8.598809910577652e-12,,,,,0.0,,1.8865121861090613e-12,0.09259259259259256,0.9,1.4443396801419072e-11,1.4443396801419072e-11,0.0,0.10092996719881302,0.026453476309814282,1271,1.2400624429320684,0.6721831170400688,1447,124.45079348883236,0.9347742172490396,1359.0,1353.3016924208978,0.6112550331528217,788,0.8558684230145931,0.7791660701243863,0.16714228285246893,6,592.5,237,,,,,,,,,,2.991015766981004e-16,0.9999999999735402,1.6439814117399306e-21,0.8309373030202738,0.2054584364941749,3.727458914633565e-05,0.0832835083607057,1.0,0.00020156223174208924,5.2116947910074707e-14,2.8311229229027735e-14,2.8311229229027735e-14,2.3303082553882692e-14,,4.5119598856284405e-18,8.089535985522645e-14,8.703927884274963e-17,,,,,0.0,,4.7981782465803015e-20,0.65,0.9731543624161074,1.446214541185886e-16,1.446214541185886e-16,0.9071428571428571,0.34374400767026236,0.09146764398940523,252,1.3347042655828663,0.7362233299971677,50,142.8355697996826,0.444219572763881,151.0,83.44370860927152,0.42833546731579264,247,225.94736842105263,230.0,18.404328247605616,19,0.8930726024547535,0.15858562203929286,0.3272734916698847,6,186.75,116
sym13,1.0,periodic,7.303319774347067e-23,279.25997672191886,7463387.325734448,0.5304347826086957,89.07501100218232,205,smoothed,6.521109939302087e-12,-1.1354130968760892e-10,6.319709248243871,47461.88754130275,0.988579381344155,0.0001756966493316384,0.9999999999999999,438.2000000000105,,,,[],[],13,320.1692307692089,47.3999999999927,784.7999999999689,"[7, 24, 40, 50, 80, 91, 101, 111, 139, 152, 174, 190, 200]","[160.59999999997456, 598.3999999999908, 234.19999999997395, 59.39999999998736, 47.3999999999927, 784.7999999999689, 63.19999999999857, 275.3999999999772, 244.5999999999787, 588.5999999999628, 658.199999999965, 360.5999999999666, 86.79999999997864]","[1, 1, 35, 47, 1, 1, 100, 96, 129, 129, 158, 184, 193]","[14, 54, 54, 54, 82, 204, 102, 158, 144, 158, 204, 204, 204]",43515985.91999952,784.7999999999874,-784.7999999999874,0.0,,,,DWT,mdp.39015067403777,4.842877388000488e-07,,0.0,16.0,9.0,0.0,34.0,,1.2505552149377763e-11,108.60559440557259,492.2000000002836,108.60559440557634,,0.0,108.60559440557259,,,43.19999999999271,0.0,43.0,3.1036506698001176e-11,1.2505552149377763e-11,,1.0516032489249483e-11,1.1705389432584803e-11,1.7444644442984716e-22,0.8254278014153401,0.30043585897811237,0.21248194393381425,0.1820507020163183,0.018339474205417056,3.918744626428896e-09,4.086416469522578e-09,4.086416469522578e-09,3.4127292086631033e-09,,3.1894027289167244e-11,0.9999999959135516,2.2050527739166616e-11,,,,,,7.61707470566984e-12,0.0,2.295428125197761e-11,2.295428125197761e-11,0.6000000026480304,0.20539356409660994,323,0.8318716527973732,0.3983145142369122,527,0,0.16666666762711072,0.21232657657682608,323,0,0.21981939722295826,0.334393647710162,540,121.64805793764239,0.8724863124343372,428.25,402.36042639480587,0.7117934706825774,306,sym,1.0,1.0,0.0,7,231.25,1.0,7.021474706645871e-12,0.9999999999701548,4.03109122445314e-23,0.8262307359953183,0.8172185725753794,0.0004666338129394718,0.15991839546406006,0.00017436260085214924,4.298994493723285e-11,8.987460775600198e-11,8.987460775600198e-11,7.50578488251108e-11,,3.1894027289167244e-11,0.003341415680640336,1.4141416298721078e-11,,,,,0.0,,3.831977878034031e-12,0.09259259259259256,0.9,4.388877481094194e-12,4.388877481094194e-12,0.0,0.10092996721560779,0.02645347631421615,1263,1.268618148010468,0.6876619043852372,1303,28.284271247461902,0.9851759584656908,1283.0,1282.688230709275,0.6563720463187993,574,0.8558684230145931,0.7791660701243863,0.16714228285246893,6,432.0,230,,,,,,,,,,4.641267010311455e-17,0.9999999999718424,4.031072274746291e-23,0.874233022825969,0.21355759272075184,7.60783194172264e-05,0.05075936799009578,0.9999999999999999,0.00016479148579187316,5.85274016751125e-14,2.859827175419327e-14,2.859827175419327e-14,2.360384023653017e-14,,6.955938157010513e-17,7.933410872684732e-14,1.431429103859678e-16,,,,,0.0,,9.746299563366237e-20,0.65,0.9731543624161074,4.3945745726642946e-17,4.3945745726642946e-17,0.9071428571428571,0.34374400767026375,0.0914676439894056,250,1.3517263129975736,0.7456126971807309,37,150.61374439273462,0.41395430197379524,143.5,64.45993031358884,0.4277942716094657,248,225.94736842105263,230.0,18.404328247605616,19,0.8930726024547535,0.15858562203929286,0.3272734916698847,6,187.5,117
rbio5.5,1.0,zero,1.4974121916772863e-20,256.1417662398501,7191323.082414587,0.5462962962962963,57.62683846543205,205,smoothed,9.607152146988323e-11,,6.143778978598054,56552.73158697422,0.9935044112003313,0.00017569664933133177,0.9999999999999994,438.19999999984555,,,,[],[],13,320.16923076952173,47.40000000003113,784.8000000003535,"[7, 24, 40, 50, 80, 91, 101, 111, 139, 152, 174, 190, 200]","[160.60000000038872, 598.4000000000924, 234.20000000038902, 59.40000000020774, 47.40000000003113, 784.8000000003535, 63.20000000004438, 275.4000000002823, 244.60000000023257, 588.6000000005395, 658.2000000005102, 360.60000000046887, 86.80000000024239]","[1, 1, 35, 47, 1, 1, 100, 96, 129, 129, 158, 184, 193]","[14, 54, 54, 54, 82, 203, 102, 158, 144, 158, 203, 203, 203]",43515985.92000705,784.8000000001771,-784.8000000001771,0.0,,,,DWT,mdp.39015067403777,7.048249244689941e-06,,0.0,16.0,9.0,0.0,34.0,,1.7712409317027777e-10,108.6055944058854,492.19999999621723,108.60559440588538,,0.0,108.6055944058854,,,43.20000000003114,0.0,43.0,3.5356606531422585e-10,1.7712409317027777e-10,,1.5444356904481538e-10,1.7298453019692363e-10,3.57679444973083e-20,0.7377261429187391,0.014895297568573135,0.09856402567602512,0.3327873485695201,0.08317010737004543,4.024758367723355e-09,4.466671970753306e-09,4.466671970753306e-09,3.788406856803847e-09,,4.68411200781986e-10,0.9999999955333121,2.5119831966596403e-10,,,,,,1.1085773340867182e-10,0.0,3.2511609264164654e-10,3.2511609264164654e-10,0.6000000033358889,0.20539356433207942,285,0.6657483298012642,0.3187717981459069,878,0,0.1666666678133767,0.21232657681412137,285,0,0.18102041746798392,0.27537186650429685,850,334.48119030323164,0.6493907858456691,574.5,428.5882684828823,0.5235947639920169,808,rbio,0.7616025199457978,0.8861028611229331,0.20104737770106162,4,607.0,1.0,1.037647239687357e-10,0.9999999999683211,8.265221320564623e-21,0.7403581445313258,0.7523950831243729,0.00021645748466135074,0.29232965445640635,0.00079074002186552,4.41529035555277e-11,9.823775126704959e-11,9.823775126704959e-11,8.332040613012737e-11,,4.68411200781986e-10,0.0033414156793698524,1.6109818567407527e-10,,,,,0.0,,5.577001650184913e-11,0.09259259259259256,0.9,6.216246468677049e-11,6.216246468677049e-11,0.0,0.10092996756363354,0.02645347640543277,1238,1.237768814836247,0.6709398424843661,1457,154.8563850798539,0.9188383725996573,1347.5,1338.6018552875696,0.606300737662512,832,0.5534034145977783,0.9576026100001634,0.32533682678150616,3,624.75,239,,,,,,,,,,6.861547859410704e-16,0.9999999999700948,8.265221131067555e-21,0.8120820071536241,0.19408765959807414,3.0630720419195866e-05,0.13313620995495878,0.9999999999999996,0.0007811748072532785,6.011098736824483e-14,3.128936996651954e-14,3.128936996651954e-14,2.626257501400775e-14,,1.0215829174377062e-15,6.469998148350697e-14,1.6306756457888636e-15,,,,,0.0,,1.4184614441453015e-18,0.65,0.9731543624161074,6.224315622009973e-16,6.224315622009973e-16,0.9071428571428571,0.3437440076702608,0.09146764398940482,253,1.3378753033473345,0.7379724755140467,45,147.07821048680188,0.42771124324201604,149.0,76.40939597315436,0.4239723531385177,249,138.2093023255814,141.0,56.34272595951746,43,0.5462818273738396,0.4854915715188868,0.4719552493826462,4,187.75,118
sym19,1.0,smooth,9.951714637719358e-20,247.91620074475884,7061592.91118951,0.5537190082644629,51.416975242726345,205,smoothed,2.509462058207545e-10,,6.162347004038797,61916.92042624284,0.993347640070637,0.00017569664933090535,1.0,438.1999999996232,,,,[],[],13,320.16923076996625,47.400000000110595,784.8000000008444,"[7, 24, 40, 50, 80, 91, 101, 111, 139, 152, 174, 190, 200]","[160.60000000100126, 598.4000000002703, 234.20000000097986, 59.400000000416554, 47.400000000110595, 784.8000000008444, 63.20000000008122, 275.40000000077094, 244.60000000069067, 588.6000000013482, 658.2000000013712, 360.60000000115065, 86.80000000052456]","[1, 1, 35, 47, 1, 1, 100, 96, 129, 129, 158, 184, 193]","[14, 54, 54, 54, 82, 203, 102, 158, 144, 158, 203, 203, 203]",43515985.920020595,784.8000000004306,-784.8000000004306,0.0,,,,DWT,mdp.39015067403777,2.059340476989746e-05,,0.0,16.0,9.0,0.0,34.0,,4.306457412894815e-10,108.60559440632991,492.1999999904383,108.60559440632983,,0.0,108.60559440632991,,,43.200000000110606,0.0,43.0,8.444658305961639e-10,4.306457412894815e-10,,3.7681502362829633e-10,4.5191184712753076e-10,2.3771171070504675e-19,0.7065214899222862,0.04503180801268375,0.0442438001996752,0.4033275714289817,0.12142439455364332,4.24399980312225e-09,5.0070314146247e-09,5.0070314146247e-09,4.328679926450317e-09,,1.1428405778372414e-09,0.9999999949929314,5.999682052986433e-10,,,,,,3.239014536380221e-10,0.0,7.904619762044654e-10,7.904619762044654e-10,0.6000000044220284,0.20539356470388953,277,0.6784514845881747,0.32485428804829697,867,0,0.16666666810227568,0.21232657718216696,275,0,0.18864986636702608,0.28697793621242784,795,321.77580186624766,0.6627088030752121,553.5,414.175739891878,0.5412600619149646,751,sym,1.0,1.0,0.0,7,565.0,1.0,2.7107920009961484e-10,0.9999999999657714,5.4930187548661e-20,0.7098042819878494,0.7592366812399627,9.716427101465858e-05,0.3542941463832277,0.001154442761233422,4.65582017383781e-11,1.1012224465645204e-10,1.1012224465645204e-10,9.520284560693426e-11,,1.1428405778372414e-09,0.0033414156775641857,3.8477084346849877e-10,,,,,0.0,,1.6294749007517017e-10,0.09259259259259256,0.9,1.511369808944073e-10,1.511369808944073e-10,0.0,0.10092996811237726,0.026453476549257043,1231,1.2477289276770382,0.6763387800407394,1416,130.8147545195113,0.93143880790382,1323.5,1317.0351341140915,0.6188902634906941,763,0.8558684230145931,0.7791660701243863,0.16714228285246893,6,573.75,235,,,,,,,,,,1.7925691123847463e-15,0.9999999999676646,5.493018735916393e-20,0.7899683902542607,0.1961425544963725,8.959644765011381e-06,0.17168609761355919,1.0,0.001144881028269016,6.338657897175803e-14,3.5113567869310414e-14,3.5113567869310414e-14,3.008612239549513e-14,,2.492481840152578e-15,4.390064700654506e-14,3.894745561710507e-15,,,,,0.0,,4.144426460483736e-18,0.65,0.9731543624161074,1.5133316801138496e-15,1.5133316801138496e-15,0.9071428571428571,0.34374400767025703,0.09146764398940381,255,1.3411891826701563,0.7398004124834331,40,152.02795795510772,0.40845152546650687,147.5,69.15254237288136,0.4172607821885064,250,225.94736842105263,230.0,18.404328247605616,19,0.8930726024547535,0.15858562203929286,0.3272734916698847,6,189.0,119
gaus4,,,,-33.99086253898646,866736971.8073463,0.6470417773484666,669.9360584551223,205,raw,35676.056935257155,,13.189680338395016,425777.89390299167,0.025706197160181295,1.0950846241018377e-06,0.6219952717216592,24968.211173268424,,,,[],[],4,69283.26910393077,18169.65016957986,117305.65788473692,"[24, 85, 152, 176]","[117305.65788473692, 99230.8892871723, 18169.65016957986, 42426.87907423401]","[0, 57, 127, 127]","[127, 127, 159, 204]",455596414742.7211,105711.50588547956,-105711.50588547956,0.0,,,,CWT,mdp.39015067403777,455546994306.7211,,0.0,-14.5,26.0,0.0,-23.5,,104777.50588547956,68893.03577059743,265426.0764157231,68893.03577059743,,0.0,68893.03577059743,,,18167.65016957986,0.0,-14.5,116392.65788473692,104777.50588547956,,24579.211173268424,0.0,,0.9472680364291166,0.3606007167702663,0.02416264228786342,0.23634336677814965,0.0,0.6679596649111543,0.5152704995945792,0.5152704995945792,0.5152704995945792,,0.16144789418787653,0.9952790301706894,0.5034527638893367,,,,,,0.012863754307087557,0.7500000000000001,0.08188813371256652,0.08188813371256652,1.9142734265102856,0.5000370431443503,4,1.2552798480977947,0.7207946375365654,3,0,0.46884195390095956,0.5771156527653267,3,0,0.36691068032362806,0.6200038602014551,3,0.5,0.95,3.25,3.2000000000000006,0.8125,2,gaus,0.8392857142857143,1.0,0.11249999999999998,1,1.75,0.967741935483871,0.008754014278230231,0.16592322491882833,,0.9538192146057001,0.43926419285672813,0.029236363112957218,0.284595300261097,0.003444282324621597,0.6679596649111543,0.5245727157807314,0.5245727157807314,0.5245727157807314,,0.1604214241486572,0.9337227106459683,0.5000063351426131,,,,,0.7272727272727272,,0.016580256782346137,0.75,0.967741935483871,0.08816999034018337,0.08816999034018337,0.4285714285714286,2.061534273343634,0.539698567942631,6,1.3167767681894669,0.642249827507807,7,0.7071067811865476,0.9646446609406726,6.5,6.461538461538462,0.8198223304703363,4,1.0,1.0,0.0,3,3.75,4,101.0,False,1.0,,0.25,0.5454545454545454,,0.8565398916194975,,0.25486735078512346,0.004935408963991875,,0.0320892143603263,0.9738467569973348,0.1436154160162421,0.6563583143999072,0.6891799993138304,0.02581561943880931,0.7470506412310206,0.5917553174741668,0.5917553174741668,0.5917553174741648,,0.16258172751381356,0.9534976163427715,0.5368124692413433,,,,,0.8500000000000001,,0.0916789155700167,0.2142857142857143,0.20134228187919467,0.36819850707225477,0.36819850707225477,0.08571428571428574,2.1749654020182785,0.5787416119029903,5,1.2044670163087376,0.664384418694672,251,173.9482681718907,0.3231584896035381,128.0,9.8046875,0.41255200744768344,251,191.5,253.0,116.052943583029,8,0.7569169960474308,1.0,0.17015810276679844,7,190.0,120
gaus8,,,,-35.0874017671532,752640918.5688112,0.6512919584641391,588.2166266875331,205,smoothed,36602.21920892023,,13.024703006021522,456533.5296663752,0.02666776626941613,2.4996931309819063e-06,0.6302226622360866,11460.27161868485,,,,[],[],4,70750.34657217984,15942.197194937182,114309.49837928856,"[22, 87, 151, 178]","[104797.02352881881, 114309.49837928856, 15942.197194937182, 47952.66718567482]","[0, 57, 126, 126]","[57, 126, 159, 204]",411654311292.9541,94979.36145649636,-94979.36145649636,0.0,,,,CWT,mdp.39015067403777,411610795307.0341,,0.0,-20.0,18.0,0.0,-20.0,,94194.56145649636,70538.78293581621,278346.98628871934,70538.78293581621,,0.0,70538.78293581621,,,15937.997194937181,0.0,-20.0,113524.69837928856,94194.56145649636,,11022.07161868485,0.01755583039431216,,0.9675114780666954,0.06501783219796231,0.007631338871499124,0.37060889929742435,0.014657749705702404,0.14235453282372773,0.5410611230492153,0.5410611230492153,0.5410611230492153,,0.0702116202110572,0.9803339008132125,0.485727996870394,,,,,,0.007007031209622577,0.9999999999999999,0.0345071997116323,0.0345071997116323,1.5651045250282083,0.44741302862026694,9,1.1895419263771048,0.5751249760442597,7,0,0.4019880607499232,0.5674861528099848,8,0,0.3165801489918886,0.4856560649926005,7,0.9574271077563381,0.9042572892243662,7.75,7.665399239543728,0.5646286446121831,6,gaus,0.8392857142857143,1.0,0.11249999999999998,1,4.75,0.9999999999999999,0.017555830394312164,0.4350410534803613,,0.8661947913683598,0.06501783219796226,0.007631338871499124,0.33054830287206305,0.014657749705702404,0.5473228847215859,0.5410611230492153,0.5410611230492153,0.5410611230492153,,0.07051498971737247,0.9806154563229962,0.48572799687039403,,,,,0.0,,0.007007031209622579,0.47500000000000003,0.6129032258064516,0.0345071997116323,0.0345071997116323,0.6785714285714286,1.681392101400546,0.4401793950309286,15,1.175661451598689,0.5734216935912645,15,0.0,1.0,15.0,15.0,0.625,11,1.0,1.0,0.0,3,9.0,9,101.0,False,0.8643962626235856,,0.0,0.24999999999999997,0.22526180077792754,0.8643962626235855,,0.2614837917644055,0.012940355493342381,,0.02914127741650463,0.9555889686443906,0.12455597765871221,0.6784316489494023,0.6959450933299474,0.027900933060982583,0.6551491673190014,0.6059137488770526,0.6059137488770526,0.6059137488770507,,0.0729066295868627,1.0,0.5235852051528427,,,,,0.45000000000000007,,0.08283674751951767,0.1357142857142858,0.12751677852348997,0.3310089948172178,0.3310089948172178,0.1357142857142858,1.9474009768081808,0.5181884637307682,9,1.2007955539149116,0.6623592387808567,252,171.82694782833104,0.33141265436447065,130.5,17.379310344827587,0.41181527659857775,252,191.5,253.0,116.052943583029,8,0.7569169960474308,1.0,0.17015810276679844,7,190.75,121
morl,,,,-33.71073900701188,767541327.6762471,0.6529340738951944,609.4470683760491,205,raw,37625.53553521135,,13.09496694581014,475333.3809825104,0.02345049947867356,2.290804115393342e-07,0.5537936660134335,14744.596527645188,,,,[],[],5,55412.21213599293,9086.511954358433,119137.08160313763,"[23, 89, 151, 177, 190]","[92588.04222042575, 119137.08160313763, 24050.47963529123, 32198.94526675161, 9086.511954358433]","[0, 56, 127, 127, 186]","[56, 127, 159, 204, 204]",424340870675.56116,89675.65335608694,-89675.65335608694,0.0,,,,CWT,mdp.39015067403777,424291450239.56116,,0.0,-9.5,25.0,0.0,-18.5,,88741.65335608694,55021.9788026596,265354.06067996466,55021.9788026596,,0.0,55021.9788026596,,,9084.511954358433,0.0,-14.0,118224.08160313763,88741.65335608694,,14355.596527645188,0.018722738258271067,,0.9728281760426226,0.10434009205050357,0.005171704727633229,0.3043478260869569,0.01854478249010923,0.17651074404186928,0.3706745862078858,0.3706745862078858,0.3706745862078858,,0.0932144652317791,0.9950004392881971,0.5129141765611447,,,,,,0.005953425728813914,1.0,0.0,0.0,1.5901016042046254,0.4153584819463598,8,1.1406779686988648,0.6549890562173587,7,0,0.42111550067681885,0.5183673198197596,4,0,0.3346547955851264,0.5654980250634739,8,1.8929694486000912,0.8107030551399909,6.75,6.222222222222223,0.5678515275699954,7,morl,1.0,,,3,6.0,1.0,0.02728095350581084,0.0,,0.9762038792797731,0.224409570281746,0.010452853646429734,0.34830287206266364,0.021512152623090156,0.17651074404186934,0.3856014075717362,0.3856014075717362,0.38560140757173617,,0.09262181671032532,0.9334613501369287,0.5091242070377402,,,,,0.6363636363636362,,0.009770009638407823,1.0000000000000002,1.0,0.006857213673000587,0.006857213673000587,0.7857142857142857,1.7869143789463364,0.46780455887801786,11,1.1758293880765347,0.5735036035827941,14,2.1213203435596424,0.8939339828220179,12.5,12.32,0.6344669914110089,10,1.0,0.37499999999999994,0.1875,2,8.0,8,101.0,False,0.918628249439788,,0.0,1.0,,0.7914138815463456,,0.268794294760022,0.0,,0.03284229868921262,0.9633649710990814,0.12704505086347434,0.6869599827526163,0.6331002163185784,0.029175612808979963,0.3726633266045314,0.4724220366904436,0.4724220366904436,0.47242203669044086,,0.09495657393164011,0.9532384315480076,0.5452591454008948,,,,,0.8,,0.08538873163413332,0.2857142857142857,0.20805369127516782,0.3118469370376845,0.3118469370376845,0.15714285714285714,1.9019444162026857,0.5060928215968852,11,1.1852430033748818,0.6537804465766303,253,171.1198410471445,0.33416404261811483,132.0,21.083333333333332,0.41027268278765666,253,253.0,253.0,,1,1.0,,,10,192.25,122
gaus6,,,,-34.723412652414126,712339846.1685747,0.6264670369475972,547.1015981791435,205,smoothed,34754.92456204259,,12.996041488795687,416331.11985511356,0.028061438236833346,2.9150728652722334e-06,0.6662034536153412,14069.491314956673,,,,[],[],4,70602.9018120475,14759.32175245868,110234.55069530866,"[23, 86, 151, 178]","[109297.23691823684, 110234.55069530866, 14759.32175245868, 48120.49788218581]","[0, 57, 126, 126]","[126, 126, 159, 204]",379495629218.2133,97256.57327741619,-97256.57327741619,0.0,,,,CWT,mdp.39015067403777,379452113232.29333,,0.0,-20.0,18.0,0.0,-20.0,,96471.77327741619,70391.33817568386,277757.20724818995,70391.33817568388,,0.0,70391.33817568386,,,14755.12175245868,0.0,-20.0,109449.75069530866,96471.77327741619,,13631.291314956672,0.0,,1.0,0.0,0.0,0.06967213114754106,0.0,0.0,0.5395839038833279,0.5395839038833279,0.539583903883328,,0.08752074384389008,0.9781623772655892,0.46544058299201563,,,,,,0.0,0.9999999999999999,0.04605422634329563,0.04605422634329563,1.5196090560830613,0.43440733780298385,10,1.0876901739525437,0.5258812416500913,9,0,0.3922845620312907,0.5537877331445833,9,0,0.2878531304789259,0.44158681171060615,8,0.816496580927726,0.9183503419072274,9.0,8.944099378881988,0.5091751709536136,9,gaus,0.8392857142857143,1.0,0.11249999999999998,1,7.0,0.9999999999999999,0.0,0.51462628422126,,0.8952811527354807,0.0,0.0,0.06214099216710195,0.0,0.48332266299704324,0.5395839038833278,0.5395839038833278,0.539583903883328,,0.08781846576371644,0.978475022032762,0.4654405829920157,,,,,0.0,,0.0,0.47500000000000003,0.6129032258064516,0.04605422634329562,0.04605422634329562,0.6785714285714286,1.6594156466206043,0.43442607754959783,16,1.075914764527977,0.5247708560968243,18,1.4142135623730951,0.9292893218813453,17.0,16.941176470588236,0.5396446609406726,15,1.0,1.0,0.0,3,12.0,10,101.0,False,0.8987544768836744,,0.0,0.24999999999999997,0.33439843580019224,0.8987544768836743,,0.24828684307627968,0.015307629040443145,,0.030119826045614917,0.9524170424903246,0.1178237920716368,0.549503308512579,0.7255308333076598,0.025175103119810416,0.6063935995896657,0.6046452754649952,0.6046452754649952,0.6046452754649935,,0.09016558239427826,0.9978773839083106,0.5047912127479884,,,,,0.45000000000000007,,0.07636480689512604,0.1357142857142858,0.12751677852348997,0.339011342130833,0.339011342130833,0.1357142857142858,1.9297688211872144,0.5134966823553343,10,1.1523543525193862,0.6356390555012275,254,172.5340546095176,0.32866126611082647,132.0,19.242424242424242,0.4075212945340125,254,191.5,253.0,116.052943583029,8,0.7569169960474308,1.0,0.17015810276679844,7,192.25,123
gaus3,,,,-36.75599098508534,1393907467.251556,0.6808017387104565,913.859822703079,205,raw,51718.44983916169,,13.281392846771507,886228.0983506115,0.032225746670026076,7.164525679258628e-07,-0.16494898543604541,24252.85751696632,,,,[],[],3,56356.298997182086,24306.54075691845,76544.82371512122,"[44, 118, 155]","[76544.82371512122, 68217.53251950658, 24306.54075691845]","[2, 2, 133]","[70, 171, 171]",847018201329.1656,166477.7953961543,-166477.7953961543,0.0,,,,CWT,mdp.39015067403777,846968780893.1656,,0.0,-28.5,27.0,0.0,-28.5,,165543.7953961543,55966.065663848756,157361.89699154627,55966.065663848756,,0.0,55966.065663848756,,,24304.54075691845,0.0,-28.5,75631.82371512122,165543.7953961543,,23863.85751696632,0.15407069530448153,,0.6949612465162385,0.6087420202307547,0.12508906955462146,0.6259754738015615,0.17231086590482897,1.0,0.380516020954031,0.380516020954031,0.380516020954031,,0.15667355217894036,0.5772357401238011,0.2928761130296216,,,,,,0.09940370229824119,0.050000000000000044,0.39219518047206525,0.39219518047206525,1.5920704759478,0.41587278089193014,7,1.1738648455698062,0.6740453032537543,6,0,0.33982519652701265,0.4183039476053829,9,0,0.34889162743516766,0.5895553533927528,6,1.4142135623730951,0.8585786437626906,7.0,6.810810810810811,0.5792893218813453,6,gaus,0.8392857142857143,1.0,0.11249999999999998,1,4.75,0.06451612903225806,0.16121346595038172,0.09337871427208544,,0.7328578672659822,0.6473113954207972,0.12906042371952414,0.6496083550913846,0.17132386666839677,1.0,0.39506002247510263,0.39506002247510263,0.3950600224751026,,0.15567743694276018,0.5415346888778445,0.2970756530929,,,,,0.8181818181818181,,0.1018668574074295,0.04999999999999993,0.06451612903225812,0.39629677803782604,0.39629677803782604,0.0714285714285714,1.715160104064857,0.44901967623113054,13,1.274684531114856,0.6217195959198385,10,2.1213203435596424,0.8939339828220179,11.5,11.304347826086955,0.659466991411009,8,1.0,1.0,0.0,3,6.75,7,101.0,False,0.06109202073368647,,0.5,0.09090909090909094,,0.10508339603613293,,0.3694731265044558,0.00277756259673681,,0.024655440819643326,0.9839964396426131,0.23167782726215438,0.8316908240601009,0.0421033988073225,0.05703536371768543,1.0,0.4805440552756832,0.4805440552756832,0.4805440552756806,,0.1578499469694726,0.564574391849965,0.3488201642576656,,,,,0.9000000000000001,,0.17045262140762385,0.014285714285714346,0.01342281879194629,0.5817372517585944,0.5817372517585944,0.014285714285714346,1.9516611088588243,0.5193220521950358,8,1.1066374393085714,0.6104215905172827,255,174.65537495307723,0.32040710134989403,131.5,15.513307984790876,0.40436697479946065,255,191.5,253.0,116.052943583029,8,0.7569169960474308,1.0,0.17015810276679844,7,193.0,124
gaus5,,,,-33.66852540009954,768509954.2867955,0.7132093697174595,663.7034725986447,205,raw,35769.22819305665,,13.14931990347372,487453.83917826583,0.02453856460832552,5.773870169488543e-07,-0.06626915106462865,1018.8982552660423,,,,[],[],3,77971.12992254976,20211.40722923551,118984.03771577823,"[43, 118, 155]","[118984.03771577823, 94717.94482263556, 20211.40722923551]","[2, 71, 136]","[71, 171, 171]",415913990373.66724,120962.8010273958,-120962.8010273958,0.0,,,,CWT,mdp.39015067403777,415864569937.66724,,0.0,-28.5,27.0,0.0,-28.5,,120028.8010273958,77580.89658921643,222206.3897676493,77580.89658921643,,0.0,77580.89658921643,,,20209.40722923551,0.0,-28.5,118071.03771577823,120028.8010273958,,629.8982552660423,0.0008948141687807679,,0.9766799969827034,0.25139978979867234,0.005357147623248588,1.0,0.023080531691001337,0.7784302181350933,0.6058352758296117,0.6058352758296117,0.6058352758296117,,0.0016077791031942068,0.8280848674293387,0.5121235286293436,,,,,,0.004090315886581049,0.050000000000000044,0.15976987361893602,0.15976987361893602,1.7452754397440255,0.4558922243166651,6,1.1954181363376095,0.6864214251442164,4,0,0.3547719645608291,0.43670250114521847,7,0,0.348034258791341,0.5881065760818297,7,1.4142135623730951,0.8585786437626906,6.0,5.694915254237289,0.6292893218813453,5,gaus,0.8392857142857143,1.0,0.11249999999999998,1,4.0,0.06451612903225806,0.009639470641305523,0.06673426571340871,,0.9795771675885241,0.3477077004186973,0.01063627104613652,1.0,0.025931256935141773,0.7784302181350933,0.6116146323622801,0.6116146323622801,0.6116146323622801,,0.0015975569997259964,0.7768692232251956,0.5083622672718329,,,,,0.8181818181818181,,0.00793388298564603,0.04999999999999993,0.06451612903225812,0.16550452266310542,0.16550452266310542,0.0714285714285714,1.8505755633346896,0.48447071402866715,9,1.279928189680864,0.6242771583638957,9,0.0,1.0,9.0,9.0,0.775,6,1.0,1.0,0.0,3,5.25,5,101.0,False,0.1788275312749802,,0.5,0.09090909090909094,,0.1993131992871543,,0.25553295998312897,0.0019850198389556456,,0.032955785784021696,0.9693801295641941,0.12720685732961576,1.0,0.12324435788138477,0.029997411999770282,0.8312074518587801,0.6664973459204893,0.6664973459204893,0.6664973459204876,,0.004166526979941004,0.7979498670117208,0.5445532944600473,,,,,0.9000000000000001,,0.08369282043864468,0.014285714285714346,0.01342281879194629,0.42179306493765734,0.42179306493765734,0.014285714285714346,2.0987363234712224,0.5584576387642617,6,1.1066190668164053,0.6104114562443118,256,176.7766952966369,0.3121529365889615,131.0,11.725190839694656,0.4012126550649088,256,191.5,253.0,116.052943583029,8,0.7569169960474308,1.0,0.17015810276679844,7,193.75,125
gaus7,,,,-33.60488962585357,748383406.842832,0.6771794252595992,607.9019826140335,205,raw,37599.91544970323,,13.056403065340684,471688.80352386856,0.026564635980301485,5.322010397440899e-07,-0.02386344302606318,0.0,,,,[],[],3,90117.3230588645,22521.453269136808,145641.08816773372,"[43, 118, 155]","[145641.08816773372, 102189.42773972293, 22521.453269136808]","[2, 71, 133]","[71, 171, 171]",409857274805.3384,102955.68841072812,-102955.68841072812,0.0,,,,CWT,mdp.39015067403777,409807854369.3384,,0.0,-28.5,27.0,0.0,-28.5,,102021.68841072812,89727.08972553116,258644.96917659347,89727.08972553116,,0.0,89727.08972553116,,,22519.453269136808,0.0,-28.5,144728.08816773372,102021.68841072812,,389.0,0.01847668366955473,,0.982486504071469,0.0,0.0015039340153388623,0.5841694537346719,0.017180899291253496,0.90341671581553,0.73245070930207,0.73245070930207,0.73245070930207,,0.0,0.9690465043188132,0.6498378939098166,,,,,,0.002751228824382907,0.050000000000000044,0.06781537085532285,0.06781537085532285,1.9978080460702015,0.5218575435945267,3,0.9280958315376177,0.5329222001819608,10,0,0.39739003088762487,0.48916272353602525,5,0,0.2618913591745519,0.44254272865104044,10,3.559026084010437,0.6440973915989563,7.0,5.454545454545455,0.47204869579947817,10,gaus,0.8392857142857143,1.0,0.11249999999999998,1,7.75,0.06451612903225806,0.02703747211174707,0.05807679852079728,,0.9846623007714808,0.13692851024193187,0.006825144078277249,0.6104438642297657,0.02018334411577395,0.90341671581553,0.7333048794584047,0.7333048794584047,0.7333048794584047,,0.0,0.9091126220145384,0.6410762693243561,,,,,0.8181818181818181,,0.006614189755791262,0.04999999999999993,0.06451612903225812,0.07419610460824273,0.07419610460824273,0.0714285714285714,2.09208944310953,0.5476977467965203,5,1.0363820099203858,0.5054889964521221,19,9.899494936611665,0.5050252531694167,12.0,7.916666666666666,0.45251262658470837,18,1.0,1.0,0.0,3,14.25,11,101.0,False,0.2294220394395753,,0.5,0.09090909090909094,,0.23980659442353403,,0.2686112665926381,0.001727502296075288,,0.03312686425073741,0.9590971655918037,0.12384477179317616,0.8128783230235994,0.15811308098354415,0.028928500797378503,0.9264225540679365,0.7709915513252747,0.7709915513252747,0.7709915513252736,,0.002573080623175408,0.9290923961567035,0.6674977940175387,,,,,0.9000000000000001,,0.08247390532744858,0.014285714285714346,0.01342281879194629,0.35851429220770026,0.35851429220770026,0.014285714285714346,2.321671463523551,0.6177789696617447,4,1.0424166798313552,0.5749973975957027,257,178.89801564019652,0.30389877182802916,130.5,7.877394636015326,0.398058335330357,257,191.5,253.0,116.052943583029,8,0.7569169960474308,1.0,0.17015810276679844,7,194.5,126
