wavelet,wavelet_level,wavelet_mode,wavelet_mse,wavelet_psnr,wavelet_energy_entropy,wavelet_sparsity,wavelet_adaptive_threshold,signal_length,signal_type,emd_value,kl_divergence,wavelet_entropy,avg_variance_across_levels,variance_ratio_across_levels,smoothness,correlation,dynamic_cutoff,dominant_frequency,amplitude_max,num_fft_peaks,positive_frequencies,positive_amplitudes,relative_num_peaks,avg_prominence,prominence_min,prominence_max,relative_peaks,relative_prominences,relative_left_bases,relative_right_bases,max_autocorrelation,upper_envelope,lower_envelope,spectral_magnitude,spectral_centroid,spectral_bandwidth,frequency_max,wavelet_type,htid,max_autocorrelation_diff,frequency_max_diff,relative_right_bases_array_alignment_score,relative_right_bases_global_alignment_score,relative_num_peaks_diff,relative_peaks_array_alignment_score,relative_peaks_global_alignment_score,spectral_centroid_diff,lower_envelope_diff,relative_prominences_avg_diff,relative_prominences_total_diff,relative_prominences_wasserstein,spectral_bandwidth_diff,spectral_magnitude_diff,avg_prominence_diff,num_fft_peaks_diff,amplitude_max_diff,prominence_min_diff,relative_left_bases_array_alignment_score,relative_left_bases_global_alignment_score,prominence_max_diff,upper_envelope_diff,dominant_frequency_diff,dynamic_cutoff_diff,wavelet_psnr_normalized,wavelet_entropy_normalized,wavelet_energy_entropy_normalized,wavelet_sparsity_normalized,avg_variance_across_levels_normalized,spectral_centroid_diff_normalized,amplitude_max_diff_normalized,frequency_max_diff_normalized,spectral_bandwidth_diff_normalized,num_fft_peaks_diff_normalized,dominant_frequency_diff_normalized,max_autocorrelation_diff_normalized,reconstruction_weighted_score,reconstruction_normalized_weighted_score,reconstruction_normalized_weighted_rank,signal_weighted_score,signal_normalized_weighted_score,signal_normalized_weighted_rank,reconstruction_missing_metrics_count,reconstruction_dynamically_weighted_score,reconstruction_normalized_dynamically_weighted_score,reconstruction_normalized_dynamically_weighted_rank,signal_missing_metrics_count,signal_dynamically_weighted_score,signal_normalized_dynamically_weighted_score,signal_normalized_dynamically_weighted_rank,rank_variability,normalized_rank_stability,average_rank,harmonic_average_rank,stability_score_weighted,stability_rank,wavelet_family,family_mean_stability_rank,family_median_stability_rank,family_rank_std_dev,family_wavelet_count,normalized_family_mean_rank,normalized_family_std_dev,final_family_stability_score,final_family_stability_rank,family_informed_rank
sym17,1,smooth,3.019719667713928e-20,248.45549035775494,110088664.16843888,0.5882352941176471,295.6121714184485,69,raw,1.2138731887611408e-10,6.323574996663266e-10,3.1915046096770427,2995454.5687897075,0.9987114758787281,1.3207638667368876e-05,1.0,322.99999999999324,,,,[],[],16,213.18750000029866,25.00000000001802,450.00000000049937,"[3, 8, 15, 19, 22, 27, 30, 35, 38, 43, 46, 51, 55, 58, 61, 65]","[349.000000000627, 268.00000000020066, 189.00000000022425, 25.00000000001802, 450.00000000049937, 204.00000000038227, 45.000000000156035, 52.00000000004127, 357.0000000003898, 49.000000000116245, 288.0000000003563, 42.00000000007003, 206.00000000009385, 408.00000000113437, 108.9999999999643, 370.0000000005048]","[0, 0, 0, 0, 0, 24, 29, 32, 32, 40, 40, 47, 54, 32, 60, 60]","[5, 9, 16, 20, 32, 32, 32, 36, 54, 45, 54, 54, 56, 67, 62, 67]",6764700.000001493,460.0000000001461,-460.0000000001461,0.0,,,,DWT,inu.32000013032828,1.492910087108612e-06,,0.0,34,6.0,0.0,34,,1.460875864722766e-10,79.31249999970134,486.0000000047785,79.31249999982575,,0.0,79.31249999970134,,,16.99999999998198,0.0,34,4.993694346921984e-10,1.460875864722766e-10,,6.764366844436154e-12,0.17176365695226437,0.1127257478456698,1.0,0.2906574394463668,0.9999999999999999,,,,,,,0.10751894828627004,0.05375947414313502,0.10751894828627004,51,1.1756840438727403,0.8022928974021165,217,0,0.10751894828627004,0.10751894828627004,51,0,0.5150293688488602,0.8765125779435047,59,81.75369512546003,0.8683515376401609,94.5,65.81855753238244,0.8580888122983413,1,sym,375.8541666666667,399.5,183.40489689834808,144,1.0,1.0,0.0,6,2.25
bior1.5,1,antireflect,4.4662789244930376e-27,316.75569821567814,1585447.2443084447,0.6538461538461539,324.08139760972455,69,raw,5.025287754361291e-14,-7.224987275122911e-11,5.255918923546258,31217.430336154037,0.7838683323140981,1.3207638667392622e-05,0.9999999999999998,323.0,,,,[],[],16,213.18750000000006,25.000000000000057,450.00000000000006,"[3, 8, 15, 19, 22, 27, 30, 35, 38, 43, 46, 51, 55, 58, 61, 65]","[349.0000000000001, 268.0, 189.00000000000006, 25.000000000000057, 450.00000000000006, 204.0000000000001, 45.0, 52.000000000000114, 357.0, 49.0, 288.00000000000006, 41.99999999999994, 206.0, 408.0000000000001, 109.00000000000003, 370.0000000000001]","[0, 0, 0, 0, 0, 24, 29, 32, 32, 40, 40, 47, 54, 32, 60, 60]","[5, 9, 16, 20, 32, 32, 32, 36, 54, 45, 54, 54, 56, 67, 62, 67]",6764700.000000002,460.00000000000006,-460.00000000000006,0.0,,,,DWT,inu.32000013032828,1.862645149230957e-09,,0.0,34,6.0,0.0,34,,5.684341886080802e-14,79.31249999999994,486.0000000000009,79.31249999999997,,0.0,79.31249999999994,,,16.999999999999943,0.0,34,5.684341886080802e-14,5.684341886080802e-14,,0.0,0.910725101089429,0.830888238661379,0.002787781792669042,0.6598793363499246,0.005477286437841877,,,,,,,0.000134147159433899,6.70735797169495e-05,0.000134147159433899,192,1.2294157199957878,0.8389596722415802,143,0,0.000134147159433899,0.000134147159433899,213,0,0.4819515488662487,0.8202184576091394,138,36.864617182333525,0.9406366873070313,171.5,165.6825618251979,0.8322346077436928,2,bior,292.162962962963,301.0,176.53037485058104,135,0.7773306480916924,0.9625172382852065,0.16711337485025335,4,2.5
rbio3.1,1,zero,6.925146933300188e-27,314.85086670948755,1311607.1586983013,0.6666666666666666,361.9450863850222,69,raw,6.642029921235721e-14,-6.465417090595362e-11,5.349441153907211,21481.560667438273,0.5623174494314566,1.3207638667392632e-05,1.0,322.9999999999999,,,,[],[],16,213.18749999999994,25.000000000000057,449.99999999999983,"[3, 8, 15, 19, 22, 27, 30, 35, 38, 43, 46, 51, 55, 58, 61, 65]","[349.0, 267.9999999999999, 188.99999999999994, 25.000000000000057, 449.99999999999983, 203.99999999999991, 45.0, 52.0, 356.9999999999999, 49.000000000000114, 287.9999999999999, 41.999999999999886, 206.0, 407.9999999999999, 108.99999999999997, 369.99999999999994]","[0, 0, 0, 0, 0, 24, 29, 32, 32, 40, 40, 47, 54, 32, 60, 60]","[5, 9, 16, 20, 32, 32, 32, 36, 54, 45, 54, 54, 56, 67, 62, 67]",6764699.999999998,459.99999999999983,-459.99999999999983,0.0,,,,DWT,inu.32000013032828,1.862645149230957e-09,,0.0,34,6.0,0.0,34,,1.7053025658242404e-13,79.31250000000006,485.9999999999991,79.31250000000004,,0.0,79.31250000000006,,,16.999999999999943,0.0,34,1.7053025658242404e-13,1.7053025658242404e-13,,1.1368683772161603e-13,0.8901161295387036,0.8634224821276437,0.0002710206592519376,0.7320261437908494,0.0022108326861457134,,,,,,,0.000134147159433899,6.70735797169495e-05,0.000134147159433899,205,1.259611219707468,0.8595652380638301,107,0,0.000134147159433899,0.000134147159433899,196,0,0.4976093217605188,0.8468659377617481,97,57.133615324080445,0.907997398834009,151.25,134.97479629530585,0.8322193113332685,3,rbio,249.7925925925926,196.0,174.24048813612427,135,0.6645997696604647,0.9500318207572005,0.24977061501051454,3,3.0
bior1.5,1,periodization,3.799166751042315e-27,317.4582730756357,1354439.5433683167,0.6571428571428571,324.08139760972455,69,raw,4.7750789631187144e-14,-7.212919150845235e-11,5.159128568992076,16147.290208466202,0.6024972258381851,1.3207638667392622e-05,0.9999999999999999,323.0,,,,[],[],16,213.18750000000006,25.000000000000057,450.00000000000006,"[3, 8, 15, 19, 22, 27, 30, 35, 38, 43, 46, 51, 55, 58, 61, 65]","[349.0000000000001, 268.0, 189.0, 25.000000000000057, 450.00000000000006, 204.0000000000001, 45.0, 52.000000000000114, 357.00000000000006, 49.0, 288.00000000000006, 41.99999999999994, 206.0, 408.00000000000006, 109.0, 370.00000000000006]","[0, 0, 0, 0, 0, 24, 29, 32, 32, 40, 40, 47, 54, 32, 60, 60]","[5, 9, 16, 20, 32, 32, 32, 36, 54, 45, 54, 54, 56, 67, 62, 67]",6764700.000000002,460.00000000000006,-460.00000000000006,0.0,,,,DWT,inu.32000013032828,1.862645149230957e-09,,0.0,34,6.0,0.0,34,,5.684341886080802e-14,79.31249999999994,486.0000000000009,79.31249999999997,,0.0,79.31249999999994,,,16.999999999999943,0.0,34,5.684341886080802e-14,5.684341886080802e-14,,0.0,0.9183264796124444,0.7972170895870024,0.0006646769815134452,0.6784313725490195,0.0004211468803403738,,,,,,,0.000134147159433899,6.70735797169495e-05,0.000134147159433899,209,1.2214777788234685,0.8335427799602413,159,0,0.000134147159433899,0.000134147159433899,201,0,0.479012153122064,0.8152159907651805,147,30.59411708155671,0.9507341109797799,179.0,175.0405892158923,0.8312446722370719,4,bior,292.162962962963,301.0,176.53037485058104,135,0.7773306480916924,0.9625172382852065,0.16711337485025335,4,4.0
bior1.5,1,reflect,4.3733533964113504e-27,316.84701090680954,1435129.741433379,0.6538461538461539,324.08139760972455,69,raw,4.870821942239528e-14,-7.226397258364185e-11,5.309477719022722,17044.023111036156,0.5982586826733862,1.3207638667392622e-05,0.9999999999999999,323.0,,,,[],[],16,213.18750000000006,25.000000000000057,450.00000000000006,"[3, 8, 15, 19, 22, 27, 30, 35, 38, 43, 46, 51, 55, 58, 61, 65]","[349.0000000000001, 268.0, 189.00000000000006, 25.000000000000057, 450.00000000000006, 204.0000000000001, 45.0, 52.000000000000114, 357.0, 49.0, 288.00000000000006, 41.99999999999994, 206.0, 408.00000000000006, 109.00000000000003, 370.0000000000001]","[0, 0, 0, 0, 0, 24, 29, 32, 32, 40, 40, 47, 54, 32, 60, 60]","[5, 9, 16, 20, 32, 32, 32, 36, 54, 45, 54, 54, 56, 67, 62, 67]",6764700.000000002,460.00000000000006,-460.00000000000006,0.0,,,,DWT,inu.32000013032828,1.862645149230957e-09,,0.0,34,6.0,0.0,34,,5.684341886080802e-14,79.31249999999994,486.0000000000009,79.31249999999996,,0.0,79.31249999999994,,,16.999999999999943,0.0,34,5.684341886080802e-14,5.684341886080802e-14,,0.0,0.9117130418325505,0.849520117788576,0.0014062702142404895,0.6598793363499246,0.0007220071684850685,,,,,,,0.000134147159433899,6.70735797169495e-05,0.000134147159433899,204,1.2367315565083024,0.8439520370721952,139,0,0.000134147159433899,0.000134147159433899,205,0,0.48464815467075534,0.8248077277524876,131,40.26060936780102,0.9351681008570032,169.75,162.54980860383284,0.8309093322320442,5,bior,292.162962962963,301.0,176.53037485058104,135,0.7773306480916924,0.9625172382852065,0.16711337485025335,4,4.75
sym9,1,symmetric,1.0022768478927378e-25,303.245279648806,1456000.731483211,0.686046511627907,317.2068487744205,69,raw,2.6258544453148847e-13,-6.307165900665285e-11,5.461026305702651,17708.073085548313,0.5848752082637019,1.3207638667392627e-05,1.0,322.9999999999997,,,,[],[],16,213.18750000000034,25.000000000000398,450.0000000000004,"[3, 8, 15, 19, 22, 27, 30, 35, 38, 43, 46, 51, 55, 58, 61, 65]","[349.0000000000008, 268.0000000000003, 188.99999999999994, 25.000000000000398, 450.0000000000004, 204.0000000000005, 45.0000000000004, 52.00000000000057, 357.0000000000001, 49.0000000000004, 288.00000000000034, 42.00000000000006, 206.00000000000034, 408.0000000000008, 108.99999999999937, 370.0000000000008]","[0, 0, 0, 0, 0, 24, 29, 32, 32, 40, 40, 47, 54, 32, 60, 60]","[5, 9, 16, 20, 32, 32, 32, 36, 54, 45, 54, 54, 56, 67, 62, 67]",6764699.999999998,460.0000000000001,-460.0000000000001,0.0,,,,DWT,inu.32000013032828,1.862645149230957e-09,,0.0,34,6.0,0.0,34,,1.1368683772161603e-13,79.31249999999966,486.00000000000546,79.31249999999974,,0.0,79.31249999999966,,,16.999999999999602,0.0,34,3.979039320256561e-13,1.1368683772161603e-13,,2.8421709430404007e-13,0.7645516306390716,0.902240402548505,0.0015980876264221878,0.8410852713178294,0.0009448006737770407,,,,,,,0.000134147159433899,6.70735797169495e-05,0.000134147159433899,197,1.2474622522675491,0.8512747195877016,131,0,0.000134147159433899,0.000134147159433899,200,0,0.5020840385611212,0.8544813200985446,73,60.549566472436446,0.9024966723471233,150.25,127.35462765221656,0.8302741010688918,6,sym,375.8541666666667,399.5,183.40489689834808,144,1.0,1.0,0.0,6,6.0
bior1.5,1,antisymmetric,4.7472505999526256e-27,316.4907350531154,1463365.658858161,0.6666666666666666,333.90154964121535,69,raw,5.025287754361289e-14,-7.224287834617397e-11,5.332908017244297,48185.56255238751,0.7585442844102895,1.3207638667392622e-05,0.9999999999999999,323.0,,,,[],[],16,213.18750000000006,25.000000000000057,450.00000000000006,"[3, 8, 15, 19, 22, 27, 30, 35, 38, 43, 46, 51, 55, 58, 61, 65]","[349.0000000000001, 268.0, 189.00000000000006, 25.000000000000057, 450.00000000000006, 204.0000000000001, 45.0, 52.000000000000114, 357.0, 49.0, 288.00000000000006, 41.99999999999994, 206.0, 408.0000000000001, 109.00000000000003, 370.00000000000017]","[0, 0, 0, 0, 0, 24, 29, 32, 32, 40, 40, 47, 54, 32, 60, 60]","[5, 9, 16, 20, 32, 32, 32, 36, 54, 45, 54, 54, 56, 67, 62, 67]",6764700.000000002,460.00000000000006,-460.00000000000006,0.0,,,,DWT,inu.32000013032828,1.862645149230957e-09,,0.0,34,6.0,0.0,34,,5.684341886080802e-14,79.31249999999994,486.0000000000009,79.31249999999997,,0.0,79.31249999999994,,,16.999999999999943,0.0,34,5.684341886080802e-14,5.684341886080802e-14,,0.0,0.907858381244918,0.857670982282353,0.0016657759012283179,0.7320261437908494,0.011170215885643682,,,,,,,0.000134147159433899,6.70735797169495e-05,0.000134147159433899,193,1.2716619517093386,0.8677887201668532,80,0,0.000134147159433899,0.000134147159433899,209,0,0.5020782998209986,0.8544715535139512,74,71.93052203341777,0.884169851798039,139.0,111.17426532326753,0.8301686618088424,7,bior,292.162962962963,301.0,176.53037485058104,135,0.7773306480916924,0.9625172382852065,0.16711337485025335,4,6.25
rbio3.1,1,antisymmetric,6.984963168896078e-27,314.8135154290398,1304790.319482365,0.6666666666666666,347.00600606355493,69,raw,6.719262827296603e-14,-6.461742252383853e-11,5.345648038887271,24994.263406635797,0.541569791460211,1.3207638667392632e-05,1.0,322.9999999999999,,,,[],[],16,213.18749999999994,25.000000000000057,449.99999999999983,"[3, 8, 15, 19, 22, 27, 30, 35, 38, 43, 46, 51, 55, 58, 61, 65]","[349.0, 267.9999999999999, 188.99999999999994, 25.000000000000057, 449.99999999999983, 203.99999999999991, 45.0, 52.0, 356.9999999999999, 49.000000000000114, 287.9999999999999, 41.999999999999886, 206.0, 407.9999999999999, 108.99999999999997, 369.99999999999994]","[0, 0, 0, 0, 0, 24, 29, 32, 32, 40, 40, 47, 54, 32, 60, 60]","[5, 9, 16, 20, 32, 32, 32, 36, 54, 45, 54, 54, 56, 67, 62, 67]",6764699.999999998,459.99999999999983,-459.99999999999983,0.0,,,,DWT,inu.32000013032828,1.862645149230957e-09,,0.0,34,6.0,0.0,34,,1.7053025658242404e-13,79.31250000000006,485.9999999999991,79.31250000000004,,0.0,79.31250000000006,,,16.999999999999943,0.0,34,1.7053025658242404e-13,1.7053025658242404e-13,,1.1368683772161603e-13,0.8897120142804095,0.8621029442265694,0.00020836965637485282,0.7320261437908494,0.0033893695227587553,,,,,,,0.000134147159433899,6.70735797169495e-05,0.000134147159433899,213,1.2591490708351611,0.8592498652732181,108,0,0.000134147159433899,0.000134147159433899,193,0,0.4974877682953924,0.8466590696732077,98,58.45225972250061,0.9058739779025755,153.0,136.33486479791952,0.8297485831541863,8,rbio,249.7925925925926,196.0,174.24048813612427,135,0.6645997696604647,0.9500318207572005,0.24977061501051454,3,6.75
sym9,1,antisymmetric,1.0183177055982364e-25,303.1763236840558,1457417.0012570915,0.6511627906976745,298.87330340917487,69,raw,2.619933255850217e-13,-6.118150430722852e-11,5.45571946045214,57070.043109180726,0.8408553295350303,1.3207638667392632e-05,1.0,322.9999999999997,,,,[],[],16,213.18750000000026,25.000000000000398,450.0000000000004,"[3, 8, 15, 19, 22, 27, 30, 35, 38, 43, 46, 51, 55, 58, 61, 65]","[349.0000000000008, 268.00000000000034, 188.99999999999994, 25.000000000000398, 450.0000000000004, 204.0000000000005, 45.0000000000004, 52.00000000000057, 357.0000000000001, 49.0000000000004, 288.00000000000034, 42.00000000000006, 206.00000000000034, 408.00000000000034, 108.99999999999932, 370.0]","[0, 0, 0, 0, 0, 24, 29, 32, 32, 40, 40, 47, 54, 32, 60, 60]","[5, 9, 16, 20, 32, 32, 32, 36, 54, 45, 54, 54, 56, 67, 62, 67]",6764699.999999996,460.0000000000001,-460.0000000000001,0.0,,,,DWT,inu.32000013032828,3.725290298461914e-09,,0.0,34,6.0,0.0,34,,1.1368683772161603e-13,79.31249999999974,486.0000000000041,79.3124999999998,,0.0,79.31249999999974,,,16.999999999999602,0.0,34,3.979039320256561e-13,1.1368683772161603e-13,,2.8421709430404007e-13,0.7638055743547381,0.9003942725454933,0.0016111040287264521,0.644778841769266,0.014151022514543109,,,,,,,0.000268294318867798,0.000134147159433899,0.000268294318867798,190,1.1728579786134765,0.8003643757921494,219,0,0.000268294318867798,0.000268294318867798,190,0,0.4649481630425534,0.7912809203665421,181,16.55294535724685,0.9733446934665912,195.0,194.0109996264764,0.8296675158154212,9,sym,375.8541666666667,399.5,183.40489689834808,144,1.0,1.0,0.0,6,8.25
rbio3.1,1,antireflect,6.951305103606648e-27,314.8344931257401,1493613.5080990237,0.6805555555555556,390.250712257276,69,raw,6.657476502447898e-14,-6.466649438152696e-11,5.389584169599184,27808.256932388107,0.6324651719617946,1.3207638667392632e-05,1.0,322.9999999999999,,,,[],[],16,213.18749999999994,25.000000000000057,449.99999999999983,"[3, 8, 15, 19, 22, 27, 30, 35, 38, 43, 46, 51, 55, 58, 61, 65]","[349.0, 267.9999999999999, 188.99999999999994, 25.000000000000057, 449.99999999999983, 203.99999999999991, 45.0, 52.0, 356.9999999999999, 49.000000000000114, 287.9999999999999, 41.999999999999886, 206.0, 407.99999999999983, 108.99999999999997, 369.99999999999994]","[0, 0, 0, 0, 0, 24, 29, 32, 32, 40, 40, 47, 54, 32, 60, 60]","[5, 9, 16, 20, 32, 32, 32, 36, 54, 45, 54, 54, 56, 67, 62, 67]",6764699.999999998,459.99999999999983,-459.99999999999983,0.0,,,,DWT,inu.32000013032828,1.862645149230957e-09,,0.0,34,6.0,0.0,34,,1.7053025658242404e-13,79.31250000000006,485.9999999999991,79.31250000000004,,0.0,79.31250000000006,,,16.999999999999943,0.0,34,1.7053025658242404e-13,1.7053025658242404e-13,,1.1368683772161603e-13,0.8899389785830741,0.8773873185195055,0.0019437724960995387,0.8101851851851853,0.004333484432079929,,,,,,,0.000134147159433899,6.70735797169495e-05,0.000134147159433899,201,1.2994364005045531,0.8867421482700854,59,0,0.000134147159433899,0.000134147159433899,206,0,0.516757747843189,0.8794540527789467,52,85.51997817274433,0.8622866696091074,129.5,86.93872749216304,0.8268760240155038,10,rbio,249.7925925925926,196.0,174.24048813612427,135,0.6645997696604647,0.9500318207572005,0.24977061501051454,3,8.25
rbio3.1,1,symmetric,6.867114923864026e-27,314.8874134781948,1367559.3279003773,0.7083333333333334,390.250712257276,69,raw,6.523284328167117e-14,-6.476807978828017e-11,5.412935045286204,22624.48099922839,0.6662542336557503,1.3207638667392632e-05,1.0,322.9999999999999,,,,[],[],16,213.18749999999994,25.000000000000057,449.99999999999983,"[3, 8, 15, 19, 22, 27, 30, 35, 38, 43, 46, 51, 55, 58, 61, 65]","[349.0, 267.9999999999999, 188.99999999999994, 25.000000000000057, 449.99999999999983, 203.99999999999991, 45.0, 52.0, 356.9999999999999, 49.000000000000114, 287.9999999999999, 41.999999999999886, 206.0, 407.99999999999983, 108.99999999999997, 369.99999999999994]","[0, 0, 0, 0, 0, 24, 29, 32, 32, 40, 40, 47, 54, 32, 60, 60]","[5, 9, 16, 20, 32, 32, 32, 36, 54, 45, 54, 54, 56, 67, 62, 67]",6764699.999999998,459.99999999999983,-459.99999999999983,0.0,,,,DWT,inu.32000013032828,1.862645149230957e-09,,0.0,34,6.0,0.0,34,,1.7053025658242404e-13,79.31250000000006,485.9999999999991,79.31250000000004,,0.0,79.31250000000006,,,16.999999999999943,0.0,34,1.7053025658242404e-13,1.7053025658242404e-13,,1.1368683772161603e-13,0.8905115405312825,0.8855105537312823,0.0007852559819016702,0.9665032679738563,0.002594290613654937,,,,,,,0.000134147159433899,6.70735797169495e-05,0.000134147159433899,208,1.365093852610366,0.9315471345761811,17,0,0.000134147159433899,0.000134147159433899,195,0,0.5491809817663956,0.9346341533134369,16,106.9423520718834,0.8277900932819913,109.0,30.47400172364263,0.8261333719227992,11,rbio,249.7925925925926,196.0,174.24048813612427,135,0.6645997696604647,0.9500318207572005,0.24977061501051454,3,9.0
rbio3.1,1,constant,6.866611167579441e-27,314.887732078658,1381803.5970208752,0.6805555555555556,379.7671471194042,69,raw,6.518457271538312e-14,-6.476807978828017e-11,5.3743435959428965,21189.96190200617,0.6190956771133402,1.3207638667392632e-05,1.0,322.9999999999999,,,,[],[],16,213.18749999999994,25.000000000000057,449.99999999999983,"[3, 8, 15, 19, 22, 27, 30, 35, 38, 43, 46, 51, 55, 58, 61, 65]","[349.0, 267.9999999999999, 188.99999999999994, 25.000000000000057, 449.99999999999983, 203.99999999999991, 45.0, 52.0, 356.9999999999999, 49.000000000000114, 287.9999999999999, 41.999999999999886, 206.0, 407.99999999999983, 108.99999999999997, 369.99999999999994]","[0, 0, 0, 0, 0, 24, 29, 32, 32, 40, 40, 47, 54, 32, 60, 60]","[5, 9, 16, 20, 32, 32, 32, 36, 54, 45, 54, 54, 56, 67, 62, 67]",6764699.999999998,459.99999999999983,-459.99999999999983,0.0,,,,DWT,inu.32000013032828,1.862645149230957e-09,,0.0,34,6.0,0.0,34,,1.7053025658242404e-13,79.31250000000006,485.9999999999991,79.31250000000004,,0.0,79.31250000000006,,,16.999999999999943,0.0,34,1.7053025658242404e-13,1.7053025658242404e-13,,1.1368683772161603e-13,0.8905149875699636,0.8720854717608741,0.0009161696968040241,0.8101851851851853,0.002112999219414302,,,,,,,0.000134147159433899,6.70735797169495e-05,0.000134147159433899,206,1.295729087032657,0.884212258303094,62,0,0.000134147159433899,0.000134147159433899,204,0,0.5151629626864483,0.8767399371701124,58,83.73569529577375,0.865159910956886,132.5,92.74987816928639,0.8258971857521951,12,rbio,249.7925925925926,196.0,174.24048813612427,135,0.6645997696604647,0.9500318207572005,0.24977061501051454,3,9.75
rbio3.1,1,smooth,6.807892477590816e-27,314.92502975387345,1934811.3528411156,0.6944444444444444,397.32711872533946,69,raw,6.554499294366724e-14,-6.470957103488242e-11,5.064958893465176,45436.36370322143,0.5345572604859847,1.3207638667392632e-05,1.0,322.9999999999999,,,,[],[],16,213.18749999999994,25.000000000000057,449.99999999999983,"[3, 8, 15, 19, 22, 27, 30, 35, 38, 43, 46, 51, 55, 58, 61, 65]","[349.0, 267.9999999999999, 188.99999999999994, 25.000000000000057, 449.99999999999983, 203.99999999999991, 45.0, 52.0, 356.9999999999999, 49.000000000000114, 287.9999999999999, 41.999999999999886, 206.0, 407.99999999999983, 108.99999999999997, 369.99999999999994]","[0, 0, 0, 0, 0, 24, 29, 32, 32, 40, 40, 47, 54, 32, 60, 60]","[5, 9, 16, 20, 32, 32, 32, 36, 54, 45, 54, 54, 56, 67, 62, 67]",6764699.999999998,459.99999999999983,-459.99999999999983,0.0,,,,DWT,inu.32000013032828,1.862645149230957e-09,,0.0,34,6.0,0.0,34,,1.7053025658242404e-13,79.31250000000006,485.9999999999991,79.31250000000004,,0.0,79.31250000000006,,,16.999999999999943,0.0,34,1.7053025658242404e-13,1.7053025658242404e-13,,1.1368683772161603e-13,0.8909185228563786,0.7644576147658113,0.0059986557880041215,0.8883442265795205,0.01024784005270981,,,,,,,0.000134147159433899,6.70735797169495e-05,0.000134147159433899,214,1.279216075643627,0.8729436935716218,70,0,0.000134147159433899,0.000134147159433899,198,0,0.5119933720084849,0.8713457086771298,62,81.1582815655104,0.8693103356433005,136.0,99.65581673617676,0.8251543626686713,13,rbio,249.7925925925926,196.0,174.24048813612427,135,0.6645997696604647,0.9500318207572005,0.24977061501051454,3,10.5
bior1.5,1,periodic,4.83212746024771e-27,316.41377281923883,1413621.2788275753,0.6794871794871795,333.90154964121535,69,raw,5.004692312745055e-14,-7.231115706218842e-11,5.327690801932157,18072.443707227238,0.5685409316977084,1.3207638667392624e-05,0.9999999999999999,323.0,,,,[],[],16,213.18750000000006,25.000000000000057,450.00000000000006,"[3, 8, 15, 19, 22, 27, 30, 35, 38, 43, 46, 51, 55, 58, 61, 65]","[349.0000000000001, 268.0, 189.00000000000006, 25.000000000000057, 450.00000000000006, 204.0000000000001, 45.0, 52.000000000000114, 357.0, 49.0, 288.00000000000006, 41.99999999999994, 206.0, 408.00000000000006, 109.00000000000003, 370.00000000000017]","[0, 0, 0, 0, 0, 24, 29, 32, 32, 40, 40, 47, 54, 32, 60, 60]","[5, 9, 16, 20, 32, 32, 32, 36, 54, 45, 54, 54, 56, 67, 62, 67]",6764700.000000002,460.00000000000006,-460.00000000000006,0.0,,,,DWT,inu.32000013032828,1.862645149230957e-09,,0.0,34,6.0,0.0,34,,5.684341886080802e-14,79.31249999999994,486.0000000000009,79.31249999999996,,0.0,79.31249999999994,,,16.999999999999943,0.0,34,5.684341886080802e-14,5.684341886080802e-14,,0.0,0.9070257026151877,0.8558560324835084,0.0012085940317881243,0.8041729512317748,0.0010670496175992296,,,,,,,0.000134147159433899,6.70735797169495e-05,0.000134147159433899,211,1.2948437351665105,0.8836080895915998,63,0,0.000134147159433899,0.000134147159433899,203,0,0.5138660659959716,0.874532788742758,60,84.07684976654791,0.8646105478799551,134.25,94.7752144290548,0.8242134865003641,14,bior,292.162962962963,301.0,176.53037485058104,135,0.7773306480916924,0.9625172382852065,0.16711337485025335,4,11.5
rbio3.1,1,reflect,6.857647878453452e-27,314.89340481850877,1349337.087884638,0.7083333333333334,387.1056427159144,69,raw,6.657476502447898e-14,-6.465294966062654e-11,5.414810935200992,21533.99034288194,0.6650189533257426,1.3207638667392632e-05,1.0,322.9999999999999,,,,[],[],16,213.18749999999994,25.000000000000057,449.99999999999983,"[3, 8, 15, 19, 22, 27, 30, 35, 38, 43, 46, 51, 55, 58, 61, 65]","[349.0, 267.9999999999999, 188.99999999999994, 25.000000000000057, 449.99999999999983, 203.99999999999991, 45.0, 52.0, 356.9999999999999, 49.000000000000114, 287.9999999999999, 41.999999999999886, 206.0, 407.9999999999999, 108.99999999999997, 369.99999999999994]","[0, 0, 0, 0, 0, 24, 29, 32, 32, 40, 40, 47, 54, 32, 60, 60]","[5, 9, 16, 20, 32, 32, 32, 36, 54, 45, 54, 54, 56, 67, 62, 67]",6764699.999999998,459.99999999999983,-459.99999999999983,0.0,,,,DWT,inu.32000013032828,1.862645149230957e-09,,0.0,34,6.0,0.0,34,,1.7053025658242404e-13,79.31250000000006,485.9999999999991,79.31250000000004,,0.0,79.31250000000006,,,16.999999999999943,0.0,34,1.7053025658242404e-13,1.7053025658242404e-13,,1.1368683772161603e-13,0.8905763627277237,0.8861631328984823,0.0006177822341001837,0.9665032679738563,0.0022284232164096395,,,,,,,0.000134147159433899,6.70735797169495e-05,0.000134147159433899,215,1.3652289516790317,0.9316393268822696,16,0,0.000134147159433899,0.000134147159433899,194,0,0.5492177938101144,0.9346968025938293,15,109.4562317397537,0.8237419778747928,110.0,28.782679327472557,0.823304161240134,15,rbio,249.7925925925926,196.0,174.24048813612427,135,0.6645997696604647,0.9500318207572005,0.24977061501051454,3,12.0
rbio3.1,1,periodization,6.426288698429278e-27,315.1755543120486,1371567.3144142218,0.6857142857142857,400.99636652359453,69,raw,6.38528295225547e-14,-6.468792168590222e-11,5.412125409003571,22366.81262755102,0.7223637567391479,1.3207638667392632e-05,0.9999999999999999,322.99999999999994,,,,[],[],16,213.18749999999991,24.999999999999773,449.9999999999999,"[3, 8, 15, 19, 22, 27, 30, 35, 38, 43, 46, 51, 55, 58, 61, 65]","[348.99999999999983, 267.9999999999999, 189.0, 24.999999999999773, 449.9999999999999, 203.99999999999991, 45.0, 51.99999999999994, 356.9999999999999, 48.99999999999994, 287.99999999999994, 41.99999999999994, 206.0, 407.9999999999999, 109.00000000000003, 370.0]","[0, 0, 0, 0, 0, 24, 29, 32, 32, 40, 40, 47, 54, 32, 60, 60]","[5, 9, 16, 20, 32, 32, 32, 36, 54, 45, 54, 54, 56, 67, 62, 67]",6764699.999999998,459.9999999999999,-459.9999999999999,0.0,,,,DWT,inu.32000013032828,1.862645149230957e-09,,0.0,34,6.0,0.0,34,,1.1368683772161603e-13,79.31250000000009,485.99999999999864,79.31250000000007,,0.0,79.31250000000009,,,17.000000000000227,0.0,34,1.1368683772161603e-13,1.1368683772161603e-13,,5.684341886080802e-14,0.8936290268959273,0.8852288997989858,0.0008220918770513101,0.8392156862745098,0.0025078410361648535,,,,,,,0.000134147159433899,6.70735797169495e-05,0.000134147159433899,202,1.3158923228998447,0.8979717551757413,38,0,0.000134147159433899,0.000134147159433899,212,0,0.5242807091765279,0.8922571483515204,35,98.53045214551692,0.8413358258526298,121.75,61.96296098860631,0.8226405377250267,16,rbio,249.7925925925926,196.0,174.24048813612427,135,0.6645997696604647,0.9500318207572005,0.24977061501051454,3,12.75
bior1.5,1,symmetric,4.091650023880253e-27,317.1361718377701,1433238.4488983557,0.6923076923076923,333.90154964121535,69,raw,4.695760688501533e-14,-7.21056547803303e-11,5.321509367792007,18758.4549905851,0.5898652938507238,1.3207638667392622e-05,0.9999999999999999,323.0,,,,[],[],16,213.18750000000006,25.000000000000057,450.00000000000006,"[3, 8, 15, 19, 22, 27, 30, 35, 38, 43, 46, 51, 55, 58, 61, 65]","[349.0000000000001, 268.0, 189.00000000000006, 25.000000000000057, 450.00000000000006, 204.0000000000001, 45.0, 52.000000000000114, 357.0, 49.0, 288.00000000000006, 41.99999999999994, 206.0, 408.00000000000006, 109.00000000000003, 370.00000000000006]","[0, 0, 0, 0, 0, 24, 29, 32, 32, 40, 40, 47, 54, 32, 60, 60]","[5, 9, 16, 20, 32, 32, 32, 36, 54, 45, 54, 54, 56, 67, 62, 67]",6764700.000000002,460.00000000000006,-460.00000000000006,0.0,,,,DWT,inu.32000013032828,1.862645149230957e-09,,0.0,34,6.0,0.0,34,,5.684341886080802e-14,79.31249999999994,486.0000000000009,79.31249999999997,,0.0,79.31249999999994,,,16.999999999999943,0.0,34,5.684341886080802e-14,5.684341886080802e-14,,0.0,0.9148415649488368,0.8537056530228164,0.0013888880565718527,0.8763197586726997,0.0012972112987308729,,,,,,,0.000134147159433899,6.70735797169495e-05,0.000134147159433899,207,1.3274989974975684,0.9058922101999819,31,0,0.000134147159433899,0.000134147159433899,214,0,0.5295106151999313,0.9011577639051952,26,105.13641931636566,0.8306981975581873,119.5,49.86075259957715,0.819133317780704,17,bior,292.162962962963,301.0,176.53037485058104,135,0.7773306480916924,0.9625172382852065,0.16711337485025335,4,13.75
rbio3.1,1,periodic,6.97179262160891e-27,314.82171202973154,1333274.8990067851,0.6944444444444444,374.52536455046834,69,raw,6.719262827296603e-14,-6.463818369439902e-11,5.401019586519159,20783.110327449842,0.6512900932799224,1.3207638667392632e-05,1.0,322.9999999999999,,,,[],[],16,213.18749999999994,25.000000000000057,449.99999999999983,"[3, 8, 15, 19, 22, 27, 30, 35, 38, 43, 46, 51, 55, 58, 61, 65]","[349.0, 267.9999999999999, 188.99999999999994, 25.000000000000057, 449.99999999999983, 203.99999999999991, 45.0, 52.0, 356.9999999999999, 49.000000000000114, 287.9999999999999, 41.999999999999886, 206.0, 407.9999999999999, 108.99999999999997, 369.99999999999994]","[0, 0, 0, 0, 0, 24, 29, 32, 32, 40, 40, 47, 54, 32, 60, 60]","[5, 9, 16, 20, 32, 32, 32, 36, 54, 45, 54, 54, 56, 67, 62, 67]",6764699.999999998,459.99999999999983,-459.99999999999983,0.0,,,,DWT,inu.32000013032828,1.862645149230957e-09,,0.0,34,6.0,0.0,34,,1.7053025658242404e-13,79.31250000000006,485.9999999999991,79.31250000000004,,0.0,79.31250000000006,,,16.999999999999943,0.0,34,1.7053025658242404e-13,1.7053025658242404e-13,,1.1368683772161603e-13,0.8898006958829134,0.8813654383395398,0.00047016070310586526,0.8883442265795205,0.001976497612745988,,,,,,,0.000134147159433899,6.70735797169495e-05,0.000134147159433899,212,1.3309265067279776,0.9082311602994316,29,0,0.000134147159433899,0.000134147159433899,215,0,0.5323914038235652,0.9060604891005669,23,108.28781094841653,0.8256234928366883,119.75,45.803713715678036,0.816394677175188,18,rbio,249.7925925925926,196.0,174.24048813612427,135,0.6645997696604647,0.9500318207572005,0.24977061501051454,3,14.25
db15,1,reflect,6.30503366519602e-27,315.2582825356906,1767159.8239074342,0.6122448979591837,307.02307390197484,69,raw,6.147739322446083e-14,-6.731559754058506e-11,5.60856926357707,16169.1198031368,0.6211508504154616,1.3207638667392632e-05,0.9999999999999997,323.00000000000006,,,,[],[],16,213.1875,25.000000000000057,449.99999999999994,"[3, 8, 15, 19, 22, 27, 30, 35, 38, 43, 46, 51, 55, 58, 61, 65]","[348.99999999999994, 267.99999999999994, 188.9999999999999, 25.000000000000057, 449.99999999999994, 203.99999999999994, 45.0, 51.999999999999886, 357.00000000000017, 48.99999999999994, 287.9999999999999, 41.999999999999886, 205.99999999999997, 408.0, 108.99999999999994, 370.0000000000001]","[0, 0, 0, 0, 0, 24, 29, 32, 32, 40, 40, 47, 54, 32, 60, 60]","[5, 9, 16, 20, 32, 32, 32, 36, 54, 45, 54, 54, 56, 67, 62, 67]",6764699.999999999,459.99999999999994,-459.99999999999994,0.0,,,,DWT,inu.32000013032828,9.313225746154785e-10,,0.0,34,6.0,0.0,34,,5.684341886080802e-14,79.3125,486.0,79.31250000000003,,0.0,79.3125,,,16.999999999999943,0.0,34,5.684341886080802e-14,5.684341886080802e-14,,5.684341886080802e-14,0.8945240895835929,0.9535672207252377,0.004457833701865344,0.4257703081232493,0.00042847086513434743,,,,,,,6.70735797169495e-05,3.353678985847475e-05,6.70735797169495e-05,229,1.1862064925590605,0.8094734710335358,201,0,6.70735797169495e-05,6.70735797169495e-05,238,0,0.4557495845998159,0.7756261437811209,209,17.173137938847013,0.9723459936572512,219.25,218.24166076736736,0.8096432061684001,19,db,361.0980392156863,403.0,158.96390539935234,153,0.9607397529157442,0.8667375194865046,0.06746091711302768,5,15.5
bior1.3,1,antisymmetric,3.521658005174474e-27,317.78768484837275,1386453.3852959413,0.6486486486486487,327.1527545837104,69,raw,4.767844734158351e-14,-7.211142794005835e-11,5.249692961419975,32507.80263308072,0.6479022091326166,1.3207638667392622e-05,1.0,323.00000000000006,,,,[],[],16,213.18750000000003,24.999999999999943,450.0000000000001,"[3, 8, 15, 19, 22, 27, 30, 35, 38, 43, 46, 51, 55, 58, 61, 65]","[349.0, 268.0000000000001, 189.00000000000006, 24.999999999999943, 450.0000000000001, 204.0, 45.0, 52.0, 357.00000000000006, 49.00000000000006, 288.00000000000006, 42.0, 206.00000000000006, 408.00000000000006, 109.0, 370.00000000000006]","[0, 0, 0, 0, 0, 24, 29, 32, 32, 40, 40, 47, 54, 32, 60, 60]","[5, 9, 16, 20, 32, 32, 32, 36, 54, 45, 54, 54, 56, 67, 62, 67]",6764700.000000001,460.0000000000001,-460.0000000000001,0.0,,,,DWT,inu.32000013032828,9.313225746154785e-10,,0.0,34,6.0,0.0,34,,1.1368683772161603e-13,79.31249999999997,486.00000000000045,79.31249999999997,,0.0,79.31249999999997,,,17.000000000000057,0.0,34,1.1368683772161603e-13,1.1368683772161603e-13,,5.684341886080802e-14,0.9218904892535851,0.828722368933439,0.0009589041503199536,0.6306306306306307,0.00591021555191217,,,,,,,6.70735797169495e-05,3.353678985847475e-05,6.70735797169495e-05,218,1.2225912685670475,0.8343026311441196,157,0,6.70735797169495e-05,6.70735797169495e-05,247,0,0.47762252170397745,0.812851019968698,148,47.82258880487337,0.9229910003142135,192.5,183.80729027753648,0.8065035516868975,20,bior,292.162962962963,301.0,176.53037485058104,135,0.7773306480916924,0.9625172382852065,0.16711337485025335,4,16.0
db15,1,antireflect,5.763577832279105e-27,315.64823501045316,1870851.509286561,0.6122448979591837,295.3393160016241,69,raw,5.550471515575276e-14,-6.706613042695179e-11,5.595778807917217,86648.92264382225,0.923521152776314,1.3207638667392629e-05,1.0,323.0000000000001,,,,[],[],16,213.18749999999991,25.0,449.99999999999983,"[3, 8, 15, 19, 22, 27, 30, 35, 38, 43, 46, 51, 55, 58, 61, 65]","[348.9999999999999, 268.0000000000001, 188.99999999999994, 25.0, 449.99999999999983, 203.9999999999999, 45.0, 51.999999999999886, 357.0000000000001, 48.999999999999886, 287.9999999999999, 41.99999999999983, 206.0, 407.99999999999966, 108.99999999999994, 370.0]","[0, 0, 0, 0, 0, 24, 29, 32, 32, 40, 40, 47, 54, 32, 60, 60]","[5, 9, 16, 20, 32, 32, 32, 36, 54, 45, 54, 54, 56, 67, 62, 67]",6764699.999999999,459.99999999999983,-459.99999999999983,0.0,,,,DWT,inu.32000013032828,9.313225746154785e-10,,0.0,34,6.0,0.0,34,,1.7053025658242404e-13,79.31250000000009,485.99999999999864,79.31250000000007,,0.0,79.31250000000009,,,17.0,0.0,34,1.7053025658242404e-13,1.7053025658242404e-13,,1.1368683772161603e-13,0.8987431081332116,0.9491177139408502,0.005410824945054739,0.4257703081232493,0.024074947681429957,,,,,,,6.70735797169495e-05,3.353678985847475e-05,6.70735797169495e-05,231,1.196448236644751,0.8164624903876584,184,0,6.70735797169495e-05,6.70735797169495e-05,242,0,0.46062338056475916,0.7839207066235299,190,29.033027170218862,0.953247943365187,211.75,208.77724336564486,0.8061328283653633,21,db,361.0980392156863,403.0,158.96390539935234,153,0.9607397529157442,0.8667375194865046,0.06746091711302768,5,17.0
bior1.3,1,zero,3.520926308102965e-27,317.7885872784683,1322461.3024617517,0.6486486486486487,303.0405547666054,69,raw,4.7575470133502344e-14,-7.211142794005835e-11,5.19030669345315,20839.41006208912,0.6535095094987028,1.3207638667392622e-05,1.0,323.00000000000006,,,,[],[],16,213.18750000000003,24.999999999999943,450.0000000000001,"[3, 8, 15, 19, 22, 27, 30, 35, 38, 43, 46, 51, 55, 58, 61, 65]","[349.0, 268.0000000000001, 189.00000000000006, 24.999999999999943, 450.0000000000001, 204.0, 45.0, 52.0, 357.00000000000006, 49.00000000000006, 288.00000000000006, 42.0, 206.00000000000006, 408.00000000000006, 109.0, 370.00000000000006]","[0, 0, 0, 0, 0, 24, 29, 32, 32, 40, 40, 47, 54, 32, 60, 60]","[5, 9, 16, 20, 32, 32, 32, 36, 54, 45, 54, 54, 56, 67, 62, 67]",6764700.000000001,460.0000000000001,-460.0000000000001,0.0,,,,DWT,inu.32000013032828,9.313225746154785e-10,,0.0,34,6.0,0.0,34,,1.1368683772161603e-13,79.31249999999997,486.00000000000045,79.31249999999997,,0.0,79.31249999999997,,,17.000000000000057,0.0,34,1.1368683772161603e-13,1.1368683772161603e-13,,5.684341886080802e-14,0.9219002529288001,0.8080632455022659,0.00037077700828866845,0.6306306306306307,0.0019953865754878466,,,,,,,6.70735797169495e-05,3.353678985847475e-05,6.70735797169495e-05,225,1.2104075698950048,0.8259884118948145,168,0,6.70735797169495e-05,6.70735797169495e-05,245,0,0.47259205852909464,0.8042898300398178,158,42.55976190409591,0.9314657618291531,199.0,192.23771062814262,0.8055074380804381,22,bior,292.162962962963,301.0,176.53037485058104,135,0.7773306480916924,0.9625172382852065,0.16711337485025335,4,17.5
bior1.3,1,smooth,3.802629680634062e-27,317.45431629691774,2449335.4901231993,0.6756756756756757,350.15107560491657,69,raw,4.93260826708823e-14,-7.229783438589291e-11,4.470045005737166,52882.18739727905,0.8562473819736719,1.3207638667392622e-05,0.9999999999999999,323.00000000000006,,,,[],[],16,213.18750000000003,24.999999999999943,450.0000000000001,"[3, 8, 15, 19, 22, 27, 30, 35, 38, 43, 46, 51, 55, 58, 61, 65]","[349.0, 268.0000000000001, 189.00000000000006, 24.999999999999943, 450.0000000000001, 204.0, 45.0, 52.0, 357.00000000000006, 49.00000000000006, 288.00000000000006, 42.0, 206.00000000000006, 408.0, 109.0, 370.00000000000006]","[0, 0, 0, 0, 0, 24, 29, 32, 32, 40, 40, 47, 54, 32, 60, 60]","[5, 9, 16, 20, 32, 32, 32, 36, 54, 45, 54, 54, 56, 67, 62, 67]",6764700.000000001,460.0000000000001,-460.0000000000001,0.0,,,,DWT,inu.32000013032828,9.313225746154785e-10,,0.0,34,6.0,0.0,34,,1.1368683772161603e-13,79.31249999999997,486.00000000000045,79.31249999999997,,0.0,79.31249999999997,,,17.000000000000057,0.0,34,1.1368683772161603e-13,1.1368683772161603e-13,,5.684341886080802e-14,0.9182836699782242,0.5575006892294619,0.01072745342926716,0.782723900370959,0.012745967037510632,,,,,,,6.70735797169495e-05,3.353678985847475e-05,6.70735797169495e-05,221,1.153272220279687,0.7869989525873972,236,0,6.70735797169495e-05,6.70735797169495e-05,243,0,0.45639633600908464,0.7767268300318755,206,16.46207763315433,0.9734910183040993,226.5,225.5837931678783,0.8043783593935956,23,bior,292.162962962963,301.0,176.53037485058104,135,0.7773306480916924,0.9625172382852065,0.16711337485025335,4,18.25
bior1.3,1,periodization,3.1345798823998753e-27,318.2933632138042,1347181.749079762,0.6571428571428571,327.1527545837104,69,raw,4.580765047560857e-14,-7.210143593283672e-11,5.166638478627355,15756.909056122451,0.5926490004987851,1.3207638667392622e-05,1.0,323.00000000000006,,,,[],[],16,213.18750000000003,24.999999999999943,450.0000000000001,"[3, 8, 15, 19, 22, 27, 30, 35, 38, 43, 46, 51, 55, 58, 61, 65]","[349.00000000000006, 268.0, 189.0, 24.999999999999943, 450.0000000000001, 204.0, 45.0, 52.0, 357.00000000000006, 49.00000000000006, 288.00000000000006, 42.0, 206.00000000000006, 408.0, 108.99999999999997, 370.00000000000006]","[0, 0, 0, 0, 0, 24, 29, 32, 32, 40, 40, 47, 54, 32, 60, 60]","[5, 9, 16, 20, 32, 32, 32, 36, 54, 45, 54, 54, 56, 67, 62, 67]",6764700.000000001,460.0000000000001,-460.0000000000001,0.0,,,,DWT,inu.32000013032828,9.313225746154785e-10,,0.0,34,6.0,0.0,34,,1.1368683772161603e-13,79.31249999999997,486.00000000000045,79.3125,,0.0,79.31249999999997,,,17.000000000000057,0.0,34,1.1368683772161603e-13,1.1368683772161603e-13,,5.684341886080802e-14,0.9273615826354009,0.7998296152671626,0.0005979733265716484,0.6784313725490195,0.00029017121786183955,,,,,,,6.70735797169495e-05,3.353678985847475e-05,6.70735797169495e-05,222,1.2281193613848602,0.8380750303929019,146,0,6.70735797169495e-05,6.70735797169495e-05,249,0,0.48130214299920326,0.8191132538186684,140,54.585559751030615,0.9121005479049427,189.25,177.67716533575756,0.8036750726642266,24,bior,292.162962962963,301.0,176.53037485058104,135,0.7773306480916924,0.9625172382852065,0.16711337485025335,4,19.0
coif3,1,antisymmetric,4.1152472544364296e-27,317.111197295229,1486948.4547866168,0.6162790697674418,295.0093293250664,69,raw,4.5361460159757104e-14,-7.158862391776236e-11,5.437034543854762,60010.360057788756,0.8627475186376632,1.3207638667392622e-05,1.0,323.0000000000001,,,,[],[],16,213.1875,25.0,449.99999999999994,"[3, 8, 15, 19, 22, 27, 30, 35, 38, 43, 46, 51, 55, 58, 61, 65]","[349.0, 268.00000000000006, 189.00000000000003, 25.0, 449.99999999999994, 204.0, 44.99999999999994, 52.000000000000114, 357.00000000000006, 48.99999999999994, 288.00000000000006, 41.999999999999886, 206.00000000000006, 408.0, 109.00000000000006, 370.00000000000017]","[0, 0, 0, 0, 0, 24, 29, 32, 32, 40, 40, 47, 54, 32, 60, 60]","[5, 9, 16, 20, 32, 32, 32, 36, 54, 45, 54, 54, 56, 67, 62, 67]",6764700.000000001,459.99999999999994,-459.99999999999994,0.0,,,,DWT,inu.32000013032828,9.313225746154785e-10,,0.0,34,6.0,0.0,34,,5.684341886080802e-14,79.3125,486.0,79.31249999999999,,0.0,79.3125,,,17.0,0.0,34,5.684341886080802e-14,5.684341886080802e-14,,1.1368683772161603e-13,0.9145713575131398,0.8938942177095497,0.0018825165003184842,0.44847241222070205,0.015137519833711045,,,,,,,6.70735797169495e-05,3.353678985847475e-05,6.70735797169495e-05,247,1.182075154434583,0.8066542244414696,202,0,6.70735797169495e-05,6.70735797169495e-05,236,0,0.45479160475548425,0.7739957874679464,212,20.822663934601003,0.9664691402019308,224.25,222.79967797847598,0.8026790145454098,25,coif,212.88888888888889,210.0,126.92181240687695,45,0.566413539530329,0.6920306630483438,0.39590132341426654,2,19.25
bior1.3,1,periodic,3.520926308102965e-27,317.7885872784683,1335749.56582575,0.6891891891891891,333.90154964121535,69,raw,4.7575470133502344e-14,-7.211142794005835e-11,5.264640561123988,18423.631562728267,0.5551091297856131,1.3207638667392622e-05,1.0,323.00000000000006,,,,[],[],16,213.18750000000003,24.999999999999943,450.0000000000001,"[3, 8, 15, 19, 22, 27, 30, 35, 38, 43, 46, 51, 55, 58, 61, 65]","[349.0, 268.0000000000001, 189.00000000000006, 24.999999999999943, 450.0000000000001, 204.0, 45.0, 52.0, 357.00000000000006, 49.00000000000006, 288.00000000000006, 42.0, 206.00000000000006, 408.00000000000006, 109.0, 370.00000000000006]","[0, 0, 0, 0, 0, 24, 29, 32, 32, 40, 40, 47, 54, 32, 60, 60]","[5, 9, 16, 20, 32, 32, 32, 36, 54, 45, 54, 54, 56, 67, 62, 67]",6764700.000000001,460.0000000000001,-460.0000000000001,0.0,,,,DWT,inu.32000013032828,9.313225746154785e-10,,0.0,34,6.0,0.0,34,,1.1368683772161603e-13,79.31249999999997,486.00000000000045,79.31249999999997,,0.0,79.31249999999997,,,17.000000000000057,0.0,34,1.1368683772161603e-13,1.1368683772161603e-13,,5.684341886080802e-14,0.9219002529288001,0.8339222967594724,0.0004929044341934834,0.8587705352411232,0.0011848756492928918,,,,,,,6.70735797169495e-05,3.353678985847475e-05,6.70735797169495e-05,220,1.3143299167102793,0.8969055610776941,39,0,6.70735797169495e-05,6.70735797169495e-05,240,0,0.5232541730025765,0.8905101181380909,36,111.44617534935867,0.8205375598238991,133.75,64.38017820853526,0.802579568961869,26,bior,292.162962962963,301.0,176.53037485058104,135,0.7773306480916924,0.9625172382852065,0.16711337485025335,4,20.5
bior1.3,1,antireflect,3.801897983562553e-27,317.45515204113644,1486617.8002531258,0.6621621621621622,327.1527545837104,69,raw,4.922310546280113e-14,-7.229783438589291e-11,5.191381344114424,22049.73061997809,0.6812514870587619,1.3207638667392622e-05,0.9999999999999999,323.00000000000006,,,,[],[],16,213.18750000000003,24.999999999999943,450.0000000000001,"[3, 8, 15, 19, 22, 27, 30, 35, 38, 43, 46, 51, 55, 58, 61, 65]","[349.0, 268.0000000000001, 189.00000000000006, 24.999999999999943, 450.0000000000001, 204.0, 45.0, 52.0, 357.00000000000006, 49.00000000000006, 288.00000000000006, 42.0, 206.00000000000006, 408.0, 109.0, 370.00000000000006]","[0, 0, 0, 0, 0, 24, 29, 32, 32, 40, 40, 47, 54, 32, 60, 60]","[5, 9, 16, 20, 32, 32, 32, 36, 54, 45, 54, 54, 56, 67, 62, 67]",6764700.000000001,460.0000000000001,-460.0000000000001,0.0,,,,DWT,inu.32000013032828,9.313225746154785e-10,,0.0,34,6.0,0.0,34,,1.1368683772161603e-13,79.31249999999997,486.00000000000045,79.31249999999997,,0.0,79.31249999999997,,,17.000000000000057,0.0,34,1.1368683772161603e-13,1.1368683772161603e-13,,5.684341886080802e-14,0.9182927121579504,0.8084370918714141,0.0018794775789837054,0.7066772655007949,0.002401457759839775,,,,,,,6.70735797169495e-05,3.353678985847475e-05,6.70735797169495e-05,216,1.239765401324223,0.846022348530719,136,0,6.70735797169495e-05,6.70735797169495e-05,254,0,0.48753760097379656,0.82972518718508,122,63.392954392950216,0.8979179478374393,182.0,165.8629226454588,0.8024211317287036,27,bior,292.162962962963,301.0,176.53037485058104,135,0.7773306480916924,0.9625172382852065,0.16711337485025335,4,21.25
db15,1,antisymmetric,5.8481345751054035e-27,315.58498305474694,1742701.6938440176,0.6224489795918368,309.83869291907246,69,raw,5.939210476081708e-14,-6.67917943175669e-11,5.628882582453052,86221.74481342974,0.9054520831809209,1.3207638667392632e-05,1.0,323.00000000000006,,,,[],[],16,213.18749999999994,25.0,449.99999999999994,"[3, 8, 15, 19, 22, 27, 30, 35, 38, 43, 46, 51, 55, 58, 61, 65]","[348.9999999999998, 267.9999999999999, 188.9999999999999, 25.0, 449.99999999999994, 203.9999999999999, 45.0, 51.999999999999886, 357.0000000000001, 48.999999999999886, 287.99999999999994, 42.0, 206.00000000000006, 408.0000000000001, 108.99999999999983, 369.9999999999999]","[0, 0, 0, 0, 0, 24, 29, 32, 32, 40, 40, 47, 54, 32, 60, 60]","[5, 9, 16, 20, 32, 32, 32, 36, 54, 45, 54, 54, 56, 67, 62, 67]",6764699.999999999,459.99999999999994,-459.99999999999994,0.0,,,,DWT,inu.32000013032828,9.313225746154785e-10,,0.0,34,6.0,0.0,34,,5.684341886080802e-14,79.31250000000006,485.9999999999991,79.31250000000006,,0.0,79.31250000000006,,,17.0,0.0,34,5.684341886080802e-14,5.684341886080802e-14,,5.684341886080802e-14,0.8980587653178808,0.9606337594440898,0.004233048236280508,0.48319327731092443,0.023931626470874854,,,,,,,6.70735797169495e-05,3.353678985847475e-05,6.70735797169495e-05,230,1.2241186245436333,0.8353449067947978,153,0,6.70735797169495e-05,6.70735797169495e-05,248,0,0.4740100953560101,0.8067031431243833,154,49.90908400949337,0.9196311046546001,196.25,186.8326132598705,0.8018042801855931,28,db,361.0980392156863,403.0,158.96390539935234,153,0.9607397529157442,0.8667375194865046,0.06746091711302768,5,22.25
bior1.3,1,symmetric,3.673119298976908e-27,317.6048062936962,1357380.9449699447,0.6756756756756757,327.1527545837104,69,raw,4.881119663047644e-14,-7.22258919338972e-11,5.239212215611636,17717.316968361945,0.6003866736423612,1.3207638667392622e-05,0.9999999999999999,323.00000000000006,,,,[],[],16,213.18750000000003,24.999999999999943,450.0000000000001,"[3, 8, 15, 19, 22, 27, 30, 35, 38, 43, 46, 51, 55, 58, 61, 65]","[349.0, 268.0000000000001, 189.00000000000006, 24.999999999999943, 450.0000000000001, 204.0, 45.0, 52.0, 357.00000000000006, 49.00000000000006, 288.00000000000006, 42.0, 206.00000000000006, 408.0, 109.0, 370.00000000000006]","[0, 0, 0, 0, 0, 24, 29, 32, 32, 40, 40, 47, 54, 32, 60, 60]","[5, 9, 16, 20, 32, 32, 32, 36, 54, 45, 54, 54, 56, 67, 62, 67]",6764700.000000001,460.0000000000001,-460.0000000000001,0.0,,,,DWT,inu.32000013032828,9.313225746154785e-10,,0.0,34,6.0,0.0,34,,1.1368683772161603e-13,79.31249999999997,486.00000000000045,79.31249999999997,,0.0,79.31249999999997,,,17.000000000000057,0.0,34,1.1368683772161603e-13,1.1368683772161603e-13,,5.684341886080802e-14,0.9199118686153196,0.8250763573432482,0.0006917102962754305,0.782723900370959,0.0009479020624279029,,,,,,,6.70735797169495e-05,3.353678985847475e-05,6.70735797169495e-05,219,1.2782998759623085,0.8723184741508474,71,0,6.70735797169495e-05,6.70735797169495e-05,250,0,0.505870347737646,0.8609251227590118,68,96.10757861202552,0.8452373935394114,152.0,107.07612737430303,0.8002354439516703,29,bior,292.162962962963,301.0,176.53037485058104,135,0.7773306480916924,0.9625172382852065,0.16711337485025335,4,22.75
db15,1,periodization,6.158086596670064e-27,315.3606987158721,1348297.467548756,0.6285714285714286,309.83869291907246,69,raw,5.817336077846134e-14,-6.772049587766588e-11,5.128871162661245,15111.808163265305,0.6105318071252536,1.3207638667392632e-05,1.0,323.0000000000001,,,,[],[],16,213.1875,25.00000000000017,450.00000000000006,"[3, 8, 15, 19, 22, 27, 30, 35, 38, 43, 46, 51, 55, 58, 61, 65]","[349.0, 267.99999999999994, 188.99999999999986, 25.00000000000017, 450.00000000000006, 204.00000000000006, 45.0, 51.999999999999886, 357.0000000000001, 48.999999999999886, 287.9999999999999, 42.0, 206.00000000000003, 407.99999999999994, 108.99999999999994, 370.0000000000001]","[0, 0, 0, 0, 0, 24, 29, 32, 32, 40, 40, 47, 54, 32, 60, 60]","[5, 9, 16, 20, 32, 32, 32, 36, 54, 45, 54, 54, 56, 67, 62, 67]",6764699.999999999,460.00000000000006,-460.00000000000006,0.0,,,,DWT,inu.32000013032828,9.313225746154785e-10,,0.0,34,6.0,0.0,34,,5.684341886080802e-14,79.3125,486.0,79.3125,,0.0,79.3125,,,16.99999999999983,0.0,34,5.684341886080802e-14,5.684341886080802e-14,,1.1368683772161603e-13,0.895632162469218,0.7866912304364496,0.0006082274749821815,0.5176470588235292,7.373526469097889e-05,,,,,,,6.70735797169495e-05,3.353678985847475e-05,6.70735797169495e-05,228,1.138117344072535,0.7766571863574537,255,0,6.70735797169495e-05,6.70735797169495e-05,232,0,0.440130482893774,0.7490444769295319,239,11.902380714238083,0.9808335254199064,238.5,238.06719738259113,0.7983877772027068,30,db,361.0980392156863,403.0,158.96390539935234,153,0.9607397529157442,0.8667375194865046,0.06746091711302768,5,23.75
db12,1,antireflect,4.352865878409089e-27,316.8674037758967,1732433.3232422618,0.6304347826086957,324.6953453042499,69,raw,5.01499003355317e-14,-7.099565380031006e-11,5.550124193300513,75119.18351925025,0.8989159106052019,1.3207638667392622e-05,0.9999999999999999,323.00000000000006,,,,[],[],16,213.1875,25.0,450.00000000000017,"[3, 8, 15, 19, 22, 27, 30, 35, 38, 43, 46, 51, 55, 58, 61, 65]","[349.0, 268.00000000000006, 189.00000000000006, 25.0, 450.00000000000017, 203.9999999999999, 45.000000000000114, 52.000000000000114, 357.00000000000006, 48.999999999999886, 288.0, 41.999999999999886, 206.00000000000017, 407.99999999999994, 108.99999999999989, 370.0000000000001]","[0, 0, 0, 0, 0, 24, 29, 32, 32, 40, 40, 47, 54, 32, 60, 60]","[5, 9, 16, 20, 32, 32, 32, 36, 54, 45, 54, 54, 56, 67, 62, 67]",6764700.000000001,460.0000000000001,-460.0000000000001,0.0,,,,DWT,inu.32000013032828,9.313225746154785e-10,,0.0,34,6.0,0.0,34,,1.1368683772161603e-13,79.3125,486.0,79.3125,,0.0,79.3125,,,17.0,0.0,34,1.7053025658242404e-13,1.1368683772161603e-13,,5.684341886080802e-14,0.9119336787012129,0.9332355184289852,0.004138675507845075,0.5281329923273658,0.020206637925748512,,,,,,,6.70735797169495e-05,3.353678985847475e-05,6.70735797169495e-05,233,1.2351831562903886,0.8428954007219425,140,0,6.70735797169495e-05,6.70735797169495e-05,252,0,0.4795295005782315,0.8160964484243455,145,58.28950734623399,0.9061360590237778,192.5,179.37615220116513,0.7980760810416796,31,db,361.0980392156863,403.0,158.96390539935234,153,0.9607397529157442,0.8667375194865046,0.06746091711302768,5,24.5
db17,1,reflect,4.8820657853782225e-27,316.3691203616517,1850617.6730929175,0.6568627450980392,340.03780735511344,69,raw,4.752398152946177e-14,-6.69638788863838e-11,5.713297459615121,16085.845434863864,0.5859228925130507,1.3207638667392627e-05,1.0,323.0,,,,[],[],16,213.1875,24.999999999999943,450.0000000000001,"[3, 8, 15, 19, 22, 27, 30, 35, 38, 43, 46, 51, 55, 58, 61, 65]","[349.0, 268.0, 189.0, 24.999999999999943, 450.0000000000001, 204.0, 45.0, 51.99999999999977, 357.0, 49.0, 287.9999999999999, 42.00000000000006, 206.00000000000003, 408.0, 109.00000000000006, 370.0]","[0, 0, 0, 0, 0, 24, 29, 32, 32, 40, 40, 47, 54, 32, 60, 60]","[5, 9, 16, 20, 32, 32, 32, 36, 54, 45, 54, 54, 56, 67, 62, 67]",6764699.999999999,460.0,-460.0,0.0,,,,DWT,inu.32000013032828,9.313225746154785e-10,,0.0,34,6.0,0.0,34,,0.0,79.3125,486.0,79.31250000000003,,0.0,79.3125,,,17.000000000000057,0.0,34,1.1368683772161603e-13,0.0,,0.0,0.906542593623609,0.9899997631756713,0.005224863374093983,0.6768550557477893,0.0004005317203099963,,,,,,,6.70735797169495e-05,3.353678985847475e-05,6.70735797169495e-05,234,1.3124401044362877,0.8956159433672654,42,0,6.70735797169495e-05,6.70735797169495e-05,241,0,0.5158045615282947,0.87783185442549,57,108.75201147565042,0.8248759879619156,143.5,80.35958450964532,0.7968985414849836,32,db,361.0980392156863,403.0,158.96390539935234,153,0.9607397529157442,0.8667375194865046,0.06746091711302768,5,25.25
db2,1,periodization,2.2812480414202764e-27,319.6734315442867,1345514.214346556,0.6428571428571429,315.94124328351336,69,raw,3.345436656689651e-14,-7.10965730732485e-11,5.139480450125431,15111.80816326531,0.6155154508591814,1.3207638667392627e-05,1.0,323.00000000000006,,,,[],[],16,213.1875,25.000000000000057,450.0000000000001,"[3, 8, 15, 19, 22, 27, 30, 35, 38, 43, 46, 51, 55, 58, 61, 65]","[349.00000000000006, 268.0, 188.99999999999997, 25.000000000000057, 450.0000000000001, 203.99999999999991, 45.00000000000006, 52.0, 357.0, 49.0, 288.00000000000006, 42.0, 206.00000000000003, 408.0, 109.00000000000006, 370.0]","[0, 0, 0, 0, 0, 24, 29, 32, 32, 40, 40, 47, 54, 32, 60, 60]","[5, 9, 16, 20, 32, 32, 32, 36, 54, 45, 54, 54, 56, 67, 62, 67]",6764700.000000001,460.0000000000001,-460.0000000000001,0.0,,,,DWT,inu.32000013032828,9.313225746154785e-10,,0.0,34,6.0,0.0,34,,1.1368683772161603e-13,79.3125,486.0,79.3125,,0.0,79.3125,,,16.999999999999943,0.0,34,1.1368683772161603e-13,1.1368683772161603e-13,,5.684341886080802e-14,0.9422929762355893,0.7903819587267314,0.0005826476426207209,0.5980392156862747,7.373526469098019e-05,,,,,,,6.70735797169495e-05,3.353678985847475e-05,6.70735797169495e-05,256,1.200103269306416,0.8189567036582298,179,0,6.70735797169495e-05,6.70735797169495e-05,237,0,0.4662741067111814,0.7935375029489969,175,40.90130397269342,0.9341363865174019,211.75,205.90391194328296,0.7965770499414707,33,db,361.0980392156863,403.0,158.96390539935234,153,0.9607397529157442,0.8667375194865046,0.06746091711302768,5,26.0
coif3,1,antireflect,4.241202045636718e-27,316.98026701156914,1693913.1022778496,0.6046511627906976,311.9429182582247,69,raw,4.9699375050176556e-14,-7.160694259766868e-11,5.387360576777415,46882.76363299523,0.8436969379523462,1.3207638667392622e-05,1.0,323.0000000000001,,,,[],[],16,213.1875,25.0,449.99999999999994,"[3, 8, 15, 19, 22, 27, 30, 35, 38, 43, 46, 51, 55, 58, 61, 65]","[349.0, 268.0, 189.00000000000003, 25.0, 449.99999999999994, 204.0, 44.99999999999994, 52.000000000000114, 357.00000000000006, 48.99999999999994, 288.00000000000006, 41.999999999999886, 206.00000000000009, 408.0, 109.00000000000009, 370.0000000000001]","[0, 0, 0, 0, 0, 24, 29, 32, 32, 40, 40, 47, 54, 32, 60, 60]","[5, 9, 16, 20, 32, 32, 32, 36, 54, 45, 54, 54, 56, 67, 62, 67]",6764700.000000001,459.99999999999994,-459.99999999999994,0.0,,,,DWT,inu.32000013032828,9.313225746154785e-10,,0.0,34,6.0,0.0,34,,5.684341886080802e-14,79.3125,486.0,79.31249999999997,,0.0,79.3125,,,17.0,0.0,34,5.684341886080802e-14,5.684341886080802e-14,,1.1368683772161603e-13,0.9131547815680735,0.8766137814689663,0.0037846506587881313,0.383036935704514,0.010733117551056385,,,,,,,6.70735797169495e-05,3.353678985847475e-05,6.70735797169495e-05,248,1.1456001063069496,0.7817634621676148,245,0,6.70735797169495e-05,6.70735797169495e-05,218,0,0.43746465339027973,0.7445075840224571,245,14.071247279470288,0.9773409866675197,239.0,238.34096573068584,0.7962389313369804,34,coif,212.88888888888889,210.0,126.92181240687695,45,0.566413539530329,0.6920306630483438,0.39590132341426654,2,26.0
bior1.3,1,constant,3.532633461247114e-27,317.77417085089326,1398711.8983892666,0.6351351351351351,303.0405547666054,69,raw,4.798737896582704e-14,-7.218281528054175e-11,5.200935997525525,17588.619179145364,0.6541504891483151,1.3207638667392622e-05,1.0,323.00000000000006,,,,[],[],16,213.18750000000003,24.999999999999943,450.0000000000001,"[3, 8, 15, 19, 22, 27, 30, 35, 38, 43, 46, 51, 55, 58, 61, 65]","[349.0, 268.0000000000001, 189.00000000000006, 24.999999999999943, 450.0000000000001, 204.0, 45.0, 52.0, 357.00000000000006, 49.00000000000006, 288.00000000000006, 42.0, 206.00000000000006, 408.0, 109.0, 370.00000000000006]","[0, 0, 0, 0, 0, 24, 29, 32, 32, 40, 40, 47, 54, 32, 60, 60]","[5, 9, 16, 20, 32, 32, 32, 36, 54, 45, 54, 54, 56, 67, 62, 67]",6764700.000000001,460.0000000000001,-460.0000000000001,0.0,,,,DWT,inu.32000013032828,9.313225746154785e-10,,0.0,34,6.0,0.0,34,,1.1368683772161603e-13,79.31249999999997,486.00000000000045,79.31249999999997,,0.0,79.31249999999997,,,17.000000000000057,0.0,34,1.1368683772161603e-13,1.1368683772161603e-13,,5.684341886080802e-14,0.9217442770617528,0.8117609371124095,0.0010715675291602903,0.554583995760466,0.0009047230357229412,,,,,,,6.70735797169495e-05,3.353678985847475e-05,6.70735797169495e-05,217,1.1816583060763122,0.8063697649569019,204,0,6.70735797169495e-05,6.70735797169495e-05,269,0,0.4580131000999023,0.7794783509098722,198,32.321303604073066,0.9479528122317664,222.0,218.83953581521712,0.7952324447632262,35,bior,292.162962962963,301.0,176.53037485058104,135,0.7773306480916924,0.9625172382852065,0.16711337485025335,4,27.25
db14,1,periodization,6.936358147845467e-27,314.8438415420968,1341206.5693589826,0.6428571428571429,333.61266964438516,69,raw,6.502486565925917e-14,-7.07666147903299e-11,5.155987271449975,15111.80816326531,0.5956219471789842,1.3207638667392627e-05,1.0,323.00000000000017,,,,[],[],16,213.18749999999997,24.999999999999943,450.00000000000006,"[3, 8, 15, 19, 22, 27, 30, 35, 38, 43, 46, 51, 55, 58, 61, 65]","[349.00000000000006, 268.0, 189.00000000000009, 24.999999999999943, 450.00000000000006, 203.9999999999998, 44.999999999999886, 52.00000000000017, 356.99999999999994, 48.99999999999983, 288.00000000000006, 41.99999999999983, 205.9999999999998, 408.00000000000017, 109.00000000000009, 370.0]","[0, 0, 0, 0, 0, 24, 29, 32, 32, 40, 40, 47, 54, 32, 60, 60]","[5, 9, 16, 20, 32, 32, 32, 36, 54, 45, 54, 54, 56, 67, 62, 67]",6764700.000000001,460.0000000000001,-460.0000000000001,0.0,,,,DWT,inu.32000013032828,9.313225746154785e-10,,0.0,34,6.0,0.0,34,,1.1368683772161603e-13,79.31250000000003,485.99999999999955,79.31250000000004,,0.0,79.31250000000003,,,17.000000000000057,0.0,34,5.684341886080802e-14,1.1368683772161603e-13,,1.7053025658242404e-13,0.8900401220417548,0.7961243040680918,0.0005430576992523928,0.5980392156862747,7.373526469098019e-05,,,,,,,6.70735797169495e-05,3.353678985847475e-05,6.70735797169495e-05,227,1.1716029344891112,0.799507927163666,221,0,6.70735797169495e-05,6.70735797169495e-05,267,0,0.4569640869520129,0.7776930678286214,203,27.0,0.9565217391304348,229.5,227.25206866667483,0.7934782608695652,36,db,361.0980392156863,403.0,158.96390539935234,153,0.9607397529157442,0.8667375194865046,0.06746091711302768,5,28.25
db16,1,antisymmetric,6.38058138782936e-27,315.20655410657287,1764404.5524357874,0.64,324.40791330988986,69,raw,6.029315533152732e-14,-7.151024217222384e-11,5.666935802161681,88040.65192774357,0.9087455901879185,1.3207638667392627e-05,1.0,323.0000000000001,,,,[],[],16,213.18749999999997,24.999999999999773,450.0,"[3, 8, 15, 19, 22, 27, 30, 35, 38, 43, 46, 51, 55, 58, 61, 65]","[349.0000000000001, 268.0, 188.99999999999994, 24.999999999999773, 450.0, 203.9999999999999, 45.0, 51.999999999999886, 357.0, 48.999999999999886, 288.0, 42.00000000000006, 206.00000000000003, 407.99999999999983, 109.00000000000003, 370.0000000000001]","[0, 0, 0, 0, 0, 24, 29, 32, 32, 40, 40, 47, 54, 32, 60, 60]","[5, 9, 16, 20, 32, 32, 32, 36, 54, 45, 54, 54, 56, 67, 62, 67]",6764700.000000001,460.00000000000006,-460.00000000000006,0.0,,,,DWT,inu.32000013032828,9.313225746154785e-10,,0.0,34,6.0,0.0,34,,5.684341886080802e-14,79.31250000000003,485.99999999999955,79.31250000000004,,0.0,79.31250000000003,,,17.000000000000227,0.0,34,0.0,5.684341886080802e-14,,1.1368683772161603e-13,0.8939644234290869,0.9738716036432449,0.004432511039055028,0.5819607843137256,0.02454188278794827,,,,,,,6.70735797169495e-05,3.353678985847475e-05,6.70735797169495e-05,232,1.2681317782392716,0.8653797114570788,89,0,6.70735797169495e-05,6.70735797169495e-05,257,0,0.4957542410426121,0.8437088331756932,109,85.01519472031652,0.8630995254101184,171.75,139.80313149629342,0.7932647385504699,37,db,361.0980392156863,403.0,158.96390539935234,153,0.9607397529157442,0.8667375194865046,0.06746091711302768,5,29.0
coif4,1,antireflect,4.769821739693678e-27,316.47013514703326,1926081.1839997342,0.6304347826086957,318.7929520087787,69,raw,4.9396879501438156e-14,-6.824263376614708e-11,5.456175646094514,62961.17074158294,0.8760532523234256,1.3207638667392627e-05,1.0,323.0000000000001,,,,[],[],16,213.18749999999997,24.99999999999983,450.0,"[3, 8, 15, 19, 22, 27, 30, 35, 38, 43, 46, 51, 55, 58, 61, 65]","[349.0, 268.0, 189.0, 24.99999999999983, 450.0, 204.0, 45.000000000000114, 52.00000000000023, 356.99999999999966, 48.99999999999994, 287.99999999999994, 42.0, 205.99999999999997, 407.99999999999994, 109.00000000000003, 369.9999999999999]","[0, 0, 0, 0, 0, 24, 29, 32, 32, 40, 40, 47, 54, 32, 60, 60]","[5, 9, 16, 20, 32, 32, 32, 36, 54, 45, 54, 54, 56, 67, 62, 67]",6764699.999999999,460.0,-460.0,0.0,,,,DWT,inu.32000013032828,9.313225746154785e-10,,0.0,34,6.0,0.0,34,,0.0,79.31250000000003,485.99999999999955,79.31250000000003,,0.0,79.31250000000003,,,17.00000000000017,0.0,34,0.0,0.0,,1.1368683772161603e-13,0.9076355043778491,0.9005529690895934,0.005918420092856706,0.5281329923273658,0.01612753787592011,,,,,,,6.70735797169495e-05,3.353678985847475e-05,6.70735797169495e-05,254,1.215521209299249,0.8294779859817321,165,0,6.70735797169495e-05,6.70735797169495e-05,246,0,0.47167348475271703,0.8027265376967742,163,49.76611966656298,0.9198613209878213,207.0,198.04309743501992,0.793263993827244,38,coif,212.88888888888889,210.0,126.92181240687695,45,0.566413539530329,0.6920306630483438,0.39590132341426654,2,29.0
coif5,1,antisymmetric,5.158875933743601e-27,316.1296057975005,1630677.7352199957,0.6122448979591837,293.2768470363331,69,raw,5.3059006463824835e-14,-7.082046060702422e-11,5.662356342122445,77914.08340840261,0.8901663187247747,1.3207638667392622e-05,0.9999999999999999,323.0,,,,[],[],16,213.1875,24.999999999999773,450.0000000000001,"[3, 8, 15, 19, 22, 27, 30, 35, 38, 43, 46, 51, 55, 58, 61, 65]","[349.0, 268.0000000000001, 189.0, 24.999999999999773, 450.0000000000001, 203.99999999999994, 45.00000000000017, 52.0, 356.9999999999999, 49.00000000000006, 287.99999999999994, 42.00000000000017, 205.99999999999994, 408.0, 109.00000000000006, 370.0]","[0, 0, 0, 0, 0, 24, 29, 32, 32, 40, 40, 47, 54, 32, 60, 60]","[5, 9, 16, 20, 32, 32, 32, 36, 54, 45, 54, 54, 56, 67, 62, 67]",6764700.000000001,460.00000000000006,-460.00000000000006,0.0,,,,DWT,inu.32000013032828,9.313225746154785e-10,,0.0,34,6.0,0.0,34,,5.684341886080802e-14,79.3125,486.0,79.31250000000003,,0.0,79.3125,,,17.000000000000227,0.0,34,1.1368683772161603e-13,5.684341886080802e-14,,0.0,0.9039512101744513,0.9722785143073138,0.0032034782065740145,0.4257703081232493,0.021144346783732962,,,,,,,6.70735797169495e-05,3.353678985847475e-05,6.70735797169495e-05,258,1.2088775843244077,0.8249443417955264,170,0,6.70735797169495e-05,6.70735797169495e-05,244,0,0.4652695715190643,0.7918279155271271,178,44.94070167083138,0.9276317203368255,212.5,205.3951122082227,0.7927208521168829,39,coif,212.88888888888889,210.0,126.92181240687695,45,0.566413539530329,0.6920306630483438,0.39590132341426654,2,29.75
coif3,1,symmetric,3.826043986922361e-27,317.4276570468498,1484421.7997495166,0.6162790697674418,294.94528745807594,69,raw,4.520699434763535e-14,-7.11777303763486e-11,5.446288996140114,17204.078919266183,0.6057341158422995,1.3207638667392622e-05,0.9999999999999999,323.0000000000001,,,,[],[],16,213.1875,25.0,449.99999999999994,"[3, 8, 15, 19, 22, 27, 30, 35, 38, 43, 46, 51, 55, 58, 61, 65]","[349.0, 268.00000000000006, 189.00000000000003, 25.0, 449.99999999999994, 204.0, 44.99999999999994, 52.000000000000114, 357.00000000000006, 48.99999999999994, 288.00000000000006, 41.999999999999886, 206.00000000000006, 408.00000000000006, 109.00000000000006, 370.0000000000001]","[0, 0, 0, 0, 0, 24, 29, 32, 32, 40, 40, 47, 54, 32, 60, 60]","[5, 9, 16, 20, 32, 32, 32, 36, 54, 45, 54, 54, 56, 67, 62, 67]",6764700.000000001,459.99999999999994,-459.99999999999994,0.0,,,,DWT,inu.32000013032828,9.313225746154785e-10,,0.0,34,6.0,0.0,34,,5.684341886080802e-14,79.3125,486.0,79.31249999999997,,0.0,79.3125,,,17.0,0.0,34,5.684341886080802e-14,5.684341886080802e-14,,1.1368683772161603e-13,0.9179952351615864,0.8971136298497066,0.001859294965090149,0.44847241222070205,0.0007757070343484842,,,,,,,6.70735797169495e-05,3.353678985847475e-05,6.70735797169495e-05,246,1.1799828512063706,0.8052264258522527,208,0,6.70735797169495e-05,6.70735797169495e-05,261,0,0.4532432558462867,0.7713607002747829,214,25.408331966765022,0.9590848116477214,232.25,230.1886978098331,0.792545626435777,40,coif,212.88888888888889,210.0,126.92181240687695,45,0.566413539530329,0.6920306630483438,0.39590132341426654,2,30.5
bior1.3,1,reflect,3.5333651583186236e-27,317.7732714111429,1365162.3692821453,0.6621621621621622,327.1527545837104,69,raw,4.809035617390821e-14,-7.218281528054175e-11,5.24062039709936,17455.472664810084,0.5871342193466796,1.3207638667392622e-05,1.0,323.00000000000006,,,,[],[],16,213.18750000000003,24.999999999999943,450.0000000000001,"[3, 8, 15, 19, 22, 27, 30, 35, 38, 43, 46, 51, 55, 58, 61, 65]","[349.0, 268.0000000000001, 189.00000000000006, 24.999999999999943, 450.0000000000001, 204.0, 45.0, 52.0, 357.00000000000006, 49.00000000000006, 288.00000000000006, 42.0, 206.00000000000006, 408.0, 109.0, 370.00000000000006]","[0, 0, 0, 0, 0, 24, 29, 32, 32, 40, 40, 47, 54, 32, 60, 60]","[5, 9, 16, 20, 32, 32, 32, 36, 54, 45, 54, 54, 56, 67, 62, 67]",6764700.000000001,460.0000000000001,-460.0000000000001,0.0,,,,DWT,inu.32000013032828,9.313225746154785e-10,,0.0,34,6.0,0.0,34,,1.1368683772161603e-13,79.31249999999997,486.00000000000045,79.31249999999997,,0.0,79.31249999999997,,,17.000000000000057,0.0,34,1.1368683772161603e-13,1.1368683772161603e-13,,5.684341886080802e-14,0.9217345457400236,0.8255662314532805,0.0007632264376319392,0.7066772655007949,0.000860051429993331,,,,,,,6.70735797169495e-05,3.353678985847475e-05,6.70735797169495e-05,242,1.2492203831617856,0.852474477240704,128,0,6.70735797169495e-05,6.70735797169495e-05,255,0,0.49112026411234483,0.835822410942418,119,72.4568837309472,0.8833222484203749,186.0,164.81482530281195,0.7919026701039072,41,bior,292.162962962963,301.0,176.53037485058104,135,0.7773306480916924,0.9625172382852065,0.16711337485025335,4,31.75
coif4,1,symmetric,4.929443170758453e-27,316.3271779916196,1541224.1980059212,0.6086956521739131,293.43892034535475,69,raw,4.912012825472e-14,-6.811695651975951e-11,5.561468235546906,17688.51700034451,0.5862207325490598,1.3207638667392627e-05,1.0,323.0000000000001,,,,[],[],16,213.1875,24.999999999999943,450.0,"[3, 8, 15, 19, 22, 27, 30, 35, 38, 43, 46, 51, 55, 58, 61, 65]","[349.0, 268.0000000000001, 189.00000000000014, 24.999999999999943, 450.0, 204.0, 45.000000000000114, 52.00000000000023, 356.99999999999966, 48.99999999999994, 287.99999999999994, 42.0, 205.99999999999997, 408.0, 109.00000000000003, 369.9999999999999]","[0, 0, 0, 0, 0, 24, 29, 32, 32, 40, 40, 47, 54, 32, 60, 60]","[5, 9, 16, 20, 32, 32, 32, 36, 54, 45, 54, 54, 56, 67, 62, 67]",6764699.999999999,460.0,-460.0,0.0,,,,DWT,inu.32000013032828,9.313225746154785e-10,,0.0,34,6.0,0.0,34,,0.0,79.3125,486.0,79.3125,,0.0,79.3125,,,17.000000000000057,0.0,34,0.0,0.0,,1.1368683772161603e-13,0.9060888059222019,0.9371818510914047,0.002381344422889848,0.4057971014492755,0.0009382394676335651,,,,,,,6.70735797169495e-05,3.353678985847475e-05,6.70735797169495e-05,251,1.176129017677232,0.8025965498372536,216,0,6.70735797169495e-05,6.70735797169495e-05,260,0,0.45047746847068115,0.7666536921520148,220,22.020823478395776,0.9645397367497652,236.75,235.22075967724567,0.7916499005810018,42,coif,212.88888888888889,210.0,126.92181240687695,45,0.566413539530329,0.6920306630483438,0.39590132341426654,2,32.0
db12,1,periodic,4.4633521362070004e-27,316.75854511503866,1548621.3169550295,0.6086956521739131,297.8153726633171,69,raw,5.004692312745052e-14,-7.10648206947442e-11,5.574369711517972,16790.419338457865,0.5577803440451459,1.3207638667392622e-05,1.0,323.00000000000006,,,,[],[],16,213.1875,25.0,450.00000000000017,"[3, 8, 15, 19, 22, 27, 30, 35, 38, 43, 46, 51, 55, 58, 61, 65]","[349.00000000000006, 268.00000000000006, 188.9999999999999, 25.0, 450.00000000000017, 203.9999999999999, 45.000000000000114, 52.000000000000114, 357.00000000000006, 48.999999999999886, 288.0, 41.999999999999886, 206.00000000000017, 407.9999999999999, 108.99999999999994, 370.00000000000006]","[0, 0, 0, 0, 0, 24, 29, 32, 32, 40, 40, 47, 54, 32, 60, 60]","[5, 9, 16, 20, 32, 32, 32, 36, 54, 45, 54, 54, 56, 67, 62, 67]",6764700.000000001,460.0000000000001,-460.0000000000001,0.0,,,,DWT,inu.32000013032828,9.313225746154785e-10,,0.0,34,6.0,0.0,34,,1.1368683772161603e-13,79.3125,486.0,79.31250000000001,,0.0,79.3125,,,17.0,0.0,34,1.7053025658242404e-13,1.1368683772161603e-13,,5.684341886080802e-14,0.9107559025895816,0.9416699793011021,0.002449328558334806,0.4057971014492755,0.0006369212929988235,,,,,,,6.70735797169495e-05,3.353678985847475e-05,6.70735797169495e-05,238,1.181086804580377,0.805979769368008,205,0,6.70735797169495e-05,6.70735797169495e-05,268,0,0.45226184663825864,0.7696904702510682,217,27.60434748368452,0.9555485547766754,232.0,229.62946051873882,0.7909787862450205,43,db,361.0980392156863,403.0,158.96390539935234,153,0.9607397529157442,0.8667375194865046,0.06746091711302768,5,33.5
db12,1,reflect,4.6084110806337275e-27,316.6196445117543,1614702.6231563129,0.6086956521739131,302.9622949978586,69,raw,4.948054848300408e-14,-7.062073148489414e-11,5.582162843285908,16314.001207864301,0.5738671026194831,1.3207638667392619e-05,0.9999999999999998,323.00000000000006,,,,[],[],16,213.1875,24.999999999999943,450.00000000000017,"[3, 8, 15, 19, 22, 27, 30, 35, 38, 43, 46, 51, 55, 58, 61, 65]","[349.0, 267.99999999999994, 188.99999999999994, 24.999999999999943, 450.00000000000017, 203.9999999999999, 45.000000000000114, 52.000000000000114, 357.00000000000006, 48.999999999999886, 288.0, 41.99999999999983, 206.00000000000017, 408.0, 109.00000000000003, 370.0000000000001]","[0, 0, 0, 0, 0, 24, 29, 32, 32, 40, 40, 47, 54, 32, 60, 60]","[5, 9, 16, 20, 32, 32, 32, 36, 54, 45, 54, 54, 56, 67, 62, 67]",6764700.000000001,460.0000000000001,-460.0000000000001,0.0,,,,DWT,inu.32000013032828,9.313225746154785e-10,,0.0,34,6.0,0.0,34,,1.1368683772161603e-13,79.3125,486.0,79.31250000000001,,0.0,79.3125,,,17.000000000000057,0.0,34,1.7053025658242404e-13,1.1368683772161603e-13,,5.684341886080802e-14,0.9092530932480926,0.9443810314790085,0.0030566569657966545,0.4057971014492755,0.0004770796103339514,,,,,,,6.70735797169495e-05,3.353678985847475e-05,6.70735797169495e-05,236,1.181780372595102,0.8064530637832712,203,0,6.70735797169495e-05,6.70735797169495e-05,270,0,0.45259299255050145,0.7702540372528183,216,29.181900783419394,0.9530082112988416,231.25,228.61414880502642,0.790312479240403,44,db,361.0980392156863,403.0,158.96390539935234,153,0.9607397529157442,0.8667375194865046,0.06746091711302768,5,34.25
coif5,1,symmetric,5.4350458471714096e-27,315.9031245144689,1627798.6387866377,0.6020408163265306,294.4691500157173,69,raw,5.5401737947671535e-14,-6.998746027164794e-11,5.6723713830252676,17241.713252207755,0.5716470147910273,1.3207638667392622e-05,1.0,323.0,,,,[],[],16,213.1875,24.999999999999886,450.0000000000001,"[3, 8, 15, 19, 22, 27, 30, 35, 38, 43, 46, 51, 55, 58, 61, 65]","[349.0000000000001, 267.9999999999999, 189.0, 24.999999999999886, 450.0000000000001, 203.99999999999994, 45.00000000000017, 52.0, 356.9999999999999, 49.0, 288.0, 42.00000000000017, 205.99999999999994, 408.0000000000001, 109.00000000000003, 370.0]","[0, 0, 0, 0, 0, 24, 29, 32, 32, 40, 40, 47, 54, 32, 60, 60]","[5, 9, 16, 20, 32, 32, 32, 36, 54, 45, 54, 54, 56, 67, 62, 67]",6764700.000000001,460.0000000000001,-460.0000000000001,0.0,,,,DWT,inu.32000013032828,9.313225746154785e-10,,0.0,34,6.0,0.0,34,,1.1368683772161603e-13,79.3125,486.0,79.3125,,0.0,79.3125,,,17.000000000000114,0.0,34,1.1368683772161603e-13,1.1368683772161603e-13,,0.0,0.901500837895538,0.9757625178196281,0.0031770175151573784,0.36834733893557414,0.0007883336216193261,,,,,,,6.70735797169495e-05,3.353678985847475e-05,6.70735797169495e-05,255,1.1780245394275928,0.8038900637240086,214,0,6.70735797169495e-05,6.70735797169495e-05,264,0,0.4499152091575034,0.7656968003903515,222,24.45914961727002,0.960613285640467,238.75,236.8707135653471,0.7880763690682207,45,coif,212.88888888888889,210.0,126.92181240687695,45,0.566413539530329,0.6920306630483438,0.39590132341426654,2,34.25
coif4,1,reflect,4.712129140520177e-27,316.5229847915482,1544783.665624335,0.6413043478260869,300.58248817347277,69,raw,4.9017151046638805e-14,-6.826283982519526e-11,5.559989289566134,16704.54699954251,0.5826968242308947,1.3207638667392627e-05,1.0,323.0000000000001,,,,[],[],16,213.1875,24.999999999999886,450.0,"[3, 8, 15, 19, 22, 27, 30, 35, 38, 43, 46, 51, 55, 58, 61, 65]","[349.0, 268.0000000000001, 189.0, 24.999999999999886, 450.0, 204.0, 45.000000000000114, 52.00000000000023, 356.99999999999966, 48.99999999999994, 287.99999999999994, 41.99999999999994, 205.99999999999994, 408.0, 109.0, 369.99999999999994]","[0, 0, 0, 0, 0, 24, 29, 32, 32, 40, 40, 47, 54, 32, 60, 60]","[5, 9, 16, 20, 32, 32, 32, 36, 54, 45, 54, 54, 56, 67, 62, 67]",6764699.999999999,460.0,-460.0,0.0,,,,DWT,inu.32000013032828,9.313225746154785e-10,,0.0,34,6.0,0.0,34,,0.0,79.3125,486.0,79.31250000000001,,0.0,79.3125,,,17.000000000000114,0.0,34,0.0,0.0,,1.1368683772161603e-13,0.9082073013146041,0.936667359633853,0.0024140581497268825,0.5893009377664106,0.0006081105104841073,,,,,,,6.70735797169495e-05,3.353678985847475e-05,6.70735797169495e-05,253,1.2504287089913102,0.8532990450621586,125,0,6.70735797169495e-05,6.70735797169495e-05,256,0,0.4874395534750157,0.8295583231747627,124,75.06663706334525,0.8791197470799593,189.5,167.20076653226593,0.7869833840069684,46,coif,212.88888888888889,210.0,126.92181240687695,45,0.566413539530329,0.6920306630483438,0.39590132341426654,2,35.0
coif5,1,antireflect,5.0755110568501906e-27,316.20035885153175,2039791.5946807049,0.6326530612244898,322.4625202161243,69,raw,5.096728192467598e-14,-7.045208860745358e-11,5.559853859615113,73305.70609409841,0.8971682372210669,1.3207638667392627e-05,1.0,323.0,,,,[],[],16,213.1875,24.999999999999886,450.0000000000001,"[3, 8, 15, 19, 22, 27, 30, 35, 38, 43, 46, 51, 55, 58, 61, 65]","[349.0, 268.00000000000006, 189.00000000000006, 24.999999999999886, 450.0000000000001, 203.99999999999994, 45.00000000000017, 52.0, 356.9999999999999, 49.0, 287.9999999999999, 42.00000000000017, 205.99999999999994, 408.0000000000001, 109.0, 370.0]","[0, 0, 0, 0, 0, 24, 29, 32, 32, 40, 40, 47, 54, 32, 60, 60]","[5, 9, 16, 20, 32, 32, 32, 36, 54, 45, 54, 54, 56, 67, 62, 67]",6764700.000000001,460.00000000000006,-460.00000000000006,0.0,,,,DWT,inu.32000013032828,9.313225746154785e-10,,0.0,34,6.0,0.0,34,,5.684341886080802e-14,79.3125,486.0,79.31250000000003,,0.0,79.3125,,,17.000000000000114,0.0,34,1.1368683772161603e-13,5.684341886080802e-14,,0.0,0.904716709733293,0.9366202466535258,0.006963489668514783,0.5406162464985995,0.019598203308136698,,,,,,,6.70735797169495e-05,3.353678985847475e-05,6.70735797169495e-05,259,1.2387076739236906,0.8453005498593351,137,0,6.70735797169495e-05,6.70735797169495e-05,253,0,0.481702979172414,0.8197954245234171,139,68.17624219623724,0.8902153909883458,197.0,179.3152047596254,0.7864925586181664,47,coif,212.88888888888889,210.0,126.92181240687695,45,0.566413539530329,0.6920306630483438,0.39590132341426654,2,35.75
sym9,1,periodization,1.1821941291298407e-25,302.528268650859,1341637.4852170688,0.6571428571428571,309.94042291762196,69,raw,2.727776277335182e-13,-6.263156659969145e-11,5.1543312379060096,15111.808163265316,0.6162636447810511,1.3207638667392629e-05,0.9999999999999998,322.99999999999966,,,,[],[],16,213.18750000000037,25.00000000000034,450.00000000000034,"[3, 8, 15, 19, 22, 27, 30, 35, 38, 43, 46, 51, 55, 58, 61, 65]","[349.00000000000136, 268.0000000000002, 188.99999999999986, 25.00000000000034, 450.00000000000034, 204.0000000000006, 45.00000000000051, 52.00000000000051, 357.00000000000006, 49.000000000000455, 288.00000000000034, 41.99999999999994, 206.00000000000028, 408.0000000000011, 108.99999999999937, 370.0000000000008]","[0, 0, 0, 0, 0, 24, 29, 32, 32, 40, 40, 47, 54, 32, 60, 60]","[5, 9, 16, 20, 32, 32, 32, 36, 54, 45, 54, 54, 56, 67, 62, 67]",6764699.999999998,460.00000000000006,-460.00000000000006,0.0,,,,DWT,inu.32000013032828,1.862645149230957e-09,,0.0,34,6.0,0.0,34,,5.684341886080802e-14,79.31249999999963,486.0000000000059,79.31249999999972,,0.0,79.31249999999963,,,16.99999999999966,0.0,34,3.410605131648481e-13,5.684341886080802e-14,,3.410605131648481e-13,0.7567940629958323,0.7955482079003707,0.0005470180846758344,0.6784313725490195,7.373526469098193e-05,,,,,,,0.000134147159433899,6.70735797169495e-05,0.000134147159433899,199,1.123526093915507,0.766700041471282,282,0,0.000134147159433899,0.000134147159433899,197,0,0.44627887935891786,0.7595082430016051,227,39.60955271985114,0.9362165012562784,226.25,221.5740762638142,0.7859423891144516,48,sym,375.8541666666667,399.5,183.40489689834808,144,1.0,1.0,0.0,6,37.5
bior3.1,1,symmetric,5.681627760270058e-27,315.7104288645006,1503544.8968347108,0.6388888888888888,225.26560590001924,69,raw,6.497861829922077e-14,-6.445166622626198e-11,4.919729419502114,25507.382185570983,0.8371153566262589,1.3207638667392632e-05,0.9999999999999999,322.99999999999994,,,,[],[],16,213.18749999999994,25.0,449.9999999999999,"[3, 8, 15, 19, 22, 27, 30, 35, 38, 43, 46, 51, 55, 58, 61, 65]","[348.99999999999994, 267.9999999999999, 188.99999999999994, 25.0, 449.9999999999999, 203.99999999999994, 45.0, 52.0, 356.9999999999999, 49.0, 287.99999999999994, 42.00000000000006, 205.99999999999991, 407.9999999999999, 109.0, 369.9999999999999]","[0, 0, 0, 0, 0, 24, 29, 32, 32, 40, 40, 47, 54, 32, 60, 60]","[5, 9, 16, 20, 32, 32, 32, 36, 54, 45, 54, 54, 56, 67, 62, 67]",6764699.999999999,459.9999999999999,-459.9999999999999,0.0,,,,DWT,inu.32000013032828,9.313225746154785e-10,,0.0,34,6.0,0.0,34,,1.1368683772161603e-13,79.31250000000006,485.9999999999991,79.31250000000006,,0.0,79.31250000000006,,,17.0,0.0,34,1.1368683772161603e-13,1.1368683772161603e-13,,5.684341886080802e-14,0.8994160030136922,0.7139356046923163,0.002035048151068542,0.5757080610021783,0.003561524534848156,,,,,,,6.70735797169495e-05,3.353678985847475e-05,6.70735797169495e-05,264,1.1293427624447183,0.770669366284228,270,0,6.70735797169495e-05,6.70735797169495e-05,235,0,0.43893124827882074,0.7470035365725555,241,17.09775813764288,0.972467378200253,252.5,251.6312113764849,0.7829325618859557,49,bior,292.162962962963,301.0,176.53037485058104,135,0.7773306480916924,0.9625172382852065,0.16711337485025335,4,37.75
sym9,1,periodic,1.0780531972790075e-25,302.92875471422735,1472326.261945335,0.627906976744186,283.56034662753126,69,raw,2.698002851726757e-13,-6.300526766978026e-11,5.481496480901523,17229.249464856537,0.5596711271636012,1.3207638667392632e-05,1.0,322.9999999999997,,,,[],[],16,213.18750000000034,25.000000000000398,450.0000000000004,"[3, 8, 15, 19, 22, 27, 30, 35, 38, 43, 46, 51, 55, 58, 61, 65]","[349.00000000000114, 268.0000000000003, 188.9999999999999, 25.000000000000398, 450.0000000000004, 204.0000000000005, 45.0000000000004, 52.00000000000057, 357.0000000000001, 49.0000000000004, 288.00000000000034, 42.00000000000006, 206.00000000000026, 408.00000000000057, 108.99999999999935, 370.00000000000045]","[0, 0, 0, 0, 0, 24, 29, 32, 32, 40, 40, 47, 54, 32, 60, 60]","[5, 9, 16, 20, 32, 32, 32, 36, 54, 45, 54, 54, 56, 67, 62, 67]",6764699.999999998,460.0000000000001,-460.0000000000001,0.0,,,,DWT,inu.32000013032828,1.862645149230957e-09,,0.0,34,6.0,0.0,34,,1.1368683772161603e-13,79.31249999999966,486.00000000000546,79.31249999999977,,0.0,79.31249999999966,,,16.999999999999602,0.0,34,3.979039320256561e-13,1.1368683772161603e-13,,2.8421709430404007e-13,0.76112704775569,0.9093615079920643,0.001748129430776519,0.5139078887368901,0.0007841519320179798,,,,,,,0.000134147159433899,6.70735797169495e-05,0.000134147159433899,195,1.1181078636323976,0.7630026129867477,285,0,0.000134147159433899,0.000134147159433899,199,0,0.4373857451694877,0.7443732925582985,246,42.66438795998368,0.9312972818679812,231.25,225.6426725983927,0.7794570145249728,50,sym,375.8541666666667,399.5,183.40489689834808,144,1.0,1.0,0.0,6,39.0
bior2.8,1,symmetric,3.5789133010200805e-27,317.717644856059,1532373.5231993787,0.6046511627906976,233.7575560067703,69,raw,4.3919779246620713e-14,-7.135092516819012e-11,5.317202278542588,19374.47745692035,0.7345083092633523,1.3207638667392627e-05,0.9999999999999999,323.0,,,,[],[],16,213.1875,25.000000000000057,450.00000000000006,"[3, 8, 15, 19, 22, 27, 30, 35, 38, 43, 46, 51, 55, 58, 61, 65]","[349.0, 268.0, 188.99999999999994, 25.000000000000057, 450.00000000000006, 203.9999999999999, 45.00000000000006, 52.0, 357.0000000000001, 49.00000000000006, 287.99999999999994, 41.99999999999994, 206.00000000000006, 408.00000000000006, 109.00000000000006, 370.0]","[0, 0, 0, 0, 0, 24, 29, 32, 32, 40, 40, 47, 54, 32, 60, 60]","[5, 9, 16, 20, 32, 32, 32, 36, 54, 45, 54, 54, 56, 67, 62, 67]",6764700.000000001,460.00000000000006,-460.00000000000006,0.0,,,,DWT,inu.32000013032828,9.313225746154785e-10,,0.0,34,6.0,0.0,34,,5.684341886080802e-14,79.3125,486.0,79.3125,,0.0,79.3125,,,16.999999999999943,0.0,34,5.684341886080802e-14,5.684341886080802e-14,,0.0,0.9211327045338783,0.852207315250816,0.0023000012027838907,0.383036935704514,0.001503891232291993,,,,,,,6.70735797169495e-05,3.353678985847475e-05,6.70735797169495e-05,270,1.1337496117218493,0.77367662311772,262,0,6.70735797169495e-05,6.70735797169495e-05,217,0,0.4320361695848569,0.735269015073951,260,23.89386253134195,0.961523570802992,252.25,250.39207684255666,0.7776619464320917,51,bior,292.162962962963,301.0,176.53037485058104,135,0.7773306480916924,0.9625172382852065,0.16711337485025335,4,39.25
sym9,1,reflect,9.560664907596484e-26,303.45027566520247,1467477.7498602231,0.627906976744186,283.1960331192086,69,raw,2.5368435210797197e-13,-6.326972279424599e-11,5.467745267238998,16814.460796605636,0.5787332205509352,1.3207638667392632e-05,0.9999999999999998,322.9999999999997,,,,[],[],16,213.18750000000028,25.000000000000398,450.0000000000004,"[3, 8, 15, 19, 22, 27, 30, 35, 38, 43, 46, 51, 55, 58, 61, 65]","[349.00000000000097, 268.0000000000003, 188.99999999999994, 25.000000000000398, 450.0000000000004, 204.0000000000005, 45.0000000000004, 52.00000000000057, 357.0000000000001, 49.0000000000004, 288.00000000000034, 42.00000000000006, 206.0000000000003, 408.00000000000034, 108.99999999999929, 370.0000000000005]","[0, 0, 0, 0, 0, 24, 29, 32, 32, 40, 40, 47, 54, 32, 60, 60]","[5, 9, 16, 20, 32, 32, 32, 36, 54, 45, 54, 54, 56, 67, 62, 67]",6764699.999999999,460.0000000000001,-460.0000000000001,0.0,,,,DWT,inu.32000013032828,9.313225746154785e-10,,0.0,34,6.0,0.0,34,,1.1368683772161603e-13,79.31249999999972,486.00000000000455,79.31249999999977,,0.0,79.31249999999972,,,16.999999999999602,0.0,34,3.979039320256561e-13,1.1368683772161603e-13,,2.8421709430404007e-13,0.7667695470564538,0.9045777754877548,0.0017035685815366276,0.5139078887368901,0.000644987373773854,,,,,,,6.70735797169495e-05,3.353678985847475e-05,6.70735797169495e-05,268,1.1190235507127837,0.7636274826059837,283,0,6.70735797169495e-05,6.70735797169495e-05,223,0,0.43752075344728186,0.7446030589770128,244,26.43860813280457,0.9574257517990264,254.5,252.40450347522082,0.7738014427272104,52,sym,375.8541666666667,399.5,183.40489689834808,144,1.0,1.0,0.0,6,40.5
sym12,1,symmetric,3.114344854904732e-23,278.3214896255242,1529005.505216706,0.6739130434782609,305.86331437089444,69,raw,4.2030147478331125e-12,,5.575534095724207,17201.413548252956,0.5747262473676317,1.3207638667391614e-05,1.0,323.0000000000006,,,,[],[],16,213.18750000000952,24.99999999999767,450.0000000000181,"[3, 8, 15, 19, 22, 27, 30, 35, 38, 43, 46, 51, 55, 58, 61, 65]","[349.00000000002086, 268.0000000000072, 189.00000000000915, 24.99999999999767, 450.0000000000181, 204.0000000000129, 45.000000000003865, 51.99999999999852, 357.0000000000156, 49.00000000000284, 288.00000000001234, 42.000000000002785, 206.00000000000176, 408.00000000003115, 109.00000000000139, 370.0000000000165]","[0, 0, 0, 0, 0, 24, 29, 32, 32, 40, 40, 47, 54, 32, 60, 60]","[5, 9, 16, 20, 32, 32, 32, 36, 54, 45, 54, 54, 56, 67, 62, 67]",6764700.000000076,460.0000000000045,-460.0000000000045,0.0,,,,DWT,inu.32000013032828,7.636845111846924e-08,,0.0,34,6.0,0.0,34,,4.490630090003833e-12,79.31249999999048,486.00000000015234,79.31249999999449,,0.0,79.31249999999048,,,17.00000000000233,0.0,34,1.807620719773695e-11,4.490630090003833e-12,,6.252776074688882e-13,0.4948933024054596,0.942075041916779,0.002269047017473314,0.7728047740835464,0.0007748127833527264,,,,,,,0.005500033536789859,0.0027500167683949294,0.005500033536789859,165,1.0785398606571617,0.7360012022617639,323,0,0.005500033536789859,0.005500033536789859,165,0,0.44256339564132224,0.7531849760024905,235,74.98444283094105,0.8792521049421239,222.0,205.4178284402165,0.7608820911184049,53,sym,375.8541666666667,399.5,183.40489689834808,144,1.0,1.0,0.0,6,41.25
db12,1,symmetric,4.197014402177599e-27,317.02575203854894,1581714.0922385433,0.5760869565217391,281.6316953714698,69,raw,4.819333338198939e-14,-7.057077144878603e-11,5.578159435515265,17346.813859358153,0.5721163659323211,1.3207638667392627e-05,1.0,323.00000000000006,,,,[],[],16,213.1875,24.999999999999943,450.00000000000017,"[3, 8, 15, 19, 22, 27, 30, 35, 38, 43, 46, 51, 55, 58, 61, 65]","[348.9999999999998, 268.0, 189.0, 24.999999999999943, 450.00000000000017, 203.9999999999999, 45.000000000000114, 52.000000000000114, 357.00000000000006, 48.999999999999886, 288.0, 41.99999999999994, 206.0000000000001, 407.99999999999983, 108.99999999999994, 370.0]","[0, 0, 0, 0, 0, 24, 29, 32, 32, 40, 40, 47, 54, 32, 60, 60]","[5, 9, 16, 20, 32, 32, 32, 36, 54, 45, 54, 54, 56, 67, 62, 67]",6764700.000000001,460.0000000000001,-460.0000000000001,0.0,,,,DWT,inu.32000013032828,9.313225746154785e-10,,0.0,34,6.0,0.0,34,,1.1368683772161603e-13,79.3125,486.0,79.31250000000004,,0.0,79.3125,,,17.000000000000057,0.0,34,1.7053025658242404e-13,1.1368683772161603e-13,,5.684341886080802e-14,0.9136468983899363,0.9429883375430091,0.0027534717974259082,0.2222932651321397,0.0008235956253451059,,,,,,,6.70735797169495e-05,3.353678985847475e-05,6.70735797169495e-05,239,1.1103057880071732,0.757678436060358,295,0,6.70735797169495e-05,6.70735797169495e-05,220,0,0.41650111369757126,0.7088303832058389,309,42.952493136797855,0.9308333443851886,265.75,260.4907534416649,0.7514472680057989,54,db,361.0980392156863,403.0,158.96390539935234,153,0.9607397529157442,0.8667375194865046,0.06746091711302768,5,41.75
bior3.1,1,constant,5.681078987466426e-27,315.7108483578588,1548888.1324942054,0.625,209.67130275743506,69,raw,6.492712969518019e-14,-6.445166622626198e-11,4.925074495351611,23871.419656635793,0.8444772794304253,1.3207638667392632e-05,0.9999999999999999,322.99999999999994,,,,[],[],16,213.18749999999994,25.0,449.9999999999999,"[3, 8, 15, 19, 22, 27, 30, 35, 38, 43, 46, 51, 55, 58, 61, 65]","[348.99999999999994, 267.9999999999999, 188.99999999999994, 25.0, 449.9999999999999, 203.99999999999994, 45.0, 52.0, 356.9999999999999, 49.0, 287.99999999999994, 42.00000000000006, 205.99999999999991, 407.9999999999999, 109.0, 369.9999999999999]","[0, 0, 0, 0, 0, 24, 29, 32, 32, 40, 40, 47, 54, 32, 60, 60]","[5, 9, 16, 20, 32, 32, 32, 36, 54, 45, 54, 54, 56, 67, 62, 67]",6764699.999999999,459.9999999999999,-459.9999999999999,0.0,,,,DWT,inu.32000013032828,9.313225746154785e-10,,0.0,34,6.0,0.0,34,,1.1368683772161603e-13,79.31250000000006,485.9999999999991,79.31250000000006,,0.0,79.31250000000006,,,17.0,0.0,34,1.1368683772161603e-13,1.1368683772161603e-13,,5.684341886080802e-14,0.8994205416443568,0.7157950342457178,0.0024517807595064983,0.49754901960784303,0.0030126474317121216,,,,,,,6.70735797169495e-05,3.353678985847475e-05,6.70735797169495e-05,263,1.0990003993050483,0.7499635800959892,314,0,6.70735797169495e-05,6.70735797169495e-05,231,0,0.42364580473782726,0.7209897122481841,289,35.565666965019325,0.9427283945812893,274.25,270.70547163966063,0.7505509927817879,55,bior,292.162962962963,301.0,176.53037485058104,135,0.7773306480916924,0.9625172382852065,0.16711337485025335,4,42.25
bior3.1,1,antireflect,5.540410225468755e-27,315.8197374122288,1695843.9397060215,0.625,209.67130275743506,69,raw,6.40518234264902e-14,-6.449474287961744e-11,4.86242757996909,31065.625566647373,0.875265089825705,1.3207638667392632e-05,0.9999999999999999,322.99999999999994,,,,[],[],16,213.18749999999994,25.0,449.9999999999999,"[3, 8, 15, 19, 22, 27, 30, 35, 38, 43, 46, 51, 55, 58, 61, 65]","[348.99999999999994, 267.9999999999999, 188.99999999999994, 25.0, 449.9999999999999, 203.99999999999994, 45.0, 52.0, 356.9999999999999, 49.0, 287.99999999999994, 42.00000000000006, 205.99999999999991, 407.9999999999999, 109.0, 369.9999999999999]","[0, 0, 0, 0, 0, 24, 29, 32, 32, 40, 40, 47, 54, 32, 60, 60]","[5, 9, 16, 20, 32, 32, 32, 36, 54, 45, 54, 54, 56, 67, 62, 67]",6764699.999999999,459.9999999999999,-459.9999999999999,0.0,,,,DWT,inu.32000013032828,9.313225746154785e-10,,0.0,34,6.0,0.0,34,,1.1368683772161603e-13,79.31250000000006,485.9999999999991,79.31250000000006,,0.0,79.31250000000006,,,17.0,0.0,34,1.1368683772161603e-13,1.1368683772161603e-13,,5.684341886080802e-14,0.9005986465929589,0.6940016062062131,0.003802396258682109,0.49754901960784303,0.00542635485435183,,,,,,,6.70735797169495e-05,3.353678985847475e-05,6.70735797169495e-05,257,1.090451338973101,0.7441296569262995,317,0,6.70735797169495e-05,6.70735797169495e-05,234,0,0.4202756047040098,0.7152540728875995,294,37.09896674212549,0.9402593128146127,275.5,271.730093676304,0.7483100106746172,56,bior,292.162962962963,301.0,176.53037485058104,135,0.7773306480916924,0.9625172382852065,0.16711337485025335,4,43.0
bior2.8,1,antireflect,3.475208944562317e-27,317.8453474199315,1928444.4345976796,0.5930232558139535,240.5861103656935,69,raw,4.357230634872876e-14,-7.10885794674712e-11,5.236555216346105,48367.53902767024,0.8845909544593807,1.3207638667392627e-05,1.0,323.0,,,,[],[],16,213.1875,25.000000000000057,450.00000000000006,"[3, 8, 15, 19, 22, 27, 30, 35, 38, 43, 46, 51, 55, 58, 61, 65]","[349.0, 268.0, 188.99999999999994, 25.000000000000057, 450.00000000000006, 203.9999999999999, 45.00000000000006, 52.0, 357.0000000000001, 49.00000000000006, 287.99999999999994, 41.99999999999994, 206.00000000000006, 408.0000000000001, 109.00000000000006, 370.00000000000006]","[0, 0, 0, 0, 0, 24, 29, 32, 32, 40, 40, 47, 54, 32, 60, 60]","[5, 9, 16, 20, 32, 32, 32, 36, 54, 45, 54, 54, 56, 67, 62, 67]",6764700.000000001,460.00000000000006,-460.00000000000006,0.0,,,,DWT,inu.32000013032828,9.313225746154785e-10,,0.0,34,6.0,0.0,34,,5.684341886080802e-14,79.3125,486.0,79.31249999999999,,0.0,79.3125,,,16.999999999999943,0.0,34,5.684341886080802e-14,5.684341886080802e-14,,0.0,0.9225143587627431,0.8241520481104502,0.0059401398394021455,0.31760145918832666,0.011231270291735183,,,,,,,6.70735797169495e-05,3.353678985847475e-05,6.70735797169495e-05,266,1.1000878010245967,0.7507056286767819,313,0,6.70735797169495e-05,6.70735797169495e-05,228,0,0.4162878552385315,0.7084674452201489,310,40.3598397750371,0.9350083095410031,279.25,274.6110161909972,0.7426651853663148,57,bior,292.162962962963,301.0,176.53037485058104,135,0.7773306480916924,0.9625172382852065,0.16711337485025335,4,43.75
rbio1.1,1,antireflect,3.096542006627545e-27,318.34638687487507,1426810.3408390845,0.6714285714285714,338.0949756963641,69,raw,4.4898062723391835e-14,-7.196621076843737e-11,5.144889120780414,17914.448163265308,0.5972211279560509,1.3207638667392622e-05,0.9999999999999999,323.00000000000006,,,,[],[],16,213.18750000000006,25.0,450.00000000000006,"[3, 8, 15, 19, 22, 27, 30, 35, 38, 43, 46, 51, 55, 58, 61, 65]","[349.00000000000006, 268.0000000000001, 189.00000000000006, 25.0, 450.00000000000006, 204.00000000000006, 45.0, 52.0, 357.00000000000006, 48.99999999999994, 288.00000000000006, 41.99999999999994, 206.00000000000003, 408.0000000000001, 109.00000000000003, 370.00000000000006]","[0, 0, 0, 0, 0, 24, 29, 32, 32, 40, 40, 47, 54, 32, 60, 60]","[5, 9, 16, 20, 32, 32, 32, 36, 54, 45, 54, 54, 56, 67, 62, 67]",6764700.0,460.00000000000006,-460.00000000000006,0.0,,,,DWT,inu.32000013032828,0.0,,0.0,34,6.0,0.0,34,,5.684341886080802e-14,79.31249999999994,486.0000000000009,79.31249999999997,,0.0,79.31249999999994,,,17.0,0.0,34,5.684341886080802e-14,5.684341886080802e-14,,5.684341886080802e-14,0.9279352623120409,0.7922635114574449,0.001329809735408854,0.7588235294117645,0.0010140409851003727,,,,,,,0.0,0.0,0.0,280,1.2574928461423973,0.858119648941346,109,0,0.0,0.0,346,0,0.4962732307803519,0.8445920857831499,105,121.95900950729306,0.8036086803425233,210.0,158.98425953574036,0.732722214567397,58,rbio,249.7925925925926,196.0,174.24048813612427,135,0.6645997696604647,0.9500318207572005,0.24977061501051454,3,44.25
sym9,1,antireflect,1.164087968189755e-25,302.5952986289821,1876233.3505048233,0.6162790697674418,282.01180783851066,69,raw,2.6686543474236224e-13,-6.221811954532102e-11,5.331258420942858,43702.21257655707,0.8399764764100711,1.3207638667392622e-05,1.0,322.9999999999997,,,,[],[],16,213.1875000000004,25.000000000000398,450.0000000000004,"[3, 8, 15, 19, 22, 27, 30, 35, 38, 43, 46, 51, 55, 58, 61, 65]","[349.0000000000007, 268.0000000000002, 188.99999999999994, 25.000000000000398, 450.0000000000004, 204.0000000000005, 45.0000000000004, 52.00000000000057, 357.0000000000001, 49.0000000000004, 288.00000000000034, 42.00000000000006, 206.00000000000034, 408.0000000000015, 108.99999999999937, 370.00000000000125]","[0, 0, 0, 0, 0, 24, 29, 32, 32, 40, 40, 47, 54, 32, 60, 60]","[5, 9, 16, 20, 32, 32, 32, 36, 54, 45, 54, 54, 56, 67, 62, 67]",6764699.999999998,460.0000000000001,-460.0000000000001,0.0,,,,DWT,inu.32000013032828,1.862645149230957e-09,,0.0,34,6.0,0.0,34,,1.1368683772161603e-13,79.3124999999996,486.00000000000637,79.31249999999972,,0.0,79.3124999999996,,,16.999999999999602,0.0,34,3.979039320256561e-13,1.1368683772161603e-13,,2.8421709430404007e-13,0.757519281424704,0.8570971254839754,0.005460287421573344,0.44847241222070205,0.009666019974334816,,,,,,,0.000134147159433899,6.70735797169495e-05,0.000134147159433899,194,1.0690456481856114,0.7295223023634033,337,0,0.000134147159433899,0.000134147159433899,202,0,0.415643025305058,0.7073700290697121,312,73.8167776773456,0.8811324030960619,261.25,245.73614792751863,0.7302199857670326,59,sym,375.8541666666667,399.5,183.40489689834808,144,1.0,1.0,0.0,6,45.75
bior3.1,1,reflect,5.540410225468755e-27,315.8197374122288,1512754.4482990731,0.6111111111111112,227.3623189275936,69,raw,6.40518234264902e-14,-6.449474287961744e-11,4.954102499699514,23354.72124565972,0.7912692528195102,1.3207638667392632e-05,0.9999999999999999,322.99999999999994,,,,[],[],16,213.18749999999994,25.0,449.9999999999999,"[3, 8, 15, 19, 22, 27, 30, 35, 38, 43, 46, 51, 55, 58, 61, 65]","[348.99999999999994, 267.9999999999999, 188.99999999999994, 25.0, 449.9999999999999, 203.99999999999994, 45.0, 52.0, 356.9999999999999, 49.0, 287.99999999999994, 42.00000000000006, 205.99999999999991, 407.9999999999999, 109.0, 369.9999999999999]","[0, 0, 0, 0, 0, 24, 29, 32, 32, 40, 40, 47, 54, 32, 60, 60]","[5, 9, 16, 20, 32, 32, 32, 36, 54, 45, 54, 54, 56, 67, 62, 67]",6764699.999999999,459.9999999999999,-459.9999999999999,0.0,,,,DWT,inu.32000013032828,9.313225746154785e-10,,0.0,34,6.0,0.0,34,,1.1368683772161603e-13,79.31250000000006,485.9999999999991,79.31250000000006,,0.0,79.31250000000006,,,17.0,0.0,34,1.1368683772161603e-13,1.1368683772161603e-13,,5.684341886080802e-14,0.9005986465929589,0.7258932125841675,0.002119689671429114,0.4193899782135078,0.002839291427527765,,,,,,,6.70735797169495e-05,3.353678985847475e-05,6.70735797169495e-05,261,1.0732573469399878,0.7323963874666619,330,0,6.70735797169495e-05,6.70735797169495e-05,263,0,0.41016816369791814,0.6980525311726818,330,39.26830783214372,0.9367660099321358,296.0,292.09222258757086,0.7300577231625252,60,bior,292.162962962963,301.0,176.53037485058104,135,0.7773306480916924,0.9625172382852065,0.16711337485025335,4,46.0
rbio2.6,1,periodic,1.2438850215658852e-27,322.30735425136356,1419723.07841426,0.6341463414634146,327.0872323015987,69,raw,2.327284902634532e-14,-7.048450711977265e-11,5.458799886073238,17113.60266949746,0.5134826674063049,1.3207638667392627e-05,1.0,323.00000000000006,,,,[],[],16,213.1875,25.0,450.0,"[3, 8, 15, 19, 22, 27, 30, 35, 38, 43, 46, 51, 55, 58, 61, 65]","[349.0, 268.00000000000006, 189.0, 25.0, 450.0, 204.0, 45.0, 52.00000000000006, 357.0, 48.99999999999994, 288.00000000000006, 42.0, 206.00000000000006, 408.0, 109.00000000000006, 370.0000000000001]","[0, 0, 0, 0, 0, 24, 29, 32, 32, 40, 40, 47, 54, 32, 60, 60]","[5, 9, 16, 20, 32, 32, 32, 36, 54, 45, 54, 54, 56, 67, 62, 67]",6764700.0,460.0,-460.0,0.0,,,,DWT,inu.32000013032828,0.0,,0.0,34,6.0,0.0,34,,0.0,79.3125,486.0,79.31249999999997,,0.0,79.3125,,,17.0,0.0,34,0.0,0.0,,5.684341886080802e-14,0.9707902149470143,0.9014658821162844,0.0012646733746259418,0.5490196078431372,0.0007453516068876905,,,,,,,0.0,0.0,0.0,278,1.2537453904936737,0.8555623657444109,120,0,0.0,0.0,357,0,0.48465714597758996,0.8248230297799239,130,115.79687675696036,0.8135315994251846,221.25,178.38123136746597,0.7286257030942348,61,rbio,249.7925925925926,196.0,174.24048813612427,135,0.6645997696604647,0.9500318207572005,0.24977061501051454,3,46.5
bior1.5,1,constant,4.010431648942716e-27,317.2232454444244,1455091.8987453664,0.5897435897435898,262.08912844679384,69,raw,4.7472492925421214e-14,-7.207678898169005e-11,5.227482080457884,19412.7877114802,0.7022195063986212,1.3207638667392622e-05,0.9999999999999999,323.0,,,,[],[],16,213.18750000000006,25.000000000000057,450.00000000000006,"[3, 8, 15, 19, 22, 27, 30, 35, 38, 43, 46, 51, 55, 58, 61, 65]","[349.0000000000001, 268.0, 189.00000000000006, 25.000000000000057, 450.00000000000006, 204.0000000000001, 45.0, 52.000000000000114, 357.0, 49.0, 288.00000000000006, 41.99999999999994, 206.0, 408.0000000000001, 109.00000000000003, 370.00000000000006]","[0, 0, 0, 0, 0, 24, 29, 32, 32, 40, 40, 47, 54, 32, 60, 60]","[5, 9, 16, 20, 32, 32, 32, 36, 54, 45, 54, 54, 56, 67, 62, 67]",6764700.000000002,460.00000000000006,-460.00000000000006,0.0,,,,DWT,inu.32000013032828,1.862645149230957e-09,,0.0,34,6.0,0.0,34,,5.684341886080802e-14,79.31249999999994,486.0000000000009,79.31249999999997,,0.0,79.31249999999994,,,16.999999999999943,0.0,34,5.684341886080802e-14,5.684341886080802e-14,,0.0,0.9157836417028828,0.8209957117950032,0.0015897348868797348,0.2991452991452991,0.001516744596089329,,,,,,,0.000134147159433899,6.70735797169495e-05,0.000134147159433899,200,1.0810277258592265,0.7376989343962714,322,0,0.000134147159433899,0.000134147159433899,192,0,0.4078062264252309,0.6940328230685573,334,76.4373381709925,0.8769124989194967,262.0,245.27936301441136,0.7275061689444504,62,bior,292.162962962963,301.0,176.53037485058104,135,0.7773306480916924,0.9625172382852065,0.16711337485025335,4,47.5
sym11,1,periodic,9.234959468276029e-24,283.6008066967705,1507149.809060618,0.6444444444444445,311.97883373317956,69,raw,2.357354247394233e-12,,5.591201563607128,17400.58014001411,0.5311086128686359,1.3207638667392168e-05,1.0,322.99999999999983,,,,[],[],16,213.1875000000058,25.000000000000682,450.00000000001074,"[3, 8, 15, 19, 22, 27, 30, 35, 38, 43, 46, 51, 55, 58, 61, 65]","[349.00000000001216, 268.0000000000051, 189.00000000000492, 25.000000000000682, 450.00000000001074, 204.00000000000762, 45.00000000000364, 52.000000000001535, 357.00000000000813, 49.00000000000222, 288.0000000000081, 42.00000000000125, 206.00000000000233, 408.00000000001336, 108.9999999999996, 370.0000000000115]","[0, 0, 0, 0, 0, 24, 29, 32, 32, 40, 40, 47, 54, 32, 60, 60]","[5, 9, 16, 20, 32, 32, 32, 36, 54, 45, 54, 54, 56, 67, 62, 67]",6764700.000000042,460.00000000000324,-460.00000000000324,0.0,,,,DWT,inu.32000013032828,4.190951585769653e-08,,0.0,34,6.0,0.0,34,,3.240074875066057e-12,79.3124999999942,486.00000000009277,79.31249999999629,,0.0,79.3124999999942,,,16.999999999999318,0.0,34,1.0743406164692715e-11,3.240074875066057e-12,,1.7053025658242404e-13,0.5520118952967346,0.9475253954063771,0.002068179542184377,0.606971677559913,0.0008416345961961367,,,,,,,0.0030183110872627275,0.0015091555436313638,0.0030183110872627275,175,1.049129249514765,0.7159312484754774,363,0,0.0030183110872627275,0.0030183110872627275,175,0,0.42188375648028104,0.717990936733431,291,92.54908607508415,0.8509676552736165,251.0,227.01709464687028,0.7233904298912366,63,sym,375.8541666666667,399.5,183.40489689834808,144,1.0,1.0,0.0,6,48.75
sym11,1,reflect,8.814841237972103e-24,283.80301168632917,1492571.529549587,0.6444444444444445,321.06251399577974,69,raw,2.268491352895685e-12,,5.577245555743291,16789.182175226913,0.5380936282009764,1.320763866739216e-05,1.0,322.99999999999983,,,,[],[],16,213.18750000000583,25.000000000000682,450.00000000001074,"[3, 8, 15, 19, 22, 27, 30, 35, 38, 43, 46, 51, 55, 58, 61, 65]","[349.0000000000124, 268.000000000005, 189.0000000000049, 25.000000000000682, 450.00000000001074, 204.00000000000762, 45.00000000000364, 52.000000000001535, 357.0000000000081, 49.00000000000222, 288.0000000000081, 42.000000000001194, 206.00000000000233, 408.0000000000141, 108.99999999999963, 370.00000000001114]","[0, 0, 0, 0, 0, 24, 29, 32, 32, 40, 40, 47, 54, 32, 60, 60]","[5, 9, 16, 20, 32, 32, 32, 36, 54, 45, 54, 54, 56, 67, 62, 67]",6764700.00000004,460.00000000000324,-460.00000000000324,0.0,,,,DWT,inu.32000013032828,4.0046870708465576e-08,,0.0,34,6.0,0.0,34,,3.240074875066057e-12,79.31249999999417,486.0000000000932,79.3124999999963,,0.0,79.31249999999417,,,16.999999999999318,0.0,34,1.0743406164692715e-11,3.240074875066057e-12,,1.7053025658242404e-13,0.5541996147163712,0.9426704196866285,0.0019341960635285602,0.606971677559913,0.0006365062159061022,,,,,,,0.002884163927828828,0.001442081963914414,0.002884163927828828,177,1.0478653502152289,0.7150687570294685,365,0,0.002884163927828828,0.002884163927828828,177,0,0.4212824828484695,0.7169676477077069,292,92.40625880678573,0.8511976508747412,252.75,229.04498116552185,0.7220964099784334,64,sym,375.8541666666667,399.5,183.40489689834808,144,1.0,1.0,0.0,6,49.5
rbio1.1,1,antisymmetric,2.909227556321153e-27,318.6173797078936,1335542.8079082333,0.6714285714285714,333.3773713843218,69,raw,4.3250427394093045e-14,-7.188005746172646e-11,5.177852749498056,21601.70204081633,0.5058688308196425,1.3207638667392622e-05,1.0,323.00000000000006,,,,[],[],16,213.18750000000006,25.0,450.00000000000006,"[3, 8, 15, 19, 22, 27, 30, 35, 38, 43, 46, 51, 55, 58, 61, 65]","[349.00000000000006, 268.0000000000001, 189.00000000000006, 25.0, 450.00000000000006, 204.00000000000006, 45.0, 52.0, 357.00000000000006, 48.99999999999994, 288.00000000000006, 41.99999999999994, 206.00000000000003, 408.0000000000001, 109.00000000000003, 370.00000000000006]","[0, 0, 0, 0, 0, 24, 29, 32, 32, 40, 40, 47, 54, 32, 60, 60]","[5, 9, 16, 20, 32, 32, 32, 36, 54, 45, 54, 54, 56, 67, 62, 67]",6764700.0,460.00000000000006,-460.00000000000006,0.0,,,,DWT,inu.32000013032828,0.0,,0.0,34,6.0,0.0,34,,5.684341886080802e-14,79.31249999999994,486.0000000000009,79.31249999999997,,0.0,79.31249999999994,,,17.0,0.0,34,5.684341886080802e-14,5.684341886080802e-14,,5.684341886080802e-14,0.93086721905886,0.803730803438102,0.000491004200012382,0.7588235294117645,0.002251140974275915,,,,,,,0.0,0.0,0.0,277,1.2650611034087895,0.8632842670053432,95,0,0.0,0.0,370,0,0.499232739416603,0.8496287821369995,85,140.11513123142697,0.7743717693535798,206.75,139.84139975435866,0.7207205062548898,65,rbio,249.7925925925926,196.0,174.24048813612427,135,0.6645997696604647,0.9500318207572005,0.24977061501051454,3,49.5
rbio2.4,1,antisymmetric,1.2885185429279552e-27,322.15424990547365,1395005.3545134678,0.6282051282051282,315.8747317752343,69,raw,2.2757962985939444e-14,-7.041855987210991e-11,5.332753369506097,43272.914912257045,0.7799334902805565,1.3207638667392627e-05,0.9999999999999999,323.00000000000006,,,,[],[],16,213.1875,25.0,450.0,"[3, 8, 15, 19, 22, 27, 30, 35, 38, 43, 46, 51, 55, 58, 61, 65]","[349.00000000000006, 268.00000000000006, 189.0, 25.0, 450.0, 204.0, 45.0, 52.0, 357.0, 48.99999999999994, 288.00000000000006, 42.0, 205.99999999999997, 408.0, 108.99999999999994, 370.0]","[0, 0, 0, 0, 0, 24, 29, 32, 32, 40, 40, 47, 54, 32, 60, 60]","[5, 9, 16, 20, 32, 32, 32, 36, 54, 45, 54, 54, 56, 67, 62, 67]",6764700.0,460.0,-460.0,0.0,,,,DWT,inu.32000013032828,0.0,,0.0,34,6.0,0.0,34,,0.0,79.3125,486.0,79.3125,,0.0,79.3125,,,17.0,0.0,34,0.0,0.0,,5.684341886080802e-14,0.9691337308440987,0.8576171838737106,0.0010375020798118837,0.5155857214680742,0.009521987544376026,,,,,,,0.0,0.0,0.0,276,1.2208506650882005,0.8331148342904068,160,0,0.0,0.0,379,0,0.47057922516201434,0.8008642510917792,165,104.15053208377446,0.8322857776428753,245.0,215.37431343990733,0.7188804089502621,66,rbio,249.7925925925926,196.0,174.24048813612427,135,0.6645997696604647,0.9500318207572005,0.24977061501051454,3,50.25
rbio3.3,1,antireflect,1.0390098415432688e-27,323.0889600213158,1534490.9560039896,0.631578947368421,369.16891798783706,69,raw,1.9977578367747757e-14,-6.87875312266331e-11,5.460182669713241,31699.726540858726,0.5137656636012918,1.3207638667392627e-05,1.0,323.0,,,,[],[],16,213.1875,25.000000000000057,449.99999999999994,"[3, 8, 15, 19, 22, 27, 30, 35, 38, 43, 46, 51, 55, 58, 61, 65]","[349.0, 268.0, 189.0, 25.000000000000057, 449.99999999999994, 204.0, 44.99999999999994, 52.0, 356.9999999999999, 49.0, 287.99999999999994, 41.99999999999994, 206.00000000000006, 407.9999999999999, 109.00000000000003, 370.0]","[0, 0, 0, 0, 0, 24, 29, 32, 32, 40, 40, 47, 54, 32, 60, 60]","[5, 9, 16, 20, 32, 32, 32, 36, 54, 45, 54, 54, 56, 67, 62, 67]",6764700.0,460.0,-460.0,0.0,,,,DWT,inu.32000013032828,0.0,,0.0,34,6.0,0.0,34,,0.0,79.3125,486.0,79.31250000000003,,0.0,79.3125,,,16.999999999999943,0.0,34,5.684341886080802e-14,0.0,,0.0,0.9792466537577325,0.901946920896384,0.0023194617305345782,0.5345717234262123,0.005639100256318585,,,,,,,0.0,0.0,0.0,309,1.2557655130411112,0.8569409078621999,118,0,0.0,0.0,355,0,0.48474477201343646,0.8249721578243041,129,121.91629642231318,0.8036774614777565,227.75,179.5359403762258,0.7184651397565915,67,rbio,249.7925925925926,196.0,174.24048813612427,135,0.6645997696604647,0.9500318207572005,0.24977061501051454,3,51.0
rbio3.5,1,constant,1.1619349495568387e-27,322.60333848423556,1445668.0830878685,0.6375,323.04123138120127,69,raw,2.121330486472184e-14,-6.887268533262184e-11,5.421763365477494,21120.136894073483,0.5584111014715738,1.3207638667392627e-05,1.0,322.99999999999994,,,,[],[],16,213.18749999999997,25.0,449.99999999999994,"[3, 8, 15, 19, 22, 27, 30, 35, 38, 43, 46, 51, 55, 58, 61, 65]","[349.0, 268.0, 189.0, 25.0, 449.99999999999994, 203.99999999999991, 45.00000000000006, 52.0, 356.9999999999999, 49.00000000000006, 287.9999999999999, 41.99999999999994, 206.00000000000006, 407.9999999999999, 109.0, 369.99999999999994]","[0, 0, 0, 0, 0, 24, 29, 32, 32, 40, 40, 47, 54, 32, 60, 60]","[5, 9, 16, 20, 32, 32, 32, 36, 54, 45, 54, 54, 56, 67, 62, 67]",6764700.0,460.0,-460.0,0.0,,,,DWT,inu.32000013032828,0.0,,0.0,34,6.0,0.0,34,,0.0,79.31250000000003,485.99999999999955,79.31250000000003,,0.0,79.31250000000003,,,17.0,0.0,34,5.684341886080802e-14,0.0,,5.684341886080802e-14,0.9739925615140981,0.8885817242689503,0.0015031241449847592,0.5678921568627447,0.0020895724309624364,,,,,,,0.0,0.0,0.0,323,1.2574306528329091,0.858077207903953,117,0,0.0,0.0,354,0,0.48681182784434807,0.828490016309064,126,125.9761882261882,0.7971397935166051,230.0,178.53675360329444,0.7133847115731173,68,rbio,249.7925925925926,196.0,174.24048813612427,135,0.6645997696604647,0.9500318207572005,0.24977061501051454,3,51.75
rbio3.3,1,symmetric,1.0975456072640165e-27,322.85093087458955,1390965.1155381973,0.631578947368421,338.2260202605874,69,raw,2.0389487200072455e-14,-6.881584191376104e-11,5.462691965497275,21612.732805331325,0.6268066627544615,1.3207638667392627e-05,1.0,323.0,,,,[],[],16,213.1875,25.000000000000057,449.99999999999994,"[3, 8, 15, 19, 22, 27, 30, 35, 38, 43, 46, 51, 55, 58, 61, 65]","[349.0, 268.0, 189.0, 25.000000000000057, 449.99999999999994, 204.0, 44.99999999999994, 52.0, 356.9999999999999, 49.0, 287.99999999999994, 41.99999999999994, 206.00000000000006, 407.9999999999999, 109.00000000000003, 370.0]","[0, 0, 0, 0, 0, 24, 29, 32, 32, 40, 40, 47, 54, 32, 60, 60]","[5, 9, 16, 20, 32, 32, 32, 36, 54, 45, 54, 54, 56, 67, 62, 67]",6764700.0,460.0,-460.0,0.0,,,,DWT,inu.32000013032828,0.0,,0.0,34,6.0,0.0,34,,0.0,79.3125,486.0,79.31250000000003,,0.0,79.3125,,,16.999999999999943,0.0,34,5.684341886080802e-14,0.0,,0.0,0.9766713415071832,0.902819847468511,0.0010003697644314618,0.5345717234262123,0.0022548418744892636,,,,,,,0.0,0.0,0.0,299,1.2526435396410616,0.8548104570001744,121,0,0.0,0.0,376,0,0.4834636248081654,0.8227918129594528,136,124.84390253432484,0.7989631199125204,233.0,185.00138237345843,0.711880915833877,69,rbio,249.7925925925926,196.0,174.24048813612427,135,0.6645997696604647,0.9500318207572005,0.24977061501051454,3,52.5
haar,1,symmetric,2.909227556321153e-27,318.6173797078936,1335542.8079082333,0.6714285714285714,333.3773713843218,69,raw,4.3250427394093045e-14,-7.188005746172646e-11,5.177852749498056,15111.808163265307,0.5752597846852022,1.3207638667392622e-05,1.0,323.00000000000006,,,,[],[],16,213.18750000000006,25.0,450.00000000000006,"[3, 8, 15, 19, 22, 27, 30, 35, 38, 43, 46, 51, 55, 58, 61, 65]","[349.00000000000006, 268.0000000000001, 189.00000000000006, 25.0, 450.00000000000006, 204.00000000000006, 45.0, 52.0, 357.00000000000006, 48.99999999999994, 288.00000000000006, 41.99999999999994, 206.00000000000003, 408.0000000000001, 109.00000000000003, 370.00000000000006]","[0, 0, 0, 0, 0, 24, 29, 32, 32, 40, 40, 47, 54, 32, 60, 60]","[5, 9, 16, 20, 32, 32, 32, 36, 54, 45, 54, 54, 56, 67, 62, 67]",6764700.0,460.00000000000006,-460.00000000000006,0.0,,,,DWT,inu.32000013032828,0.0,,0.0,34,6.0,0.0,34,,5.684341886080802e-14,79.31249999999994,486.0000000000009,79.31249999999997,,0.0,79.31249999999994,,,17.0,0.0,34,5.684341886080802e-14,5.684341886080802e-14,,5.684341886080802e-14,0.93086721905886,0.803730803438102,0.000491004200012382,0.7588235294117645,7.373526469097889e-05,,,,,,,0.0,0.0,0.0,336,1.2641901411249556,0.8626899178195506,105,0,0.0,0.0,344,0,0.498797258274686,0.8488876502298995,96,138.36274787673162,0.7771936427105771,220.25,154.8968105065666,0.7112618777159971,70,haar,112.88888888888889,82.0,53.8364292195453,9,0.3003528998762079,0.2935386684325232,0.7016913695568975,1,52.75
rbio2.6,1,symmetric,1.2797381780698432e-27,322.18394537035965,1433389.2381848567,0.6341463414634146,327.0872323015987,69,raw,2.3787735066751194e-14,-7.055267481348463e-11,5.444443971965651,17854.533064924486,0.5093263319158007,1.3207638667392627e-05,1.0,323.00000000000006,,,,[],[],16,213.1875,25.0,450.0,"[3, 8, 15, 19, 22, 27, 30, 35, 38, 43, 46, 51, 55, 58, 61, 65]","[349.0, 268.00000000000006, 189.0, 25.0, 450.0, 204.0, 45.0, 52.00000000000006, 357.0, 48.99999999999994, 288.00000000000006, 42.0, 206.00000000000006, 408.0, 109.00000000000006, 370.0]","[0, 0, 0, 0, 0, 24, 29, 32, 32, 40, 40, 47, 54, 32, 60, 60]","[5, 9, 16, 20, 32, 32, 32, 36, 54, 45, 54, 54, 56, 67, 62, 67]",6764700.0,460.0,-460.0,0.0,,,,DWT,inu.32000013032828,0.0,,0.0,34,6.0,0.0,34,,0.0,79.3125,486.0,79.31249999999999,,0.0,79.3125,,,17.0,0.0,34,0.0,0.0,,5.684341886080802e-14,0.9694550154244053,0.8964717881671305,0.0013902739041359734,0.5490196078431372,0.0009939390420364166,,,,,,,0.0,0.0,0.0,292,1.250609459044346,0.8534223898370676,124,0,0.0,0.0,387,0,0.4834661248761691,0.8227960677479823,135,127.37477510611484,0.794887640730894,234.5,186.2148810705072,0.7086354467744647,71,rbio,249.7925925925926,196.0,174.24048813612427,135,0.6645997696604647,0.9500318207572005,0.24977061501051454,3,54.0
haar,1,smooth,3.096542006627545e-27,318.34638687487507,1426810.3408390845,0.6714285714285714,338.0949756963641,69,raw,4.4898062723391835e-14,-7.196621076843737e-11,5.144889120780414,17914.448163265308,0.5972211279560509,1.3207638667392622e-05,0.9999999999999999,323.00000000000006,,,,[],[],16,213.18750000000006,25.0,450.00000000000006,"[3, 8, 15, 19, 22, 27, 30, 35, 38, 43, 46, 51, 55, 58, 61, 65]","[349.00000000000006, 268.0000000000001, 189.00000000000006, 25.0, 450.00000000000006, 204.00000000000006, 45.0, 52.0, 357.00000000000006, 48.99999999999994, 288.00000000000006, 41.99999999999994, 206.00000000000003, 408.0000000000001, 109.00000000000003, 370.00000000000006]","[0, 0, 0, 0, 0, 24, 29, 32, 32, 40, 40, 47, 54, 32, 60, 60]","[5, 9, 16, 20, 32, 32, 32, 36, 54, 45, 54, 54, 56, 67, 62, 67]",6764700.0,460.00000000000006,-460.00000000000006,0.0,,,,DWT,inu.32000013032828,0.0,,0.0,34,6.0,0.0,34,,5.684341886080802e-14,79.31249999999994,486.0000000000009,79.31249999999997,,0.0,79.31249999999994,,,17.0,0.0,34,5.684341886080802e-14,5.684341886080802e-14,,5.684341886080802e-14,0.9279352623120409,0.7922635114574449,0.001329809735408854,0.7588235294117645,0.0010140409851003727,,,,,,,0.0,0.0,0.0,338,1.2574928461423973,0.858119648941346,112,0,0.0,0.0,349,0,0.4962732307803519,0.8445920857831499,103,136.37815074270512,0.7803894512999918,225.5,163.5241502539335,0.7086327288706078,72,haar,112.88888888888889,82.0,53.8364292195453,9,0.3003528998762079,0.2935386684325232,0.7016913695568975,1,54.25
rbio2.4,1,reflect,1.2768113897838058e-27,322.1938891521944,1388757.7175735414,0.6282051282051282,319.41293500926605,69,raw,2.234605415361475e-14,-7.044687055923785e-11,5.373595072589504,15933.222066283619,0.5092190114048024,1.3207638667392627e-05,0.9999999999999999,323.00000000000006,,,,[],[],16,213.1875,25.0,450.0,"[3, 8, 15, 19, 22, 27, 30, 35, 38, 43, 46, 51, 55, 58, 61, 65]","[349.00000000000006, 268.00000000000006, 189.0, 25.0, 450.0, 204.0, 45.0, 52.0, 357.0, 48.99999999999994, 288.00000000000006, 42.0, 205.99999999999997, 408.0, 108.99999999999994, 370.0]","[0, 0, 0, 0, 0, 24, 29, 32, 32, 40, 40, 47, 54, 32, 60, 60]","[5, 9, 16, 20, 32, 32, 32, 36, 54, 45, 54, 54, 56, 67, 62, 67]",6764700.0,460.0,-460.0,0.0,,,,DWT,inu.32000013032828,0.0,,0.0,34,6.0,0.0,34,,0.0,79.3125,486.0,79.3125,,0.0,79.3125,,,17.0,0.0,34,0.0,0.0,,5.684341886080802e-14,0.9695626003295651,0.8718250776179473,0.0009800824007642627,0.5155857214680742,0.0003493254909890146,,,,,,,0.0,0.0,0.0,307,1.2245141589907202,0.8356148215556807,152,0,0.0,0.0,381,0,0.47166056146146795,0.8027045439464885,164,111.66318402529397,0.8201881094600741,251.0,215.53455323691756,0.7080006569844655,73,rbio,249.7925925925926,196.0,174.24048813612427,135,0.6645997696604647,0.9500318207572005,0.24977061501051454,3,55.5
haar,1,antireflect,3.096542006627545e-27,318.34638687487507,1426810.3408390845,0.6714285714285714,338.0949756963641,69,raw,4.4898062723391835e-14,-7.196621076843737e-11,5.144889120780414,17914.448163265308,0.5972211279560509,1.3207638667392622e-05,0.9999999999999999,323.00000000000006,,,,[],[],16,213.18750000000006,25.0,450.00000000000006,"[3, 8, 15, 19, 22, 27, 30, 35, 38, 43, 46, 51, 55, 58, 61, 65]","[349.00000000000006, 268.0000000000001, 189.00000000000006, 25.0, 450.00000000000006, 204.00000000000006, 45.0, 52.0, 357.00000000000006, 48.99999999999994, 288.00000000000006, 41.99999999999994, 206.00000000000003, 408.0000000000001, 109.00000000000003, 370.00000000000006]","[0, 0, 0, 0, 0, 24, 29, 32, 32, 40, 40, 47, 54, 32, 60, 60]","[5, 9, 16, 20, 32, 32, 32, 36, 54, 45, 54, 54, 56, 67, 62, 67]",6764700.0,460.00000000000006,-460.00000000000006,0.0,,,,DWT,inu.32000013032828,0.0,,0.0,34,6.0,0.0,34,,5.684341886080802e-14,79.31249999999994,486.0000000000009,79.31249999999997,,0.0,79.31249999999994,,,17.0,0.0,34,5.684341886080802e-14,5.684341886080802e-14,,5.684341886080802e-14,0.9279352623120409,0.7922635114574449,0.001329809735408854,0.7588235294117645,0.0010140409851003727,,,,,,,0.0,0.0,0.0,342,1.2574928461423973,0.858119648941346,110,0,0.0,0.0,347,0,0.4962732307803519,0.8445920857831499,101,138.0507153186828,0.7776961105979343,225.0,161.30515108669204,0.707688635009112,74,haar,112.88888888888889,82.0,53.8364292195453,9,0.3003528998762079,0.2935386684325232,0.7016913695568975,1,55.75
db17,1,zero,6.946000299838205e-27,314.837808656412,1303944.9781436159,0.5882352941176471,130.78258969703208,69,raw,6.127143880829852e-14,-6.629319315720774e-11,5.187872274818438,28468.04190695886,0.8383717839108966,1.3207638667392629e-05,1.0,322.99999999999994,,,,[],[],16,213.18749999999997,24.999999999999886,450.0000000000001,"[3, 8, 15, 19, 22, 27, 30, 35, 38, 43, 46, 51, 55, 58, 61, 65]","[349.0, 267.9999999999998, 189.00000000000006, 24.999999999999886, 450.0000000000001, 204.00000000000023, 45.0, 51.99999999999977, 357.0, 49.00000000000006, 287.9999999999999, 42.00000000000006, 206.00000000000009, 407.9999999999998, 108.99999999999997, 370.0]","[0, 0, 0, 0, 0, 24, 29, 32, 32, 40, 40, 47, 54, 32, 60, 60]","[5, 9, 16, 20, 32, 32, 32, 36, 54, 45, 54, 54, 56, 67, 62, 67]",6764699.999999999,460.0,-460.0,0.0,,,,DWT,inu.32000013032828,9.313225746154785e-10,,0.0,34,6.0,0.0,34,,0.0,79.31250000000003,485.99999999999955,79.31250000000003,,0.0,79.31250000000003,,,17.000000000000114,0.0,34,1.1368683772161603e-13,0.0,,5.684341886080802e-14,0.8899748503528715,0.8072163669766487,0.00020060044237868446,0.2906574394463668,0.004554846999455349,,,,,,,6.70735797169495e-05,3.353678985847475e-05,6.70735797169495e-05,226,1.0557783084995653,0.7204686008583004,353,0,6.70735797169495e-05,6.70735797169495e-05,265,0,0.39852082084354423,0.6782302780567143,353,64.07482604996547,0.8968199258454662,299.25,288.5152318468252,0.7074679339372258,75,db,361.0980392156863,403.0,158.96390539935234,153,0.9607397529157442,0.8667375194865046,0.06746091711302768,5,57.5
rbio2.4,1,periodic,1.3463226115771935e-27,321.963665235051,1389282.906159923,0.6282051282051282,326.6121957562889,69,raw,2.3890712274832356e-14,-7.046296879309492e-11,5.386737844531994,17111.373506183612,0.512633818460731,1.3207638667392627e-05,0.9999999999999999,323.00000000000006,,,,[],[],16,213.1875,25.0,450.0,"[3, 8, 15, 19, 22, 27, 30, 35, 38, 43, 46, 51, 55, 58, 61, 65]","[349.00000000000006, 268.00000000000006, 189.0, 25.0, 450.0, 204.0, 45.0, 52.0, 357.0, 48.99999999999994, 288.00000000000006, 42.0, 205.99999999999997, 408.0, 108.99999999999994, 370.00000000000006]","[0, 0, 0, 0, 0, 24, 29, 32, 32, 40, 40, 47, 54, 32, 60, 60]","[5, 9, 16, 20, 32, 32, 32, 36, 54, 45, 54, 54, 56, 67, 62, 67]",6764700.0,460.0,-460.0,0.0,,,,DWT,inu.32000013032828,0.0,,0.0,34,6.0,0.0,34,,0.0,79.3125,486.0,79.3125,,0.0,79.3125,,,17.0,0.0,34,0.0,0.0,,5.684341886080802e-14,0.9670717353143209,0.8763971471734769,0.0009849092113423203,0.5155857214680742,0.0007446037066879722,,,,,,,0.0,0.0,0.0,284,1.225466199450907,0.8362644989100925,148,0,0.0,0.0,396,0,0.4721568233747805,0.8035491167714226,161,116.57150881183045,0.8122842048118672,247.25,210.36780733587446,0.7070680283318596,76,rbio,249.7925925925926,196.0,174.24048813612427,135,0.6645997696604647,0.9500318207572005,0.24977061501051454,3,57.75
rbio2.6,1,antireflect,1.4552411708411354e-27,321.62580690325734,1666627.6063235025,0.6219512195121951,338.64577238036554,69,raw,2.5015839730659525e-14,-7.038269966841451e-11,5.4119354605080385,38589.724246620215,0.7097716615634487,1.3207638667392624e-05,1.0,323.00000000000006,,,,[],[],16,213.1875,25.0,450.0,"[3, 8, 15, 19, 22, 27, 30, 35, 38, 43, 46, 51, 55, 58, 61, 65]","[349.0, 268.00000000000006, 189.0, 25.0, 450.0, 204.0, 45.0, 52.00000000000006, 357.0, 48.99999999999994, 288.00000000000006, 42.0, 206.00000000000006, 408.00000000000006, 109.00000000000006, 370.0]","[0, 0, 0, 0, 0, 24, 29, 32, 32, 40, 40, 47, 54, 32, 60, 60]","[5, 9, 16, 20, 32, 32, 32, 36, 54, 45, 54, 54, 56, 67, 62, 67]",6764700.0,460.0,-460.0,0.0,,,,DWT,inu.32000013032828,0.0,,0.0,34,6.0,0.0,34,,0.0,79.3125,486.0,79.31249999999999,,0.0,79.3125,,,17.0,0.0,34,0.0,0.0,,5.684341886080802e-14,0.9634163396924604,0.8851628210648083,0.0035338799377269536,0.480392156862745,0.007950743655519024,,,,,,,0.0,0.0,0.0,303,1.2177353145240497,0.8309889028859943,164,0,0.0,0.0,390,0,0.46809118824265195,0.7966299378931295,172,109.05464990850535,0.8243886474903295,257.25,225.02317239435115,0.7050687198804304,77,rbio,249.7925925925926,196.0,174.24048813612427,135,0.6645997696604647,0.9500318207572005,0.24977061501051454,3,58.5
rbio3.7,1,periodic,1.3697369178654925e-27,321.8887850211255,1448806.3488755943,0.7142857142857143,377.22310374588966,69,raw,2.3890712274832366e-14,-6.899836257900941e-11,5.6506613989618035,20682.053915511293,0.6728072542810297,1.3207638667392627e-05,1.0,322.99999999999994,,,,[],[],16,213.1875,25.000000000000057,450.0,"[3, 8, 15, 19, 22, 27, 30, 35, 38, 43, 46, 51, 55, 58, 61, 65]","[349.0, 268.0, 189.0, 25.000000000000057, 450.0, 203.99999999999994, 45.00000000000006, 52.0, 356.9999999999999, 49.000000000000114, 287.99999999999994, 41.99999999999994, 206.00000000000006, 407.9999999999999, 109.0, 370.0]","[0, 0, 0, 0, 0, 24, 29, 32, 32, 40, 40, 47, 54, 32, 60, 60]","[5, 9, 16, 20, 32, 32, 32, 36, 54, 45, 54, 54, 56, 67, 62, 67]",6764700.0,460.0,-460.0,0.0,,,,DWT,inu.32000013032828,0.0,,0.0,34,6.0,0.0,34,,0.0,79.3125,486.0,79.3125,,0.0,79.3125,,,16.999999999999943,0.0,34,0.0,0.0,,5.684341886080802e-14,0.9662615827136907,0.9682101112480205,0.0015319667643670998,1.0,0.001942592465374272,,,,,,,0.0,0.0,0.0,345,1.465405025620558,1.0,1,0,0.0,0.0,341,0,0.5875892506382906,1.0,1,197.46054458211813,0.6820281085634168,172.0,1.9941858494084146,0.7025277418823526,78,rbio,249.7925925925926,196.0,174.24048813612427,135,0.6645997696604647,0.9500318207572005,0.24977061501051454,3,59.25
haar,1,periodization,2.3658104887257853e-27,319.5153571047487,1335542.8079082333,0.6714285714285714,333.3773713843218,69,raw,4.091637806020762e-14,-7.179301597659584e-11,5.177852749498056,15111.808163265307,0.5752597846852022,1.3207638667392624e-05,1.0,323.00000000000006,,,,[],[],16,213.1875,25.0,450.00000000000006,"[3, 8, 15, 19, 22, 27, 30, 35, 38, 43, 46, 51, 55, 58, 61, 65]","[349.00000000000006, 268.0, 189.0, 25.0, 450.00000000000006, 204.00000000000006, 45.0, 52.0, 357.00000000000006, 48.99999999999994, 288.00000000000006, 41.99999999999994, 206.00000000000003, 408.00000000000006, 109.0, 370.00000000000006]","[0, 0, 0, 0, 0, 24, 29, 32, 32, 40, 40, 47, 54, 32, 60, 60]","[5, 9, 16, 20, 32, 32, 32, 36, 54, 45, 54, 54, 56, 67, 62, 67]",6764700.0,460.00000000000006,-460.00000000000006,0.0,,,,DWT,inu.32000013032828,0.0,,0.0,34,6.0,0.0,34,,5.684341886080802e-14,79.3125,486.0,79.31249999999999,,0.0,79.3125,,,17.0,0.0,34,5.684341886080802e-14,5.684341886080802e-14,,5.684341886080802e-14,0.9405827191253159,0.803730803438102,0.000491004200012382,0.7588235294117645,7.373526469097889e-05,,,,,,,0.0,0.0,0.0,339,1.270019441164829,0.8666678624409735,86,0,0.0,0.0,362,0,0.5007403582879772,0.8521945521365979,78,155.3369992414342,0.7498599046031655,216.25,132.62290231294753,0.7008156205785554,79,haar,112.88888888888889,82.0,53.8364292195453,9,0.3003528998762079,0.2935386684325232,0.7016913695568975,1,59.5
rbio1.1,1,smooth,3.096542006627545e-27,318.34638687487507,1426810.3408390845,0.6714285714285714,338.0949756963641,69,raw,4.4898062723391835e-14,-7.196621076843737e-11,5.144889120780414,17914.448163265308,0.5972211279560509,1.3207638667392622e-05,0.9999999999999999,323.00000000000006,,,,[],[],16,213.18750000000006,25.0,450.00000000000006,"[3, 8, 15, 19, 22, 27, 30, 35, 38, 43, 46, 51, 55, 58, 61, 65]","[349.00000000000006, 268.0000000000001, 189.00000000000006, 25.0, 450.00000000000006, 204.00000000000006, 45.0, 52.0, 357.00000000000006, 48.99999999999994, 288.00000000000006, 41.99999999999994, 206.00000000000003, 408.0000000000001, 109.00000000000003, 370.00000000000006]","[0, 0, 0, 0, 0, 24, 29, 32, 32, 40, 40, 47, 54, 32, 60, 60]","[5, 9, 16, 20, 32, 32, 32, 36, 54, 45, 54, 54, 56, 67, 62, 67]",6764700.0,460.00000000000006,-460.00000000000006,0.0,,,,DWT,inu.32000013032828,0.0,,0.0,34,6.0,0.0,34,,5.684341886080802e-14,79.31249999999994,486.0000000000009,79.31249999999997,,0.0,79.31249999999994,,,17.0,0.0,34,5.684341886080802e-14,5.684341886080802e-14,,5.684341886080802e-14,0.9279352623120409,0.7922635114574449,0.001329809735408854,0.7588235294117645,0.0010140409851003727,,,,,,,0.0,0.0,0.0,357,1.2574928461423973,0.858119648941346,111,0,0.0,0.0,348,0,0.4962732307803519,0.8445920857831499,102,142.12318600425476,0.7711381867886397,229.5,163.3478851842968,0.7007864846986677,80,rbio,249.7925925925926,196.0,174.24048813612427,135,0.6645997696604647,0.9500318207572005,0.24977061501051454,3,60.75
rbio3.9,1,zero,1.3141279404307822e-27,322.06878014183354,1304238.8671316141,0.625,250.30385183808286,69,raw,2.244903136169593e-14,-6.901590410279848e-11,5.329939195672518,28139.892502982886,0.6745335041699989,1.3207638667392627e-05,1.0,322.99999999999994,,,,[],[],16,213.1875,25.000000000000057,450.0,"[3, 8, 15, 19, 22, 27, 30, 35, 38, 43, 46, 51, 55, 58, 61, 65]","[349.0, 268.0, 189.0, 25.000000000000057, 450.0, 203.99999999999994, 45.0, 52.0, 357.0, 49.000000000000114, 287.99999999999994, 41.99999999999994, 206.00000000000006, 407.9999999999999, 109.0, 370.0]","[0, 0, 0, 0, 0, 24, 29, 32, 32, 40, 40, 47, 54, 32, 60, 60]","[5, 9, 16, 20, 32, 32, 32, 36, 54, 45, 54, 54, 56, 67, 62, 67]",6764700.0,460.0,-460.0,0.0,,,,DWT,inu.32000013032828,0.0,,0.0,34,6.0,0.0,34,,0.0,79.3125,486.0,79.3125,,0.0,79.3125,,,16.999999999999943,0.0,34,0.0,0.0,,5.684341886080802e-14,0.9682090065723814,0.8566381972059985,0.00020330146542607802,0.49754901960784303,0.004444750532657065,,,,,,,0.0,0.0,0.0,313,1.2101436613353411,0.8258083193231026,169,0,0.0,0.0,393,0,0.4654088550768612,0.7920649579128508,177,108.98317913023703,0.8245037373104074,263.0,231.1297747482824,0.7004966351608397,81,rbio,249.7925925925926,196.0,174.24048813612427,135,0.6645997696604647,0.9500318207572005,0.24977061501051454,3,61.5
haar,1,constant,2.909227556321153e-27,318.6173797078936,1335542.8079082333,0.6714285714285714,333.3773713843218,69,raw,4.3250427394093045e-14,-7.188005746172646e-11,5.177852749498056,15111.808163265307,0.5752597846852022,1.3207638667392622e-05,1.0,323.00000000000006,,,,[],[],16,213.18750000000006,25.0,450.00000000000006,"[3, 8, 15, 19, 22, 27, 30, 35, 38, 43, 46, 51, 55, 58, 61, 65]","[349.00000000000006, 268.0000000000001, 189.00000000000006, 25.0, 450.00000000000006, 204.00000000000006, 45.0, 52.0, 357.00000000000006, 48.99999999999994, 288.00000000000006, 41.99999999999994, 206.00000000000003, 408.0000000000001, 109.00000000000003, 370.00000000000006]","[0, 0, 0, 0, 0, 24, 29, 32, 32, 40, 40, 47, 54, 32, 60, 60]","[5, 9, 16, 20, 32, 32, 32, 36, 54, 45, 54, 54, 56, 67, 62, 67]",6764700.0,460.00000000000006,-460.00000000000006,0.0,,,,DWT,inu.32000013032828,0.0,,0.0,34,6.0,0.0,34,,5.684341886080802e-14,79.31249999999994,486.0000000000009,79.31249999999997,,0.0,79.31249999999994,,,17.0,0.0,34,5.684341886080802e-14,5.684341886080802e-14,,5.684341886080802e-14,0.93086721905886,0.803730803438102,0.000491004200012382,0.7588235294117645,7.373526469097889e-05,,,,,,,0.0,0.0,0.0,335,1.2641901411249556,0.8626899178195506,101,0,0.0,0.0,369,0,0.498797258274686,0.8488876502298995,91,148.50813670188805,0.7608564626378614,224.0,150.46020426595416,0.7000739640081417,82,haar,112.88888888888889,82.0,53.8364292195453,9,0.3003528998762079,0.2935386684325232,0.7016913695568975,1,61.75
bior3.1,1,periodization,3.7291856366837856e-27,317.5390166053798,1521898.0133063726,0.6,221.59635810176417,69,raw,5.4012393504385823e-14,-6.529032869906385e-11,4.886661505880329,22565.47155612244,0.8227787513337677,1.3207638667392632e-05,0.9999999999999999,322.99999999999994,,,,[],[],16,213.1875,24.999999999999943,449.9999999999999,"[3, 8, 15, 19, 22, 27, 30, 35, 38, 43, 46, 51, 55, 58, 61, 65]","[348.99999999999994, 267.9999999999999, 189.0, 24.999999999999943, 449.9999999999999, 204.0, 45.0, 51.99999999999994, 357.0, 49.0, 287.99999999999994, 42.0, 205.99999999999997, 407.99999999999994, 108.99999999999997, 369.99999999999994]","[0, 0, 0, 0, 0, 24, 29, 32, 32, 40, 40, 47, 54, 32, 60, 60]","[5, 9, 16, 20, 32, 32, 32, 36, 54, 45, 54, 54, 56, 67, 62, 67]",6764699.999999999,459.9999999999999,-459.9999999999999,0.0,,,,DWT,inu.32000013032828,9.313225746154785e-10,,0.0,34,6.0,0.0,34,,1.1368683772161603e-13,79.3125,486.0,79.31250000000004,,0.0,79.3125,,,17.000000000000057,0.0,34,1.1368683772161603e-13,1.1368683772161603e-13,,5.684341886080802e-14,0.9192000692722087,0.7024320343803132,0.0022037247351049463,0.35686274509803895,0.0025744925243852846,,,,,,,6.70735797169495e-05,3.353678985847475e-05,6.70735797169495e-05,224,1.047612816170004,0.7148964264854827,366,0,6.70735797169495e-05,6.70735797169495e-05,225,0,0.39665461320201023,0.6750542369029546,360,80.00156248474151,0.8711730072709476,293.75,277.41658959146383,0.6990728160348296,83,bior,292.162962962963,301.0,176.53037485058104,135,0.7773306480916924,0.9625172382852065,0.16711337485025335,4,63.25
bior3.1,1,periodic,5.540410225468755e-27,315.8197374122288,1528556.0582350653,0.5972222222222222,232.3420123680827,69,raw,6.40518234264902e-14,-6.449474287961744e-11,4.981853251455261,23638.17253809799,0.7819370554423427,1.3207638667392632e-05,0.9999999999999999,322.99999999999994,,,,[],[],16,213.18749999999994,25.0,449.9999999999999,"[3, 8, 15, 19, 22, 27, 30, 35, 38, 43, 46, 51, 55, 58, 61, 65]","[348.99999999999994, 267.9999999999999, 188.99999999999994, 25.0, 449.9999999999999, 203.99999999999994, 45.0, 52.0, 356.9999999999999, 49.0, 287.99999999999994, 42.00000000000006, 205.99999999999991, 407.9999999999999, 109.0, 369.9999999999999]","[0, 0, 0, 0, 0, 24, 29, 32, 32, 40, 40, 47, 54, 32, 60, 60]","[5, 9, 16, 20, 32, 32, 32, 36, 54, 45, 54, 54, 56, 67, 62, 67]",6764699.999999999,459.9999999999999,-459.9999999999999,0.0,,,,DWT,inu.32000013032828,9.313225746154785e-10,,0.0,34,6.0,0.0,34,,1.1368683772161603e-13,79.31250000000006,485.9999999999991,79.31250000000006,,0.0,79.31250000000006,,,17.0,0.0,34,1.1368683772161603e-13,1.1368683772161603e-13,,5.684341886080802e-14,0.9005986465929589,0.7355470639787369,0.0022649163194697524,0.34123093681917194,0.0029343913589271395,,,,,,,6.70735797169495e-05,3.353678985847475e-05,6.70735797169495e-05,265,1.0469313093761181,0.7144313627099593,368,0,6.70735797169495e-05,6.70735797169495e-05,224,0,0.3965151910138529,0.6748169585865017,362,71.59783516280363,0.8847055794479812,304.75,291.5942235911426,0.6969824193536203,84,bior,292.162962962963,301.0,176.53037485058104,135,0.7773306480916924,0.9625172382852065,0.16711337485025335,4,64.0
sym13,1,periodic,1.1196602732139006e-22,272.76429394130264,1549490.0491575662,0.6595744680851063,317.19917585471967,69,raw,8.325295364530586e-12,-5.384181989153811e-11,5.591157442530464,16656.61962866053,0.5668005023554012,1.3207638667394455e-05,1.0,322.9999999999995,,,,[],[],16,213.18749999998047,25.000000000001535,449.9999999999621,"[3, 8, 15, 19, 22, 27, 30, 35, 38, 43, 46, 51, 55, 58, 61, 65]","[348.9999999999634, 267.9999999999812, 188.9999999999814, 25.000000000001535, 449.9999999999621, 203.9999999999742, 44.99999999999005, 51.999999999998806, 356.9999999999693, 48.99999999999363, 287.9999999999722, 41.99999999999517, 205.99999999999363, 407.9999999999546, 108.99999999999667, 369.9999999999599]","[0, 0, 0, 0, 0, 24, 29, 32, 32, 40, 40, 47, 54, 32, 60, 60]","[5, 9, 16, 20, 32, 32, 32, 36, 54, 45, 54, 54, 56, 67, 62, 67]",6764699.999999843,459.99999999998965,-459.99999999998965,0.0,,,,DWT,inu.32000013032828,1.5739351511001587e-07,,0.0,34,6.0,0.0,34,,1.0345502232667059e-11,79.31250000001953,485.9999999996876,79.31250000001953,,0.0,79.31250000001953,,,16.999999999998465,0.0,34,3.7914560380158946e-11,1.0345502232667059e-11,,5.115907697472721e-13,0.4347682533469334,0.9475100466936204,0.0024573127489540157,0.692115143929912,0.0005920305355303112,,,,,,,0.011335434972164465,0.005667717486082233,0.011335434972164465,157,1.0129275015156243,0.6912269876286782,399,0,0.011335434972164465,0.011335434972164465,157,0,0.41548855745099006,0.7071071449990792,313,120.13742131409347,0.8065419946632956,256.5,216.91965327831218,0.6967492582012129,85,sym,375.8541666666667,399.5,183.40489689834808,144,1.0,1.0,0.0,6,65.25
haar,1,antisymmetric,2.909227556321153e-27,318.6173797078936,1335542.8079082333,0.6714285714285714,333.3773713843218,69,raw,4.3250427394093045e-14,-7.188005746172646e-11,5.177852749498056,21601.70204081633,0.5058688308196425,1.3207638667392622e-05,1.0,323.00000000000006,,,,[],[],16,213.18750000000006,25.0,450.00000000000006,"[3, 8, 15, 19, 22, 27, 30, 35, 38, 43, 46, 51, 55, 58, 61, 65]","[349.00000000000006, 268.0000000000001, 189.00000000000006, 25.0, 450.00000000000006, 204.00000000000006, 45.0, 52.0, 357.00000000000006, 48.99999999999994, 288.00000000000006, 41.99999999999994, 206.00000000000003, 408.0000000000001, 109.00000000000003, 370.00000000000006]","[0, 0, 0, 0, 0, 24, 29, 32, 32, 40, 40, 47, 54, 32, 60, 60]","[5, 9, 16, 20, 32, 32, 32, 36, 54, 45, 54, 54, 56, 67, 62, 67]",6764700.0,460.00000000000006,-460.00000000000006,0.0,,,,DWT,inu.32000013032828,0.0,,0.0,34,6.0,0.0,34,,5.684341886080802e-14,79.31249999999994,486.0000000000009,79.31249999999997,,0.0,79.31249999999994,,,17.0,0.0,34,5.684341886080802e-14,5.684341886080802e-14,,5.684341886080802e-14,0.93086721905886,0.803730803438102,0.000491004200012382,0.7588235294117645,0.002251140974275915,,,,,,,0.0,0.0,0.0,341,1.2650611034087895,0.8632842670053432,96,0,0.0,0.0,371,0,0.499232739416603,0.8496287821369995,86,153.54152532784087,0.7527511669438955,223.5,144.5476129797614,0.6964238926506917,86,haar,112.88888888888889,82.0,53.8364292195453,9,0.3003528998762079,0.2935386684325232,0.7016913695568975,1,64.75
rbio3.3,1,constant,1.0040713063786977e-27,323.23751107060986,1401134.8420718599,0.631578947368421,327.23465743635,69,raw,1.961715813946365e-14,-6.875922053950514e-11,5.393578873556799,20127.8534493486,0.5006071127955042,1.3207638667392627e-05,1.0,323.0,,,,[],[],16,213.1875,25.000000000000057,449.99999999999994,"[3, 8, 15, 19, 22, 27, 30, 35, 38, 43, 46, 51, 55, 58, 61, 65]","[349.0, 268.0, 189.0, 25.000000000000057, 449.99999999999994, 204.0, 44.99999999999994, 52.0, 356.9999999999999, 49.0, 287.99999999999994, 41.99999999999994, 206.00000000000006, 407.9999999999999, 109.00000000000003, 370.0]","[0, 0, 0, 0, 0, 24, 29, 32, 32, 40, 40, 47, 54, 32, 60, 60]","[5, 9, 16, 20, 32, 32, 32, 36, 54, 45, 54, 54, 56, 67, 62, 67]",6764700.0,460.0,-460.0,0.0,,,,DWT,inu.32000013032828,0.0,,0.0,34,6.0,0.0,34,,0.0,79.3125,486.0,79.31250000000003,,0.0,79.3125,,,16.999999999999943,0.0,34,5.684341886080802e-14,0.0,,0.0,0.9808538743117718,0.8787769845981598,0.001093835892373888,0.5345717234262123,0.0017566542540498307,,,,,,,0.0,0.0,0.0,306,1.242979085904435,0.8482153835783852,134,0,0.0,0.0,404,0,0.47941061449651357,0.815894119873255,146,130.51053597315428,0.7898381063234231,247.5,199.4492904260083,0.6956436908428709,87,rbio,249.7925925925926,196.0,174.24048813612427,135,0.6645997696604647,0.9500318207572005,0.24977061501051454,3,66.0
rbio2.8,1,zero,1.7099760561173376e-27,320.9252563412241,1300902.259911398,0.5697674418604651,185.59368769958917,69,raw,2.8936595470809886e-14,-7.100453558450707e-11,5.191873203940169,25288.857793322186,0.7618224763318328,1.3207638667392627e-05,0.9999999999999999,323.00000000000006,,,,[],[],16,213.1875,25.0,450.0,"[3, 8, 15, 19, 22, 27, 30, 35, 38, 43, 46, 51, 55, 58, 61, 65]","[349.0, 268.00000000000006, 189.0, 25.0, 450.0, 204.0, 45.0, 52.0, 357.0, 48.99999999999994, 288.0, 42.0, 205.99999999999994, 408.0, 109.00000000000006, 370.0]","[0, 0, 0, 0, 0, 24, 29, 32, 32, 40, 40, 47, 54, 32, 60, 60]","[5, 9, 16, 20, 32, 32, 32, 36, 54, 45, 54, 54, 56, 67, 62, 67]",6764700.0,460.0,-460.0,0.0,,,,DWT,inu.32000013032828,0.0,,0.0,34,6.0,0.0,34,,0.0,79.3125,486.0,79.3125,,0.0,79.3125,,,17.0,0.0,34,0.0,0.0,,5.684341886080802e-14,0.9558368626857717,0.8086081986474213,0.00017263596460793213,0.18673050615595066,0.003488208041798557,,,,,,,0.0,0.0,0.0,343,1.0539800205965772,0.7192414398539723,357,0,0.0,0.0,297,0,0.3909672822991101,0.6653751440728491,379,34.66025581748256,0.944186383546727,344.0,341.2358396102033,0.6951205669746517,88,rbio,249.7925925925926,196.0,174.24048813612427,135,0.6645997696604647,0.9500318207572005,0.24977061501051454,3,66.75
sym14,1,symmetric,9.89935448751548e-22,263.2990878711409,1567328.2404452586,0.6770833333333334,310.84308853273126,69,raw,2.3843574457833192e-11,-2.4749979844338587e-11,5.650986356372352,17120.656154539047,0.5580925530207554,1.3207638667398214e-05,0.9999999999999998,323.00000000000006,,,,[],[],16,213.18749999994105,24.999999999999943,449.9999999998928,"[3, 8, 15, 19, 22, 27, 30, 35, 38, 43, 46, 51, 55, 58, 61, 65]","[348.99999999987534, 267.9999999999501, 188.99999999994947, 24.999999999999943, 449.9999999998928, 203.99999999992394, 44.999999999969134, 51.99999999999312, 356.99999999991473, 48.999999999978684, 287.9999999999213, 41.99999999998647, 205.9999999999802, 407.99999999982344, 108.99999999999886, 369.9999999998994]","[0, 0, 0, 0, 0, 24, 29, 32, 32, 40, 40, 47, 54, 32, 60, 60]","[5, 9, 16, 20, 32, 32, 32, 36, 54, 45, 54, 54, 56, 67, 62, 67]",6764699.999999553,459.9999999999695,-459.9999999999695,0.0,,,,DWT,inu.32000013032828,4.470348358154297e-07,,0.0,34,6.0,0.0,34,,3.0524915928253904e-11,79.31250000005895,485.99999999905685,79.31250000005895,,0.0,79.31250000005895,,,17.000000000000057,0.0,34,1.0720668797148392e-10,3.0524915928253904e-11,,5.684341886080802e-14,0.3323612100007075,0.9683231564937351,0.0026212568494800377,0.7906454248366015,0.0007477181014547507,,,,,,,0.03219531826413576,0.01609765913206788,0.03219531826413576,110,1.0014461898472546,0.6833920809184957,407,0,0.03219531826413576,0.03219531826413576,110,0,0.4189397532563958,0.7129806285620559,301,147.37028194313805,0.7626887569353654,232.0,166.9373850241875,0.6945488873243655,89,sym,375.8541666666667,399.5,183.40489689834808,144,1.0,1.0,0.0,6,68.25
rbio2.6,1,antisymmetric,1.2819332692843711e-27,322.17650244682574,1426738.0053036534,0.6341463414634146,308.07860398960014,69,raw,2.389071227483237e-14,-7.055267481348463e-11,5.4163771936371345,51818.007561399434,0.8112296083206261,1.3207638667392627e-05,1.0,323.00000000000006,,,,[],[],16,213.1875,25.0,450.0,"[3, 8, 15, 19, 22, 27, 30, 35, 38, 43, 46, 51, 55, 58, 61, 65]","[349.0, 268.00000000000006, 189.0, 25.0, 450.0, 204.0, 45.0, 52.00000000000006, 357.0, 48.99999999999994, 288.00000000000006, 42.0, 206.00000000000006, 408.0, 109.00000000000006, 370.0]","[0, 0, 0, 0, 0, 24, 29, 32, 32, 40, 40, 47, 54, 32, 60, 60]","[5, 9, 16, 20, 32, 32, 32, 36, 54, 45, 54, 54, 56, 67, 62, 67]",6764700.0,460.0,-460.0,0.0,,,,DWT,inu.32000013032828,0.0,,0.0,34,6.0,0.0,34,,0.0,79.3125,486.0,79.31249999999999,,0.0,79.3125,,,17.0,0.0,34,0.0,0.0,,5.684341886080802e-14,0.9693744880922679,0.8867079983609062,0.0013291449267350903,0.5490196078431372,0.012388927108293205,,,,,,,0.0,0.0,0.0,301,1.2502066784797536,0.8531475302879667,126,0,0.0,0.0,410,0,0.48376403326626793,0.8233030688372215,133,137.89005281987048,0.7779548263770202,242.5,188.5317240516733,0.6937278157649996,90,rbio,249.7925925925926,196.0,174.24048813612427,135,0.6645997696604647,0.9500318207572005,0.24977061501051454,3,68.25
sym10,1,reflect,6.698613519960897e-24,284.99530741698374,1514994.4470279033,0.6363636363636364,298.05303783250787,69,raw,1.9658349022696102e-12,,5.474039846075524,16768.32523316338,0.600341488966466,1.3207638667392248e-05,1.0,322.99999999999966,,,,[],[],16,213.18750000000506,25.00000000000091,450.0000000000091,"[3, 8, 15, 19, 22, 27, 30, 35, 38, 43, 46, 51, 55, 58, 61, 65]","[349.000000000011, 268.00000000000415, 189.00000000000415, 25.00000000000091, 450.0000000000091, 204.00000000000688, 45.000000000002956, 52.000000000001364, 357.00000000000693, 49.000000000002274, 288.0000000000068, 42.00000000000114, 206.00000000000216, 408.00000000001194, 108.99999999999926, 370.00000000000983]","[0, 0, 0, 0, 0, 24, 29, 32, 32, 40, 40, 47, 54, 32, 60, 60]","[5, 9, 16, 20, 32, 32, 32, 36, 54, 45, 54, 54, 56, 67, 62, 67]",6764700.000000032,460.0000000000028,-460.0000000000028,0.0,,,,DWT,inu.32000013032828,3.166496753692627e-08,,0.0,34,6.0,0.0,34,,2.7853275241795927e-12,79.31249999999494,486.00000000008095,79.31249999999677,,0.0,79.31249999999494,,,16.99999999999909,0.0,34,9.094947017729282e-12,2.7853275241795927e-12,,3.410605131648481e-13,0.5670994374635558,0.9067675153987336,0.0021402766564465278,0.5614973262032084,0.0006295085630029157,,,,,,,0.002280501710376283,0.0011402508551881414,0.002280501710376283,186,1.0195642924122081,0.6957559682043886,393,0,0.002280501710376283,0.002280501710376283,187,0,0.4076268128569895,0.6937274846573346,335,105.18040058236451,0.8306273742635032,275.25,246.10021057627958,0.6936953296438289,91,sym,375.8541666666667,399.5,183.40489689834808,144,1.0,1.0,0.0,6,69.75
rbio3.5,1,zero,1.1619349495568387e-27,322.60333848423556,1302691.249925007,0.6375,296.33066356410427,69,raw,2.121330486472184e-14,-6.881606395836596e-11,5.333126069860787,25308.662699432374,0.6042017742246396,1.3207638667392627e-05,1.0,322.99999999999994,,,,[],[],16,213.1875,25.0,449.99999999999994,"[3, 8, 15, 19, 22, 27, 30, 35, 38, 43, 46, 51, 55, 58, 61, 65]","[349.0, 268.0, 189.0, 25.0, 449.99999999999994, 203.99999999999991, 45.00000000000006, 52.0, 356.9999999999999, 49.00000000000006, 287.9999999999999, 41.99999999999994, 206.00000000000006, 408.0, 109.0, 369.99999999999994]","[0, 0, 0, 0, 0, 24, 29, 32, 32, 40, 40, 47, 54, 32, 60, 60]","[5, 9, 16, 20, 32, 32, 32, 36, 54, 45, 54, 54, 56, 67, 62, 67]",6764700.0,460.0,-460.0,0.0,,,,DWT,inu.32000013032828,0.0,,0.0,34,6.0,0.0,34,,0.0,79.3125,486.0,79.31250000000001,,0.0,79.3125,,,17.0,0.0,34,5.684341886080802e-14,0.0,,5.684341886080802e-14,0.9739925615140981,0.8577468377969827,0.00018907789831639908,0.5678921568627447,0.003494852729131779,,,,,,,0.0,0.0,0.0,322,1.241918298592859,0.8474914968078135,135,0,0.0,0.0,403,0,0.48066309736025475,0.8180256817804558,141,133.78932443709152,0.7845582537244903,250.25,199.13787608465213,0.6907895938509729,92,rbio,249.7925925925926,196.0,174.24048813612427,135,0.6645997696604647,0.9500318207572005,0.24977061501051454,3,69.75
rbio3.7,1,zero,1.3587614617928524e-27,321.92372442774854,1303612.6436931984,0.6309523809523809,266.7716681000498,69,raw,2.3581780650588842e-14,-6.899836257900941e-11,5.331398730377068,26925.839945168726,0.6443988620100347,1.3207638667392627e-05,1.0,322.99999999999994,,,,[],[],16,213.1875,25.000000000000057,450.0,"[3, 8, 15, 19, 22, 27, 30, 35, 38, 43, 46, 51, 55, 58, 61, 65]","[349.0, 268.0, 189.0, 25.000000000000057, 450.0, 203.99999999999994, 45.00000000000006, 52.0, 356.9999999999999, 49.000000000000114, 287.99999999999994, 41.99999999999994, 206.00000000000006, 407.9999999999999, 109.0, 370.0]","[0, 0, 0, 0, 0, 24, 29, 32, 32, 40, 40, 47, 54, 32, 60, 60]","[5, 9, 16, 20, 32, 32, 32, 36, 54, 45, 54, 54, 56, 67, 62, 67]",6764700.0,460.0,-460.0,0.0,,,,DWT,inu.32000013032828,0.0,,0.0,34,6.0,0.0,34,,0.0,79.3125,486.0,79.3125,,0.0,79.3125,,,16.999999999999943,0.0,34,0.0,0.0,,5.684341886080802e-14,0.9666396031500144,0.8571459359248255,0.00019754608155987826,0.5310457516339867,0.004037427235697659,,,,,,,0.0,0.0,0.0,352,1.222688774441075,0.8343691696589485,155,0,0.0,0.0,383,0,0.47181325280521685,0.8029644046290708,162,121.3617182915052,0.8045705019460464,263.0,221.28388563556837,0.6905300174786593,93,rbio,249.7925925925926,196.0,174.24048813612427,135,0.6645997696604647,0.9500318207572005,0.24977061501051454,3,70.5
bior3.1,1,zero,5.681078987466426e-27,315.7108483578588,1511785.7334628955,0.5972222222222222,199.8429604406803,69,raw,6.492712969518019e-14,-6.445166622626198e-11,4.9236844697891105,27414.763792438265,0.8440206844678173,1.3207638667392632e-05,0.9999999999999999,322.99999999999994,,,,[],[],16,213.18749999999994,25.0,449.9999999999999,"[3, 8, 15, 19, 22, 27, 30, 35, 38, 43, 46, 51, 55, 58, 61, 65]","[348.99999999999994, 267.9999999999999, 188.99999999999994, 25.0, 449.9999999999999, 203.99999999999994, 45.0, 52.0, 356.9999999999999, 49.0, 287.99999999999994, 42.00000000000006, 205.99999999999991, 407.9999999999999, 109.0, 369.9999999999999]","[0, 0, 0, 0, 0, 24, 29, 32, 32, 40, 40, 47, 54, 32, 60, 60]","[5, 9, 16, 20, 32, 32, 32, 36, 54, 45, 54, 54, 56, 67, 62, 67]",6764699.999999999,459.9999999999999,-459.9999999999999,0.0,,,,DWT,inu.32000013032828,9.313225746154785e-10,,0.0,34,6.0,0.0,34,,1.1368683772161603e-13,79.31250000000006,485.9999999999991,79.31250000000006,,0.0,79.31250000000006,,,17.0,0.0,34,1.1368683772161603e-13,1.1368683772161603e-13,,5.684341886080802e-14,0.8994205416443568,0.7153114761665298,0.0021107865780648815,0.34123093681917194,0.0042014646755515524,,,,,,,6.70735797169495e-05,3.353678985847475e-05,6.70735797169495e-05,262,1.036536416956801,0.7073378341376009,376,0,6.70735797169495e-05,6.70735797169495e-05,259,0,0.39245504117673496,0.6679071149623927,375,66.40783086353596,0.8930630742938229,318.0,307.5967423796935,0.6904928898039162,94,bior,292.162962962963,301.0,176.53037485058104,135,0.7773306480916924,0.9625172382852065,0.16711337485025335,4,71.5
rbio2.2,1,smooth,9.66754755731721e-28,323.40199346199154,2083944.694558991,0.5945945945945946,307.03741397541893,69,raw,1.8690363266733068e-14,-6.956535347768548e-11,4.673917822978138,44535.95690284879,0.8294239026008401,1.3207638667392627e-05,1.0,323.0,,,,[],[],16,213.1875,25.0,449.99999999999994,"[3, 8, 15, 19, 22, 27, 30, 35, 38, 43, 46, 51, 55, 58, 61, 65]","[349.0, 268.00000000000006, 188.99999999999994, 25.0, 449.99999999999994, 203.99999999999994, 45.00000000000006, 52.0, 357.0, 49.0, 288.00000000000006, 42.0, 205.99999999999997, 408.0000000000001, 108.99999999999997, 370.0]","[0, 0, 0, 0, 0, 24, 29, 32, 32, 40, 40, 47, 54, 32, 60, 60]","[5, 9, 16, 20, 32, 32, 32, 36, 54, 45, 54, 54, 56, 67, 62, 67]",6764700.0,459.99999999999994,-459.99999999999994,0.0,,,,DWT,inu.32000013032828,0.0,,0.0,34,6.0,0.0,34,,5.684341886080802e-14,79.3125,486.0,79.3125,,0.0,79.3125,,,17.0,0.0,34,5.684341886080802e-14,5.684341886080802e-14,,0.0,0.9826334610697416,0.6284233762384361,0.007369284187041757,0.3264440911499736,0.009945747145634369,,,,,,,0.0,0.0,0.0,302,1.0420323421728273,0.711088282047863,372,0,0.0,0.0,272,0,0.39096319195816553,0.6653681828479117,380,52.92447448959697,0.9147754033983946,331.5,325.0056101292669,0.6904794891388109,95,rbio,249.7925925925926,196.0,174.24048813612427,135,0.6645997696604647,0.9500318207572005,0.24977061501051454,3,72.0
sym12,1,periodic,2.7632528198397245e-23,278.8409504148021,1520487.3030153164,0.6413043478260869,284.3708026944405,69,raw,4.077485531182161e-12,,5.5976371768306805,17135.06708331182,0.5493884815085344,1.3207638667391787e-05,1.0,323.0000000000006,,,,[],[],16,213.18750000000898,24.999999999997726,450.0000000000181,"[3, 8, 15, 19, 22, 27, 30, 35, 38, 43, 46, 51, 55, 58, 61, 65]","[349.00000000001694, 268.000000000007, 189.00000000000907, 24.999999999997726, 450.0000000000181, 204.0000000000129, 45.000000000003865, 51.99999999999852, 357.0000000000156, 49.00000000000284, 288.00000000001234, 42.00000000000284, 206.00000000000182, 408.0000000000226, 109.0000000000015, 370.00000000002035]","[0, 0, 0, 0, 0, 24, 29, 32, 32, 40, 40, 47, 54, 32, 60, 60]","[5, 9, 16, 20, 32, 32, 32, 36, 54, 45, 54, 54, 56, 67, 62, 67]",6764700.000000072,460.0000000000045,-460.0000000000045,0.0,,,,DWT,inu.32000013032828,7.171183824539185e-08,,0.0,34,6.0,0.0,34,,4.490630090003833e-12,79.31249999999102,486.0000000001437,79.3124999999946,,0.0,79.31249999999102,,,17.000000000002274,0.0,34,1.807620719773695e-11,4.490630090003833e-12,,6.252776074688882e-13,0.5005135121684507,0.9497641979526987,0.0021907594279143242,0.5893009377664106,0.0007525530708983649,,,,,,,0.005164665638205111,0.0025823328191025554,0.005164665638205111,167,1.0123069823263007,0.6908035421112446,400,0,0.005164665638205111,0.005164665638205111,167,0,0.4085043920772746,0.6952210096313396,333,118.38461330201095,0.8093645518486137,266.75,228.84537731699976,0.6899077187584453,96,sym,375.8541666666667,399.5,183.40489689834808,144,1.0,1.0,0.0,6,73.5
rbio2.8,1,periodization,2.0924013430323657e-27,320.0487067325065,1332636.6874961073,0.6428571428571429,340.8728261195234,69,raw,3.496124041575138e-14,-7.127420875718852e-11,5.232155814890396,15930.648072108637,0.5356701001109558,1.3207638667392627e-05,0.9999999999999999,323.00000000000006,,,,[],[],16,213.1875,25.0,450.0,"[3, 8, 15, 19, 22, 27, 30, 35, 38, 43, 46, 51, 55, 58, 61, 65]","[349.0000000000001, 268.00000000000006, 189.0, 25.0, 450.0, 204.0, 45.0, 52.0, 357.0, 48.99999999999994, 288.0, 42.0, 206.0, 408.0, 109.0, 370.00000000000006]","[0, 0, 0, 0, 0, 24, 29, 32, 32, 40, 40, 47, 54, 32, 60, 60]","[5, 9, 16, 20, 32, 32, 32, 36, 54, 45, 54, 54, 56, 67, 62, 67]",6764700.0,460.0,-460.0,0.0,,,,DWT,inu.32000013032828,0.0,,0.0,34,6.0,0.0,34,,0.0,79.3125,486.0,79.31249999999999,,0.0,79.3125,,,17.0,0.0,34,0.0,0.0,,5.684341886080802e-14,0.9463531966028921,0.8226215970346636,0.0004642951413806908,0.5980392156862747,0.00034846189757457803,,,,,,,0.0,0.0,0.0,348,1.218709935083297,0.8316539890172736,162,0,0.0,0.0,388,0,0.47356535327255717,0.8059462503068755,155,122.0856939475984,0.8034046796334969,263.25,221.29603419957533,0.689745818077618,97,rbio,249.7925925925926,196.0,174.24048813612427,135,0.6645997696604647,0.9500318207572005,0.24977061501051454,3,73.5
sym12,1,antisymmetric,3.051195273834511e-23,278.4104566036349,1531815.1070137797,0.6413043478260869,304.6161014084306,69,raw,4.08609700020795e-12,-1.1152800905025011e-10,5.565307645715163,68090.16536836604,0.8704796224375599,1.3207638667391783e-05,0.9999999999999998,323.0000000000006,,,,[],[],16,213.18750000000898,24.999999999997783,450.0000000000181,"[3, 8, 15, 19, 22, 27, 30, 35, 38, 43, 46, 51, 55, 58, 61, 65]","[349.00000000002115, 268.0000000000071, 189.00000000000907, 24.999999999997783, 450.0000000000181, 204.0000000000129, 45.000000000003865, 51.99999999999852, 357.0000000000156, 49.00000000000284, 288.00000000001234, 42.00000000000284, 206.00000000000176, 408.00000000001404, 109.0000000000017, 370.00000000002433]","[0, 0, 0, 0, 0, 24, 29, 32, 32, 40, 40, 47, 54, 32, 60, 60]","[5, 9, 16, 20, 32, 32, 32, 36, 54, 45, 54, 54, 56, 67, 62, 67]",6764700.000000089,460.0000000000045,-460.0000000000045,0.0,,,,DWT,inu.32000013032828,8.940696716308594e-08,,0.0,34,6.0,0.0,34,,4.490630090003833e-12,79.31249999999102,486.0000000001437,79.31249999999417,,0.0,79.31249999999102,,,17.000000000002217,0.0,34,1.807620719773695e-11,4.490630090003833e-12,,6.252776074688882e-13,0.49585586414117144,0.938517494015005,0.002294869009850722,0.5893009377664106,0.01784835217512129,,,,,,,0.006439063652827152,0.003219531826413576,0.006439063652827152,161,1.0107794159737433,0.6897611228989109,401,0,0.006439063652827152,0.006439063652827152,161,0,0.4087635034215118,0.6956619832263393,332,121.94363452021594,0.8036334387758197,263.75,223.11251519086494,0.6894576211592465,98,sym,375.8541666666667,399.5,183.40489689834808,144,1.0,1.0,0.0,6,75.0
rbio3.5,1,symmetric,1.162117873824716e-27,322.6026548250734,1443328.629938714,0.625,336.35658764908806,69,raw,2.1264793468762428e-14,-6.887268533262184e-11,5.533952839851261,21123.377714555267,0.634361447569153,1.3207638667392627e-05,1.0,322.99999999999994,,,,[],[],16,213.18749999999997,25.0,449.99999999999994,"[3, 8, 15, 19, 22, 27, 30, 35, 38, 43, 46, 51, 55, 58, 61, 65]","[349.0, 268.0, 189.0, 25.0, 449.99999999999994, 203.99999999999991, 45.00000000000006, 52.0, 356.9999999999999, 49.00000000000006, 287.9999999999999, 41.99999999999994, 206.00000000000006, 407.9999999999999, 109.0, 369.99999999999994]","[0, 0, 0, 0, 0, 24, 29, 32, 32, 40, 40, 47, 54, 32, 60, 60]","[5, 9, 16, 20, 32, 32, 32, 36, 54, 45, 54, 54, 56, 67, 62, 67]",6764700.0,460.0,-460.0,0.0,,,,DWT,inu.32000013032828,0.0,,0.0,34,6.0,0.0,34,,0.0,79.31250000000003,485.99999999999955,79.31250000000003,,0.0,79.31250000000003,,,17.0,0.0,34,5.684341886080802e-14,0.0,,5.684341886080802e-14,0.9739851647904625,0.9276098746834673,0.0014816231118320573,0.49754901960784303,0.0020906597493614604,,,,,,,0.0,0.0,0.0,324,1.2487927195148087,0.8521826373469547,129,0,0.0,0.0,408,0,0.48054326838859324,0.8178217485540883,142,137.5290878323564,0.7785360904470912,250.75,196.738163380809,0.6873759357227405,99,rbio,249.7925925925926,196.0,174.24048813612427,135,0.6645997696604647,0.9500318207572005,0.24977061501051454,3,75.0
bior3.9,1,periodization,1.3326602064547882e-27,322.00796233584236,1487959.5390669408,0.5857142857142857,225.26560590001927,69,raw,2.3559012328831327e-14,-6.932276974680487e-11,4.953654763896269,21620.2918658917,0.8150311258180867,1.3207638667392627e-05,1.0,323.0,,,,[],[],16,213.1875,25.0,450.0,"[3, 8, 15, 19, 22, 27, 30, 35, 38, 43, 46, 51, 55, 58, 61, 65]","[349.0, 268.00000000000006, 188.99999999999994, 25.0, 450.0, 204.0, 45.0, 52.0, 357.00000000000006, 49.0, 288.0, 41.99999999999994, 206.00000000000006, 408.00000000000006, 108.99999999999994, 369.99999999999994]","[0, 0, 0, 0, 0, 24, 29, 32, 32, 40, 40, 47, 54, 32, 60, 60]","[5, 9, 16, 20, 32, 32, 32, 36, 54, 45, 54, 54, 56, 67, 62, 67]",6764700.0,460.0,-460.0,0.0,,,,DWT,inu.32000013032828,0.0,,0.0,34,6.0,0.0,34,,0.0,79.3125,486.0,79.3125,,0.0,79.3125,,,17.0,0.0,34,0.0,0.0,,0.0,0.967550999588889,0.7257374555457059,0.0018918089952929089,0.27647058823529413,0.0022573779932508033,,,,,,,0.0,0.0,0.0,382,1.0558364185152507,0.7205082554347959,352,0,0.0,0.0,283,0,0.3947816460716866,0.6718666919839673,366,43.591857037754195,0.9298037728860641,345.75,341.1653677489991,0.6865202439309548,100,bior,292.162962962963,301.0,176.53037485058104,135,0.7773306480916924,0.9625172382852065,0.16711337485025335,4,76.0
rbio2.6,1,reflect,1.3433958232911562e-27,321.9731166964941,1413597.108581763,0.6707317073170732,338.64577238036554,69,raw,2.53323931879688e-14,-7.055023232283044e-11,5.470135615752891,16769.353286582045,0.5209489388217564,1.3207638667392627e-05,1.0,323.00000000000006,,,,[],[],16,213.1875,25.0,450.0,"[3, 8, 15, 19, 22, 27, 30, 35, 38, 43, 46, 51, 55, 58, 61, 65]","[349.0, 268.00000000000006, 189.0, 25.0, 450.0, 204.0, 45.0, 52.00000000000006, 357.0, 48.99999999999994, 288.00000000000006, 42.0, 206.00000000000006, 408.0, 109.00000000000006, 370.0]","[0, 0, 0, 0, 0, 24, 29, 32, 32, 40, 40, 47, 54, 32, 60, 60]","[5, 9, 16, 20, 32, 32, 32, 36, 54, 45, 54, 54, 56, 67, 62, 67]",6764700.0,460.0,-460.0,0.0,,,,DWT,inu.32000013032828,0.0,,0.0,34,6.0,0.0,34,,0.0,79.3125,486.0,79.31249999999999,,0.0,79.3125,,,17.0,0.0,34,0.0,0.0,,5.684341886080802e-14,0.9671739936502215,0.9054093230269877,0.001208371892158311,0.7549019607843139,0.0006298534822613494,,,,,,,0.0,0.0,0.0,296,1.335825969356336,0.9115745790421669,26,0,0.0,0.0,419,0,0.5258647005671886,0.8949528943831913,32,196.20970923988446,0.6840423361676579,193.25,52.99659179854016,0.68642535487932,101,rbio,249.7925925925926,196.0,174.24048813612427,135,0.6645997696604647,0.9500318207572005,0.24977061501051454,3,76.5
rbio2.4,1,zero,1.3230912295567717e-27,322.0392587274548,1298839.0194010406,0.5641025641025641,220.59714329956074,69,raw,2.311838321422355e-14,-7.049127948022286e-11,5.182404056610028,21566.170124282184,0.7060482643782653,1.3207638667392627e-05,0.9999999999999999,323.00000000000006,,,,[],[],16,213.1875,25.0,450.0,"[3, 8, 15, 19, 22, 27, 30, 35, 38, 43, 46, 51, 55, 58, 61, 65]","[349.00000000000006, 268.00000000000006, 189.0, 25.0, 450.0, 204.0, 45.0, 52.0, 357.0, 48.99999999999994, 288.00000000000006, 42.0, 205.99999999999997, 408.0, 108.99999999999994, 370.00000000000006]","[0, 0, 0, 0, 0, 24, 29, 32, 32, 40, 40, 47, 54, 32, 60, 60]","[5, 9, 16, 20, 32, 32, 32, 36, 54, 45, 54, 54, 56, 67, 62, 67]",6764700.0,460.0,-460.0,0.0,,,,DWT,inu.32000013032828,0.0,,0.0,34,6.0,0.0,34,,0.0,79.3125,486.0,79.3125,,0.0,79.3125,,,17.0,0.0,34,0.0,0.0,,5.684341886080802e-14,0.9678896050992898,0.8053140990149839,0.00015367349783178752,0.1548516842634488,0.0022392197627131858,,,,,,,0.0,0.0,0.0,281,1.0463040109264463,0.7140032909900564,370,0,0.0,0.0,275,0,0.3860896563276535,0.6570740630606318,394,60.887875092938934,0.9019518919598407,330.0,321.6505493755594,0.6852754628881329,102,rbio,249.7925925925926,196.0,174.24048813612427,135,0.6645997696604647,0.9500318207572005,0.24977061501051454,3,77.25
rbio3.3,1,smooth,1.0868702613183625e-27,322.8933795750712,3631459.586086796,0.631578947368421,327.23465743635,69,raw,2.092368146699354e-14,-6.874389946176533e-11,4.040931683462792,90805.90640081262,0.8997613832511688,1.3207638667392627e-05,1.0,323.0,,,,[],[],16,213.1875,25.000000000000057,449.99999999999994,"[3, 8, 15, 19, 22, 27, 30, 35, 38, 43, 46, 51, 55, 58, 61, 65]","[349.0, 268.0, 189.0, 25.000000000000057, 449.99999999999994, 204.0, 44.99999999999994, 52.0, 356.9999999999999, 49.0, 287.99999999999994, 41.99999999999994, 206.00000000000006, 407.9999999999999, 109.00000000000003, 370.0]","[0, 0, 0, 0, 0, 24, 29, 32, 32, 40, 40, 47, 54, 32, 60, 60]","[5, 9, 16, 20, 32, 32, 32, 36, 54, 45, 54, 54, 56, 67, 62, 67]",6764700.0,460.0,-460.0,0.0,,,,DWT,inu.32000013032828,0.0,,0.0,34,6.0,0.0,34,,0.0,79.3125,486.0,79.31250000000003,,0.0,79.3125,,,16.999999999999943,0.0,34,5.684341886080802e-14,0.0,,0.0,0.9771306073570751,0.40822198567834317,0.021591910957346493,0.5345717234262123,0.02546964539727893,,,,,,,0.0,0.0,0.0,279,1.0252018602614865,0.6996030737831967,389,0,0.0,0.0,329,0,0.39339717456325124,0.6695105026783743,371,48.948953002081666,0.9211772093364224,342.0,336.4212615110358,0.6852262858276315,103,rbio,249.7925925925926,196.0,174.24048813612427,135,0.6645997696604647,0.9500318207572005,0.24977061501051454,3,78.0
rbio3.3,1,reflect,9.921812289666708e-28,323.2892465698359,1381180.4803778676,0.6842105263157895,369.16891798783706,69,raw,1.915376070309837e-14,-6.87309098523772e-11,5.491981311281597,19723.01610651835,0.6355901237112042,1.3207638667392627e-05,1.0,323.0,,,,[],[],16,213.1875,25.000000000000057,449.99999999999994,"[3, 8, 15, 19, 22, 27, 30, 35, 38, 43, 46, 51, 55, 58, 61, 65]","[349.0, 268.0, 189.0, 25.000000000000057, 449.99999999999994, 204.0, 44.99999999999994, 52.0, 356.9999999999999, 49.0, 287.99999999999994, 41.99999999999994, 206.00000000000006, 407.99999999999994, 109.00000000000003, 370.0]","[0, 0, 0, 0, 0, 24, 29, 32, 32, 40, 40, 47, 54, 32, 60, 60]","[5, 9, 16, 20, 32, 32, 32, 36, 54, 45, 54, 54, 56, 67, 62, 67]",6764700.0,460.0,-460.0,0.0,,,,DWT,inu.32000013032828,0.0,,0.0,34,6.0,0.0,34,,0.0,79.3125,486.0,79.31250000000001,,0.0,79.3125,,,16.999999999999943,0.0,34,5.684341886080802e-14,0.0,,0.0,0.9814136169600043,0.9130089405112767,0.0009104428663247949,0.8307533539731682,0.0016208284364997267,,,,,,,0.0,0.0,0.0,275,1.3787575348286705,0.9408713022836845,14,0,0.0,0.0,434,0,0.5455414365494549,0.9284401237034889,17,206.20863221504575,0.6679410109258522,185.0,29.370168784922267,0.6850172043357119,104,rbio,249.7925925925926,196.0,174.24048813612427,135,0.6645997696604647,0.9500318207572005,0.24977061501051454,3,78.75
rbio2.8,1,antireflect,2.0521208201990826e-27,320.133127367474,1834609.9781236886,0.627906976744186,345.8425056565452,69,raw,3.3460726554553186e-14,-7.094524967499209e-11,5.426248643729592,46890.04623507546,0.7718148820806021,1.3207638667392627e-05,0.9999999999999999,323.00000000000006,,,,[],[],16,213.1875,25.0,450.0,"[3, 8, 15, 19, 22, 27, 30, 35, 38, 43, 46, 51, 55, 58, 61, 65]","[349.0000000000001, 268.00000000000006, 189.0, 25.0, 450.0, 204.0, 45.0, 52.0, 357.0, 48.99999999999994, 288.0, 42.0, 205.99999999999994, 408.00000000000006, 109.00000000000006, 370.00000000000006]","[0, 0, 0, 0, 0, 24, 29, 32, 32, 40, 40, 47, 54, 32, 60, 60]","[5, 9, 16, 20, 32, 32, 32, 36, 54, 45, 54, 54, 56, 67, 62, 67]",6764700.0,460.0,-460.0,0.0,,,,DWT,inu.32000013032828,0.0,,0.0,34,6.0,0.0,34,,0.0,79.3125,486.0,79.31249999999999,,0.0,79.3125,,,17.0,0.0,34,0.0,0.0,,5.684341886080802e-14,0.9472665700213204,0.8901420499167079,0.005077742676098337,0.5139078887368901,0.010735560916024954,,,,,,,0.0,0.0,0.0,351,1.2258272181703616,0.8365108599591831,147,0,0.0,0.0,397,0,0.47342596245340834,0.8057090253763693,156,129.8778272069563,0.7908569610193941,262.75,215.2751492174091,0.6838745352600997,105,rbio,249.7925925925926,196.0,174.24048813612427,135,0.6645997696604647,0.9500318207572005,0.24977061501051454,3,79.5
rbio3.3,1,periodic,1.0163272323264792e-27,323.1848210077702,1361414.3694036359,0.6710526315789473,369.16891798783706,69,raw,2.0080555575828932e-14,-6.869638191631136e-11,5.5054510994324675,21100.49694536796,0.6656647592162148,1.3207638667392627e-05,1.0,323.0,,,,[],[],16,213.1875,25.000000000000057,449.99999999999994,"[3, 8, 15, 19, 22, 27, 30, 35, 38, 43, 46, 51, 55, 58, 61, 65]","[349.0, 268.0, 189.0, 25.000000000000057, 449.99999999999994, 204.0, 44.99999999999994, 52.0, 356.9999999999999, 49.0, 287.99999999999994, 41.99999999999994, 206.00000000000006, 408.0, 109.00000000000003, 370.0]","[0, 0, 0, 0, 0, 24, 29, 32, 32, 40, 40, 47, 54, 32, 60, 60]","[5, 9, 16, 20, 32, 32, 32, 36, 54, 45, 54, 54, 56, 67, 62, 67]",6764700.0,460.0,-460.0,0.0,,,,DWT,inu.32000013032828,0.0,,0.0,34,6.0,0.0,34,,0.0,79.3125,486.0,79.3125,,0.0,79.3125,,,16.999999999999943,0.0,34,5.684341886080802e-14,0.0,,0.0,0.9802838039393851,0.9176947715211666,0.0007287799817696892,0.7567079463364291,0.002082983088015661,,,,,,,0.0,0.0,0.0,288,1.3508984298848772,0.9218601043850041,21,0,0.0,0.0,429,0,0.5314996569733533,0.9045428526747079,25,202.07981096586568,0.6745896763834691,190.75,42.81634247370837,0.6837119074348907,106,rbio,249.7925925925926,196.0,174.24048813612427,135,0.6645997696604647,0.9500318207572005,0.24977061501051454,3,80.25
rbio3.9,1,antisymmetric,1.5102227555952867e-27,321.4647465355946,1459579.638577713,0.6590909090909091,324.68199186799694,69,raw,2.4302621107157066e-14,-6.894174120475352e-11,5.67317094040823,62948.10741159877,0.7922419046643729,1.3207638667392627e-05,1.0,322.99999999999994,,,,[],[],16,213.1875,25.000000000000057,450.0,"[3, 8, 15, 19, 22, 27, 30, 35, 38, 43, 46, 51, 55, 58, 61, 65]","[349.0, 268.0, 189.0, 25.000000000000057, 450.0, 203.99999999999994, 45.0, 52.0, 357.0, 49.000000000000114, 287.99999999999994, 41.99999999999994, 206.00000000000006, 408.0, 109.0, 370.0]","[0, 0, 0, 0, 0, 24, 29, 32, 32, 40, 40, 47, 54, 32, 60, 60]","[5, 9, 16, 20, 32, 32, 32, 36, 54, 45, 54, 54, 56, 67, 62, 67]",6764700.0,460.0,-460.0,0.0,,,,DWT,inu.32000013032828,0.0,,0.0,34,6.0,0.0,34,,0.0,79.3125,486.0,79.3125,,0.0,79.3125,,,16.999999999999943,0.0,34,0.0,0.0,,5.684341886080802e-14,0.9616737768860792,0.9760406655334086,0.0016309800141655088,0.6893939393939392,0.016123155035486912,,,,,,,0.0,0.0,0.0,310,1.348046926677205,0.9199142237869322,22,0,0.0,0.0,415,0,0.5289725033726159,0.9002419680040095,27,199.80740727010098,0.6782489415940403,193.5,45.38902665379761,0.6833273693477447,107,rbio,249.7925925925926,196.0,174.24048813612427,135,0.6645997696604647,0.9500318207572005,0.24977061501051454,3,81.0
rbio2.2,1,periodic,8.957801397953148e-28,323.7331423382438,1321389.5983035031,0.6756756756756757,329.83916815029,69,raw,1.7763568394002505e-14,-6.956302200933377e-11,5.292112425796337,17030.26367330168,0.5008976689438851,1.3207638667392627e-05,1.0,323.0,,,,[],[],16,213.1875,25.0,449.99999999999994,"[3, 8, 15, 19, 22, 27, 30, 35, 38, 43, 46, 51, 55, 58, 61, 65]","[349.0, 268.00000000000006, 188.99999999999994, 25.0, 449.99999999999994, 203.99999999999994, 45.00000000000006, 52.0, 357.0, 49.0, 288.00000000000006, 42.0, 205.99999999999997, 408.0, 108.99999999999997, 370.0]","[0, 0, 0, 0, 0, 24, 29, 32, 32, 40, 40, 47, 54, 32, 60, 60]","[5, 9, 16, 20, 32, 32, 32, 36, 54, 45, 54, 54, 56, 67, 62, 67]",6764700.0,459.99999999999994,-459.99999999999994,0.0,,,,DWT,inu.32000013032828,0.0,,0.0,34,6.0,0.0,34,,5.684341886080802e-14,79.3125,486.0,79.3125,,0.0,79.3125,,,17.0,0.0,34,5.684341886080802e-14,5.684341886080802e-14,,0.0,0.9862162649805115,0.8434791297207149,0.0003609273788379914,0.782723900370959,0.0007173907789340224,,,,,,,0.0,0.0,0.0,304,1.3270263039980408,0.9055696417009914,32,0,0.0,0.0,423,0,0.5226995226459916,0.8895661758246767,37,196.0731156142184,0.6842622936969107,199.0,62.56787939857089,0.6819057040143168,108,rbio,249.7925925925926,196.0,174.24048813612427,135,0.6645997696604647,0.9500318207572005,0.24977061501051454,3,81.75
rbio3.3,1,periodization,1.8884915264604314e-27,320.4940062284653,1339058.5687464965,0.7142857142857143,392.3965669964342,69,raw,3.188829819326688e-14,-6.850919831435957e-11,5.3310648962616485,18302.724304448344,0.6607151083992782,1.3207638667392627e-05,1.0,323.0,,,,[],[],16,213.18749999999994,24.99999999999983,449.9999999999999,"[3, 8, 15, 19, 22, 27, 30, 35, 38, 43, 46, 51, 55, 58, 61, 65]","[348.9999999999999, 268.0, 188.99999999999997, 24.99999999999983, 449.9999999999999, 203.99999999999994, 44.99999999999994, 51.999999999999886, 356.99999999999994, 48.99999999999994, 288.0, 41.99999999999994, 205.99999999999994, 407.99999999999994, 109.0, 370.0]","[0, 0, 0, 0, 0, 24, 29, 32, 32, 40, 40, 47, 54, 32, 60, 60]","[5, 9, 16, 20, 32, 32, 32, 36, 54, 45, 54, 54, 56, 67, 62, 67]",6764700.0,459.99999999999994,-459.99999999999994,0.0,,,,DWT,inu.32000013032828,0.0,,0.0,34,6.0,0.0,34,,5.684341886080802e-14,79.31250000000006,485.9999999999991,79.31250000000007,,0.0,79.31250000000006,,,17.00000000000017,0.0,34,1.1368683772161603e-13,5.684341886080802e-14,,0.0,0.9511710319935511,0.8570298026766502,0.0005233162342874803,1.0,0.0011443104013125491,,,,,,,0.0,0.0,0.0,274,1.3999369028121247,0.9553242129897095,8,0,0.0,0.0,440,0,0.5619736922611603,0.9564056722458684,8,212.5864530020669,0.6576707681126137,182.5,15.629740066117847,0.6818949653767578,109,rbio,249.7925925925926,196.0,174.24048813612427,135,0.6645997696604647,0.9500318207572005,0.24977061501051454,3,82.5
bior1.5,1,zero,4.8416395221773314e-27,316.4052321187104,1331107.119199339,0.5769230769230769,241.6461764279439,69,raw,5.035585475169407e-14,-7.234313148529762e-11,5.181638471538099,23697.032374977047,0.7107574249983082,1.3207638667392622e-05,0.9999999999999999,323.0,,,,[],[],16,213.18750000000006,25.000000000000057,450.00000000000006,"[3, 8, 15, 19, 22, 27, 30, 35, 38, 43, 46, 51, 55, 58, 61, 65]","[349.0000000000001, 268.0, 189.00000000000006, 25.000000000000057, 450.00000000000006, 204.0000000000001, 45.0, 52.000000000000114, 357.0, 49.0, 288.00000000000006, 41.99999999999994, 206.0, 408.00000000000006, 109.00000000000003, 370.00000000000017]","[0, 0, 0, 0, 0, 24, 29, 32, 32, 40, 40, 47, 54, 32, 60, 60]","[5, 9, 16, 20, 32, 32, 32, 36, 54, 45, 54, 54, 56, 67, 62, 67]",6764700.000000002,460.00000000000006,-460.00000000000006,0.0,,,,DWT,inu.32000013032828,1.862645149230957e-09,,0.0,34,6.0,0.0,34,,5.684341886080802e-14,79.31249999999994,486.0000000000009,79.31249999999996,,0.0,79.31249999999994,,,16.999999999999943,0.0,34,5.684341886080802e-14,5.684341886080802e-14,,0.0,0.9069332980882561,0.8050477694906757,0.00045023745500641105,0.22699849170437364,0.002954139254240037,,,,,,,0.000134147159433899,6.70735797169495e-05,0.000134147159433899,196,1.03889003470924,0.7089439551152755,373,0,0.000134147159433899,0.000134147159433899,210,0,0.38847678719851036,0.661136647371464,390,103.44845737531969,0.8334163327289538,292.25,264.7426356229253,0.6814022082324318,110,bior,292.162962962963,301.0,176.53037485058104,135,0.7773306480916924,0.9625172382852065,0.16711337485025335,4,83.5
sym14,1,antisymmetric,9.555069182101357e-22,263.4528182751412,1570510.7430555127,0.6666666666666666,308.8721935334271,69,raw,2.3263207785238706e-11,,5.639535126949527,72850.14047740436,0.8778910853525702,1.320763866739737e-05,1.0,323.00000000000006,,,,[],[],16,213.18749999994503,25.0,449.9999999998928,"[3, 8, 15, 19, 22, 27, 30, 35, 38, 43, 46, 51, 55, 58, 61, 65]","[348.9999999998744, 267.99999999995, 188.99999999994944, 25.0, 449.9999999998928, 203.99999999992394, 44.999999999969134, 51.99999999999312, 356.99999999991473, 48.999999999978684, 287.9999999999213, 41.999999999986414, 205.9999999999801, 407.9999999999201, 108.99999999999807, 369.99999999986795]","[0, 0, 0, 0, 0, 24, 29, 32, 32, 40, 40, 47, 54, 32, 60, 60]","[5, 9, 16, 20, 32, 32, 32, 36, 54, 45, 54, 54, 56, 67, 62, 67]",6764699.99999948,459.9999999999695,-459.9999999999695,0.0,,,,DWT,inu.32000013032828,5.19677996635437e-07,,0.0,34,6.0,0.0,34,,3.0524915928253904e-11,79.31250000005497,485.9999999991205,79.31250000005498,,0.0,79.31250000005497,,,17.0,0.0,34,1.0720668797148392e-10,3.0524915928253904e-11,,5.684341886080802e-14,0.3340244676233517,0.9643395358658658,0.0026505060328442624,0.7320261437908494,0.019445357792694386,,,,,,,0.03742705748205782,0.01871352874102891,0.03742705748205782,108,0.9844983021567837,0.6718267543404093,415,0,0.03742705748205782,0.03742705748205782,108,0,0.4104972022211212,0.6986125116741047,329,156.41184950849046,0.748129066814025,240.0,166.89147817623123,0.6808278184311671,111,sym,375.8541666666667,399.5,183.40489689834808,144,1.0,1.0,0.0,6,84.75
rbio1.1,1,periodization,2.3658104887257853e-27,319.5153571047487,1335542.8079082333,0.6714285714285714,333.3773713843218,69,raw,4.091637806020762e-14,-7.179301597659584e-11,5.177852749498056,15111.808163265307,0.5752597846852022,1.3207638667392624e-05,1.0,323.00000000000006,,,,[],[],16,213.1875,25.0,450.00000000000006,"[3, 8, 15, 19, 22, 27, 30, 35, 38, 43, 46, 51, 55, 58, 61, 65]","[349.00000000000006, 268.0, 189.0, 25.0, 450.00000000000006, 204.00000000000006, 45.0, 52.0, 357.00000000000006, 48.99999999999994, 288.00000000000006, 41.99999999999994, 206.00000000000003, 408.00000000000006, 109.0, 370.00000000000006]","[0, 0, 0, 0, 0, 24, 29, 32, 32, 40, 40, 47, 54, 32, 60, 60]","[5, 9, 16, 20, 32, 32, 32, 36, 54, 45, 54, 54, 56, 67, 62, 67]",6764700.0,460.00000000000006,-460.00000000000006,0.0,,,,DWT,inu.32000013032828,0.0,,0.0,34,6.0,0.0,34,,5.684341886080802e-14,79.3125,486.0,79.31249999999999,,0.0,79.3125,,,17.0,0.0,34,5.684341886080802e-14,5.684341886080802e-14,,5.684341886080802e-14,0.9405827191253159,0.803730803438102,0.000491004200012382,0.7588235294117645,7.373526469097889e-05,,,,,,,0.0,0.0,0.0,330,1.270019441164829,0.8666678624409735,84,0,0.0,0.0,412,0,0.5007403582879772,0.8521945521365979,79,170.4745826606809,0.7254837638314318,226.25,133.2423854157252,0.6805760204020282,112,rbio,249.7925925925926,196.0,174.24048813612427,135,0.6645997696604647,0.9500318207572005,0.24977061501051454,3,84.75
bior1.5,1,smooth,4.572374999861892e-27,316.6537382184723,5551103.745963875,0.6666666666666666,365.1229170674397,69,raw,5.076776358401877e-14,-7.232181520322482e-11,3.6132575668771425,146398.81063086356,0.9461054054845869,1.3207638667392622e-05,0.9999999999999998,323.0,,,,[],[],16,213.18750000000006,25.000000000000057,450.00000000000006,"[3, 8, 15, 19, 22, 27, 30, 35, 38, 43, 46, 51, 55, 58, 61, 65]","[349.0000000000001, 268.0, 189.00000000000006, 25.000000000000057, 450.00000000000006, 204.0000000000001, 45.0, 52.000000000000114, 357.0, 49.0, 288.00000000000006, 41.99999999999994, 206.0, 408.0000000000001, 109.00000000000003, 370.0000000000001]","[0, 0, 0, 0, 0, 24, 29, 32, 32, 40, 40, 47, 54, 32, 60, 60]","[5, 9, 16, 20, 32, 32, 32, 36, 54, 45, 54, 54, 56, 67, 62, 67]",6764700.000000002,460.00000000000006,-460.00000000000006,0.0,,,,DWT,inu.32000013032828,1.862645149230957e-09,,0.0,34,6.0,0.0,34,,5.684341886080802e-14,79.31249999999994,486.0000000000009,79.31249999999997,,0.0,79.31249999999994,,,16.999999999999943,0.0,34,5.684341886080802e-14,5.684341886080802e-14,,0.0,0.9096219637909866,0.25944394884672306,0.039234637736390444,0.7320261437908494,0.044121461492706265,,,,,,,0.000134147159433899,6.70735797169495e-05,0.000134147159433899,210,1.0055715136795709,0.6862072233263562,405,0,0.000134147159433899,0.000134147159433899,211,0,0.3968896311315312,0.6754542066594906,359,100.78152939237758,0.8377109027497945,296.25,271.07814950401644,0.6803288813265881,113,bior,292.162962962963,301.0,176.53037485058104,135,0.7773306480916924,0.9625172382852065,0.16711337485025335,4,85.75
rbio3.3,1,zero,9.923641532345481e-28,323.28844595322033,1301632.8021248742,0.6710526315789473,315.9975860541937,69,raw,1.9205249307138953e-14,-6.87309098523772e-11,5.333556445528446,23164.705961359505,0.5478590391809773,1.3207638667392627e-05,1.0,323.0,,,,[],[],16,213.1875,25.000000000000057,449.99999999999994,"[3, 8, 15, 19, 22, 27, 30, 35, 38, 43, 46, 51, 55, 58, 61, 65]","[349.0, 268.0, 189.0, 25.000000000000057, 449.99999999999994, 204.0, 44.99999999999994, 52.0, 356.9999999999999, 49.0, 287.99999999999994, 41.99999999999994, 206.00000000000006, 407.99999999999994, 109.00000000000003, 370.0]","[0, 0, 0, 0, 0, 24, 29, 32, 32, 40, 40, 47, 54, 32, 60, 60]","[5, 9, 16, 20, 32, 32, 32, 36, 54, 45, 54, 54, 56, 67, 62, 67]",6764700.0,460.0,-460.0,0.0,,,,DWT,inu.32000013032828,0.0,,0.0,34,6.0,0.0,34,,0.0,79.3125,486.0,79.31250000000001,,0.0,79.3125,,,16.999999999999943,0.0,34,5.684341886080802e-14,0.0,,0.0,0.981404954836872,0.8578965556416012,0.00017935010306250124,0.7567079463364291,0.0027755399436437452,,,,,,,0.0,0.0,0.0,305,1.321674320286484,0.9019174202209331,36,0,0.0,0.0,427,0,0.5197928693723217,0.884619432380149,40,195.81794265762946,0.6846732002292601,202.0,68.49504288737886,0.6796956983432936,114,rbio,249.7925925925926,196.0,174.24048813612427,135,0.6645997696604647,0.9500318207572005,0.24977061501051454,3,86.25
rbio3.7,1,antisymmetric,1.3099206822696036e-27,322.0827066411618,1424573.3161793617,0.6547619047619048,327.4724316554194,69,raw,2.260349717381769e-14,-6.892619808240876e-11,5.5855825015114995,56115.865399435235,0.7729125825287286,1.3207638667392627e-05,1.0,322.99999999999994,,,,[],[],16,213.1875,25.000000000000057,450.0,"[3, 8, 15, 19, 22, 27, 30, 35, 38, 43, 46, 51, 55, 58, 61, 65]","[349.0, 268.0, 189.0, 25.000000000000057, 450.0, 203.99999999999994, 45.00000000000006, 52.0, 356.9999999999999, 49.000000000000114, 287.99999999999994, 41.99999999999994, 206.00000000000006, 407.99999999999994, 109.0, 370.0]","[0, 0, 0, 0, 0, 24, 29, 32, 32, 40, 40, 47, 54, 32, 60, 60]","[5, 9, 16, 20, 32, 32, 32, 36, 54, 45, 54, 54, 56, 67, 62, 67]",6764700.0,460.0,-460.0,0.0,,,,DWT,inu.32000013032828,0.0,,0.0,34,6.0,0.0,34,,0.0,79.3125,486.0,79.3125,,0.0,79.3125,,,16.999999999999943,0.0,34,0.0,0.0,,5.684341886080802e-14,0.9683596817515373,0.9455706523087664,0.0013092500839409482,0.6650326797385621,0.013830889083649088,,,,,,,0.0,0.0,0.0,311,1.3260011877761606,0.9048700970672844,33,0,0.0,0.0,424,0,0.5188206305932913,0.8829648092263485,42,196.06546525756815,0.6842746131118065,202.5,67.01685344744608,0.6790938282950336,115,rbio,249.7925925925926,196.0,174.24048813612427,135,0.6645997696604647,0.9500318207572005,0.24977061501051454,3,87.0
db1,1,smooth,3.096542006627545e-27,318.34638687487507,1426810.3408390845,0.6714285714285714,338.0949756963641,69,raw,4.4898062723391835e-14,-7.196621076843737e-11,5.144889120780414,17914.448163265308,0.5972211279560509,1.3207638667392622e-05,0.9999999999999999,323.00000000000006,,,,[],[],16,213.18750000000006,25.0,450.00000000000006,"[3, 8, 15, 19, 22, 27, 30, 35, 38, 43, 46, 51, 55, 58, 61, 65]","[349.00000000000006, 268.0000000000001, 189.00000000000006, 25.0, 450.00000000000006, 204.00000000000006, 45.0, 52.0, 357.00000000000006, 48.99999999999994, 288.00000000000006, 41.99999999999994, 206.00000000000003, 408.0000000000001, 109.00000000000003, 370.00000000000006]","[0, 0, 0, 0, 0, 24, 29, 32, 32, 40, 40, 47, 54, 32, 60, 60]","[5, 9, 16, 20, 32, 32, 32, 36, 54, 45, 54, 54, 56, 67, 62, 67]",6764700.0,460.00000000000006,-460.00000000000006,0.0,,,,DWT,inu.32000013032828,0.0,,0.0,34,6.0,0.0,34,,5.684341886080802e-14,79.31249999999994,486.0000000000009,79.31249999999997,,0.0,79.31249999999994,,,17.0,0.0,34,5.684341886080802e-14,5.684341886080802e-14,,5.684341886080802e-14,0.9279352623120409,0.7922635114574449,0.001329809735408854,0.7588235294117645,0.0010140409851003727,,,,,,,0.0,0.0,0.0,409,1.2574928461423973,0.858119648941346,113,0,0.0,0.0,343,0,0.4962732307803519,0.8445920857831499,107,155.9401594629598,0.7488886321047346,243.0,169.80961924409442,0.6787921421393238,116,db,361.0980392156863,403.0,158.96390539935234,153,0.9607397529157442,0.8667375194865046,0.06746091711302768,5,88.25
sym10,1,antisymmetric,6.82876066099453e-24,284.91173771823674,1498780.200298505,0.625,288.25946430839457,69,raw,1.966813185746381e-12,-8.119016570163152e-11,5.472928243912037,62188.88409522267,0.8609536057882518,1.3207638667392266e-05,1.0,322.99999999999966,,,,[],[],16,213.1875000000048,25.00000000000091,450.0000000000091,"[3, 8, 15, 19, 22, 27, 30, 35, 38, 43, 46, 51, 55, 58, 61, 65]","[349.00000000001125, 268.00000000000415, 189.00000000000418, 25.00000000000091, 450.0000000000091, 204.00000000000688, 45.000000000002956, 52.000000000001364, 357.00000000000693, 49.000000000002274, 288.0000000000068, 42.00000000000114, 206.00000000000216, 408.00000000000705, 108.99999999999923, 370.0000000000106]","[0, 0, 0, 0, 0, 24, 29, 32, 32, 40, 40, 47, 54, 32, 60, 60]","[5, 9, 16, 20, 32, 32, 32, 36, 54, 45, 54, 54, 56, 67, 62, 67]",6764700.000000037,460.0000000000028,-460.0000000000028,0.0,,,,DWT,inu.32000013032828,3.725290298461914e-08,,0.0,34,6.0,0.0,34,,2.7853275241795927e-12,79.3124999999952,486.00000000007685,79.31249999999676,,0.0,79.3124999999952,,,16.99999999999909,0.0,34,9.094947017729282e-12,2.7853275241795927e-12,,3.410605131648481e-13,0.5661952705919022,0.9063808144476877,0.0019912576189843453,0.49754901960784303,0.015868430194816457,,,,,,,0.0026829431886779796,0.0013414715943389898,0.0026829431886779796,181,0.9992701783095411,0.6819071593441398,408,0,0.0026829431886779796,0.0026829431886779796,180,0,0.39759695849224674,0.6766579852513338,356,118.25783976830739,0.8095686960252699,281.25,244.7922500436078,0.6783350726503161,117,sym,375.8541666666667,399.5,183.40489689834808,144,1.0,1.0,0.0,6,89.25
coif3,1,zero,4.65359337479943e-27,316.5772723086622,1322471.2627505453,0.5813953488372093,166.2148877136312,69,raw,4.6957606885015285e-14,-7.142741953458679e-11,5.115196216763472,25411.885884261766,0.8146191650136592,1.3207638667392622e-05,1.0,323.0000000000001,,,,[],[],16,213.18750000000003,25.0,449.99999999999994,"[3, 8, 15, 19, 22, 27, 30, 35, 38, 43, 46, 51, 55, 58, 61, 65]","[349.0, 268.0000000000001, 189.00000000000003, 25.0, 449.99999999999994, 204.0, 44.99999999999994, 52.000000000000114, 357.00000000000006, 48.99999999999994, 288.00000000000006, 41.999999999999886, 206.00000000000009, 407.9999999999999, 109.00000000000009, 370.00000000000017]","[0, 0, 0, 0, 0, 24, 29, 32, 32, 40, 40, 47, 54, 32, 60, 60]","[5, 9, 16, 20, 32, 32, 32, 36, 54, 45, 54, 54, 56, 67, 62, 67]",6764700.0,459.99999999999994,-459.99999999999994,0.0,,,,DWT,inu.32000013032828,0.0,,0.0,34,6.0,0.0,34,,5.684341886080802e-14,79.31249999999997,486.00000000000045,79.31249999999997,,0.0,79.31249999999997,,,17.0,0.0,34,5.684341886080802e-14,5.684341886080802e-14,,1.1368683772161603e-13,0.9087946550475333,0.7819340297419303,0.0003708685495531893,0.25216598267213863,0.0035294848442710596,,,,,,,0.0,0.0,0.0,360,1.0387074291808256,0.7088193441543318,374,0,0.0,0.0,271,0,0.3893590041710854,0.6626380651928703,386,52.25817320445355,0.9158483523277721,347.75,340.93955139626485,0.6779322276936767,118,coif,212.88888888888889,210.0,126.92181240687695,45,0.566413539530329,0.6920306630483438,0.39590132341426654,2,89.0
sym16,1,smooth,7.380421620258407e-20,244.57434490954552,80940664.22624184,0.6,291.8761908343948,69,raw,1.8313909487150724e-10,,3.1941077877726656,2292075.2296323148,0.9982071286520809,1.3207638667429775e-05,0.9999999999999998,323.0000000000128,,,,[],[],16,213.18749999954287,24.9999999999593,449.99999999923784,"[3, 8, 15, 19, 22, 27, 30, 35, 38, 43, 46, 51, 55, 58, 61, 65]","[348.99999999905265, 267.9999999996381, 188.9999999996538, 24.9999999999593, 449.99999999923784, 203.99999999945317, 44.9999999997558, 51.99999999991161, 356.9999999994144, 48.999999999831005, 287.99999999943344, 41.99999999990695, 205.99999999983436, 407.9999999981983, 109.00000000002285, 369.99999999938257]","[0, 0, 0, 0, 0, 24, 29, 32, 32, 40, 40, 47, 54, 32, 60, 60]","[5, 9, 16, 20, 32, 32, 32, 36, 54, 45, 54, 54, 56, 67, 62, 67]",6764699.999998059,459.9999999997726,-459.9999999997726,0.0,,,,DWT,inu.32000013032828,1.9408762454986572e-06,,0.0,34,6.0,0.0,34,,2.2737367544323206e-10,79.31250000045713,485.99999999268584,79.31250000045712,,0.0,79.31250000045713,,,17.0000000000407,0.0,34,7.621565600857139e-10,2.2737367544323206e-10,,1.2789769243681803e-11,0.12977232288076035,0.11363133392528069,0.7321117059691414,0.35686274509803895,0.7640112122043947,,,,,,,0.13978134013012275,0.06989067006506137,0.13978134013012275,28,0.9490844965966407,0.6476601895061265,434,0,0.13978134013012275,0.13978134013012275,28,0,0.41927786401552325,0.7135560488216337,299,203.05561635506007,0.6730183311512721,197.25,51.89602079584083,0.677692740454863,119,sym,375.8541666666667,399.5,183.40489689834808,144,1.0,1.0,0.0,6,90.75
coif2,1,zero,3.453610177524105e-27,317.87242347880544,1323266.866776785,0.575,202.94948752465365,69,raw,3.913133907084608e-14,-7.073419627801083e-11,5.1121207443797525,23024.704375000005,0.7837409090063039,1.3207638667392624e-05,1.0,323.0000000000001,,,,[],[],16,213.18750000000003,24.99999999999983,450.0,"[3, 8, 15, 19, 22, 27, 30, 35, 38, 43, 46, 51, 55, 58, 61, 65]","[349.00000000000006, 268.0, 189.0000000000001, 24.99999999999983, 450.0, 204.0, 45.000000000000114, 52.00000000000017, 357.0000000000001, 48.99999999999994, 288.00000000000006, 42.00000000000006, 206.0, 408.0, 109.0, 370.0]","[0, 0, 0, 0, 0, 24, 29, 32, 32, 40, 40, 47, 54, 32, 60, 60]","[5, 9, 16, 20, 32, 32, 32, 36, 54, 45, 54, 54, 56, 67, 62, 67]",6764700.0,460.0,-460.0,0.0,,,,DWT,inu.32000013032828,0.0,,0.0,34,6.0,0.0,34,,0.0,79.31249999999997,486.00000000000045,79.31249999999997,,0.0,79.31249999999997,,,17.00000000000017,0.0,34,0.0,0.0,,1.1368683772161603e-13,0.9228073031650303,0.7808641432890566,0.000378180646634846,0.21617647058823491,0.002728568412330331,,,,,,,0.0,0.0,0.0,369,1.0318675594670899,0.7041517815391161,382,0,0.0,0.0,325,0,0.3845909332202575,0.654523432487033,399,31.6478013980961,0.9490373568468662,368.75,366.60194378629586,0.6776185173928373,120,coif,212.88888888888889,210.0,126.92181240687695,45,0.566413539530329,0.6920306630483438,0.39590132341426654,2,90.5
db16,1,periodization,1.0808776515844821e-26,312.9173912597681,1340715.6179393954,0.5857142857142857,292.07740096648996,69,raw,8.10511078542652e-14,-7.200418039587956e-11,5.157875322306115,15111.808163265308,0.5898379564972916,1.3207638667392624e-05,1.0,322.99999999999994,,,,[],[],16,213.1875,25.000000000000284,450.0,"[3, 8, 15, 19, 22, 27, 30, 35, 38, 43, 46, 51, 55, 58, 61, 65]","[349.00000000000017, 267.9999999999999, 189.00000000000017, 25.000000000000284, 450.0, 203.99999999999991, 44.99999999999977, 51.99999999999966, 357.0, 49.00000000000017, 288.00000000000006, 42.0, 206.00000000000006, 407.99999999999994, 108.99999999999994, 370.00000000000017]","[0, 0, 0, 0, 0, 24, 29, 32, 32, 40, 40, 47, 54, 32, 60, 60]","[5, 9, 16, 20, 32, 32, 32, 36, 54, 45, 54, 54, 56, 67, 62, 67]",6764700.000000002,460.00000000000006,-460.00000000000006,0.0,,,,DWT,inu.32000013032828,1.862645149230957e-09,,0.0,34,6.0,0.0,34,,5.684341886080802e-14,79.3125,486.0,79.31249999999999,,0.0,79.3125,,,16.999999999999716,0.0,34,0.0,5.684341886080802e-14,,5.684341886080802e-14,0.8691972501481677,0.7967811137484562,0.000538545549584969,0.27647058823529413,7.373526469097976e-05,,,,,,,0.000134147159433899,6.70735797169495e-05,0.000134147159433899,203,1.0307959091379153,0.7034204817889185,385,0,0.000134147159433899,0.000134147159433899,208,0,0.38861224658923876,0.6613671815253501,389,104.82167396742591,0.8312050338688793,296.25,268.4221949407199,0.6770759468861305,121,db,361.0980392156863,403.0,158.96390539935234,153,0.9607397529157442,0.8667375194865046,0.06746091711302768,5,92.0
db1,1,antireflect,3.096542006627545e-27,318.34638687487507,1426810.3408390845,0.6714285714285714,338.0949756963641,69,raw,4.4898062723391835e-14,-7.196621076843737e-11,5.144889120780414,17914.448163265308,0.5972211279560509,1.3207638667392622e-05,0.9999999999999999,323.00000000000006,,,,[],[],16,213.18750000000006,25.0,450.00000000000006,"[3, 8, 15, 19, 22, 27, 30, 35, 38, 43, 46, 51, 55, 58, 61, 65]","[349.00000000000006, 268.0000000000001, 189.00000000000006, 25.0, 450.00000000000006, 204.00000000000006, 45.0, 52.0, 357.00000000000006, 48.99999999999994, 288.00000000000006, 41.99999999999994, 206.00000000000003, 408.0000000000001, 109.00000000000003, 370.00000000000006]","[0, 0, 0, 0, 0, 24, 29, 32, 32, 40, 40, 47, 54, 32, 60, 60]","[5, 9, 16, 20, 32, 32, 32, 36, 54, 45, 54, 54, 56, 67, 62, 67]",6764700.0,460.00000000000006,-460.00000000000006,0.0,,,,DWT,inu.32000013032828,0.0,,0.0,34,6.0,0.0,34,,5.684341886080802e-14,79.31249999999994,486.0000000000009,79.31249999999997,,0.0,79.31249999999994,,,17.0,0.0,34,5.684341886080802e-14,5.684341886080802e-14,,5.684341886080802e-14,0.9279352623120409,0.7922635114574449,0.001329809735408854,0.7588235294117645,0.0010140409851003727,,,,,,,0.0,0.0,0.0,405,1.2574928461423973,0.858119648941346,116,0,0.0,0.0,353,0,0.4962732307803519,0.8445920857831499,106,156.232732379187,0.7484175001945459,245.0,171.25744429948634,0.6769462702260974,122,db,361.0980392156863,403.0,158.96390539935234,153,0.9607397529157442,0.8667375194865046,0.06746091711302768,5,92.75
coif5,1,periodization,1.1533759484226971e-26,312.6354477262277,1342876.6178877056,0.6,290.24137347636014,69,raw,8.10045843643759e-14,-7.04657443506565e-11,5.149575104582147,15111.808163265307,0.5945885954394649,1.3207638667392624e-05,0.9999999999999998,323.0,,,,[],[],16,213.1875,25.000000000000057,450.00000000000006,"[3, 8, 15, 19, 22, 27, 30, 35, 38, 43, 46, 51, 55, 58, 61, 65]","[349.0, 267.9999999999999, 189.00000000000014, 25.000000000000057, 450.00000000000006, 204.00000000000003, 45.000000000000284, 52.00000000000017, 356.99999999999966, 48.99999999999994, 287.9999999999999, 42.00000000000017, 205.99999999999983, 408.0000000000001, 109.0, 369.9999999999999]","[0, 0, 0, 0, 0, 24, 29, 32, 32, 40, 40, 47, 54, 32, 60, 60]","[5, 9, 16, 20, 32, 32, 32, 36, 54, 45, 54, 54, 56, 67, 62, 67]",6764700.0,460.00000000000006,-460.00000000000006,0.0,,,,DWT,inu.32000013032828,0.0,,0.0,34,6.0,0.0,34,,5.684341886080802e-14,79.3125,486.0,79.31250000000001,,0.0,79.3125,,,16.999999999999943,0.0,34,5.684341886080802e-14,5.684341886080802e-14,,0.0,0.8661468143260169,0.7938936579723018,0.00055840648655154,0.35686274509803895,7.373526469097889e-05,,,,,,,0.0,0.0,0.0,415,1.059688712970129,0.7231370811775266,344,0,0.0,0.0,273,0,0.40350707182952006,0.6867162246266343,341,57.99066016753617,0.9066172944162059,343.25,335.79103602654766,0.6769398871436907,123,coif,212.88888888888889,210.0,126.92181240687695,45,0.566413539530329,0.6920306630483438,0.39590132341426654,2,92.75
coif3,1,constant,4.489693230781337e-27,316.7329899557371,1484078.5063421594,0.5697674418604651,208.4917736824402,69,raw,4.61337892203659e-14,-7.14709402771521e-11,5.217537998771321,22364.123850730124,0.8015346400594546,1.3207638667392622e-05,1.0,323.0000000000001,,,,[],[],16,213.18750000000003,25.0,449.99999999999994,"[3, 8, 15, 19, 22, 27, 30, 35, 38, 43, 46, 51, 55, 58, 61, 65]","[349.0, 268.0000000000001, 189.00000000000003, 25.0, 449.99999999999994, 204.0, 44.99999999999994, 52.000000000000114, 357.00000000000006, 48.99999999999994, 288.00000000000006, 41.999999999999886, 206.00000000000006, 407.99999999999994, 109.00000000000009, 370.00000000000017]","[0, 0, 0, 0, 0, 24, 29, 32, 32, 40, 40, 47, 54, 32, 60, 60]","[5, 9, 16, 20, 32, 32, 32, 36, 54, 45, 54, 54, 56, 67, 62, 67]",6764700.0,459.99999999999994,-459.99999999999994,0.0,,,,DWT,inu.32000013032828,0.0,,0.0,34,6.0,0.0,34,,5.684341886080802e-14,79.31249999999997,486.00000000000045,79.31249999999997,,0.0,79.31249999999997,,,17.0,0.0,34,5.684341886080802e-14,5.684341886080802e-14,,1.1368683772161603e-13,0.9104794132784227,0.8175363933699569,0.0018561398846238608,0.18673050615595066,0.002506938932353593,,,,,,,0.0,0.0,0.0,359,1.0316788926296656,0.7040230343094248,383,0,0.0,0.0,326,0,0.3838218783242616,0.6532146017091376,405,33.8563140344604,0.9454809757899189,368.25,365.861404888165,0.6762429033538966,124,coif,212.88888888888889,210.0,126.92181240687695,45,0.566413539530329,0.6920306630483438,0.39590132341426654,2,93.5
db3,1,periodization,1.194997587431336e-27,322.48148634870887,1327855.3505293105,0.6428571428571429,320.1991290762697,69,raw,2.3845184703234834e-14,-6.819034226168721e-11,5.207829299511759,15111.808163265305,0.5647554229255262,1.3207638667392627e-05,1.0,323.0,,,,[],[],16,213.1875,25.0,449.99999999999994,"[3, 8, 15, 19, 22, 27, 30, 35, 38, 43, 46, 51, 55, 58, 61, 65]","[349.0, 268.00000000000006, 189.00000000000009, 25.0, 449.99999999999994, 203.99999999999994, 44.99999999999994, 52.00000000000006, 357.0, 49.0, 288.0, 42.00000000000006, 205.99999999999997, 407.99999999999994, 109.0, 370.00000000000006]","[0, 0, 0, 0, 0, 24, 29, 32, 32, 40, 40, 47, 54, 32, 60, 60]","[5, 9, 16, 20, 32, 32, 32, 36, 54, 45, 54, 54, 56, 67, 62, 67]",6764700.0,460.0,-460.0,0.0,,,,DWT,inu.32000013032828,0.0,,0.0,34,6.0,0.0,34,,0.0,79.3125,486.0,79.31249999999999,,0.0,79.3125,,,17.0,0.0,34,5.684341886080802e-14,0.0,,0.0,0.9726742049107432,0.8141589591039836,0.00042035167336360794,0.5980392156862747,7.373526469097889e-05,,,,,,,0.0,0.0,0.0,374,1.230139358715506,0.8394534870621019,142,0,0.0,0.0,400,0,0.47707329332781123,0.8119163051563192,150,139.58390547146425,0.7752272053599609,266.5,211.83392222624786,0.6730403337588855,125,db,361.0980392156863,403.0,158.96390539935234,153,0.9607397529157442,0.8667375194865046,0.06746091711302768,5,95.0
sym10,1,symmetric,7.569502971701874e-24,284.46448299547865,1496268.0252325186,0.625,288.6044335552562,69,raw,2.068142758498256e-12,,5.482117074816946,17642.799565611662,0.5983969989837804,1.3207638667392183e-05,1.0,322.99999999999966,,,,[],[],16,213.1875000000053,25.00000000000091,450.0000000000091,"[3, 8, 15, 19, 22, 27, 30, 35, 38, 43, 46, 51, 55, 58, 61, 65]","[349.0000000000113, 268.0000000000043, 189.00000000000412, 25.00000000000091, 450.0000000000091, 204.00000000000688, 45.000000000002956, 52.000000000001364, 357.00000000000693, 49.000000000002274, 288.0000000000068, 42.00000000000114, 206.00000000000216, 408.00000000001535, 108.99999999999926, 370.00000000000944]","[0, 0, 0, 0, 0, 24, 29, 32, 32, 40, 40, 47, 54, 32, 60, 60]","[5, 9, 16, 20, 32, 32, 32, 36, 54, 45, 54, 54, 56, 67, 62, 67]",6764700.000000034,460.0000000000028,-460.0000000000028,0.0,,,,DWT,inu.32000013032828,3.4458935260772705e-08,,0.0,34,6.0,0.0,34,,2.7853275241795927e-12,79.31249999999471,486.0000000000846,79.31249999999672,,0.0,79.31249999999471,,,16.99999999999909,0.0,34,9.094947017729282e-12,2.7853275241795927e-12,,3.410605131648481e-13,0.5613562809871562,0.9095773984114879,0.0019681691637191976,0.49754901960784303,0.0009229009420285144,,,,,,,0.0024817224495271312,0.0012408612247635656,0.0024817224495271312,183,0.9919753205998458,0.6769291105575211,410,0,0.0024817224495271312,0.0024817224495271312,183,0,0.394274753822447,0.6710040277186,368,120.16377712660889,0.8064995537413706,286.0,248.6730581311046,0.6729760248578028,126,sym,375.8541666666667,399.5,183.40489689834808,144,1.0,1.0,0.0,6,96.0
rbio3.3,1,antisymmetric,1.0860213783877442e-27,322.8967728891654,1350891.4944440972,0.6447368421052632,325.41641410775037,69,raw,2.0852884636437743e-14,-6.85881351714104e-11,5.4344423265738655,37872.11725580527,0.6730683530792452,1.3207638667392627e-05,1.0,323.0,,,,[],[],16,213.1875,25.000000000000057,449.99999999999994,"[3, 8, 15, 19, 22, 27, 30, 35, 38, 43, 46, 51, 55, 58, 61, 65]","[349.0, 268.0, 189.0, 25.000000000000057, 449.99999999999994, 204.0, 44.99999999999994, 52.0, 356.9999999999999, 49.0, 287.99999999999994, 41.99999999999994, 206.00000000000006, 408.0, 109.00000000000003, 370.0]","[0, 0, 0, 0, 0, 24, 29, 32, 32, 40, 40, 47, 54, 32, 60, 60]","[5, 9, 16, 20, 32, 32, 32, 36, 54, 45, 54, 54, 56, 67, 62, 67]",6764700.0,460.0,-460.0,0.0,,,,DWT,inu.32000013032828,0.0,,0.0,34,6.0,0.0,34,,0.0,79.3125,486.0,79.3125,,0.0,79.3125,,,16.999999999999943,0.0,34,5.684341886080802e-14,0.0,,0.0,0.977167320690198,0.8929924446465182,0.0006320681995959179,0.6086171310629515,0.007709981389059878,,,,,,,0.0,0.0,0.0,286,1.2796434938179801,0.8732353659535779,69,0,0.0,0.0,454,0,0.4974237891976646,0.8465501856225579,99,179.218674622187,0.711403100447364,227.0,132.04409705675727,0.6729318239756948,127,rbio,249.7925925925926,196.0,174.24048813612427,135,0.6645997696604647,0.9500318207572005,0.24977061501051454,3,96.0
db1,1,antisymmetric,2.909227556321153e-27,318.6173797078936,1335542.8079082333,0.6714285714285714,333.3773713843218,69,raw,4.3250427394093045e-14,-7.188005746172646e-11,5.177852749498056,21601.70204081633,0.5058688308196425,1.3207638667392622e-05,1.0,323.00000000000006,,,,[],[],16,213.18750000000006,25.0,450.00000000000006,"[3, 8, 15, 19, 22, 27, 30, 35, 38, 43, 46, 51, 55, 58, 61, 65]","[349.00000000000006, 268.0000000000001, 189.00000000000006, 25.0, 450.00000000000006, 204.00000000000006, 45.0, 52.0, 357.00000000000006, 48.99999999999994, 288.00000000000006, 41.99999999999994, 206.00000000000003, 408.0000000000001, 109.00000000000003, 370.00000000000006]","[0, 0, 0, 0, 0, 24, 29, 32, 32, 40, 40, 47, 54, 32, 60, 60]","[5, 9, 16, 20, 32, 32, 32, 36, 54, 45, 54, 54, 56, 67, 62, 67]",6764700.0,460.00000000000006,-460.00000000000006,0.0,,,,DWT,inu.32000013032828,0.0,,0.0,34,6.0,0.0,34,,5.684341886080802e-14,79.31249999999994,486.0000000000009,79.31249999999997,,0.0,79.31249999999994,,,17.0,0.0,34,5.684341886080802e-14,5.684341886080802e-14,,5.684341886080802e-14,0.93086721905886,0.803730803438102,0.000491004200012382,0.7588235294117645,0.002251140974275915,,,,,,,0.0,0.0,0.0,406,1.2650611034087895,0.8632842670053432,93,0,0.0,0.0,361,0,0.499232739416603,0.8496287821369995,87,170.46285030273702,0.7255026565173317,236.75,145.5599926315705,0.6721313604647849,128,db,361.0980392156863,403.0,158.96390539935234,153,0.9607397529157442,0.8667375194865046,0.06746091711302768,5,97.25
rbio3.7,1,antireflect,1.4811377970027901e-27,321.54920198566424,1801465.212541914,0.6904761904761905,381.4556896024566,69,raw,2.445708691927882e-14,-6.907174832093714e-11,5.530311177752572,45613.485441461205,0.6584481269342045,1.3207638667392627e-05,1.0,322.99999999999994,,,,[],[],16,213.1875,25.000000000000057,450.0,"[3, 8, 15, 19, 22, 27, 30, 35, 38, 43, 46, 51, 55, 58, 61, 65]","[349.0, 268.0, 189.0, 25.000000000000057, 450.0, 203.99999999999994, 45.00000000000006, 52.0, 356.9999999999999, 49.000000000000114, 287.99999999999994, 41.99999999999994, 206.00000000000006, 407.99999999999983, 109.0, 370.0]","[0, 0, 0, 0, 0, 24, 29, 32, 32, 40, 40, 47, 54, 32, 60, 60]","[5, 9, 16, 20, 32, 32, 32, 36, 54, 45, 54, 54, 56, 67, 62, 67]",6764700.0,460.0,-460.0,0.0,,,,DWT,inu.32000013032828,0.0,,0.0,34,6.0,0.0,34,,0.0,79.3125,486.0,79.31250000000001,,0.0,79.3125,,,16.999999999999943,0.0,34,0.0,0.0,,5.684341886080802e-14,0.9625875269800547,0.9263430237873399,0.0047731216137488685,0.8660130718954248,0.010307265659878663,,,,,,,0.0,0.0,0.0,312,1.3936387239106984,0.9510263029980612,13,0,0.0,0.0,435,0,0.5540048019872894,0.942843663980376,13,214.10647662631166,0.6552230650139909,193.25,25.10195588847274,0.6720157193024865,129,rbio,249.7925925925926,196.0,174.24048813612427,135,0.6645997696604647,0.9500318207572005,0.24977061501051454,3,97.5
rbio3.7,1,symmetric,1.3463226115771935e-27,321.963665235051,1463047.1890691854,0.6309523809523809,331.2439940328705,69,raw,2.3478803442507662e-14,-6.919465000976314e-11,5.60514854380624,21438.00240875273,0.6363396942701592,1.3207638667392627e-05,1.0,322.99999999999994,,,,[],[],16,213.1875,25.000000000000057,450.0,"[3, 8, 15, 19, 22, 27, 30, 35, 38, 43, 46, 51, 55, 58, 61, 65]","[349.0, 268.0, 189.0, 25.000000000000057, 450.0, 203.99999999999994, 45.00000000000006, 52.0, 356.9999999999999, 49.000000000000114, 287.99999999999994, 41.99999999999994, 206.00000000000006, 407.99999999999983, 109.0, 370.0]","[0, 0, 0, 0, 0, 24, 29, 32, 32, 40, 40, 47, 54, 32, 60, 60]","[5, 9, 16, 20, 32, 32, 32, 36, 54, 45, 54, 54, 56, 67, 62, 67]",6764700.0,460.0,-460.0,0.0,,,,DWT,inu.32000013032828,0.0,,0.0,34,6.0,0.0,34,,0.0,79.3125,486.0,79.31250000000001,,0.0,79.3125,,,16.999999999999943,0.0,34,0.0,0.0,,5.684341886080802e-14,0.9670717353143209,0.9523772306081874,0.001662848965293152,0.5310457516339867,0.0021962185795130077,,,,,,,0.0,0.0,0.0,354,1.2705598690607327,0.8670366532438267,83,0,0.0,0.0,413,0,0.49087075702026023,0.8353977825275627,120,165.27653594304707,0.7338542094314862,242.5,156.08116183989603,0.6716775072922326,130,rbio,249.7925925925926,196.0,174.24048813612427,135,0.6645997696604647,0.9500318207572005,0.24977061501051454,3,98.25
bior3.9,1,constant,1.5746120978881089e-27,321.28342079520286,1664831.120071179,0.5681818181818182,168.66467199534634,69,raw,2.6362165268780523e-14,-6.973210897598418e-11,5.147841488787048,24678.32317044265,0.8760745511683378,1.3207638667392627e-05,1.0,322.99999999999994,,,,[],[],16,213.1875,24.999999999999943,450.0,"[3, 8, 15, 19, 22, 27, 30, 35, 38, 43, 46, 51, 55, 58, 61, 65]","[348.99999999999994, 268.0, 189.00000000000006, 24.999999999999943, 450.0, 204.0000000000001, 45.0, 52.0, 357.0, 49.0, 288.0, 42.0, 205.99999999999994, 408.0000000000001, 109.0, 369.9999999999999]","[0, 0, 0, 0, 0, 24, 29, 32, 32, 40, 40, 47, 54, 32, 60, 60]","[5, 9, 16, 20, 32, 32, 32, 36, 54, 45, 54, 54, 56, 67, 62, 67]",6764700.0,460.0,-460.0,0.0,,,,DWT,inu.32000013032828,0.0,,0.0,34,6.0,0.0,34,,0.0,79.3125,486.0,79.3125,,0.0,79.3125,,,17.000000000000057,0.0,34,0.0,0.0,,5.684341886080802e-14,0.9597119566342602,0.7932905727150636,0.003517369108910596,0.1778074866310162,0.003283369318879588,,,,,,,0.0,0.0,0.0,386,1.0466674872725015,0.7142513291363028,369,0,0.0,0.0,278,0,0.38752215088162606,0.6595119813043989,391,52.84568730432661,0.91490227487226,356.0,349.1812827554283,0.6708166768886259,131,bior,292.162962962963,301.0,176.53037485058104,135,0.7773306480916924,0.9625172382852065,0.16711337485025335,4,99.25
db1,1,constant,2.909227556321153e-27,318.6173797078936,1335542.8079082333,0.6714285714285714,333.3773713843218,69,raw,4.3250427394093045e-14,-7.188005746172646e-11,5.177852749498056,15111.808163265307,0.5752597846852022,1.3207638667392622e-05,1.0,323.00000000000006,,,,[],[],16,213.18750000000006,25.0,450.00000000000006,"[3, 8, 15, 19, 22, 27, 30, 35, 38, 43, 46, 51, 55, 58, 61, 65]","[349.00000000000006, 268.0000000000001, 189.00000000000006, 25.0, 450.00000000000006, 204.00000000000006, 45.0, 52.0, 357.00000000000006, 48.99999999999994, 288.00000000000006, 41.99999999999994, 206.00000000000003, 408.0000000000001, 109.00000000000003, 370.00000000000006]","[0, 0, 0, 0, 0, 24, 29, 32, 32, 40, 40, 47, 54, 32, 60, 60]","[5, 9, 16, 20, 32, 32, 32, 36, 54, 45, 54, 54, 56, 67, 62, 67]",6764700.0,460.00000000000006,-460.00000000000006,0.0,,,,DWT,inu.32000013032828,0.0,,0.0,34,6.0,0.0,34,,5.684341886080802e-14,79.31249999999994,486.0000000000009,79.31249999999997,,0.0,79.31249999999994,,,17.0,0.0,34,5.684341886080802e-14,5.684341886080802e-14,,5.684341886080802e-14,0.93086721905886,0.803730803438102,0.000491004200012382,0.7588235294117645,7.373526469097889e-05,,,,,,,0.0,0.0,0.0,412,1.2641901411249556,0.8626899178195506,102,0,0.0,0.0,359,0,0.498797258274686,0.8488876502298995,92,168.0146322992931,0.7294450365550835,241.25,154.52256703847922,0.6704793620778638,132,db,361.0980392156863,403.0,158.96390539935234,153,0.9607397529157442,0.8667375194865046,0.06746091711302768,5,100.25
rbio3.5,1,periodic,1.2438850215658852e-27,322.30735425136356,1423184.5244811228,0.7,377.98371250317643,69,raw,2.2449031361695924e-14,-6.887501680097356e-11,5.592883162755969,21688.644555816652,0.6767120614912033,1.3207638667392627e-05,1.0,322.99999999999994,,,,[],[],16,213.1875,25.0,449.99999999999994,"[3, 8, 15, 19, 22, 27, 30, 35, 38, 43, 46, 51, 55, 58, 61, 65]","[349.0, 268.0, 189.0, 25.0, 449.99999999999994, 203.99999999999991, 45.00000000000006, 52.0, 356.9999999999999, 49.00000000000006, 287.9999999999999, 41.99999999999994, 206.00000000000006, 408.0, 109.0, 369.99999999999994]","[0, 0, 0, 0, 0, 24, 29, 32, 32, 40, 40, 47, 54, 32, 60, 60]","[5, 9, 16, 20, 32, 32, 32, 36, 54, 45, 54, 54, 56, 67, 62, 67]",6764700.0,460.0,-460.0,0.0,,,,DWT,inu.32000013032828,0.0,,0.0,34,6.0,0.0,34,,0.0,79.3125,486.0,79.31250000000001,,0.0,79.3125,,,17.0,0.0,34,5.684341886080802e-14,0.0,,5.684341886080802e-14,0.9707902149470143,0.9481103852629055,0.0012964862222851503,0.9196078431372546,0.002280310808504208,,,,,,,0.0,0.0,0.0,308,1.4259328262891073,0.9730639661790874,7,0,0.0,0.0,441,0,0.5684170480755928,0.9673714205256967,7,219.01350795479868,0.6473212432289877,190.75,13.734914174482393,0.67007769085765,133,rbio,249.7925925925926,196.0,174.24048813612427,135,0.6645997696604647,0.9500318207572005,0.24977061501051454,3,100.5
db1,1,periodization,2.3658104887257853e-27,319.5153571047487,1335542.8079082333,0.6714285714285714,333.3773713843218,69,raw,4.091637806020762e-14,-7.179301597659584e-11,5.177852749498056,15111.808163265307,0.5752597846852022,1.3207638667392624e-05,1.0,323.00000000000006,,,,[],[],16,213.1875,25.0,450.00000000000006,"[3, 8, 15, 19, 22, 27, 30, 35, 38, 43, 46, 51, 55, 58, 61, 65]","[349.00000000000006, 268.0, 189.0, 25.0, 450.00000000000006, 204.00000000000006, 45.0, 52.0, 357.00000000000006, 48.99999999999994, 288.00000000000006, 41.99999999999994, 206.00000000000003, 408.00000000000006, 109.0, 370.00000000000006]","[0, 0, 0, 0, 0, 24, 29, 32, 32, 40, 40, 47, 54, 32, 60, 60]","[5, 9, 16, 20, 32, 32, 32, 36, 54, 45, 54, 54, 56, 67, 62, 67]",6764700.0,460.00000000000006,-460.00000000000006,0.0,,,,DWT,inu.32000013032828,0.0,,0.0,34,6.0,0.0,34,,5.684341886080802e-14,79.3125,486.0,79.31249999999999,,0.0,79.3125,,,17.0,0.0,34,5.684341886080802e-14,5.684341886080802e-14,,5.684341886080802e-14,0.9405827191253159,0.803730803438102,0.000491004200012382,0.7588235294117645,7.373526469097889e-05,,,,,,,0.0,0.0,0.0,408,1.270019441164829,0.8666678624409735,87,0,0.0,0.0,363,0,0.5007403582879772,0.8521945521365979,77,176.23350986688087,0.7162101290388392,233.75,134.73880644673378,0.6699005556627369,134,db,361.0980392156863,403.0,158.96390539935234,153,0.9607397529157442,0.8667375194865046,0.06746091711302768,5,101.75
coif1,1,smooth,1.4619307488756698e-27,321.6058886262467,2089432.5896853409,0.5945945945945946,266.90998463556883,69,raw,2.368475785867001e-14,-7.023881476442311e-11,4.612166349824073,43569.022951995415,0.8778097228760712,1.3207638667392629e-05,1.0,323.00000000000006,,,,[],[],16,213.1875,25.0,450.00000000000006,"[3, 8, 15, 19, 22, 27, 30, 35, 38, 43, 46, 51, 55, 58, 61, 65]","[348.99999999999994, 267.99999999999994, 189.00000000000006, 25.0, 450.00000000000006, 203.99999999999997, 45.0, 52.000000000000114, 357.0, 49.0, 288.0, 42.0, 205.99999999999997, 407.99999999999994, 109.0, 370.0]","[0, 0, 0, 0, 0, 24, 29, 32, 32, 40, 40, 47, 54, 32, 60, 60]","[5, 9, 16, 20, 32, 32, 32, 36, 54, 45, 54, 54, 56, 67, 62, 67]",6764700.0,460.00000000000006,-460.00000000000006,0.0,,,,DWT,inu.32000013032828,0.0,,0.0,34,6.0,0.0,34,,5.684341886080802e-14,79.3125,486.0,79.3125,,0.0,79.3125,,,17.0,0.0,34,5.684341886080802e-14,5.684341886080802e-14,,5.684341886080802e-14,0.9632008375848372,0.6069414520559087,0.007419721365103154,0.3264440911499736,0.00962133390481661,,,,,,,0.0,0.0,0.0,373,1.0195272592833242,0.6957306966049083,394,0,0.0,0.0,332,0,0.38272548721212785,0.6513486875336438,409,33.436506994600975,0.9461569935674703,377.0,374.66962868756514,0.6695358236758446,135,coif,212.88888888888889,210.0,126.92181240687695,45,0.566413539530329,0.6920306630483438,0.39590132341426654,2,101.75
coif3,1,reflect,4.750177388238663e-27,316.4880583536044,1467932.4276861164,0.6395348837209303,298.2177111041321,69,raw,5.004692312745052e-14,-7.164557835892564e-11,5.44238396061006,16215.968788954218,0.5962416837940513,1.3207638667392622e-05,1.0,323.0000000000001,,,,[],[],16,213.1875,25.0,449.99999999999994,"[3, 8, 15, 19, 22, 27, 30, 35, 38, 43, 46, 51, 55, 58, 61, 65]","[349.0, 268.0000000000001, 189.00000000000003, 25.0, 449.99999999999994, 204.0, 44.99999999999994, 52.000000000000114, 357.00000000000006, 48.99999999999994, 288.00000000000006, 41.999999999999886, 206.00000000000006, 407.99999999999994, 109.00000000000009, 370.00000000000006]","[0, 0, 0, 0, 0, 24, 29, 32, 32, 40, 40, 47, 54, 32, 60, 60]","[5, 9, 16, 20, 32, 32, 32, 36, 54, 45, 54, 54, 56, 67, 62, 67]",6764700.0,459.99999999999994,-459.99999999999994,0.0,,,,DWT,inu.32000013032828,0.0,,0.0,34,6.0,0.0,34,,5.684341886080802e-14,79.3125,486.0,79.31249999999999,,0.0,79.3125,,,17.0,0.0,34,5.684341886080802e-14,5.684341886080802e-14,,1.1368683772161603e-13,0.9078294211905026,0.8957551573647278,0.0017077473542604425,0.5793433652530781,0.00044418903420333136,,,,,,,0.0,0.0,0.0,391,1.2253441267887082,0.8361811958914289,149,0,0.0,0.0,395,0,0.4770159760393544,0.8118187586331407,151,140.3079945453335,0.774061200410091,271.5,217.11853409823414,0.6684315663886204,136,coif,212.88888888888889,210.0,126.92181240687695,45,0.566413539530329,0.6920306630483438,0.39590132341426654,2,102.5
rbio3.7,1,periodization,1.811087445186535e-27,320.67576243394126,1326629.8933381008,0.7142857142857143,382.0163402234163,69,raw,2.7263215839490784e-14,-6.905398475254313e-11,5.3032967996555405,16829.923415655598,0.6310239994404186,1.3207638667392632e-05,1.0,323.0,,,,[],[],16,213.18749999999994,24.99999999999983,449.99999999999994,"[3, 8, 15, 19, 22, 27, 30, 35, 38, 43, 46, 51, 55, 58, 61, 65]","[348.9999999999998, 268.0, 188.99999999999994, 24.99999999999983, 449.99999999999994, 203.99999999999991, 45.0, 51.999999999999886, 356.99999999999994, 49.0, 288.0, 41.99999999999994, 205.99999999999997, 407.99999999999994, 109.00000000000003, 370.00000000000006]","[0, 0, 0, 0, 0, 24, 29, 32, 32, 40, 40, 47, 54, 32, 60, 60]","[5, 9, 16, 20, 32, 32, 32, 36, 54, 45, 54, 54, 56, 67, 62, 67]",6764700.0,459.99999999999994,-459.99999999999994,0.0,,,,DWT,inu.32000013032828,0.0,,0.0,34,6.0,0.0,34,,5.684341886080802e-14,79.31250000000006,485.9999999999991,79.31250000000006,,0.0,79.31250000000006,,,17.00000000000017,0.0,34,5.684341886080802e-14,5.684341886080802e-14,,0.0,0.9531375095825914,0.8473699174056178,0.0004090889576708655,1.0,0.0006501751928106158,,,,,,,0.0,0.0,0.0,321,1.3960320790083236,0.9526595409464651,12,0,0.0,0.0,436,0,0.5603133382277382,0.9535799669906777,12,216.74466544761833,0.6509747738363634,195.25,23.245608935763816,0.6682812677555408,137,rbio,249.7925925925926,196.0,174.24048813612427,135,0.6645997696604647,0.9500318207572005,0.24977061501051454,3,103.5
rbio3.9,1,periodization,1.5863192510322585e-27,321.2512506864829,1325311.7880176727,0.7142857142857143,389.37168829165614,69,raw,2.6980028517267537e-14,-6.927836082581988e-11,5.3020528457179195,16706.510122159685,0.6282983228558392,1.3207638667392632e-05,1.0,323.0,,,,[],[],16,213.18749999999994,24.999999999999943,449.9999999999999,"[3, 8, 15, 19, 22, 27, 30, 35, 38, 43, 46, 51, 55, 58, 61, 65]","[348.99999999999983, 268.0, 188.99999999999994, 24.999999999999943, 449.9999999999999, 203.99999999999994, 44.99999999999994, 51.99999999999994, 356.99999999999994, 49.0, 288.0, 41.99999999999994, 205.99999999999997, 407.99999999999994, 109.00000000000006, 370.0]","[0, 0, 0, 0, 0, 24, 29, 32, 32, 40, 40, 47, 54, 32, 60, 60]","[5, 9, 16, 20, 32, 32, 32, 36, 54, 45, 54, 54, 56, 67, 62, 67]",6764700.0,459.99999999999994,-459.99999999999994,0.0,,,,DWT,inu.32000013032828,0.0,,0.0,34,6.0,0.0,34,,5.684341886080802e-14,79.31250000000006,485.9999999999991,79.31250000000004,,0.0,79.31250000000006,,,17.000000000000057,0.0,34,1.1368683772161603e-13,5.684341886080802e-14,,0.0,0.9593638981034982,0.8469371743015325,0.0003969747479020066,1.0,0.0006087691521315527,,,,,,,0.0,0.0,0.0,318,1.399528921047669,0.9550458041148095,10,0,0.0,0.0,438,0,0.5614613632610129,0.9555337553420263,10,218.03975172737043,0.6488892886837836,194.0,19.471565173628584,0.6682449664030834,138,rbio,249.7925925925926,196.0,174.24048813612427,135,0.6645997696604647,0.9500318207572005,0.24977061501051454,3,104.25
db2,1,antisymmetric,1.9558262721444773e-27,320.341853877581,1328069.1561798428,0.6388888888888888,309.8448122739801,69,raw,3.099613963243336e-14,-7.11329883884562e-11,5.235774847959576,23869.489779929325,0.5902745119108646,1.3207638667392622e-05,0.9999999999999999,323.00000000000006,,,,[],[],16,213.18750000000003,25.000000000000057,450.0,"[3, 8, 15, 19, 22, 27, 30, 35, 38, 43, 46, 51, 55, 58, 61, 65]","[349.0000000000001, 268.00000000000006, 189.0, 25.000000000000057, 450.0, 204.0, 44.99999999999994, 52.00000000000006, 357.0, 48.99999999999994, 288.0000000000001, 42.000000000000114, 205.99999999999997, 408.00000000000006, 109.0, 370.00000000000006]","[0, 0, 0, 0, 0, 24, 29, 32, 32, 40, 40, 47, 54, 32, 60, 60]","[5, 9, 16, 20, 32, 32, 32, 36, 54, 45, 54, 54, 56, 67, 62, 67]",6764700.0,460.0,-460.0,0.0,,,,DWT,inu.32000013032828,0.0,,0.0,34,6.0,0.0,34,,0.0,79.31249999999997,486.00000000000045,79.31249999999997,,0.0,79.31249999999997,,,16.999999999999943,0.0,34,0.0,0.0,,5.684341886080802e-14,0.9495248478242112,0.8238805758093436,0.0004223166806055739,0.5757080610021783,0.003011999944304971,,,,,,,0.0,0.0,0.0,398,1.2133543793180948,0.8279993299492563,166,0,0.0,0.0,391,0,0.47050956025212876,0.8007456905330047,167,131.6675105458189,0.7879750232756539,280.5,234.16149353405234,0.6681421010098076,139,db,361.0980392156863,403.0,158.96390539935234,153,0.9607397529157442,0.8667375194865046,0.06746091711302768,5,105.5
coif4,1,constant,4.487498139566809e-27,316.73511381827143,1531339.2113766344,0.5652173913043478,170.3285840209347,69,raw,4.726653850925884e-14,-6.861955448300731e-11,5.253130031698437,24133.492911153116,0.827929134666214,1.3207638667392627e-05,1.0,323.0000000000001,,,,[],[],16,213.1875,24.999999999999943,450.0,"[3, 8, 15, 19, 22, 27, 30, 35, 38, 43, 46, 51, 55, 58, 61, 65]","[348.99999999999994, 267.99999999999994, 189.0, 24.999999999999943, 450.0, 204.0, 45.000000000000114, 52.00000000000023, 356.9999999999997, 48.99999999999994, 287.99999999999994, 42.0, 205.99999999999997, 408.0000000000001, 109.00000000000006, 369.9999999999999]","[0, 0, 0, 0, 0, 24, 29, 32, 32, 40, 40, 47, 54, 32, 60, 60]","[5, 9, 16, 20, 32, 32, 32, 36, 54, 45, 54, 54, 56, 67, 62, 67]",6764699.999999999,460.0,-460.0,0.0,,,,DWT,inu.32000013032828,9.313225746154785e-10,,0.0,34,6.0,0.0,34,,0.0,79.3125,486.0,79.31250000000001,,0.0,79.3125,,,17.000000000000057,0.0,34,0.0,0.0,,1.1368683772161603e-13,0.9105023920156001,0.8299180470178749,0.002290495232211625,0.16112531969309424,0.0031005748788294632,,,,,,,6.70735797169495e-05,3.353678985847475e-05,6.70735797169495e-05,250,1.0280960641631727,0.701578093556628,387,0,6.70735797169495e-05,6.70735797169495e-05,219,0,0.38138736576752214,0.649071379970321,410,95.98784645290604,0.8454301989486215,316.5,294.35109855844854,0.6678841815999146,140,coif,212.88888888888889,210.0,126.92181240687695,45,0.566413539530329,0.6920306630483438,0.39590132341426654,2,105.5
rbio2.8,1,reflect,1.7560729716224262e-27,320.8097310480303,1438819.8236131354,0.6744186046511628,330.75648009985383,69,raw,2.965743592737811e-14,-7.104761223786253e-11,5.5320509703400065,16436.47679445334,0.5136102193393486,1.3207638667392627e-05,0.9999999999999999,323.00000000000006,,,,[],[],16,213.1875,25.0,450.0,"[3, 8, 15, 19, 22, 27, 30, 35, 38, 43, 46, 51, 55, 58, 61, 65]","[349.0, 268.00000000000006, 189.0, 25.0, 450.0, 204.0, 45.0, 52.0, 357.0, 48.99999999999994, 288.0, 42.0, 205.99999999999994, 408.0, 109.00000000000006, 370.0]","[0, 0, 0, 0, 0, 24, 29, 32, 32, 40, 40, 47, 54, 32, 60, 60]","[5, 9, 16, 20, 32, 32, 32, 36, 54, 45, 54, 54, 56, 67, 62, 67]",6764700.0,460.0,-460.0,0.0,,,,DWT,inu.32000013032828,0.0,,0.0,34,6.0,0.0,34,,0.0,79.3125,486.0,79.3125,,0.0,79.3125,,,17.0,0.0,34,0.0,0.0,,5.684341886080802e-14,0.9545869581807893,0.926948257809261,0.0014401843703379558,0.7756497948016414,0.0005181710436540246,,,,,,,0.0,0.0,0.0,349,1.3474135823363913,0.9194820263195149,24,0,0.0,0.0,417,0,0.5318286732411368,0.9051027953003195,24,209.11958301412136,0.6632534895102715,203.5,45.14838584585556,0.6677781135152001,141,rbio,249.7925925925926,196.0,174.24048813612427,135,0.6645997696604647,0.9500318207572005,0.24977061501051454,3,106.5
sym9,1,constant,9.310703468648801e-26,303.5653316809495,1545908.7629646577,0.5930232558139535,247.7058353682844,69,raw,2.5499731151100696e-13,-6.257672158227494e-11,5.2867299988301255,20500.27686449338,0.7743930094302826,1.3207638667392627e-05,1.0,322.9999999999997,,,,[],[],16,213.18750000000034,25.000000000000398,450.0000000000004,"[3, 8, 15, 19, 22, 27, 30, 35, 38, 43, 46, 51, 55, 58, 61, 65]","[349.00000000000074, 268.0000000000002, 188.99999999999994, 25.000000000000398, 450.0000000000004, 204.0000000000005, 45.0000000000004, 52.00000000000057, 357.0000000000001, 49.0000000000004, 288.00000000000034, 42.00000000000006, 206.00000000000034, 408.0000000000009, 108.99999999999935, 370.0000000000008]","[0, 0, 0, 0, 0, 24, 29, 32, 32, 40, 40, 47, 54, 32, 60, 60]","[5, 9, 16, 20, 32, 32, 32, 36, 54, 45, 54, 54, 56, 67, 62, 67]",6764699.999999998,460.0000000000001,-460.0000000000001,0.0,,,,DWT,inu.32000013032828,1.862645149230957e-09,,0.0,34,6.0,0.0,34,,1.1368683772161603e-13,79.31249999999966,486.00000000000546,79.31249999999977,,0.0,79.31249999999966,,,16.999999999999602,0.0,34,3.979039320256561e-13,1.1368683772161603e-13,,2.8421709430404007e-13,0.7680143743010496,0.8416067065686765,0.0024243984958129067,0.31760145918832666,0.0018816049675467613,,,,,,,0.000134147159433899,6.70735797169495e-05,0.000134147159433899,198,1.010617402775224,0.6896505642508328,402,0,0.000134147159433899,0.000134147159433899,207,0,0.3863057087042825,0.6574417559283864,393,112.70314991161516,0.8185134461970771,300.0,268.213105183694,0.6677108293787318,142,sym,375.8541666666667,399.5,183.40489689834808,144,1.0,1.0,0.0,6,108.0
bior3.1,1,antisymmetric,5.541336279574884e-27,315.81901156962084,1568535.433270223,0.5833333333333334,232.3420123680827,69,raw,6.416767278558152e-14,-6.452427481207247e-11,5.00739473007932,34298.49792631172,0.8122037837201082,1.3207638667392632e-05,0.9999999999999999,322.99999999999994,,,,[],[],16,213.18749999999994,25.0,449.9999999999999,"[3, 8, 15, 19, 22, 27, 30, 35, 38, 43, 46, 51, 55, 58, 61, 65]","[348.99999999999994, 267.9999999999999, 188.99999999999994, 25.0, 449.9999999999999, 203.99999999999994, 45.0, 52.0, 356.9999999999999, 49.0, 287.99999999999994, 42.00000000000006, 205.99999999999991, 407.99999999999994, 109.0, 369.9999999999999]","[0, 0, 0, 0, 0, 24, 29, 32, 32, 40, 40, 47, 54, 32, 60, 60]","[5, 9, 16, 20, 32, 32, 32, 36, 54, 45, 54, 54, 56, 67, 62, 67]",6764699.999999999,459.9999999999999,-459.9999999999999,0.0,,,,DWT,inu.32000013032828,9.313225746154785e-10,,0.0,34,6.0,0.0,34,,1.1368683772161603e-13,79.31250000000006,485.9999999999991,79.31250000000006,,0.0,79.31250000000006,,,17.0,0.0,34,1.1368683772161603e-13,1.1368683772161603e-13,,5.684341886080802e-14,0.9005907934733475,0.7444323598152066,0.0026323517042586616,0.26307189542483667,0.006511006601684986,,,,,,,6.70735797169495e-05,3.353678985847475e-05,6.70735797169495e-05,260,1.0217199926543497,0.6972270292451603,390,0,6.70735797169495e-05,6.70735797169495e-05,216,0,0.3834476814038669,0.6525777675260953,408,94.95788540189804,0.8470887513657036,318.5,296.4968944099379,0.6671031518503237,143,bior,292.162962962963,301.0,176.53037485058104,135,0.7773306480916924,0.9625172382852065,0.16711337485025335,4,108.25
rbio3.9,1,smooth,1.4050413015658183e-27,321.7782657273166,28123155.89010585,0.6136363636363636,329.71292258133855,69,raw,2.311838321422356e-14,-6.914824268733381e-11,2.9426477665389648,756816.1054704475,0.9899056908810344,1.3207638667392627e-05,1.0,322.99999999999994,,,,[],[],16,213.1875,25.000000000000057,450.0,"[3, 8, 15, 19, 22, 27, 30, 35, 38, 43, 46, 51, 55, 58, 61, 65]","[349.0, 268.0, 189.0, 25.000000000000057, 450.0, 203.99999999999994, 45.0, 52.0, 357.0, 49.000000000000114, 287.99999999999994, 41.99999999999994, 206.00000000000006, 407.9999999999999, 109.0, 370.0]","[0, 0, 0, 0, 0, 24, 29, 32, 32, 40, 40, 47, 54, 32, 60, 60]","[5, 9, 16, 20, 32, 32, 32, 36, 54, 45, 54, 54, 56, 67, 62, 67]",6764700.0,460.0,-460.0,0.0,,,,DWT,inu.32000013032828,0.0,,0.0,34,6.0,0.0,34,,0.0,79.3125,486.0,79.3125,,0.0,79.3125,,,16.999999999999943,0.0,34,0.0,0.0,,5.684341886080802e-14,0.9650658396915326,0.026154147792378124,0.24668587122277263,0.43360071301247766,0.24892082001698615,,,,,,,0.0,0.0,0.0,317,0.9884681265342805,0.6745357831127213,413,0,0.0,0.0,320,0,0.38408547834722945,0.6536632144478517,402,51.59457335805772,0.9169169511142388,363.0,357.5117381500935,0.6661879441561531,144,rbio,249.7925925925926,196.0,174.24048813612427,135,0.6645997696604647,0.9500318207572005,0.24977061501051454,3,108.75
db2,1,symmetric,1.9814356696473043e-27,320.2853568650153,1328010.4009071267,0.6388888888888888,309.8448122739801,69,raw,3.1511025672839227e-14,-7.117639810871904e-11,5.236006494774134,17109.15657956851,0.5651978627838079,1.3207638667392622e-05,0.9999999999999999,323.00000000000006,,,,[],[],16,213.18750000000003,25.000000000000057,450.0,"[3, 8, 15, 19, 22, 27, 30, 35, 38, 43, 46, 51, 55, 58, 61, 65]","[349.0000000000001, 268.00000000000006, 189.0, 25.000000000000057, 450.0, 204.0, 44.99999999999994, 52.00000000000006, 357.0, 48.99999999999994, 288.0000000000001, 42.000000000000114, 205.99999999999997, 408.0, 109.0, 370.00000000000006]","[0, 0, 0, 0, 0, 24, 29, 32, 32, 40, 40, 47, 54, 32, 60, 60]","[5, 9, 16, 20, 32, 32, 32, 36, 54, 45, 54, 54, 56, 67, 62, 67]",6764700.0,460.0,-460.0,0.0,,,,DWT,inu.32000013032828,0.0,,0.0,34,6.0,0.0,34,,0.0,79.31249999999997,486.00000000000045,79.31249999999997,,0.0,79.31249999999997,,,16.999999999999943,0.0,34,0.0,0.0,,5.684341886080802e-14,0.9489135888646214,0.8239611604343461,0.0004217766830138204,0.5757080610021783,0.0007438599119880074,,,,,,,0.0,0.0,0.0,402,1.2121203902431195,0.8271572493958251,167,0,0.0,0.0,392,0,0.4699496893792296,0.7997928635840927,170,131.99337104567033,0.7874502881712233,282.75,236.56097835290402,0.6660681392546938,145,db,361.0980392156863,403.0,158.96390539935234,153,0.9607397529157442,0.8667375194865046,0.06746091711302768,5,110.0
rbio3.5,1,periodization,1.7015692304330576e-27,320.94666039767696,1329956.0170421542,0.7142857142857143,382.3429918349204,69,raw,2.936896372219005e-14,-6.875278124596233e-11,5.309599957026719,17201.671176614567,0.6389979922372404,1.3207638667392629e-05,1.0,323.0,,,,[],[],16,213.18749999999994,24.99999999999983,449.9999999999999,"[3, 8, 15, 19, 22, 27, 30, 35, 38, 43, 46, 51, 55, 58, 61, 65]","[348.99999999999983, 268.0, 188.99999999999994, 24.99999999999983, 449.9999999999999, 203.99999999999994, 44.99999999999994, 51.999999999999886, 357.0, 49.0, 288.0, 41.99999999999994, 205.99999999999997, 407.9999999999999, 109.00000000000006, 370.00000000000006]","[0, 0, 0, 0, 0, 24, 29, 32, 32, 40, 40, 47, 54, 32, 60, 60]","[5, 9, 16, 20, 32, 32, 32, 36, 54, 45, 54, 54, 56, 67, 62, 67]",6764700.0,459.99999999999994,-459.99999999999994,0.0,,,,DWT,inu.32000013032828,0.0,,0.0,34,6.0,0.0,34,,5.684341886080802e-14,79.31250000000006,485.9999999999991,79.31250000000006,,0.0,79.31250000000006,,,17.00000000000017,0.0,34,1.1368683772161603e-13,5.684341886080802e-14,,0.0,0.9560684399087827,0.8495626415924622,0.00043965810843872165,1.0,0.0007748992195065537,,,,,,,0.0,0.0,0.0,326,1.3989521734835226,0.954652228581723,11,0,0.0,0.0,437,0,0.5613691277658381,0.9553767826011625,11,218.65555103861416,0.6478976633838741,196.25,21.370489947735724,0.6659375595502302,146,rbio,249.7925925925926,196.0,174.24048813612427,135,0.6645997696604647,0.9500318207572005,0.24977061501051454,3,110.25
db12,1,constant,3.553120979249376e-27,317.74905668447434,1386324.8929703296,0.5652173913043478,166.23031474399815,69,raw,4.2426609729443656e-14,-7.053058137529458e-11,5.205724297731138,26258.98281741814,0.8347848294556482,1.3207638667392622e-05,0.9999999999999999,323.00000000000006,,,,[],[],16,213.1875,25.0,450.00000000000017,"[3, 8, 15, 19, 22, 27, 30, 35, 38, 43, 46, 51, 55, 58, 61, 65]","[349.0, 268.0, 189.0, 25.0, 450.00000000000017, 203.9999999999999, 45.000000000000114, 52.000000000000114, 357.00000000000006, 48.999999999999886, 288.0, 41.99999999999994, 206.0000000000001, 407.9999999999999, 109.0, 370.0]","[0, 0, 0, 0, 0, 24, 29, 32, 32, 40, 40, 47, 54, 32, 60, 60]","[5, 9, 16, 20, 32, 32, 32, 36, 54, 45, 54, 54, 56, 67, 62, 67]",6764700.000000001,460.0000000000001,-460.0000000000001,0.0,,,,DWT,inu.32000013032828,9.313225746154785e-10,,0.0,34,6.0,0.0,34,,1.1368683772161603e-13,79.3125,486.0,79.31250000000001,,0.0,79.3125,,,17.0,0.0,34,1.7053025658242404e-13,1.1368683772161603e-13,,5.684341886080802e-14,0.9214725589913798,0.8134266771624248,0.000957723225729161,0.16112531969309424,0.003813691910461576,,,,,,,6.70735797169495e-05,3.353678985847475e-05,6.70735797169495e-05,240,1.026051340230327,0.7001827633256704,388,0,6.70735797169495e-05,6.70735797169495e-05,221,0,0.380159194196618,0.6469811927016296,414,99.31221811371785,0.8400769434561709,315.75,292.3050960570766,0.6658114185879889,147,db,361.0980392156863,403.0,158.96390539935234,153,0.9607397529157442,0.8667375194865046,0.06746091711302768,5,111.5
rbio3.9,1,reflect,1.2885185429279552e-27,322.15424990547365,1486606.2029536432,0.6931818181818182,367.5526723685552,69,raw,2.2346054153614756e-14,-6.914957495496335e-11,5.729171392733049,20061.897587913096,0.662621617077463,1.3207638667392627e-05,1.0,322.99999999999994,,,,[],[],16,213.1875,25.000000000000057,450.0,"[3, 8, 15, 19, 22, 27, 30, 35, 38, 43, 46, 51, 55, 58, 61, 65]","[349.0, 268.0, 189.0, 25.000000000000057, 450.0, 203.99999999999994, 45.0, 52.0, 357.0, 49.000000000000114, 287.99999999999994, 41.99999999999994, 206.00000000000006, 407.9999999999999, 109.0, 370.0]","[0, 0, 0, 0, 0, 24, 29, 32, 32, 40, 40, 47, 54, 32, 60, 60]","[5, 9, 16, 20, 32, 32, 32, 36, 54, 45, 54, 54, 56, 67, 62, 67]",6764700.0,460.0,-460.0,0.0,,,,DWT,inu.32000013032828,0.0,,0.0,34,6.0,0.0,34,,0.0,79.3125,486.0,79.3125,,0.0,79.3125,,,16.999999999999943,0.0,34,0.0,0.0,,5.684341886080802e-14,0.9691337308440987,0.9955219411950856,0.0018793709925702313,0.881238859180036,0.0017345255918590626,,,,,,,0.0,0.0,0.0,319,1.433370248509045,0.9781393017278979,6,0,0.0,0.0,442,0,0.56990168556073,0.9698980792137588,6,221.97203277289987,0.6425571130871177,193.25,11.808795304332047,0.66568274333905,148,rbio,249.7925925925926,196.0,174.24048813612427,135,0.6645997696604647,0.9500318207572005,0.24977061501051454,3,111.75
bior3.7,1,periodization,1.3460743508337536e-27,321.9644661442242,1486982.608002507,0.5857142857142857,225.26560590001927,69,raw,2.209102466172621e-14,-6.967193488804948e-11,4.953912332006126,21556.629295583134,0.8144848625875957,1.3207638667392627e-05,1.0,323.00000000000006,,,,[],[],16,213.1875,25.0,449.99999999999994,"[3, 8, 15, 19, 22, 27, 30, 35, 38, 43, 46, 51, 55, 58, 61, 65]","[349.0, 268.0, 189.0, 25.0, 449.99999999999994, 204.0000000000001, 45.0, 52.00000000000006, 357.0, 48.99999999999994, 288.0, 42.0, 206.0, 408.0000000000001, 109.00000000000003, 369.99999999999994]","[0, 0, 0, 0, 0, 24, 29, 32, 32, 40, 40, 47, 54, 32, 60, 60]","[5, 9, 16, 20, 32, 32, 32, 36, 54, 45, 54, 54, 56, 67, 62, 67]",6764700.0,459.99999999999994,-459.99999999999994,0.0,,,,DWT,inu.32000013032828,0.0,,0.0,34,6.0,0.0,34,,5.684341886080802e-14,79.3125,486.0,79.3125,,0.0,79.3125,,,17.0,0.0,34,5.684341886080802e-14,5.684341886080802e-14,,5.684341886080802e-14,0.9670804006027267,0.7258270575960727,0.0018828303896679627,0.27647058823529413,0.002236018746598679,,,,,,,0.0,0.0,0.0,424,1.0555858271472633,0.7203372505838461,354,0,0.0,0.0,280,0,0.394699379114072,0.6717266843893335,367,59.23048201728566,0.904620801904532,356.25,348.44499996927584,0.6654746521599955,149,bior,292.162962962963,301.0,176.53037485058104,135,0.7773306480916924,0.9625172382852065,0.16711337485025335,4,112.75
db1,1,symmetric,2.909227556321153e-27,318.6173797078936,1335542.8079082333,0.6714285714285714,333.3773713843218,69,raw,4.3250427394093045e-14,-7.188005746172646e-11,5.177852749498056,15111.808163265307,0.5752597846852022,1.3207638667392622e-05,1.0,323.00000000000006,,,,[],[],16,213.18750000000006,25.0,450.00000000000006,"[3, 8, 15, 19, 22, 27, 30, 35, 38, 43, 46, 51, 55, 58, 61, 65]","[349.00000000000006, 268.0000000000001, 189.00000000000006, 25.0, 450.00000000000006, 204.00000000000006, 45.0, 52.0, 357.00000000000006, 48.99999999999994, 288.00000000000006, 41.99999999999994, 206.00000000000003, 408.0000000000001, 109.00000000000003, 370.00000000000006]","[0, 0, 0, 0, 0, 24, 29, 32, 32, 40, 40, 47, 54, 32, 60, 60]","[5, 9, 16, 20, 32, 32, 32, 36, 54, 45, 54, 54, 56, 67, 62, 67]",6764700.0,460.00000000000006,-460.00000000000006,0.0,,,,DWT,inu.32000013032828,0.0,,0.0,34,6.0,0.0,34,,5.684341886080802e-14,79.31249999999994,486.0000000000009,79.31249999999997,,0.0,79.31249999999994,,,17.0,0.0,34,5.684341886080802e-14,5.684341886080802e-14,,5.684341886080802e-14,0.93086721905886,0.803730803438102,0.000491004200012382,0.7588235294117645,7.373526469097889e-05,,,,,,,0.0,0.0,0.0,411,1.2641901411249556,0.8626899178195506,98,0,0.0,0.0,373,0,0.498797258274686,0.8488876502298995,90,172.77924258042881,0.7217725562311935,243.0,151.34747733955857,0.6652341042025534,150,db,361.0980392156863,403.0,158.96390539935234,153,0.9607397529157442,0.8667375194865046,0.06746091711302768,5,113.75
rbio3.9,1,antireflect,1.5908923577291918e-27,321.2387486776794,1887130.7468886427,0.7045454545454546,390.09143360420325,69,raw,2.4971972959684697e-14,-6.90585366669441e-11,5.6028409262661345,51308.90285068306,0.6994663828376615,1.3207638667392627e-05,1.0,322.99999999999994,,,,[],[],16,213.1875,25.000000000000057,450.0,"[3, 8, 15, 19, 22, 27, 30, 35, 38, 43, 46, 51, 55, 58, 61, 65]","[349.0, 268.0, 189.0, 25.000000000000057, 450.0, 203.99999999999994, 45.0, 52.0, 357.0, 49.000000000000114, 287.99999999999994, 41.99999999999994, 206.00000000000006, 407.9999999999999, 109.0, 370.0]","[0, 0, 0, 0, 0, 24, 29, 32, 32, 40, 40, 47, 54, 32, 60, 60]","[5, 9, 16, 20, 32, 32, 32, 36, 54, 45, 54, 54, 56, 67, 62, 67]",6764700.0,460.0,-460.0,0.0,,,,DWT,inu.32000013032828,0.0,,0.0,34,6.0,0.0,34,,0.0,79.3125,486.0,79.3125,,0.0,79.3125,,,16.999999999999943,0.0,34,0.0,0.0,,5.684341886080802e-14,0.9592286349356428,0.9515744632812422,0.005560441289160439,0.9451871657754013,0.01221811884473671,,,,,,,0.0,0.0,0.0,320,1.437066747094642,0.9806618115603122,5,0,0.0,0.0,443,0,0.5747537648252368,0.9781556830743401,5,223.0969520186235,0.6407456489233117,193.25,9.867228148328605,0.6647770112571469,151,rbio,249.7925925925926,196.0,174.24048813612427,135,0.6645997696604647,0.9500318207572005,0.24977061501051454,3,114.0
sym13,1,antisymmetric,1.229183692007271e-22,272.35898873671283,1548719.190683116,0.6382978723404256,303.0093827919382,69,raw,8.298810913827208e-12,,5.585260668730449,70034.46631745512,0.8769147231032017,1.3207638667394436e-05,0.9999999999999999,322.99999999999955,,,,[],[],16,213.1874999999808,25.000000000001478,449.99999999996214,"[3, 8, 15, 19, 22, 27, 30, 35, 38, 43, 46, 51, 55, 58, 61, 65]","[348.9999999999579, 267.99999999998124, 188.9999999999815, 25.000000000001478, 449.99999999996214, 203.9999999999742, 44.99999999999005, 51.999999999998806, 356.9999999999693, 48.99999999999358, 287.9999999999722, 41.999999999995225, 205.99999999999358, 407.9999999999733, 108.99999999999653, 369.9999999999518]","[0, 0, 0, 0, 0, 24, 29, 32, 32, 40, 40, 47, 54, 32, 60, 60]","[5, 9, 16, 20, 32, 32, 32, 36, 54, 45, 54, 54, 56, 67, 62, 67]",6764699.999999803,459.9999999999897,-459.9999999999897,0.0,,,,DWT,inu.32000013032828,1.9744038581848145e-07,,0.0,34,6.0,0.0,34,,1.028865881380625e-11,79.31250000001921,485.9999999996926,79.31250000001918,,0.0,79.31250000001921,,,16.999999999998522,0.0,34,3.785771696129814e-11,1.028865881380625e-11,,4.547473508864641e-13,0.4303831287815292,0.9454586940501393,0.0024502280789228227,0.5723821443471007,0.018500679018606674,,,,,,,0.014219598899993293,0.007109799449996647,0.014219598899993293,150,0.9685374676797315,0.6609349980013771,423,0,0.014219598899993293,0.014219598899993293,150,0,0.39383497485525976,0.6702555814753962,370,143.9522490272382,0.7681928357049305,273.25,217.39009653448156,0.6640883663226747,152,sym,375.8541666666667,399.5,183.40489689834808,144,1.0,1.0,0.0,6,115.5
bior2.6,1,constant,1.440711533801899e-27,321.66938630376524,1533408.9266208746,0.573170731707317,191.32506376615947,69,raw,2.6259188060699355e-14,-7.041578431454835e-11,5.133360501064351,21557.57152043376,0.830758758145251,1.3207638667392627e-05,1.0,323.0,,,,[],[],16,213.1875,25.0,450.0,"[3, 8, 15, 19, 22, 27, 30, 35, 38, 43, 46, 51, 55, 58, 61, 65]","[349.0, 268.0, 189.0, 25.0, 450.0, 204.0, 45.0, 52.0, 357.0, 49.00000000000006, 288.0, 42.00000000000006, 205.99999999999994, 408.00000000000006, 109.00000000000006, 369.99999999999994]","[0, 0, 0, 0, 0, 24, 29, 32, 32, 40, 40, 47, 54, 32, 60, 60]","[5, 9, 16, 20, 32, 32, 32, 36, 54, 45, 54, 54, 56, 67, 62, 67]",6764700.0,460.0,-460.0,0.0,,,,DWT,inu.32000013032828,0.0,,0.0,34,6.0,0.0,34,,0.0,79.3125,486.0,79.3125,,0.0,79.3125,,,17.0,0.0,34,0.0,0.0,,0.0,0.9638878389417883,0.7882529685178169,0.0023095172058293237,0.20588235294117607,0.0022363348697600396,,,,,,,0.0,0.0,0.0,428,1.0568614213512706,0.721207722693403,351,0,0.0,0.0,289,0,0.3925138024952742,0.6680071190357746,374,57.56445662617399,0.9073036125182383,360.5,353.3738770344256,0.663394157305818,153,bior,292.162962962963,301.0,176.53037485058104,135,0.7773306480916924,0.9625172382852065,0.16711337485025335,4,115.75
coif5,1,periodic,4.931638261972981e-27,316.32524449979314,1571512.7955381507,0.6224489795918368,290.4616105489171,69,raw,4.92231054628011e-14,-6.997080692627857e-11,5.658361930947494,16522.69071987354,0.5663741647434313,1.3207638667392627e-05,1.0,323.0,,,,[],[],16,213.1875,24.999999999999886,450.0000000000001,"[3, 8, 15, 19, 22, 27, 30, 35, 38, 43, 46, 51, 55, 58, 61, 65]","[349.0, 267.9999999999999, 189.0, 24.999999999999886, 450.0000000000001, 204.0, 45.00000000000017, 52.0, 356.9999999999999, 49.00000000000006, 287.99999999999994, 42.00000000000017, 205.99999999999994, 408.0, 109.00000000000006, 370.00000000000006]","[0, 0, 0, 0, 0, 24, 29, 32, 32, 40, 40, 47, 54, 32, 60, 60]","[5, 9, 16, 20, 32, 32, 32, 36, 54, 45, 54, 54, 56, 67, 62, 67]",6764700.0,460.00000000000006,-460.00000000000006,0.0,,,,DWT,inu.32000013032828,0.0,,0.0,34,6.0,0.0,34,,5.684341886080802e-14,79.3125,486.0,79.31250000000003,,0.0,79.3125,,,17.000000000000114,0.0,34,1.1368683772161603e-13,5.684341886080802e-14,,0.0,0.9060678868656264,0.9708889500810476,0.002659715519966385,0.48319327731092443,0.0005470964308787701,,,,,,,0.0,0.0,0.0,417,1.2239112144166042,0.8352033690469378,154,0,0.0,0.0,382,0,0.4726713852416887,0.8044248337222506,157,141.60155366379283,0.7719781744544398,277.5,223.7284638259567,0.6625591355363987,154,coif,212.88888888888889,210.0,126.92181240687695,45,0.566413539530329,0.6920306630483438,0.39590132341426654,2,116.0
db17,1,constant,7.382091754457774e-27,314.5733622448034,1408257.7940995612,0.5686274509803921,130.78258969703208,69,raw,6.106548439213618e-14,-6.566869270585607e-11,5.223718210333959,28202.98823512962,0.8550024118566203,1.3207638667392627e-05,1.0,322.9999999999999,,,,[],[],16,213.1875,24.999999999999886,450.0000000000001,"[3, 8, 15, 19, 22, 27, 30, 35, 38, 43, 46, 51, 55, 58, 61, 65]","[349.0, 267.9999999999998, 189.00000000000006, 24.999999999999886, 450.0000000000001, 204.00000000000023, 45.0, 51.99999999999977, 356.9999999999999, 49.000000000000114, 287.9999999999999, 41.99999999999994, 206.00000000000003, 408.0, 109.0, 370.0]","[0, 0, 0, 0, 0, 24, 29, 32, 32, 40, 40, 47, 54, 32, 60, 60]","[5, 9, 16, 20, 32, 32, 32, 36, 54, 45, 54, 54, 56, 67, 62, 67]",6764699.999999999,460.0,-460.0,0.0,,,,DWT,inu.32000013032828,9.313225746154785e-10,,0.0,34,6.0,0.0,34,,0.0,79.3125,486.0,79.31250000000003,,0.0,79.3125,,,17.000000000000114,0.0,34,1.1368683772161603e-13,0.0,,1.1368683772161603e-13,0.8871137213995643,0.8196863475239143,0.001159300262860665,0.18031526336024578,0.0044659196010607815,,,,,,,6.70735797169495e-05,3.353678985847475e-05,6.70735797169495e-05,235,1.0166035299176488,0.6937355285015115,397,0,6.70735797169495e-05,6.70735797169495e-05,226,0,0.3785481104295292,0.6442393389911699,416,101.97548725061333,0.835788265296919,318.5,294.05633303764733,0.6614529088159313,155,db,361.0980392156863,403.0,158.96390539935234,153,0.9607397529157442,0.8667375194865046,0.06746091711302768,5,117.5
rbio3.5,1,reflect,1.1502277964126893e-27,322.6473180481125,1417808.000348471,0.7125,377.98371250317643,69,raw,2.0801396032397143e-14,-6.88443746454939e-11,5.5851786024290835,20312.301103401183,0.6566492076780718,1.3207638667392627e-05,1.0,322.99999999999994,,,,[],[],16,213.1875,25.0,449.99999999999994,"[3, 8, 15, 19, 22, 27, 30, 35, 38, 43, 46, 51, 55, 58, 61, 65]","[349.0, 268.0, 189.0, 25.0, 449.99999999999994, 203.99999999999991, 45.00000000000006, 52.0, 356.9999999999999, 49.00000000000006, 287.9999999999999, 41.99999999999994, 206.00000000000006, 407.99999999999994, 109.0, 369.99999999999994]","[0, 0, 0, 0, 0, 24, 29, 32, 32, 40, 40, 47, 54, 32, 60, 60]","[5, 9, 16, 20, 32, 32, 32, 36, 54, 45, 54, 54, 56, 67, 62, 67]",6764700.0,460.0,-460.0,0.0,,,,DWT,inu.32000013032828,0.0,,0.0,34,6.0,0.0,34,,0.0,79.3125,486.0,79.31250000000003,,0.0,79.3125,,,17.0,0.0,34,5.684341886080802e-14,0.0,,5.684341886080802e-14,0.9744683902568541,0.9454301450621748,0.0012470726130986514,0.989950980392157,0.0018185377582536303,,,,,,,0.0,0.0,0.0,327,1.4547274502519134,0.992713567114919,3,0,0.0,0.0,445,0,0.5825830252165077,0.9914800595546214,3,226.31173190977086,0.635568869710514,194.5,5.952629318279438,0.6611821804269156,156,rbio,249.7925925925926,196.0,174.24048813612427,135,0.6645997696604647,0.9500318207572005,0.24977061501051454,3,117.75
sym13,1,reflect,1.102069221971033e-22,272.8330678955891,1545133.2139618015,0.6382978723404256,298.4183960164612,69,raw,8.125519580853109e-12,-6.03400662769757e-11,5.598006710643298,16482.17124184619,0.5716030256686838,1.3207638667394507e-05,1.0,322.9999999999995,,,,[],[],16,213.1874999999801,25.00000000000159,449.99999999996214,"[3, 8, 15, 19, 22, 27, 30, 35, 38, 43, 46, 51, 55, 58, 61, 65]","[348.9999999999609, 267.9999999999812, 188.9999999999814, 25.00000000000159, 449.99999999996214, 203.9999999999742, 44.99999999999005, 51.999999999998806, 356.9999999999693, 48.99999999999363, 287.9999999999722, 41.999999999995225, 205.99999999999363, 407.99999999994856, 108.99999999999667, 369.99999999996203]","[0, 0, 0, 0, 0, 24, 29, 32, 32, 40, 40, 47, 54, 32, 60, 60]","[5, 9, 16, 20, 32, 32, 32, 36, 54, 45, 54, 54, 56, 67, 62, 67]",6764699.999999849,459.9999999999897,-459.9999999999897,0.0,,,,DWT,inu.32000013032828,1.5087425708770752e-07,,0.0,34,6.0,0.0,34,,1.028865881380625e-11,79.3125000000199,485.9999999996817,79.3125000000199,,0.0,79.3125000000199,,,16.99999999999841,0.0,34,3.785771696129814e-11,1.028865881380625e-11,,5.115907697472721e-13,0.4355123404027778,0.9498927503084573,0.0024172707169009917,0.5723821443471007,0.000533501856842462,,,,,,,0.010865919914145818,0.005432959957072909,0.010865919914145818,158,0.966628673235923,0.6596324267596823,425,0,0.010865919914145818,0.010865919914145818,158,0,0.39214760152641587,0.6673838929157248,377,141.65803895296588,0.7718872158567377,279.5,226.45326344131712,0.6609033502794155,157,sym,375.8541666666667,399.5,183.40489689834808,144,1.0,1.0,0.0,6,119.25
bior2.4,1,constant,1.4460163375703416e-27,321.6534246357437,1485182.9548160075,0.5769230769230769,198.5734662247661,69,raw,2.476601854352233e-14,-7.06105174330676e-11,5.094901915886193,20347.84608659111,0.8117866500867436,1.3207638667392627e-05,0.9999999999999999,323.00000000000006,,,,[],[],16,213.1875,25.0,450.0,"[3, 8, 15, 19, 22, 27, 30, 35, 38, 43, 46, 51, 55, 58, 61, 65]","[349.0, 268.00000000000006, 189.00000000000006, 25.0, 450.0, 204.00000000000006, 45.0, 52.0, 357.0, 49.0, 288.00000000000006, 42.00000000000006, 205.99999999999997, 408.00000000000006, 109.00000000000006, 370.0]","[0, 0, 0, 0, 0, 24, 29, 32, 32, 40, 40, 47, 54, 32, 60, 60]","[5, 9, 16, 20, 32, 32, 32, 36, 54, 45, 54, 54, 56, 67, 62, 67]",6764700.0,460.0,-460.0,0.0,,,,DWT,inu.32000013032828,0.0,,0.0,34,6.0,0.0,34,,0.0,79.3125,486.0,79.31249999999999,,0.0,79.3125,,,17.0,0.0,34,0.0,0.0,,5.684341886080802e-14,0.963715144632035,0.7748741069495553,0.0018662904547518595,0.22699849170437364,0.001830463353772621,,,,,,,0.0,0.0,0.0,437,1.058130867504633,0.7220739993412704,348,0,0.0,0.0,293,0,0.3938568994188977,0.6702928942131873,369,59.528004614074995,0.9041416994942432,361.75,354.45629611180794,0.6608067595699879,158,bior,292.162962962963,301.0,176.53037485058104,135,0.7773306480916924,0.9625172382852065,0.16711337485025335,4,119.5
rbio3.7,1,reflect,1.1707153144149509e-27,322.5706436385871,1434772.8816358892,0.7023809523809523,369.2815344102166,69,raw,2.1831168113208878e-14,-6.912759253907578e-11,5.648995496331686,20112.823623018954,0.6501212157846052,1.3207638667392627e-05,1.0,322.99999999999994,,,,[],[],16,213.1875,25.000000000000057,450.0,"[3, 8, 15, 19, 22, 27, 30, 35, 38, 43, 46, 51, 55, 58, 61, 65]","[349.0, 268.0, 189.0, 25.000000000000057, 450.0, 203.99999999999994, 45.00000000000006, 52.0, 356.9999999999999, 49.000000000000114, 287.99999999999994, 41.99999999999994, 206.00000000000006, 407.9999999999999, 109.0, 370.0]","[0, 0, 0, 0, 0, 24, 29, 32, 32, 40, 40, 47, 54, 32, 60, 60]","[5, 9, 16, 20, 32, 32, 32, 36, 54, 45, 54, 54, 56, 67, 62, 67]",6764700.0,460.0,-460.0,0.0,,,,DWT,inu.32000013032828,0.0,,0.0,34,6.0,0.0,34,,0.0,79.3125,486.0,79.3125,,0.0,79.3125,,,16.999999999999943,0.0,34,0.0,0.0,,5.684341886080802e-14,0.9736388256893627,0.9676305818511044,0.0014029904501898745,0.9330065359477121,0.0017516116400592625,,,,,,,0.0,0.0,0.0,331,1.4426033405993735,0.9844400117219957,4,0,0.0,0.0,444,0,0.5754861091156857,0.9794020372063351,4,226.1686317772648,0.6357993047064978,195.75,7.916506187968812,0.660290956701075,159,rbio,249.7925925925926,196.0,174.24048813612427,135,0.6645997696604647,0.9500318207572005,0.24977061501051454,3,120.0
db2,1,zero,2.108019263018421e-27,320.01641088234226,1298133.0377511836,0.6527777777777778,304.38510043590554,69,raw,3.223186612940745e-14,-7.114775435468372e-11,5.211099173408919,17986.209104938273,0.5972308524738705,1.3207638667392622e-05,0.9999999999999998,323.00000000000006,,,,[],[],16,213.18750000000003,25.000000000000057,450.0,"[3, 8, 15, 19, 22, 27, 30, 35, 38, 43, 46, 51, 55, 58, 61, 65]","[349.0000000000001, 268.00000000000006, 189.0, 25.000000000000057, 450.0, 204.0, 44.99999999999994, 52.00000000000006, 357.0, 48.99999999999994, 288.0000000000001, 42.000000000000114, 205.99999999999997, 408.0000000000001, 109.0, 370.00000000000006]","[0, 0, 0, 0, 0, 24, 29, 32, 32, 40, 40, 47, 54, 32, 60, 60]","[5, 9, 16, 20, 32, 32, 32, 36, 54, 45, 54, 54, 56, 67, 62, 67]",6764700.0,460.0,-460.0,0.0,,,,DWT,inu.32000013032828,0.0,,0.0,34,6.0,0.0,34,,0.0,79.31249999999997,486.00000000000045,79.31249999999997,,0.0,79.31249999999997,,,16.999999999999943,0.0,34,0.0,0.0,,5.684341886080802e-14,0.9460037776358714,0.8152964733940471,0.00014718508627105148,0.6538671023965141,0.0010381172931374569,,,,,,,0.0,0.0,0.0,404,1.2372861836975424,0.8443305175465645,138,0,0.0,0.0,402,0,0.48327053116116836,0.8224631928446577,137,153.2892146673514,0.7531574643037819,270.25,205.03928539017645,0.6589861395592984,160,db,361.0980392156863,403.0,158.96390539935234,153,0.9607397529157442,0.8667375194865046,0.06746091711302768,5,121.25
rbio3.9,1,symmetric,1.4231508040856746e-27,321.7226474085291,1498369.6421465448,0.6363636363636364,331.59731206143516,69,raw,2.3993689482913537e-14,-6.924794071494515e-11,5.689253898284436,21500.962810709138,0.6500396893542307,1.3207638667392627e-05,1.0,322.99999999999994,,,,[],[],16,213.1875,25.000000000000057,450.0,"[3, 8, 15, 19, 22, 27, 30, 35, 38, 43, 46, 51, 55, 58, 61, 65]","[349.0, 268.0, 189.0, 25.000000000000057, 450.0, 203.99999999999994, 45.0, 52.0, 357.0, 49.000000000000114, 287.99999999999994, 41.99999999999994, 206.00000000000006, 407.9999999999999, 109.0, 370.0]","[0, 0, 0, 0, 0, 24, 29, 32, 32, 40, 40, 47, 54, 32, 60, 60]","[5, 9, 16, 20, 32, 32, 32, 36, 54, 45, 54, 54, 56, 67, 62, 67]",6764700.0,460.0,-460.0,0.0,,,,DWT,inu.32000013032828,0.0,,0.0,34,6.0,0.0,34,,0.0,79.3125,486.0,79.3125,,0.0,79.3125,,,16.999999999999943,0.0,34,0.0,0.0,,5.684341886080802e-14,0.9644640875964705,0.9816355584822045,0.0019874843335737796,0.5614973262032084,0.002217342243672116,,,,,,,0.0,0.0,0.0,315,1.2959758413445237,0.8843806447270196,61,0,0.0,0.0,465,0,0.5023603597718259,0.8549515826338183,71,196.87220897492531,0.6829755088970607,228.0,111.72219903420437,0.6579128752214771,161,rbio,249.7925925925926,196.0,174.24048813612427,135,0.6645997696604647,0.9500318207572005,0.24977061501051454,3,121.5
sym13,1,symmetric,1.1994946285067365e-22,272.4651735588223,1547009.6675481666,0.6382978723404256,310.41112576506424,69,raw,8.348774167973094e-12,-5.3476334471849854e-11,5.5914326614000815,16959.064770327655,0.5830280767554691,1.3207638667394682e-05,1.0,322.99999999999955,,,,[],[],16,213.18749999997974,25.000000000001535,449.9999999999621,"[3, 8, 15, 19, 22, 27, 30, 35, 38, 43, 46, 51, 55, 58, 61, 65]","[348.9999999999582, 267.9999999999813, 188.99999999998144, 25.000000000001535, 449.9999999999621, 203.9999999999742, 44.99999999999005, 51.999999999998806, 356.9999999999693, 48.99999999999358, 287.9999999999722, 41.99999999999511, 205.99999999999363, 407.9999999999402, 108.9999999999971, 369.99999999996726]","[0, 0, 0, 0, 0, 24, 29, 32, 32, 40, 40, 47, 54, 32, 60, 60]","[5, 9, 16, 20, 32, 32, 32, 36, 54, 45, 54, 54, 56, 67, 62, 67]",6764699.999999841,459.99999999998965,-459.99999999998965,0.0,,,,DWT,inu.32000013032828,1.5925616025924683e-07,,0.0,34,6.0,0.0,34,,1.0345502232667059e-11,79.31250000002026,485.99999999967577,79.31250000002025,,0.0,79.31250000002026,,,16.999999999998465,0.0,34,3.7914560380158946e-11,1.0345502232667059e-11,,4.547473508864641e-13,0.4315319757902335,0.9476057890393289,0.002434516495378976,0.5723821443471007,0.000693503038891295,,,,,,,0.011469582131598363,0.005734791065799182,0.011469582131598363,155,0.9631695971958908,0.6572719353054051,428,0,0.011469582131598363,0.011469582131598363,155,0,0.39092958574218667,0.6653109894667489,381,145.32119597636128,0.7659884122763909,279.75,223.9096761905606,0.6577526602444757,162,sym,375.8541666666667,399.5,183.40489689834808,144,1.0,1.0,0.0,6,123.0
rbio3.5,1,antisymmetric,1.2563238717815441e-27,322.2641405135372,1405907.519384961,0.6375,323.04123138120127,69,raw,2.2140099737452407e-14,-6.875944258411008e-11,5.511042197659,50386.45073610067,0.7531167247470354,1.3207638667392627e-05,1.0,322.99999999999994,,,,[],[],16,213.1875,25.0,449.99999999999994,"[3, 8, 15, 19, 22, 27, 30, 35, 38, 43, 46, 51, 55, 58, 61, 65]","[349.0, 268.0, 189.0, 25.0, 449.99999999999994, 203.99999999999991, 45.00000000000006, 52.0, 356.9999999999999, 49.00000000000006, 287.9999999999999, 41.99999999999994, 206.00000000000006, 408.0, 109.0, 369.99999999999994]","[0, 0, 0, 0, 0, 24, 29, 32, 32, 40, 40, 47, 54, 32, 60, 60]","[5, 9, 16, 20, 32, 32, 32, 36, 54, 45, 54, 54, 56, 67, 62, 67]",6764700.0,460.0,-460.0,0.0,,,,DWT,inu.32000013032828,0.0,,0.0,34,6.0,0.0,34,,0.0,79.3125,486.0,79.31250000000001,,0.0,79.3125,,,17.0,0.0,34,5.684341886080802e-14,0.0,,5.684341886080802e-14,0.9703226719173187,0.9196397866287379,0.0011376997727739816,0.5678921568627447,0.011908629577422477,,,,,,,0.0,0.0,0.0,328,1.2745026609272139,0.8697272348902295,76,0,0.0,0.0,459,0,0.49418018895179955,0.8410300025314928,113,181.35232743658588,0.7079672666077522,244.0,146.87047303212634,0.6575263064117667,163,rbio,249.7925925925926,196.0,174.24048813612427,135,0.6645997696604647,0.9500318207572005,0.24977061501051454,3,123.0
rbio2.8,1,periodic,1.7326586653341274e-27,320.86802648463754,1444848.6453800327,0.6395348837209303,327.0872323015987,69,raw,2.96574359273781e-14,-7.10322911601227e-11,5.539901195315893,17270.581069634547,0.5250259318272535,1.3207638667392627e-05,1.0,323.00000000000006,,,,[],[],16,213.1875,25.0,450.0,"[3, 8, 15, 19, 22, 27, 30, 35, 38, 43, 46, 51, 55, 58, 61, 65]","[349.0, 268.00000000000006, 189.0, 25.0, 450.0, 204.0, 45.0, 52.0, 357.0, 48.99999999999994, 288.0, 42.0, 205.99999999999994, 408.0, 109.00000000000006, 370.0]","[0, 0, 0, 0, 0, 24, 29, 32, 32, 40, 40, 47, 54, 32, 60, 60]","[5, 9, 16, 20, 32, 32, 32, 36, 54, 45, 54, 54, 56, 67, 62, 67]",6764700.0,460.0,-460.0,0.0,,,,DWT,inu.32000013032828,0.0,,0.0,34,6.0,0.0,34,,0.0,79.3125,486.0,79.3125,,0.0,79.3125,,,17.0,0.0,34,0.0,0.0,,5.684341886080802e-14,0.9552176748560811,0.9296791714075008,0.0014955930015082938,0.5793433652530781,0.0007980189803746944,,,,,,,0.0,0.0,0.0,346,1.2707745408115343,0.867183146361462,82,0,0.0,0.0,448,0,0.49330676469970863,0.8395435487695458,116,177.56125703542426,0.7140720498624409,248.0,154.21313440353902,0.6573580861228469,164,rbio,249.7925925925926,196.0,174.24048813612427,135,0.6645997696604647,0.9500318207572005,0.24977061501051454,3,123.75
sym11,1,antireflect,1.0715332687570159e-23,282.95510003885164,1909487.055784567,0.6222222222222222,316.63605369401364,69,raw,2.318454607041569e-12,-6.561950982587415e-11,5.413844940355087,49449.5027563256,0.8540073819613303,1.3207638667392073e-05,1.0,322.99999999999983,,,,[],[],16,213.18750000000628,25.000000000000682,450.00000000001074,"[3, 8, 15, 19, 22, 27, 30, 35, 38, 43, 46, 51, 55, 58, 61, 65]","[349.0000000000133, 268.0000000000053, 189.0000000000049, 25.000000000000682, 450.00000000001074, 204.00000000000762, 45.00000000000364, 52.000000000001535, 357.0000000000081, 49.00000000000222, 288.0000000000081, 42.00000000000125, 206.00000000000233, 408.0000000000215, 108.9999999999996, 370.0000000000099]","[0, 0, 0, 0, 0, 24, 29, 32, 32, 40, 40, 47, 54, 32, 60, 60]","[5, 9, 16, 20, 32, 32, 32, 36, 54, 45, 54, 54, 56, 67, 62, 67]",6764700.000000039,460.00000000000324,-460.00000000000324,0.0,,,,DWT,inu.32000013032828,3.91155481338501e-08,,0.0,34,6.0,0.0,34,,3.240074875066057e-12,79.31249999999372,486.0000000001005,79.3124999999962,,0.0,79.31249999999372,,,16.999999999999318,0.0,34,1.0743406164692715e-11,3.240074875066057e-12,,1.7053025658242404e-13,0.5450257917490371,0.885827085400657,0.0057659097076739815,0.48191721132897597,0.01159427684388962,,,,,,,0.002817090348111879,0.0014085451740559396,0.002817090348111879,178,0.9702165678727339,0.662080824693415,421,0,0.002817090348111879,0.002817090348111879,179,0,0.38602605500604675,0.656965821935496,395,132.9269849704466,0.785946884105561,293.25,248.26968152818637,0.6568623309416695,165,sym,375.8541666666667,399.5,183.40489689834808,144,1.0,1.0,0.0,6,125.25
bior1.1,1,antireflect,3.096542006627545e-27,318.34638687487507,1426810.3408390845,0.6714285714285714,338.0949756963641,69,raw,4.4898062723391835e-14,-7.196621076843737e-11,5.144889120780414,17914.448163265308,0.5972211279560509,1.3207638667392622e-05,0.9999999999999999,323.00000000000006,,,,[],[],16,213.18750000000006,25.0,450.00000000000006,"[3, 8, 15, 19, 22, 27, 30, 35, 38, 43, 46, 51, 55, 58, 61, 65]","[349.00000000000006, 268.0000000000001, 189.00000000000006, 25.0, 450.00000000000006, 204.00000000000006, 45.0, 52.0, 357.00000000000006, 48.99999999999994, 288.00000000000006, 41.99999999999994, 206.00000000000003, 408.0000000000001, 109.00000000000003, 370.00000000000006]","[0, 0, 0, 0, 0, 24, 29, 32, 32, 40, 40, 47, 54, 32, 60, 60]","[5, 9, 16, 20, 32, 32, 32, 36, 54, 45, 54, 54, 56, 67, 62, 67]",6764700.0,460.00000000000006,-460.00000000000006,0.0,,,,DWT,inu.32000013032828,0.0,,0.0,34,6.0,0.0,34,,5.684341886080802e-14,79.31249999999994,486.0000000000009,79.31249999999997,,0.0,79.31249999999994,,,17.0,0.0,34,5.684341886080802e-14,5.684341886080802e-14,,5.684341886080802e-14,0.9279352623120409,0.7922635114574449,0.001329809735408854,0.7588235294117645,0.0010140409851003727,,,,,,,0.0,0.0,0.0,448,1.2574928461423973,0.858119648941346,115,0,0.0,0.0,352,0,0.4962732307803519,0.8445920857831499,108,171.13810212807667,0.7244152944797477,255.75,173.70185690243812,0.6562897728437386,166,bior,292.162962962963,301.0,176.53037485058104,135,0.7773306480916924,0.9625172382852065,0.16711337485025335,4,125.5
bior2.2,1,antisymmetric,6.7974657943218085e-28,324.9316863252099,1401976.225581011,0.5675675675675675,210.98174839966902,69,raw,1.3284059842471437e-14,-6.925504614230274e-11,5.090074813531599,28892.96379656684,0.7700356409962346,1.3207638667392627e-05,1.0,323.0,,,,[],[],16,213.1875,25.000000000000057,450.00000000000006,"[3, 8, 15, 19, 22, 27, 30, 35, 38, 43, 46, 51, 55, 58, 61, 65]","[348.99999999999994, 268.0, 189.0, 25.000000000000057, 450.00000000000006, 204.0, 45.00000000000006, 52.0, 356.9999999999999, 49.0, 288.0, 42.00000000000006, 205.99999999999997, 408.0, 109.00000000000003, 370.0]","[0, 0, 0, 0, 0, 24, 29, 32, 32, 40, 40, 47, 54, 32, 60, 60]","[5, 9, 16, 20, 32, 32, 32, 36, 54, 45, 54, 54, 56, 67, 62, 67]",6764700.0,460.00000000000006,-460.00000000000006,0.0,,,,DWT,inu.32000013032828,0.0,,0.0,34,6.0,0.0,34,,5.684341886080802e-14,79.3125,486.0,79.3125,,0.0,79.3125,,,16.999999999999943,0.0,34,5.684341886080802e-14,5.684341886080802e-14,,0.0,0.9991836895791711,0.7731948685199882,0.0011015687314482388,0.17435082140964464,0.004697411325778228,,,,,,,0.0,0.0,0.0,440,1.05827772546739,0.7221742159777561,347,0,0.0,0.0,292,0,0.3905056719132061,0.6645895436123191,382,62.09334371197394,0.9000107186602674,365.25,357.23758141476804,0.655923233726269,167,bior,292.162962962963,301.0,176.53037485058104,135,0.7773306480916924,0.9625172382852065,0.16711337485025335,4,126.25
bior1.1,1,smooth,3.096542006627545e-27,318.34638687487507,1426810.3408390845,0.6714285714285714,338.0949756963641,69,raw,4.4898062723391835e-14,-7.196621076843737e-11,5.144889120780414,17914.448163265308,0.5972211279560509,1.3207638667392622e-05,0.9999999999999999,323.00000000000006,,,,[],[],16,213.18750000000006,25.0,450.00000000000006,"[3, 8, 15, 19, 22, 27, 30, 35, 38, 43, 46, 51, 55, 58, 61, 65]","[349.00000000000006, 268.0000000000001, 189.00000000000006, 25.0, 450.00000000000006, 204.00000000000006, 45.0, 52.0, 357.00000000000006, 48.99999999999994, 288.00000000000006, 41.99999999999994, 206.00000000000003, 408.0000000000001, 109.00000000000003, 370.00000000000006]","[0, 0, 0, 0, 0, 24, 29, 32, 32, 40, 40, 47, 54, 32, 60, 60]","[5, 9, 16, 20, 32, 32, 32, 36, 54, 45, 54, 54, 56, 67, 62, 67]",6764700.0,460.00000000000006,-460.00000000000006,0.0,,,,DWT,inu.32000013032828,0.0,,0.0,34,6.0,0.0,34,,5.684341886080802e-14,79.31249999999994,486.0000000000009,79.31249999999997,,0.0,79.31249999999994,,,17.0,0.0,34,5.684341886080802e-14,5.684341886080802e-14,,5.684341886080802e-14,0.9279352623120409,0.7922635114574449,0.001329809735408854,0.7588235294117645,0.0010140409851003727,,,,,,,0.0,0.0,0.0,452,1.2574928461423973,0.858119648941346,114,0,0.0,0.0,350,0,0.4962732307803519,0.8445920857831499,104,173.70089234082823,0.7202884181307114,255.0,170.52590465266567,0.6548301994035199,168,bior,292.162962962963,301.0,176.53037485058104,135,0.7773306480916924,0.9625172382852065,0.16711337485025335,4,127.0
bior2.2,1,reflect,7.1779482715066675e-28,324.6951533913469,1410063.393503432,0.5675675675675675,210.98174839966904,69,raw,1.390192309095848e-14,-6.92267354551748e-11,5.0984724795867855,18658.026433528124,0.7230907222181219,1.3207638667392627e-05,1.0,323.0,,,,[],[],16,213.1875,25.000000000000057,450.00000000000006,"[3, 8, 15, 19, 22, 27, 30, 35, 38, 43, 46, 51, 55, 58, 61, 65]","[348.99999999999994, 268.0, 189.0, 25.000000000000057, 450.00000000000006, 204.0, 45.00000000000006, 52.0, 356.9999999999999, 49.0, 288.0, 42.00000000000006, 205.99999999999997, 408.00000000000006, 109.00000000000003, 370.0]","[0, 0, 0, 0, 0, 24, 29, 32, 32, 40, 40, 47, 54, 32, 60, 60]","[5, 9, 16, 20, 32, 32, 32, 36, 54, 45, 54, 54, 56, 67, 62, 67]",6764700.0,460.00000000000006,-460.00000000000006,0.0,,,,DWT,inu.32000013032828,0.0,,0.0,34,6.0,0.0,34,,5.684341886080802e-14,79.3125,486.0,79.3125,,0.0,79.3125,,,16.999999999999943,0.0,34,5.684341886080802e-14,5.684341886080802e-14,,0.0,0.9966245653264746,0.7761162243402393,0.0011758948472220376,0.17435082140964464,0.0012635168011524694,,,,,,,0.0,0.0,0.0,441,1.0568665340739343,0.7212112116419015,350,0,0.0,0.0,290,0,0.38990620454494657,0.663569328610754,383,63.103090257134,0.8983847177823929,366.0,357.6551191359359,0.6545063685530322,169,bior,292.162962962963,301.0,176.53037485058104,135,0.7773306480916924,0.9625172382852065,0.16711337485025335,4,127.75
bior2.2,1,antireflect,7.621424340637912e-28,324.4347952070158,1502467.447789196,0.5675675675675675,210.98174839966904,69,raw,1.4600164307311826e-14,-6.914058214846388e-11,5.0834470939709915,23351.866417092766,0.783789370011276,1.3207638667392627e-05,1.0,323.0,,,,[],[],16,213.1875,25.000000000000057,450.00000000000006,"[3, 8, 15, 19, 22, 27, 30, 35, 38, 43, 46, 51, 55, 58, 61, 65]","[348.99999999999994, 268.0, 189.0, 25.000000000000057, 450.00000000000006, 204.0, 45.00000000000006, 52.0, 356.9999999999999, 49.0, 288.0, 42.00000000000006, 205.99999999999997, 408.00000000000006, 109.00000000000003, 370.0]","[0, 0, 0, 0, 0, 24, 29, 32, 32, 40, 40, 47, 54, 32, 60, 60]","[5, 9, 16, 20, 32, 32, 32, 36, 54, 45, 54, 54, 56, 67, 62, 67]",6764700.0,460.00000000000006,-460.00000000000006,0.0,,,,DWT,inu.32000013032828,0.0,,0.0,34,6.0,0.0,34,,5.684341886080802e-14,79.3125,486.0,79.3125,,0.0,79.3125,,,16.999999999999943,0.0,34,5.684341886080802e-14,5.684341886080802e-14,,0.0,0.9938076681907227,0.7708892365758109,0.0020251457225217958,0.17435082140964464,0.0028383336121707106,,,,,,,0.0,0.0,0.0,439,1.053617454072326,0.7189940225748499,359,0,0.0,0.0,296,0,0.38878224110217413,0.6616564899372224,388,59.6685288350009,0.9039154125040243,370.5,363.00547285086964,0.6536485275080508,170,bior,292.162962962963,301.0,176.53037485058104,135,0.7773306480916924,0.9625172382852065,0.16711337485025335,4,128.5
coif5,1,constant,5.399924387738961e-27,315.93127984691597,1578279.7702930344,0.5612244897959183,152.56361123891725,69,raw,5.416601145069744e-14,-7.048905903417361e-11,5.287663288271466,25565.95293627655,0.8474692756731479,1.3207638667392627e-05,0.9999999999999999,323.0,,,,[],[],16,213.1875,24.99999999999983,450.0000000000001,"[3, 8, 15, 19, 22, 27, 30, 35, 38, 43, 46, 51, 55, 58, 61, 65]","[349.0, 268.00000000000006, 188.99999999999991, 24.99999999999983, 450.0000000000001, 203.99999999999994, 45.00000000000017, 52.0, 356.9999999999999, 49.00000000000006, 287.99999999999994, 42.000000000000114, 205.99999999999994, 407.99999999999983, 109.00000000000006, 369.9999999999999]","[0, 0, 0, 0, 0, 24, 29, 32, 32, 40, 40, 47, 54, 32, 60, 60]","[5, 9, 16, 20, 32, 32, 32, 36, 54, 45, 54, 54, 56, 67, 62, 67]",6764700.0,460.00000000000006,-460.00000000000006,0.0,,,,DWT,inu.32000013032828,0.0,,0.0,34,6.0,0.0,34,,5.684341886080802e-14,79.3125,486.0,79.31250000000003,,0.0,79.3125,,,17.00000000000017,0.0,34,1.1368683772161603e-13,5.684341886080802e-14,,0.0,0.9018054592982799,0.8419313766047938,0.002721908237354562,0.13865546218487357,0.00358117543968685,,,,,,,0.0,0.0,0.0,418,1.0203045730498663,0.6962611395561414,391,0,0.0,0.0,330,0,0.37773907635299775,0.6428624688805398,418,41.5,0.9331723027375202,389.25,385.6337252742931,0.6531803542673108,171,coif,212.88888888888889,210.0,126.92181240687695,45,0.566413539530329,0.6920306630483438,0.39590132341426654,2,128.75
sym11,1,antisymmetric,9.276901361931184e-24,283.5811272444345,1482583.3287357485,0.6111111111111112,276.3636024030674,69,raw,2.287883248392471e-12,-8.914924354286822e-11,5.53998724091465,62835.79471503939,0.8606991175834461,1.3207638667392183e-05,0.9999999999999997,322.99999999999983,,,,[],[],16,213.18750000000557,25.000000000000682,450.00000000001074,"[3, 8, 15, 19, 22, 27, 30, 35, 38, 43, 46, 51, 55, 58, 61, 65]","[349.0000000000129, 268.0000000000051, 189.00000000000477, 25.000000000000682, 450.00000000001074, 204.00000000000762, 45.00000000000364, 52.000000000001535, 357.0000000000081, 49.00000000000222, 288.0000000000081, 42.00000000000125, 206.00000000000233, 408.0000000000082, 108.9999999999996, 370.0000000000125]","[0, 0, 0, 0, 0, 24, 29, 32, 32, 40, 40, 47, 54, 32, 60, 60]","[5, 9, 16, 20, 32, 32, 32, 36, 54, 45, 54, 54, 56, 67, 62, 67]",6764700.0000000475,460.00000000000324,-460.00000000000324,0.0,,,,DWT,inu.32000013032828,4.7497451305389404e-08,,0.0,34,6.0,0.0,34,,3.240074875066057e-12,79.31249999999443,486.00000000008913,79.31249999999626,,0.0,79.31249999999443,,,16.999999999999318,0.0,34,1.0743406164692715e-11,3.240074875066057e-12,,1.7053025658242404e-13,0.5517989771084286,0.9297091047019524,0.0018423982701374865,0.4193899782135078,0.016085473324296964,,,,,,,0.0034207525655644243,0.0017103762827822121,0.0034207525655644243,171,0.9710453183662239,0.6626463683342517,419,0,0.0034207525655644243,0.0034207525655644243,171,0,0.38376518632366463,0.653118119344058,406,139.5310598636256,0.7753123029571247,291.75,241.75618269572388,0.6527527698360502,172,sym,375.8541666666667,399.5,183.40489689834808,144,1.0,1.0,0.0,6,130.5
rbio3.9,1,constant,1.4546137781605764e-27,321.62767966453345,1539844.4188206422,0.6136363636363636,307.92474820118457,69,raw,2.4096666690994714e-14,-6.914269157221068e-11,5.4779925677408166,23143.88646647027,0.6357056356394485,1.3207638667392627e-05,1.0,322.99999999999994,,,,[],[],16,213.1875,25.000000000000057,450.0,"[3, 8, 15, 19, 22, 27, 30, 35, 38, 43, 46, 51, 55, 58, 61, 65]","[349.0, 268.0, 189.0, 25.000000000000057, 450.0, 203.99999999999994, 45.0, 52.0, 357.0, 49.000000000000114, 287.99999999999994, 41.99999999999994, 206.00000000000006, 407.9999999999999, 109.0, 370.0]","[0, 0, 0, 0, 0, 24, 29, 32, 32, 40, 40, 47, 54, 32, 60, 60]","[5, 9, 16, 20, 32, 32, 32, 36, 54, 45, 54, 54, 56, 67, 62, 67]",6764700.0,460.0,-460.0,0.0,,,,DWT,inu.32000013032828,0.0,,0.0,34,6.0,0.0,34,,0.0,79.3125,486.0,79.3125,,0.0,79.3125,,,16.999999999999943,0.0,34,0.0,0.0,,5.684341886080802e-14,0.9634366016860988,0.9081425767987523,0.002368663391847694,0.43360071301247766,0.002768554854534769,,,,,,,0.0,0.0,0.0,314,1.2078652882537642,0.8242535456996042,171,0,0.0,0.0,481,0,0.4620634219487422,0.7863714685842341,187,143.54412794213027,0.768850035519919,288.25,243.02425821140716,0.6523396715441785,173,rbio,249.7925925925926,196.0,174.24048813612427,135,0.6645997696604647,0.9500318207572005,0.24977061501051454,3,130.5
coif5,1,reflect,4.551155784788122e-27,316.67393961823814,1669555.2061811427,0.6326530612244898,303.9280105660774,69,raw,5.00469231274505e-14,-7.009826052950554e-11,5.651134705815067,16584.915497383234,0.5873411263908193,1.3207638667392627e-05,1.0,323.0,,,,[],[],16,213.1875,24.999999999999943,450.0000000000001,"[3, 8, 15, 19, 22, 27, 30, 35, 38, 43, 46, 51, 55, 58, 61, 65]","[349.0000000000001, 268.0, 189.00000000000003, 24.999999999999943, 450.0000000000001, 203.99999999999994, 45.00000000000017, 52.0, 356.9999999999999, 49.00000000000006, 287.99999999999994, 42.000000000000114, 205.99999999999991, 408.0, 109.00000000000003, 370.0]","[0, 0, 0, 0, 0, 24, 29, 32, 32, 40, 40, 47, 54, 32, 60, 60]","[5, 9, 16, 20, 32, 32, 32, 36, 54, 45, 54, 54, 56, 67, 62, 67]",6764700.0,460.0000000000001,-460.0000000000001,0.0,,,,DWT,inu.32000013032828,0.0,,0.0,34,6.0,0.0,34,,1.1368683772161603e-13,79.3125,486.0,79.3125,,0.0,79.3125,,,17.000000000000057,0.0,34,1.1368683772161603e-13,1.1368683772161603e-13,,0.0,0.9098405290928023,0.9683747638695297,0.0035607864058559337,0.5406162464985995,0.0005679732877863885,,,,,,,0.0,0.0,0.0,414,1.2483457805079283,0.8518776438475014,130,0,0.0,0.0,407,0,0.4845920598309148,0.824712261676858,132,161.39676783215538,0.7401018231366259,270.75,198.60453835570172,0.6520557424861874,174,coif,212.88888888888889,210.0,126.92181240687695,45,0.566413539530329,0.6920306630483438,0.39590132341426654,2,131.0
sym12,1,reflect,2.8391886528922194e-23,278.7232141272245,1520771.1619504818,0.6195652173913043,297.0817077897577,69,raw,4.0513808089335834e-12,,5.606094452019851,16480.52408479949,0.547120157240488,1.3207638667391743e-05,1.0,323.0000000000006,,,,[],[],16,213.18750000000944,24.999999999997783,450.0000000000181,"[3, 8, 15, 19, 22, 27, 30, 35, 38, 43, 46, 51, 55, 58, 61, 65]","[349.00000000001984, 268.0000000000071, 189.00000000000904, 24.999999999997783, 450.0000000000181, 204.0000000000129, 45.000000000003865, 51.99999999999852, 357.0000000000156, 49.00000000000284, 288.00000000001234, 42.00000000000284, 206.00000000000176, 408.0000000000268, 109.00000000000168, 370.0000000000201]","[0, 0, 0, 0, 0, 24, 29, 32, 32, 40, 40, 47, 54, 32, 60, 60]","[5, 9, 16, 20, 32, 32, 32, 36, 54, 45, 54, 54, 56, 67, 62, 67]",6764700.000000071,460.0000000000045,-460.0000000000045,0.0,,,,DWT,inu.32000013032828,7.078051567077637e-08,,0.0,34,6.0,0.0,34,,4.490630090003833e-12,79.31249999999056,486.000000000151,79.31249999999437,,0.0,79.31249999999056,,,17.000000000002217,0.0,34,1.807620719773695e-11,4.490630090003833e-12,,6.252776074688882e-13,0.49923968621938963,0.9527062904263672,0.002193368268522177,0.4669650468883203,0.0005329492238987286,,,,,,,0.005097592058488162,0.002548796029244081,0.005097592058488162,168,0.9639928395239661,0.6578337201455564,427,0,0.005097592058488162,0.005097592058488162,168,0,0.38432746820529956,0.6540750495142816,401,142.42424887169554,0.7706533834594275,291.0,238.94223333430241,0.6510271748215011,175,sym,375.8541666666667,399.5,183.40489689834808,144,1.0,1.0,0.0,6,132.75
bior3.1,1,smooth,5.681627760270058e-27,315.7104288645006,1964860.814888145,0.5972222222222222,191.71819745882965,69,raw,6.497861829922077e-14,-6.445166622626198e-11,4.618097704425213,36985.3969786844,0.9085042563187843,1.3207638667392632e-05,0.9999999999999999,322.99999999999994,,,,[],[],16,213.18749999999994,25.0,449.9999999999999,"[3, 8, 15, 19, 22, 27, 30, 35, 38, 43, 46, 51, 55, 58, 61, 65]","[348.99999999999994, 267.9999999999999, 188.99999999999994, 25.0, 449.9999999999999, 203.99999999999994, 45.0, 52.0, 356.9999999999999, 49.0, 287.99999999999994, 42.00000000000006, 205.99999999999991, 407.9999999999999, 109.0, 369.9999999999999]","[0, 0, 0, 0, 0, 24, 29, 32, 32, 40, 40, 47, 54, 32, 60, 60]","[5, 9, 16, 20, 32, 32, 32, 36, 54, 45, 54, 54, 56, 67, 62, 67]",6764699.999999999,459.9999999999999,-459.9999999999999,0.0,,,,DWT,inu.32000013032828,9.313225746154785e-10,,0.0,34,6.0,0.0,34,,1.1368683772161603e-13,79.31250000000006,485.9999999999991,79.31250000000006,,0.0,79.31250000000006,,,17.0,0.0,34,1.1368683772161603e-13,1.1368683772161603e-13,,5.684341886080802e-14,0.8994160030136922,0.609004834568638,0.0062748290808642615,0.34123093681917194,0.0074124804082062,,,,,,,6.70735797169495e-05,3.353678985847475e-05,6.70735797169495e-05,223,0.9867468005239176,0.6733611413036188,414,0,6.70735797169495e-05,6.70735797169495e-05,233,0,0.3726678167781145,0.6342318488183545,424,110.42493679720477,0.8221820663491066,323.5,295.20077496120155,0.6506240444466951,176,bior,292.162962962963,301.0,176.53037485058104,135,0.7773306480916924,0.9625172382852065,0.16711337485025335,4,133.0
bior1.1,1,symmetric,2.909227556321153e-27,318.6173797078936,1335542.8079082333,0.6714285714285714,333.3773713843218,69,raw,4.3250427394093045e-14,-7.188005746172646e-11,5.177852749498056,15111.808163265307,0.5752597846852022,1.3207638667392622e-05,1.0,323.00000000000006,,,,[],[],16,213.18750000000006,25.0,450.00000000000006,"[3, 8, 15, 19, 22, 27, 30, 35, 38, 43, 46, 51, 55, 58, 61, 65]","[349.00000000000006, 268.0000000000001, 189.00000000000006, 25.0, 450.00000000000006, 204.00000000000006, 45.0, 52.0, 357.00000000000006, 48.99999999999994, 288.00000000000006, 41.99999999999994, 206.00000000000003, 408.0000000000001, 109.00000000000003, 370.00000000000006]","[0, 0, 0, 0, 0, 24, 29, 32, 32, 40, 40, 47, 54, 32, 60, 60]","[5, 9, 16, 20, 32, 32, 32, 36, 54, 45, 54, 54, 56, 67, 62, 67]",6764700.0,460.00000000000006,-460.00000000000006,0.0,,,,DWT,inu.32000013032828,0.0,,0.0,34,6.0,0.0,34,,5.684341886080802e-14,79.31249999999994,486.0000000000009,79.31249999999997,,0.0,79.31249999999994,,,17.0,0.0,34,5.684341886080802e-14,5.684341886080802e-14,,5.684341886080802e-14,0.93086721905886,0.803730803438102,0.000491004200012382,0.7588235294117645,7.373526469097889e-05,,,,,,,0.0,0.0,0.0,454,1.2641901411249556,0.8626899178195506,104,0,0.0,0.0,358,0,0.498797258274686,0.8488876502298995,89,183.0398408361779,0.7052498537259615,251.25,154.7551682483232,0.6503302408726426,177,bior,292.162962962963,301.0,176.53037485058104,135,0.7773306480916924,0.9625172382852065,0.16711337485025335,4,133.75
bior1.1,1,antisymmetric,2.909227556321153e-27,318.6173797078936,1335542.8079082333,0.6714285714285714,333.3773713843218,69,raw,4.3250427394093045e-14,-7.188005746172646e-11,5.177852749498056,21601.70204081633,0.5058688308196425,1.3207638667392622e-05,1.0,323.00000000000006,,,,[],[],16,213.18750000000006,25.0,450.00000000000006,"[3, 8, 15, 19, 22, 27, 30, 35, 38, 43, 46, 51, 55, 58, 61, 65]","[349.00000000000006, 268.0000000000001, 189.00000000000006, 25.0, 450.00000000000006, 204.00000000000006, 45.0, 52.0, 357.00000000000006, 48.99999999999994, 288.00000000000006, 41.99999999999994, 206.00000000000003, 408.0000000000001, 109.00000000000003, 370.00000000000006]","[0, 0, 0, 0, 0, 24, 29, 32, 32, 40, 40, 47, 54, 32, 60, 60]","[5, 9, 16, 20, 32, 32, 32, 36, 54, 45, 54, 54, 56, 67, 62, 67]",6764700.0,460.00000000000006,-460.00000000000006,0.0,,,,DWT,inu.32000013032828,0.0,,0.0,34,6.0,0.0,34,,5.684341886080802e-14,79.31249999999994,486.0000000000009,79.31249999999997,,0.0,79.31249999999994,,,17.0,0.0,34,5.684341886080802e-14,5.684341886080802e-14,,5.684341886080802e-14,0.93086721905886,0.803730803438102,0.000491004200012382,0.7588235294117645,0.002251140974275915,,,,,,,0.0,0.0,0.0,449,1.2650611034087895,0.8632842670053432,94,0,0.0,0.0,368,0,0.499232739416603,0.8496287821369995,88,186.2836099428324,0.7000263930067111,249.75,148.44230013167368,0.6489262399816165,178,bior,292.162962962963,301.0,176.53037485058104,135,0.7773306480916924,0.9625172382852065,0.16711337485025335,4,134.5
rbio2.8,1,symmetric,1.8036332812705337e-27,320.6936742290139,1460777.9711653863,0.6511627906976745,339.2143893334764,69,raw,3.0584230800108676e-14,-7.110423361211842e-11,5.5324573933467684,18334.928867385337,0.5126738782089034,1.3207638667392627e-05,0.9999999999999999,323.00000000000006,,,,[],[],16,213.1875,25.0,450.0,"[3, 8, 15, 19, 22, 27, 30, 35, 38, 43, 46, 51, 55, 58, 61, 65]","[349.0, 268.00000000000006, 189.0, 25.0, 450.0, 204.0, 45.0, 52.0, 357.0, 48.99999999999994, 288.0, 42.0, 205.99999999999994, 407.99999999999994, 109.00000000000006, 370.0]","[0, 0, 0, 0, 0, 24, 29, 32, 32, 40, 40, 47, 54, 32, 60, 60]","[5, 9, 16, 20, 32, 32, 32, 36, 54, 45, 54, 54, 56, 67, 62, 67]",6764700.0,460.0,-460.0,0.0,,,,DWT,inu.32000013032828,0.0,,0.0,34,6.0,0.0,34,,0.0,79.3125,486.0,79.3125,,0.0,79.3125,,,17.0,0.0,34,0.0,0.0,,5.684341886080802e-14,0.9533313029306509,0.9270896430713667,0.0016419934378388312,0.644778841769266,0.0011551152619985233,,,,,,,0.0,0.0,0.0,344,1.2947381828254994,0.8835360601259123,64,0,0.0,0.0,464,0,0.5055993792942244,0.8604639699330754,69,200.93012881762323,0.676441016396742,235.25,113.70128066815674,0.6488082698730893,179,rbio,249.7925925925926,196.0,174.24048813612427,135,0.6645997696604647,0.9500318207572005,0.24977061501051454,3,135.0
rbio3.7,1,constant,1.2299827772072078e-27,322.35616633075165,1492671.7572827581,0.6428571428571429,314.8639993843785,69,raw,2.234605415361475e-14,-6.910449990016358e-11,5.449761397651504,22171.325037578477,0.601539070779464,1.3207638667392627e-05,1.0,322.99999999999994,,,,[],[],16,213.1875,25.000000000000057,450.0,"[3, 8, 15, 19, 22, 27, 30, 35, 38, 43, 46, 51, 55, 58, 61, 65]","[349.0, 268.0, 189.0, 25.000000000000057, 450.0, 203.99999999999994, 45.00000000000006, 52.0, 356.9999999999999, 49.000000000000114, 287.99999999999994, 41.99999999999994, 206.00000000000006, 407.9999999999999, 109.0, 370.0]","[0, 0, 0, 0, 0, 24, 29, 32, 32, 40, 40, 47, 54, 32, 60, 60]","[5, 9, 16, 20, 32, 32, 32, 36, 54, 45, 54, 54, 56, 67, 62, 67]",6764700.0,460.0,-460.0,0.0,,,,DWT,inu.32000013032828,0.0,,0.0,34,6.0,0.0,34,,0.0,79.3125,486.0,79.3125,,0.0,79.3125,,,16.999999999999943,0.0,34,0.0,0.0,,5.684341886080802e-14,0.9713183281959665,0.8983215988614395,0.0019351172188910902,0.5980392156862747,0.002442253554675891,,,,,,,0.0,0.0,0.0,353,1.2731119426541253,0.8687782015180397,77,0,0.0,0.0,460,0,0.4944113027034496,0.8414233278882773,112,185.904097139717,0.7006375247347552,250.5,148.57539237813867,0.6486279411113389,180,rbio,249.7925925925926,196.0,174.24048813612427,135,0.6645997696604647,0.9500318207572005,0.24977061501051454,3,135.75
haar,1,reflect,2.9560561688977508e-27,318.5480298140403,1299673.4782126034,0.6857142857142857,338.0949756963641,69,raw,4.407424505874244e-14,-7.192313411508191e-11,5.205145071748066,16129.40816326531,0.5330427499016247,1.3207638667392622e-05,1.0,323.00000000000006,,,,[],[],16,213.18750000000006,25.0,450.00000000000006,"[3, 8, 15, 19, 22, 27, 30, 35, 38, 43, 46, 51, 55, 58, 61, 65]","[349.00000000000006, 268.0000000000001, 189.00000000000006, 25.0, 450.00000000000006, 204.00000000000006, 45.0, 52.0, 357.00000000000006, 48.99999999999994, 288.00000000000006, 41.99999999999994, 206.00000000000003, 408.0000000000001, 109.00000000000003, 370.00000000000006]","[0, 0, 0, 0, 0, 24, 29, 32, 32, 40, 40, 47, 54, 32, 60, 60]","[5, 9, 16, 20, 32, 32, 32, 36, 54, 45, 54, 54, 56, 67, 62, 67]",6764700.0,460.00000000000006,-460.00000000000006,0.0,,,,DWT,inu.32000013032828,0.0,,0.0,34,6.0,0.0,34,,5.684341886080802e-14,79.31249999999994,486.0000000000009,79.31249999999997,,0.0,79.31249999999994,,,17.0,0.0,34,5.684341886080802e-14,5.684341886080802e-14,,5.684341886080802e-14,0.9301169007315839,0.8132251776998636,0.0001613426946175656,0.8392156862745098,0.0004151473265642852,,,,,,,0.0,0.0,0.0,340,1.3006157340766207,0.8875469316244813,57,0,0.0,0.0,468,0,0.5166268509454279,0.879231283390945,55,207.6037893038885,0.6656943811531586,230.0,98.0305504625017,0.6476620053913942,181,haar,112.88888888888889,82.0,53.8364292195453,9,0.3003528998762079,0.2935386684325232,0.7016913695568975,1,136.0
bior2.2,1,symmetric,7.618795757091047e-28,324.4362933209979,1405632.561225564,0.5675675675675675,197.61520284888255,69,raw,1.4571274943486114e-14,-6.914058214846388e-11,5.057858608370078,19560.526387874357,0.7740968973151992,1.3207638667392627e-05,1.0,323.0,,,,[],[],16,213.1875,25.000000000000057,450.00000000000006,"[3, 8, 15, 19, 22, 27, 30, 35, 38, 43, 46, 51, 55, 58, 61, 65]","[348.99999999999994, 268.0, 189.0, 25.000000000000057, 450.00000000000006, 204.0, 45.00000000000006, 52.0, 356.9999999999999, 49.0, 288.0, 42.00000000000006, 205.99999999999997, 408.00000000000006, 109.00000000000003, 370.0]","[0, 0, 0, 0, 0, 24, 29, 32, 32, 40, 40, 47, 54, 32, 60, 60]","[5, 9, 16, 20, 32, 32, 32, 36, 54, 45, 54, 54, 56, 67, 62, 67]",6764700.0,460.00000000000006,-460.00000000000006,0.0,,,,DWT,inu.32000013032828,0.0,,0.0,34,6.0,0.0,34,,5.684341886080802e-14,79.3125,486.0,79.3125,,0.0,79.3125,,,16.999999999999943,0.0,34,5.684341886080802e-14,5.684341886080802e-14,,0.0,0.993823876757379,0.761987588087959,0.0011351727358453131,0.17435082140964464,0.001566311976323372,,,,,,,0.0,0.0,0.0,445,1.0482225598207167,0.7153125187194058,364,0,0.0,0.0,287,0,0.3865727541934303,0.6578962323995909,392,65.87361636750583,0.8939233230797008,372.0,362.6544035120052,0.64744475332729,182,bior,292.162962962963,301.0,176.53037485058104,135,0.7773306480916924,0.9625172382852065,0.16711337485025335,4,137.5
sym11,1,symmetric,9.953614771182791e-24,283.2753483487026,1479537.3554247792,0.6111111111111112,287.27207444332333,69,raw,2.3754782360165195e-12,,5.551392598959217,17040.014370539433,0.5630839604959623,1.3207638667392098e-05,1.0,322.99999999999983,,,,[],[],16,213.18750000000605,25.000000000000682,450.00000000001074,"[3, 8, 15, 19, 22, 27, 30, 35, 38, 43, 46, 51, 55, 58, 61, 65]","[349.00000000001285, 268.0000000000051, 189.00000000000483, 25.000000000000682, 450.00000000001074, 204.00000000000762, 45.00000000000364, 52.000000000001535, 357.0000000000081, 49.00000000000222, 288.0000000000081, 42.00000000000125, 206.00000000000233, 408.00000000001796, 108.99999999999955, 370.00000000001046]","[0, 0, 0, 0, 0, 24, 29, 32, 32, 40, 40, 47, 54, 32, 60, 60]","[5, 9, 16, 20, 32, 32, 32, 36, 54, 45, 54, 54, 56, 67, 62, 67]",6764700.000000044,460.00000000000324,-460.00000000000324,0.0,,,,DWT,inu.32000013032828,4.377216100692749e-08,,0.0,34,6.0,0.0,34,,3.240074875066057e-12,79.31249999999395,486.00000000009686,79.31249999999628,,0.0,79.31249999999395,,,16.999999999999318,0.0,34,1.0743406164692715e-11,3.240074875066057e-12,,1.7053025658242404e-13,0.5484906590013042,0.9336767677272003,0.0018144038761633802,0.4193899782135078,0.0007206622074409439,,,,,,,0.0031524582466966266,0.0015762291233483133,0.0031524582466966266,174,0.9648842373708438,0.6584420146657013,426,0,0.0031524582466966266,0.0031524582466966266,174,0,0.38081849420512337,0.6481032350259048,412,141.56623891309678,0.7720350420078956,296.5,245.86856024925734,0.6472896627108722,183,sym,375.8541666666667,399.5,183.40489689834808,144,1.0,1.0,0.0,6,138.75
haar,1,zero,2.909227556321153e-27,318.6173797078936,1299600.886727477,0.6857142857142857,338.0949756963641,69,raw,4.3250427394093045e-14,-7.188005746172646e-11,5.205213438284257,16267.57306122449,0.5310597865481934,1.3207638667392622e-05,1.0,323.00000000000006,,,,[],[],16,213.18750000000006,25.0,450.00000000000006,"[3, 8, 15, 19, 22, 27, 30, 35, 38, 43, 46, 51, 55, 58, 61, 65]","[349.00000000000006, 268.0000000000001, 189.00000000000006, 25.0, 450.00000000000006, 204.00000000000006, 45.0, 52.0, 357.00000000000006, 48.99999999999994, 288.00000000000006, 41.99999999999994, 206.00000000000003, 408.0000000000001, 109.00000000000003, 370.00000000000006]","[0, 0, 0, 0, 0, 24, 29, 32, 32, 40, 40, 47, 54, 32, 60, 60]","[5, 9, 16, 20, 32, 32, 32, 36, 54, 45, 54, 54, 56, 67, 62, 67]",6764700.0,460.00000000000006,-460.00000000000006,0.0,,,,DWT,inu.32000013032828,0.0,,0.0,34,6.0,0.0,34,,5.684341886080802e-14,79.31249999999994,486.0000000000009,79.31249999999997,,0.0,79.31249999999994,,,17.0,0.0,34,5.684341886080802e-14,5.684341886080802e-14,,5.684341886080802e-14,0.93086721905886,0.8132489608530755,0.0001606755336065102,0.8392156862745098,0.0004615026358122784,,,,,,,0.0,0.0,0.0,333,1.3010960251927859,0.8878746847765232,52,0,0.0,0.0,473,0,0.5167908088711729,0.8795103183214971,48,211.67349070364637,0.6591409167413103,226.5,88.53226034185391,0.647203308612201,184,haar,112.88888888888889,82.0,53.8364292195453,9,0.3003528998762079,0.2935386684325232,0.7016913695568975,1,138.25
rbio2.4,1,constant,1.3699198421333698e-27,321.88820507256094,1416601.18987815,0.5897435897435898,266.28255450194257,69,raw,2.394220087887295e-14,-7.055944717393484e-11,5.252565298975523,18731.54827258871,0.6560750970282162,1.3207638667392627e-05,0.9999999999999999,323.00000000000006,,,,[],[],16,213.1875,25.0,450.0,"[3, 8, 15, 19, 22, 27, 30, 35, 38, 43, 46, 51, 55, 58, 61, 65]","[349.00000000000006, 268.00000000000006, 189.0, 25.0, 450.0, 204.0, 45.0, 52.0, 357.0, 48.99999999999994, 288.00000000000006, 42.0, 205.99999999999997, 408.0, 108.99999999999994, 370.0]","[0, 0, 0, 0, 0, 24, 29, 32, 32, 40, 40, 47, 54, 32, 60, 60]","[5, 9, 16, 20, 32, 32, 32, 36, 54, 45, 54, 54, 56, 67, 62, 67]",6764700.0,460.0,-460.0,0.0,,,,DWT,inu.32000013032828,0.0,,0.0,34,6.0,0.0,34,,0.0,79.3125,486.0,79.3125,,0.0,79.3125,,,17.0,0.0,34,0.0,0.0,,5.684341886080802e-14,0.9662553080676503,0.8297215894288102,0.001235981272397607,0.2991452991452991,0.0012881839028293478,,,,,,,0.0,0.0,0.0,282,1.1154053634104455,0.7611584127999715,286,0,0.0,0.0,488,0,0.41952927236339727,0.7139839129250034,297,100.03457735536581,0.8389137240654334,338.25,321.0585562028063,0.6471138668636346,185,rbio,249.7925925925926,196.0,174.24048813612427,135,0.6645997696604647,0.9500318207572005,0.24977061501051454,3,139.5
rbio2.8,1,antisymmetric,1.7392439389777115e-27,320.85155164786454,1453511.5049072525,0.6511627906976745,327.0872323015987,69,raw,2.976041313545928e-14,-7.098499565927367e-11,5.50480517317799,58259.366990870054,0.8238941129197451,1.3207638667392627e-05,1.0,323.00000000000006,,,,[],[],16,213.1875,25.0,450.0,"[3, 8, 15, 19, 22, 27, 30, 35, 38, 43, 46, 51, 55, 58, 61, 65]","[349.0000000000001, 268.00000000000006, 189.0, 25.0, 450.0, 204.0, 45.0, 52.0, 357.0, 48.99999999999994, 288.0, 42.0, 205.99999999999994, 408.0, 109.00000000000003, 370.0]","[0, 0, 0, 0, 0, 24, 29, 32, 32, 40, 40, 47, 54, 32, 60, 60]","[5, 9, 16, 20, 32, 32, 32, 36, 54, 45, 54, 54, 56, 67, 62, 67]",6764700.0,460.0,-460.0,0.0,,,,DWT,inu.32000013032828,0.0,,0.0,34,6.0,0.0,34,,0.0,79.3125,486.0,79.31249999999999,,0.0,79.3125,,,17.0,0.0,34,0.0,0.0,,5.684341886080802e-14,0.9550394284121021,0.9174700685607764,0.0015752100820893965,0.644778841769266,0.014550049164192003,,,,,,,0.0,0.0,0.0,350,1.2962778527420773,0.8845867388731931,60,0,0.0,0.0,466,0,0.5066827195976853,0.862307673340318,66,204.75269635994215,0.6702855131079837,235.5,108.6329301705999,0.6455292299839435,186,rbio,249.7925925925926,196.0,174.24048813612427,135,0.6645997696604647,0.9500318207572005,0.24977061501051454,3,140.25
rbio3.5,1,antireflect,1.1977881060607967e-27,322.47135667102697,1645910.6232807694,0.65,377.98371250317643,69,raw,2.1728190905127713e-14,-6.888745129884936e-11,5.521733524702418,38531.275073204044,0.5882850183953043,1.3207638667392627e-05,1.0,322.99999999999994,,,,[],[],16,213.1875,25.0,449.99999999999994,"[3, 8, 15, 19, 22, 27, 30, 35, 38, 43, 46, 51, 55, 58, 61, 65]","[349.0, 268.0, 189.0, 25.0, 449.99999999999994, 203.99999999999991, 45.00000000000006, 52.0, 356.9999999999999, 49.00000000000006, 287.9999999999999, 41.99999999999994, 206.00000000000006, 407.99999999999994, 109.0, 369.99999999999994]","[0, 0, 0, 0, 0, 24, 29, 32, 32, 40, 40, 47, 54, 32, 60, 60]","[5, 9, 16, 20, 32, 32, 32, 36, 54, 45, 54, 54, 56, 67, 62, 67]",6764700.0,460.0,-460.0,0.0,,,,DWT,inu.32000013032828,0.0,,0.0,34,6.0,0.0,34,,0.0,79.3125,486.0,79.31250000000003,,0.0,79.3125,,,17.0,0.0,34,5.684341886080802e-14,0.0,,5.684341886080802e-14,0.9725646087399082,0.9233590546109656,0.003343477945968007,0.6382352941176471,0.007931133540728531,,,,,,,0.0,0.0,0.0,329,1.3053566025857617,0.8907821249166112,45,0,0.0,0.0,480,0,0.5090867137910435,0.8663989568189501,63,211.67014432838656,0.6591463054293292,229.25,92.55384615384617,0.6449918322637789,187,rbio,249.7925925925926,196.0,174.24048813612427,135,0.6645997696604647,0.9500318207572005,0.24977061501051454,3,141.0
haar,1,periodic,2.909227556321153e-27,318.6173797078936,1299600.886727477,0.6857142857142857,338.0949756963641,69,raw,4.3250427394093045e-14,-7.188005746172646e-11,5.205213438284257,16267.57306122449,0.5310597865481934,1.3207638667392622e-05,1.0,323.00000000000006,,,,[],[],16,213.18750000000006,25.0,450.00000000000006,"[3, 8, 15, 19, 22, 27, 30, 35, 38, 43, 46, 51, 55, 58, 61, 65]","[349.00000000000006, 268.0000000000001, 189.00000000000006, 25.0, 450.00000000000006, 204.00000000000006, 45.0, 52.0, 357.00000000000006, 48.99999999999994, 288.00000000000006, 41.99999999999994, 206.00000000000003, 408.0000000000001, 109.00000000000003, 370.00000000000006]","[0, 0, 0, 0, 0, 24, 29, 32, 32, 40, 40, 47, 54, 32, 60, 60]","[5, 9, 16, 20, 32, 32, 32, 36, 54, 45, 54, 54, 56, 67, 62, 67]",6764700.0,460.00000000000006,-460.00000000000006,0.0,,,,DWT,inu.32000013032828,0.0,,0.0,34,6.0,0.0,34,,5.684341886080802e-14,79.31249999999994,486.0000000000009,79.31249999999997,,0.0,79.31249999999994,,,17.0,0.0,34,5.684341886080802e-14,5.684341886080802e-14,,5.684341886080802e-14,0.93086721905886,0.8132489608530755,0.0001606755336065102,0.8392156862745098,0.0004615026358122784,,,,,,,0.0,0.0,0.0,337,1.3010960251927859,0.8878746847765232,49,0,0.0,0.0,476,0,0.5167908088711729,0.8795103183214971,47,214.61962476281926,0.6543967395123683,227.25,85.5560832337351,0.6442273552634306,188,haar,112.88888888888889,82.0,53.8364292195453,9,0.3003528998762079,0.2935386684325232,0.7016913695568975,1,141.25
bior2.2,1,zero,6.680394262880313e-28,325.00713568980336,1384658.250329612,0.5675675675675675,197.61520284888255,69,raw,1.2872151010146741e-14,-6.928335682943068e-11,5.021996401165912,22052.504656683708,0.8033042580400217,1.3207638667392627e-05,1.0,323.0,,,,[],[],16,213.1875,25.000000000000057,450.00000000000006,"[3, 8, 15, 19, 22, 27, 30, 35, 38, 43, 46, 51, 55, 58, 61, 65]","[348.99999999999994, 268.0, 189.0, 25.000000000000057, 450.00000000000006, 204.0, 45.00000000000006, 52.0, 356.9999999999999, 49.0, 288.0, 42.00000000000006, 205.99999999999997, 408.0, 109.00000000000003, 370.0]","[0, 0, 0, 0, 0, 24, 29, 32, 32, 40, 40, 47, 54, 32, 60, 60]","[5, 9, 16, 20, 32, 32, 32, 36, 54, 45, 54, 54, 56, 67, 62, 67]",6764700.0,460.00000000000006,-460.00000000000006,0.0,,,,DWT,inu.32000013032828,0.0,,0.0,34,6.0,0.0,34,,5.684341886080802e-14,79.3125,486.0,79.3125,,0.0,79.3125,,,16.999999999999943,0.0,34,5.684341886080802e-14,5.684341886080802e-14,,0.0,1.0000000000000002,0.7495119469926295,0.0009424057406644462,0.17435082140964464,0.002402388468950798,,,,,,,0.0,0.0,0.0,447,1.0459284603180852,0.7137470133045052,371,0,0.0,0.0,281,0,0.38544151252237796,0.6559710071341125,396,69.45202180882377,0.8881609954769344,373.75,363.090880932156,0.6431545718125413,189,bior,292.162962962963,301.0,176.53037485058104,135,0.7773306480916924,0.9625172382852065,0.16711337485025335,4,142.75
bior3.3,1,periodization,1.0243971216436614e-27,323.15047313847924,1484618.7085701332,0.5857142857142857,225.26560590001927,69,raw,1.98126275991189e-14,-6.849021350063848e-11,4.945478373293361,21210.461246412622,0.8114571390287545,1.3207638667392627e-05,1.0,323.0,,,,[],[],16,213.1875,25.000000000000057,449.99999999999994,"[3, 8, 15, 19, 22, 27, 30, 35, 38, 43, 46, 51, 55, 58, 61, 65]","[349.0, 268.0, 189.0, 25.000000000000057, 449.99999999999994, 203.99999999999994, 45.00000000000006, 52.0, 356.99999999999994, 49.0, 288.0, 42.0, 206.0, 407.99999999999994, 108.99999999999997, 370.0]","[0, 0, 0, 0, 0, 24, 29, 32, 32, 40, 40, 47, 54, 32, 60, 60]","[5, 9, 16, 20, 32, 32, 32, 36, 54, 45, 54, 54, 56, 67, 62, 67]",6764700.0,459.99999999999994,-459.99999999999994,0.0,,,,DWT,inu.32000013032828,0.0,,0.0,34,6.0,0.0,34,,5.684341886080802e-14,79.3125,486.0,79.3125,,0.0,79.3125,,,16.999999999999943,0.0,34,5.684341886080802e-14,5.684341886080802e-14,,0.0,0.9799121835316246,0.7228930763908932,0.0018611046799295616,0.27647058823529413,0.002119876895751623,,,,,,,0.0,0.0,0.0,475,1.0617605867068043,0.724550938575619,343,0,0.0,0.0,340,0,0.39665136594669864,0.6750487104994202,361,64.17359269980138,0.8966608813207707,379.75,372.71798894324263,0.6425735968600632,190,bior,292.162962962963,301.0,176.53037485058104,135,0.7773306480916924,0.9625172382852065,0.16711337485025335,4,143.5
rbio2.2,1,zero,8.842559109190425e-28,323.78937691770966,1295859.1056934358,0.5945945945945946,266.28255450194257,69,raw,1.7403148165718397e-14,-6.956302200933377e-11,5.177824190546944,18754.962426953978,0.6593348290287048,1.3207638667392627e-05,1.0,323.0,,,,[],[],16,213.1875,25.0,449.99999999999994,"[3, 8, 15, 19, 22, 27, 30, 35, 38, 43, 46, 51, 55, 58, 61, 65]","[349.0, 268.00000000000006, 188.99999999999994, 25.0, 449.99999999999994, 203.99999999999994, 45.00000000000006, 52.0, 357.0, 49.0, 288.00000000000006, 42.0, 205.99999999999997, 408.0, 108.99999999999997, 370.0]","[0, 0, 0, 0, 0, 24, 29, 32, 32, 40, 40, 47, 54, 32, 60, 60]","[5, 9, 16, 20, 32, 32, 32, 36, 54, 45, 54, 54, 56, 67, 62, 67]",6764700.0,459.99999999999994,-459.99999999999994,0.0,,,,DWT,inu.32000013032828,0.0,,0.0,34,6.0,0.0,34,,5.684341886080802e-14,79.3125,486.0,79.3125,,0.0,79.3125,,,17.0,0.0,34,5.684341886080802e-14,5.684341886080802e-14,,0.0,0.9868246845938016,0.8037208684326488,0.00012628623280254003,0.3264440911499736,0.0012960395187087367,,,,,,,0.0,0.0,0.0,272,1.1251144403564797,0.7677839373316092,279,0,0.0,0.0,499,0,0.42368239398558705,0.7210519823590141,288,109.86203469200207,0.8230885109629597,334.5,314.0474142354665,0.6422205839838953,191,rbio,249.7925925925926,196.0,174.24048813612427,135,0.6645997696604647,0.9500318207572005,0.24977061501051454,3,144.0
sym14,1,periodic,9.09142909756745e-22,263.66883507269387,1558655.1894012692,0.6458333333333334,289.11543277626487,69,raw,2.36305918472193e-11,-3.1159519409930135e-11,5.6499846401696265,16475.72915024739,0.5517854140736572,1.3207638667397445e-05,0.9999999999999999,323.00000000000006,,,,[],[],16,213.1874999999436,25.0,449.99999999989274,"[3, 8, 15, 19, 22, 27, 30, 35, 38, 43, 46, 51, 55, 58, 61, 65]","[348.99999999988745, 267.9999999999499, 188.9999999999494, 25.0, 449.99999999989274, 203.999999999924, 44.999999999969134, 51.99999999999312, 356.99999999991473, 48.999999999978684, 287.9999999999213, 41.999999999986414, 205.99999999998013, 407.9999999998684, 108.99999999999824, 369.99999999988404]","[0, 0, 0, 0, 0, 24, 29, 32, 32, 40, 40, 47, 54, 32, 60, 60]","[5, 9, 16, 20, 32, 32, 32, 36, 54, 45, 54, 54, 56, 67, 62, 67]",6764699.999999569,459.9999999999694,-459.9999999999694,0.0,,,,DWT,inu.32000013032828,4.3120235204696655e-07,,0.0,34,6.0,0.0,34,,3.058175934711471e-11,79.31250000005639,485.9999999990978,79.3125000000564,,0.0,79.31250000005639,,,17.0,0.0,34,1.0726353139034472e-10,3.058175934711471e-11,,5.684341886080802e-14,0.3363616213405034,0.9679746823534395,0.0025415461025051376,0.6147875816993466,0.0005313404891385278,,,,,,,0.031055067408947618,0.015527533704473809,0.031055067408947618,112,0.9332026559076684,0.6368223389383308,440,0,0.031055067408947618,0.031055067408947618,112,0,0.3844393543969867,0.654265465168696,400,178.5721142843977,0.7124442604115979,266.0,176.7575322812052,0.642051437774237,192,sym,375.8541666666667,399.5,183.40489689834808,144,1.0,1.0,0.0,6,145.5
rbio1.1,1,reflect,2.9560561688977508e-27,318.5480298140403,1299673.4782126034,0.6857142857142857,338.0949756963641,69,raw,4.407424505874244e-14,-7.192313411508191e-11,5.205145071748066,16129.40816326531,0.5330427499016247,1.3207638667392622e-05,1.0,323.00000000000006,,,,[],[],16,213.18750000000006,25.0,450.00000000000006,"[3, 8, 15, 19, 22, 27, 30, 35, 38, 43, 46, 51, 55, 58, 61, 65]","[349.00000000000006, 268.0000000000001, 189.00000000000006, 25.0, 450.00000000000006, 204.00000000000006, 45.0, 52.0, 357.00000000000006, 48.99999999999994, 288.00000000000006, 41.99999999999994, 206.00000000000003, 408.0000000000001, 109.00000000000003, 370.00000000000006]","[0, 0, 0, 0, 0, 24, 29, 32, 32, 40, 40, 47, 54, 32, 60, 60]","[5, 9, 16, 20, 32, 32, 32, 36, 54, 45, 54, 54, 56, 67, 62, 67]",6764700.0,460.00000000000006,-460.00000000000006,0.0,,,,DWT,inu.32000013032828,0.0,,0.0,34,6.0,0.0,34,,5.684341886080802e-14,79.31249999999994,486.0000000000009,79.31249999999997,,0.0,79.31249999999994,,,17.0,0.0,34,5.684341886080802e-14,5.684341886080802e-14,,5.684341886080802e-14,0.9301169007315839,0.8132251776998636,0.0001613426946175656,0.8392156862745098,0.0004151473265642852,,,,,,,0.0,0.0,0.0,355,1.3006157340766207,0.8875469316244813,55,0,0.0,0.0,470,0,0.5166268509454279,0.879231283390945,56,211.3937873574655,0.6595913247061747,234.0,97.60020131662975,0.6413898652516381,193,rbio,249.7925925925926,196.0,174.24048813612427,135,0.6645997696604647,0.9500318207572005,0.24977061501051454,3,145.5
sym16,1,symmetric,5.0011798585605583e-20,246.26443189904106,1618224.6450994078,0.68,315.0666820432244,69,raw,1.6875122233561365e-10,1.6428614019931933e-10,5.708805244705826,17190.759257706275,0.5568652528302674,1.3207638667430777e-05,1.0,323.0000000000128,,,,[],[],16,213.18749999957197,24.999999999959243,449.99999999923784,"[3, 8, 15, 19, 22, 27, 30, 35, 38, 43, 46, 51, 55, 58, 61, 65]","[348.9999999990921, 267.99999999963904, 188.99999999965382, 24.999999999959243, 449.99999999923784, 203.99999999945322, 44.999999999755744, 51.99999999991161, 356.9999999994143, 48.99999999983106, 287.9999999994334, 41.999999999907004, 205.99999999983464, 407.9999999987447, 109.0000000000274, 369.9999999992563]","[0, 0, 0, 0, 0, 24, 29, 32, 32, 40, 40, 47, 54, 32, 60, 60]","[5, 9, 16, 20, 32, 32, 32, 36, 54, 45, 54, 54, 56, 67, 62, 67]",6764699.99999691,459.9999999997726,-459.9999999997726,0.0,,,,DWT,inu.32000013032828,3.0901283025741577e-06,,0.0,34,6.0,0.0,34,,2.2737367544323206e-10,79.31250000042803,485.9999999931515,79.31250000042805,,0.0,79.31250000042803,,,17.000000000040757,0.0,34,7.621565600857139e-10,2.2737367544323206e-10,,1.2789769243681803e-11,0.14805790592134227,0.9884370244236366,0.003089026543529123,0.807058823529412,0.0007712381928423691,,,,,,,0.22255013750083844,0.11127506875041922,0.22255013750083844,12,0.90772979372529,0.6194395254928867,445,0,0.22255013750083844,0.22255013750083844,12,0,0.3894828037221525,0.6628487558257105,385,233.95797343397666,0.6232560814267687,213.5,23.32208388871558,0.6397278796827885,194,sym,375.8541666666667,399.5,183.40489689834808,144,1.0,1.0,0.0,6,147.0
coif4,1,smooth,5.160705176422375e-27,316.12806614196353,22007832.814007703,0.5869565217391305,297.90203175203897,69,raw,5.1720302758769625e-14,-6.774480976190516e-11,3.448331266479669,768128.8244181239,0.9948749749279479,1.3207638667392629e-05,1.0,323.0000000000001,,,,[],[],16,213.1875,24.999999999999943,450.0,"[3, 8, 15, 19, 22, 27, 30, 35, 38, 43, 46, 51, 55, 58, 61, 65]","[348.9999999999999, 268.0, 189.0, 24.999999999999943, 450.0, 204.0, 45.000000000000114, 52.00000000000023, 356.9999999999997, 48.99999999999994, 287.99999999999994, 42.0, 205.99999999999994, 408.0, 109.00000000000003, 369.9999999999999]","[0, 0, 0, 0, 0, 24, 29, 32, 32, 40, 40, 47, 54, 32, 60, 60]","[5, 9, 16, 20, 32, 32, 32, 36, 54, 45, 54, 54, 56, 67, 62, 67]",6764699.999999999,460.0,-460.0,0.0,,,,DWT,inu.32000013032828,9.313225746154785e-10,,0.0,34,6.0,0.0,34,,0.0,79.3125,486.0,79.31250000000003,,0.0,79.3125,,,17.000000000000057,0.0,34,0.0,0.0,,1.1368683772161603e-13,0.903934552156639,0.2020698636649183,0.19048223908498582,0.2834612105711851,0.25271631795460353,,,,,,,6.70735797169495e-05,3.353678985847475e-05,6.70735797169495e-05,252,0.9531077940792508,0.6504057086030781,432,0,6.70735797169495e-05,6.70735797169495e-05,266,0,0.36653283668646636,0.6237909156580154,437,101.50656793199805,0.8365433688695684,346.75,324.39104019637927,0.6390848889436409,195,coif,212.88888888888889,210.0,126.92181240687695,45,0.566413539530329,0.6920306630483438,0.39590132341426654,2,146.75
rbio2.2,1,symmetric,8.255400791221033e-28,324.087775007019,1330847.7199177886,0.581081081081081,286.8565510850158,69,raw,1.6122369140208794e-14,-6.962086462891674e-11,5.256165127165801,16888.50534149014,0.5554745906747612,1.3207638667392627e-05,1.0,323.0,,,,[],[],16,213.1875,25.0,449.99999999999994,"[3, 8, 15, 19, 22, 27, 30, 35, 38, 43, 46, 51, 55, 58, 61, 65]","[349.0, 268.00000000000006, 188.99999999999994, 25.0, 449.99999999999994, 203.99999999999994, 45.00000000000006, 52.0, 357.0, 49.0, 288.00000000000006, 42.0, 205.99999999999997, 408.00000000000006, 108.99999999999997, 370.0]","[0, 0, 0, 0, 0, 24, 29, 32, 32, 40, 40, 47, 54, 32, 60, 60]","[5, 9, 16, 20, 32, 32, 32, 36, 54, 45, 54, 54, 56, 67, 62, 67]",6764700.0,459.99999999999994,-459.99999999999994,0.0,,,,DWT,inu.32000013032828,0.0,,0.0,34,6.0,0.0,34,,5.684341886080802e-14,79.3125,486.0,79.3125,,0.0,79.3125,,,17.0,0.0,34,5.684341886080802e-14,5.684341886080802e-14,,0.0,0.9900531474333654,0.8309738872656688,0.00044785341386653263,0.2503974562798088,0.0006698298469848302,,,,,,,0.0,0.0,0.0,287,1.1101696732505044,0.7575855506435012,296,0,0.0,0.0,497,0,0.4145084348479389,0.7054391046086425,320,98.98484732523458,0.8406041105873839,350.0,333.33968427440897,0.6384985126205841,196,rbio,249.7925925925926,196.0,174.24048813612427,135,0.6645997696604647,0.9500318207572005,0.24977061501051454,3,147.75
coif4,1,zero,4.393840914413612e-27,316.8267133477571,1322106.9973485833,0.5543478260869565,141.97129730598743,69,raw,4.603081201228476e-14,-6.852485245900678e-11,5.116605549752215,27000.768903591677,0.8355193612386561,1.3207638667392629e-05,1.0,323.0000000000001,,,,[],[],16,213.1875,24.999999999999943,450.0,"[3, 8, 15, 19, 22, 27, 30, 35, 38, 43, 46, 51, 55, 58, 61, 65]","[348.99999999999994, 267.99999999999994, 189.0, 24.999999999999943, 450.0, 204.0, 45.000000000000114, 52.00000000000023, 356.99999999999966, 48.99999999999994, 287.99999999999994, 42.00000000000006, 205.99999999999997, 408.0, 109.0, 369.99999999999994]","[0, 0, 0, 0, 0, 24, 29, 32, 32, 40, 40, 47, 54, 32, 60, 60]","[5, 9, 16, 20, 32, 32, 32, 36, 54, 45, 54, 54, 56, 67, 62, 67]",6764699.999999999,460.0,-460.0,0.0,,,,DWT,inu.32000013032828,9.313225746154785e-10,,0.0,34,6.0,0.0,34,,0.0,79.3125,486.0,79.31250000000003,,0.0,79.3125,,,17.000000000000057,0.0,34,0.0,0.0,,1.1368683772161603e-13,0.9114934361531498,0.7824243044328122,0.00036752072337988147,0.09995737425404938,0.004062566435962202,,,,,,,6.70735797169495e-05,3.353678985847475e-05,6.70735797169495e-05,249,0.9798999505459906,0.6686888153198672,416,0,6.70735797169495e-05,6.70735797169495e-05,230,0,0.35966104039987074,0.6120960177695144,450,112.84318026949317,0.8182879544774667,336.25,307.93015483760337,0.6384112880277832,197,coif,212.88888888888889,210.0,126.92181240687695,45,0.566413539530329,0.6920306630483438,0.39590132341426654,2,148.25
bior3.5,1,constant,1.2850429818382859e-27,322.1659800926548,1575593.1081773716,0.575,188.31103878902135,69,raw,2.044097580411304e-14,-6.952605158261375e-11,5.066513443652348,22928.80455383301,0.8537282346807157,1.3207638667392627e-05,1.0,322.99999999999994,,,,[],[],16,213.1875,25.0,450.0,"[3, 8, 15, 19, 22, 27, 30, 35, 38, 43, 46, 51, 55, 58, 61, 65]","[348.99999999999994, 268.0, 189.0, 25.0, 450.0, 204.0, 45.0, 52.00000000000006, 357.0, 49.00000000000006, 287.99999999999994, 42.0, 205.99999999999994, 408.0000000000001, 109.0, 370.0]","[0, 0, 0, 0, 0, 24, 29, 32, 32, 40, 40, 47, 54, 32, 60, 60]","[5, 9, 16, 20, 32, 32, 32, 36, 54, 45, 54, 54, 56, 67, 62, 67]",6764700.0,460.0,-460.0,0.0,,,,DWT,inu.32000013032828,0.0,,0.0,34,6.0,0.0,34,,0.0,79.3125,486.0,79.3125,,0.0,79.3125,,,17.0,0.0,34,0.0,0.0,,5.684341886080802e-14,0.9692606434309158,0.7649984071963893,0.002697216137305518,0.21617647058823491,0.0026963933379613213,,,,,,,0.0,0.0,0.0,470,1.0529533432958755,0.71854082993197,360,0,0.0,0.0,285,0,0.3911658261381614,0.665713039701191,378,76.04110730387873,0.8775505518456059,373.25,361.6730730596665,0.63825192648641,198,bior,292.162962962963,301.0,176.53037485058104,135,0.7773306480916924,0.9625172382852065,0.16711337485025335,4,149.5
coif5,1,zero,5.34431541030425e-27,315.9762358198839,1321913.1081454277,0.5612244897959183,116.3221241539681,69,raw,5.3960057034535094e-14,-7.021061509959761e-11,5.1173560185741005,28021.93960849646,0.8504381845163593,1.3207638667392627e-05,0.9999999999999999,323.0,,,,[],[],16,213.1875,24.99999999999983,450.0000000000001,"[3, 8, 15, 19, 22, 27, 30, 35, 38, 43, 46, 51, 55, 58, 61, 65]","[349.0, 268.00000000000006, 188.99999999999991, 24.99999999999983, 450.0000000000001, 203.99999999999994, 45.00000000000017, 52.0, 356.9999999999999, 49.00000000000006, 287.99999999999994, 42.00000000000023, 205.99999999999994, 408.0, 109.00000000000003, 369.99999999999994]","[0, 0, 0, 0, 0, 24, 29, 32, 32, 40, 40, 47, 54, 32, 60, 60]","[5, 9, 16, 20, 32, 32, 32, 36, 54, 45, 54, 54, 56, 67, 62, 67]",6764700.0,460.00000000000006,-460.00000000000006,0.0,,,,DWT,inu.32000013032828,0.0,,0.0,34,6.0,0.0,34,,5.684341886080802e-14,79.3125,486.0,79.31250000000003,,0.0,79.3125,,,17.00000000000017,0.0,34,1.1368683772161603e-13,5.684341886080802e-14,,0.0,0.9022918521182857,0.7826853753597012,0.000365738760707747,0.13865546218487357,0.004405176494812593,,,,,,,0.0,0.0,0.0,419,0.9901249238030502,0.6756663901734334,411,0,0.0,0.0,322,0,0.36568072098367616,0.6223407262580823,439,51.85476512979947,0.9164979627539461,397.75,392.0331317336403,0.6379993839534626,199,coif,212.88888888888889,210.0,126.92181240687695,45,0.566413539530329,0.6920306630483438,0.39590132341426654,2,149.75
sym12,1,antireflect,3.1786576068065935e-23,278.23271913517874,1959172.1925042022,0.6195652173913043,301.3720558817876,69,raw,4.039126521171924e-12,-6.604627955655963e-11,5.438851466567273,51086.02842068066,0.8635115471739884,1.3207638667391606e-05,1.0,323.0000000000006,,,,[],[],16,213.18750000000966,24.99999999999767,450.0000000000181,"[3, 8, 15, 19, 22, 27, 30, 35, 38, 43, 46, 51, 55, 58, 61, 65]","[349.0000000000223, 268.0000000000073, 189.00000000000904, 24.99999999999767, 450.0000000000181, 204.0000000000129, 45.000000000003865, 51.99999999999852, 357.0000000000156, 49.00000000000284, 288.00000000001234, 42.00000000000284, 206.00000000000182, 408.0000000000353, 109.00000000000139, 370.00000000001256]","[0, 0, 0, 0, 0, 24, 29, 32, 32, 40, 40, 47, 54, 32, 60, 60]","[5, 9, 16, 20, 32, 32, 32, 36, 54, 45, 54, 54, 56, 67, 62, 67]",6764700.000000069,460.0000000000045,-460.0000000000045,0.0,,,,DWT,inu.32000013032828,6.891787052154541e-08,,0.0,34,6.0,0.0,34,,4.490630090003833e-12,79.31249999999034,486.0000000001546,79.3124999999946,,0.0,79.31249999999034,,,17.00000000000233,0.0,34,1.807620719773695e-11,4.490630090003833e-12,,6.252776074688882e-13,0.49393286653271834,0.8945262835366807,0.006222547094146743,0.4669650468883203,0.012143342882977711,,,,,,,0.0049634448990542625,0.0024817224495271312,0.0049634448990542625,170,0.9383774911435641,0.6403536733785852,439,0,0.0049634448990542625,0.0049634448990542625,170,0,0.37475801738696873,0.6377890966859485,420,150.0230537839657,0.7584169826345157,299.75,243.55251656015074,0.6378638858422176,200,sym,375.8541666666667,399.5,183.40489689834808,144,1.0,1.0,0.0,6,151.5
bior1.1,1,zero,2.909227556321153e-27,318.6173797078936,1299600.886727477,0.6857142857142857,338.0949756963641,69,raw,4.3250427394093045e-14,-7.188005746172646e-11,5.205213438284257,16267.57306122449,0.5310597865481934,1.3207638667392622e-05,1.0,323.00000000000006,,,,[],[],16,213.18750000000006,25.0,450.00000000000006,"[3, 8, 15, 19, 22, 27, 30, 35, 38, 43, 46, 51, 55, 58, 61, 65]","[349.00000000000006, 268.0000000000001, 189.00000000000006, 25.0, 450.00000000000006, 204.00000000000006, 45.0, 52.0, 357.00000000000006, 48.99999999999994, 288.00000000000006, 41.99999999999994, 206.00000000000003, 408.0000000000001, 109.00000000000003, 370.00000000000006]","[0, 0, 0, 0, 0, 24, 29, 32, 32, 40, 40, 47, 54, 32, 60, 60]","[5, 9, 16, 20, 32, 32, 32, 36, 54, 45, 54, 54, 56, 67, 62, 67]",6764700.0,460.00000000000006,-460.00000000000006,0.0,,,,DWT,inu.32000013032828,0.0,,0.0,34,6.0,0.0,34,,5.684341886080802e-14,79.31249999999994,486.0000000000009,79.31249999999997,,0.0,79.31249999999994,,,17.0,0.0,34,5.684341886080802e-14,5.684341886080802e-14,,5.684341886080802e-14,0.93086721905886,0.8132489608530755,0.0001606755336065102,0.8392156862745098,0.0004615026358122784,,,,,,,0.0,0.0,0.0,356,1.3010960251927859,0.8878746847765232,48,0,0.0,0.0,477,0,0.5167908088711729,0.8795103183214971,44,219.54403506662015,0.646466932259871,231.25,82.53203175699,0.6370418397209178,201,bior,292.162962962963,301.0,176.53037485058104,135,0.7773306480916924,0.9625172382852065,0.16711337485025335,4,151.75
bior2.2,1,constant,7.616966514412274e-28,324.437336170041,1442485.5484724801,0.5540540540540541,197.61520284888255,69,raw,1.4519786339445527e-14,-6.914058214846388e-11,5.049455786723925,19260.380204528854,0.7907630647631007,1.3207638667392627e-05,1.0,323.0,,,,[],[],16,213.1875,25.000000000000057,450.00000000000006,"[3, 8, 15, 19, 22, 27, 30, 35, 38, 43, 46, 51, 55, 58, 61, 65]","[348.99999999999994, 268.0, 189.0, 25.000000000000057, 450.00000000000006, 204.0, 45.00000000000006, 52.0, 356.9999999999999, 49.0, 288.0, 42.00000000000006, 205.99999999999997, 408.00000000000006, 109.00000000000003, 370.0]","[0, 0, 0, 0, 0, 24, 29, 32, 32, 40, 40, 47, 54, 32, 60, 60]","[5, 9, 16, 20, 32, 32, 32, 36, 54, 45, 54, 54, 56, 67, 62, 67]",6764700.0,460.00000000000006,-460.00000000000006,0.0,,,,DWT,inu.32000013032828,0.0,,0.0,34,6.0,0.0,34,,5.684341886080802e-14,79.3125,486.0,79.3125,,0.0,79.3125,,,16.999999999999943,0.0,34,5.684341886080802e-14,5.684341886080802e-14,,0.0,0.9938351596693803,0.7590644387556086,0.0014738746674733947,0.09830418653948053,0.001465610789885291,,,,,,,0.0,0.0,0.0,446,1.0164781714449156,0.6936499832286747,398,0,0.0,0.0,335,0,0.3708286540843656,0.6311018346260406,429,48.88762624632127,0.9212759641766163,402.0,397.18821571805256,0.636966484503767,202,bior,292.162962962963,301.0,176.53037485058104,135,0.7773306480916924,0.9625172382852065,0.16711337485025335,4,152.5
bior2.8,1,zero,3.39013545657067e-27,317.9529861210228,1373943.0397555486,0.5930232558139535,154.63258578360836,69,raw,4.0521531379941983e-14,-7.114420164100491e-11,5.024142113814212,27018.689233305544,0.8615100122059809,1.3207638667392627e-05,0.9999999999999999,323.0,,,,[],[],16,213.1875,25.000000000000057,450.00000000000006,"[3, 8, 15, 19, 22, 27, 30, 35, 38, 43, 46, 51, 55, 58, 61, 65]","[349.0, 268.0, 188.99999999999994, 25.000000000000057, 450.00000000000006, 203.9999999999999, 45.00000000000006, 52.0, 357.0000000000001, 49.00000000000006, 287.99999999999994, 41.99999999999994, 206.00000000000006, 408.00000000000006, 109.00000000000006, 370.0]","[0, 0, 0, 0, 0, 24, 29, 32, 32, 40, 40, 47, 54, 32, 60, 60]","[5, 9, 16, 20, 32, 32, 32, 36, 54, 45, 54, 54, 56, 67, 62, 67]",6764700.0,460.00000000000006,-460.00000000000006,0.0,,,,DWT,inu.32000013032828,0.0,,0.0,34,6.0,0.0,34,,5.684341886080802e-14,79.3125,486.0,79.3125,,0.0,79.3125,,,16.999999999999943,0.0,34,5.684341886080802e-14,5.684341886080802e-14,,0.0,0.9236789357457139,0.7502583913132899,0.0008439262742667625,0.31760145918832666,0.004068578834465602,,,,,,,0.0,0.0,0.0,486,1.0584265354503237,0.7222757646829482,346,0,0.0,0.0,288,0,0.39929025827121256,0.6795397598534498,350,83.92655519361358,0.8648525681262261,367.5,354.699495150195,0.6365325642563497,203,bior,292.162962962963,301.0,176.53037485058104,135,0.7773306480916924,0.9625172382852065,0.16711337485025335,4,153.25
sym17,1,periodic,2.0697463003001577e-20,250.09598548404838,1645679.6820708006,0.6666666666666666,313.19923213291617,69,raw,1.1062944441368595e-10,,5.742043923411605,17101.85247268063,0.5462122333354541,1.3207638667372664e-05,0.9999999999999998,322.99999999999324,,,,[],[],16,213.18750000026682,25.000000000018133,450.00000000049937,"[3, 8, 15, 19, 22, 27, 30, 35, 38, 43, 46, 51, 55, 58, 61, 65]","[349.0000000005674, 268.00000000020026, 189.00000000022413, 25.000000000018133, 450.00000000049937, 204.00000000038222, 45.000000000156035, 52.000000000041325, 357.0000000003898, 49.0000000001163, 288.0000000003563, 42.00000000007009, 206.00000000009393, 408.0000000006324, 108.99999999996672, 370.00000000055445]","[0, 0, 0, 0, 0, 24, 29, 32, 32, 40, 40, 47, 54, 32, 60, 60]","[5, 9, 16, 20, 32, 32, 32, 36, 54, 45, 54, 54, 56, 67, 62, 67]",6764700.000001909,460.0000000001461,-460.0000000001461,0.0,,,,DWT,inu.32000013032828,1.909211277961731e-06,,0.0,34,6.0,0.0,34,,1.460875864722766e-10,79.31249999973318,486.00000000426917,79.3124999998325,,0.0,79.31249999973318,,,16.999999999981867,0.0,34,4.993694346921984e-10,1.460875864722766e-10,,6.764366844436154e-12,0.18951269001739812,1.0,0.0033413554522503364,0.7320261437908494,0.0007414093320030101,,,,,,,0.13750083841974647,0.06875041920987324,0.13750083841974647,31,0.9084853129857049,0.6199550957599499,444,0,0.13750083841974647,0.13750083841974647,30,0,0.3851243197185002,0.6554311864965954,398,226.2364176401904,0.6356901487275517,225.75,56.853543336505666,0.6360817893396212,204,sym,375.8541666666667,399.5,183.40489689834808,144,1.0,1.0,0.0,6,154.5
db15,1,constant,5.575571878221782e-27,315.7922624441094,1411176.9543398772,0.5510204081632653,111.27634491035649,69,raw,5.70735085601144e-14,-6.713063438468251e-11,5.173427019662783,27556.43096984206,0.8564793066756088,1.3207638667392632e-05,1.0,323.00000000000006,,,,[],[],16,213.18749999999994,25.000000000000057,449.9999999999999,"[3, 8, 15, 19, 22, 27, 30, 35, 38, 43, 46, 51, 55, 58, 61, 65]","[348.9999999999999, 268.0, 188.99999999999983, 25.000000000000057, 449.9999999999999, 203.99999999999997, 45.0, 51.999999999999886, 357.0000000000001, 48.99999999999994, 287.9999999999999, 41.999999999999886, 205.99999999999994, 408.00000000000006, 109.0, 370.0000000000001]","[0, 0, 0, 0, 0, 24, 29, 32, 32, 40, 40, 47, 54, 32, 60, 60]","[5, 9, 16, 20, 32, 32, 32, 36, 54, 45, 54, 54, 56, 67, 62, 67]",6764699.999999999,459.9999999999999,-459.9999999999999,0.0,,,,DWT,inu.32000013032828,9.313225746154785e-10,,0.0,34,6.0,0.0,34,,1.1368683772161603e-13,79.31250000000006,485.9999999999991,79.31250000000004,,0.0,79.31250000000006,,,16.999999999999943,0.0,34,1.1368683772161603e-13,1.1368683772161603e-13,,5.684341886080802e-14,0.9003013862660009,0.8021911933216519,0.0011861291656441071,0.08123249299719842,0.004248995024546443,,,,,,,6.70735797169495e-05,3.353678985847475e-05,6.70735797169495e-05,245,0.9760620882119464,0.6660698381313462,418,0,6.70735797169495e-05,6.70735797169495e-05,229,0,0.35783203935500835,0.6089832973736331,454,116.0129303138232,0.8131836870952928,336.5,306.66774139436325,0.6356578660919299,205,db,361.0980392156863,403.0,158.96390539935234,153,0.9607397529157442,0.8667375194865046,0.06746091711302768,5,155.0
db2,1,periodic,2.118994719091061e-27,319.99385788989525,1311181.2876718477,0.6666666666666666,318.6489707737914,69,raw,3.254079775365097e-14,-7.117972877779292e-11,5.260331055056609,15853.923605028995,0.5233679332703786,1.3207638667392622e-05,0.9999999999999998,323.00000000000006,,,,[],[],16,213.18750000000003,25.000000000000057,450.0,"[3, 8, 15, 19, 22, 27, 30, 35, 38, 43, 46, 51, 55, 58, 61, 65]","[349.0000000000001, 268.00000000000006, 189.0, 25.000000000000057, 450.0, 204.0, 44.99999999999994, 52.00000000000006, 357.0, 48.99999999999994, 288.0000000000001, 42.000000000000114, 205.99999999999997, 408.0000000000001, 109.0, 370.00000000000006]","[0, 0, 0, 0, 0, 24, 29, 32, 32, 40, 40, 47, 54, 32, 60, 60]","[5, 9, 16, 20, 32, 32, 32, 36, 54, 45, 54, 54, 56, 67, 62, 67]",6764700.0,460.0,-460.0,0.0,,,,DWT,inu.32000013032828,0.0,,0.0,34,6.0,0.0,34,,0.0,79.31249999999997,486.00000000000045,79.31249999999997,,0.0,79.31249999999997,,,16.999999999999943,0.0,34,0.0,0.0,,5.684341886080802e-14,0.9457597697127489,0.8324231182318182,0.0002671066389767882,0.7320261437908494,0.00032272029134247193,,,,,,,0.0,0.0,0.0,401,1.2767405198959236,0.8712543614726992,73,0,0.0,0.0,449,0,0.5021597717331473,0.8546102080452589,72,204.45761581967707,0.6707606830601014,248.75,123.80659685841614,0.6350985379873776,206,db,361.0980392156863,403.0,158.96390539935234,153,0.9607397529157442,0.8667375194865046,0.06746091711302768,5,155.75
sym10,1,periodic,6.962990305838653e-24,284.8271987282978,1484998.2698948784,0.6022727272727273,294.9050036958365,69,raw,2.031740315441562e-12,,5.494348649559447,17594.293105090142,0.567943371888852,1.3207638667392253e-05,1.0,322.99999999999966,,,,[],[],16,213.187500000005,25.00000000000091,450.0000000000091,"[3, 8, 15, 19, 22, 27, 30, 35, 38, 43, 46, 51, 55, 58, 61, 65]","[349.0000000000108, 268.00000000000415, 189.00000000000415, 25.00000000000091, 450.0000000000091, 204.00000000000688, 45.000000000002956, 52.000000000001364, 357.00000000000693, 49.000000000002274, 288.0000000000068, 42.00000000000114, 206.00000000000216, 408.00000000001125, 108.99999999999926, 370.00000000001]","[0, 0, 0, 0, 0, 24, 29, 32, 32, 40, 40, 47, 54, 32, 60, 60]","[5, 9, 16, 20, 32, 32, 32, 36, 54, 45, 54, 54, 56, 67, 62, 67]",6764700.000000033,460.0000000000028,-460.0000000000028,0.0,,,,DWT,inu.32000013032828,3.259629011154175e-08,,0.0,34,6.0,0.0,34,,2.7853275241795927e-12,79.312499999995,486.00000000008004,79.31249999999677,,0.0,79.312499999995,,,16.99999999999909,0.0,34,9.094947017729282e-12,2.7853275241795927e-12,,3.410605131648481e-13,0.5652806166537894,0.9138324833160335,0.0018645930851706664,0.3696524064171123,0.0009066266783681095,,,,,,,0.002347575290093232,0.001173787645046616,0.002347575290093232,184,0.9452405214310678,0.6450370408896237,437,0,0.002347575290093232,0.002347575290093232,184,0,0.3703073452300948,0.6302146351857777,431,144.35835041082083,0.7675388882273416,309.0,258.42998027613413,0.6349771735822698,207,sym,375.8541666666667,399.5,183.40489689834808,144,1.0,1.0,0.0,6,156.75
rbio2.4,1,antireflect,1.3726593428868676e-27,321.8795289295886,1544855.3299815252,0.5897435897435898,312.3365285412026,69,raw,2.4096513115008078e-14,-7.043021721386848e-11,5.353694873739358,32374.022278995755,0.6707685531835076,1.3207638667392627e-05,0.9999999999999999,323.00000000000006,,,,[],[],16,213.1875,25.0,450.0,"[3, 8, 15, 19, 22, 27, 30, 35, 38, 43, 46, 51, 55, 58, 61, 65]","[349.00000000000006, 268.00000000000006, 189.0, 25.0, 450.0, 204.0, 45.0, 52.0, 357.0, 48.99999999999994, 288.00000000000006, 42.0, 205.99999999999997, 408.0, 108.99999999999994, 370.0]","[0, 0, 0, 0, 0, 24, 29, 32, 32, 40, 40, 47, 54, 32, 60, 60]","[5, 9, 16, 20, 32, 32, 32, 36, 54, 45, 54, 54, 56, 67, 62, 67]",6764700.0,460.0,-460.0,0.0,,,,DWT,inu.32000013032828,0.0,,0.0,34,6.0,0.0,34,,0.0,79.3125,486.0,79.3125,,0.0,79.3125,,,17.0,0.0,34,0.0,0.0,,5.684341886080802e-14,0.9661614381462921,0.8649022539008597,0.0024147167898541156,0.2991452991452991,0.005865331288423287,,,,,,,0.0,0.0,0.0,273,1.135359600406621,0.7747752877576137,261,0,0.0,0.0,515,0,0.42769780785414574,0.7278856912197478,275,122.82236495579025,0.8022184139198225,331.0,305.9850875114333,0.6346035708890578,208,rbio,249.7925925925926,196.0,174.24048813612427,135,0.6645997696604647,0.9500318207572005,0.24977061501051454,3,156.75
sym9,1,zero,9.286118447046088e-26,303.576814444497,1313606.4735737552,0.5813953488372093,182.3256926143327,69,raw,2.5087822318776e-13,-6.236344773924446e-11,5.149715790906675,25411.885884261756,0.7990117259655912,1.3207638667392634e-05,1.0,322.9999999999997,,,,[],[],16,213.18750000000028,25.000000000000398,450.0000000000004,"[3, 8, 15, 19, 22, 27, 30, 35, 38, 43, 46, 51, 55, 58, 61, 65]","[349.00000000000074, 268.0000000000002, 188.99999999999994, 25.000000000000398, 450.0000000000004, 204.0000000000005, 45.0000000000004, 52.00000000000057, 357.0000000000001, 49.0000000000004, 288.00000000000034, 42.00000000000006, 206.00000000000034, 408.00000000000057, 108.99999999999935, 370.0000000000004]","[0, 0, 0, 0, 0, 24, 29, 32, 32, 40, 40, 47, 54, 32, 60, 60]","[5, 9, 16, 20, 32, 32, 32, 36, 54, 45, 54, 54, 56, 67, 62, 67]",6764699.999999997,460.0000000000001,-460.0000000000001,0.0,,,,DWT,inu.32000013032828,2.7939677238464355e-09,,0.0,34,6.0,0.0,34,,1.1368683772161603e-13,79.31249999999972,486.00000000000455,79.3124999999998,,0.0,79.31249999999972,,,16.999999999999602,0.0,34,3.979039320256561e-13,1.1368683772161603e-13,,2.8421709430404007e-13,0.7681386099337054,0.7939425995246675,0.0002893956095839673,0.25216598267213863,0.0035294848442710557,,,,,,,0.0002012207391508485,0.00010061036957542425,0.0002012207391508485,191,0.9602773505339128,0.6552982511625155,430,0,0.0002012207391508485,0.0002012207391508485,191,0,0.36361321451687334,0.6188221008500155,443,141.83881697194178,0.7715961079356815,313.75,265.7079582197571,0.6331813067858761,209,sym,375.8541666666667,399.5,183.40489689834808,144,1.0,1.0,0.0,6,158.25
coif1,1,antisymmetric,1.3770538885805859e-27,321.86564727423394,1349886.2488521896,0.5945945945945946,260.4540755988461,69,raw,2.2243076945533572e-14,-7.015188430159495e-11,5.167779970408735,27355.388103618927,0.7211197008153892,1.3207638667392629e-05,1.0,323.00000000000006,,,,[],[],16,213.1875,25.0,450.00000000000006,"[3, 8, 15, 19, 22, 27, 30, 35, 38, 43, 46, 51, 55, 58, 61, 65]","[348.99999999999994, 267.99999999999994, 189.00000000000006, 25.0, 450.00000000000006, 203.99999999999997, 45.0, 52.000000000000114, 357.0, 49.0, 288.0, 42.0, 205.99999999999997, 408.0, 109.0, 370.0]","[0, 0, 0, 0, 0, 24, 29, 32, 32, 40, 40, 47, 54, 32, 60, 60]","[5, 9, 16, 20, 32, 32, 32, 36, 54, 45, 54, 54, 56, 67, 62, 67]",6764700.0,460.00000000000006,-460.00000000000006,0.0,,,,DWT,inu.32000013032828,0.0,,0.0,34,6.0,0.0,34,,5.684341886080802e-14,79.3125,486.0,79.3125,,0.0,79.3125,,,17.0,0.0,34,5.684341886080802e-14,5.684341886080802e-14,,5.684341886080802e-14,0.9660112481481995,0.800226714132179,0.0006228293658086193,0.3264440911499736,0.004181543708231429,,,,,,,0.0,0.0,0.0,371,1.1122817745811955,0.7590268595606702,290,0,0.0,0.0,491,0,0.4194972853008785,0.7139294751311125,298,93.0967238950974,0.8500857908291507,362.5,346.7388878486564,0.6331749405031422,210,coif,212.88888888888889,210.0,126.92181240687695,45,0.566413539530329,0.6920306630483438,0.39590132341426654,2,158.0
sym14,1,reflect,8.940881668255244e-22,263.74135316292256,1570042.0773843052,0.6354166666666666,297.853898043765,69,raw,2.3032577455589903e-11,-4.400235731421618e-11,5.668659836200357,16583.964106765106,0.5460064585082238,1.3207638667397587e-05,1.0,323.00000000000006,,,,[],[],16,213.18749999994253,25.0,449.9999999998928,"[3, 8, 15, 19, 22, 27, 30, 35, 38, 43, 46, 51, 55, 58, 61, 65]","[348.99999999988074, 267.9999999999499, 188.9999999999494, 25.0, 449.9999999998928, 203.999999999924, 44.999999999969134, 51.99999999999312, 356.99999999991473, 48.99999999997863, 287.9999999999213, 41.999999999986414, 205.99999999998013, 407.9999999998543, 108.99999999999812, 369.9999999998877]","[0, 0, 0, 0, 0, 24, 29, 32, 32, 40, 40, 47, 54, 32, 60, 60]","[5, 9, 16, 20, 32, 32, 32, 36, 54, 45, 54, 54, 56, 67, 62, 67]",6764699.999999582,459.9999999999695,-459.9999999999695,0.0,,,,DWT,inu.32000013032828,4.1816383600234985e-07,,0.0,34,6.0,0.0,34,,3.0524915928253904e-11,79.31250000005747,485.9999999990805,79.31250000005747,,0.0,79.31250000005747,,,17.0,0.0,34,1.0720668797148392e-10,3.0524915928253904e-11,,5.684341886080802e-14,0.33714621738145467,0.9744713556267244,0.002646198703100212,0.5561683006535945,0.0005676540894446217,,,,,,,0.030116037292910323,0.015058018646455161,0.030116037292910323,114,0.9135408894910008,0.623405047423078,443,0,0.030116037292910323,0.030116037292910323,114,0,0.3741999452908637,0.6368393310197135,422,184.08580426891515,0.7035655325782364,273.25,180.416963314441,0.6317747147593276,211,sym,375.8541666666667,399.5,183.40489689834808,144,1.0,1.0,0.0,6,159.75
sym5,1,periodic,6.7270876285702135e-22,264.97688578425016,1390292.1759232988,0.6538461538461539,306.0081819205484,69,raw,2.0478253553438407e-11,,5.332412823123169,17079.724393670505,0.5650675079226721,1.3207638667394721e-05,1.0,323.00000000000904,,,,[],[],16,213.18749999995475,24.999999999969077,449.9999999999278,"[3, 8, 15, 19, 22, 27, 30, 35, 38, 43, 46, 51, 55, 58, 61, 65]","[348.9999999998803, 267.99999999996305, 188.99999999997618, 24.999999999969077, 449.9999999999278, 203.9999999999425, 44.99999999996038, 51.999999999964984, 356.9999999999572, 48.99999999997243, 287.99999999994156, 41.99999999999369, 205.99999999996822, 407.999999999908, 109.00000000002956, 369.9999999999209]","[0, 0, 0, 0, 0, 24, 29, 32, 32, 40, 40, 47, 54, 32, 60, 60]","[5, 9, 16, 20, 32, 32, 32, 36, 54, 45, 54, 54, 56, 67, 62, 67]",6764699.999999774,459.9999999999711,-459.9999999999711,0.0,,,,DWT,inu.32000013032828,2.2631138563156128e-07,,0.0,34,6.0,0.0,34,,2.887645678129047e-11,79.31250000004525,485.99999999927604,79.31250000004526,,0.0,79.31250000004525,,,17.000000000030923,0.0,34,7.219114195322618e-11,2.887645678129047e-11,,9.038103598868474e-12,0.35051383365626954,0.8574987155812953,0.000994185029774592,0.6598793363499246,0.0007339852035830585,,,,,,,0.016298879871218728,0.008149439935609364,0.016298879871218728,142,0.9038000791206997,0.6167578678379144,446,0,0.016298879871218728,0.016298879871218728,142,0,0.37392401116416946,0.6363697272507635,423,169.1357935703341,0.7276396238802993,288.25,214.00988188866296,0.6317344657243686,212,sym,375.8541666666667,399.5,183.40489689834808,144,1.0,1.0,0.0,6,160.5
db12,1,smooth,4.2328675586815564e-27,316.98880983226866,19484548.818180196,0.5760869565217391,278.93206084809526,69,raw,4.994394591936936e-14,-7.076161878671907e-11,3.5993569127897516,756367.9399335494,0.9946905081548518,1.3207638667392622e-05,0.9999999999999999,323.00000000000006,,,,[],[],16,213.1875,24.999999999999943,450.00000000000017,"[3, 8, 15, 19, 22, 27, 30, 35, 38, 43, 46, 51, 55, 58, 61, 65]","[349.0000000000001, 267.99999999999994, 188.99999999999994, 24.999999999999943, 450.00000000000017, 203.9999999999999, 45.000000000000114, 52.000000000000114, 357.0, 48.999999999999886, 288.0, 41.99999999999983, 206.00000000000017, 408.0, 108.99999999999997, 370.0000000000001]","[0, 0, 0, 0, 0, 24, 29, 32, 32, 40, 40, 47, 54, 32, 60, 60]","[5, 9, 16, 20, 32, 32, 32, 36, 54, 45, 54, 54, 56, 67, 62, 67]",6764700.000000001,460.0000000000001,-460.0000000000001,0.0,,,,DWT,inu.32000013032828,9.313225746154785e-10,,0.0,34,6.0,0.0,34,,1.1368683772161603e-13,79.3125,486.0,79.31250000000001,,0.0,79.3125,,,17.000000000000057,0.0,34,1.7053025658242404e-13,1.1368683772161603e-13,,5.684341886080802e-14,0.9132472090338032,0.2546082294388985,0.16729168582788134,0.2222932651321397,0.2487704572811244,,,,,,,6.70735797169495e-05,3.353678985847475e-05,6.70735797169495e-05,237,0.9473237720189776,0.6464586619100835,436,0,6.70735797169495e-05,6.70735797169495e-05,262,0,0.3612421693427695,0.614786892289736,448,111.71503927403866,0.8201046066440602,345.75,318.4225597403115,0.6316706608099527,213,db,361.0980392156863,403.0,158.96390539935234,153,0.9607397529157442,0.8667375194865046,0.06746091711302768,5,161.0
db15,1,zero,5.0077749507305306e-27,316.25870859904387,1321879.7385739842,0.5510204081632653,94.12924509717992,69,raw,5.213060257221805e-14,-6.681333264424464e-11,5.117485201261662,28021.93960849646,0.8442844093140391,1.3207638667392632e-05,1.0,323.00000000000006,,,,[],[],16,213.18749999999997,25.000000000000057,449.9999999999999,"[3, 8, 15, 19, 22, 27, 30, 35, 38, 43, 46, 51, 55, 58, 61, 65]","[348.9999999999999, 268.0, 188.99999999999983, 25.000000000000057, 449.9999999999999, 203.99999999999997, 45.0, 51.999999999999886, 357.0000000000001, 48.99999999999994, 287.99999999999994, 41.99999999999994, 206.0, 408.0, 108.99999999999989, 370.00000000000006]","[0, 0, 0, 0, 0, 24, 29, 32, 32, 40, 40, 47, 54, 32, 60, 60]","[5, 9, 16, 20, 32, 32, 32, 36, 54, 45, 54, 54, 56, 67, 62, 67]",6764699.999999999,459.9999999999999,-459.9999999999999,0.0,,,,DWT,inu.32000013032828,9.313225746154785e-10,,0.0,34,6.0,0.0,34,,1.1368683772161603e-13,79.31250000000003,485.99999999999955,79.31250000000004,,0.0,79.31250000000003,,,16.999999999999943,0.0,34,1.1368683772161603e-13,1.1368683772161603e-13,,5.684341886080802e-14,0.9053480140153575,0.782730315060054,0.00036543207353935685,0.08123249299719842,0.004405176494812593,,,,,,,6.70735797169495e-05,3.353678985847475e-05,6.70735797169495e-05,267,0.9690117497728155,0.6612586505648608,422,0,6.70735797169495e-05,6.70735797169495e-05,222,0,0.3548162861281924,0.6038508800880208,458,115.29780281225369,0.8143352611718943,342.25,312.42928318054595,0.6316040235006009,214,db,361.0980392156863,403.0,158.96390539935234,153,0.9607397529157442,0.8667375194865046,0.06746091711302768,5,161.75
coif1,1,reflect,1.566563430101506e-27,321.305676792202,1357344.8547752337,0.5945945945945946,266.90998463556883,69,raw,2.3993689482913524e-14,-7.009448577122183e-11,5.191234996360143,16496.2212950493,0.6264729489848351,1.3207638667392629e-05,1.0,323.00000000000006,,,,[],[],16,213.1875,25.0,450.00000000000006,"[3, 8, 15, 19, 22, 27, 30, 35, 38, 43, 46, 51, 55, 58, 61, 65]","[348.99999999999994, 267.99999999999994, 189.00000000000006, 25.0, 450.00000000000006, 203.99999999999997, 45.0, 52.000000000000114, 357.0, 49.0, 288.0, 42.0, 205.99999999999997, 408.0, 109.0, 369.9999999999999]","[0, 0, 0, 0, 0, 24, 29, 32, 32, 40, 40, 47, 54, 32, 60, 60]","[5, 9, 16, 20, 32, 32, 32, 36, 54, 45, 54, 54, 56, 67, 62, 67]",6764700.0,460.00000000000006,-460.00000000000006,0.0,,,,DWT,inu.32000013032828,0.0,,0.0,34,6.0,0.0,34,,5.684341886080802e-14,79.3125,486.0,79.31250000000001,,0.0,79.3125,,,17.0,0.0,34,5.684341886080802e-14,5.684341886080802e-14,,5.684341886080802e-14,0.9599527512701626,0.8083861808372126,0.0006913786048828291,0.3264440911499736,0.0005382157499571473,,,,,,,0.0,0.0,0.0,372,1.1113033532431176,0.7583591797581776,292,0,0.0,0.0,494,0,0.4192025235224378,0.7134278291630821,300,93.52896164646899,0.8493897558027874,364.5,348.7220172387171,0.6312166170318285,215,coif,212.88888888888889,210.0,126.92181240687695,45,0.566413539530329,0.6920306630483438,0.39590132341426654,2,161.75
db12,1,zero,3.318977916366386e-27,318.0451130062978,1311313.066738339,0.5434782608695652,151.41495799857344,69,raw,4.077897440014487e-14,-7.059475226611791e-11,5.15872233075966,27000.76890359169,0.8227336284600961,1.3207638667392624e-05,0.9999999999999999,323.00000000000006,,,,[],[],16,213.1875,25.0,450.00000000000017,"[3, 8, 15, 19, 22, 27, 30, 35, 38, 43, 46, 51, 55, 58, 61, 65]","[349.0, 268.0, 189.0, 25.0, 450.00000000000017, 203.9999999999999, 45.000000000000114, 52.000000000000114, 357.00000000000006, 48.999999999999886, 288.0, 41.999999999999886, 206.00000000000014, 408.0, 109.0, 370.00000000000006]","[0, 0, 0, 0, 0, 24, 29, 32, 32, 40, 40, 47, 54, 32, 60, 60]","[5, 9, 16, 20, 32, 32, 32, 36, 54, 45, 54, 54, 56, 67, 62, 67]",6764700.000000001,460.0000000000001,-460.0000000000001,0.0,,,,DWT,inu.32000013032828,9.313225746154785e-10,,0.0,34,6.0,0.0,34,,1.1368683772161603e-13,79.3125,486.0,79.31250000000001,,0.0,79.3125,,,17.0,0.0,34,1.7053025658242404e-13,1.1368683772161603e-13,,5.684341886080802e-14,0.9246756855115172,0.7970757686036629,0.00026831777076563503,0.03878942881500397,0.004062566435962206,,,,,,,6.70735797169495e-05,3.353678985847475e-05,6.70735797169495e-05,241,0.9706182525945111,0.6623549364336876,420,0,6.70735797169495e-05,6.70735797169495e-05,227,0,0.3529743534273825,0.6007161517062318,462,120.87045406825717,0.8053615876517598,337.5,305.34074980813995,0.6309416633910974,216,db,361.0980392156863,403.0,158.96390539935234,153,0.9607397529157442,0.8667375194865046,0.06746091711302768,5,163.25
bior1.1,1,periodization,2.3658104887257853e-27,319.5153571047487,1335542.8079082333,0.6714285714285714,333.3773713843218,69,raw,4.091637806020762e-14,-7.179301597659584e-11,5.177852749498056,15111.808163265307,0.5752597846852022,1.3207638667392624e-05,1.0,323.00000000000006,,,,[],[],16,213.1875,25.0,450.00000000000006,"[3, 8, 15, 19, 22, 27, 30, 35, 38, 43, 46, 51, 55, 58, 61, 65]","[349.00000000000006, 268.0, 189.0, 25.0, 450.00000000000006, 204.00000000000006, 45.0, 52.0, 357.00000000000006, 48.99999999999994, 288.00000000000006, 41.99999999999994, 206.00000000000003, 408.00000000000006, 109.0, 370.00000000000006]","[0, 0, 0, 0, 0, 24, 29, 32, 32, 40, 40, 47, 54, 32, 60, 60]","[5, 9, 16, 20, 32, 32, 32, 36, 54, 45, 54, 54, 56, 67, 62, 67]",6764700.0,460.00000000000006,-460.00000000000006,0.0,,,,DWT,inu.32000013032828,0.0,,0.0,34,6.0,0.0,34,,5.684341886080802e-14,79.3125,486.0,79.31249999999999,,0.0,79.3125,,,17.0,0.0,34,5.684341886080802e-14,5.684341886080802e-14,,5.684341886080802e-14,0.9405827191253159,0.803730803438102,0.000491004200012382,0.7588235294117645,7.373526469097889e-05,,,,,,,0.0,0.0,0.0,451,1.270019441164829,0.8666678624409735,85,0,0.0,0.0,411,0,0.5007403582879772,0.8521945521365979,76,203.05233315576552,0.6730236181066578,255.75,135.25857895148096,0.6305939346571936,217,bior,292.162962962963,301.0,176.53037485058104,135,0.7773306480916924,0.9625172382852065,0.16711337485025335,4,163.75
bior3.3,1,zero,1.1679714503967908e-27,322.58083436243163,1427254.2605736286,0.5789473684210527,178.2206073438198,69,raw,2.2088611133411817e-14,-6.945044539463678e-11,4.970791827660572,25168.019026737795,0.8388742708380974,1.3207638667392627e-05,1.0,323.00000000000006,,,,[],[],16,213.1875,25.0,449.99999999999994,"[3, 8, 15, 19, 22, 27, 30, 35, 38, 43, 46, 51, 55, 58, 61, 65]","[349.0, 267.99999999999994, 189.0, 25.0, 449.99999999999994, 204.0000000000001, 45.0, 52.0, 357.00000000000006, 48.999999999999886, 288.00000000000006, 42.0, 205.99999999999997, 408.00000000000006, 109.0, 369.9999999999999]","[0, 0, 0, 0, 0, 24, 29, 32, 32, 40, 40, 47, 54, 32, 60, 60]","[5, 9, 16, 20, 32, 32, 32, 36, 54, 45, 54, 54, 56, 67, 62, 67]",6764700.0,459.99999999999994,-459.99999999999994,0.0,,,,DWT,inu.32000013032828,0.0,,0.0,34,6.0,0.0,34,,5.684341886080802e-14,79.3125,486.0,79.3125,,0.0,79.3125,,,17.0,0.0,34,5.684341886080802e-14,5.684341886080802e-14,,5.684341886080802e-14,0.9737490823378434,0.7316990478072771,0.0013338896345652107,0.23839009287925697,0.0034476657732708405,,,,,,,0.0,0.0,0.0,480,1.0475010215846383,0.7148201372798288,367,0,0.0,0.0,284,0,0.38972395568644275,0.6632591649065919,384,80.40470550077693,0.8705238236702465,378.75,365.8506781622434,0.6303102210138671,218,bior,292.162962962963,301.0,176.53037485058104,135,0.7773306480916924,0.9625172382852065,0.16711337485025335,4,164.5
bior3.7,1,constant,8.460247389326793e-28,323.9813260076755,1619328.5273921443,0.5595238095238095,178.2206073438198,69,raw,1.590997864854136e-14,-6.939127050742424e-11,5.1083197668204425,23806.360790546547,0.8656136486917574,1.3207638667392627e-05,1.0,323.0,,,,[],[],16,213.1875,25.000000000000057,450.00000000000006,"[3, 8, 15, 19, 22, 27, 30, 35, 38, 43, 46, 51, 55, 58, 61, 65]","[348.99999999999994, 268.0, 189.0, 25.000000000000057, 450.00000000000006, 203.99999999999994, 45.0, 52.0, 357.0, 49.0, 288.0, 41.99999999999994, 206.0, 408.0, 109.0, 369.9999999999999]","[0, 0, 0, 0, 0, 24, 29, 32, 32, 40, 40, 47, 54, 32, 60, 60]","[5, 9, 16, 20, 32, 32, 32, 36, 54, 45, 54, 54, 56, 67, 62, 67]",6764700.0,460.00000000000006,-460.00000000000006,0.0,,,,DWT,inu.32000013032828,0.0,,0.0,34,6.0,0.0,34,,5.684341886080802e-14,79.3125,486.0,79.31250000000001,,0.0,79.3125,,,16.999999999999943,0.0,34,5.684341886080802e-14,5.684341886080802e-14,,0.0,0.9889014422080245,0.7795418701904884,0.003099171910099677,0.1290849673202613,0.002990819717861229,,,,,,,0.0,0.0,0.0,461,1.0374917011903577,0.7079897250598066,375,0,0.0,0.0,279,0,0.38072365426934707,0.6479418298680105,413,77.15784686817882,0.8757522594715317,382.0,368.95600620472544,0.6303076917325452,219,bior,292.162962962963,301.0,176.53037485058104,135,0.7773306480916924,0.9625172382852065,0.16711337485025335,4,165.25
db2,1,reflect,2.1102143542329488e-27,320.01189090467244,1299975.4904014734,0.6666666666666666,309.8448122739801,69,raw,3.233484333748862e-14,-7.114775435468372e-11,5.232432083499078,16621.875349753333,0.5576953086413182,1.3207638667392622e-05,0.9999999999999998,323.00000000000006,,,,[],[],16,213.18750000000003,25.000000000000057,450.0,"[3, 8, 15, 19, 22, 27, 30, 35, 38, 43, 46, 51, 55, 58, 61, 65]","[349.0000000000001, 268.00000000000006, 189.0, 25.000000000000057, 450.0, 204.0, 44.99999999999994, 52.00000000000006, 357.0, 48.99999999999994, 288.0000000000001, 42.000000000000114, 205.99999999999997, 408.0000000000001, 109.0, 370.00000000000006]","[0, 0, 0, 0, 0, 24, 29, 32, 32, 40, 40, 47, 54, 32, 60, 60]","[5, 9, 16, 20, 32, 32, 32, 36, 54, 45, 54, 54, 56, 67, 62, 67]",6764700.0,460.0,-460.0,0.0,,,,DWT,inu.32000013032828,0.0,,0.0,34,6.0,0.0,34,,0.0,79.31249999999997,486.00000000000045,79.31249999999997,,0.0,79.31249999999997,,,16.999999999999943,0.0,34,0.0,0.0,,5.684341886080802e-14,0.9459548745749422,0.822717704560567,0.000164118374946005,0.7320261437908494,0.0005803735820122222,,,,,,,0.0,0.0,0.0,399,1.2720564431618664,0.868057923182832,79,0,0.0,0.0,462,0,0.5002886429766634,0.8514257917979376,81,203.99080861646684,0.6715123854807297,255.25,134.7950749892461,0.6302408948337626,220,db,361.0980392156863,403.0,158.96390539935234,153,0.9607397529157442,0.8667375194865046,0.06746091711302768,5,166.25
db14,1,smooth,4.8323053826801374e-27,316.4136129118094,30249868.24591774,0.5833333333333334,283.95690006690614,69,raw,5.4819273114462435e-14,-7.09955427780076e-11,3.5959983139852585,1097725.7236330963,0.9965174667254478,1.3207638667392624e-05,0.9999999999999999,323.0000000000001,,,,[],[],16,213.1875,25.000000000000057,450.0000000000001,"[3, 8, 15, 19, 22, 27, 30, 35, 38, 43, 46, 51, 55, 58, 61, 65]","[349.0, 268.0000000000001, 188.9999999999999, 25.000000000000057, 450.0000000000001, 204.0, 45.00000000000006, 52.0, 357.0, 48.999999999999716, 288.0000000000001, 42.00000000000006, 206.00000000000003, 408.0, 108.99999999999994, 370.0000000000001]","[0, 0, 0, 0, 0, 24, 29, 32, 32, 40, 40, 47, 54, 32, 60, 60]","[5, 9, 16, 20, 32, 32, 32, 36, 54, 45, 54, 54, 56, 67, 62, 67]",6764700.0,460.00000000000006,-460.00000000000006,0.0,,,,DWT,inu.32000013032828,0.0,,0.0,34,6.0,0.0,34,,5.684341886080802e-14,79.3125,486.0,79.3125,,0.0,79.3125,,,16.999999999999943,0.0,34,1.1368683772161603e-13,5.684341886080802e-14,,1.1368683772161603e-13,0.9070239725263831,0.25343984978425216,0.2662316838350479,0.26307189542483667,0.36329842973529486,,,,,,,0.0,0.0,0.0,499,1.0545982803895326,0.7196633435475901,356,0,0.0,0.0,274,0,0.410613166261163,0.6988098672927036,328,96.06378089581942,0.8453079212627707,364.25,347.4812554910091,0.6293769880065866,221,db,361.0980392156863,403.0,158.96390539935234,153,0.9607397529157442,0.8667375194865046,0.06746091711302768,5,167.0
coif2,1,antireflect,3.351487703146133e-27,318.00278033088745,1548038.9901417552,0.6,297.30039569699034,69,raw,3.858105461516232e-14,-7.068878815630366e-11,5.306117012343011,34910.042544387354,0.7919532105514485,1.3207638667392627e-05,1.0,323.0000000000001,,,,[],[],16,213.18750000000003,24.99999999999983,450.0,"[3, 8, 15, 19, 22, 27, 30, 35, 38, 43, 46, 51, 55, 58, 61, 65]","[349.00000000000006, 268.0, 189.0000000000001, 24.99999999999983, 450.0, 204.0, 45.000000000000114, 52.00000000000017, 357.0000000000001, 48.99999999999994, 288.00000000000006, 42.00000000000006, 206.0, 408.0, 109.00000000000003, 369.99999999999994]","[0, 0, 0, 0, 0, 24, 29, 32, 32, 40, 40, 47, 54, 32, 60, 60]","[5, 9, 16, 20, 32, 32, 32, 36, 54, 45, 54, 54, 56, 67, 62, 67]",6764700.0,460.0,-460.0,0.0,,,,DWT,inu.32000013032828,0.0,,0.0,34,6.0,0.0,34,,0.0,79.31249999999997,486.00000000000045,79.31249999999999,,0.0,79.31249999999997,,,17.00000000000017,0.0,34,0.0,0.0,,1.1368683772161603e-13,0.9242176749733867,0.848351004852385,0.002443976611824382,0.35686274509803895,0.00671618418519985,,,,,,,0.0,0.0,0.0,361,1.1253596674294322,0.767951281559768,276,0,0.0,0.0,502,0,0.427718317144167,0.7279205953470764,274,107.13659505509777,0.8274773026487958,353.25,332.3656392168357,0.6293183614693254,222,coif,212.88888888888889,210.0,126.92181240687695,45,0.566413539530329,0.6920306630483438,0.39590132341426654,2,167.0
sym5,1,symmetric,6.818114271503172e-22,264.9185138763962,1417580.2970334254,0.6538461538461539,306.0081819205484,69,raw,2.045994935470198e-11,,5.30778820072707,17059.036456430436,0.608026230766839,1.3207638667395195e-05,1.0,323.00000000000904,,,,[],[],16,213.18749999995254,24.999999999969077,449.9999999999278,"[3, 8, 15, 19, 22, 27, 30, 35, 38, 43, 46, 51, 55, 58, 61, 65]","[348.999999999896, 267.99999999996305, 188.99999999997618, 24.999999999969077, 449.9999999999278, 203.9999999999425, 44.99999999996038, 51.999999999964984, 356.9999999999572, 48.99999999997243, 287.99999999994156, 41.99999999999369, 205.99999999996822, 407.99999999987347, 109.00000000002899, 369.99999999990484]","[0, 0, 0, 0, 0, 24, 29, 32, 32, 40, 40, 47, 54, 32, 60, 60]","[5, 9, 16, 20, 32, 32, 32, 36, 54, 45, 54, 54, 56, 67, 62, 67]",6764699.999999751,459.9999999999711,-459.9999999999711,0.0,,,,DWT,inu.32000013032828,2.4866312742233276e-07,,0.0,34,6.0,0.0,34,,2.887645678129047e-11,79.31250000004746,485.9999999992406,79.31250000004746,,0.0,79.31250000004746,,,17.000000000030923,0.0,34,7.219114195322618e-11,2.887645678129047e-11,,9.038103598868474e-12,0.34988228961449275,0.8489323730421205,0.0012449798776542392,0.6598793363499246,0.000727044253004209,,,,,,,0.017908645784425515,0.008954322892212757,0.017908645784425515,136,0.8992606024697546,0.6136601053957372,451,0,0.017908645784425515,0.017908645784425515,136,0,0.37213320462743926,0.6333220089087671,426,174.94642036920905,0.7182827369255893,287.25,207.57013369769865,0.6278611752260796,223,sym,375.8541666666667,399.5,183.40489689834808,144,1.0,1.0,0.0,6,168.75
rbio3.7,1,smooth,1.188378939031856e-27,322.50560716918915,16289906.97127074,0.6190476190476191,329.1001868650283,69,raw,2.2281693398564013e-14,-6.912403982539698e-11,3.016531527302163,436841.5123512228,0.981850919758053,1.3207638667392627e-05,1.0,322.99999999999994,,,,[],[],16,213.1875,25.000000000000057,450.0,"[3, 8, 15, 19, 22, 27, 30, 35, 38, 43, 46, 51, 55, 58, 61, 65]","[349.0, 268.0, 189.0, 25.000000000000057, 450.0, 203.99999999999994, 45.00000000000006, 52.0, 356.9999999999999, 49.000000000000114, 287.99999999999994, 41.99999999999994, 206.00000000000006, 407.9999999999999, 109.0, 370.0]","[0, 0, 0, 0, 0, 24, 29, 32, 32, 40, 40, 47, 54, 32, 60, 60]","[5, 9, 16, 20, 32, 32, 32, 36, 54, 45, 54, 54, 56, 67, 62, 67]",6764700.0,460.0,-460.0,0.0,,,,DWT,inu.32000013032828,0.0,,0.0,34,6.0,0.0,34,,0.0,79.3125,486.0,79.3125,,0.0,79.3125,,,16.999999999999943,0.0,34,0.0,0.0,,5.684341886080802e-14,0.9729351756587818,0.051856617158172136,0.13793093530965359,0.46405228758169936,0.1415670605988394,,,,,,,0.0,0.0,0.0,332,0.9209026209013975,0.6284287311703609,441,0,0.0,0.0,307,0,0.35366841526142934,0.6018973541078975,461,77.0384103332011,0.8759445888354249,385.25,373.6170933599625,0.6277871092325273,224,rbio,249.7925925925926,196.0,174.24048813612427,135,0.6645997696604647,0.9500318207572005,0.24977061501051454,3,168.75
rbio6.8,1,reflect,4.959035905167664e-22,266.30118410615546,1458077.7249195715,0.6395348837209303,306.80010167829687,69,raw,1.695859555843196e-11,-6.086942061544629e-11,5.462076528078573,16538.201537891084,0.5758791228629396,1.3207638667395988e-05,0.9999999999999998,322.9999999999997,,,,[],[],16,213.18749999995862,25.000000000003013,449.9999999999216,"[3, 8, 15, 19, 22, 27, 30, 35, 38, 43, 46, 51, 55, 58, 61, 65]","[348.99999999991564, 267.9999999999702, 188.99999999996348, 25.000000000003013, 449.9999999999216, 203.99999999993943, 44.99999999997772, 51.99999999999818, 356.99999999993713, 48.99999999998374, 287.99999999994486, 41.99999999998852, 205.99999999998923, 407.9999999998896, 109.00000000000102, 369.9999999999146]","[0, 0, 0, 0, 0, 24, 29, 32, 32, 40, 40, 47, 54, 32, 60, 60]","[5, 9, 16, 20, 32, 32, 32, 36, 54, 45, 54, 54, 56, 67, 62, 67]",6764699.999999708,459.999999999979,-459.999999999979,0.0,,,,DWT,inu.32000013032828,2.9243528842926025e-07,,0.0,34,6.0,0.0,34,,2.0975221559638157e-11,79.31250000004138,485.9999999993379,79.31250000004137,,0.0,79.31250000004138,,,16.999999999996987,0.0,34,7.838707460905425e-11,2.0975221559638157e-11,,2.8421709430404007e-13,0.36484183398182113,0.9026057508762777,0.001617176491163621,0.5793433652530781,0.0005523004210131171,,,,,,,0.021061104031122144,0.010530552015561072,0.021061104031122144,130,0.9029748303424497,0.6161947137857434,447,0,0.021061104031122144,0.021061104031122144,131,0,0.36979208540467073,0.6293377304009057,432,178.50676924606157,0.712549485916165,285.0,201.2290389676142,0.626806143924266,225,rbio,249.7925925925926,196.0,174.24048813612427,135,0.6645997696604647,0.9500318207572005,0.24977061501051454,3,169.5
rbio3.5,1,smooth,1.2285651141311583e-27,322.36117484265844,8207693.418268164,0.625,326.1330640683471,69,raw,2.2217332643513283e-14,-6.893163817522945e-11,3.3238518054881663,219697.14942989347,0.962223192776643,1.3207638667392627e-05,1.0,322.99999999999994,,,,[],[],16,213.18749999999997,25.0,449.99999999999994,"[3, 8, 15, 19, 22, 27, 30, 35, 38, 43, 46, 51, 55, 58, 61, 65]","[349.0, 268.0, 189.0, 25.0, 449.99999999999994, 203.99999999999991, 45.00000000000006, 52.0, 356.9999999999999, 49.00000000000006, 287.9999999999999, 41.99999999999994, 206.00000000000006, 407.9999999999999, 109.0, 369.99999999999994]","[0, 0, 0, 0, 0, 24, 29, 32, 32, 40, 40, 47, 54, 32, 60, 60]","[5, 9, 16, 20, 32, 32, 32, 36, 54, 45, 54, 54, 56, 67, 62, 67]",6764700.0,460.0,-460.0,0.0,,,,DWT,inu.32000013032828,0.0,,0.0,34,6.0,0.0,34,,0.0,79.31250000000003,485.99999999999955,79.31250000000003,,0.0,79.31250000000003,,,17.0,0.0,34,5.684341886080802e-14,0.0,,5.684341886080802e-14,0.9713725168625563,0.1587663081913545,0.06365035327999183,0.49754901960784303,0.06871357723687375,,,,,,,0.0,0.0,0.0,325,0.9205368795910936,0.6281791474007482,442,0,0.0,0.0,308,0,0.3520103550357239,0.5990755526132236,465,79.95415352979899,0.8712493501935604,385.0,372.5554287611017,0.6256407781563615,226,rbio,249.7925925925926,196.0,174.24048813612427,135,0.6645997696604647,0.9500318207572005,0.24977061501051454,3,170.25
bior1.1,1,constant,2.909227556321153e-27,318.6173797078936,1335542.8079082333,0.6714285714285714,333.3773713843218,69,raw,4.3250427394093045e-14,-7.188005746172646e-11,5.177852749498056,15111.808163265307,0.5752597846852022,1.3207638667392622e-05,1.0,323.00000000000006,,,,[],[],16,213.18750000000006,25.0,450.00000000000006,"[3, 8, 15, 19, 22, 27, 30, 35, 38, 43, 46, 51, 55, 58, 61, 65]","[349.00000000000006, 268.0000000000001, 189.00000000000006, 25.0, 450.00000000000006, 204.00000000000006, 45.0, 52.0, 357.00000000000006, 48.99999999999994, 288.00000000000006, 41.99999999999994, 206.00000000000003, 408.0000000000001, 109.00000000000003, 370.00000000000006]","[0, 0, 0, 0, 0, 24, 29, 32, 32, 40, 40, 47, 54, 32, 60, 60]","[5, 9, 16, 20, 32, 32, 32, 36, 54, 45, 54, 54, 56, 67, 62, 67]",6764700.0,460.00000000000006,-460.00000000000006,0.0,,,,DWT,inu.32000013032828,0.0,,0.0,34,6.0,0.0,34,,5.684341886080802e-14,79.31249999999994,486.0000000000009,79.31249999999997,,0.0,79.31249999999994,,,17.0,0.0,34,5.684341886080802e-14,5.684341886080802e-14,,5.684341886080802e-14,0.93086721905886,0.803730803438102,0.000491004200012382,0.7588235294117645,7.373526469097889e-05,,,,,,,0.0,0.0,0.0,493,1.2641901411249556,0.8626899178195506,99,0,0.0,0.0,374,0,0.498797258274686,0.8488876502298995,93,200.83554632252395,0.6765933231521353,264.75,156.51967465377004,0.6251324103683382,227,bior,292.162962962963,301.0,176.53037485058104,135,0.7773306480916924,0.9625172382852065,0.16711337485025335,4,171.25
bior3.5,1,zero,1.2850429818382859e-27,322.1659800926548,1412075.5288821124,0.5625,155.68094229739552,69,raw,2.044097580411304e-14,-6.952605158261375e-11,4.977597876349426,26325.256297607422,0.853524936275722,1.3207638667392627e-05,1.0,322.99999999999994,,,,[],[],16,213.1875,25.0,450.0,"[3, 8, 15, 19, 22, 27, 30, 35, 38, 43, 46, 51, 55, 58, 61, 65]","[348.99999999999994, 268.0, 189.0, 25.0, 450.0, 204.0, 45.0, 52.00000000000006, 357.0, 49.00000000000006, 287.99999999999994, 42.0, 205.99999999999994, 408.0000000000001, 109.0, 370.0]","[0, 0, 0, 0, 0, 24, 29, 32, 32, 40, 40, 47, 54, 32, 60, 60]","[5, 9, 16, 20, 32, 32, 32, 36, 54, 45, 54, 54, 56, 67, 62, 67]",6764700.0,460.0,-460.0,0.0,,,,DWT,inu.32000013032828,0.0,,0.0,34,6.0,0.0,34,,0.0,79.3125,486.0,79.3125,,0.0,79.3125,,,17.0,0.0,34,0.0,0.0,,5.684341886080802e-14,0.9692606434309158,0.7340667163736897,0.0011943876259726473,0.1458333333333332,0.003835927136010852,,,,,,,0.0,0.0,0.0,471,1.0090546422461184,0.6885841283496431,403,0,0.0,0.0,336,0,0.3708382015799845,0.631118083213993,428,56.47713401604818,0.9090545345957356,409.5,403.34083571995063,0.6248171223703316,228,bior,292.162962962963,301.0,176.53037485058104,135,0.7773306480916924,0.9625172382852065,0.16711337485025335,4,172.0
bior2.8,1,constant,3.3433068439940714e-27,318.013394260054,1581944.3962354441,0.5697674418604651,182.4140333989685,69,raw,4.1345349044591366e-14,-7.120759537571101e-11,5.170055568849397,22655.456117032907,0.8462400846812934,1.3207638667392627e-05,1.0,323.0,,,,[],[],16,213.1875,25.000000000000057,450.00000000000006,"[3, 8, 15, 19, 22, 27, 30, 35, 38, 43, 46, 51, 55, 58, 61, 65]","[349.0, 268.0, 188.99999999999994, 25.000000000000057, 450.00000000000006, 203.9999999999999, 45.00000000000006, 52.0, 357.0000000000001, 49.00000000000006, 287.99999999999994, 41.99999999999994, 206.00000000000006, 408.00000000000006, 109.0, 370.0]","[0, 0, 0, 0, 0, 24, 29, 32, 32, 40, 40, 47, 54, 32, 60, 60]","[5, 9, 16, 20, 32, 32, 32, 36, 54, 45, 54, 54, 56, 67, 62, 67]",6764700.0,460.00000000000006,-460.00000000000006,0.0,,,,DWT,inu.32000013032828,0.0,,0.0,34,6.0,0.0,34,,5.684341886080802e-14,79.3125,486.0,79.3125,,0.0,79.3125,,,16.999999999999943,0.0,34,5.684341886080802e-14,5.684341886080802e-14,,0.0,0.9243325104134368,0.8010183427472605,0.002755588434758164,0.18673050615595066,0.0026046829867253066,,,,,,,0.0,0.0,0.0,485,1.032220547496142,0.704392662403369,380,0,0.0,0.0,323,0,0.3834883261476263,0.652646939560327,407,67.3219874929432,0.8915910024268225,398.75,390.3805429921395,0.6247407508108348,229,bior,292.162962962963,301.0,176.53037485058104,135,0.7773306480916924,0.9625172382852065,0.16711337485025335,4,172.75
db2,1,constant,1.9353387541422157e-27,320.3875867014343,1335664.5646301103,0.6388888888888888,304.38510043590554,69,raw,3.0790185216271006e-14,-7.113332145536359e-11,5.192481147789769,16896.776467589225,0.6309520445378116,1.3207638667392622e-05,0.9999999999999999,323.00000000000006,,,,[],[],16,213.18750000000003,25.000000000000057,450.0,"[3, 8, 15, 19, 22, 27, 30, 35, 38, 43, 46, 51, 55, 58, 61, 65]","[349.0000000000001, 268.00000000000006, 189.0, 25.000000000000057, 450.0, 204.0, 44.99999999999994, 52.00000000000006, 357.0, 48.99999999999994, 288.0000000000001, 42.000000000000114, 205.99999999999997, 408.0, 109.0, 370.00000000000006]","[0, 0, 0, 0, 0, 24, 29, 32, 32, 40, 40, 47, 54, 32, 60, 60]","[5, 9, 16, 20, 32, 32, 32, 36, 54, 45, 54, 54, 56, 67, 62, 67]",6764700.0,460.0,-460.0,0.0,,,,DWT,inu.32000013032828,0.0,,0.0,34,6.0,0.0,34,,0.0,79.31249999999997,486.00000000000045,79.31249999999997,,0.0,79.31249999999997,,,16.999999999999943,0.0,34,0.0,0.0,,5.684341886080802e-14,0.9500196456384348,0.8088196883984715,0.0004921232202050234,0.5757080610021783,0.0006726048688161022,,,,,,,0.0,0.0,0.0,403,1.2052199595407969,0.822448359647477,173,0,0.0,0.0,483,0,0.4671424246256212,0.7950152663925871,173,159.2691642053372,0.7435279159334345,308.0,248.2548214443691,0.6237768404143823,230,db,361.0980392156863,403.0,158.96390539935234,153,0.9607397529157442,0.8667375194865046,0.06746091711302768,5,173.75
db1,1,reflect,2.9560561688977508e-27,318.5480298140403,1299673.4782126034,0.6857142857142857,338.0949756963641,69,raw,4.407424505874244e-14,-7.192313411508191e-11,5.205145071748066,16129.40816326531,0.5330427499016247,1.3207638667392622e-05,1.0,323.00000000000006,,,,[],[],16,213.18750000000006,25.0,450.00000000000006,"[3, 8, 15, 19, 22, 27, 30, 35, 38, 43, 46, 51, 55, 58, 61, 65]","[349.00000000000006, 268.0000000000001, 189.00000000000006, 25.0, 450.00000000000006, 204.00000000000006, 45.0, 52.0, 357.00000000000006, 48.99999999999994, 288.00000000000006, 41.99999999999994, 206.00000000000003, 408.0000000000001, 109.00000000000003, 370.00000000000006]","[0, 0, 0, 0, 0, 24, 29, 32, 32, 40, 40, 47, 54, 32, 60, 60]","[5, 9, 16, 20, 32, 32, 32, 36, 54, 45, 54, 54, 56, 67, 62, 67]",6764700.0,460.00000000000006,-460.00000000000006,0.0,,,,DWT,inu.32000013032828,0.0,,0.0,34,6.0,0.0,34,,5.684341886080802e-14,79.31249999999994,486.0000000000009,79.31249999999997,,0.0,79.31249999999994,,,17.0,0.0,34,5.684341886080802e-14,5.684341886080802e-14,,5.684341886080802e-14,0.9301169007315839,0.8132251776998636,0.0001613426946175656,0.8392156862745098,0.0004151473265642852,,,,,,,0.0,0.0,0.0,407,1.3006157340766207,0.8875469316244813,58,0,0.0,0.0,467,0,0.5166268509454279,0.879231283390945,53,221.62637478423005,0.6431137282057486,246.25,98.26166777418835,0.6232879430078663,231,db,361.0980392156863,403.0,158.96390539935234,153,0.9607397529157442,0.8667375194865046,0.06746091711302768,5,174.5
bior3.9,1,antireflect,1.682903264471492e-27,320.99456510497043,2051723.7803634754,0.6022727272727273,235.3560373452208,69,raw,2.9451481511215745e-14,-6.989397949297454e-11,5.154581237832751,52148.75814752803,0.9119759182458527,1.3207638667392627e-05,1.0,322.99999999999994,,,,[],[],16,213.1875,24.999999999999943,450.0,"[3, 8, 15, 19, 22, 27, 30, 35, 38, 43, 46, 51, 55, 58, 61, 65]","[348.9999999999999, 268.0, 189.00000000000006, 24.999999999999943, 450.0, 204.0000000000001, 45.0, 52.0, 357.0, 49.0, 288.0, 42.0, 205.99999999999994, 408.0, 109.0, 370.0]","[0, 0, 0, 0, 0, 24, 29, 32, 32, 40, 40, 47, 54, 32, 60, 60]","[5, 9, 16, 20, 32, 32, 32, 36, 54, 45, 54, 54, 56, 67, 62, 67]",6764700.0,460.0,-460.0,0.0,,,,DWT,inu.32000013032828,0.0,,0.0,34,6.0,0.0,34,,0.0,79.3125,486.0,79.3125,,0.0,79.3125,,,17.000000000000057,0.0,34,0.0,0.0,,5.684341886080802e-14,0.9565867360134765,0.7956351771530475,0.007073153894978202,0.3696524064171123,0.012499896290266444,,,,,,,0.0,0.0,0.0,379,1.1281671282150505,0.7698671073802981,272,0,0.0,0.0,506,0,0.4282894739537762,0.7288926294831481,270,111.77171675637207,0.8200133385565667,356.75,333.4727998739025,0.6227683439964797,232,bior,292.162962962963,301.0,176.53037485058104,135,0.7773306480916924,0.9625172382852065,0.16711337485025335,4,175.0
bior6.8,1,reflect,4.964553918145774e-22,266.29635431597444,1472356.58103858,0.6395348837209303,278.8160557573854,69,raw,1.6959522353304693e-11,-5.999245544829522e-11,5.428021271578794,16894.8657184543,0.6147780768844845,1.3207638667395993e-05,1.0,322.9999999999996,,,,[],[],16,213.1874999999586,25.000000000003013,449.9999999999214,"[3, 8, 15, 19, 22, 27, 30, 35, 38, 43, 46, 51, 55, 58, 61, 65]","[348.99999999991553, 267.9999999999702, 188.99999999996362, 25.000000000003013, 449.9999999999214, 203.99999999993943, 44.99999999997772, 51.99999999999807, 356.99999999993713, 48.99999999998391, 287.99999999994486, 41.99999999998852, 205.9999999999892, 407.9999999998894, 109.000000000001, 369.99999999991456]","[0, 0, 0, 0, 0, 24, 29, 32, 32, 40, 40, 47, 54, 32, 60, 60]","[5, 9, 16, 20, 32, 32, 32, 36, 54, 45, 54, 54, 56, 67, 62, 67]",6764699.999999707,459.9999999999788,-459.9999999999788,0.0,,,,DWT,inu.32000013032828,2.9336661100387573e-07,,0.0,34,6.0,0.0,34,,2.120259523508139e-11,79.31250000004141,485.99999999933743,79.3125000000414,,0.0,79.31250000004141,,,16.999999999996987,0.0,34,7.861444828449748e-11,2.120259523508139e-11,,3.979039320256561e-13,0.3647895789618296,0.890758706574686,0.0017484080821482115,0.5793433652530781,0.0006719637988457042,,,,,,,0.021128177610839093,0.010564088805419546,0.021128177610839093,128,0.8971334363262843,0.6122085161720893,452,0,0.021128177610839093,0.021128177610839093,128,0,0.3674624045341175,0.6253729184714456,436,182.55957931590441,0.7060232217135194,286.0,198.69884680824248,0.6227378588438772,233,bior,292.162962962963,301.0,176.53037485058104,135,0.7773306480916924,0.9625172382852065,0.16711337485025335,4,175.75
db1,1,periodic,2.909227556321153e-27,318.6173797078936,1299600.886727477,0.6857142857142857,338.0949756963641,69,raw,4.3250427394093045e-14,-7.188005746172646e-11,5.205213438284257,16267.57306122449,0.5310597865481934,1.3207638667392622e-05,1.0,323.00000000000006,,,,[],[],16,213.18750000000006,25.0,450.00000000000006,"[3, 8, 15, 19, 22, 27, 30, 35, 38, 43, 46, 51, 55, 58, 61, 65]","[349.00000000000006, 268.0000000000001, 189.00000000000006, 25.0, 450.00000000000006, 204.00000000000006, 45.0, 52.0, 357.00000000000006, 48.99999999999994, 288.00000000000006, 41.99999999999994, 206.00000000000003, 408.0000000000001, 109.00000000000003, 370.00000000000006]","[0, 0, 0, 0, 0, 24, 29, 32, 32, 40, 40, 47, 54, 32, 60, 60]","[5, 9, 16, 20, 32, 32, 32, 36, 54, 45, 54, 54, 56, 67, 62, 67]",6764700.0,460.00000000000006,-460.00000000000006,0.0,,,,DWT,inu.32000013032828,0.0,,0.0,34,6.0,0.0,34,,5.684341886080802e-14,79.31249999999994,486.0000000000009,79.31249999999997,,0.0,79.31249999999994,,,17.0,0.0,34,5.684341886080802e-14,5.684341886080802e-14,,5.684341886080802e-14,0.93086721905886,0.8132489608530755,0.0001606755336065102,0.8392156862745098,0.0004615026358122784,,,,,,,0.0,0.0,0.0,410,1.3010960251927859,0.8878746847765232,54,0,0.0,0.0,471,0,0.5167908088711729,0.8795103183214971,50,225.6846989348931,0.6365785846459049,246.25,92.84903397450108,0.6200203712279444,234,db,361.0980392156863,403.0,158.96390539935234,153,0.9607397529157442,0.8667375194865046,0.06746091711302768,5,176.75
bior3.7,1,antisymmetric,9.762668176613425e-28,323.35947135039015,1567077.0665213712,0.5833333333333334,232.3420123680827,69,raw,1.6424864688947244e-14,-6.953881914739693e-11,5.241420625091034,58600.220241227464,0.8924748709408762,1.3207638667392627e-05,1.0,323.0,,,,[],[],16,213.1875,25.000000000000057,450.00000000000006,"[3, 8, 15, 19, 22, 27, 30, 35, 38, 43, 46, 51, 55, 58, 61, 65]","[348.99999999999994, 268.0, 189.0, 25.000000000000057, 450.00000000000006, 203.99999999999994, 45.0, 52.0, 357.0, 49.0, 288.0, 41.99999999999994, 206.0, 408.0, 109.0, 369.99999999999994]","[0, 0, 0, 0, 0, 24, 29, 32, 32, 40, 40, 47, 54, 32, 60, 60]","[5, 9, 16, 20, 32, 32, 32, 36, 54, 45, 54, 54, 56, 67, 62, 67]",6764700.0,460.00000000000006,-460.00000000000006,0.0,,,,DWT,inu.32000013032828,0.0,,0.0,34,6.0,0.0,34,,5.684341886080802e-14,79.3125,486.0,79.31250000000001,,0.0,79.3125,,,16.999999999999943,0.0,34,5.684341886080802e-14,5.684341886080802e-14,,0.0,0.9821734009618414,0.825844612456483,0.0026189484045058154,0.26307189542483667,0.014664407862109397,,,,,,,0.0,0.0,0.0,422,1.1146303423223776,0.760629534384436,287,0,0.0,0.0,489,0,0.41767465302195533,0.7108275935413059,304,96.59019964088834,0.8444602260211138,375.5,357.5114686020497,0.6198951693712654,235,bior,292.162962962963,301.0,176.53037485058104,135,0.7773306480916924,0.9625172382852065,0.16711337485025335,4,177.25
coif4,1,periodization,7.188946655154004e-27,314.688504023776,1330436.4847439663,0.6142857142857143,295.21888487796645,69,raw,6.641156078071069e-14,-6.870726210195268e-11,5.197725768420123,15111.808163265305,0.5973805912333985,1.3207638667392629e-05,1.0,323.0,,,,[],[],16,213.1875,25.0,449.99999999999994,"[3, 8, 15, 19, 22, 27, 30, 35, 38, 43, 46, 51, 55, 58, 61, 65]","[348.9999999999998, 268.0000000000001, 189.0000000000002, 25.0, 449.99999999999994, 203.99999999999983, 45.0, 52.00000000000023, 357.00000000000006, 49.00000000000017, 287.9999999999999, 41.99999999999983, 205.99999999999994, 408.0000000000001, 109.0, 369.9999999999999]","[0, 0, 0, 0, 0, 24, 29, 32, 32, 40, 40, 47, 54, 32, 60, 60]","[5, 9, 16, 20, 32, 32, 32, 36, 54, 45, 54, 54, 56, 67, 62, 67]",6764700.0,459.9999999999999,-459.9999999999999,0.0,,,,DWT,inu.32000013032828,0.0,,0.0,34,6.0,0.0,34,,1.1368683772161603e-13,79.3125,486.0,79.31249999999999,,0.0,79.3125,,,17.0,0.0,34,5.684341886080802e-14,1.1368683772161603e-13,,0.0,0.8883594765434888,0.8106441718802875,0.00044407390620291145,0.4372549019607844,7.373526469097889e-05,,,,,,,0.0,0.0,0.0,421,1.1134912637095287,0.7598522212232733,288,0,0.0,0.0,490,0,0.4273552719110909,0.7273027398763003,277,103.87492478938312,0.8327295897111383,369.0,347.8731628434015,0.6192633455802068,236,coif,212.88888888888889,210.0,126.92181240687695,45,0.566413539530329,0.6920306630483438,0.39590132341426654,2,177.5
coif1,1,antireflect,1.7392441176146916e-27,320.85155120180264,1465027.1326077364,0.5945945945945946,266.90998463556883,69,raw,2.5025070582601543e-14,-7.03229696696897e-11,5.18173749825468,22956.363727506643,0.6918306800556793,1.3207638667392629e-05,0.9999999999999999,323.00000000000006,,,,[],[],16,213.1875,25.0,450.00000000000006,"[3, 8, 15, 19, 22, 27, 30, 35, 38, 43, 46, 51, 55, 58, 61, 65]","[348.99999999999994, 267.99999999999994, 189.00000000000006, 25.0, 450.00000000000006, 203.99999999999997, 45.0, 52.000000000000114, 357.0, 49.0, 288.0, 42.0, 205.99999999999997, 407.9999999999999, 109.0, 370.0]","[0, 0, 0, 0, 0, 24, 29, 32, 32, 40, 40, 47, 54, 32, 60, 60]","[5, 9, 16, 20, 32, 32, 32, 36, 54, 45, 54, 54, 56, 67, 62, 67]",6764700.0,460.00000000000006,-460.00000000000006,0.0,,,,DWT,inu.32000013032828,0.0,,0.0,34,6.0,0.0,34,,5.684341886080802e-14,79.3125,486.0,79.31250000000001,,0.0,79.3125,,,17.0,0.0,34,5.684341886080802e-14,5.684341886080802e-14,,5.684341886080802e-14,0.955039423586018,0.8050822186189149,0.001681045880960494,0.3264440911499736,0.002705639637398663,,,,,,,0.0,0.0,0.0,370,1.1080651787164972,0.7561494326438949,298,0,0.0,0.0,516,0,0.4181904837746532,0.711705469969674,303,101.61487751964933,0.8363689572952506,371.75,354.0850190746383,0.6188688586798314,237,coif,212.88888888888889,210.0,126.92181240687695,45,0.566413539530329,0.6920306630483438,0.39590132341426654,2,178.25
coif5,1,smooth,4.8054662482045876e-27,316.43780132087215,37638310.01737299,0.5816326530612245,298.3272046377605,69,raw,4.724079420723851e-14,-7.058553741501352e-11,3.547748715029049,1319550.0832856102,0.9971990216478186,1.3207638667392627e-05,1.0,323.0,,,,[],[],16,213.1875,24.99999999999983,450.0000000000001,"[3, 8, 15, 19, 22, 27, 30, 35, 38, 43, 46, 51, 55, 58, 61, 65]","[349.0, 267.99999999999994, 189.00000000000006, 24.99999999999983, 450.0000000000001, 203.99999999999994, 45.00000000000017, 52.0, 356.9999999999999, 49.00000000000006, 287.9999999999999, 42.00000000000017, 205.9999999999999, 408.0, 109.0, 369.9999999999999]","[0, 0, 0, 0, 0, 24, 29, 32, 32, 40, 40, 47, 54, 32, 60, 60]","[5, 9, 16, 20, 32, 32, 32, 36, 54, 45, 54, 54, 56, 67, 62, 67]",6764700.0,460.0000000000001,-460.0000000000001,0.0,,,,DWT,inu.32000013032828,0.0,,0.0,34,6.0,0.0,34,,1.1368683772161603e-13,79.3125,486.0,79.31250000000003,,0.0,79.3125,,,17.00000000000017,0.0,34,1.1368683772161603e-13,1.1368683772161603e-13,,0.0,0.9072856745365667,0.23665491861299626,0.3341360706069209,0.25350140056022386,0.43772208539831586,,,,,,,0.0,0.0,0.0,416,1.1062562937153146,0.7549150401247232,299,0,0.0,0.0,492,0,0.4338600299430047,0.7383729866938651,256,107.95793934059073,0.8261546870521889,365.75,342.2577590359256,0.6185926414326968,238,coif,212.88888888888889,210.0,126.92181240687695,45,0.566413539530329,0.6920306630483438,0.39590132341426654,2,179.0
sym17,1,symmetric,2.3056668975627182e-20,249.6271909891264,1630225.5502034805,0.6568627450980392,316.64043004841267,69,raw,1.133115759032172e-10,,5.726035389427948,16956.095068318755,0.5630800432924576,1.3207638667367868e-05,0.9999999999999999,322.99999999999324,,,,[],[],16,213.18750000028305,25.000000000018076,450.0000000004993,"[3, 8, 15, 19, 22, 27, 30, 35, 38, 43, 46, 51, 55, 58, 61, 65]","[349.0000000006205, 268.00000000020054, 189.0000000002242, 25.000000000018076, 450.0000000004993, 204.0000000003823, 45.00000000015609, 52.00000000004127, 357.00000000038983, 49.000000000116245, 288.0000000003563, 42.00000000007009, 206.00000000009402, 408.0000000008753, 108.99999999997345, 370.00000000051136]","[0, 0, 0, 0, 0, 24, 29, 32, 32, 40, 40, 47, 54, 32, 60, 60]","[5, 9, 16, 20, 32, 32, 32, 36, 54, 45, 54, 54, 56, 67, 62, 67]",6764700.000002041,460.00000000014603,-460.00000000014603,0.0,,,,DWT,inu.32000013032828,2.041459083557129e-06,,0.0,34,6.0,0.0,34,,1.460307430534158e-10,79.31249999971695,486.00000000452883,79.31249999982838,,0.0,79.31249999971695,,,16.999999999981924,0.0,34,4.993125912733376e-10,1.460307430534158e-10,,6.764366844436154e-12,0.18444065483865135,0.9944309974200563,0.003199322344322718,0.6768550557477893,0.000692506682674699,,,,,,,0.1470252867395533,0.07351264336977666,0.1470252867395533,24,0.8804985777575659,0.6008568022923897,457,0,0.1470252867395533,0.1470252867395533,24,0,0.3719237074066989,0.632965472058386,427,241.64298734565696,0.6108808577364622,233.0,45.52519356296811,0.6178397847458479,239,sym,375.8541666666667,399.5,183.40489689834808,144,1.0,1.0,0.0,6,180.75
db16,1,zero,5.11913563654725e-27,316.1631902659985,1312708.1548295624,0.57,110.39445782281997,69,raw,5.226093310119576e-14,-7.055689366097822e-11,5.15323986913017,28265.2108,0.8402519256189895,1.3207638667392627e-05,1.0,323.0000000000001,,,,[],[],16,213.1875,24.999999999999886,450.00000000000006,"[3, 8, 15, 19, 22, 27, 30, 35, 38, 43, 46, 51, 55, 58, 61, 65]","[349.0, 268.0000000000001, 188.99999999999991, 24.999999999999886, 450.00000000000006, 203.99999999999977, 45.00000000000006, 51.999999999999886, 357.00000000000006, 48.99999999999994, 288.0, 42.00000000000006, 206.00000000000006, 407.99999999999994, 109.00000000000017, 369.99999999999994]","[0, 0, 0, 0, 0, 24, 29, 32, 32, 40, 40, 47, 54, 32, 60, 60]","[5, 9, 16, 20, 32, 32, 32, 36, 54, 45, 54, 54, 56, 67, 62, 67]",6764700.0,460.0000000000001,-460.0000000000001,0.0,,,,DWT,inu.32000013032828,0.0,,0.0,34,6.0,0.0,34,,1.1368683772161603e-13,79.3125,486.0,79.31250000000001,,0.0,79.3125,,,17.000000000000114,0.0,34,5.684341886080802e-14,1.1368683772161603e-13,,1.1368683772161603e-13,0.9043145711087762,0.7951685456817986,0.00028113950019893275,0.18803921568627407,0.00448679571561212,,,,,,,0.0,0.0,0.0,492,1.0173239898170188,0.6942271740785184,395,0,0.0,0.0,333,0,0.37845805353853207,0.6440860739494775,417,65.63726075941926,0.8943039279236404,409.25,401.3948296688113,0.6176431072790505,240,db,361.0980392156863,403.0,158.96390539935234,153,0.9607397529157442,0.8667375194865046,0.06746091711302768,5,181.25
sym15,1,periodic,2.306435155926014e-21,259.6257441418231,1571348.7920153178,0.6326530612244898,309.45141182521223,69,raw,3.746063684693712e-11,-4.075517701298215e-11,5.696733895575756,16569.45886212602,0.53701374735971,1.3207638667400128e-05,1.0,323.0000000000017,,,,[],[],16,213.1874999999095,24.99999999999585,449.99999999982975,"[3, 8, 15, 19, 22, 27, 30, 35, 38, 43, 46, 51, 55, 58, 61, 65]","[348.9999999998139, 267.9999999999209, 188.999999999921, 24.99999999999585, 449.99999999982975, 203.99999999987875, 44.99999999994924, 51.9999999999863, 356.99999999986596, 48.99999999996402, 287.9999999998752, 41.999999999977945, 205.9999999999663, 407.99999999979, 109.00000000000193, 369.99999999981543]","[0, 0, 0, 0, 0, 24, 29, 32, 32, 40, 40, 47, 54, 32, 60, 60]","[5, 9, 16, 20, 32, 32, 32, 36, 54, 45, 54, 54, 56, 67, 62, 67]",6764699.999999335,459.99999999995066,-459.99999999995066,0.0,,,,DWT,inu.32000013032828,6.649643182754517e-07,,0.0,34,6.0,0.0,34,,4.934008757118136e-11,79.3125000000905,485.9999999985521,79.31250000009048,,0.0,79.3125000000905,,,17.00000000000415,0.0,34,1.7024603948812e-10,4.934008757118136e-11,,1.7053025658242404e-12,0.2926181481248863,0.9842376783425153,0.0026582082253309427,0.5406162464985995,0.0005627874763547952,,,,,,,0.04789053591790194,0.02394526795895097,0.04789053591790194,100,0.8854904457488366,0.6042632789346797,454,0,0.04789053591790194,0.04789053591790194,100,0,0.3641386137335374,0.6197162615517189,442,200.97761069333072,0.676364556049387,274.0,163.4982971303795,0.6175703617606033,241,sym,375.8541666666667,399.5,183.40489689834808,144,1.0,1.0,0.0,6,182.25
coif2,1,constant,3.594096015253899e-27,317.6992598838152,1436719.2209162842,0.5875,222.10840155759163,69,raw,4.077897440014487e-14,-7.047828987083473e-11,5.1799599334751605,20148.896875000006,0.76396912157983,1.3207638667392624e-05,1.0,323.0000000000001,,,,[],[],16,213.18750000000003,24.99999999999983,450.0,"[3, 8, 15, 19, 22, 27, 30, 35, 38, 43, 46, 51, 55, 58, 61, 65]","[349.00000000000006, 268.0, 189.0000000000001, 24.99999999999983, 450.0, 204.0, 45.000000000000114, 52.00000000000017, 357.0000000000001, 48.99999999999994, 288.00000000000006, 42.00000000000006, 206.0, 408.0, 109.0, 369.9999999999999]","[0, 0, 0, 0, 0, 24, 29, 32, 32, 40, 40, 47, 54, 32, 60, 60]","[5, 9, 16, 20, 32, 32, 32, 36, 54, 45, 54, 54, 56, 67, 62, 67]",6764700.0,460.0,-460.0,0.0,,,,DWT,inu.32000013032828,0.0,,0.0,34,6.0,0.0,34,,0.0,79.31249999999997,486.00000000000045,79.31249999999997,,0.0,79.31249999999997,,,17.00000000000017,0.0,34,0.0,0.0,,1.1368683772161603e-13,0.9209337917330865,0.8044638445158728,0.0014208785217716044,0.28651960784313724,0.0017637144735275468,,,,,,,0.0,0.0,0.0,368,1.0708159654853402,0.7307303760828032,331,0,0.0,0.0,519,0,0.40302036741747915,0.685887917417964,343,87.20617332888003,0.8595713795026086,390.25,378.0441946426402,0.615574739670789,242,coif,212.88888888888889,210.0,126.92181240687695,45,0.566413539530329,0.6920306630483438,0.39590132341426654,2,182.0
db1,1,zero,2.909227556321153e-27,318.6173797078936,1299600.886727477,0.6857142857142857,338.0949756963641,69,raw,4.3250427394093045e-14,-7.188005746172646e-11,5.205213438284257,16267.57306122449,0.5310597865481934,1.3207638667392622e-05,1.0,323.00000000000006,,,,[],[],16,213.18750000000006,25.0,450.00000000000006,"[3, 8, 15, 19, 22, 27, 30, 35, 38, 43, 46, 51, 55, 58, 61, 65]","[349.00000000000006, 268.0000000000001, 189.00000000000006, 25.0, 450.00000000000006, 204.00000000000006, 45.0, 52.0, 357.00000000000006, 48.99999999999994, 288.00000000000006, 41.99999999999994, 206.00000000000003, 408.0000000000001, 109.00000000000003, 370.00000000000006]","[0, 0, 0, 0, 0, 24, 29, 32, 32, 40, 40, 47, 54, 32, 60, 60]","[5, 9, 16, 20, 32, 32, 32, 36, 54, 45, 54, 54, 56, 67, 62, 67]",6764700.0,460.00000000000006,-460.00000000000006,0.0,,,,DWT,inu.32000013032828,0.0,,0.0,34,6.0,0.0,34,,5.684341886080802e-14,79.31249999999994,486.0000000000009,79.31249999999997,,0.0,79.31249999999994,,,17.0,0.0,34,5.684341886080802e-14,5.684341886080802e-14,,5.684341886080802e-14,0.93086721905886,0.8132489608530755,0.0001606755336065102,0.8392156862745098,0.0004615026358122784,,,,,,,0.0,0.0,0.0,413,1.3010960251927859,0.8878746847765232,47,0,0.0,0.0,478,0,0.5167908088711729,0.8795103183214971,45,232.174323874684,0.6261283029393172,245.75,83.31220035683941,0.6151978068641836,243,db,361.0980392156863,403.0,158.96390539935234,153,0.9607397529157442,0.8667375194865046,0.06746091711302768,5,183.5
rbio1.1,1,constant,2.909227556321153e-27,318.6173797078936,1335542.8079082333,0.6714285714285714,333.3773713843218,69,raw,4.3250427394093045e-14,-7.188005746172646e-11,5.177852749498056,15111.808163265307,0.5752597846852022,1.3207638667392622e-05,1.0,323.00000000000006,,,,[],[],16,213.18750000000006,25.0,450.00000000000006,"[3, 8, 15, 19, 22, 27, 30, 35, 38, 43, 46, 51, 55, 58, 61, 65]","[349.00000000000006, 268.0000000000001, 189.00000000000006, 25.0, 450.00000000000006, 204.00000000000006, 45.0, 52.0, 357.00000000000006, 48.99999999999994, 288.00000000000006, 41.99999999999994, 206.00000000000003, 408.0000000000001, 109.00000000000003, 370.00000000000006]","[0, 0, 0, 0, 0, 24, 29, 32, 32, 40, 40, 47, 54, 32, 60, 60]","[5, 9, 16, 20, 32, 32, 32, 36, 54, 45, 54, 54, 56, 67, 62, 67]",6764700.0,460.00000000000006,-460.00000000000006,0.0,,,,DWT,inu.32000013032828,0.0,,0.0,34,6.0,0.0,34,,5.684341886080802e-14,79.31249999999994,486.0000000000009,79.31249999999997,,0.0,79.31249999999994,,,17.0,0.0,34,5.684341886080802e-14,5.684341886080802e-14,,5.684341886080802e-14,0.93086721905886,0.803730803438102,0.000491004200012382,0.7588235294117645,7.373526469097889e-05,,,,,,,0.0,0.0,0.0,527,1.2641901411249556,0.8626899178195506,103,0,0.0,0.0,351,0,0.498797258274686,0.8488876502298995,95,209.06139449134713,0.6633471908351898,269.0,160.11791269221118,0.6150874440488349,244,rbio,249.7925925925926,196.0,174.24048813612427,135,0.6645997696604647,0.9500318207572005,0.24977061501051454,3,183.75
rbio3.9,1,periodic,1.2672993278541844e-27,322.22636458833307,1480376.9386565594,0.7045454545454546,373.3243919887108,69,raw,2.1625213697046535e-14,-6.907374672238145e-11,5.736394077488871,21282.948361109215,0.6832946818314393,1.3207638667392627e-05,1.0,322.99999999999994,,,,[],[],16,213.1875,25.000000000000057,450.0,"[3, 8, 15, 19, 22, 27, 30, 35, 38, 43, 46, 51, 55, 58, 61, 65]","[349.0, 268.0, 189.0, 25.000000000000057, 450.0, 203.99999999999994, 45.0, 52.0, 357.0, 49.000000000000114, 287.99999999999994, 41.99999999999994, 206.00000000000006, 407.99999999999994, 109.0, 370.0]","[0, 0, 0, 0, 0, 24, 29, 32, 32, 40, 40, 47, 54, 32, 60, 60]","[5, 9, 16, 20, 32, 32, 32, 36, 54, 45, 54, 54, 56, 67, 62, 67]",6764700.0,460.0,-460.0,0.0,,,,DWT,inu.32000013032828,0.0,,0.0,34,6.0,0.0,34,,0.0,79.3125,486.0,79.3125,,0.0,79.3125,,,16.999999999999943,0.0,34,0.0,0.0,,5.684341886080802e-14,0.9699139622937619,0.9980345479134998,0.0018221201695661708,0.9451871657754013,0.0021441968400203047,,,,,,,0.0,0.0,0.0,316,1.4608092564639588,0.9968638232596118,2,0,0.0,0.0,541,0,0.58342039859845,0.9929051594539688,2,262.81473195643605,0.5767878712456747,215.25,3.9800480755239707,0.615084756878876,245,rbio,249.7925925925926,196.0,174.24048813612427,135,0.6645997696604647,0.9500318207572005,0.24977061501051454,3,184.5
sym8,1,reflect,1.2360136037363703e-21,262.3349241267902,1437930.7180607845,0.6428571428571429,290.3531974339866,69,raw,2.63530002972613e-11,-2.1966206631928784e-11,5.398405602160868,16941.927789150577,0.6017118399874269,1.3207638667395537e-05,1.0,322.9999999999794,,,,[],[],16,213.18749999999724,25.00000000007509,449.9999999999747,"[3, 8, 15, 19, 22, 27, 30, 35, 38, 43, 46, 51, 55, 58, 61, 65]","[349.00000000001364, 268.0000000000285, 188.99999999996686, 25.00000000007509, 449.9999999999747, 203.9999999999784, 45.00000000003922, 52.00000000008225, 356.99999999994327, 49.000000000018986, 288.0000000000086, 41.99999999998107, 206.00000000004854, 407.9999999998977, 108.99999999994819, 369.999999999951]","[0, 0, 0, 0, 0, 24, 29, 32, 32, 40, 40, 47, 54, 32, 60, 60]","[5, 9, 16, 20, 32, 32, 32, 36, 54, 45, 54, 54, 56, 67, 62, 67]",6764699.999999782,460.000000000013,-460.000000000013,0.0,,,,DWT,inu.32000013032828,2.1792948246002197e-07,,0.0,34,6.0,0.0,34,,1.3017142919125035e-11,79.31250000000276,485.9999999999559,79.31250000000276,,0.0,79.31250000000276,,,16.99999999992491,0.0,34,2.5295321393059567e-11,1.3017142919125035e-11,,2.05773176276125e-11,0.32192961901064543,0.8804560930084734,0.0014320129359306217,0.5980392156862747,0.0006877534594121771,,,,,,,0.01569521765376618,0.00784760882688309,0.01569521765376618,146,0.8735926120368641,0.5961441354187537,460,0,0.01569521765376618,0.01569521765376618,146,0,0.3605089388201473,0.6135390299065735,449,178.16916119239042,0.7130931381765049,300.25,220.9979589368883,0.6147993871236792,246,sym,375.8541666666667,399.5,183.40489689834808,144,1.0,1.0,0.0,6,186.0
bior2.2,1,smooth,7.616966514412274e-28,324.437336170041,2130971.045654205,0.5675675675675675,210.98174839966902,69,raw,1.4519786339445527e-14,-6.914058214846388e-11,4.553026198918337,44894.39627465302,0.9102341659560672,1.3207638667392627e-05,1.0,323.0,,,,[],[],16,213.1875,25.000000000000057,450.00000000000006,"[3, 8, 15, 19, 22, 27, 30, 35, 38, 43, 46, 51, 55, 58, 61, 65]","[348.99999999999994, 268.0, 189.0, 25.000000000000057, 450.00000000000006, 204.0, 45.00000000000006, 52.0, 356.9999999999999, 49.0, 288.0, 42.00000000000006, 205.99999999999997, 408.00000000000006, 109.00000000000003, 370.0]","[0, 0, 0, 0, 0, 24, 29, 32, 32, 40, 40, 47, 54, 32, 60, 60]","[5, 9, 16, 20, 32, 32, 32, 36, 54, 45, 54, 54, 56, 67, 62, 67]",6764700.0,460.00000000000006,-460.00000000000006,0.0,,,,DWT,inu.32000013032828,0.0,,0.0,34,6.0,0.0,34,,5.684341886080802e-14,79.3125,486.0,79.3125,,0.0,79.3125,,,16.999999999999943,0.0,34,5.684341886080802e-14,5.684341886080802e-14,,0.0,0.9938351596693803,0.5863679471173204,0.007801485675801729,0.17435082140964464,0.010066006112796571,,,,,,,0.0,0.0,0.0,443,0.9671525432071657,0.659989918348754,424,0,0.0,0.0,301,0,0.3544842839969888,0.6032858559136627,459,71.93689364065331,0.8841595915609448,406.75,395.38446822716503,0.6145838215453677,247,bior,292.162962962963,301.0,176.53037485058104,135,0.7773306480916924,0.9625172382852065,0.16711337485025335,4,186.25
db11,1,constant,3.4565369658101425e-27,317.86874457573157,1377150.1953402578,0.5777777777777777,187.45967624723306,69,raw,3.604202282841089e-14,-6.90821844173686e-11,5.22007135838276,25719.5119368752,0.8219819727093624,1.3207638667392627e-05,1.0,323.0,,,,[],[],16,213.1875,25.00000000000017,450.0,"[3, 8, 15, 19, 22, 27, 30, 35, 38, 43, 46, 51, 55, 58, 61, 65]","[349.0000000000002, 268.0, 189.00000000000009, 25.00000000000017, 450.0, 204.0, 45.00000000000006, 52.0, 357.0, 49.00000000000006, 287.99999999999994, 41.999999999999886, 206.00000000000003, 408.00000000000006, 109.0, 370.0]","[0, 0, 0, 0, 0, 24, 29, 32, 32, 40, 40, 47, 54, 32, 60, 60]","[5, 9, 16, 20, 32, 32, 32, 36, 54, 45, 54, 54, 56, 67, 62, 67]",6764700.0,460.0,-460.0,0.0,,,,DWT,inu.32000013032828,0.0,,0.0,34,6.0,0.0,34,,0.0,79.3125,486.0,79.31249999999997,,0.0,79.3125,,,16.99999999999983,0.0,34,0.0,0.0,,0.0,0.9227674999548562,0.8184176911968806,0.0008734020338380226,0.23180827886710198,0.0036326955802269334,,,,,,,0.0,0.0,0.0,520,1.0574824363672046,0.7216315065654906,349,0,0.0,0.0,294,0,0.39549991352658076,0.6730890891842461,365,96.89513231667867,0.8439691911164595,382.0,365.98220953375534,0.6144161575550091,248,db,361.0980392156863,403.0,158.96390539935234,153,0.9607397529157442,0.8667375194865046,0.06746091711302768,5,187.25
sym9,1,smooth,1.0873914811541454e-25,302.89129737035364,24145808.66949699,0.6395348837209303,309.94042291762196,69,raw,2.645999361645764e-13,-6.441658317868376e-11,2.8674656207709375,623475.8686703711,0.9924970338042051,1.3207638667392622e-05,1.0,322.9999999999997,,,,[],[],16,213.18750000000034,25.000000000000398,450.0000000000004,"[3, 8, 15, 19, 22, 27, 30, 35, 38, 43, 46, 51, 55, 58, 61, 65]","[349.0000000000007, 268.0000000000003, 188.99999999999994, 25.000000000000398, 450.0000000000004, 204.0000000000005, 45.0000000000004, 52.00000000000057, 357.0000000000001, 49.0000000000004, 288.00000000000034, 42.00000000000006, 206.00000000000026, 408.0000000000003, 108.99999999999929, 370.0000000000013]","[0, 0, 0, 0, 0, 24, 29, 32, 32, 40, 40, 47, 54, 32, 60, 60]","[5, 9, 16, 20, 32, 32, 32, 36, 54, 45, 54, 54, 56, 67, 62, 67]",6764699.999999999,460.0000000000001,-460.0000000000001,0.0,,,,DWT,inu.32000013032828,9.313225746154785e-10,,0.0,34,6.0,0.0,34,,1.1368683772161603e-13,79.31249999999966,486.00000000000546,79.31249999999974,,0.0,79.31249999999966,,,16.999999999999602,0.0,34,3.979039320256561e-13,1.1368683772161603e-13,,2.8421709430404007e-13,0.7607217849638104,0.0,0.21013157028239146,0.5793433652530781,0.20418421901797992,,,,,,,6.70735797169495e-05,3.353678985847475e-05,6.70735797169495e-05,269,0.8749098898279051,0.5970430526245842,459,0,6.70735797169495e-05,6.70735797169495e-05,239,0,0.350876187903452,0.5971453485956384,466,121.03270907761532,0.8051003074434536,358.25,327.16773410666315,0.6141040989713242,249,sym,375.8541666666667,399.5,183.40489689834808,144,1.0,1.0,0.0,6,188.25
sym13,1,smooth,2.128027535902028e-22,269.975384200912,49904978.17949327,0.6170212765957447,301.3288181778354,69,raw,9.359135045061535e-12,,3.0326754768178086,1383905.3990304207,0.9969340162012007,1.3207638667394609e-05,1.0,322.9999999999995,,,,[],[],16,213.18749999997794,25.000000000001535,449.99999999996214,"[3, 8, 15, 19, 22, 27, 30, 35, 38, 43, 46, 51, 55, 58, 61, 65]","[348.99999999995424, 267.9999999999811, 188.9999999999815, 25.000000000001535, 449.99999999996214, 203.9999999999742, 44.99999999999005, 51.999999999998806, 356.9999999999693, 48.99999999999363, 287.9999999999722, 41.99999999999511, 205.9999999999936, 407.99999999990274, 108.99999999999639, 369.9999999999801]","[0, 0, 0, 0, 0, 24, 29, 32, 32, 40, 40, 47, 54, 32, 60, 60]","[5, 9, 16, 20, 32, 32, 32, 36, 54, 45, 54, 54, 56, 67, 62, 67]",6764699.999999918,459.9999999999897,-459.9999999999897,0.0,,,,DWT,inu.32000013032828,8.195638656616211e-08,,0.0,34,6.0,0.0,34,,1.028865881380625e-11,79.31250000002206,485.9999999996471,79.31250000002208,,0.0,79.31250000002206,,,16.999999999998465,0.0,34,3.785771696129814e-11,1.028865881380625e-11,,5.115907697472721e-13,0.4045941611448377,0.05747272770239209,0.4468743996143882,0.4526491447642886,0.45931375308792216,,,,,,,0.005902475015091556,0.002951237507545778,0.005902475015091556,164,0.859715219486177,0.5866741306705371,473,0,0.005902475015091556,0.005902475015091556,164,0,0.3641808372627658,0.619788120472185,440,169.41148131103748,0.7271956822688608,310.25,241.22521962217212,0.6137991293791969,250,sym,375.8541666666667,399.5,183.40489689834808,144,1.0,1.0,0.0,6,189.0
sym10,1,antireflect,8.276615616112374e-24,284.0766287726877,1891069.7276968025,0.5909090909090909,301.464269255688,69,raw,2.0259993360910356e-12,-6.338329860967192e-11,5.376295524171522,46038.7269287471,0.8439490158969788,1.3207638667392165e-05,1.0,322.99999999999966,,,,[],[],16,213.18750000000546,25.00000000000091,450.0000000000091,"[3, 8, 15, 19, 22, 27, 30, 35, 38, 43, 46, 51, 55, 58, 61, 65]","[349.00000000001154, 268.0000000000041, 189.00000000000412, 25.00000000000091, 450.0000000000091, 204.00000000000688, 45.000000000002956, 52.000000000001364, 357.00000000000693, 49.000000000002274, 288.0000000000068, 42.00000000000114, 206.00000000000213, 408.000000000019, 108.9999999999992, 370.00000000000904]","[0, 0, 0, 0, 0, 24, 29, 32, 32, 40, 40, 47, 54, 32, 60, 60]","[5, 9, 16, 20, 32, 32, 32, 36, 54, 45, 54, 54, 56, 67, 62, 67]",6764700.000000032,460.0000000000028,-460.0000000000028,0.0,,,,DWT,inu.32000013032828,3.166496753692627e-08,,0.0,34,6.0,0.0,34,,2.7853275241795927e-12,79.31249999999454,486.0000000000873,79.3124999999967,,0.0,79.31249999999454,,,16.99999999999909,0.0,34,9.094947017729282e-12,2.7853275241795927e-12,,3.410605131648481e-13,0.5571599640859762,0.8727645029171424,0.005596642978847923,0.30570409982174696,0.010449937213503218,,,,,,,0.002280501710376283,0.0011402508551881414,0.002280501710376283,185,0.899938166213681,0.6141224784134901,450,0,0.002280501710376283,0.002280501710376283,185,0,0.3503350294034434,0.5962243676562821,467,158.05774261326144,0.7454786753409639,321.75,263.6025392197578,0.6136813666559893,251,sym,375.8541666666667,399.5,183.40489689834808,144,1.0,1.0,0.0,6,189.75
db11,1,periodic,3.599949591825974e-27,317.6921924374728,1505197.548811385,0.6444444444444445,300.19006795617923,69,raw,4.242660972944365e-14,-6.888045689379421e-11,5.560458700274046,17004.700202143405,0.5419322675168449,1.3207638667392627e-05,0.9999999999999999,323.0,,,,[],[],16,213.1875,25.000000000000114,450.0,"[3, 8, 15, 19, 22, 27, 30, 35, 38, 43, 46, 51, 55, 58, 61, 65]","[349.0000000000001, 267.9999999999999, 189.0, 25.000000000000114, 450.0, 204.0, 45.00000000000006, 52.0, 356.99999999999994, 49.00000000000006, 287.99999999999994, 41.999999999999886, 206.00000000000006, 408.0000000000001, 109.00000000000006, 369.9999999999999]","[0, 0, 0, 0, 0, 24, 29, 32, 32, 40, 40, 47, 54, 32, 60, 60]","[5, 9, 16, 20, 32, 32, 32, 36, 54, 45, 54, 54, 56, 67, 62, 67]",6764700.0,460.0,-460.0,0.0,,,,DWT,inu.32000013032828,0.0,,0.0,34,6.0,0.0,34,,0.0,79.3125,486.0,79.3125,,0.0,79.3125,,,16.999999999999886,0.0,34,0.0,0.0,,0.0,0.9208573268068533,0.9368306568755671,0.002050237053207142,0.606971677559913,0.0007088140519324641,,,,,,,0.0,0.0,0.0,518,1.2650270396932373,0.8632610217489419,97,0,0.0,0.0,372,0,0.49348374246949456,0.8398447417705983,115,204.728275200732,0.6703248386461642,275.5,169.3221709815114,0.6133427735903929,252,db,361.0980392156863,403.0,158.96390539935234,153,0.9607397529157442,0.8667375194865046,0.06746091711302768,5,190.25
coif2,1,smooth,3.3864769712131225e-27,317.95767536708547,4890534.54373812,0.6,286.3700490129059,69,raw,3.815305559407494e-14,-7.047673555860027e-11,3.8435360862684753,154795.64248046873,0.9704623188258922,1.3207638667392624e-05,1.0,323.0000000000001,,,,[],[],16,213.1875,24.99999999999983,450.0,"[3, 8, 15, 19, 22, 27, 30, 35, 38, 43, 46, 51, 55, 58, 61, 65]","[349.0, 268.00000000000006, 189.0000000000001, 24.99999999999983, 450.0, 204.0, 45.000000000000114, 52.00000000000017, 357.0000000000001, 48.99999999999994, 288.00000000000006, 42.00000000000006, 206.0, 408.0, 109.00000000000003, 369.99999999999983]","[0, 0, 0, 0, 0, 24, 29, 32, 32, 40, 40, 47, 54, 32, 60, 60]","[5, 9, 16, 20, 32, 32, 32, 36, 54, 45, 54, 54, 56, 67, 62, 67]",6764700.0,460.0,-460.0,0.0,,,,DWT,inu.32000013032828,0.0,,0.0,34,6.0,0.0,34,,0.0,79.3125,486.0,79.3125,,0.0,79.3125,,,17.00000000000017,0.0,34,0.0,0.0,,1.1368683772161603e-13,0.9237296701746576,0.33955257527717814,0.03316359488526835,0.35686274509803895,0.04693865850034888,,,,,,,0.0,0.0,0.0,365,0.902116448625373,0.6156089496440426,448,0,0.0,0.0,300,0,0.34004944878709836,0.5787196556398999,481,81.81483158124,0.8682530892411594,398.5,385.2004338169221,0.6132730824627697,253,coif,212.88888888888889,210.0,126.92181240687695,45,0.566413539530329,0.6920306630483438,0.39590132341426654,2,190.25
sym14,1,smooth,1.5321654412703919e-21,261.40210000970274,58400617.3626368,0.6041666666666666,289.980878191414,69,raw,2.6094321550561396e-11,,3.089641965507662,1639071.323131329,0.9973913127066331,1.3207638667398023e-05,0.9999999999999999,323.00000000000006,,,,[],[],16,213.1874999999366,25.000000000000057,449.9999999998928,"[3, 8, 15, 19, 22, 27, 30, 35, 38, 43, 46, 51, 55, 58, 61, 65]","[348.9999999998678, 267.99999999995015, 188.9999999999494, 25.000000000000057, 449.9999999998928, 203.999999999924, 44.999999999969134, 51.99999999999312, 356.99999999991473, 48.999999999978684, 287.9999999999213, 41.999999999986414, 205.99999999998022, 407.99999999973795, 108.99999999999801, 369.999999999922]","[0, 0, 0, 0, 0, 24, 29, 32, 32, 40, 40, 47, 54, 32, 60, 60]","[5, 9, 16, 20, 32, 32, 32, 36, 54, 45, 54, 54, 56, 67, 62, 67]",6764699.99999973,459.9999999999695,-459.9999999999695,0.0,,,,DWT,inu.32000013032828,2.7008354663848877e-07,,0.0,34,6.0,0.0,34,,3.0524915928253904e-11,79.31250000006341,485.99999999898546,79.31250000006338,,0.0,79.31250000006341,,,16.999999999999943,0.0,34,1.0720668797148392e-10,3.0524915928253904e-11,,5.684341886080802e-14,0.3118371013110969,0.07729006530544935,0.5249546209670471,0.3803104575163395,0.5449237415579479,,,,,,,0.019451338117915353,0.009725669058957677,0.019451338117915353,135,0.8583182835526213,0.5857208543345533,475,0,0.019451338117915353,0.019451338117915353,135,0,0.3678631973315762,0.6260550153563414,435,185.47236990991408,0.7013327376651948,295.0,208.1281477336318,0.6131462400081207,254,sym,375.8541666666667,399.5,183.40489689834808,144,1.0,1.0,0.0,6,192.0
sym16,1,antisymmetric,4.686327611366204e-20,246.54683017421627,1621613.7952336275,0.66,311.8274764957923,69,raw,1.6278863603329754e-10,,5.6968739216506,77314.24187138939,0.886286345769342,1.3207638667424708e-05,1.0,323.0000000000128,,,,[],[],16,213.18749999960454,24.999999999959186,449.99999999923784,"[3, 8, 15, 19, 22, 27, 30, 35, 38, 43, 46, 51, 55, 58, 61, 65]","[348.9999999990897, 267.9999999996385, 188.9999999996537, 24.999999999959186, 449.99999999923784, 203.99999999945317, 44.9999999997558, 51.99999999991161, 356.9999999994143, 48.999999999831005, 287.99999999943344, 41.999999999907004, 205.99999999983424, 407.9999999994292, 109.00000000002473, 369.99999999909903]","[0, 0, 0, 0, 0, 24, 29, 32, 32, 40, 40, 47, 54, 32, 60, 60]","[5, 9, 16, 20, 32, 32, 32, 36, 54, 45, 54, 54, 56, 67, 62, 67]",6764699.999996496,459.9999999997726,-459.9999999997726,0.0,,,,DWT,inu.32000013032828,3.50363552570343e-06,,0.0,34,6.0,0.0,34,,2.2737367544323206e-10,79.31250000039546,485.99999999367265,79.31250000039547,,0.0,79.31250000039546,,,17.000000000040814,0.0,34,7.621565600857139e-10,2.2737367544323206e-10,,1.2789769243681803e-11,0.15111326173635553,0.9842863902091274,0.0031201749464888824,0.6945098039215687,0.020943095667430942,,,,,,,0.252330806895164,0.126165403447582,0.252330806895164,10,0.8705523994552212,0.5940694785638303,463,0,0.252330806895164,0.252330806895164,10,0,0.37079454529619427,0.6310437859327838,430,252.37323550646173,0.5936018751908829,228.25,19.561297929306573,0.6130247701236218,255,sym,375.8541666666667,399.5,183.40489689834808,144,1.0,1.0,0.0,6,192.75
db11,1,antireflect,3.644034340384412e-27,317.63933202370316,1662839.7202252552,0.6222222222222222,311.58956968492043,69,raw,4.103641742034782e-14,-6.901434979056399e-11,5.538197431576084,68590.92264005911,0.8883085471229766,1.3207638667392624e-05,1.0,323.0,,,,[],[],16,213.1875,25.000000000000114,450.0,"[3, 8, 15, 19, 22, 27, 30, 35, 38, 43, 46, 51, 55, 58, 61, 65]","[349.0000000000001, 268.0, 189.00000000000006, 25.000000000000114, 450.0, 204.0, 45.00000000000006, 52.0, 357.0, 49.00000000000006, 287.99999999999994, 41.999999999999886, 206.00000000000006, 408.0000000000001, 109.00000000000003, 370.0]","[0, 0, 0, 0, 0, 24, 29, 32, 32, 40, 40, 47, 54, 32, 60, 60]","[5, 9, 16, 20, 32, 32, 32, 36, 54, 45, 54, 54, 56, 67, 62, 67]",6764700.0,460.0,-460.0,0.0,,,,DWT,inu.32000013032828,0.0,,0.0,34,6.0,0.0,34,,0.0,79.3125,486.0,79.31249999999997,,0.0,79.3125,,,16.999999999999886,0.0,34,0.0,0.0,,0.0,0.9202854133541426,0.9290864709970635,0.003499066902635182,0.48191721132897597,0.018016359813315848,,,,,,,0.0,0.0,0.0,513,1.2184374454192517,0.831468040655366,163,0,0.0,0.0,389,0,0.4705609044792267,0.8008330716875138,166,172.98819805601383,0.7214360739838747,307.75,239.82141645141058,0.6129322076843688,256,db,361.0980392156863,403.0,158.96390539935234,153,0.9607397529157442,0.8667375194865046,0.06746091711302768,5,193.25
rbio6.8,1,antisymmetric,5.08448738207413e-22,266.1926848945911,1467838.7117305284,0.627906976744186,301.6330462282059,69,raw,1.690664355695501e-11,,5.44278049837182,58010.031692489414,0.8522221146184679,1.32076386673958e-05,1.0,322.9999999999997,,,,[],[],16,213.18749999996083,25.000000000003013,449.9999999999216,"[3, 8, 15, 19, 22, 27, 30, 35, 38, 43, 46, 51, 55, 58, 61, 65]","[348.99999999991087, 267.99999999997016, 188.99999999996348, 25.000000000003013, 449.9999999999216, 203.99999999993943, 44.99999999997772, 51.99999999999818, 356.99999999993713, 48.99999999998374, 287.99999999994486, 41.99999999998852, 205.99999999998923, 407.99999999993844, 109.00000000000094, 369.999999999906]","[0, 0, 0, 0, 0, 24, 29, 32, 32, 40, 40, 47, 54, 32, 60, 60]","[5, 9, 16, 20, 32, 32, 32, 36, 54, 45, 54, 54, 56, 67, 62, 67]",6764699.999999658,459.999999999979,-459.999999999979,0.0,,,,DWT,inu.32000013032828,3.417953848838806e-07,,0.0,34,6.0,0.0,34,,2.0975221559638157e-11,79.31250000003917,485.99999999937336,79.31250000003918,,0.0,79.31250000003917,,,16.999999999996987,0.0,34,7.838707460905425e-11,2.0975221559638157e-11,,2.8421709430404007e-13,0.3636679468652235,0.8958931037763442,0.001706886046194169,0.5139078887368901,0.014466395392260075,,,,,,,0.024616003756120462,0.012308001878060231,0.024616003756120462,118,0.8783504766820633,0.5993909269623984,458,0,0.024616003756120462,0.024616003756120462,118,0,0.35792844416338243,0.6091473657398759,453,194.8664072298421,0.6862054633979998,286.75,187.44086087365966,0.6122251149518179,257,rbio,249.7925925925926,196.0,174.24048813612427,135,0.6645997696604647,0.9500318207572005,0.24977061501051454,3,193.5
db16,1,symmetric,5.641567345604922e-27,315.74115886510344,1757949.6614519989,0.64,321.3949843652376,69,raw,5.607108980019921e-14,-7.100231513845785e-11,5.687743822787748,16904.77571912669,0.5814009324528623,1.3207638667392627e-05,1.0,323.0000000000001,,,,[],[],16,213.1875,24.99999999999983,450.0,"[3, 8, 15, 19, 22, 27, 30, 35, 38, 43, 46, 51, 55, 58, 61, 65]","[349.0, 268.0, 189.00000000000006, 24.99999999999983, 450.0, 203.99999999999983, 45.0, 51.999999999999886, 357.00000000000006, 48.99999999999994, 288.0, 42.000000000000114, 206.00000000000003, 407.9999999999999, 109.00000000000014, 370.0]","[0, 0, 0, 0, 0, 24, 29, 32, 32, 40, 40, 47, 54, 32, 60, 60]","[5, 9, 16, 20, 32, 32, 32, 36, 54, 45, 54, 54, 56, 67, 62, 67]",6764700.0,460.00000000000006,-460.00000000000006,0.0,,,,DWT,inu.32000013032828,0.0,,0.0,34,6.0,0.0,34,,5.684341886080802e-14,79.3125,486.0,79.31250000000003,,0.0,79.3125,,,17.00000000000017,0.0,34,0.0,5.684341886080802e-14,,1.1368683772161603e-13,0.8997484805615064,0.9811102377785379,0.004373186566115842,0.5819607843137256,0.0006752886747917793,,,,,,,0.0,0.0,0.0,523,1.2656452297046377,0.8636828778232641,92,0,0.0,0.0,367,0,0.49357359557893554,0.8399976600027536,114,207.66479399904708,0.6655961449290707,274.0,164.75593326748535,0.6121861562004451,258,db,361.0980392156863,403.0,158.96390539935234,153,0.9607397529157442,0.8667375194865046,0.06746091711302768,5,194.75
coif3,1,periodization,5.92993677359944e-27,315.52465600525574,1343402.5627633068,0.6,282.26932587504723,69,raw,6.045046381539895e-14,-7.08854086539648e-11,5.147559035301909,15111.808163265307,0.5973191244189915,1.3207638667392622e-05,1.0,323.0,,,,[],[],16,213.18750000000006,25.00000000000017,449.99999999999994,"[3, 8, 15, 19, 22, 27, 30, 35, 38, 43, 46, 51, 55, 58, 61, 65]","[348.99999999999994, 268.0000000000001, 189.00000000000009, 25.00000000000017, 449.99999999999994, 204.00000000000003, 44.99999999999994, 52.00000000000017, 357.0000000000001, 49.00000000000006, 288.00000000000006, 41.999999999999886, 206.00000000000003, 407.99999999999983, 109.00000000000017, 370.0000000000001]","[0, 0, 0, 0, 0, 24, 29, 32, 32, 40, 40, 47, 54, 32, 60, 60]","[5, 9, 16, 20, 32, 32, 32, 36, 54, 45, 54, 54, 56, 67, 62, 67]",6764700.0,459.99999999999994,-459.99999999999994,0.0,,,,DWT,inu.32000013032828,0.0,,0.0,34,6.0,0.0,34,,5.684341886080802e-14,79.31249999999994,486.0000000000009,79.31249999999994,,0.0,79.31249999999994,,,16.99999999999983,0.0,34,5.684341886080802e-14,5.684341886080802e-14,,0.0,0.8974060679834116,0.7931923136121966,0.0005632402478990933,0.35686274509803895,7.373526469097889e-05,,,,,,,0.0,0.0,0.0,390,1.0780960098651868,0.7356983161762007,324,0,0.0,0.0,520,0,0.4096196204412475,0.697118982344015,331,90.7941811645071,0.8537935891070739,391.25,377.54557948398536,0.6118806914939556,259,coif,212.88888888888889,210.0,126.92181240687695,45,0.566413539530329,0.6920306630483438,0.39590132341426654,2,194.75
rbio2.6,1,zero,1.2446167186373945e-27,322.3048003290206,1300132.8262828684,0.573170731707317,203.20097739890485,69,raw,2.337582623442649e-14,-7.04561964326447e-11,5.1881819867135555,23691.079148092278,0.738009618090759,1.3207638667392627e-05,1.0,323.00000000000006,,,,[],[],16,213.1875,25.0,450.0,"[3, 8, 15, 19, 22, 27, 30, 35, 38, 43, 46, 51, 55, 58, 61, 65]","[349.0, 268.00000000000006, 189.0, 25.0, 450.0, 204.0, 45.0, 52.00000000000006, 357.0, 48.99999999999994, 288.00000000000006, 42.0, 206.00000000000006, 408.0, 109.00000000000006, 370.0000000000001]","[0, 0, 0, 0, 0, 24, 29, 32, 32, 40, 40, 47, 54, 32, 60, 60]","[5, 9, 16, 20, 32, 32, 32, 36, 54, 45, 54, 54, 56, 67, 62, 67]",6764700.0,460.0,-460.0,0.0,,,,DWT,inu.32000013032828,0.0,,0.0,34,6.0,0.0,34,,0.0,79.3125,486.0,79.31249999999997,,0.0,79.3125,,,17.0,0.0,34,0.0,0.0,,5.684341886080802e-14,0.97076258325742,0.8073241086564745,0.00016556438979917969,0.20588235294117607,0.0029521419041363336,,,,,,,0.0,0.0,0.0,294,1.0697361844157136,0.7299935278730946,334,0,0.0,0.0,529,0,0.39741735022980124,0.6763523154960577,357,103.65487607118796,0.8330839354731273,378.5,360.7877105859329,0.611791565160074,260,rbio,249.7925925925926,196.0,174.24048813612427,135,0.6645997696604647,0.9500318207572005,0.24977061501051454,3,195.75
rbio2.2,1,antisymmetric,8.848046837226745e-28,323.78668250454143,1324774.9798772128,0.5945945945945946,280.82850113073954,69,raw,1.7454636769758978e-14,-6.967981747152433e-11,5.234174939386831,27209.3311723886,0.6690487889635116,1.3207638667392627e-05,1.0,323.0,,,,[],[],16,213.1875,25.0,449.99999999999994,"[3, 8, 15, 19, 22, 27, 30, 35, 38, 43, 46, 51, 55, 58, 61, 65]","[349.0, 268.00000000000006, 188.99999999999994, 25.0, 449.99999999999994, 203.99999999999994, 45.00000000000006, 52.0, 357.0, 49.0, 288.00000000000006, 42.0, 205.99999999999997, 408.0000000000001, 108.99999999999997, 370.0]","[0, 0, 0, 0, 0, 24, 29, 32, 32, 40, 40, 47, 54, 32, 60, 60]","[5, 9, 16, 20, 32, 32, 32, 36, 54, 45, 54, 54, 56, 67, 62, 67]",6764700.0,459.99999999999994,-459.99999999999994,0.0,,,,DWT,inu.32000013032828,0.0,,0.0,34,6.0,0.0,34,,5.684341886080802e-14,79.3125,486.0,79.3125,,0.0,79.3125,,,17.0,0.0,34,5.684341886080802e-14,5.684341886080802e-14,,0.0,0.9867955328897534,0.8233240042345581,0.00039204114637686385,0.3264440911499736,0.004132540565501247,,,,,,,0.0,0.0,0.0,290,1.1361659951105092,0.7753255756915224,260,0,0.0,0.0,551,0,0.4282176419972326,0.7287703808945881,271,139.21925154230647,0.77581440975474,343.0,312.5159031222644,0.6117397330577243,261,rbio,249.7925925925926,196.0,174.24048813612427,135,0.6645997696604647,0.9500318207572005,0.24977061501051454,3,196.5
rbio2.6,1,constant,1.2797381780698432e-27,322.18394537035965,1464056.335077631,0.573170731707317,249.37166300317637,69,raw,2.3787735066751194e-14,-7.055267481348463e-11,5.289298111307739,20000.127521399158,0.6921366078582288,1.3207638667392627e-05,1.0,323.00000000000006,,,,[],[],16,213.1875,25.0,450.0,"[3, 8, 15, 19, 22, 27, 30, 35, 38, 43, 46, 51, 55, 58, 61, 65]","[349.0, 268.00000000000006, 189.0, 25.0, 450.0, 204.0, 45.0, 52.00000000000006, 357.0, 48.99999999999994, 288.00000000000006, 42.0, 206.00000000000006, 408.0, 109.00000000000006, 370.0]","[0, 0, 0, 0, 0, 24, 29, 32, 32, 40, 40, 47, 54, 32, 60, 60]","[5, 9, 16, 20, 32, 32, 32, 36, 54, 45, 54, 54, 56, 67, 62, 67]",6764700.0,460.0,-460.0,0.0,,,,DWT,inu.32000013032828,0.0,,0.0,34,6.0,0.0,34,,0.0,79.3125,486.0,79.31249999999999,,0.0,79.3125,,,17.0,0.0,34,0.0,0.0,,5.684341886080802e-14,0.9694550154244053,0.842500094122341,0.0016721236463404507,0.20588235294117607,0.001713801293735463,,,,,,,0.0,0.0,0.0,293,1.0867975798329486,0.7416363127134221,319,0,0.0,0.0,536,0,0.4042446774855996,0.687971532914317,339,111.10768050259472,0.82108264009244,371.75,352.01073948846147,0.6112257000784261,262,rbio,249.7925925925926,196.0,174.24048813612427,135,0.6645997696604647,0.9500318207572005,0.24977061501051454,3,197.25
db11,1,zero,3.678972875548983e-27,317.59789077500716,1302619.387459864,0.5777777777777777,181.45908767935668,69,raw,3.974920231933314e-14,-6.92315094141807e-11,5.193151633641283,26543.840493827163,0.8056908250943968,1.3207638667392627e-05,1.0,323.0,,,,[],[],16,213.18750000000003,25.00000000000017,450.0,"[3, 8, 15, 19, 22, 27, 30, 35, 38, 43, 46, 51, 55, 58, 61, 65]","[349.0000000000002, 268.0, 189.00000000000009, 25.00000000000017, 450.0, 204.0, 45.00000000000006, 52.0, 356.99999999999994, 49.00000000000006, 287.99999999999994, 41.999999999999886, 206.0, 408.0000000000001, 109.00000000000011, 370.0]","[0, 0, 0, 0, 0, 24, 29, 32, 32, 40, 40, 47, 54, 32, 60, 60]","[5, 9, 16, 20, 32, 32, 32, 36, 54, 45, 54, 54, 56, 67, 62, 67]",6764700.0,460.0,-460.0,0.0,,,,DWT,inu.32000013032828,0.0,,0.0,34,6.0,0.0,34,,0.0,79.31249999999997,486.00000000000045,79.31249999999997,,0.0,79.31249999999997,,,16.99999999999983,0.0,34,0.0,0.0,,0.0,0.919837047442183,0.8090529350805667,0.00018841743745355295,0.23180827886710198,0.003909263693719481,,,,,,,0.0,0.0,0.0,521,1.0508099217486486,0.7170781479363769,362,0,0.0,0.0,295,0,0.3929591885042049,0.6687651077301677,373,95.28684764086455,0.8465590215122955,387.75,372.0026217152483,0.6110814431232975,263,db,361.0980392156863,403.0,158.96390539935234,153,0.9607397529157442,0.8667375194865046,0.06746091711302768,5,198.5
sym16,1,periodic,4.6210247903521414e-20,246.60777364984185,1612837.4223551264,0.66,298.43724815953595,69,raw,1.6710255723423405e-10,1.0188283546199038e-10,5.721242614254114,17085.26385147347,0.5342871738035433,1.3207638667425475e-05,1.0,323.0000000000128,,,,[],[],16,213.18749999959022,24.999999999959243,449.99999999923784,"[3, 8, 15, 19, 22, 27, 30, 35, 38, 43, 46, 51, 55, 58, 61, 65]","[348.99999999914667, 267.99999999963677, 188.9999999996537, 24.999999999959243, 449.99999999923784, 203.99999999945317, 44.9999999997558, 51.99999999991161, 356.9999999994143, 48.999999999831005, 287.9999999994334, 41.999999999907004, 205.99999999983444, 407.9999999990647, 109.00000000002336, 369.9999999991803]","[0, 0, 0, 0, 0, 24, 29, 32, 32, 40, 40, 47, 54, 32, 60, 60]","[5, 9, 16, 20, 32, 32, 32, 36, 54, 45, 54, 54, 56, 67, 62, 67]",6764699.999997027,459.9999999997726,-459.9999999997726,0.0,,,,DWT,inu.32000013032828,2.9727816581726074e-06,,0.0,34,6.0,0.0,34,,2.2737367544323206e-10,79.31250000040978,485.99999999344345,79.3125000004098,,0.0,79.31250000040978,,,17.000000000040757,0.0,34,7.621565600857139e-10,2.2737367544323206e-10,,1.2789769243681803e-11,0.15177262837917294,0.9927637006310173,0.0030395146074308757,0.6945098039215687,0.0007358437312070473,,,,,,,0.2140988664565028,0.1070494332282514,0.2140988664565028,14,0.8670634437078382,0.5916885970420779,465,0,0.2140988664565028,0.2140988664565028,14,0,0.3685642982540794,0.627248197365273,434,251.75434455039698,0.594598478984868,231.75,27.15328467153285,0.6107050365938833,264,sym,375.8541666666667,399.5,183.40489689834808,144,1.0,1.0,0.0,6,199.5
sym2,1,periodic,5.055173090229451e-21,256.2177963284373,1311181.287671756,0.6666666666666666,318.6489707738399,69,raw,5.4145004100248926e-11,-6.277056652639233e-11,5.2603310550565805,15853.923605023398,0.5233679332704108,1.320763866740176e-05,1.0,323.00000000001097,,,,[],[],16,213.18749999986508,24.999999999962938,449.9999999997601,"[3, 8, 15, 19, 22, 27, 30, 35, 38, 43, 46, 51, 55, 58, 61, 65]","[348.9999999996913, 267.99999999989046, 188.99999999989956, 24.999999999962938, 449.9999999997601, 203.99999999981867, 44.99999999990905, 51.999999999950944, 356.9999999998258, 48.9999999999348, 287.9999999998204, 41.99999999997107, 205.99999999993514, 407.9999999996976, 109.00000000003732, 369.99999999973625]","[0, 0, 0, 0, 0, 24, 29, 32, 32, 40, 40, 47, 54, 32, 60, 60]","[5, 9, 16, 20, 32, 32, 32, 36, 54, 45, 54, 54, 56, 67, 62, 67]",6764699.999999116,459.99999999992167,-459.99999999992167,0.0,,,,DWT,inu.32000013032828,8.838251233100891e-07,,0.0,34,6.0,0.0,34,,7.833023119019344e-11,79.31250000013492,485.9999999978413,79.3125000001349,,0.0,79.31250000013492,,,17.000000000037062,0.0,34,2.398792275926098e-10,7.833023119019344e-11,,1.0970779840135947e-11,0.2557464881884738,0.8324231182318084,0.0002671066389759449,0.7320261437908494,0.0003227202913405941,,,,,,,0.06365282715138507,0.03182641357569253,0.06365282715138507,80,0.8627325509813525,0.5887331733532233,469,0,0.06365282715138507,0.06365282715138507,80,0,0.3641571154282896,0.6197477490146568,441,216.80790268499592,0.6508729425362385,267.5,136.0554868046162,0.6100580493679582,265,sym,375.8541666666667,399.5,183.40489689834808,144,1.0,1.0,0.0,6,200.25
sym17,1,antisymmetric,2.069333987995422e-20,250.09685072437662,1631409.2975473923,0.6470588235294118,303.8518920886485,69,raw,1.0738474843640725e-10,-8.059519718426252e-10,5.721880589529803,78015.90568005029,0.8898593984655948,1.3207638667373083e-05,1.0,322.99999999999324,,,,[],[],16,213.18750000025727,25.000000000018133,450.00000000049926,"[3, 8, 15, 19, 22, 27, 30, 35, 38, 43, 46, 51, 55, 58, 61, 65]","[349.00000000061266, 268.00000000020066, 189.00000000022413, 25.000000000018133, 450.00000000049926, 204.00000000038224, 45.00000000015609, 52.00000000004127, 357.0000000003897, 49.000000000116245, 288.0000000003563, 42.00000000007009, 206.00000000009385, 408.00000000040257, 108.99999999996436, 370.00000000058856]","[0, 0, 0, 0, 0, 24, 29, 32, 32, 40, 40, 47, 54, 32, 60, 60]","[5, 9, 16, 20, 32, 32, 32, 36, 54, 45, 54, 54, 56, 67, 62, 67]",6764700.000002137,460.000000000146,-460.000000000146,0.0,,,,DWT,inu.32000013032828,2.137385308742523e-06,,0.0,34,6.0,0.0,34,,1.4597389963455498e-10,79.31249999974273,486.0000000041164,79.31249999983052,,0.0,79.31249999974273,,,16.999999999981867,0.0,34,4.992557478544768e-10,1.4597389963455498e-10,,6.764366844436154e-12,0.18952205132481625,0.9929856376278641,0.00321020172051158,0.621683967704729,0.021178508882502476,,,,,,,0.15393386545039908,0.07696693272519954,0.15393386545039908,22,0.8689561411039701,0.5929801835748391,464,0,0.15393386545039908,0.15393386545039908,22,0,0.3657160734520847,0.6224008915323281,438,247.9106021667219,0.6007880802468246,236.5,41.95186578717734,0.6099753605742979,266,sym,375.8541666666667,399.5,183.40489689834808,144,1.0,1.0,0.0,6,201.0
db14,1,constant,4.346463529033382e-27,316.8737962353079,1407684.1957890515,0.5625,140.53734478196844,69,raw,4.6391232240568836e-14,-7.014955283324324e-11,5.166443383804712,27172.114993761694,0.8545217736466353,1.3207638667392629e-05,0.9999999999999999,323.00000000000006,,,,[],[],16,213.18749999999997,24.999999999999886,450.00000000000017,"[3, 8, 15, 19, 22, 27, 30, 35, 38, 43, 46, 51, 55, 58, 61, 65]","[348.9999999999999, 268.0, 188.99999999999986, 24.999999999999886, 450.00000000000017, 204.0, 45.00000000000006, 52.0, 357.0, 48.99999999999977, 288.0000000000001, 42.00000000000006, 206.0, 407.9999999999999, 109.0, 369.99999999999994]","[0, 0, 0, 0, 0, 24, 29, 32, 32, 40, 40, 47, 54, 32, 60, 60]","[5, 9, 16, 20, 32, 32, 32, 36, 54, 45, 54, 54, 56, 67, 62, 67]",6764700.0,460.0000000000001,-460.0000000000001,0.0,,,,DWT,inu.32000013032828,0.0,,0.0,34,6.0,0.0,34,,1.1368683772161603e-13,79.31250000000003,485.99999999999955,79.31250000000006,,0.0,79.31250000000003,,,17.000000000000114,0.0,34,1.7053025658242404e-13,1.1368683772161603e-13,,5.684341886080802e-14,0.9120028407314061,0.7997617462435689,0.001154028536733104,0.1458333333333332,0.0041200542719870385,,,,,,,0.0,0.0,0.0,502,1.0076409468711227,0.6876194152837813,404,0,0.0,0.0,337,0,0.3725744006234057,0.6340728667494903,425,67.96567761255186,0.890554464392026,417.0,408.68122187418567,0.6095284399254817,267,db,361.0980392156863,403.0,158.96390539935234,153,0.9607397529157442,0.8667375194865046,0.06746091711302768,5,201.5
rbio6.8,1,symmetric,5.587001482832326e-22,265.7833687673794,1466568.3608881645,0.627906976744186,301.6330462282059,69,raw,1.7826487468140095e-11,-4.121947228040816e-11,5.456120568416826,17566.42824059384,0.5899986321738508,1.3207638667396666e-05,1.0,322.9999999999997,,,,[],[],16,213.187499999957,25.000000000003013,449.9999999999216,"[3, 8, 15, 19, 22, 27, 30, 35, 38, 43, 46, 51, 55, 58, 61, 65]","[348.9999999999069, 267.99999999997027, 188.99999999996348, 25.000000000003013, 449.9999999999216, 203.99999999993943, 44.99999999997772, 51.99999999999818, 356.99999999993713, 48.99999999998374, 287.99999999994486, 41.99999999998852, 205.9999999999892, 407.9999999998649, 108.99999999999642, 369.9999999999263]","[0, 0, 0, 0, 0, 24, 29, 32, 32, 40, 40, 47, 54, 32, 60, 60]","[5, 9, 16, 20, 32, 32, 32, 36, 54, 45, 54, 54, 56, 67, 62, 67]",6764699.99999968,459.999999999979,-459.999999999979,0.0,,,,DWT,inu.32000013032828,3.203749656677246e-07,,0.0,34,6.0,0.0,34,,2.0975221559638157e-11,79.312500000043,485.99999999931197,79.31250000004303,,0.0,79.312500000043,,,16.999999999996987,0.0,34,7.838707460905425e-11,2.0975221559638157e-11,,2.8421709430404007e-13,0.35923942686566246,0.900533808826108,0.0016952107298549212,0.5139078887368901,0.0008972778174782675,,,,,,,0.023073311422630624,0.011536655711315312,0.023073311422630624,123,0.8725802325191262,0.5954532823781008,462,0,0.023073311422630624,0.023073311422630624,123,0,0.35525472259519875,0.6045970415716253,456,194.0051545706969,0.6875923436864784,291.0,194.0085576631515,0.6094966549350266,268,rbio,249.7925925925926,196.0,174.24048813612427,135,0.6645997696604647,0.9500318207572005,0.24977061501051454,3,201.75
rbio2.2,1,constant,8.725487577748931e-28,323.8472595880248,1369473.9642206659,0.581081081081081,280.82850113073954,69,raw,1.69912393333937e-14,-6.96639412822722e-11,5.214423246858715,17331.32446128561,0.6075617593600465,1.3207638667392627e-05,1.0,323.0,,,,[],[],16,213.1875,25.0,449.99999999999994,"[3, 8, 15, 19, 22, 27, 30, 35, 38, 43, 46, 51, 55, 58, 61, 65]","[349.0, 268.00000000000006, 188.99999999999994, 25.0, 449.99999999999994, 203.99999999999994, 45.00000000000006, 52.0, 357.0, 49.0, 288.00000000000006, 42.0, 205.99999999999997, 408.00000000000006, 108.99999999999997, 370.0]","[0, 0, 0, 0, 0, 24, 29, 32, 32, 40, 40, 47, 54, 32, 60, 60]","[5, 9, 16, 20, 32, 32, 32, 36, 54, 45, 54, 54, 56, 67, 62, 67]",6764700.0,459.99999999999994,-459.99999999999994,0.0,,,,DWT,inu.32000013032828,0.0,,0.0,34,6.0,0.0,34,,5.684341886080802e-14,79.3125,486.0,79.3125,,0.0,79.3125,,,17.0,0.0,34,5.684341886080802e-14,5.684341886080802e-14,,0.0,0.9874509354206743,0.8164528424679882,0.0008028526835123727,0.2503974562798088,0.0008183988217551656,,,,,,,0.0,0.0,0.0,271,1.1015847508687806,0.7517271550247961,309,0,0.0,0.0,543,0,0.41118449713474786,0.6997821976628801,327,122.57650672131263,0.8026143208996577,362.5,338.2375678883629,0.6094392055383957,269,rbio,249.7925925925926,196.0,174.24048813612427,135,0.6645997696604647,0.9500318207572005,0.24977061501051454,3,202.5
db13,1,zero,3.231905964856774e-27,318.1605694725625,1321446.0405843302,0.574468085106383,138.18650324032288,69,raw,3.799858978195318e-14,-6.986433653821703e-11,5.11916475757778,27395.191036668177,0.837468992089644,1.3207638667392624e-05,1.0,323.0,,,,[],[],16,213.18750000000003,24.999999999999943,450.00000000000006,"[3, 8, 15, 19, 22, 27, 30, 35, 38, 43, 46, 51, 55, 58, 61, 65]","[349.0000000000001, 268.0, 189.00000000000006, 24.999999999999943, 450.00000000000006, 204.0000000000001, 45.000000000000114, 52.00000000000006, 357.0, 49.000000000000114, 288.0, 42.00000000000006, 206.0, 408.0, 109.00000000000006, 370.00000000000006]","[0, 0, 0, 0, 0, 24, 29, 32, 32, 40, 40, 47, 54, 32, 60, 60]","[5, 9, 16, 20, 32, 32, 32, 36, 54, 45, 54, 54, 56, 67, 62, 67]",6764700.0,460.0000000000001,-460.0000000000001,0.0,,,,DWT,inu.32000013032828,0.0,,0.0,34,6.0,0.0,34,,1.1368683772161603e-13,79.31249999999997,486.00000000000045,79.31249999999997,,0.0,79.31249999999997,,,17.000000000000057,0.0,34,5.684341886080802e-14,1.1368683772161603e-13,,0.0,0.9259248453562924,0.7833145942618328,0.00036144611859207287,0.21318314559866516,0.004194897876314123,,,,,,,0.0,0.0,0.0,512,1.0343441447939794,0.7058418162282224,377,0,0.0,0.0,286,0,0.3853957858423393,0.655893186309465,397,92.88343949990943,0.8504292439614984,393.0,376.6109505850369,0.6087895012078024,270,db,361.0980392156863,403.0,158.96390539935234,153,0.9607397529157442,0.8667375194865046,0.06746091711302768,5,203.75
sym10,1,periodization,7.979006857831529e-24,284.23566825020595,1330077.2332768464,0.6,290.9879228383149,69,raw,2.1448856396142147e-12,,5.199129664796435,15111.808163265594,0.5930239463848769,1.3207638667392198e-05,1.0,322.9999999999997,,,,[],[],16,213.18750000000517,25.00000000000091,450.0000000000091,"[3, 8, 15, 19, 22, 27, 30, 35, 38, 43, 46, 51, 55, 58, 61, 65]","[349.00000000001097, 268.0000000000043, 189.00000000000415, 25.00000000000091, 450.0000000000091, 204.00000000000676, 45.000000000003126, 52.00000000000108, 357.0000000000068, 49.000000000002046, 288.0000000000067, 42.00000000000108, 206.00000000000196, 408.0000000000152, 108.99999999999923, 370.00000000000955]","[0, 0, 0, 0, 0, 24, 29, 32, 32, 40, 40, 47, 54, 32, 60, 60]","[5, 9, 16, 20, 32, 32, 32, 36, 54, 45, 54, 54, 56, 67, 62, 67]",6764700.000000035,460.00000000000273,-460.00000000000273,0.0,,,,DWT,inu.32000013032828,3.5390257835388184e-08,,0.0,34,6.0,0.0,34,,2.7284841053187847e-12,79.31249999999483,486.00000000008276,79.31249999999679,,0.0,79.31249999999483,,,16.99999999999909,0.0,34,9.094947017729282e-12,2.7284841053187847e-12,,2.8421709430404007e-13,0.5588806622458733,0.8111325552981341,0.00044077216121712567,0.35686274509803895,7.37352646910756e-05,,,,,,,0.002548796029244081,0.0012743980146220405,0.002548796029244081,182,0.8838896532222916,0.6031708898009198,455,0,0.002548796029244081,0.002548796029244081,182,0,0.3454780940135909,0.5879584993059396,473,162.97852619286996,0.7375547082240419,323.0,261.4211964773762,0.6087129418736956,271,sym,375.8541666666667,399.5,183.40489689834808,144,1.0,1.0,0.0,6,204.75
db16,1,periodic,5.789187229781932e-27,315.6289806792551,1678645.7874626927,0.62,313.16035646743813,69,raw,5.80791453577821e-14,-7.145861680157877e-11,5.684750456220795,15824.28603704647,0.5661971085941055,1.3207638667392627e-05,1.0,323.0000000000001,,,,[],[],16,213.1875,24.99999999999983,450.0,"[3, 8, 15, 19, 22, 27, 30, 35, 38, 43, 46, 51, 55, 58, 61, 65]","[349.0000000000001, 268.00000000000017, 188.99999999999986, 24.99999999999983, 450.0, 203.99999999999983, 45.0, 51.999999999999886, 357.00000000000006, 48.999999999999886, 288.0000000000001, 42.00000000000006, 206.0000000000001, 407.9999999999999, 109.00000000000009, 370.00000000000006]","[0, 0, 0, 0, 0, 24, 29, 32, 32, 40, 40, 47, 54, 32, 60, 60]","[5, 9, 16, 20, 32, 32, 32, 36, 54, 45, 54, 54, 56, 67, 62, 67]",6764700.0,460.00000000000006,-460.00000000000006,0.0,,,,DWT,inu.32000013032828,0.0,,0.0,34,6.0,0.0,34,,5.684341886080802e-14,79.3125,486.0,79.3125,,0.0,79.3125,,,17.00000000000017,0.0,34,0.0,5.684341886080802e-14,,1.1368683772161603e-13,0.8985347894642902,0.9800689140601324,0.0036443345160553503,0.46941176470588225,0.00031277667578250316,,,,,,,0.0,0.0,0.0,524,1.2188673145193338,0.8317613855617683,161,0,0.0,0.0,386,0,0.4703945158844285,0.8005499000763628,169,176.6861624462991,0.7154812198932381,310.0,240.56662472101956,0.6081431864361521,272,db,361.0980392156863,403.0,158.96390539935234,153,0.9607397529157442,0.8667375194865046,0.06746091711302768,5,205.25
rbio1.1,1,symmetric,2.909227556321153e-27,318.6173797078936,1335542.8079082333,0.6714285714285714,333.3773713843218,69,raw,4.3250427394093045e-14,-7.188005746172646e-11,5.177852749498056,15111.808163265307,0.5752597846852022,1.3207638667392622e-05,1.0,323.00000000000006,,,,[],[],16,213.18750000000006,25.0,450.00000000000006,"[3, 8, 15, 19, 22, 27, 30, 35, 38, 43, 46, 51, 55, 58, 61, 65]","[349.00000000000006, 268.0000000000001, 189.00000000000006, 25.0, 450.00000000000006, 204.00000000000006, 45.0, 52.0, 357.00000000000006, 48.99999999999994, 288.00000000000006, 41.99999999999994, 206.00000000000003, 408.0000000000001, 109.00000000000003, 370.00000000000006]","[0, 0, 0, 0, 0, 24, 29, 32, 32, 40, 40, 47, 54, 32, 60, 60]","[5, 9, 16, 20, 32, 32, 32, 36, 54, 45, 54, 54, 56, 67, 62, 67]",6764700.0,460.00000000000006,-460.00000000000006,0.0,,,,DWT,inu.32000013032828,0.0,,0.0,34,6.0,0.0,34,,5.684341886080802e-14,79.31249999999994,486.0000000000009,79.31249999999997,,0.0,79.31249999999994,,,17.0,0.0,34,5.684341886080802e-14,5.684341886080802e-14,,5.684341886080802e-14,0.93086721905886,0.803730803438102,0.000491004200012382,0.7588235294117645,7.373526469097889e-05,,,,,,,0.0,0.0,0.0,526,1.2641901411249556,0.8626899178195506,100,0,0.0,0.0,375,0,0.498797258274686,0.8488876502298995,94,213.21409428084252,0.6566600736218318,273.75,158.69171236672452,0.6079194087915922,273,rbio,249.7925925925926,196.0,174.24048813612427,135,0.6645997696604647,0.9500318207572005,0.24977061501051454,3,205.5
rbio1.3,1,periodization,2.313901362743761e-27,319.61170821508495,1335566.4394749356,0.6714285714285714,332.19797030631116,69,raw,4.144844380730214e-14,-7.18298753810134e-11,5.167615530765606,14918.234948979592,0.582724131905343,1.3207638667392624e-05,0.9999999999999999,323.00000000000006,,,,[],[],16,213.18750000000003,25.0,450.00000000000006,"[3, 8, 15, 19, 22, 27, 30, 35, 38, 43, 46, 51, 55, 58, 61, 65]","[349.00000000000006, 268.0, 189.0, 25.0, 450.00000000000006, 204.00000000000006, 45.0, 52.0, 357.00000000000006, 48.99999999999994, 288.00000000000006, 41.99999999999994, 206.00000000000003, 408.00000000000006, 109.00000000000006, 370.00000000000006]","[0, 0, 0, 0, 0, 24, 29, 32, 32, 40, 40, 47, 54, 32, 60, 60]","[5, 9, 16, 20, 32, 32, 32, 36, 54, 45, 54, 54, 56, 67, 62, 67]",6764700.0,460.00000000000006,-460.00000000000006,0.0,,,,DWT,inu.32000013032828,0.0,,0.0,34,6.0,0.0,34,,5.684341886080802e-14,79.31249999999997,486.00000000000045,79.31249999999999,,0.0,79.31249999999997,,,17.0,0.0,34,5.684341886080802e-14,5.684341886080802e-14,,5.684341886080802e-14,0.941625172111497,0.8001695093439227,0.0004912213888452945,0.7588235294117645,8.790069906458066e-06,,,,,,,0.0,0.0,0.0,532,1.2688383964259504,0.8658619113774588,88,0,0.0,0.0,364,0,0.5002236444651873,0.8513151728385107,82,220.52890966945807,0.6448809828189082,266.5,141.91588418292773,0.607867222488359,274,rbio,249.7925925925926,196.0,174.24048813612427,135,0.6645997696604647,0.9500318207572005,0.24977061501051454,3,206.25
bior2.6,1,symmetric,1.4408944580697763e-27,321.6688349237328,1509900.899936766,0.5975609756097561,229.19694282672117,69,raw,2.6310676664739942e-14,-7.032496807113401e-11,5.2383686820986055,19124.794671771786,0.749416006943982,1.3207638667392627e-05,1.0,323.0,,,,[],[],16,213.1875,25.0,450.0,"[3, 8, 15, 19, 22, 27, 30, 35, 38, 43, 46, 51, 55, 58, 61, 65]","[349.0, 268.0, 189.0, 25.0, 450.0, 204.0, 45.0, 52.0, 357.0, 49.00000000000006, 288.0, 42.00000000000006, 205.99999999999994, 408.0000000000001, 109.00000000000006, 369.99999999999994]","[0, 0, 0, 0, 0, 24, 29, 32, 32, 40, 40, 47, 54, 32, 60, 60]","[5, 9, 16, 20, 32, 32, 32, 36, 54, 45, 54, 54, 56, 67, 62, 67]",6764700.0,460.0,-460.0,0.0,,,,DWT,inu.32000013032828,0.0,,0.0,34,6.0,0.0,34,,0.0,79.3125,486.0,79.3125,,0.0,79.3125,,,17.0,0.0,34,0.0,0.0,,0.0,0.9638818733876878,0.8247829113403142,0.0020934637827153433,0.3431372549019605,0.0014201208760696651,,,,,,,0.0,0.0,0.0,427,1.1295902619053395,0.7708382612015334,269,0,0.0,0.0,508,0,0.4270631248577495,0.7268055438281696,279,116.58008692168086,0.8122703914304656,370.75,344.4675041880628,0.607624728726505,275,bior,292.162962962963,301.0,176.53037485058104,135,0.7773306480916924,0.9625172382852065,0.16711337485025335,4,207.25
rbio2.2,1,reflect,8.255372209304178e-28,324.0877900432246,1335105.6732063028,0.6081081081081081,307.03741397541893,69,raw,1.611593306470372e-14,-6.962086462891674e-11,5.272813758325034,16197.222858838568,0.5192371297373402,1.3207638667392627e-05,1.0,323.0,,,,[],[],16,213.1875,25.0,449.99999999999994,"[3, 8, 15, 19, 22, 27, 30, 35, 38, 43, 46, 51, 55, 58, 61, 65]","[349.0, 268.00000000000006, 188.99999999999994, 25.0, 449.99999999999994, 203.99999999999994, 45.00000000000006, 52.0, 357.0, 49.0, 288.00000000000006, 42.0, 205.99999999999997, 408.00000000000006, 108.99999999999997, 370.0]","[0, 0, 0, 0, 0, 24, 29, 32, 32, 40, 40, 47, 54, 32, 60, 60]","[5, 9, 16, 20, 32, 32, 32, 36, 54, 45, 54, 54, 56, 67, 62, 67]",6764700.0,459.99999999999994,-459.99999999999994,0.0,,,,DWT,inu.32000013032828,0.0,,0.0,34,6.0,0.0,34,,5.684341886080802e-14,79.3125,486.0,79.3125,,0.0,79.3125,,,17.0,0.0,34,5.684341886080802e-14,5.684341886080802e-14,,0.0,0.9900533101148057,0.8367655650028658,0.00048698665953639535,0.4024907260201377,0.0004378996408734206,,,,,,,0.0,0.0,0.0,298,1.173829712164489,0.8010274918140157,218,0,0.0,0.0,562,0,0.4460468974876438,0.7591134402188414,229,160.7801293692725,0.7410947997274195,326.75,283.90878162829273,0.6074636639538868,276,rbio,249.7925925925926,196.0,174.24048813612427,135,0.6645997696604647,0.9500318207572005,0.24977061501051454,3,207.75
bior3.9,1,zero,1.4692477195907634e-27,321.58420638041656,1407295.1347841576,0.5909090909090909,135.7621685354392,69,raw,2.5950256436455825e-14,-6.96129820454419e-11,4.9790141754187065,28769.762578480473,0.8779619492233662,1.3207638667392627e-05,1.0,322.99999999999994,,,,[],[],16,213.1875,24.999999999999943,450.0,"[3, 8, 15, 19, 22, 27, 30, 35, 38, 43, 46, 51, 55, 58, 61, 65]","[348.99999999999994, 268.0, 189.00000000000006, 24.999999999999943, 450.0, 204.0000000000001, 45.0, 52.0, 357.0, 49.0, 288.0, 42.0, 205.99999999999994, 408.00000000000006, 109.0, 369.9999999999999]","[0, 0, 0, 0, 0, 24, 29, 32, 32, 40, 40, 47, 54, 32, 60, 60]","[5, 9, 16, 20, 32, 32, 32, 36, 54, 45, 54, 54, 56, 67, 62, 67]",6764700.0,460.0,-460.0,0.0,,,,DWT,inu.32000013032828,0.0,,0.0,34,6.0,0.0,34,,0.0,79.3125,486.0,79.3125,,0.0,79.3125,,,17.000000000000057,0.0,34,0.0,0.0,,5.684341886080802e-14,0.962966250543402,0.7345594144045554,0.0011504528235081269,0.30570409982174696,0.004656076437912495,,,,,,,0.0,0.0,0.0,387,1.0697787544439368,0.7300225778814396,333,0,0.0,0.0,528,0,0.40180725880622503,0.6838233653351333,344,89.74408058473828,0.8554845723273136,398.0,385.0634478016731,0.6072914004953798,277,bior,292.162962962963,301.0,176.53037485058104,135,0.7773306480916924,0.9625172382852065,0.16711337485025335,4,208.75
sym13,1,antireflect,1.2369864077976407e-22,272.33150735804287,2049110.4060538714,0.6063829787234043,292.1678446871366,69,raw,8.029390357109332e-12,-6.57658372206484e-11,5.448160996144039,55412.27912240533,0.8733500707745447,1.3207638667394692e-05,0.9999999999999999,322.9999999999995,,,,[],[],16,213.18749999997928,25.000000000001478,449.9999999999621,"[3, 8, 15, 19, 22, 27, 30, 35, 38, 43, 46, 51, 55, 58, 61, 65]","[348.9999999999552, 267.99999999998124, 188.99999999998136, 25.000000000001478, 449.9999999999621, 203.9999999999742, 44.99999999999005, 51.999999999998806, 356.9999999999693, 48.99999999999363, 287.9999999999722, 41.99999999999517, 205.99999999999363, 407.9999999999308, 108.99999999999707, 369.9999999999726]","[0, 0, 0, 0, 0, 24, 29, 32, 32, 40, 40, 47, 54, 32, 60, 60]","[5, 9, 16, 20, 32, 32, 32, 36, 54, 45, 54, 54, 56, 67, 62, 67]",6764699.999999853,459.99999999998965,-459.99999999998965,0.0,,,,DWT,inu.32000013032828,1.471489667892456e-07,,0.0,34,6.0,0.0,34,,1.0345502232667059e-11,79.31250000002072,485.9999999996685,79.31250000002069,,0.0,79.31250000002072,,,16.999999999998522,0.0,34,3.7914560380158946e-11,1.0345502232667059e-11,,5.115907697472721e-13,0.4300857990968073,0.8977648558059467,0.007049135355563758,0.3927826449728829,0.013594830866720488,,,,,,,0.01059762559527802,0.00529881279763901,0.01059762559527802,160,0.8730094653746809,0.5957461931079333,461,0,0.01059762559527802,0.01059762559527802,160,0,0.34825545321958423,0.5926852011694884,468,175.826382169078,0.7168657291963317,312.25,238.01094915674946,0.6070238468848004,278,sym,375.8541666666667,399.5,183.40489689834808,144,1.0,1.0,0.0,6,210.0
rbio2.4,1,symmetric,1.3236400023604037e-27,322.0374577965482,1401293.732956127,0.6153846153846154,324.91680670664863,69,raw,2.3169871818264148e-14,-7.047218364419931e-11,5.360001679128211,17565.598185301613,0.5207106762720025,1.3207638667392627e-05,0.9999999999999999,323.00000000000006,,,,[],[],16,213.1875,25.0,450.0,"[3, 8, 15, 19, 22, 27, 30, 35, 38, 43, 46, 51, 55, 58, 61, 65]","[349.00000000000006, 268.00000000000006, 189.0, 25.0, 450.0, 204.0, 45.0, 52.0, 357.0, 48.99999999999994, 288.00000000000006, 42.0, 205.99999999999997, 408.0, 108.99999999999994, 370.0]","[0, 0, 0, 0, 0, 24, 29, 32, 32, 40, 40, 47, 54, 32, 60, 60]","[5, 9, 16, 20, 32, 32, 32, 36, 54, 45, 54, 54, 56, 67, 62, 67]",6764700.0,460.0,-460.0,0.0,,,,DWT,inu.32000013032828,0.0,,0.0,34,6.0,0.0,34,,0.0,79.3125,486.0,79.3125,,0.0,79.3125,,,17.0,0.0,34,0.0,0.0,,5.684341886080802e-14,0.9678701202610255,0.8670962471495597,0.0010952961986730437,0.4434389140271494,0.0008969993280042228,,,,,,,0.0,0.0,0.0,283,1.1925522091727931,0.813803821006947,193,0,0.0,0.0,569,0,0.45607951539288233,0.7761876428090695,208,174.9864280451487,0.7182183123266527,313.25,261.77877514255573,0.6068949854708947,279,rbio,249.7925925925926,196.0,174.24048813612427,135,0.6645997696604647,0.9500318207572005,0.24977061501051454,3,210.0
bior2.4,1,symmetric,1.4547967024284538e-27,321.6271335538984,1488316.434455261,0.6025641025641025,228.21410859504576,69,raw,2.4971972959684678e-14,-7.062450624317788e-11,5.1638241537486405,19150.57893101719,0.7544309728829648,1.3207638667392627e-05,0.9999999999999999,323.00000000000006,,,,[],[],16,213.1875,25.0,450.0,"[3, 8, 15, 19, 22, 27, 30, 35, 38, 43, 46, 51, 55, 58, 61, 65]","[349.0, 268.00000000000006, 189.00000000000006, 25.0, 450.0, 204.00000000000006, 45.0, 52.0, 357.0, 49.0, 288.00000000000006, 42.00000000000006, 205.99999999999997, 408.00000000000006, 109.00000000000006, 370.0]","[0, 0, 0, 0, 0, 24, 29, 32, 32, 40, 40, 47, 54, 32, 60, 60]","[5, 9, 16, 20, 32, 32, 32, 36, 54, 45, 54, 54, 56, 67, 62, 67]",6764700.0,460.0,-460.0,0.0,,,,DWT,inu.32000013032828,0.0,,0.0,34,6.0,0.0,34,,0.0,79.3125,486.0,79.31249999999999,,0.0,79.3125,,,17.0,0.0,34,0.0,0.0,,5.684341886080802e-14,0.963430693143267,0.798850576054305,0.001895089086445448,0.3712921065862239,0.0014287716790500591,,,,,,,0.0,0.0,0.0,436,1.127519599762445,0.7694252306013295,273,0,0.0,0.0,505,0,0.4273794473098584,0.7273438832408892,276,116.62046704302523,0.8122053670804746,372.5,346.0217169883644,0.6061831988381439,280,bior,292.162962962963,301.0,176.53037485058104,135,0.7773306480916924,0.9625172382852065,0.16711337485025335,4,211.0
sym2,1,reflect,4.8059058554636364e-21,256.43740404355344,1299975.4904013956,0.6666666666666666,309.8448122740458,69,raw,5.2237351320545174e-11,-6.912737049846658e-11,5.232432083499058,16621.875349746973,0.5576953086413506,1.3207638667401902e-05,0.9999999999999999,323.00000000001097,,,,[],[],16,213.1874999998648,24.999999999962938,449.9999999997601,"[3, 8, 15, 19, 22, 27, 30, 35, 38, 43, 46, 51, 55, 58, 61, 65]","[348.9999999996913, 267.99999999989046, 188.99999999989956, 24.999999999962938, 449.9999999997601, 203.99999999981867, 44.99999999990905, 51.999999999950944, 356.9999999998258, 48.9999999999348, 287.9999999998204, 41.99999999997107, 205.99999999993514, 407.99999999969265, 109.00000000003732, 369.99999999973625]","[0, 0, 0, 0, 0, 24, 29, 32, 32, 40, 40, 47, 54, 32, 60, 60]","[5, 9, 16, 20, 32, 32, 32, 36, 54, 45, 54, 54, 56, 67, 62, 67]",6764699.999999151,459.99999999992167,-459.99999999992167,0.0,,,,DWT,inu.32000013032828,8.493661880493164e-07,,0.0,34,6.0,0.0,34,,7.833023119019344e-11,79.3125000001352,485.99999999783677,79.31250000013522,,0.0,79.3125000001352,,,17.000000000037062,0.0,34,2.398792275926098e-10,7.833023119019344e-11,,1.0970779840135947e-11,0.2581224931728723,0.8227177045605599,0.0001641183749452903,0.7320261437908494,0.0005803735820100887,,,,,,,0.06117110470185794,0.03058555235092897,0.06117110470185794,86,0.8593570143206198,0.5864296896052381,474,0,0.06117110470185794,0.06117110470185794,86,0,0.36272216669624746,0.6173056540810219,446,216.23135757794242,0.6518013565572586,273.0,144.88726669960633,0.6060939149936051,281,sym,375.8541666666667,399.5,183.40489689834808,144,1.0,1.0,0.0,6,212.25
rbio2.8,1,constant,1.768511821838085e-27,320.77907696106985,1511446.4642706818,0.5813953488372093,247.38603071949453,69,raw,3.017232196778398e-14,-7.107592292499047e-11,5.32383907115862,21120.07594356373,0.7208165387872024,1.3207638667392627e-05,0.9999999999999999,323.00000000000006,,,,[],[],16,213.1875,25.0,450.0,"[3, 8, 15, 19, 22, 27, 30, 35, 38, 43, 46, 51, 55, 58, 61, 65]","[349.0, 268.00000000000006, 189.0, 25.0, 450.0, 204.0, 45.0, 52.0, 357.0, 48.99999999999994, 288.0, 42.0, 205.99999999999994, 408.0, 109.00000000000006, 370.0]","[0, 0, 0, 0, 0, 24, 29, 32, 32, 40, 40, 47, 54, 32, 60, 60]","[5, 9, 16, 20, 32, 32, 32, 36, 54, 45, 54, 54, 56, 67, 62, 67]",6764700.0,460.0,-460.0,0.0,,,,DWT,inu.32000013032828,0.0,,0.0,34,6.0,0.0,34,,0.0,79.3125,486.0,79.3125,,0.0,79.3125,,,17.0,0.0,34,0.0,0.0,,5.684341886080802e-14,0.9542553019665634,0.8545161035033173,0.00210766848264497,0.25216598267213863,0.0020895519816314548,,,,,,,0.0,0.0,0.0,334,1.1025672810344271,0.7523976387125606,307,0,0.0,0.0,545,0,0.41302692172125915,0.702917763169754,322,112.5433249908674,0.8187708132192151,377.0,357.4047386454081,0.605842733501717,282,rbio,249.7925925925926,196.0,174.24048813612427,135,0.6645997696604647,0.9500318207572005,0.24977061501051454,3,212.25
bior2.4,1,antisymmetric,1.6924153264011133e-27,320.97008713744015,1489712.3702827708,0.6025641025641025,233.05456718604745,69,raw,2.7700868973835787e-14,-7.081357722427154e-11,5.1858274752054445,47466.778164213385,0.8595187695146932,1.3207638667392627e-05,0.9999999999999998,323.00000000000006,,,,[],[],16,213.1875,25.0,450.0,"[3, 8, 15, 19, 22, 27, 30, 35, 38, 43, 46, 51, 55, 58, 61, 65]","[349.0, 268.00000000000006, 189.00000000000006, 25.0, 450.0, 204.00000000000006, 45.0, 52.0, 357.0, 49.0, 288.00000000000006, 42.00000000000006, 205.99999999999997, 408.0, 109.00000000000006, 370.00000000000006]","[0, 0, 0, 0, 0, 24, 29, 32, 32, 40, 40, 47, 54, 32, 60, 60]","[5, 9, 16, 20, 32, 32, 32, 36, 54, 45, 54, 54, 56, 67, 62, 67]",6764700.0,460.0,-460.0,0.0,,,,DWT,inu.32000013032828,0.0,,0.0,34,6.0,0.0,34,,0.0,79.3125,486.0,79.31249999999997,,0.0,79.3125,,,17.0,0.0,34,0.0,0.0,,5.684341886080802e-14,0.9563219011791032,0.806505027991339,0.0019079186071038028,0.3712921065862239,0.010929058593968297,,,,,,,0.0,0.0,0.0,431,1.1308880800787602,0.7717238990632374,268,0,0.0,0.0,509,0,0.4293912025915477,0.7307676274286938,267,121.17308557046266,0.8048742583406399,368.75,340.0931439001068,0.6055369681397241,283,bior,292.162962962963,301.0,176.53037485058104,135,0.7773306480916924,0.9625172382852065,0.16711337485025335,4,213.25
rbio2.4,1,smooth,1.3704686149370018e-27,321.886465691394,4583514.721148703,0.5897435897435898,312.3365285412026,69,raw,2.3993689482913537e-14,-7.043021721386848e-11,3.783519040626719,124198.73198279107,0.9495990635832556,1.3207638667392627e-05,0.9999999999999999,323.00000000000006,,,,[],[],16,213.1875,25.0,450.0,"[3, 8, 15, 19, 22, 27, 30, 35, 38, 43, 46, 51, 55, 58, 61, 65]","[349.00000000000006, 268.00000000000006, 189.0, 25.0, 450.0, 204.0, 45.0, 52.0, 357.0, 48.99999999999994, 288.00000000000006, 42.0, 205.99999999999997, 408.0, 108.99999999999994, 370.0]","[0, 0, 0, 0, 0, 24, 29, 32, 32, 40, 40, 47, 54, 32, 60, 60]","[5, 9, 16, 20, 32, 32, 32, 36, 54, 45, 54, 54, 56, 67, 62, 67]",6764700.0,460.0,-460.0,0.0,,,,DWT,inu.32000013032828,0.0,,0.0,34,6.0,0.0,34,,0.0,79.3125,486.0,79.3125,,0.0,79.3125,,,17.0,0.0,34,0.0,0.0,,5.684341886080802e-14,0.9662364891553901,0.318674018729728,0.030341891280553146,0.2991452991452991,0.03667317668041464,,,,,,,0.0,0.0,0.0,285,0.88857723882866,0.6063697225634752,453,0,0.0,0.0,311,0,0.33021417499827704,0.5619813069071118,496,103.94670108602132,0.8326140079130091,386.25,365.3688575799779,0.6053166657922533,284,rbio,249.7925925925926,196.0,174.24048813612427,135,0.6645997696604647,0.9500318207572005,0.24977061501051454,3,213.75
db13,1,smooth,3.917689045128906e-27,317.3248570116434,24499905.795343723,0.574468085106383,273.8347242580656,69,raw,4.299298437389011e-14,-7.05989711136115e-11,3.5881326641373836,917983.2389364312,0.9958135549773132,1.3207638667392627e-05,0.9999999999999999,323.00000000000006,,,,[],[],16,213.18750000000006,25.0,450.00000000000006,"[3, 8, 15, 19, 22, 27, 30, 35, 38, 43, 46, 51, 55, 58, 61, 65]","[349.00000000000006, 268.00000000000017, 188.99999999999994, 25.0, 450.00000000000006, 204.0000000000001, 45.000000000000114, 52.00000000000006, 357.0, 49.00000000000006, 288.0, 42.0, 206.00000000000003, 408.0, 108.99999999999997, 370.00000000000006]","[0, 0, 0, 0, 0, 24, 29, 32, 32, 40, 40, 47, 54, 32, 60, 60]","[5, 9, 16, 20, 32, 32, 32, 36, 54, 45, 54, 54, 56, 67, 62, 67]",6764700.0,460.0000000000001,-460.0000000000001,0.0,,,,DWT,inu.32000013032828,0.0,,0.0,34,6.0,0.0,34,,1.1368683772161603e-13,79.31249999999994,486.0000000000009,79.31249999999996,,0.0,79.31249999999994,,,17.0,0.0,34,5.684341886080802e-14,1.1368683772161603e-13,,5.684341886080802e-14,0.9168830092276409,0.25070357022608203,0.21338594365800637,0.21318314559866516,0.30299354342778767,,,,,,,0.0,0.0,0.0,508,0.9886452380892099,0.6746566449576262,412,0,0.0,0.0,321,0,0.3794298424276364,0.645739931449506,415,76.3544366752843,0.8770459956919737,414.0,403.2017543796222,0.6051896645126535,285,db,361.0980392156863,403.0,158.96390539935234,153,0.9607397529157442,0.8667375194865046,0.06746091711302768,5,215.0
sym15,1,antisymmetric,2.389139336959325e-21,259.47274184392705,1605466.2676958146,0.6224489795918368,283.9318507266507,69,raw,3.67276128994378e-11,,5.674847538326394,76088.17772366841,0.8838033312575536,1.3207638667399996e-05,1.0,323.0000000000017,,,,[],[],16,213.18749999991206,24.999999999995907,449.9999999998298,"[3, 8, 15, 19, 22, 27, 30, 35, 38, 43, 46, 51, 55, 58, 61, 65]","[348.99999999979616, 267.999999999921, 188.99999999992087, 24.999999999995907, 449.9999999998298, 203.99999999987872, 44.99999999994924, 51.9999999999863, 356.99999999986596, 48.99999999996402, 287.9999999998753, 41.99999999997789, 205.9999999999663, 407.9999999998717, 109.00000000000148, 369.99999999979264]","[0, 0, 0, 0, 0, 24, 29, 32, 32, 40, 40, 47, 54, 32, 60, 60]","[5, 9, 16, 20, 32, 32, 32, 36, 54, 45, 54, 54, 56, 67, 62, 67]",6764699.999999203,459.9999999999507,-459.9999999999507,0.0,,,,DWT,inu.32000013032828,7.972121238708496e-07,,0.0,34,6.0,0.0,34,,4.928324415232055e-11,79.31250000008794,485.999999998593,79.31250000008792,,0.0,79.31250000008794,,,17.000000000004093,0.0,34,1.701891960692592e-10,4.928324415232055e-11,,1.7053025658242404e-12,0.2909627681113328,0.9766239155762492,0.0029717690999985806,0.48319327731092443,0.020531742396339793,,,,,,,0.057414984237708765,0.028707492118854382,0.057414984237708765,89,0.8658655110878293,0.5908711216007735,467,0,0.057414984237708765,0.057414984237708765,89,0,0.35485669449896895,0.6039196498463727,457,215.3903433304288,0.6531556468109037,275.5,149.2458149502823,0.6047581776727626,286,sym,375.8541666666667,399.5,183.40489689834808,144,1.0,1.0,0.0,6,216.0
bior1.1,1,reflect,2.9560561688977508e-27,318.5480298140403,1299673.4782126034,0.6857142857142857,338.0949756963641,69,raw,4.407424505874244e-14,-7.192313411508191e-11,5.205145071748066,16129.40816326531,0.5330427499016247,1.3207638667392622e-05,1.0,323.00000000000006,,,,[],[],16,213.18750000000006,25.0,450.00000000000006,"[3, 8, 15, 19, 22, 27, 30, 35, 38, 43, 46, 51, 55, 58, 61, 65]","[349.00000000000006, 268.0000000000001, 189.00000000000006, 25.0, 450.00000000000006, 204.00000000000006, 45.0, 52.0, 357.00000000000006, 48.99999999999994, 288.00000000000006, 41.99999999999994, 206.00000000000003, 408.0000000000001, 109.00000000000003, 370.00000000000006]","[0, 0, 0, 0, 0, 24, 29, 32, 32, 40, 40, 47, 54, 32, 60, 60]","[5, 9, 16, 20, 32, 32, 32, 36, 54, 45, 54, 54, 56, 67, 62, 67]",6764700.0,460.00000000000006,-460.00000000000006,0.0,,,,DWT,inu.32000013032828,0.0,,0.0,34,6.0,0.0,34,,5.684341886080802e-14,79.31249999999994,486.0000000000009,79.31249999999997,,0.0,79.31249999999994,,,17.0,0.0,34,5.684341886080802e-14,5.684341886080802e-14,,5.684341886080802e-14,0.9301169007315839,0.8132251776998636,0.0001613426946175656,0.8392156862745098,0.0004151473265642852,,,,,,,0.0,0.0,0.0,450,1.3006157340766207,0.8875469316244813,56,0,0.0,0.0,469,0,0.5166268509454279,0.879231283390945,54,233.66839038831645,0.6237223987305693,257.25,98.20751698932654,0.6047355955005503,287,bior,292.162962962963,301.0,176.53037485058104,135,0.7773306480916924,0.9625172382852065,0.16711337485025335,4,216.25
bior2.4,1,reflect,1.5892460393182958e-27,321.2432452559783,1472340.002574437,0.6025641025641025,236.76476641062237,69,raw,2.5744302020293486e-14,-7.065359408642306e-11,5.201748944074984,17891.710346490283,0.7109324999069714,1.3207638667392627e-05,0.9999999999999998,323.00000000000006,,,,[],[],16,213.1875,25.0,450.0,"[3, 8, 15, 19, 22, 27, 30, 35, 38, 43, 46, 51, 55, 58, 61, 65]","[349.0, 268.00000000000006, 189.00000000000006, 25.0, 450.0, 204.00000000000006, 45.0, 52.0, 357.0, 49.0, 288.00000000000006, 42.00000000000006, 205.99999999999997, 408.00000000000006, 109.00000000000006, 370.0]","[0, 0, 0, 0, 0, 24, 29, 32, 32, 40, 40, 47, 54, 32, 60, 60]","[5, 9, 16, 20, 32, 32, 32, 36, 54, 45, 54, 54, 56, 67, 62, 67]",6764700.0,460.0,-460.0,0.0,,,,DWT,inu.32000013032828,0.0,,0.0,34,6.0,0.0,34,,0.0,79.3125,486.0,79.31249999999999,,0.0,79.3125,,,17.0,0.0,34,0.0,0.0,,5.684341886080802e-14,0.9592772848314142,0.8120437426107715,0.0017482557157256192,0.3712921065862239,0.0010064122853090415,,,,,,,0.0,0.0,0.0,432,1.1313817776107102,0.7720608008230364,267,0,0.0,0.0,510,0,0.42907356040588884,0.730227042002201,268,121.73023453522137,0.8039770780431218,369.25,340.36004478312014,0.604685801501432,288,bior,292.162962962963,301.0,176.53037485058104,135,0.7773306480916924,0.9625172382852065,0.16711337485025335,4,217.0
bior6.8,1,symmetric,5.58773282137227e-22,265.78280031307145,1482852.4026951343,0.627906976744186,280.22994341621967,69,raw,1.7821235630527956e-11,-4.077926885114396e-11,5.419950219322442,17943.29445823016,0.6328825761960022,1.3207638667396666e-05,1.0,322.9999999999996,,,,[],[],16,213.18749999995697,25.000000000003013,449.9999999999214,"[3, 8, 15, 19, 22, 27, 30, 35, 38, 43, 46, 51, 55, 58, 61, 65]","[348.9999999999069, 267.9999999999703, 188.99999999996362, 25.000000000003013, 449.9999999999214, 203.99999999993943, 44.99999999997772, 51.99999999999807, 356.99999999993713, 48.99999999998391, 287.99999999994486, 41.99999999998852, 205.9999999999892, 407.99999999986477, 108.99999999999639, 369.99999999992633]","[0, 0, 0, 0, 0, 24, 29, 32, 32, 40, 40, 47, 54, 32, 60, 60]","[5, 9, 16, 20, 32, 32, 32, 36, 54, 45, 54, 54, 56, 67, 62, 67]",6764699.999999678,459.9999999999788,-459.9999999999788,0.0,,,,DWT,inu.32000013032828,3.2223761081695557e-07,,0.0,34,6.0,0.0,34,,2.120259523508139e-11,79.31250000004303,485.9999999993115,79.31250000004302,,0.0,79.31250000004303,,,16.999999999996987,0.0,34,7.861444828449748e-11,2.120259523508139e-11,,3.979039320256561e-13,0.359233276579602,0.8879509722197241,0.0018448712275990935,0.5139078887368901,0.0010237191229161705,,,,,,,0.023207458582064525,0.011603729291032263,0.023207458582064525,122,0.8664105308153452,0.5912430458933664,466,0,0.023207458582064525,0.023207458582064525,122,0,0.35279214557734634,0.6004060577931145,463,197.74625997306077,0.6815680193670519,293.25,193.24425258876693,0.6046728985724148,289,bior,292.162962962963,301.0,176.53037485058104,135,0.7773306480916924,0.9625172382852065,0.16711337485025335,4,217.75
coif3,1,smooth,3.703118878908791e-27,317.5694800920585,11270363.86080537,0.5930232558139535,296.623833758309,69,raw,4.4795085515310655e-14,-7.142564317774739e-11,3.483857884708453,386922.19711668463,0.9891037466581856,1.3207638667392624e-05,1.0,323.0000000000001,,,,[],[],16,213.1875,25.0,449.99999999999994,"[3, 8, 15, 19, 22, 27, 30, 35, 38, 43, 46, 51, 55, 58, 61, 65]","[349.0, 267.99999999999994, 189.00000000000003, 25.0, 449.99999999999994, 204.0, 44.99999999999994, 52.000000000000114, 357.00000000000006, 48.99999999999994, 288.00000000000006, 41.999999999999886, 206.00000000000006, 407.9999999999999, 109.00000000000009, 370.0000000000001]","[0, 0, 0, 0, 0, 24, 29, 32, 32, 40, 40, 47, 54, 32, 60, 60]","[5, 9, 16, 20, 32, 32, 32, 36, 54, 45, 54, 54, 56, 67, 62, 67]",6764700.000000001,459.99999999999994,-459.99999999999994,0.0,,,,DWT,inu.32000013032828,9.313225746154785e-10,,0.0,34,6.0,0.0,34,,5.684341886080802e-14,79.3125,486.0,79.31249999999999,,0.0,79.3125,,,17.0,0.0,34,5.684341886080802e-14,5.684341886080802e-14,,1.1368683772161603e-13,0.9195296633220007,0.2144287610364557,0.09179820430431786,0.31760145918832666,0.12481877409969713,,,,,,,6.70735797169495e-05,3.353678985847475e-05,6.70735797169495e-05,243,0.8817993739787968,0.6017444723893857,456,0,6.70735797169495e-05,6.70735797169495e-05,258,0,0.3336353723901596,0.5678037370965106,490,129.35319864618734,0.7917017735166065,361.75,327.1985215889261,0.6045867965811695,290,coif,212.88888888888889,210.0,126.92181240687695,45,0.566413539530329,0.6920306630483438,0.39590132341426654,2,218.0
sym17,1,reflect,2.0455773725967126e-20,250.14699752319615,1637316.6112232034,0.6470588235294118,302.62223944600413,69,raw,1.0793241984543595e-10,,5.728286603224994,16043.241878427882,0.5673605405568615,1.3207638667371971e-05,1.0,322.99999999999324,,,,[],[],16,213.18750000027225,25.000000000018076,450.00000000049937,"[3, 8, 15, 19, 22, 27, 30, 35, 38, 43, 46, 51, 55, 58, 61, 65]","[349.00000000059754, 268.00000000020043, 189.00000000022416, 25.000000000018076, 450.00000000049937, 204.00000000038222, 45.00000000015609, 52.00000000004127, 357.0000000003898, 49.0000000001163, 288.00000000035624, 42.00000000007003, 206.00000000009385, 408.0000000006885, 108.99999999996436, 370.000000000558]","[0, 0, 0, 0, 0, 24, 29, 32, 32, 40, 40, 47, 54, 32, 60, 60]","[5, 9, 16, 20, 32, 32, 32, 36, 54, 45, 54, 54, 56, 67, 62, 67]",6764700.000001854,460.0000000001461,-460.0000000001461,0.0,,,,DWT,inu.32000013032828,1.8542632460594177e-06,,0.0,34,6.0,0.0,34,,1.460875864722766e-10,79.31249999972775,486.000000004356,79.31249999982984,,0.0,79.31249999972775,,,16.999999999981924,0.0,34,4.993694346921984e-10,1.460875864722766e-10,,6.764366844436154e-12,0.19006460532335778,0.9952141431757233,0.0032644936165612715,0.621683967704729,0.00038623792309503465,,,,,,,0.13354349721644643,0.06677174860822321,0.13354349721644643,36,0.8621061638412866,0.5883057235157282,470,0,0.13354349721644643,0.13354349721644643,36,0,0.3621226895486933,0.6162854224363773,447,244.1111427198685,0.6069063724317738,247.25,66.75528252925912,0.6043791121418128,291,sym,375.8541666666667,399.5,183.40489689834808,144,1.0,1.0,0.0,6,219.75
coif1,1,periodization,2.236085857705461e-27,319.76027188472625,1348608.9990031314,0.6,266.90998463556883,69,raw,3.5599812370904263e-14,-7.032552318264632e-11,5.127686382866813,15111.808163265307,0.6262086206077376,1.3207638667392627e-05,1.0,323.00000000000006,,,,[],[],16,213.1875,25.000000000000057,450.00000000000006,"[3, 8, 15, 19, 22, 27, 30, 35, 38, 43, 46, 51, 55, 58, 61, 65]","[348.99999999999994, 268.0, 189.0, 25.000000000000057, 450.00000000000006, 203.99999999999994, 45.00000000000006, 52.00000000000006, 356.99999999999994, 48.99999999999994, 288.0, 42.00000000000006, 205.99999999999997, 407.99999999999994, 109.00000000000006, 369.99999999999994]","[0, 0, 0, 0, 0, 24, 29, 32, 32, 40, 40, 47, 54, 32, 60, 60]","[5, 9, 16, 20, 32, 32, 32, 36, 54, 45, 54, 54, 56, 67, 62, 67]",6764700.0,460.00000000000006,-460.00000000000006,0.0,,,,DWT,inu.32000013032828,0.0,,0.0,34,6.0,0.0,34,,5.684341886080802e-14,79.3125,486.0,79.3125,,0.0,79.3125,,,16.999999999999943,0.0,34,5.684341886080802e-14,5.684341886080802e-14,,5.684341886080802e-14,0.9432325292090452,0.7862790726624402,0.0006110906432961344,0.35686274509803895,7.373526469097889e-05,,,,,,,0.0,0.0,0.0,358,1.1021591913233875,0.7521191561743511,308,0,0.0,0.0,544,0,0.4174118345755023,0.7103803109435259,307,112.38438503635636,0.8190267551749495,379.25,359.2078655317071,0.6041591102766857,292,coif,212.88888888888889,210.0,126.92181240687695,45,0.566413539530329,0.6920306630483438,0.39590132341426654,2,219.5
sym15,1,reflect,2.264806400950169e-21,259.7048457957171,1594704.5698592435,0.6224489795918368,309.3915215187251,69,raw,3.6509256165777175e-11,-5.857958562879285e-11,5.710417663826704,16519.900273914758,0.5317197563221066,1.3207638667400332e-05,0.9999999999999999,323.0000000000017,,,,[],[],16,213.1874999999079,24.999999999995794,449.99999999982975,"[3, 8, 15, 19, 22, 27, 30, 35, 38, 43, 46, 51, 55, 58, 61, 65]","[348.9999999998043, 267.9999999999209, 188.99999999992087, 24.999999999995794, 449.99999999982975, 203.99999999987887, 44.99999999994924, 51.9999999999863, 356.99999999986596, 48.99999999996402, 287.9999999998753, 41.99999999997783, 205.99999999996635, 407.99999999977024, 109.00000000000153, 369.99999999981935]","[0, 0, 0, 0, 0, 24, 29, 32, 32, 40, 40, 47, 54, 32, 60, 60]","[5, 9, 16, 20, 32, 32, 32, 36, 54, 45, 54, 54, 56, 67, 62, 67]",6764699.999999356,459.99999999995066,-459.99999999995066,0.0,,,,DWT,inu.32000013032828,6.435438990592957e-07,,0.0,34,6.0,0.0,34,,4.934008757118136e-11,79.31250000009209,485.9999999985266,79.3125000000921,,0.0,79.31250000009209,,,17.000000000004206,0.0,34,1.7024603948812e-10,4.934008757118136e-11,,1.7053025658242404e-12,0.2934739738131005,0.9889979481317843,0.0028728623866723932,0.48319327731092443,0.0005461602163462098,,,,,,,0.0463478435844121,0.02317392179220605,0.0463478435844121,103,0.8655155645579969,0.590632316271384,468,0,0.0463478435844121,0.0463478435844121,103,0,0.3538168443717656,0.6021499610270592,460,208.44903453842142,0.6643332777159076,283.5,168.57620727405427,0.6039057692927363,293,sym,375.8541666666667,399.5,183.40489689834808,144,1.0,1.0,0.0,6,221.25
bior3.5,1,symmetric,1.2967501349824354e-27,322.1265936149057,1558562.532566176,0.6,232.3420123680827,69,raw,2.0852884636437737e-14,-6.955436226974169e-11,5.158753257127838,20344.2823839736,0.7954529892037061,1.3207638667392627e-05,1.0,322.99999999999994,,,,[],[],16,213.1875,25.0,450.0,"[3, 8, 15, 19, 22, 27, 30, 35, 38, 43, 46, 51, 55, 58, 61, 65]","[348.99999999999994, 268.0, 189.0, 25.0, 450.0, 204.0, 45.0, 52.00000000000006, 357.0, 49.00000000000006, 287.99999999999994, 42.0, 205.99999999999994, 408.0000000000001, 109.0, 370.0]","[0, 0, 0, 0, 0, 24, 29, 32, 32, 40, 40, 47, 54, 32, 60, 60]","[5, 9, 16, 20, 32, 32, 32, 36, 54, 45, 54, 54, 56, 67, 62, 67]",6764700.0,460.0,-460.0,0.0,,,,DWT,inu.32000013032828,0.0,,0.0,34,6.0,0.0,34,,0.0,79.3125,486.0,79.3125,,0.0,79.3125,,,17.0,0.0,34,0.0,0.0,,5.684341886080802e-14,0.9688345087325043,0.7970865271793294,0.0025406945284166026,0.35686274509803895,0.001829267706112885,,,,,,,0.0,0.0,0.0,469,1.1245911212150363,0.7674268216316533,280,0,0.0,0.0,485,0,0.4254307486488804,0.7240274531685876,282,113.35195925376264,0.8174686646477252,379.0,353.619928257666,0.60358135325784,294,bior,292.162962962963,301.0,176.53037485058104,135,0.7773306480916924,0.9625172382852065,0.16711337485025335,4,221.5
rbio1.3,1,constant,2.1687501199536966e-27,319.89306147207344,1383954.3726649752,0.6486486486486487,313.7862090329239,69,raw,3.851347582235906e-14,-7.174227878437049e-11,5.194743332582662,16502.70078524471,0.6494724154737074,1.3207638667392624e-05,0.9999999999999999,323.00000000000006,,,,[],[],16,213.18750000000003,25.0,450.00000000000006,"[3, 8, 15, 19, 22, 27, 30, 35, 38, 43, 46, 51, 55, 58, 61, 65]","[349.0, 268.0, 189.0, 25.0, 450.00000000000006, 204.00000000000006, 45.0, 52.0, 357.00000000000006, 48.99999999999994, 288.00000000000006, 41.99999999999994, 206.00000000000003, 408.00000000000006, 109.00000000000006, 370.00000000000006]","[0, 0, 0, 0, 0, 24, 29, 32, 32, 40, 40, 47, 54, 32, 60, 60]","[5, 9, 16, 20, 32, 32, 32, 36, 54, 45, 54, 54, 56, 67, 62, 67]",6764700.0,460.00000000000006,-460.00000000000006,0.0,,,,DWT,inu.32000013032828,0.0,,0.0,34,6.0,0.0,34,,5.684341886080802e-14,79.31249999999997,486.00000000000045,79.31249999999999,,0.0,79.31249999999997,,,17.0,0.0,34,5.684341886080802e-14,5.684341886080802e-14,,5.684341886080802e-14,0.9446692215458619,0.8096066507124967,0.000935936666039775,0.6306306306306307,0.00054038966515713,,,,,,,0.0,0.0,0.0,536,1.2245412347351006,0.8356332981842625,151,0,0.0,0.0,380,0,0.4772765658440372,0.8122622483743157,149,188.886209131318,0.695835412026863,304.0,224.3261957901381,0.6031512003773607,295,rbio,249.7925925925926,196.0,174.24048813612427,135,0.6645997696604647,0.9500318207572005,0.24977061501051454,3,222.0
coif1,1,zero,1.3765051157769539e-27,321.86737833576717,1325048.022416148,0.5945945945945946,239.84291104464242,69,raw,2.2191588341492985e-14,-7.00202118508744e-11,5.1052489310273925,19497.79181884587,0.735577460425723,1.3207638667392629e-05,1.0,323.00000000000006,,,,[],[],16,213.1875,25.0,450.00000000000006,"[3, 8, 15, 19, 22, 27, 30, 35, 38, 43, 46, 51, 55, 58, 61, 65]","[348.99999999999994, 267.99999999999994, 189.00000000000006, 25.0, 450.00000000000006, 203.99999999999997, 45.0, 52.000000000000114, 357.0, 49.0, 288.0, 42.0, 205.99999999999997, 408.0, 109.0, 369.9999999999999]","[0, 0, 0, 0, 0, 24, 29, 32, 32, 40, 40, 47, 54, 32, 60, 60]","[5, 9, 16, 20, 32, 32, 32, 36, 54, 45, 54, 54, 56, 67, 62, 67]",6764700.0,460.00000000000006,-460.00000000000006,0.0,,,,DWT,inu.32000013032828,0.0,,0.0,34,6.0,0.0,34,,5.684341886080802e-14,79.3125,486.0,79.31250000000001,,0.0,79.3125,,,17.0,0.0,34,5.684341886080802e-14,5.684341886080802e-14,,5.684341886080802e-14,0.9660299770477242,0.7784735967013894,0.00039455057755904727,0.3264440911499736,0.001545264080723187,,,,,,,0.0,0.0,0.0,378,1.1002478019603874,0.7508148141463233,312,0,0.0,0.0,540,0,0.4145774959114739,0.7055566374999607,319,106.04833803506776,0.8292297294121292,387.25,369.09634068453596,0.6028193735627474,296,coif,212.88888888888889,210.0,126.92181240687695,45,0.566413539530329,0.6920306630483438,0.39590132341426654,2,222.5
db16,1,reflect,5.272071757259445e-27,316.0353435062967,1808481.5231392945,0.64,328.5077528489116,69,raw,5.4281860809788814e-14,-7.071632168731438e-11,5.658200177470217,16098.292521358133,0.60407769275128,1.3207638667392627e-05,0.9999999999999999,323.00000000000006,,,,[],[],16,213.1875,24.99999999999983,450.0,"[3, 8, 15, 19, 22, 27, 30, 35, 38, 43, 46, 51, 55, 58, 61, 65]","[348.99999999999994, 267.9999999999999, 189.00000000000009, 24.99999999999983, 450.0, 203.99999999999983, 45.00000000000006, 51.999999999999886, 357.0, 49.0, 288.0, 42.000000000000114, 206.0, 408.0, 109.00000000000011, 369.99999999999994]","[0, 0, 0, 0, 0, 24, 29, 32, 32, 40, 40, 47, 54, 32, 60, 60]","[5, 9, 16, 20, 32, 32, 32, 36, 54, 45, 54, 54, 56, 67, 62, 67]",6764700.0,460.00000000000006,-460.00000000000006,0.0,,,,DWT,inu.32000013032828,0.0,,0.0,34,6.0,0.0,34,,5.684341886080802e-14,79.3125,486.0,79.31250000000003,,0.0,79.3125,,,17.00000000000017,0.0,34,0.0,5.684341886080802e-14,,5.684341886080802e-14,0.9029313567798537,0.9708326797484117,0.004837605882997196,0.5819607843137256,0.0004047078066546535,,,,,,,0.0,0.0,0.0,554,1.2625401537317686,0.8615639578533029,106,0,0.0,0.0,345,0,0.4921934269063286,0.8376487935605788,118,212.7743327252295,0.6573682242749928,280.75,176.89610078928092,0.6026374132647105,297,db,361.0980392156863,403.0,158.96390539935234,153,0.9607397529157442,0.8667375194865046,0.06746091711302768,5,224.0
sym14,1,antireflect,1.045801609063722e-21,263.0606635766626,2125483.6612656564,0.625,298.7863091946198,69,raw,2.3180838890924776e-11,-7.35579375199892e-11,5.483433819145324,60632.3212864546,0.8817231126545223,1.3207638667398336e-05,0.9999999999999999,323.00000000000006,,,,[],[],16,213.18749999993935,24.999999999999943,449.9999999998928,"[3, 8, 15, 19, 22, 27, 30, 35, 38, 43, 46, 51, 55, 58, 61, 65]","[348.999999999869, 267.99999999995015, 188.99999999994938, 24.999999999999943, 449.9999999998928, 203.99999999992394, 44.999999999969134, 51.99999999999312, 356.99999999991473, 48.999999999978684, 287.9999999999213, 41.999999999986414, 205.99999999998013, 407.99999999979093, 108.99999999999878, 369.9999999999113]","[0, 0, 0, 0, 0, 24, 29, 32, 32, 40, 40, 47, 54, 32, 60, 60]","[5, 9, 16, 20, 32, 32, 32, 36, 54, 45, 54, 54, 56, 67, 62, 67]",6764699.99999959,459.9999999999695,-459.9999999999695,0.0,,,,DWT,inu.32000013032828,4.0978193283081055e-07,,0.0,34,6.0,0.0,34,,3.0524915928253904e-11,79.31250000006065,485.99999999902957,79.31250000006062,,0.0,79.31250000006065,,,17.000000000000057,0.0,34,1.0720668797148392e-10,3.0524915928253904e-11,,5.684341886080802e-14,0.3297816225222686,0.9100354636265381,0.007751053191739185,0.49754901960784303,0.015346192264414719,,,,,,,0.02951237507545778,0.01475618753772889,0.02951237507545778,116,0.8619203166714028,0.5881789004418104,471,0,0.02951237507545778,0.02951237507545778,116,0,0.35209267024256075,0.5992156423217189,464,202.95873964922032,0.67317433228789,291.75,185.87624920263661,0.6016837845014329,298,sym,375.8541666666667,399.5,183.40489689834808,144,1.0,1.0,0.0,6,225.0
sym13,1,periodization,1.252392118232168e-22,272.2777533758583,1343437.1245315513,0.6285714285714286,301.3513419807989,69,raw,8.643471595678417e-12,-6.270861607772839e-11,5.147426607263975,15111.808163264079,0.6160946866722748,1.3207638667394662e-05,1.0,322.9999999999996,,,,[],[],16,213.18749999998016,25.00000000000165,449.9999999999622,"[3, 8, 15, 19, 22, 27, 30, 35, 38, 43, 46, 51, 55, 58, 61, 65]","[348.99999999996214, 267.99999999998124, 188.99999999998155, 25.00000000000165, 449.9999999999622, 203.99999999997425, 44.99999999999011, 51.99999999999886, 356.9999999999693, 48.99999999999346, 287.9999999999722, 41.999999999995225, 205.9999999999937, 407.99999999994367, 108.99999999999719, 369.9999999999661]","[0, 0, 0, 0, 0, 24, 29, 32, 32, 40, 40, 47, 54, 32, 60, 60]","[5, 9, 16, 20, 32, 32, 32, 36, 54, 45, 54, 54, 56, 67, 62, 67]",6764699.999999842,459.99999999998977,-459.99999999998977,0.0,,,,DWT,inu.32000013032828,1.5832483768463135e-07,,0.0,34,6.0,0.0,34,,1.0231815394945443e-11,79.31250000001984,485.9999999996826,79.31250000001982,,0.0,79.31250000001984,,,16.99999999999835,0.0,34,3.780087354243733e-11,1.0231815394945443e-11,,3.979039320256561e-13,0.42950421784619297,0.7931462449287267,0.0005635578920994524,0.5176470588235292,7.373526469056733e-05,,,,,,,0.011402508551881414,0.005701254275940707,0.011402508551881414,156,0.8616457497534168,0.5879915345510256,472,0,0.011402508551881414,0.011402508551881414,156,0,0.34818696295104784,0.5925686396965514,469,181.58079009998093,0.7075993718196765,313.25,234.3106599811376,0.6015855152174067,299,sym,375.8541666666667,399.5,183.40489689834808,144,1.0,1.0,0.0,6,225.75
bior2.4,1,periodic,1.583392462746221e-27,321.259270900801,1482541.5888342017,0.6025641025641025,258.7311114885693,69,raw,2.7803846181916958e-14,-7.081646380413557e-11,5.212084797570468,19616.096467649517,0.7011600029234673,1.3207638667392627e-05,0.9999999999999999,323.00000000000006,,,,[],[],16,213.1875,25.0,450.0,"[3, 8, 15, 19, 22, 27, 30, 35, 38, 43, 46, 51, 55, 58, 61, 65]","[349.0, 268.00000000000006, 189.00000000000006, 25.0, 450.0, 204.00000000000006, 45.0, 52.0, 357.0, 49.0, 288.00000000000006, 42.00000000000006, 205.99999999999997, 408.0, 109.00000000000006, 370.00000000000006]","[0, 0, 0, 0, 0, 24, 29, 32, 32, 40, 40, 47, 54, 32, 60, 60]","[5, 9, 16, 20, 32, 32, 32, 36, 54, 45, 54, 54, 56, 67, 62, 67]",6764700.0,460.0,-460.0,0.0,,,,DWT,inu.32000013032828,0.0,,0.0,34,6.0,0.0,34,,0.0,79.3125,486.0,79.31249999999997,,0.0,79.3125,,,17.0,0.0,34,0.0,0.0,,5.684341886080802e-14,0.9594506713263142,0.8156393494815218,0.0018420146544163194,0.3712921065862239,0.0015849561346513018,,,,,,,0.0,0.0,0.0,435,1.1335619099521077,0.7735485344552275,263,0,0.0,0.0,514,0,0.4299618196366255,0.7317387429561782,264,126.01851715786322,0.7970716309857275,369.0,337.9938167533151,0.6014343662175015,300,bior,292.162962962963,301.0,176.53037485058104,135,0.7773306480916924,0.9625172382852065,0.16711337485025335,4,226.0
bior3.5,1,antireflect,1.4107576849369851e-27,321.76063238646384,1763346.4664725123,0.6,234.87485808596304,69,raw,2.2680730079878568e-14,-6.948075448320904e-11,5.066503939857853,37092.85901107789,0.8832272985936246,1.3207638667392627e-05,1.0,322.99999999999994,,,,[],[],16,213.1875,25.0,450.0,"[3, 8, 15, 19, 22, 27, 30, 35, 38, 43, 46, 51, 55, 58, 61, 65]","[348.99999999999994, 268.0, 189.0, 25.0, 450.0, 204.0, 45.0, 52.00000000000006, 357.0, 49.00000000000006, 287.99999999999994, 42.0, 205.99999999999994, 408.0000000000001, 109.0, 369.99999999999994]","[0, 0, 0, 0, 0, 24, 29, 32, 32, 40, 40, 47, 54, 32, 60, 60]","[5, 9, 16, 20, 32, 32, 32, 36, 54, 45, 54, 54, 56, 67, 62, 67]",6764700.0,460.0,-460.0,0.0,,,,DWT,inu.32000013032828,0.0,,0.0,34,6.0,0.0,34,,0.0,79.3125,486.0,79.3125,,0.0,79.3125,,,17.0,0.0,34,0.0,0.0,,5.684341886080802e-14,0.9648750590273125,0.7649951010438012,0.004422786569307469,0.35686274509803895,0.0074485346869528155,,,,,,,0.0,0.0,0.0,463,1.1093584911369385,0.7570319957563653,297,0,0.0,0.0,498,0,0.41972084528508263,0.7143099449643527,295,107.4782923819193,0.8269270654075374,388.25,366.1430046820172,0.6008628885813854,301,bior,292.162962962963,301.0,176.53037485058104,135,0.7773306480916924,0.9625172382852065,0.16711337485025335,4,226.75
bior1.1,1,periodic,2.909227556321153e-27,318.6173797078936,1299600.886727477,0.6857142857142857,338.0949756963641,69,raw,4.3250427394093045e-14,-7.188005746172646e-11,5.205213438284257,16267.57306122449,0.5310597865481934,1.3207638667392622e-05,1.0,323.00000000000006,,,,[],[],16,213.18750000000006,25.0,450.00000000000006,"[3, 8, 15, 19, 22, 27, 30, 35, 38, 43, 46, 51, 55, 58, 61, 65]","[349.00000000000006, 268.0000000000001, 189.00000000000006, 25.0, 450.00000000000006, 204.00000000000006, 45.0, 52.0, 357.00000000000006, 48.99999999999994, 288.00000000000006, 41.99999999999994, 206.00000000000003, 408.0000000000001, 109.00000000000003, 370.00000000000006]","[0, 0, 0, 0, 0, 24, 29, 32, 32, 40, 40, 47, 54, 32, 60, 60]","[5, 9, 16, 20, 32, 32, 32, 36, 54, 45, 54, 54, 56, 67, 62, 67]",6764700.0,460.00000000000006,-460.00000000000006,0.0,,,,DWT,inu.32000013032828,0.0,,0.0,34,6.0,0.0,34,,5.684341886080802e-14,79.31249999999994,486.0000000000009,79.31249999999997,,0.0,79.31249999999994,,,17.0,0.0,34,5.684341886080802e-14,5.684341886080802e-14,,5.684341886080802e-14,0.93086721905886,0.8132489608530755,0.0001606755336065102,0.8392156862745098,0.0004615026358122784,,,,,,,0.0,0.0,0.0,453,1.3010960251927859,0.8878746847765232,51,0,0.0,0.0,474,0,0.5167908088711729,0.8795103183214971,46,239.7623823705462,0.6139092071327759,256.0,87.59600354322453,0.6008354409254861,302,bior,292.162962962963,301.0,176.53037485058104,135,0.7773306480916924,0.9625172382852065,0.16711337485025335,4,227.5
rbio2.6,1,periodization,1.3389692891386775e-27,321.9874504730003,1332388.426266063,0.6285714285714286,338.64577238036554,69,raw,2.5288150790245107e-14,-7.061073947767253e-11,5.229020536702156,15852.414503401156,0.53337857631071,1.3207638667392627e-05,1.0,323.00000000000006,,,,[],[],16,213.1875,25.0,450.0,"[3, 8, 15, 19, 22, 27, 30, 35, 38, 43, 46, 51, 55, 58, 61, 65]","[349.00000000000006, 268.00000000000006, 189.0, 25.0, 450.0, 204.0, 45.0, 52.00000000000006, 357.0, 48.99999999999994, 288.00000000000006, 42.0, 206.00000000000006, 408.0, 109.00000000000003, 370.0]","[0, 0, 0, 0, 0, 24, 29, 32, 32, 40, 40, 47, 54, 32, 60, 60]","[5, 9, 16, 20, 32, 32, 32, 36, 54, 45, 54, 54, 56, 67, 62, 67]",6764700.0,460.0,-460.0,0.0,,,,DWT,inu.32000013032828,0.0,,0.0,34,6.0,0.0,34,,0.0,79.3125,486.0,79.31249999999999,,0.0,79.3125,,,17.0,0.0,34,0.0,0.0,,5.684341886080802e-14,0.9673290752893431,0.821530905511194,0.00046201346587902833,0.5176470588235292,0.0003222139769769681,,,,,,,0.0,0.0,0.0,291,1.1985816137823448,0.8179183180259527,181,0,0.0,0.0,580,0,0.4614582534133845,0.7853415509424455,189,186.67507421542206,0.6993960157561642,310.25,250.3688054977374,0.5998992961228486,303,rbio,249.7925925925926,196.0,174.24048813612427,135,0.6645997696604647,0.9500318207572005,0.24977061501051454,3,228.0
rbio1.3,1,antisymmetric,2.1577746638810563e-27,319.9150957396284,1325318.1104405746,0.6486486486486487,300.74727489269594,69,raw,3.8204544198115544e-14,-7.171030436126128e-11,5.219349975211225,28298.023631528493,0.6784092625697553,1.3207638667392624e-05,0.9999999999999999,323.00000000000006,,,,[],[],16,213.18750000000003,25.0,450.00000000000006,"[3, 8, 15, 19, 22, 27, 30, 35, 38, 43, 46, 51, 55, 58, 61, 65]","[349.0, 268.0, 189.0, 25.0, 450.00000000000006, 204.00000000000006, 45.0, 52.0, 357.00000000000006, 48.99999999999994, 288.00000000000006, 41.99999999999994, 206.00000000000003, 408.00000000000006, 109.00000000000006, 370.00000000000006]","[0, 0, 0, 0, 0, 24, 29, 32, 32, 40, 40, 47, 54, 32, 60, 60]","[5, 9, 16, 20, 32, 32, 32, 36, 54, 45, 54, 54, 56, 67, 62, 67]",6764700.0,460.00000000000006,-460.00000000000006,0.0,,,,DWT,inu.32000013032828,0.0,,0.0,34,6.0,0.0,34,,5.684341886080802e-14,79.31249999999997,486.00000000000045,79.31249999999999,,0.0,79.31249999999997,,,17.0,0.0,34,5.684341886080802e-14,5.684341886080802e-14,,5.684341886080802e-14,0.944907617221125,0.8181667385020549,0.0003970328549106755,0.6306306306306307,0.004497804654751315,,,,,,,0.0,0.0,0.0,530,1.2302778301253106,0.8395479806712975,141,0,0.0,0.0,401,0,0.47971996477269463,0.8164205935550745,144,193.7816640792759,0.6879522317563995,304.0,217.18826796270693,0.5992096102421289,304,rbio,249.7925925925926,196.0,174.24048813612427,135,0.6645997696604647,0.9500318207572005,0.24977061501051454,3,228.75
bior3.3,1,symmetric,1.223443234630593e-27,322.37931839621075,1500326.4574152704,0.6052631578947368,232.3420123680827,69,raw,2.3092638912203262e-14,-6.952105557900295e-11,5.048807192812841,22259.4758517194,0.808989300918315,1.3207638667392627e-05,0.9999999999999999,323.00000000000006,,,,[],[],16,213.1875,25.0,449.99999999999994,"[3, 8, 15, 19, 22, 27, 30, 35, 38, 43, 46, 51, 55, 58, 61, 65]","[349.0, 267.99999999999994, 189.0, 25.0, 449.99999999999994, 204.0000000000001, 45.0, 52.0, 357.00000000000006, 48.999999999999886, 288.00000000000006, 42.0, 205.99999999999997, 408.0, 109.0, 369.9999999999999]","[0, 0, 0, 0, 0, 24, 29, 32, 32, 40, 40, 47, 54, 32, 60, 60]","[5, 9, 16, 20, 32, 32, 32, 36, 54, 45, 54, 54, 56, 67, 62, 67]",6764700.0,459.99999999999994,-459.99999999999994,0.0,,,,DWT,inu.32000013032828,0.0,,0.0,34,6.0,0.0,34,,5.684341886080802e-14,79.3125,486.0,79.3125,,0.0,79.3125,,,17.0,0.0,34,5.684341886080802e-14,5.684341886080802e-14,,5.684341886080802e-14,0.9715688176785462,0.7588388077785403,0.002005468686020328,0.3864809081527346,0.0024718287818886095,,,,,,,0.0,0.0,0.0,478,1.1189445236132574,0.7635735541028431,284,0,0.0,0.0,487,0,0.424273166215546,0.7220573993732247,286,114.08878121883852,0.816282155847281,383.75,358.3244140902049,0.5991636222070544,305,bior,292.162962962963,301.0,176.53037485058104,135,0.7773306480916924,0.9625172382852065,0.16711337485025335,4,229.75
bior3.3,1,antireflect,1.1890077412026845e-27,322.50330981199744,1684371.9932793118,0.6052631578947368,222.38262548710452,69,raw,2.2757962985939447e-14,-6.9492744891875e-11,4.983819968456352,32287.77522763915,0.8732000094149968,1.3207638667392627e-05,0.9999999999999999,323.00000000000006,,,,[],[],16,213.1875,25.0,449.99999999999994,"[3, 8, 15, 19, 22, 27, 30, 35, 38, 43, 46, 51, 55, 58, 61, 65]","[349.0, 267.99999999999994, 189.0, 25.0, 449.99999999999994, 204.0000000000001, 45.0, 52.0, 357.00000000000006, 48.999999999999886, 288.00000000000006, 42.0, 205.99999999999997, 408.0, 109.0, 369.9999999999999]","[0, 0, 0, 0, 0, 24, 29, 32, 32, 40, 40, 47, 54, 32, 60, 60]","[5, 9, 16, 20, 32, 32, 32, 36, 54, 45, 54, 54, 56, 67, 62, 67]",6764700.0,459.99999999999994,-459.99999999999994,0.0,,,,DWT,inu.32000013032828,0.0,,0.0,34,6.0,0.0,34,,5.684341886080802e-14,79.3125,486.0,79.3125,,0.0,79.3125,,,17.0,0.0,34,5.684341886080802e-14,5.684341886080802e-14,,5.684341886080802e-14,0.9729103198283046,0.73623123981047,0.0036969619179534462,0.3864809081527346,0.005836394787210481,,,,,,,0.0,0.0,0.0,472,1.1106372139371725,0.7579046028362355,294,0,0.0,0.0,496,0,0.4210311648993346,0.7165399374511598,293,110.42154077292467,0.8221875349872388,388.75,365.3267328354072,0.5980905468817032,306,bior,292.162962962963,301.0,176.53037485058104,135,0.7773306480916924,0.9625172382852065,0.16711337485025335,4,230.5
coif1,1,constant,1.4116265752094024e-27,321.7579583759265,1390041.8859557263,0.5945945945945946,260.4540755988461,69,raw,2.2603497173817682e-14,-7.01801949887229e-11,5.137298431183712,17331.90723155588,0.707856954727774,1.3207638667392629e-05,1.0,323.00000000000006,,,,[],[],16,213.1875,25.0,450.00000000000006,"[3, 8, 15, 19, 22, 27, 30, 35, 38, 43, 46, 51, 55, 58, 61, 65]","[348.99999999999994, 267.99999999999994, 189.00000000000006, 25.0, 450.00000000000006, 203.99999999999997, 45.0, 52.000000000000114, 357.0, 49.0, 288.0, 42.0, 205.99999999999997, 407.99999999999994, 109.0, 370.0]","[0, 0, 0, 0, 0, 24, 29, 32, 32, 40, 40, 47, 54, 32, 60, 60]","[5, 9, 16, 20, 32, 32, 32, 36, 54, 45, 54, 54, 56, 67, 62, 67]",6764700.0,460.00000000000006,-460.00000000000006,0.0,,,,DWT,inu.32000013032828,0.0,,0.0,34,6.0,0.0,34,,5.684341886080802e-14,79.3125,486.0,79.3125,,0.0,79.3125,,,17.0,0.0,34,5.684341886080802e-14,5.684341886080802e-14,,5.684341886080802e-14,0.9648461280657488,0.7896228842775456,0.0009918847089100725,0.3264440911499736,0.0008185943453396499,,,,,,,0.0,0.0,0.0,377,1.1051201355308025,0.7541397198790246,302,0,0.0,0.0,550,0,0.4165447165095036,0.7089045894849445,308,115.62114858450421,0.8138145755483024,384.25,362.6896369549033,0.597527255568032,307,coif,212.88888888888889,210.0,126.92181240687695,45,0.566413539530329,0.6920306630483438,0.39590132341426654,2,230.75
sym5,1,antisymmetric,5.788220559628674e-22,265.62970591848307,1418443.174505968,0.6282051282051282,284.4634969028782,69,raw,1.893470243720767e-11,,5.30455932913764,44909.38443450675,0.8080438489737292,1.3207638667394477e-05,1.0,323.00000000000904,,,,[],[],16,213.1874999999589,24.999999999969077,449.9999999999278,"[3, 8, 15, 19, 22, 27, 30, 35, 38, 43, 46, 51, 55, 58, 61, 65]","[348.99999999989666, 267.99999999996305, 188.99999999997618, 24.999999999969077, 449.9999999999278, 203.9999999999425, 44.99999999996038, 51.999999999964984, 356.9999999999572, 48.99999999997243, 287.99999999994156, 41.99999999999369, 205.99999999996822, 407.9999999999407, 109.00000000002981, 369.9999999999377]","[0, 0, 0, 0, 0, 24, 29, 32, 32, 40, 40, 47, 54, 32, 60, 60]","[5, 9, 16, 20, 32, 32, 32, 36, 54, 45, 54, 54, 56, 67, 62, 67]",6764699.999999804,459.9999999999711,-459.9999999999711,0.0,,,,DWT,inu.32000013032828,1.955777406692505e-07,,0.0,34,6.0,0.0,34,,2.887645678129047e-11,79.3125000000411,485.99999999934244,79.31250000004113,,0.0,79.3125000000411,,,17.000000000030923,0.0,34,7.219114195322618e-11,2.887645678129047e-11,,9.038103598868474e-12,0.3575769001429495,0.8478091225164822,0.0012529102596542227,0.5155857214680742,0.010071034747387122,,,,,,,0.014085451740559394,0.007042725870279697,0.014085451740559394,151,0.8493398589600224,0.5795939307635107,480,0,0.014085451740559394,0.014085451740559394,151,0,0.34645913782690946,0.589628107475682,471,187.3861876802379,0.6982509055068633,313.25,229.2065442350204,0.5969112820610001,308,sym,375.8541666666667,399.5,183.40489689834808,144,1.0,1.0,0.0,6,232.5
rbio2.2,1,periodization,1.0420072161181778e-27,323.07644936809,1327585.7566630347,0.6285714285714286,336.52244092568327,69,raw,1.9143685735587664e-14,-6.886402559302977e-11,5.213499647960421,15199.292091836736,0.5133275826403367,1.3207638667392627e-05,1.0,323.0,,,,[],[],16,213.1875,25.000000000000057,449.99999999999994,"[3, 8, 15, 19, 22, 27, 30, 35, 38, 43, 46, 51, 55, 58, 61, 65]","[349.0, 268.0, 188.99999999999997, 25.000000000000057, 449.99999999999994, 203.99999999999997, 45.0, 52.00000000000006, 356.99999999999994, 49.0, 288.0, 42.0, 206.00000000000003, 408.0, 108.99999999999997, 370.00000000000006]","[0, 0, 0, 0, 0, 24, 29, 32, 32, 40, 40, 47, 54, 32, 60, 60]","[5, 9, 16, 20, 32, 32, 32, 36, 54, 45, 54, 54, 56, 67, 62, 67]",6764700.0,459.99999999999994,-459.99999999999994,0.0,,,,DWT,inu.32000013032828,0.0,,0.0,34,6.0,0.0,34,,5.684341886080802e-14,79.3125,486.0,79.3125,,0.0,79.3125,,,16.999999999999943,0.0,34,5.684341886080802e-14,5.684341886080802e-14,,0.0,0.9791112970631513,0.8161315435500058,0.0004178739376335047,0.5176470588235292,0.0001030867470360546,,,,,,,0.0,0.0,0.0,300,1.2028415452099364,0.8208253173559076,177,0,0.0,0.0,583,0,0.4626821720242712,0.7874245002298214,184,189.90348425801287,0.6941972878292868,311.0,247.9374805841236,0.5966960674251104,309,rbio,249.7925925925926,196.0,174.24048813612427,135,0.6645997696604647,0.9500318207572005,0.24977061501051454,3,232.5
db16,1,antireflect,5.651811104606053e-27,315.73328024977525,1911644.3467364882,0.64,318.32136813920164,69,raw,5.586513538403684e-14,-7.123257539376509e-11,5.632477739156907,90080.67971627755,0.9278396909868157,1.3207638667392627e-05,1.0,323.0000000000001,,,,[],[],16,213.18749999999997,24.99999999999983,450.0,"[3, 8, 15, 19, 22, 27, 30, 35, 38, 43, 46, 51, 55, 58, 61, 65]","[349.00000000000006, 267.9999999999999, 188.99999999999994, 24.99999999999983, 450.0, 203.9999999999999, 45.00000000000006, 51.999999999999886, 357.0, 49.0, 288.0, 42.00000000000006, 206.00000000000006, 407.9999999999999, 109.00000000000014, 370.0000000000001]","[0, 0, 0, 0, 0, 24, 29, 32, 32, 40, 40, 47, 54, 32, 60, 60]","[5, 9, 16, 20, 32, 32, 32, 36, 54, 45, 54, 54, 56, 67, 62, 67]",6764700.0,460.00000000000006,-460.00000000000006,0.0,,,,DWT,inu.32000013032828,0.0,,0.0,34,6.0,0.0,34,,5.684341886080802e-14,79.31250000000003,485.99999999999955,79.31250000000003,,0.0,79.31250000000003,,,17.00000000000017,0.0,34,0.0,5.684341886080802e-14,,1.1368683772161603e-13,0.8996632393427265,0.96188443217774,0.005785736556651078,0.5819607843137256,0.025226326669200452,,,,,,,0.0,0.0,0.0,553,1.2665078723660022,0.864271549655476,91,0,0.0,0.0,366,0,0.4949041038120088,0.8422620108764768,110,221.01734471906647,0.6440944529483632,280.0,162.4663775048822,0.5966043923356953,310,db,361.0980392156863,403.0,158.96390539935234,153,0.9607397529157442,0.8667375194865046,0.06746091711302768,5,233.75
sym16,1,reflect,4.477648261660127e-20,246.74465688461322,1611164.7946522846,0.65,297.6216705841959,69,raw,1.619352639099288e-10,3.1323388287551025e-11,5.731947204348225,16338.788844923054,0.5448158032167856,1.320763866742626e-05,1.0,323.00000000001273,,,,[],[],16,213.18749999958587,24.999999999959243,449.99999999923784,"[3, 8, 15, 19, 22, 27, 30, 35, 38, 43, 46, 51, 55, 58, 61, 65]","[348.99999999912245, 267.99999999963825, 188.99999999965382, 24.999999999959243, 449.99999999923784, 203.9999999994532, 44.9999999997558, 51.99999999991161, 356.99999999941434, 48.99999999983112, 287.99999999943344, 41.999999999907004, 205.9999999998343, 407.99999999899524, 109.0000000000251, 369.99999999920146]","[0, 0, 0, 0, 0, 24, 29, 32, 32, 40, 40, 47, 54, 32, 60, 60]","[5, 9, 16, 20, 32, 32, 32, 36, 54, 45, 54, 54, 56, 67, 62, 67]",6764699.999997136,459.9999999997726,-459.9999999997726,0.0,,,,DWT,inu.32000013032828,2.8638169169425964e-06,,0.0,34,6.0,0.0,34,,2.2737367544323206e-10,79.31250000041413,485.9999999933739,79.31250000041412,,0.0,79.31250000041413,,,17.000000000040757,0.0,34,7.621565600857139e-10,2.2737367544323206e-10,,1.2732925824820995e-11,0.15325361117581737,0.996487582525025,0.0030241421159133922,0.6382352941176471,0.0004853960394585544,,,,,,,0.2062512576296197,0.10312562881480986,0.2062512576296197,15,0.8471963050888018,0.5781311584693372,481,0,0.2062512576296197,0.2062512576296197,15,0,0.3582972051947723,0.6097749487512896,452,260.94236272914117,0.5798029585682107,240.75,29.064544950191504,0.5960608995739605,311,sym,375.8541666666667,399.5,183.40489689834808,144,1.0,1.0,0.0,6,234.75
coif2,1,reflect,3.498243698886175e-27,317.8166560281885,1419247.6139672054,0.625,281.18619283364694,69,raw,3.964622511125196e-14,-7.07636171881634e-11,5.324922322365845,16256.657886417413,0.6181528562354458,1.3207638667392627e-05,1.0,323.0000000000001,,,,[],[],16,213.18750000000003,24.99999999999983,450.0,"[3, 8, 15, 19, 22, 27, 30, 35, 38, 43, 46, 51, 55, 58, 61, 65]","[349.00000000000006, 268.0, 189.0000000000001, 24.99999999999983, 450.0, 204.0, 45.000000000000114, 52.00000000000017, 357.0000000000001, 48.99999999999994, 288.00000000000006, 42.00000000000006, 206.0, 408.0, 109.00000000000003, 369.99999999999994]","[0, 0, 0, 0, 0, 24, 29, 32, 32, 40, 40, 47, 54, 32, 60, 60]","[5, 9, 16, 20, 32, 32, 32, 36, 54, 45, 54, 54, 56, 67, 62, 67]",6764700.0,460.0,-460.0,0.0,,,,DWT,inu.32000013032828,0.0,,0.0,34,6.0,0.0,34,,0.0,79.31249999999997,486.00000000000045,79.31249999999999,,0.0,79.31249999999997,,,17.00000000000017,0.0,34,0.0,0.0,,1.1368683772161603e-13,0.9222039375657709,0.8548929418055581,0.0012603035598926374,0.49754901960784303,0.00045784051677081683,,,,,,,0.0,0.0,0.0,363,1.1806017292720334,0.805648751458377,206,0,0.0,0.0,561,0,0.4552728086111671,0.7748147334496166,211,167.20920030508688,0.7307420284942241,335.25,283.0644475253637,0.595443478015228,312,coif,212.88888888888889,210.0,126.92181240687695,45,0.566413539530329,0.6920306630483438,0.39590132341426654,2,234.5
bior2.4,1,periodization,1.5978127017700207e-27,321.21989794114285,1393067.5976233182,0.5857142857142857,228.21410859504576,69,raw,2.8801876675698806e-14,-7.089340225974208e-11,5.041647952057143,16656.271029476244,0.7330651576355585,1.3207638667392627e-05,0.9999999999999999,323.00000000000006,,,,[],[],16,213.1875,25.0,450.0,"[3, 8, 15, 19, 22, 27, 30, 35, 38, 43, 46, 51, 55, 58, 61, 65]","[349.0, 268.0, 189.00000000000006, 25.0, 450.0, 204.00000000000006, 45.0, 52.0, 357.0, 49.0, 288.00000000000006, 42.00000000000006, 206.00000000000003, 408.00000000000006, 109.00000000000003, 370.0]","[0, 0, 0, 0, 0, 24, 29, 32, 32, 40, 40, 47, 54, 32, 60, 60]","[5, 9, 16, 20, 32, 32, 32, 36, 54, 45, 54, 54, 56, 67, 62, 67]",6764700.0,460.0,-460.0,0.0,,,,DWT,inu.32000013032828,0.0,,0.0,34,6.0,0.0,34,,0.0,79.3125,486.0,79.31249999999999,,0.0,79.3125,,,17.0,0.0,34,0.0,0.0,,5.684341886080802e-14,0.9590246828843831,0.7563482717757041,0.0010196928857478611,0.27647058823529413,0.0005919135780162838,,,,,,,0.0,0.0,0.0,433,1.06492379278668,0.7267095268324978,338,0,0.0,0.0,532,0,0.39869102987182914,0.6785199515456354,352,89.26505475268584,0.8562559504787668,413.75,400.4542335208521,0.5949959301508165,313,bior,292.162962962963,301.0,176.53037485058104,135,0.7773306480916924,0.9625172382852065,0.16711337485025335,4,235.75
rbio1.5,1,smooth,2.838984637456256e-27,318.7235262092043,5595257.39569304,0.6666666666666666,333.770505076992,69,raw,4.325042739409306e-14,-7.173550642392026e-11,3.534774560013552,143179.0822421644,0.9613799919331406,1.3207638667392622e-05,0.9999999999999998,323.00000000000006,,,,[],[],16,213.18750000000006,25.0,450.00000000000006,"[3, 8, 15, 19, 22, 27, 30, 35, 38, 43, 46, 51, 55, 58, 61, 65]","[349.0000000000001, 268.0, 189.00000000000006, 25.0, 450.00000000000006, 204.00000000000006, 45.0, 52.0, 357.00000000000006, 48.99999999999994, 288.00000000000006, 41.99999999999994, 206.00000000000003, 408.0000000000001, 109.00000000000006, 370.00000000000006]","[0, 0, 0, 0, 0, 24, 29, 32, 32, 40, 40, 47, 54, 32, 60, 60]","[5, 9, 16, 20, 32, 32, 32, 36, 54, 45, 54, 54, 56, 67, 62, 67]",6764700.0,460.00000000000006,-460.00000000000006,0.0,,,,DWT,inu.32000013032828,0.0,,0.0,34,6.0,0.0,34,,5.684341886080802e-14,79.31249999999994,486.0000000000009,79.31249999999997,,0.0,79.31249999999994,,,17.0,0.0,34,5.684341886080802e-14,5.684341886080802e-14,,5.684341886080802e-14,0.9320156514627824,0.23214150702717207,0.03964043730838984,0.7320261437908494,0.043041219641430914,,,,,,,0.0,0.0,0.0,542,1.0051273084183625,0.6859040953491471,406,0,0.0,0.0,338,0,0.39577299184612497,0.6735538327431992,364,90.76526501549661,0.8538401529541118,412.5,399.4445617002994,0.5947944726123215,314,rbio,249.7925925925926,196.0,174.24048813612427,135,0.6645997696604647,0.9500318207572005,0.24977061501051454,3,236.25
sym5,1,periodization,7.813624761433226e-22,264.326631123679,1340316.5139242145,0.6428571428571429,306.0081819205484,69,raw,2.140992796564833e-11,-1.3457335246214959e-10,5.159411175016576,15111.808163263162,0.60925401778136,1.3207638667395002e-05,1.0,323.0000000000091,,,,[],[],16,213.18749999995083,24.99999999996902,449.9999999999278,"[3, 8, 15, 19, 22, 27, 30, 35, 38, 43, 46, 51, 55, 58, 61, 65]","[348.9999999998797, 267.99999999996305, 188.9999999999761, 24.99999999996902, 449.9999999999278, 203.99999999994253, 44.99999999996027, 51.999999999964984, 356.9999999999572, 48.99999999997243, 287.9999999999416, 41.99999999999375, 205.99999999996825, 407.99999999986295, 109.00000000002896, 369.99999999990473]","[0, 0, 0, 0, 0, 24, 29, 32, 32, 40, 40, 47, 54, 32, 60, 60]","[5, 9, 16, 20, 32, 32, 32, 36, 54, 45, 54, 54, 56, 67, 62, 67]",6764699.999999766,459.9999999999711,-459.9999999999711,0.0,,,,DWT,inu.32000013032828,2.337619662284851e-07,,0.0,34,6.0,0.0,34,,2.887645678129047e-11,79.31250000004917,485.9999999992133,79.31250000004917,,0.0,79.31250000004917,,,17.00000000003098,0.0,34,7.219114195322618e-11,2.887645678129047e-11,,9.094947017729282e-12,0.34347852383653776,0.7973154017548223,0.0005348775348333673,0.5980392156862747,7.373526469025985e-05,,,,,,,0.016835468508954326,0.008417734254477163,0.016835468508954326,138,0.8442574343271363,0.5761256577986805,484,0,0.016835468508954326,0.016835468508954326,138,0,0.3478883508154317,0.592060440924549,470,195.80517528060045,0.6846937596125597,307.5,214.0579463086333,0.594762338743478,315,sym,375.8541666666667,399.5,183.40489689834808,144,1.0,1.0,0.0,6,237.75
bior3.5,1,reflect,1.4868084493069875e-27,321.5326064290275,1524087.960325831,0.6,241.77722099216726,69,raw,2.4302621107157054e-14,-6.92688129078081e-11,5.204607498305235,19988.531731185918,0.7446807571590157,1.3207638667392627e-05,1.0,322.99999999999994,,,,[],[],16,213.1875,25.0,450.0,"[3, 8, 15, 19, 22, 27, 30, 35, 38, 43, 46, 51, 55, 58, 61, 65]","[348.9999999999999, 268.0, 189.0, 25.0, 450.0, 204.0, 45.0, 52.00000000000006, 357.0, 49.00000000000006, 287.99999999999994, 42.0, 205.99999999999994, 408.0000000000001, 109.00000000000006, 370.0]","[0, 0, 0, 0, 0, 24, 29, 32, 32, 40, 40, 47, 54, 32, 60, 60]","[5, 9, 16, 20, 32, 32, 32, 36, 54, 45, 54, 54, 56, 67, 62, 67]",6764700.0,460.0,-460.0,0.0,,,,DWT,inu.32000013032828,0.0,,0.0,34,6.0,0.0,34,,0.0,79.3125,486.0,79.3125,,0.0,79.3125,,,17.0,0.0,34,0.0,0.0,,5.684341886080802e-14,0.9624079744298772,0.8130381682027357,0.002223851713704648,0.35686274509803895,0.001709910823368175,,,,,,,0.0,0.0,0.0,465,1.1285048569847094,0.7700975752466928,271,0,0.0,0.0,507,0,0.42724853005354496,0.7271210792052959,278,123.34065293595079,0.8013838116973417,380.25,350.5671125364876,0.5945324855588158,316,bior,292.162962962963,301.0,176.53037485058104,135,0.7773306480916924,0.9625172382852065,0.16711337485025335,4,238.0
rbio6.8,1,periodic,4.966337824873997e-22,266.2947940515457,1460835.1608440822,0.6162790697674418,295.9015466899314,69,raw,1.7343215430615147e-11,-4.854794344352447e-11,5.475603463453658,17380.849832244225,0.5598040481522872,1.3207638667395842e-05,1.0,322.9999999999997,,,,[],[],16,213.1874999999596,25.000000000003013,449.9999999999216,"[3, 8, 15, 19, 22, 27, 30, 35, 38, 43, 46, 51, 55, 58, 61, 65]","[348.9999999999209, 267.99999999997, 188.99999999996348, 25.000000000003013, 449.9999999999216, 203.99999999993943, 44.99999999997772, 51.99999999999818, 356.99999999993713, 48.99999999998374, 287.99999999994486, 41.99999999998852, 205.99999999998923, 407.9999999999024, 108.99999999999932, 369.99999999991417]","[0, 0, 0, 0, 0, 24, 29, 32, 32, 40, 40, 47, 54, 32, 60, 60]","[5, 9, 16, 20, 32, 32, 32, 36, 54, 45, 54, 54, 56, 67, 62, 67]",6764699.999999699,459.999999999979,-459.999999999979,0.0,,,,DWT,inu.32000013032828,3.0081719160079956e-07,,0.0,34,6.0,0.0,34,,2.0975221559638157e-11,79.31250000004039,485.9999999993538,79.31250000004039,,0.0,79.31250000004039,,,16.999999999996987,0.0,34,7.838707460905425e-11,2.0975221559638157e-11,,2.8421709430404007e-13,0.3647726979699313,0.9073114620975233,0.0016425190466453504,0.44847241222070205,0.0008350149371384407,,,,,,,0.021664766248574687,0.010832383124287344,0.021664766248574687,127,0.8530635802171793,0.5821350174883771,477,0,0.021664766248574687,0.021664766248574687,126,0,0.34460682125438813,0.5864757071032974,477,202.36168115530174,0.6741357791380005,301.75,199.96604774535805,0.594112978135828,317,rbio,249.7925925925926,196.0,174.24048813612427,135,0.6645997696604647,0.9500318207572005,0.24977061501051454,3,238.5
bior5.5,1,antireflect,1.7674822950902504e-20,250.7816059120998,1582756.3913952396,0.6625,343.57240461270806,69,raw,9.940331291040422e-11,-3.250058000650883e-10,5.367771880458063,33478.980595723566,0.7380327712100746,1.3207638667367043e-05,1.0,323.0000000000341,,,,[],[],16,213.18750000019833,24.99999999987199,450.00000000042314,"[3, 8, 15, 19, 22, 27, 30, 35, 38, 43, 46, 51, 55, 58, 61, 65]","[349.00000000047544, 268.00000000018576, 189.00000000023692, 24.99999999987199, 450.00000000042314, 204.00000000028461, 45.00000000005355, 51.99999999991121, 357.0000000003921, 49.00000000003138, 288.000000000294, 42.00000000006156, 206.0000000000008, 408.00000000066984, 109.00000000014714, 370.00000000013347]","[0, 0, 0, 0, 0, 24, 29, 32, 32, 40, 40, 47, 54, 32, 60, 60]","[5, 9, 16, 20, 32, 32, 32, 36, 54, 45, 54, 54, 56, 67, 62, 67]",6764700.000001721,460.0000000000815,-460.0000000000815,0.0,,,,DWT,inu.32000013032828,1.7210841178894043e-06,,0.0,34,6.0,0.0,34,,8.151346264639869e-11,79.31249999980167,486.0000000031732,79.3124999998927,,0.0,79.31249999980167,,,17.00000000012801,0.0,34,4.2314240999985486e-10,8.151346264639869e-11,,3.410605131648481e-11,0.19693063320575155,0.8697993223528736,0.0027630511765775103,0.7085784313725488,0.006236052688971732,,,,,,,0.12395197531692267,0.06197598765846134,0.12395197531692267,44,0.8403653603127849,0.573469686277972,487,0,0.12395197531692267,0.12395197531692267,43,0,0.3568614981593447,0.6073315632845405,455,247.16307032672444,0.601991835222666,257.25,79.62690500104961,0.5938703137465986,318,bior,292.162962962963,301.0,176.53037485058104,135,0.7773306480916924,0.9625172382852065,0.16711337485025335,4,239.5
bior2.6,1,periodization,1.5165887772065407e-27,321.4464782549033,1391179.9171627322,0.6,237.26130245475008,69,raw,2.8141045257993458e-14,-7.039424598787061e-11,5.042562324724855,16538.485837531574,0.7311640784222933,1.3207638667392627e-05,0.9999999999999999,323.0,,,,[],[],16,213.1875,25.0,450.0,"[3, 8, 15, 19, 22, 27, 30, 35, 38, 43, 46, 51, 55, 58, 61, 65]","[348.99999999999994, 268.0, 189.0, 25.0, 450.0, 204.0, 45.0, 52.0, 357.0, 49.00000000000006, 288.0, 42.00000000000006, 206.0, 408.0000000000001, 109.00000000000003, 369.99999999999994]","[0, 0, 0, 0, 0, 24, 29, 32, 32, 40, 40, 47, 54, 32, 60, 60]","[5, 9, 16, 20, 32, 32, 32, 36, 54, 45, 54, 54, 56, 67, 62, 67]",6764700.0,460.0,-460.0,0.0,,,,DWT,inu.32000013032828,0.0,,0.0,34,6.0,0.0,34,,0.0,79.3125,486.0,79.3125,,0.0,79.3125,,,17.0,0.0,34,0.0,0.0,,0.0,0.9614761266079186,0.7566663610992311,0.0010023439252955287,0.35686274509803895,0.0005523958055713421,,,,,,,0.0,0.0,0.0,425,1.0986860848384585,0.7497490902716099,315,0,0.0,0.0,539,0,0.41531199450721107,0.7068066579775975,314,107.32311027919383,0.8271769560721516,398.25,378.5174217655165,0.5929363041230323,319,bior,292.162962962963,301.0,176.53037485058104,135,0.7773306480916924,0.9625172382852065,0.16711337485025335,4,240.25
bior2.6,1,zero,1.3587614617928524e-27,321.92372442774854,1373757.1731900715,0.5975609756097561,175.86180518779867,69,raw,2.502346156372527e-14,-7.047551431327318e-11,5.02593926376021,25631.25483043927,0.8470083135460824,1.3207638667392627e-05,1.0,323.0,,,,[],[],16,213.1875,25.0,450.0,"[3, 8, 15, 19, 22, 27, 30, 35, 38, 43, 46, 51, 55, 58, 61, 65]","[349.0, 268.0, 189.0, 25.0, 450.0, 204.0, 45.0, 52.0, 357.0, 49.00000000000006, 288.0, 42.00000000000006, 205.99999999999994, 408.0000000000001, 109.00000000000006, 370.0]","[0, 0, 0, 0, 0, 24, 29, 32, 32, 40, 40, 47, 54, 32, 60, 60]","[5, 9, 16, 20, 32, 32, 32, 36, 54, 45, 54, 54, 56, 67, 62, 67]",6764700.0,460.0,-460.0,0.0,,,,DWT,inu.32000013032828,0.0,,0.0,34,6.0,0.0,34,,0.0,79.3125,486.0,79.3125,,0.0,79.3125,,,17.0,0.0,34,0.0,0.0,,0.0,0.9666396031500144,0.7508835786474974,0.0008422180446372244,0.3431372549019605,0.0036030846911907087,,,,,,,0.0,0.0,0.0,429,1.0945427960733365,0.7469216885003027,316,0,0.0,0.0,538,0,0.41302114788706007,0.7029079368596355,323,104.65976622688714,0.8314657548681367,401.5,382.76520857309305,0.5924639563390603,320,bior,292.162962962963,301.0,176.53037485058104,135,0.7773306480916924,0.9625172382852065,0.16711337485025335,4,241.0
sym8,1,symmetric,1.3504303722901185e-21,261.9504346633152,1454867.0786534748,0.6309523809523809,278.2958228624633,69,raw,2.7624717328459756e-11,2.1375456959603145e-11,5.38139596427253,17609.529689818548,0.6295736123547994,1.3207638667396296e-05,1.0,322.9999999999794,,,,[],[],16,213.18750000000222,25.00000000007509,449.9999999999747,"[3, 8, 15, 19, 22, 27, 30, 35, 38, 43, 46, 51, 55, 58, 61, 65]","[348.99999999999295, 268.0000000000289, 188.99999999996686, 25.00000000007509, 449.9999999999747, 203.9999999999784, 45.00000000003922, 52.00000000008225, 356.99999999994327, 49.000000000018986, 288.0000000000086, 41.99999999998107, 206.0000000000486, 407.9999999999345, 108.99999999994549, 370.0000000000167]","[0, 0, 0, 0, 0, 24, 29, 32, 32, 40, 40, 47, 54, 32, 60, 60]","[5, 9, 16, 20, 32, 32, 32, 36, 54, 45, 54, 54, 56, 67, 62, 67]",6764699.999999782,460.000000000013,-460.000000000013,0.0,,,,DWT,inu.32000013032828,2.1792948246002197e-07,,0.0,34,6.0,0.0,34,,1.3017142919125035e-11,79.31249999999778,486.00000000003547,79.31249999999778,,0.0,79.31249999999778,,,16.99999999992491,0.0,34,2.5295321393059567e-11,1.3017142919125035e-11,,2.05773176276125e-11,0.317769706499456,0.8745388292927093,0.0015876686500538762,0.5310457516339867,0.0009117386612769462,,,,,,,0.01569521765376618,0.00784760882688309,0.01569521765376618,147,0.8415080689891606,0.574249476613338,486,0,0.01569521765376618,0.01569521765376618,147,0,0.3451707389474966,0.5874354212105516,475,192.59867600791029,0.6898572044961186,313.75,225.1197826746738,0.5923118550660947,321,sym,375.8541666666667,399.5,183.40489689834808,144,1.0,1.0,0.0,6,242.25
rbio1.5,1,zero,2.49947719627592e-27,319.27666484497666,1293663.6027651888,0.6538461538461539,275.3369148612529,69,raw,4.036706556782019e-14,-7.161005122213762e-11,5.174492111719464,21091.086851201508,0.7179638727308927,1.3207638667392622e-05,1.0,323.00000000000006,,,,[],[],16,213.1875,25.0,450.00000000000006,"[3, 8, 15, 19, 22, 27, 30, 35, 38, 43, 46, 51, 55, 58, 61, 65]","[349.00000000000006, 268.0, 189.00000000000006, 25.0, 450.00000000000006, 204.00000000000006, 45.0, 52.0, 357.00000000000006, 48.99999999999994, 288.00000000000006, 41.99999999999994, 206.00000000000003, 408.0, 109.00000000000006, 370.00000000000006]","[0, 0, 0, 0, 0, 24, 29, 32, 32, 40, 40, 47, 54, 32, 60, 60]","[5, 9, 16, 20, 32, 32, 32, 36, 54, 45, 54, 54, 56, 67, 62, 67]",6764700.0,460.00000000000006,-460.00000000000006,0.0,,,,DWT,inu.32000013032828,0.0,,0.0,34,6.0,0.0,34,,5.684341886080802e-14,79.3125,486.0,79.31249999999997,,0.0,79.3125,,,17.0,0.0,34,5.684341886080802e-14,5.684341886080802e-14,,5.684341886080802e-14,0.9380002324460304,0.8025617144710332,0.00010610819193681382,0.6598793363499246,0.002079825934269798,,,,,,,0.0,0.0,0.0,546,1.2289177157127809,0.838619831532493,144,0,0.0,0.0,399,0,0.48052544347863896,0.8177914128902978,143,199.2034136253694,0.6792215561588255,308.0,218.8756268606022,0.5916236605270778,322,rbio,249.7925925925926,196.0,174.24048813612427,135,0.6645997696604647,0.9500318207572005,0.24977061501051454,3,242.25
bior3.5,1,antisymmetric,1.394534588929614e-27,321.810863727317,1569071.2749846515,0.575,232.3420123680827,69,raw,2.2796579438969898e-14,-6.950773290270743e-11,5.191274502197093,56447.728351991194,0.891972762651973,1.3207638667392627e-05,1.0,322.99999999999994,,,,[],[],16,213.1875,25.0,450.0,"[3, 8, 15, 19, 22, 27, 30, 35, 38, 43, 46, 51, 55, 58, 61, 65]","[348.99999999999994, 268.0, 189.0, 25.0, 450.0, 204.0, 45.0, 52.00000000000006, 357.0, 49.00000000000006, 287.99999999999994, 42.0, 205.99999999999994, 408.0000000000001, 109.00000000000006, 370.0]","[0, 0, 0, 0, 0, 24, 29, 32, 32, 40, 40, 47, 54, 32, 60, 60]","[5, 9, 16, 20, 32, 32, 32, 36, 54, 45, 54, 54, 56, 67, 62, 67]",6764700.0,460.0,-460.0,0.0,,,,DWT,inu.32000013032828,0.0,,0.0,34,6.0,0.0,34,,0.0,79.3125,486.0,79.3125,,0.0,79.3125,,,17.0,0.0,34,0.0,0.0,,5.684341886080802e-14,0.9654185277127226,0.8083999240137033,0.002637276423725983,0.21617647058823491,0.013942231472496859,,,,,,,0.0,0.0,0.0,464,1.0768171976706409,0.7348256480931877,325,0,0.0,0.0,521,0,0.40131488604217674,0.6829854113332291,346,93.97517402661904,0.8486712173484395,414.0,398.34072375838247,0.5910022753408865,323,bior,292.162962962963,301.0,176.53037485058104,135,0.7773306480916924,0.9625172382852065,0.16711337485025335,4,243.25
db10,1,antireflect,2.971813379660372e-27,318.5249412971756,1628669.2206163686,0.625,307.96077702611046,69,raw,3.894469288119897e-14,-7.023837067521325e-11,5.497735903935417,64005.4892603553,0.8817677887617364,1.3207638667392627e-05,1.0,323.00000000000006,,,,[],[],16,213.18749999999997,25.0,450.0,"[3, 8, 15, 19, 22, 27, 30, 35, 38, 43, 46, 51, 55, 58, 61, 65]","[349.0000000000001, 267.9999999999999, 189.00000000000006, 25.0, 450.0, 204.00000000000014, 45.0, 51.99999999999983, 357.0, 48.99999999999994, 288.0, 41.99999999999983, 205.99999999999991, 408.0, 108.99999999999991, 369.99999999999994]","[0, 0, 0, 0, 0, 24, 29, 32, 32, 40, 40, 47, 54, 32, 60, 60]","[5, 9, 16, 20, 32, 32, 32, 36, 54, 45, 54, 54, 56, 67, 62, 67]",6764700.0,460.0,-460.0,0.0,,,,DWT,inu.32000013032828,0.0,,0.0,34,6.0,0.0,34,,0.0,79.31250000000003,485.99999999999955,79.31250000000003,,0.0,79.31250000000003,,,17.0,0.0,34,0.0,0.0,,5.684341886080802e-14,0.9298670988012466,0.9150108315881464,0.003185018705003795,0.49754901960784303,0.01647791419151224,,,,,,,0.0,0.0,0.0,557,1.2226289579470653,0.8343283505727819,156,0,0.0,0.0,384,0,0.4724179765787505,0.8039935653444459,159,194.0257714840995,0.6875591441479879,314.0,233.9309416481571,0.5909615366472629,324,db,361.0980392156863,403.0,158.96390539935234,153,0.9607397529157442,0.8667375194865046,0.06746091711302768,5,244.25
rbio2.8,1,smooth,1.8016211143238828e-27,320.698522003936,19086255.68486606,0.5813953488372093,307.02253709007624,69,raw,3.04297649879869e-14,-7.107325838973137e-11,3.021725589101653,529225.8779953776,0.9894055949601359,1.3207638667392627e-05,0.9999999999999999,323.00000000000006,,,,[],[],16,213.1875,25.0,450.0,"[3, 8, 15, 19, 22, 27, 30, 35, 38, 43, 46, 51, 55, 58, 61, 65]","[349.00000000000006, 268.00000000000006, 189.0, 25.0, 450.0, 204.0, 45.0, 52.0, 357.0, 48.99999999999994, 288.0, 42.0, 205.99999999999994, 408.0, 109.00000000000006, 370.00000000000006]","[0, 0, 0, 0, 0, 24, 29, 32, 32, 40, 40, 47, 54, 32, 60, 60]","[5, 9, 16, 20, 32, 32, 32, 36, 54, 45, 54, 54, 56, 67, 62, 67]",6764700.0,460.0,-460.0,0.0,,,,DWT,inu.32000013032828,0.0,,0.0,34,6.0,0.0,34,,0.0,79.3125,486.0,79.3125,,0.0,79.3125,,,17.0,0.0,34,0.0,0.0,,5.684341886080802e-14,0.9533837525332164,0.0536635123798882,0.1636311235862414,0.25216598267213863,0.17256267455267996,,,,,,,0.0,0.0,0.0,347,0.850569032392922,0.5804327250977797,479,0,0.0,0.0,313,0,0.3190814091448329,0.543034796498096,509,96.4779767615387,0.8446409391923693,412.0,394.90369773310357,0.5905974422209834,325,rbio,249.7925925925926,196.0,174.24048813612427,135,0.6645997696604647,0.9500318207572005,0.24977061501051454,3,244.5
bior2.2,1,periodization,7.411239416341099e-28,324.55624820206174,1406478.1557335411,0.5857142857142857,213.47159511991356,69,raw,1.4912540540951473e-14,-6.932732166120583e-11,5.030087187035069,17389.861734693874,0.7443257945655586,1.3207638667392627e-05,1.0,323.0,,,,[],[],16,213.1875,25.000000000000057,450.00000000000006,"[3, 8, 15, 19, 22, 27, 30, 35, 38, 43, 46, 51, 55, 58, 61, 65]","[348.99999999999994, 268.0, 189.0, 25.000000000000057, 450.00000000000006, 204.0, 45.00000000000006, 52.0, 356.9999999999999, 49.0, 288.0, 42.00000000000006, 205.99999999999997, 408.0, 109.00000000000003, 370.0]","[0, 0, 0, 0, 0, 24, 29, 32, 32, 40, 40, 47, 54, 32, 60, 60]","[5, 9, 16, 20, 32, 32, 32, 36, 54, 45, 54, 54, 56, 67, 62, 67]",6764700.0,460.00000000000006,-460.00000000000006,0.0,,,,DWT,inu.32000013032828,0.0,,0.0,34,6.0,0.0,34,,5.684341886080802e-14,79.3125,486.0,79.3125,,0.0,79.3125,,,16.999999999999943,0.0,34,5.684341886080802e-14,5.684341886080802e-14,,0.0,0.9951217063675998,0.7523265462198361,0.0011429442766245459,0.27647058823529413,0.0008380384947217108,,,,,,,0.0,0.0,0.0,442,1.0847312197607963,0.7402262178686354,320,0,0.0,0.0,535,0,0.4051799647188153,0.689563269373416,337,100.11493395093461,0.8387843253608138,408.5,391.2377850500192,0.5904871707319367,326,bior,292.162962962963,301.0,176.53037485058104,135,0.7773306480916924,0.9625172382852065,0.16711337485025335,4,245.5
bior6.8,1,antisymmetric,5.087679454450415e-22,266.18995922269323,1486641.7361198734,0.6162790697674418,280.59901230972264,69,raw,1.690324530908833e-11,,5.412371998592919,58697.34664420727,0.8625987877461437,1.3207638667395802e-05,1.0,322.9999999999996,,,,[],[],16,213.18749999996083,25.000000000003013,449.9999999999214,"[3, 8, 15, 19, 22, 27, 30, 35, 38, 43, 46, 51, 55, 58, 61, 65]","[348.99999999991087, 267.99999999997027, 188.99999999996362, 25.000000000003013, 449.9999999999214, 203.99999999993943, 44.99999999997772, 51.99999999999807, 356.99999999993713, 48.99999999998391, 287.99999999994486, 41.99999999998852, 205.9999999999892, 407.99999999993827, 109.00000000000097, 369.9999999999059]","[0, 0, 0, 0, 0, 24, 29, 32, 32, 40, 40, 47, 54, 32, 60, 60]","[5, 9, 16, 20, 32, 32, 32, 36, 54, 45, 54, 54, 56, 67, 62, 67]",6764699.999999655,459.9999999999788,-459.9999999999788,0.0,,,,DWT,inu.32000013032828,3.4458935260772705e-07,,0.0,34,6.0,0.0,34,,2.120259523508139e-11,79.31250000003917,485.99999999937336,79.31250000003918,,0.0,79.31250000003917,,,16.999999999996987,0.0,34,7.861444828449748e-11,2.120259523508139e-11,,3.979039320256561e-13,0.3636384569631419,0.8853146826733369,0.001879697564523772,0.44847241222070205,0.01469699446342983,,,,,,,0.024817224495271312,0.012408612247635656,0.024817224495271312,117,0.8470480269704681,0.5780299727113103,482,0,0.024817224495271312,0.024817224495271312,117,0,0.3428004487770269,0.5834014975676414,479,209.87039651492856,0.6620444500564757,298.75,188.1787203954071,0.5904827725322637,327,bior,292.162962962963,301.0,176.53037485058104,135,0.7773306480916924,0.9625172382852065,0.16711337485025335,4,246.25
db7,1,antisymmetric,2.0055816730071128e-27,320.23275310975134,1403484.1598754101,0.6463414634146342,289.04087260159855,69,raw,3.2849729377894507e-14,-6.779987682392653e-11,5.338247134102401,47089.83609026679,0.8317062626924318,1.3207638667392624e-05,1.0,322.99999999999994,,,,[],[],16,213.18750000000003,24.999999999999886,449.99999999999994,"[3, 8, 15, 19, 22, 27, 30, 35, 38, 43, 46, 51, 55, 58, 61, 65]","[349.0000000000001, 268.0, 189.00000000000003, 24.999999999999886, 449.99999999999994, 204.00000000000003, 45.000000000000114, 52.0, 357.0000000000001, 49.000000000000114, 288.00000000000006, 42.0, 206.00000000000006, 408.0000000000001, 108.99999999999994, 370.0]","[0, 0, 0, 0, 0, 24, 29, 32, 32, 40, 40, 47, 54, 32, 60, 60]","[5, 9, 16, 20, 32, 32, 32, 36, 54, 45, 54, 54, 56, 67, 62, 67]",6764700.0,459.99999999999994,-459.99999999999994,0.0,,,,DWT,inu.32000013032828,0.0,,0.0,34,6.0,0.0,34,,5.684341886080802e-14,79.31249999999997,486.00000000000045,79.31249999999997,,0.0,79.31249999999997,,,17.000000000000114,0.0,34,5.684341886080802e-14,5.684341886080802e-14,,5.684341886080802e-14,0.9483444522810588,0.8595283388390345,0.001115427587851364,0.6176470588235294,0.010802591838196967,,,,,,,0.0,0.0,0.0,561,1.2507084148467689,0.8534899177905637,122,0,0.0,0.0,377,0,0.48748757387393427,0.8296400476087383,123,213.69039129856387,0.6558930896963544,295.75,192.66102428545886,0.5898225512894011,328,db,361.0980392156863,403.0,158.96390539935234,153,0.9607397529157442,0.8667375194865046,0.06746091711302768,5,247.25
bior3.7,1,zero,7.874889732119318e-28,324.29271182052923,1408214.7511325045,0.5833333333333334,150.43915972845966,69,raw,1.467425215156728e-14,-6.950762188040497e-11,4.978992086155689,27656.926945252446,0.8671065555630008,1.3207638667392627e-05,1.0,323.0,,,,[],[],16,213.1875,25.000000000000057,450.00000000000006,"[3, 8, 15, 19, 22, 27, 30, 35, 38, 43, 46, 51, 55, 58, 61, 65]","[348.99999999999994, 268.0, 189.0, 25.000000000000057, 450.00000000000006, 203.99999999999994, 45.0, 52.0, 357.0, 49.0, 288.0, 41.99999999999994, 206.0, 407.99999999999994, 109.0, 370.0]","[0, 0, 0, 0, 0, 24, 29, 32, 32, 40, 40, 47, 54, 32, 60, 60]","[5, 9, 16, 20, 32, 32, 32, 36, 54, 45, 54, 54, 56, 67, 62, 67]",6764700.0,460.00000000000006,-460.00000000000006,0.0,,,,DWT,inu.32000013032828,0.0,,0.0,34,6.0,0.0,34,,5.684341886080802e-14,79.3125,486.0,79.3125,,0.0,79.3125,,,16.999999999999943,0.0,34,5.684341886080802e-14,5.684341886080802e-14,,0.0,0.9922704233160893,0.7345517300555162,0.0011589046711549668,0.26307189542483667,0.004282712141463531,,,,,,,0.0,0.0,0.0,462,1.0701594143795092,0.7302823421984149,332,0,0.0,0.0,526,0,0.39906713312181213,0.6791600300521337,351,92.16787220429181,0.851581526241076,417.75,402.9538982513415,0.589438106115707,329,bior,292.162962962963,301.0,176.53037485058104,135,0.7773306480916924,0.9625172382852065,0.16711337485025335,4,247.75
db3,1,symmetric,1.1121795486942032e-27,322.7934075856987,1328451.3490275939,0.6216216216216216,287.94938267103703,69,raw,2.183116811320887e-14,-6.781286643331466e-11,5.2513606631071035,17364.777444149433,0.5945172470040647,1.3207638667392627e-05,1.0,323.0,,,,[],[],16,213.1875,25.0,450.0,"[3, 8, 15, 19, 22, 27, 30, 35, 38, 43, 46, 51, 55, 58, 61, 65]","[348.99999999999994, 268.00000000000006, 189.0, 25.0, 450.0, 203.99999999999994, 45.0, 51.99999999999994, 357.0, 49.0, 288.0, 42.0, 206.00000000000003, 408.0, 109.00000000000003, 370.0]","[0, 0, 0, 0, 0, 24, 29, 32, 32, 40, 40, 47, 54, 32, 60, 60]","[5, 9, 16, 20, 32, 32, 32, 36, 54, 45, 54, 54, 56, 67, 62, 67]",6764700.0,460.0,-460.0,0.0,,,,DWT,inu.32000013032828,0.0,,0.0,34,6.0,0.0,34,,0.0,79.3125,486.0,79.3125,,0.0,79.3125,,,17.0,0.0,34,0.0,0.0,,0.0,0.9760489789410436,0.8293025241811135,0.00042582927118392814,0.47853736089030185,0.0008296225362356587,,,,,,,0.0,0.0,0.0,394,1.19224035746139,0.8135910117794973,196,0,0.0,0.0,557,0,0.45702886316397573,0.7778033084633716,202,172.96892784543704,0.721467104918781,337.25,278.04927999614966,0.5891957102693743,330,db,361.0980392156863,403.0,158.96390539935234,153,0.9607397529157442,0.8667375194865046,0.06746091711302768,5,248.75
bior3.9,1,smooth,1.642068279859562e-27,321.1012445153606,28448688.69559062,0.5568181818181818,196.04266807820176,69,raw,2.908462520742656e-14,-6.928291274022084e-11,2.9142802845733007,760184.7213183795,0.9963267792702382,1.3207638667392627e-05,1.0,322.99999999999994,,,,[],[],16,213.1875,24.999999999999943,450.0,"[3, 8, 15, 19, 22, 27, 30, 35, 38, 43, 46, 51, 55, 58, 61, 65]","[348.9999999999999, 267.99999999999994, 189.00000000000006, 24.999999999999943, 450.0, 204.0000000000001, 45.0, 52.0, 357.0, 49.0, 288.0, 42.0, 205.99999999999994, 408.0000000000001, 109.0, 369.9999999999999]","[0, 0, 0, 0, 0, 24, 29, 32, 32, 40, 40, 47, 54, 32, 60, 60]","[5, 9, 16, 20, 32, 32, 32, 36, 54, 45, 54, 54, 56, 67, 62, 67]",6764700.0,460.0,-460.0,0.0,,,,DWT,inu.32000013032828,0.0,,0.0,34,6.0,0.0,34,,0.0,79.3125,486.0,79.31250000000001,,0.0,79.3125,,,17.000000000000057,0.0,34,0.0,0.0,,5.684341886080802e-14,0.9577409341284455,0.016285750073100624,0.24967772068363897,0.11385918003565015,0.25005101467333596,,,,,,,0.0,0.0,0.0,383,0.8531903737390314,0.5822215420461856,476,0,0.0,0.0,312,0,0.31752291991883425,0.5403824518129173,511,90.27550424487623,0.8546288176411011,420.5,405.1091654496391,0.5887475811232881,331,bior,292.162962962963,301.0,176.53037485058104,135,0.7773306480916924,0.9625172382852065,0.16711337485025335,4,249.25
db16,1,constant,5.268401839135156e-27,316.0383677067565,1410395.4595871875,0.55,110.39445782281997,69,raw,5.3290705182007495e-14,-7.072142871322767e-11,5.19605603442003,27898.724075883132,0.8552756817104238,1.3207638667392627e-05,1.0,323.0000000000001,,,,[],[],16,213.1875,24.999999999999886,450.00000000000006,"[3, 8, 15, 19, 22, 27, 30, 35, 38, 43, 46, 51, 55, 58, 61, 65]","[349.0, 268.0000000000001, 188.99999999999991, 24.999999999999886, 450.00000000000006, 203.99999999999977, 45.00000000000006, 51.999999999999886, 357.00000000000006, 48.99999999999994, 288.0, 42.000000000000114, 206.0, 407.99999999999994, 109.00000000000009, 370.0]","[0, 0, 0, 0, 0, 24, 29, 32, 32, 40, 40, 47, 54, 32, 60, 60]","[5, 9, 16, 20, 32, 32, 32, 36, 54, 45, 54, 54, 56, 67, 62, 67]",6764700.0,460.0000000000001,-460.0000000000001,0.0,,,,DWT,inu.32000013032828,0.0,,0.0,34,6.0,0.0,34,,1.1368683772161603e-13,79.3125,486.0,79.31250000000003,,0.0,79.3125,,,17.000000000000114,0.0,34,5.684341886080802e-14,1.1368683772161603e-13,,1.1368683772161603e-13,0.9029640765563991,0.8100633096374467,0.0011789467415838873,0.07549019607843144,0.004363836804320913,,,,,,,0.0,0.0,0.0,522,0.9793411872764556,0.668307512362824,417,0,0.0,0.0,319,0,0.3588120731636364,0.6106511866475833,451,84.38947406716866,0.8641071271060086,427.25,413.82671678738427,0.5880519532470462,332,db,361.0980392156863,403.0,158.96390539935234,153,0.9607397529157442,0.8667375194865046,0.06746091711302768,5,250.25
bior3.3,1,smooth,1.176751815254903e-27,322.54830786442227,3877421.991526137,0.5921052631578947,196.04266807820176,69,raw,2.2294565549574162e-14,-6.946443420474705e-11,3.8395971814109755,95038.76246063995,0.9661842296927776,1.3207638667392627e-05,0.9999999999999999,323.00000000000006,,,,[],[],16,213.1875,25.0,449.99999999999994,"[3, 8, 15, 19, 22, 27, 30, 35, 38, 43, 46, 51, 55, 58, 61, 65]","[349.0, 267.99999999999994, 189.0, 25.0, 449.99999999999994, 204.0000000000001, 45.0, 52.0, 357.00000000000006, 48.999999999999886, 288.00000000000006, 42.0, 205.99999999999997, 408.00000000000006, 109.0, 369.9999999999999]","[0, 0, 0, 0, 0, 24, 29, 32, 32, 40, 40, 47, 54, 32, 60, 60]","[5, 9, 16, 20, 32, 32, 32, 36, 54, 45, 54, 54, 56, 67, 62, 67]",6764700.0,459.99999999999994,-459.99999999999994,0.0,,,,DWT,inu.32000013032828,0.0,,0.0,34,6.0,0.0,34,,5.684341886080802e-14,79.3125,486.0,79.3125,,0.0,79.3125,,,17.0,0.0,34,5.684341886080802e-14,5.684341886080802e-14,,5.684341886080802e-14,0.9733971679191974,0.33818232042836033,0.023852458827510407,0.31243550051599545,0.026889798812175316,,,,,,,0.0,0.0,0.0,476,0.900785810110722,0.6147009150110322,449,0,0.0,0.0,309,0,0.3349514493006478,0.5700435277479878,486,82.1664976333623,0.8676867993021541,430.0,415.7195643192365,0.5876276186526874,333,bior,292.162962962963,301.0,176.53037485058104,135,0.7773306480916924,0.9625172382852065,0.16711337485025335,4,250.75
sym11,1,constant,9.519880435806213e-24,283.46884169432,1565364.5903149405,0.5777777777777777,220.43659040478084,69,raw,2.272546080463881e-12,-6.76730893545212e-11,5.322980683846628,22123.86315353901,0.7916774576355262,1.3207638667392119e-05,1.0,322.99999999999983,,,,[],[],16,213.18750000000608,25.000000000000682,450.00000000001074,"[3, 8, 15, 19, 22, 27, 30, 35, 38, 43, 46, 51, 55, 58, 61, 65]","[349.0000000000128, 268.0000000000051, 189.0000000000049, 25.000000000000682, 450.00000000001074, 204.00000000000762, 45.00000000000364, 52.000000000001535, 357.00000000000813, 49.00000000000222, 288.0000000000081, 42.00000000000125, 206.0000000000023, 408.00000000001785, 108.99999999999957, 370.0000000000106]","[0, 0, 0, 0, 0, 24, 29, 32, 32, 40, 40, 47, 54, 32, 60, 60]","[5, 9, 16, 20, 32, 32, 32, 36, 54, 45, 54, 54, 56, 67, 62, 67]",6764700.000000039,460.00000000000324,-460.00000000000324,0.0,,,,DWT,inu.32000013032828,3.91155481338501e-08,,0.0,34,6.0,0.0,34,,3.240074875066057e-12,79.31249999999392,486.0000000000973,79.31249999999628,,0.0,79.31249999999392,,,16.999999999999318,0.0,34,1.0743406164692715e-11,3.240074875066057e-12,,1.7053025658242404e-13,0.5505841244034273,0.8542174902036888,0.0026032096803937353,0.23180827886710198,0.002426329753879599,,,,,,,0.002817090348111879,0.0014085451740559396,0.002817090348111879,179,0.8524546680324901,0.5817194926511866,478,0,0.002817090348111879,0.002817090348111879,178,0,0.3283278865816983,0.5587710909024288,499,179.1842627018344,0.7114585141677385,333.5,261.4271791818903,0.5872107385653507,334,sym,375.8541666666667,399.5,183.40489689834808,144,1.0,1.0,0.0,6,252.0
db17,1,antireflect,5.0998485590529335e-27,316.17958383528776,1953068.2524894946,0.6274509803921569,319.2920281693893,69,raw,5.616119485727023e-14,-6.651568185134262e-11,5.678196476148534,93479.62688036574,0.9293004359817225,1.3207638667392627e-05,1.0,323.0,,,,[],[],16,213.18749999999997,25.0,450.0000000000001,"[3, 8, 15, 19, 22, 27, 30, 35, 38, 43, 46, 51, 55, 58, 61, 65]","[348.99999999999994, 267.99999999999983, 189.00000000000017, 25.0, 450.0000000000001, 204.00000000000017, 45.00000000000006, 51.99999999999977, 356.99999999999994, 49.00000000000006, 287.99999999999983, 42.0, 205.99999999999997, 407.9999999999999, 109.00000000000003, 369.9999999999999]","[0, 0, 0, 0, 0, 24, 29, 32, 32, 40, 40, 47, 54, 32, 60, 60]","[5, 9, 16, 20, 32, 32, 32, 36, 54, 45, 54, 54, 56, 67, 62, 67]",6764700.0,460.0,-460.0,0.0,,,,DWT,inu.32000013032828,0.0,,0.0,34,6.0,0.0,34,,0.0,79.31250000000003,485.99999999999955,79.31250000000003,,0.0,79.31250000000003,,,17.0,0.0,34,1.1368683772161603e-13,0.0,,0.0,0.9044919382942724,0.9777889343962491,0.00616644807944078,0.511341791618608,0.026366697698573267,,,,,,,0.0,0.0,0.0,547,1.2497562499412809,0.8528401555140321,127,0,0.0,0.0,409,0,0.4852311620174288,0.825799929951626,128,210.05773016006813,0.661742785571549,302.75,200.404244540175,0.5871113283735362,335,db,361.0980392156863,403.0,158.96390539935234,153,0.9607397529157442,0.8667375194865046,0.06746091711302768,5,252.5
bior3.3,1,periodic,1.1765688909870256e-27,322.5489830210221,1459022.5982305089,0.5921052631578947,252.91600895115607,69,raw,2.2243076945533575e-14,-6.946443420474705e-11,5.139881581333632,21603.700788587747,0.7372628488448505,1.3207638667392627e-05,0.9999999999999999,323.00000000000006,,,,[],[],16,213.1875,25.0,449.99999999999994,"[3, 8, 15, 19, 22, 27, 30, 35, 38, 43, 46, 51, 55, 58, 61, 65]","[349.0, 267.99999999999994, 189.0, 25.0, 449.99999999999994, 204.0000000000001, 45.0, 52.0, 357.00000000000006, 48.999999999999886, 288.00000000000006, 42.0, 205.99999999999997, 408.00000000000006, 109.0, 369.9999999999999]","[0, 0, 0, 0, 0, 24, 29, 32, 32, 40, 40, 47, 54, 32, 60, 60]","[5, 9, 16, 20, 32, 32, 32, 36, 54, 45, 54, 54, 56, 67, 62, 67]",6764700.0,459.99999999999994,-459.99999999999994,0.0,,,,DWT,inu.32000013032828,0.0,,0.0,34,6.0,0.0,34,,5.684341886080802e-14,79.3125,486.0,79.3125,,0.0,79.3125,,,17.0,0.0,34,5.684341886080802e-14,5.684341886080802e-14,,5.684341886080802e-14,0.9734044726509348,0.790521503093233,0.0016258604660450622,0.31243550051599545,0.0022518115684168386,,,,,,,0.0,0.0,0.0,477,1.1059912902039648,0.7547342003522941,300,0,0.0,0.0,517,0,0.4160478296589251,0.7080589530985765,311,111.8522090379384,0.8198837213559769,401.25,378.0918656407175,0.5868742278277469,336,bior,292.162962962963,301.0,176.53037485058104,135,0.7773306480916924,0.9625172382852065,0.16711337485025335,4,253.0
db11,1,smooth,3.2256065103817478e-27,318.1690427637743,15181809.99526433,0.5888888888888889,280.5592634243178,69,raw,4.0843335155195615e-14,-6.89239776363595e-11,3.6357362720811195,612590.9192210393,0.9930051660820491,1.3207638667392624e-05,0.9999999999999999,323.0,,,,[],[],16,213.1875,25.000000000000114,450.0,"[3, 8, 15, 19, 22, 27, 30, 35, 38, 43, 46, 51, 55, 58, 61, 65]","[349.0, 268.0, 189.0, 25.000000000000114, 450.0, 204.0, 45.00000000000006, 52.0, 357.0, 49.00000000000006, 287.99999999999994, 41.999999999999886, 206.00000000000006, 408.0, 109.00000000000009, 370.0]","[0, 0, 0, 0, 0, 24, 29, 32, 32, 40, 40, 47, 54, 32, 60, 60]","[5, 9, 16, 20, 32, 32, 32, 36, 54, 45, 54, 54, 56, 67, 62, 67]",6764700.0,460.0,-460.0,0.0,,,,DWT,inu.32000013032828,0.0,,0.0,34,6.0,0.0,34,,0.0,79.3125,486.0,79.31249999999999,,0.0,79.3125,,,16.999999999999886,0.0,34,0.0,0.0,,0.0,0.9260165205606126,0.26726377590912287,0.12774683317188149,0.2943355119825708,0.20053224079973792,,,,,,,0.0,0.0,0.0,517,0.951062317989793,0.649009865096542,433,0,0.0,0.0,304,0,0.36317897648478514,0.6180830845531441,445,88.63548950617918,0.8572697431462493,424.75,408.982503400063,0.5866461437148316,337,db,361.0980392156863,403.0,158.96390539935234,153,0.9607397529157442,0.8667375194865046,0.06746091711302768,5,254.0
bior2.4,1,antireflect,1.4927795135580753e-27,321.5151999704227,1584840.6618239693,0.5897435897435898,248.50963547914432,69,raw,2.557961163187559e-14,-7.042466609874535e-11,5.184838892571155,32229.99107674844,0.8370775767402726,1.3207638667392627e-05,0.9999999999999999,323.00000000000006,,,,[],[],16,213.18750000000003,25.0,450.0,"[3, 8, 15, 19, 22, 27, 30, 35, 38, 43, 46, 51, 55, 58, 61, 65]","[349.0, 268.00000000000006, 189.00000000000006, 25.0, 450.0, 204.00000000000006, 45.0, 52.0, 357.0, 49.0, 288.00000000000006, 42.00000000000006, 205.99999999999997, 408.0000000000001, 109.00000000000006, 370.0]","[0, 0, 0, 0, 0, 24, 29, 32, 32, 40, 40, 47, 54, 32, 60, 60]","[5, 9, 16, 20, 32, 32, 32, 36, 54, 45, 54, 54, 56, 67, 62, 67]",6764700.0,460.0,-460.0,0.0,,,,DWT,inu.32000013032828,0.0,,0.0,34,6.0,0.0,34,,0.0,79.31249999999997,486.00000000000045,79.31249999999999,,0.0,79.31249999999997,,,17.0,0.0,34,0.0,0.0,,5.684341886080802e-14,0.9622196484761016,0.8061611227189095,0.0027822069214162174,0.2991452991452991,0.005817007792223064,,,,,,,0.0,0.0,0.0,430,1.1037883766808327,0.7532309207233743,304,0,0.0,0.0,548,0,0.41522505701079,0.7066587017372022,315,114.37183511103888,0.8158263524781982,399.25,376.8438579319059,0.5864558493469896,338,bior,292.162962962963,301.0,176.53037485058104,135,0.7773306480916924,0.9625172382852065,0.16711337485025335,4,254.5
db12,1,periodization,7.696366228056426e-27,314.3922993813799,1348159.4732996558,0.6714285714285714,324.8633566539525,69,raw,6.51496181443403e-14,-7.123901468730792e-11,5.129396141151431,15111.808163265308,0.6129767687242516,1.3207638667392627e-05,1.0,323.0,,,,[],[],16,213.18750000000006,24.999999999999886,450.00000000000006,"[3, 8, 15, 19, 22, 27, 30, 35, 38, 43, 46, 51, 55, 58, 61, 65]","[349.0, 268.0000000000001, 188.99999999999986, 24.999999999999886, 450.00000000000006, 203.9999999999999, 45.0, 52.000000000000114, 357.00000000000017, 49.000000000000114, 288.00000000000034, 42.00000000000006, 206.00000000000003, 407.99999999999994, 109.00000000000006, 370.00000000000006]","[0, 0, 0, 0, 0, 24, 29, 32, 32, 40, 40, 47, 54, 32, 60, 60]","[5, 9, 16, 20, 32, 32, 32, 36, 54, 45, 54, 54, 56, 67, 62, 67]",6764700.0,460.00000000000006,-460.00000000000006,0.0,,,,DWT,inu.32000013032828,0.0,,0.0,34,6.0,0.0,34,,5.684341886080802e-14,79.31249999999994,486.0000000000009,79.31249999999997,,0.0,79.31249999999994,,,17.000000000000114,0.0,34,5.684341886080802e-14,5.684341886080802e-14,,0.0,0.8851547452963975,0.7868738584378173,0.0006069592217898251,0.7588235294117645,7.373526469097976e-05,,,,,,,0.0,0.0,0.0,556,1.2283921618782243,0.8382611908663509,145,0,0.0,0.0,398,0,0.486306565526492,0.8276301259735835,127,207.3041244162788,0.6661769333071195,306.5,209.62502266319126,0.5863090785698238,339,db,361.0980392156863,403.0,158.96390539935234,153,0.9607397529157442,0.8667375194865046,0.06746091711302768,5,255.5
bior3.5,1,periodization,8.19764348246929e-28,324.11826636545766,1485234.1742112406,0.5857142857142857,225.26560590001927,69,raw,1.6609781651117776e-14,-6.947520336808592e-11,4.953164284402314,21417.020530077876,0.8132755655576791,1.3207638667392627e-05,1.0,323.0,,,,[],[],16,213.1875,25.0,449.99999999999994,"[3, 8, 15, 19, 22, 27, 30, 35, 38, 43, 46, 51, 55, 58, 61, 65]","[349.0, 268.0, 189.0, 25.0, 449.99999999999994, 204.0, 44.99999999999994, 52.0, 357.0, 49.00000000000006, 288.0, 41.99999999999994, 206.00000000000003, 408.0, 109.0, 369.99999999999994]","[0, 0, 0, 0, 0, 24, 29, 32, 32, 40, 40, 47, 54, 32, 60, 60]","[5, 9, 16, 20, 32, 32, 32, 36, 54, 45, 54, 54, 56, 67, 62, 67]",6764700.0,460.0,-460.0,0.0,,,,DWT,inu.32000013032828,0.0,,0.0,34,6.0,0.0,34,,0.0,79.3125,486.0,79.3125,,0.0,79.3125,,,17.0,0.0,34,5.684341886080802e-14,0.0,,0.0,0.9903830430365005,0.7255668289555364,0.0018667611929307224,0.27647058823529413,0.0021891790094851404,,,,,,,0.0,0.0,0.0,466,1.0694105277940458,0.7297712981031851,335,0,0.0,0.0,530,0,0.39929528008594944,0.6795483063248692,349,93.9538893997121,0.8487054921099644,420.0,404.7305170206103,0.5861884948472527,340,bior,292.162962962963,301.0,176.53037485058104,135,0.7773306480916924,0.9625172382852065,0.16711337485025335,4,256.0
bior3.3,1,antisymmetric,1.1687145802350425e-27,322.5780720127215,1504332.9226591128,0.5789473684210527,232.3420123680827,69,raw,2.215297188846256e-14,-6.952494135958912e-11,5.1071419430511,41525.93307909345,0.847012358729573,1.3207638667392627e-05,1.0,323.00000000000006,,,,[],[],16,213.1875,25.0,449.99999999999994,"[3, 8, 15, 19, 22, 27, 30, 35, 38, 43, 46, 51, 55, 58, 61, 65]","[349.0, 267.99999999999994, 189.0, 25.0, 449.99999999999994, 204.0000000000001, 45.0, 52.0, 357.00000000000006, 48.999999999999886, 288.00000000000006, 42.0, 205.99999999999997, 408.0000000000001, 109.0, 369.99999999999994]","[0, 0, 0, 0, 0, 24, 29, 32, 32, 40, 40, 47, 54, 32, 60, 60]","[5, 9, 16, 20, 32, 32, 32, 36, 54, 45, 54, 54, 56, 67, 62, 67]",6764700.0,459.99999999999994,-459.99999999999994,0.0,,,,DWT,inu.32000013032828,0.0,,0.0,34,6.0,0.0,34,,5.684341886080802e-14,79.3125,486.0,79.31249999999999,,0.0,79.3125,,,17.0,0.0,34,5.684341886080802e-14,5.684341886080802e-14,,5.684341886080802e-14,0.9737191956069677,0.7791321322584025,0.0020422905997500964,0.23839009287925697,0.00893586267240709,,,,,,,0.0,0.0,0.0,473,1.0737491110139226,0.73273196982467,329,0,0.0,0.0,525,0,0.4004439148033569,0.6815031322788153,348,95.3812525255007,0.846407000764089,418.75,402.73847236417237,0.5860456903981476,341,bior,292.162962962963,301.0,176.53037485058104,135,0.7773306480916924,0.9625172382852065,0.16711337485025335,4,256.75
db5,1,smooth,1.9069854926212285e-27,320.45168274196806,2383268.927476965,0.6025641025641025,261.34128330353167,69,raw,2.919403849101282e-14,-6.98214819294665e-11,4.730828456571491,97247.02751613475,0.9530600582713622,1.3207638667392627e-05,1.0,323.00000000000006,,,,[],[],16,213.1875,25.000000000000057,450.0000000000001,"[3, 8, 15, 19, 22, 27, 30, 35, 38, 43, 46, 51, 55, 58, 61, 65]","[349.0, 268.0, 189.00000000000006, 25.000000000000057, 450.0000000000001, 204.00000000000017, 45.0, 51.99999999999983, 357.0000000000001, 48.99999999999994, 288.00000000000006, 42.0, 205.99999999999994, 408.0, 108.99999999999997, 370.0]","[0, 0, 0, 0, 0, 24, 29, 32, 32, 40, 40, 47, 54, 32, 60, 60]","[5, 9, 16, 20, 32, 32, 32, 36, 54, 45, 54, 54, 56, 67, 62, 67]",6764700.0,460.0000000000001,-460.0000000000001,0.0,,,,DWT,inu.32000013032828,0.0,,0.0,34,6.0,0.0,34,,1.1368683772161603e-13,79.3125,486.0,79.3125,,0.0,79.3125,,,16.999999999999943,0.0,34,1.1368683772161603e-13,1.1368683772161603e-13,,5.684341886080802e-14,0.9507131208731634,0.648221283131796,0.010120260524269214,0.3712921065862239,0.027630687497080236,,,,,,,0.0,0.0,0.0,573,1.0591677619852522,0.7227815815199108,345,0,0.0,0.0,276,0,0.4015954917225065,0.6834629654750466,345,129.6466351279508,0.7912292510016896,384.75,358.24668705402644,0.5858320168051927,342,db,361.0980392156863,403.0,158.96390539935234,153,0.9607397529157442,0.8667375194865046,0.06746091711302768,5,257.75
sym2,1,zero,4.9155444802524514e-21,256.33944033021567,1298133.037751101,0.6527777777777778,304.38510043591805,69,raw,5.3059315395449105e-11,8.993394917270045e-11,5.2110991734088845,17986.20910493168,0.5972308524739048,1.3207638667402509e-05,0.9999999999999999,323.00000000001097,,,,[],[],16,213.18749999986508,24.999999999962938,449.9999999997601,"[3, 8, 15, 19, 22, 27, 30, 35, 38, 43, 46, 51, 55, 58, 61, 65]","[348.9999999996913, 267.99999999989046, 188.99999999989956, 24.999999999962938, 449.9999999997601, 203.99999999981867, 44.99999999990905, 51.999999999950944, 356.9999999998258, 48.9999999999348, 287.9999999998204, 41.99999999997107, 205.99999999993514, 407.9999999996976, 109.00000000003732, 369.99999999973625]","[0, 0, 0, 0, 0, 24, 29, 32, 32, 40, 40, 47, 54, 32, 60, 60]","[5, 9, 16, 20, 32, 32, 32, 36, 54, 45, 54, 54, 56, 67, 62, 67]",6764699.999999051,459.99999999992167,-459.99999999992167,0.0,,,,DWT,inu.32000013032828,9.490177035331726e-07,,0.0,34,6.0,0.0,34,,7.833023119019344e-11,79.31250000013492,485.9999999978413,79.3125000001349,,0.0,79.31250000013492,,,17.000000000037062,0.0,34,2.398792275926098e-10,7.833023119019344e-11,,1.0970779840135947e-11,0.2570625929273018,0.8152964733940351,0.00014718508627029167,0.6538671023965141,0.001038117293135245,,,,,,,0.06834797773157153,0.034173988865785765,0.06834797773157153,72,0.8239214728723935,0.562248292088043,493,0,0.06834797773157153,0.06834797773157153,72,0,0.34548229421945137,0.5879656475065846,472,237.15729660571975,0.6181041922613209,277.25,125.29436575479741,0.5858234326846057,343,sym,375.8541666666667,399.5,183.40489689834808,144,1.0,1.0,0.0,6,258.75
coif3,1,periodic,4.232135861610047e-27,316.9895606222816,1469253.762352132,0.6162790697674418,282.03806957277897,69,raw,4.7781424549664687e-14,-7.13317183098641e-11,5.452045047491223,17300.982041227522,0.5908876792244981,1.3207638667392622e-05,1.0,323.0000000000001,,,,[],[],16,213.1875,25.0,449.99999999999994,"[3, 8, 15, 19, 22, 27, 30, 35, 38, 43, 46, 51, 55, 58, 61, 65]","[349.0, 268.0000000000001, 189.00000000000003, 25.0, 449.99999999999994, 204.0, 44.99999999999994, 52.000000000000114, 357.00000000000006, 48.99999999999994, 288.00000000000006, 41.999999999999886, 206.00000000000006, 407.99999999999994, 109.00000000000011, 370.0000000000001]","[0, 0, 0, 0, 0, 24, 29, 32, 32, 40, 40, 47, 54, 32, 60, 60]","[5, 9, 16, 20, 32, 32, 32, 36, 54, 45, 54, 54, 56, 67, 62, 67]",6764700.0,459.99999999999994,-459.99999999999994,0.0,,,,DWT,inu.32000013032828,0.0,,0.0,34,6.0,0.0,34,,5.684341886080802e-14,79.3125,486.0,79.31249999999997,,0.0,79.3125,,,17.0,0.0,34,5.684341886080802e-14,5.684341886080802e-14,,1.1368683772161603e-13,0.9132553320672405,0.8991160283739774,0.0017198912437288347,0.44847241222070205,0.000808218723293827,,,,,,,0.0,0.0,0.0,389,1.1780834114267957,0.8039302382820138,212,0,0.0,0.0,567,0,0.45267437652578857,0.7703925421270968,215,169.12199738650204,0.7276618399573236,345.75,291.9173960884914,0.5854492774665845,344,coif,212.88888888888889,210.0,126.92181240687695,45,0.566413539530329,0.6920306630483438,0.39590132341426654,2,258.5
db3,1,constant,1.1474839323945292e-27,322.65769050305266,1344039.0259027907,0.6216216216216216,270.41006720857604,69,raw,2.2294565549574156e-14,-6.783995587511552e-11,5.1806731108346025,18374.04866253512,0.6953323871597793,1.3207638667392627e-05,1.0,323.0,,,,[],[],16,213.1875,25.0,450.0,"[3, 8, 15, 19, 22, 27, 30, 35, 38, 43, 46, 51, 55, 58, 61, 65]","[348.99999999999994, 268.00000000000006, 189.0, 25.0, 450.0, 203.99999999999994, 45.0, 51.99999999999994, 357.0, 49.0, 288.0, 42.0, 206.00000000000003, 407.99999999999994, 109.00000000000003, 370.0]","[0, 0, 0, 0, 0, 24, 29, 32, 32, 40, 40, 47, 54, 32, 60, 60]","[5, 9, 16, 20, 32, 32, 32, 36, 54, 45, 54, 54, 56, 67, 62, 67]",6764700.0,460.0,-460.0,0.0,,,,DWT,inu.32000013032828,0.0,,0.0,34,6.0,0.0,34,,0.0,79.3125,486.0,79.3125,,0.0,79.3125,,,17.0,0.0,34,0.0,0.0,,0.0,0.9745806131112529,0.8047119425964806,0.0005690897410028395,0.47853736089030185,0.001168240232440886,,,,,,,0.0,0.0,0.0,395,1.1792711244845906,0.8047407398409886,209,0,0.0,0.0,564,0,0.45191344931429583,0.7690975436044619,218,168.40130640823426,0.7288223729336003,346.5,292.4716301965168,0.5854256792204233,345,db,361.0980392156863,403.0,158.96390539935234,153,0.9607397529157442,0.8667375194865046,0.06746091711302768,5,260.0
bior2.4,1,zero,1.5045521032910892e-27,321.48108431220584,1375231.9470513246,0.6025641025641025,191.32506376615947,69,raw,2.600174504049641e-14,-7.072742391756063e-11,5.026850267960629,23899.201900123535,0.8276505466919276,1.3207638667392627e-05,0.9999999999999999,323.00000000000006,,,,[],[],16,213.1875,25.0,450.0,"[3, 8, 15, 19, 22, 27, 30, 35, 38, 43, 46, 51, 55, 58, 61, 65]","[349.0, 268.00000000000006, 189.00000000000006, 25.0, 450.0, 204.00000000000006, 45.0, 52.0, 357.0, 49.0, 288.00000000000006, 42.00000000000006, 205.99999999999997, 408.0, 109.00000000000006, 370.00000000000006]","[0, 0, 0, 0, 0, 24, 29, 32, 32, 40, 40, 47, 54, 32, 60, 60]","[5, 9, 16, 20, 32, 32, 32, 36, 54, 45, 54, 54, 56, 67, 62, 67]",6764700.0,460.0,-460.0,0.0,,,,DWT,inu.32000013032828,0.0,,0.0,34,6.0,0.0,34,,0.0,79.3125,486.0,79.31249999999997,,0.0,79.3125,,,17.0,0.0,34,0.0,0.0,,5.684341886080802e-14,0.9618505404330328,0.7512004961583483,0.0008557721359833161,0.3712921065862239,0.003021968572663985,,,,,,,0.0,0.0,0.0,438,1.1028640884705407,0.7526001816484209,306,0,0.0,0.0,546,0,0.41764417677725046,0.7107757269615961,305,116.35398575038158,0.8126344834937494,398.75,375.1898495179877,0.5852624913442983,346,bior,292.162962962963,301.0,176.53037485058104,135,0.7773306480916924,0.9625172382852065,0.16711337485025335,4,260.5
db13,1,antireflect,4.398962793914178e-27,316.82165374599765,1792359.3556108885,0.574468085106383,288.2350589258995,69,raw,4.716356130117766e-14,-7.131972790119815e-11,5.557631046046069,80242.02297061657,0.9088915751620232,1.3207638667392627e-05,1.0,323.00000000000006,,,,[],[],16,213.18750000000003,25.000000000000057,450.00000000000006,"[3, 8, 15, 19, 22, 27, 30, 35, 38, 43, 46, 51, 55, 58, 61, 65]","[349.0000000000001, 268.0, 188.99999999999994, 25.000000000000057, 450.00000000000006, 204.0000000000001, 45.000000000000114, 52.00000000000006, 356.9999999999999, 49.00000000000006, 288.0000000000001, 41.99999999999994, 206.00000000000003, 408.0, 108.99999999999989, 370.00000000000017]","[0, 0, 0, 0, 0, 24, 29, 32, 32, 40, 40, 47, 54, 32, 60, 60]","[5, 9, 16, 20, 32, 32, 32, 36, 54, 45, 54, 54, 56, 67, 62, 67]",6764700.0,460.0000000000001,-460.0000000000001,0.0,,,,DWT,inu.32000013032828,0.0,,0.0,34,6.0,0.0,34,,1.1368683772161603e-13,79.31249999999997,486.00000000000045,79.31249999999997,,0.0,79.31249999999997,,,16.999999999999943,0.0,34,5.684341886080802e-14,1.1368683772161603e-13,,5.684341886080802e-14,0.9114386947293652,0.9358469806871746,0.004689433110805992,0.21318314559866516,0.021925387119672336,,,,,,,0.0,0.0,0.0,504,1.1111748368239445,0.7582714794862895,293,0,0.0,0.0,495,0,0.41741672824913667,0.7103886393355602,306,115.65033506220378,0.8137675763893659,399.5,374.347040128078,0.585225173057807,347,db,361.0980392156863,403.0,158.96390539935234,153,0.9607397529157442,0.8667375194865046,0.06746091711302768,5,261.5
db7,1,smooth,2.1950956804525416e-27,319.84062208221485,4499027.034305717,0.6219512195121951,295.8201763672976,69,raw,3.4608387009655794e-14,-6.797840068628626e-11,4.196241818136517,207245.33300240664,0.97736330999687,1.3207638667392624e-05,1.0,322.99999999999994,,,,[],[],16,213.18750000000003,24.999999999999886,449.99999999999994,"[3, 8, 15, 19, 22, 27, 30, 35, 38, 43, 46, 51, 55, 58, 61, 65]","[349.0000000000001, 268.0, 189.00000000000003, 24.999999999999886, 449.99999999999994, 204.00000000000003, 45.000000000000114, 52.0, 357.0000000000001, 49.000000000000114, 288.00000000000006, 42.0, 206.00000000000006, 408.0, 108.99999999999994, 370.0]","[0, 0, 0, 0, 0, 24, 29, 32, 32, 40, 40, 47, 54, 32, 60, 60]","[5, 9, 16, 20, 32, 32, 32, 36, 54, 45, 54, 54, 56, 67, 62, 67]",6764700.0,459.99999999999994,-459.99999999999994,0.0,,,,DWT,inu.32000013032828,0.0,,0.0,34,6.0,0.0,34,,5.684341886080802e-14,79.31249999999997,486.00000000000045,79.31249999999997,,0.0,79.31249999999997,,,17.000000000000114,0.0,34,5.684341886080802e-14,5.684341886080802e-14,,5.684341886080802e-14,0.9441018632833484,0.46225082689343666,0.02956539675812057,0.480392156862745,0.06453590396586731,,,,,,,0.0,0.0,0.0,564,1.0303404541272327,0.7031096769242431,386,0,0.0,0.0,328,0,0.3961692295527036,0.6742281774595946,363,105.23742996988602,0.8305355395009887,410.25,393.4171613160209,0.5849537600886585,348,db,361.0980392156863,403.0,158.96390539935234,153,0.9607397529157442,0.8667375194865046,0.06746091711302768,5,262.25
sym15,1,symmetric,2.514118852034063e-21,259.2512985876322,1601869.43852872,0.6122448979591837,289.20201829154865,69,raw,3.786737107455574e-11,-2.7392088599829503e-11,5.687589810982224,17286.02770781583,0.551131995485082,1.3207638667401343e-05,1.0,323.0000000000017,,,,[],[],16,213.1874999999054,24.99999999999585,449.99999999982975,"[3, 8, 15, 19, 22, 27, 30, 35, 38, 43, 46, 51, 55, 58, 61, 65]","[348.9999999997983, 267.99999999992116, 188.99999999992085, 24.99999999999585, 449.99999999982975, 203.9999999998788, 44.99999999994924, 51.9999999999863, 356.99999999986596, 48.99999999996402, 287.9999999998753, 41.99999999997783, 205.9999999999663, 407.99999999971743, 109.0000000000039, 369.99999999983584]","[0, 0, 0, 0, 0, 24, 29, 32, 32, 40, 40, 47, 54, 32, 60, 60]","[5, 9, 16, 20, 32, 32, 32, 36, 54, 45, 54, 54, 56, 67, 62, 67]",6764699.999999309,459.99999999995066,-459.99999999995066,0.0,,,,DWT,inu.32000013032828,6.910413503646851e-07,,0.0,34,6.0,0.0,34,,4.934008757118136e-11,79.31250000009459,485.9999999984866,79.31250000009457,,0.0,79.31250000009459,,,17.00000000000415,0.0,34,1.7024603948812e-10,4.934008757118136e-11,,1.7053025658242404e-12,0.28856690382924366,0.9810566605963185,0.002938711997233239,0.4257703081232493,0.0008032014377159704,,,,,,,0.04976859614997652,0.02488429807498826,0.04976859614997652,95,0.8357672324187081,0.570331899922879,489,0,0.04976859614997652,0.04976859614997652,96,0,0.33982715719675216,0.5783413444469965,482,225.18510903994814,0.6373830772303573,290.5,159.59997206807506,0.584794598196499,349,sym,375.8541666666667,399.5,183.40489689834808,144,1.0,1.0,0.0,6,263.25
rbio1.1,1,periodic,2.909227556321153e-27,318.6173797078936,1299600.886727477,0.6857142857142857,338.0949756963641,69,raw,4.3250427394093045e-14,-7.188005746172646e-11,5.205213438284257,16267.57306122449,0.5310597865481934,1.3207638667392622e-05,1.0,323.00000000000006,,,,[],[],16,213.18750000000006,25.0,450.00000000000006,"[3, 8, 15, 19, 22, 27, 30, 35, 38, 43, 46, 51, 55, 58, 61, 65]","[349.00000000000006, 268.0000000000001, 189.00000000000006, 25.0, 450.00000000000006, 204.00000000000006, 45.0, 52.0, 357.00000000000006, 48.99999999999994, 288.00000000000006, 41.99999999999994, 206.00000000000003, 408.0000000000001, 109.00000000000003, 370.00000000000006]","[0, 0, 0, 0, 0, 24, 29, 32, 32, 40, 40, 47, 54, 32, 60, 60]","[5, 9, 16, 20, 32, 32, 32, 36, 54, 45, 54, 54, 56, 67, 62, 67]",6764700.0,460.00000000000006,-460.00000000000006,0.0,,,,DWT,inu.32000013032828,0.0,,0.0,34,6.0,0.0,34,,5.684341886080802e-14,79.31249999999994,486.0000000000009,79.31249999999997,,0.0,79.31249999999994,,,17.0,0.0,34,5.684341886080802e-14,5.684341886080802e-14,,5.684341886080802e-14,0.93086721905886,0.8132489608530755,0.0001606755336065102,0.8392156862745098,0.0004615026358122784,,,,,,,0.0,0.0,0.0,490,1.3010960251927859,0.8878746847765232,50,0,0.0,0.0,475,0,0.5167908088711729,0.8795103183214971,49,250.0679907545146,0.597314024549896,266.0,89.77820636451303,0.5844863198433861,350,rbio,249.7925925925926,196.0,174.24048813612427,135,0.6645997696604647,0.9500318207572005,0.24977061501051454,3,263.25
rbio1.3,1,reflect,2.133628660521248e-27,319.963968268687,1352260.2593500311,0.6891891891891891,332.19797030631116,69,raw,3.8101566990034376e-14,-7.168332594176289e-11,5.2416280834647875,16665.01246347699,0.5762129756452389,1.3207638667392624e-05,0.9999999999999999,323.00000000000006,,,,[],[],16,213.1875,25.0,450.00000000000006,"[3, 8, 15, 19, 22, 27, 30, 35, 38, 43, 46, 51, 55, 58, 61, 65]","[349.0, 268.0, 189.0, 25.0, 450.00000000000006, 204.00000000000006, 45.0, 52.0, 357.00000000000006, 48.99999999999994, 288.00000000000006, 41.99999999999994, 206.00000000000003, 408.0, 109.00000000000006, 370.00000000000006]","[0, 0, 0, 0, 0, 24, 29, 32, 32, 40, 40, 47, 54, 32, 60, 60]","[5, 9, 16, 20, 32, 32, 32, 36, 54, 45, 54, 54, 56, 67, 62, 67]",6764700.0,460.00000000000006,-460.00000000000006,0.0,,,,DWT,inu.32000013032828,0.0,,0.0,34,6.0,0.0,34,,5.684341886080802e-14,79.3125,486.0,79.31249999999999,,0.0,79.3125,,,17.0,0.0,34,5.684341886080802e-14,5.684341886080802e-14,,5.684341886080802e-14,0.9454363844940871,0.8259167824765389,0.000644648002543191,0.8587705352411232,0.0005948463915048095,,,,,,,0.0,0.0,0.0,531,1.3242886985890443,0.9037014855522589,34,0,0.0,0.0,425,0,0.5262726393211594,0.895647152750797,31,260.8273694738853,0.5799881328922942,255.25,60.69249262861562,0.5844787685395448,351,rbio,249.7925925925926,196.0,174.24048813612427,135,0.6645997696604647,0.9500318207572005,0.24977061501051454,3,264.0
sym12,1,periodization,3.1559074929740585e-23,278.2639139882567,1338350.7225192774,0.6,279.9266945617116,69,raw,4.264577191224861e-12,,5.166989402436276,15111.8081632659,0.5860327871823777,1.3207638667391644e-05,1.0,323.0000000000005,,,,[],[],16,213.1875000000091,24.999999999997954,450.0000000000181,"[3, 8, 15, 19, 22, 27, 30, 35, 38, 43, 46, 51, 55, 58, 61, 65]","[349.00000000001654, 268.00000000000716, 189.00000000000918, 24.999999999997954, 450.0000000000181, 204.00000000001316, 45.00000000000381, 51.99999999999841, 357.00000000001563, 49.00000000000301, 288.0000000000124, 42.000000000002785, 206.0000000000016, 408.00000000002876, 109.00000000000134, 370.00000000001603]","[0, 0, 0, 0, 0, 24, 29, 32, 32, 40, 40, 47, 54, 32, 60, 60]","[5, 9, 16, 20, 32, 32, 32, 36, 54, 45, 54, 54, 56, 67, 62, 67]",6764700.000000075,460.0000000000045,-460.0000000000045,0.0,,,,DWT,inu.32000013032828,7.543712854385376e-08,,0.0,34,6.0,0.0,34,,4.490630090003833e-12,79.3124999999909,486.0000000001455,79.3124999999948,,0.0,79.3124999999909,,,17.000000000002046,0.0,34,1.807620719773695e-11,4.490630090003833e-12,,5.115907697472721e-13,0.49427037346575875,0.7999516936285691,0.0005168106860981726,0.35686274509803895,7.373526469117795e-05,,,,,,,0.005432959957072909,0.0027164799785364545,0.005432959957072909,166,0.8395710683818811,0.572927657339203,488,0,0.005432959957072909,0.005432959957072909,166,0,0.33033507162863124,0.5621870571488374,495,187.94923960119303,0.6973442196438115,328.75,248.17629019430663,0.5839780679539508,352,sym,375.8541666666667,399.5,183.40489689834808,144,1.0,1.0,0.0,6,265.5
bior2.8,1,periodization,3.4249496064533964e-27,317.9086147754937,1392048.9012405896,0.6,235.00190348746,69,raw,4.137447619862205e-14,-7.121703227142033e-11,5.0409099720685955,16568.225132848438,0.7316466280496355,1.3207638667392627e-05,0.9999999999999999,323.0,,,,[],[],16,213.1875,25.000000000000057,450.00000000000006,"[3, 8, 15, 19, 22, 27, 30, 35, 38, 43, 46, 51, 55, 58, 61, 65]","[349.0, 268.0, 188.99999999999994, 25.000000000000057, 450.00000000000006, 203.9999999999999, 45.00000000000006, 52.0, 357.00000000000006, 49.00000000000006, 287.99999999999994, 41.99999999999994, 206.00000000000006, 408.00000000000006, 109.0, 370.0]","[0, 0, 0, 0, 0, 24, 29, 32, 32, 40, 40, 47, 54, 32, 60, 60]","[5, 9, 16, 20, 32, 32, 32, 36, 54, 45, 54, 54, 56, 67, 62, 67]",6764700.0,460.00000000000006,-460.00000000000006,0.0,,,,DWT,inu.32000013032828,0.0,,0.0,34,6.0,0.0,34,,5.684341886080802e-14,79.3125,486.0,79.3125,,0.0,79.3125,,,16.999999999999943,0.0,34,5.684341886080802e-14,5.684341886080802e-14,,0.0,0.9231988681939621,0.7560915454280971,0.0010103304308059866,0.35686274509803895,0.0005623735513779356,,,,,,,0.0,0.0,0.0,483,1.0754403063055955,0.7338860502748561,326,0,0.0,0.0,522,0,0.4075451725404564,0.6935885435238057,336,100.37056341378184,0.8383726837137169,416.75,398.8124431958267,0.5836388378310935,353,bior,292.162962962963,301.0,176.53037485058104,135,0.7773306480916924,0.9625172382852065,0.16711337485025335,4,265.75
bior2.6,1,antireflect,1.4382483306873518e-27,321.67681784732144,1703447.18310327,0.5975609756097561,250.03917125218925,69,raw,2.6135200867704393e-14,-7.030942494878926e-11,5.231129805859635,37120.56043736528,0.8478352877854972,1.3207638667392627e-05,1.0,323.0,,,,[],[],16,213.1875,25.0,450.0,"[3, 8, 15, 19, 22, 27, 30, 35, 38, 43, 46, 51, 55, 58, 61, 65]","[349.0, 268.0, 189.0, 25.0, 450.0, 204.0, 45.0, 52.0, 357.0, 49.00000000000006, 288.0, 42.00000000000006, 205.99999999999994, 408.0000000000001, 109.00000000000006, 369.99999999999994]","[0, 0, 0, 0, 0, 24, 29, 32, 32, 40, 40, 47, 54, 32, 60, 60]","[5, 9, 16, 20, 32, 32, 32, 36, 54, 45, 54, 54, 56, 67, 62, 67]",6764700.0,460.0,-460.0,0.0,,,,DWT,inu.32000013032828,0.0,,0.0,34,6.0,0.0,34,,0.0,79.3125,486.0,79.3125,,0.0,79.3125,,,17.0,0.0,34,0.0,0.0,,0.0,0.9639682431503653,0.822264671975493,0.0038722748063296135,0.3431372549019605,0.007457828713157227,,,,,,,0.0,0.0,0.0,487,1.1316874527271776,0.7722693951100241,266,0,0.0,0.0,511,0,0.42814005470946115,0.7286383374855447,273,132.89438162189802,0.7859993854719839,384.25,349.87246324703904,0.5836196605298728,354,bior,292.162962962963,301.0,176.53037485058104,135,0.7773306480916924,0.9625172382852065,0.16711337485025335,4,266.5
db11,1,periodization,6.55302300421155e-27,315.090739708252,1335838.5075449399,0.6142857142857143,309.92098728191684,69,raw,6.147031368759977e-14,-6.839007138381728e-11,5.176706586119549,15111.808163265307,0.5855806631465936,1.3207638667392622e-05,1.0,322.99999999999994,,,,[],[],16,213.1875,25.0,449.99999999999994,"[3, 8, 15, 19, 22, 27, 30, 35, 38, 43, 46, 51, 55, 58, 61, 65]","[349.00000000000017, 267.9999999999999, 189.00000000000003, 25.0, 449.99999999999994, 203.99999999999997, 44.99999999999994, 52.000000000000114, 357.0, 49.00000000000006, 287.99999999999994, 41.99999999999994, 206.00000000000009, 408.00000000000006, 109.0, 369.9999999999999]","[0, 0, 0, 0, 0, 24, 29, 32, 32, 40, 40, 47, 54, 32, 60, 60]","[5, 9, 16, 20, 32, 32, 32, 36, 54, 45, 54, 54, 56, 67, 62, 67]",6764700.0,459.99999999999994,-459.99999999999994,0.0,,,,DWT,inu.32000013032828,0.0,,0.0,34,6.0,0.0,34,,5.684341886080802e-14,79.3125,486.0,79.31249999999999,,0.0,79.3125,,,17.0,0.0,34,5.684341886080802e-14,5.684341886080802e-14,,5.684341886080802e-14,0.8927113910047478,0.8033320794313652,0.0004937218640503939,0.4372549019607844,7.373526469097889e-05,,,,,,,0.0,0.0,0.0,516,1.1124711901407467,0.7591561177222292,289,0,0.0,0.0,484,0,0.4267731659051278,0.726312071641082,281,124.85858667575357,0.7989394739520876,392.5,362.8767414726976,0.5834471926926299,355,db,361.0980392156863,403.0,158.96390539935234,153,0.9607397529157442,0.8667375194865046,0.06746091711302768,5,267.5
db14,1,symmetric,4.9616378419048635e-27,316.29890602137624,1707229.0852223458,0.5833333333333334,300.3160628227346,69,raw,5.488685190726569e-14,-7.032907589632514e-11,5.5936995794925,17565.378444052803,0.603405803643723,1.3207638667392627e-05,1.0,323.00000000000006,,,,[],[],16,213.1875,25.0,450.00000000000017,"[3, 8, 15, 19, 22, 27, 30, 35, 38, 43, 46, 51, 55, 58, 61, 65]","[348.9999999999999, 268.00000000000017, 188.99999999999977, 25.0, 450.00000000000017, 204.0, 45.00000000000006, 52.0, 357.0, 48.99999999999977, 288.0000000000001, 42.000000000000114, 206.0000000000001, 407.9999999999999, 108.99999999999994, 370.0]","[0, 0, 0, 0, 0, 24, 29, 32, 32, 40, 40, 47, 54, 32, 60, 60]","[5, 9, 16, 20, 32, 32, 32, 36, 54, 45, 54, 54, 56, 67, 62, 67]",6764700.0,460.0000000000001,-460.0000000000001,0.0,,,,DWT,inu.32000013032828,0.0,,0.0,34,6.0,0.0,34,,1.1368683772161603e-13,79.3125,486.0,79.31250000000004,,0.0,79.3125,,,17.0,0.0,34,1.7053025658242404e-13,1.1368683772161603e-13,,5.684341886080802e-14,0.905782922578434,0.9483943979599265,0.003907032844921628,0.26307189542483667,0.0008969256032471133,,,,,,,0.0,0.0,0.0,501,1.125207997360718,0.7678477811171857,278,0,0.0,0.0,500,0,0.4244106348822732,0.7222913530518835,285,126.47265844178865,0.7963403245703886,391.0,360.2986156939754,0.5833553474703794,356,db,361.0980392156863,403.0,158.96390539935234,153,0.9607397529157442,0.8667375194865046,0.06746091711302768,5,268.25
db14,1,periodic,5.180415266286157e-27,316.11151088824863,1619961.8370054595,0.5833333333333334,289.11962020097087,69,raw,5.3136239369885755e-14,-7.053080341989952e-11,5.604753240984492,16176.54224954627,0.58493834369345,1.3207638667392627e-05,0.9999999999999998,323.0000000000001,,,,[],[],16,213.1875,25.000000000000057,450.0000000000001,"[3, 8, 15, 19, 22, 27, 30, 35, 38, 43, 46, 51, 55, 58, 61, 65]","[348.9999999999999, 268.0000000000001, 188.99999999999983, 25.000000000000057, 450.0000000000001, 203.99999999999994, 45.00000000000006, 52.0, 357.00000000000006, 48.999999999999716, 288.0000000000001, 42.0, 206.00000000000009, 407.9999999999999, 108.99999999999989, 370.0]","[0, 0, 0, 0, 0, 24, 29, 32, 32, 40, 40, 47, 54, 32, 60, 60]","[5, 9, 16, 20, 32, 32, 32, 36, 54, 45, 54, 54, 56, 67, 62, 67]",6764700.0,460.00000000000006,-460.00000000000006,0.0,,,,DWT,inu.32000013032828,0.0,,0.0,34,6.0,0.0,34,,5.684341886080802e-14,79.3125,486.0,79.31250000000003,,0.0,79.3125,,,16.999999999999943,0.0,34,1.1368683772161603e-13,5.684341886080802e-14,,1.1368683772161603e-13,0.903755435656457,0.9522397138039365,0.0031049924203316237,0.26307189542483667,0.00043096114887334236,,,,,,,0.0,0.0,0.0,500,1.1253267571354924,0.7679288234042653,277,0,0.0,0.0,501,0,0.424520599690887,0.7224784987637807,283,127.32995196208418,0.7949598197067888,390.25,359.07657452632634,0.5832689597728791,357,db,361.0980392156863,403.0,158.96390539935234,153,0.9607397529157442,0.8667375194865046,0.06746091711302768,5,269.0
sym11,1,periodization,1.0611043086950412e-23,282.9975758533926,1331149.4153879373,0.5857142857142857,289.6686178287794,69,raw,2.4884069918838474e-12,,5.194941995286614,15111.808163265647,0.5943244870083517,1.3207638667392109e-05,1.0,322.9999999999999,,,,[],[],16,213.18750000000603,25.00000000000074,450.0000000000108,"[3, 8, 15, 19, 22, 27, 30, 35, 38, 43, 46, 51, 55, 58, 61, 65]","[349.00000000001256, 268.00000000000506, 189.0000000000049, 25.00000000000074, 450.0000000000108, 204.0000000000076, 45.00000000000364, 52.00000000000148, 357.000000000008, 49.0000000000021, 288.000000000008, 42.00000000000125, 206.00000000000236, 408.00000000001745, 108.99999999999957, 370.0000000000107]","[0, 0, 0, 0, 0, 24, 29, 32, 32, 40, 40, 47, 54, 32, 60, 60]","[5, 9, 16, 20, 32, 32, 32, 36, 54, 45, 54, 54, 56, 67, 62, 67]",6764700.000000041,460.0000000000033,-460.0000000000033,0.0,,,,DWT,inu.32000013032828,4.0978193283081055e-08,,0.0,34,6.0,0.0,34,,3.296918293926865e-12,79.31249999999397,486.0000000000964,79.3124999999963,,0.0,79.31249999999397,,,16.99999999999926,0.0,34,1.0800249583553523e-11,3.296918293926865e-12,,1.1368683772161603e-13,0.5454853509544701,0.8096757609203383,0.00045062618335244063,0.27647058823529413,7.373526469109338e-05,,,,,,,0.002951237507545778,0.001475618753772889,0.002951237507545778,176,0.8429721335245215,0.5752485618558231,485,0,0.002951237507545778,0.002951237507545778,176,0,0.32643121231162925,0.5555431995344218,502,183.44004470125927,0.7046054030575535,334.75,259.44503308852467,0.5827777417864257,358,sym,375.8541666666667,399.5,183.40489689834808,144,1.0,1.0,0.0,6,270.0
rbio1.3,1,symmetric,2.2155787325302945e-27,319.800284756866,1349213.0295066058,0.6891891891891891,332.19797030631116,69,raw,3.9337293487008456e-14,-7.178535543772594e-11,5.235392423135813,16367.428717357563,0.5876764035229798,1.3207638667392624e-05,0.9999999999999999,323.00000000000006,,,,[],[],16,213.18750000000003,25.0,450.00000000000006,"[3, 8, 15, 19, 22, 27, 30, 35, 38, 43, 46, 51, 55, 58, 61, 65]","[349.0, 268.0, 189.0, 25.0, 450.00000000000006, 204.00000000000006, 45.0, 52.0, 357.00000000000006, 48.99999999999994, 288.00000000000006, 41.99999999999994, 206.00000000000003, 408.00000000000006, 109.00000000000006, 370.00000000000006]","[0, 0, 0, 0, 0, 24, 29, 32, 32, 40, 40, 47, 54, 32, 60, 60]","[5, 9, 16, 20, 32, 32, 32, 36, 54, 45, 54, 54, 56, 67, 62, 67]",6764700.0,460.00000000000006,-460.00000000000006,0.0,,,,DWT,inu.32000013032828,0.0,,0.0,34,6.0,0.0,34,,5.684341886080802e-14,79.31249999999997,486.00000000000045,79.31249999999999,,0.0,79.31249999999997,,,17.0,0.0,34,5.684341886080802e-14,5.684341886080802e-14,,5.684341886080802e-14,0.9436654410655066,0.8237475389658484,0.000616642060252332,0.8587705352411232,0.0004950049210423336,,,,,,,0.0,0.0,0.0,535,1.3220875712172204,0.9021994248022681,35,0,0.0,0.0,426,0,0.5254590324507546,0.8942625003434888,34,261.31526298068906,0.5792024750713543,257.5,64.30891947421897,0.5822743454261763,359,rbio,249.7925925925926,196.0,174.24048813612427,135,0.6645997696604647,0.9500318207572005,0.24977061501051454,3,270.0
db14,1,zero,5.057673082540465e-27,316.2156490933879,1326129.3902372445,0.5416666666666666,104.60367125835658,69,raw,5.112818381230284e-14,-7.029199444730264e-11,5.101085949682328,27733.64887152778,0.8447673482847535,1.3207638667392627e-05,1.0,323.0000000000001,,,,[],[],16,213.1875,24.999999999999886,450.00000000000017,"[3, 8, 15, 19, 22, 27, 30, 35, 38, 43, 46, 51, 55, 58, 61, 65]","[348.9999999999999, 268.0, 188.99999999999986, 24.999999999999886, 450.00000000000017, 204.0, 45.00000000000006, 52.0, 357.00000000000006, 48.999999999999716, 288.0000000000001, 42.000000000000114, 206.00000000000009, 407.9999999999998, 109.0, 369.9999999999999]","[0, 0, 0, 0, 0, 24, 29, 32, 32, 40, 40, 47, 54, 32, 60, 60]","[5, 9, 16, 20, 32, 32, 32, 36, 54, 45, 54, 54, 56, 67, 62, 67]",6764700.0,460.0000000000001,-460.0000000000001,0.0,,,,DWT,inu.32000013032828,0.0,,0.0,34,6.0,0.0,34,,1.1368683772161603e-13,79.3125,486.0,79.31250000000006,,0.0,79.3125,,,17.000000000000114,0.0,34,1.7053025658242404e-13,1.1368683772161603e-13,,1.1368683772161603e-13,0.9048821396720532,0.7770253907710655,0.0004044890220968498,0.028594771241829686,0.004308452895237661,,,,,,,0.0,0.0,0.0,503,0.9448055133546401,0.644740189119074,438,0,0.0,0.0,306,0,0.34304304872045666,0.5838143709195045,478,87.68646797919658,0.8587979581655449,431.25,415.3168583748874,0.5821767568605503,360,db,361.0980392156863,403.0,158.96390539935234,153,0.9607397529157442,0.8667375194865046,0.06746091711302768,5,271.25
db13,1,periodization,6.2594609776571514e-27,315.28978727039004,1342685.409832143,0.5428571428571428,278.0557758302095,69,raw,5.915567933165272e-14,-7.030387383366615e-11,5.150308441099777,15111.808163265307,0.59216796782151,1.3207638667392627e-05,1.0,323.00000000000006,,,,[],[],16,213.18750000000006,25.00000000000017,450.00000000000006,"[3, 8, 15, 19, 22, 27, 30, 35, 38, 43, 46, 51, 55, 58, 61, 65]","[349.0, 268.0000000000001, 188.99999999999974, 25.00000000000017, 450.00000000000006, 204.00000000000014, 45.000000000000114, 52.00000000000006, 356.99999999999994, 49.00000000000006, 288.0, 42.00000000000017, 205.99999999999994, 408.00000000000006, 108.99999999999997, 370.0]","[0, 0, 0, 0, 0, 24, 29, 32, 32, 40, 40, 47, 54, 32, 60, 60]","[5, 9, 16, 20, 32, 32, 32, 36, 54, 45, 54, 54, 56, 67, 62, 67]",6764700.0,460.0000000000001,-460.0000000000001,0.0,,,,DWT,inu.32000013032828,0.0,,0.0,34,6.0,0.0,34,,1.1368683772161603e-13,79.31249999999994,486.0000000000009,79.31249999999999,,0.0,79.31249999999994,,,16.99999999999983,0.0,34,5.684341886080802e-14,1.1368683772161603e-13,,5.684341886080802e-14,0.894864949223421,0.7941487689626534,0.0005566491652975536,0.03529411764705842,7.373526469097889e-05,,,,,,,0.0,0.0,0.0,506,0.9484188197627278,0.647205928177501,435,0,0.0,0.0,305,0,0.3449876440526243,0.5871238176632209,476,88.58329413608415,0.8573537936617003,430.5,414.3075296603669,0.5820585393429274,361,db,361.0980392156863,403.0,158.96390539935234,153,0.9607397529157442,0.8667375194865046,0.06746091711302768,5,272.0
sym15,1,smooth,3.8324633220968106e-21,257.4203765615433,64495685.576282635,0.5612244897959183,272.32816443392926,69,raw,4.1414704194234005e-11,,3.1726439256945813,1857027.5633752295,0.9977913289833586,1.3207638667401086e-05,0.9999999999999999,323.0000000000017,,,,[],[],16,213.18749999989848,24.999999999995907,449.99999999982975,"[3, 8, 15, 19, 22, 27, 30, 35, 38, 43, 46, 51, 55, 58, 61, 65]","[348.9999999997874, 267.999999999921, 188.9999999999209, 24.999999999995907, 449.99999999982975, 203.99999999987878, 44.99999999994924, 51.9999999999863, 356.99999999986596, 48.99999999996402, 287.9999999998752, 41.99999999997789, 205.9999999999663, 407.9999999995865, 109.00000000000122, 369.9999999998688]","[0, 0, 0, 0, 0, 24, 29, 32, 32, 40, 40, 47, 54, 32, 60, 60]","[5, 9, 16, 20, 32, 32, 32, 36, 54, 45, 54, 54, 56, 67, 62, 67]",6764699.999999581,459.99999999995066,-459.99999999995066,0.0,,,,DWT,inu.32000013032828,4.1909515857696533e-07,,0.0,34,6.0,0.0,34,,4.934008757118136e-11,79.31250000010152,485.99999999837564,79.31250000010155,,0.0,79.31250000010152,,,17.000000000004093,0.0,34,1.7024603948812e-10,4.934008757118136e-11,,1.7053025658242404e-12,0.26875758220440116,0.10616454755930593,0.5809720982894455,0.13865546218487357,0.6180496155554158,,,,,,,0.03018311087262727,0.015091555436313636,0.03018311087262727,113,0.8075049033431321,0.5510455397825433,500,0,0.03018311087262727,0.03018311087262727,113,0,0.34251986115868843,0.5829239741649691,480,217.81414095508126,0.6492525910546196,301.5,183.6340860615499,0.581872672338904,362,sym,375.8541666666667,399.5,183.40489689834808,144,1.0,1.0,0.0,6,273.0
db13,1,reflect,3.866287325855375e-27,317.3822153757215,1681144.6477522769,0.5851063829787234,284.9628080556078,69,raw,4.2220655313281314e-14,-7.035905191799e-11,5.570823462576526,16364.276970327324,0.6066621196280997,1.3207638667392627e-05,1.0,323.0,,,,[],[],16,213.1875,25.0,450.0,"[3, 8, 15, 19, 22, 27, 30, 35, 38, 43, 46, 51, 55, 58, 61, 65]","[349.00000000000006, 268.0, 188.99999999999997, 25.0, 450.0, 204.0000000000001, 45.000000000000114, 52.00000000000006, 357.0, 49.000000000000114, 288.0, 42.00000000000006, 206.00000000000006, 407.9999999999999, 109.0, 370.0]","[0, 0, 0, 0, 0, 24, 29, 32, 32, 40, 40, 47, 54, 32, 60, 60]","[5, 9, 16, 20, 32, 32, 32, 36, 54, 45, 54, 54, 56, 67, 62, 67]",6764700.0,460.00000000000006,-460.00000000000006,0.0,,,,DWT,inu.32000013032828,0.0,,0.0,34,6.0,0.0,34,,5.684341886080802e-14,79.3125,486.0,79.31249999999999,,0.0,79.3125,,,17.0,0.0,34,0.0,5.684341886080802e-14,,0.0,0.917503587420326,0.940436320458625,0.003667300600223241,0.2730496453900708,0.0004939474874219557,,,,,,,0.0,0.0,0.0,491,1.1319714001326169,0.7724631622941642,265,0,0.0,0.0,512,0,0.42703016027133345,0.7267494424165454,280,132.63232386312671,0.786421378642308,387.0,352.8955588587571,0.5816164864226032,363,db,361.0980392156863,403.0,158.96390539935234,153,0.9607397529157442,0.8667375194865046,0.06746091711302768,5,273.5
rbio2.2,1,antireflect,9.670866153578387e-28,323.40050290740976,1472046.3852521281,0.5945945945945946,307.03741397541893,69,raw,1.871153864695756e-14,-6.956535347768548e-11,5.261362101149729,25237.95459733382,0.576450589366787,1.3207638667392627e-05,1.0,323.0,,,,[],[],16,213.1875,25.0,449.99999999999994,"[3, 8, 15, 19, 22, 27, 30, 35, 38, 43, 46, 51, 55, 58, 61, 65]","[349.0, 268.00000000000006, 188.99999999999994, 25.0, 449.99999999999994, 203.99999999999994, 45.00000000000006, 52.0, 357.0, 49.0, 288.00000000000006, 42.0, 205.99999999999997, 408.0000000000001, 108.99999999999997, 370.0]","[0, 0, 0, 0, 0, 24, 29, 32, 32, 40, 40, 47, 54, 32, 60, 60]","[5, 9, 16, 20, 32, 32, 32, 36, 54, 45, 54, 54, 56, 67, 62, 67]",6764700.0,459.99999999999994,-459.99999999999994,0.0,,,,DWT,inu.32000013032828,0.0,,0.0,34,6.0,0.0,34,,5.684341886080802e-14,79.3125,486.0,79.3125,,0.0,79.3125,,,17.0,0.0,34,5.684341886080802e-14,5.684341886080802e-14,,0.0,0.9826173342906166,0.8327817955696987,0.001745557189455301,0.3264440911499736,0.003471129656285262,,,,,,,0.0,0.0,0.0,297,1.1388001652764501,0.7771231470932073,253,0,0.0,0.0,601,0,0.4294119815712059,0.7308029905324872,266,165.53222244223832,0.7334424759384246,354.25,313.9011629749457,0.5814957951350739,364,rbio,249.7925925925926,196.0,174.24048813612427,135,0.6645997696604647,0.9500318207572005,0.24977061501051454,3,273.75
bior3.9,1,symmetric,1.8585105616337343e-27,320.56350629894695,1596349.2910079118,0.625,232.3420123680827,69,raw,3.109911684051451e-14,-6.991229817288085e-11,5.301699789349003,20929.6648319381,0.777547081912194,1.3207638667392627e-05,1.0,322.99999999999994,,,,[],[],16,213.1875,24.999999999999943,450.0,"[3, 8, 15, 19, 22, 27, 30, 35, 38, 43, 46, 51, 55, 58, 61, 65]","[349.0, 268.0, 189.00000000000006, 24.999999999999943, 450.0, 204.0000000000001, 45.0, 52.0, 357.0, 49.0, 288.0, 42.0, 205.99999999999994, 408.0000000000001, 109.00000000000006, 369.9999999999999]","[0, 0, 0, 0, 0, 24, 29, 32, 32, 40, 40, 47, 54, 32, 60, 60]","[5, 9, 16, 20, 32, 32, 32, 36, 54, 45, 54, 54, 56, 67, 62, 67]",6764700.0,460.0,-460.0,0.0,,,,DWT,inu.32000013032828,0.0,,0.0,34,6.0,0.0,34,,0.0,79.3125,486.0,79.3125,,0.0,79.3125,,,17.000000000000057,0.0,34,0.0,0.0,,5.684341886080802e-14,0.9519229751290329,0.8468143540713123,0.0028879783995565352,0.49754901960784303,0.0020256676948550247,,,,,,,0.0,0.0,0.0,385,1.1958348262339333,0.8160438959375964,186,0,0.0,0.0,576,0,0.4602399989805199,0.7832682413447271,192,185.5,0.7012882447665056,334.75,268.12902219275327,0.5811191626409018,365,bior,292.162962962963,301.0,176.53037485058104,135,0.7773306480916924,0.9625172382852065,0.16711337485025335,4,274.75
db2,1,antireflect,2.002849241755695e-27,320.2386740300502,1440331.4455269862,0.6388888888888888,299.11725115596545,69,raw,3.1832829448092896e-14,-7.11896097627121e-11,5.122969503846462,21423.165245892953,0.711122361045207,1.3207638667392622e-05,0.9999999999999999,323.00000000000006,,,,[],[],16,213.18750000000003,25.000000000000057,450.0,"[3, 8, 15, 19, 22, 27, 30, 35, 38, 43, 46, 51, 55, 58, 61, 65]","[349.0000000000001, 268.00000000000006, 189.0, 25.000000000000057, 450.0, 204.0, 44.99999999999994, 52.00000000000006, 357.0, 48.99999999999994, 288.0000000000001, 42.000000000000114, 205.99999999999997, 408.0, 109.0, 370.00000000000006]","[0, 0, 0, 0, 0, 24, 29, 32, 32, 40, 40, 47, 54, 32, 60, 60]","[5, 9, 16, 20, 32, 32, 32, 36, 54, 45, 54, 54, 56, 67, 62, 67]",6764700.0,460.0,-460.0,0.0,,,,DWT,inu.32000013032828,0.0,,0.0,34,6.0,0.0,34,,0.0,79.31249999999997,486.00000000000045,79.31249999999997,,0.0,79.31249999999997,,,16.999999999999943,0.0,34,0.0,0.0,,5.684341886080802e-14,0.9484085125811941,0.784638178408136,0.0014540771182631714,0.5757080610021783,0.0021912406054914796,,,,,,,0.0,0.0,0.0,397,1.193250955954984,0.8142806494400247,192,0,0.0,0.0,570,0,0.4624800139430526,0.7870804536343484,185,184.40354298837823,0.7030538760251559,336.0,268.6905082159604,0.5809955370463944,366,db,361.0980392156863,403.0,158.96390539935234,153,0.9607397529157442,0.8667375194865046,0.06746091711302768,5,275.75
sym8,1,antisymmetric,1.2510624042812868e-21,262.2823669007335,1457039.70155851,0.6190476190476191,277.2086312014838,69,raw,2.6557590265416575e-11,,5.373371650233149,54169.44389608549,0.8485763496940362,1.3207638667395497e-05,0.9999999999999999,322.9999999999794,,,,[],[],16,213.18749999999815,25.00000000007509,449.9999999999747,"[3, 8, 15, 19, 22, 27, 30, 35, 38, 43, 46, 51, 55, 58, 61, 65]","[348.9999999999965, 268.00000000002865, 188.99999999996686, 25.00000000007509, 449.9999999999747, 203.9999999999784, 45.00000000003922, 52.00000000008225, 356.9999999999432, 49.000000000018986, 288.0000000000086, 41.99999999998107, 206.0000000000486, 407.99999999996925, 108.99999999994802, 369.9999999999111]","[0, 0, 0, 0, 0, 24, 29, 32, 32, 40, 40, 47, 54, 32, 60, 60]","[5, 9, 16, 20, 32, 32, 32, 36, 54, 45, 54, 54, 56, 67, 62, 67]",6764699.999999672,460.000000000013,-460.000000000013,0.0,,,,DWT,inu.32000013032828,3.2782554626464844e-07,,0.0,34,6.0,0.0,34,,1.3017142919125035e-11,79.31250000000185,485.99999999997044,79.31250000000185,,0.0,79.31250000000185,,,16.99999999992491,0.0,34,2.5295321393059567e-11,1.3017142919125035e-11,,2.05773176276125e-11,0.3213609858412194,0.8717473540937176,0.001607636409239977,0.46405228758169936,0.013177850779076393,,,,,,,0.023609900060366226,0.011804950030183113,0.023609900060366226,121,0.8203861421005207,0.5598357640087321,496,0,0.023609900060366226,0.023609900060366226,121,0,0.33438922294099055,0.5690866920689034,488,214.22184762530642,0.655037282406914,306.5,194.22911333642816,0.5807392531197211,367,sym,375.8541666666667,399.5,183.40489689834808,144,1.0,1.0,0.0,6,276.75
coif2,1,symmetric,3.5706817089656e-27,317.7276452451192,1426450.3496184277,0.625,285.7504232269655,69,raw,3.91313390708461e-14,-7.0446426470028e-11,5.3038094891240135,17629.222943571636,0.6391390395874414,1.3207638667392624e-05,1.0,323.0000000000001,,,,[],[],16,213.1875,24.99999999999983,450.0,"[3, 8, 15, 19, 22, 27, 30, 35, 38, 43, 46, 51, 55, 58, 61, 65]","[349.0, 268.0, 189.0000000000001, 24.99999999999983, 450.0, 204.0, 45.000000000000114, 52.00000000000017, 357.0000000000001, 48.99999999999994, 288.00000000000006, 42.00000000000006, 206.0, 407.9999999999999, 109.0, 369.9999999999999]","[0, 0, 0, 0, 0, 24, 29, 32, 32, 40, 40, 47, 54, 32, 60, 60]","[5, 9, 16, 20, 32, 32, 32, 36, 54, 45, 54, 54, 56, 67, 62, 67]",6764700.0,460.0,-460.0,0.0,,,,DWT,inu.32000013032828,0.0,,0.0,34,6.0,0.0,34,,0.0,79.3125,486.0,79.3125,,0.0,79.3125,,,17.00000000000017,0.0,34,0.0,0.0,,1.1368683772161603e-13,0.921240901890426,0.8475482703375947,0.001326501191626808,0.49754901960784303,0.0009183458884475793,,,,,,,0.0,0.0,0.0,367,1.1765688730973825,0.802896709460334,215,0,0.0,0.0,586,0,0.4537166077831877,0.7721662833183575,213,175.9628275138436,0.7166460104446963,345.25,290.3330963677271,0.5803439391998039,368,coif,212.88888888888889,210.0,126.92181240687695,45,0.566413539530329,0.6920306630483438,0.39590132341426654,2,276.5
rbio1.5,1,symmetric,2.5002088933474294e-27,319.2753936771587,1398007.6411713522,0.6923076923076923,333.02518911797137,69,raw,4.0470042775901355e-14,-7.159761672426182e-11,5.322613643849847,16742.709951567544,0.5674209291267348,1.3207638667392622e-05,1.0,323.00000000000006,,,,[],[],16,213.18750000000003,25.0,450.00000000000006,"[3, 8, 15, 19, 22, 27, 30, 35, 38, 43, 46, 51, 55, 58, 61, 65]","[349.00000000000006, 268.0, 189.00000000000006, 25.0, 450.00000000000006, 204.00000000000006, 45.0, 52.0, 357.00000000000006, 48.99999999999994, 288.00000000000006, 41.99999999999994, 206.00000000000003, 408.0000000000001, 109.00000000000006, 370.00000000000006]","[0, 0, 0, 0, 0, 24, 29, 32, 32, 40, 40, 47, 54, 32, 60, 60]","[5, 9, 16, 20, 32, 32, 32, 36, 54, 45, 54, 54, 56, 67, 62, 67]",6764700.0,460.00000000000006,-460.00000000000006,0.0,,,,DWT,inu.32000013032828,0.0,,0.0,34,6.0,0.0,34,,5.684341886080802e-14,79.31249999999997,486.00000000000045,79.31249999999997,,0.0,79.31249999999997,,,17.0,0.0,34,5.684341886080802e-14,5.684341886080802e-14,,5.684341886080802e-14,0.9379864792813484,0.8540898053893827,0.0010650949662043372,0.8763197586726997,0.0006209144532298221,,,,,,,0.0,0.0,0.0,544,1.3411456069969745,0.9152047273954427,25,0,0.0,0.0,418,0,0.5340164105525731,0.9088260378699542,22,269.1026755719831,0.5666623581771608,252.25,44.60048407153589,0.5802313401191762,369,rbio,249.7925925925926,196.0,174.24048813612427,135,0.6645997696604647,0.9500318207572005,0.24977061501051454,3,277.5
rbio1.5,1,periodic,2.522891502564219e-27,319.2361708936196,1402713.9647490797,0.6794871794871795,333.770505076992,69,raw,4.036706556782019e-14,-7.163702964163601e-11,5.330696009098865,17017.843654915978,0.5530879291282287,1.3207638667392622e-05,1.0,323.00000000000006,,,,[],[],16,213.18750000000003,25.0,450.00000000000006,"[3, 8, 15, 19, 22, 27, 30, 35, 38, 43, 46, 51, 55, 58, 61, 65]","[349.00000000000006, 268.0, 189.00000000000006, 25.0, 450.00000000000006, 204.00000000000006, 45.0, 52.0, 357.00000000000006, 48.99999999999994, 288.00000000000006, 41.99999999999994, 206.00000000000003, 408.00000000000006, 109.00000000000006, 370.00000000000006]","[0, 0, 0, 0, 0, 24, 29, 32, 32, 40, 40, 47, 54, 32, 60, 60]","[5, 9, 16, 20, 32, 32, 32, 36, 54, 45, 54, 54, 56, 67, 62, 67]",6764700.0,460.00000000000006,-460.00000000000006,0.0,,,,DWT,inu.32000013032828,0.0,,0.0,34,6.0,0.0,34,,5.684341886080802e-14,79.31249999999997,486.00000000000045,79.31249999999997,,0.0,79.31249999999997,,,17.0,0.0,34,5.684341886080802e-14,5.684341886080802e-14,,5.684341886080802e-14,0.9375621156421126,0.8569014752755687,0.0011083490144030066,0.8041729512317748,0.000713223774132954,,,,,,,0.0,0.0,0.0,543,1.3134966515326165,0.896336936592931,41,0,0.0,0.0,422,0,0.5200916229875985,0.8851278719320166,39,260.210651844488,0.5809812369653977,261.25,73.74283435007747,0.5801444027017004,370,rbio,249.7925925925926,196.0,174.24048813612427,135,0.6645997696604647,0.9500318207572005,0.24977061501051454,3,278.25
rbio1.3,1,periodic,2.1687501199536966e-27,319.89306147207344,1314147.2881136218,0.7027027027027027,336.587963207795,69,raw,3.851347582235906e-14,-7.174227878437049e-11,5.269048345174016,17435.43913212199,0.5401554002737592,1.3207638667392624e-05,0.9999999999999999,323.00000000000006,,,,[],[],16,213.18750000000003,25.0,450.00000000000006,"[3, 8, 15, 19, 22, 27, 30, 35, 38, 43, 46, 51, 55, 58, 61, 65]","[349.0, 268.0, 189.0, 25.0, 450.00000000000006, 204.00000000000006, 45.0, 52.0, 357.00000000000006, 48.99999999999994, 288.00000000000006, 41.99999999999994, 206.00000000000003, 408.00000000000006, 109.00000000000006, 370.00000000000006]","[0, 0, 0, 0, 0, 24, 29, 32, 32, 40, 40, 47, 54, 32, 60, 60]","[5, 9, 16, 20, 32, 32, 32, 36, 54, 45, 54, 54, 56, 67, 62, 67]",6764700.0,460.00000000000006,-460.00000000000006,0.0,,,,DWT,inu.32000013032828,0.0,,0.0,34,6.0,0.0,34,,5.684341886080802e-14,79.31249999999997,486.00000000000045,79.31249999999999,,0.0,79.31249999999997,,,17.0,0.0,34,5.684341886080802e-14,5.684341886080802e-14,,5.684341886080802e-14,0.9446692215458619,0.8354556639479671,0.0002943660324177546,0.934817170111288,0.0008533300368116789,,,,,,,0.0,0.0,0.0,534,1.3589447479769494,0.9273509536392333,19,0,0.0,0.0,431,0,0.5432179503348694,0.9244858542677198,18,271.17091781138083,0.5633318553761983,250.5,35.593528537165064,0.5799751064320605,371,rbio,249.7925925925926,196.0,174.24048813612427,135,0.6645997696604647,0.9500318207572005,0.24977061501051454,3,279.0
sym12,1,smooth,4.872904938042925e-23,276.37727724234287,41728519.852520846,0.6086956521739131,286.86305992831177,69,raw,4.59916806732139e-12,-2.7509883260325333e-11,2.9846490816144953,1144210.3868578917,0.9961042168198329,1.3207638667391667e-05,1.0,323.0000000000006,,,,[],[],16,213.1875000000104,24.999999999997726,450.0000000000181,"[3, 8, 15, 19, 22, 27, 30, 35, 38, 43, 46, 51, 55, 58, 61, 65]","[349.00000000002257, 268.0000000000072, 189.00000000000912, 24.999999999997726, 450.0000000000181, 204.0000000000129, 45.000000000003865, 51.99999999999852, 357.0000000000156, 49.00000000000284, 288.00000000001234, 42.00000000000284, 206.00000000000182, 408.00000000004695, 109.00000000000168, 370.0000000000123]","[0, 0, 0, 0, 0, 24, 29, 32, 32, 40, 40, 47, 54, 32, 60, 60]","[5, 9, 16, 20, 32, 32, 32, 36, 54, 45, 54, 54, 56, 67, 62, 67]",6764700.000000046,460.0000000000045,-460.0000000000045,0.0,,,,DWT,inu.32000013032828,4.563480615615845e-08,,0.0,34,6.0,0.0,34,,4.490630090003833e-12,79.3124999999896,486.00000000016644,79.31249999999443,,0.0,79.3124999999896,,,17.000000000002274,0.0,34,1.807620719773695e-11,4.490630090003833e-12,,6.252776074688882e-13,0.4738582567526907,0.04076544400822557,0.3717276493477917,0.4057971014492755,0.37889436597454756,,,,,,,0.003286605406130525,0.0016433027030652626,0.003286605406130525,172,0.8044380876991523,0.5489527288597194,504,0,0.003286605406130525,0.003286605406130525,172,0,0.33420856350650624,0.5687792333563961,489,187.45021561292836,0.698147800945365,334.25,255.47639624654215,0.5799515172198645,372,sym,375.8541666666667,399.5,183.40489689834808,144,1.0,1.0,0.0,6,280.5
db8,1,zero,1.823815151399418e-27,320.64534844061166,1316382.0246848313,0.5595238095238095,194.31710193647092,69,raw,2.74064185194787e-14,-6.83776368859415e-11,5.138857773160195,24718.94954648526,0.7884324826192196,1.3207638667392627e-05,1.0,323.0,,,,[],[],16,213.1875,25.0,450.0,"[3, 8, 15, 19, 22, 27, 30, 35, 38, 43, 46, 51, 55, 58, 61, 65]","[349.0, 267.99999999999994, 189.0, 25.0, 450.0, 204.00000000000006, 45.000000000000114, 51.99999999999994, 356.9999999999999, 49.0, 288.0, 41.99999999999994, 205.99999999999994, 407.99999999999994, 109.00000000000009, 370.0000000000001]","[0, 0, 0, 0, 0, 24, 29, 32, 32, 40, 40, 47, 54, 32, 60, 60]","[5, 9, 16, 20, 32, 32, 32, 36, 54, 45, 54, 54, 56, 67, 62, 67]",6764700.0,460.0,-460.0,0.0,,,,DWT,inu.32000013032828,0.0,,0.0,34,6.0,0.0,34,,0.0,79.3125,486.0,79.3125,,0.0,79.3125,,,17.0,0.0,34,0.0,0.0,,0.0,0.9528084510169195,0.7901653436619536,0.00031490465492553825,0.1290849673202613,0.0032969997579628697,,,,,,,0.0,0.0,0.0,559,1.0198779815998809,0.6959700313351874,392,0,0.0,0.0,331,0,0.3751341332824046,0.6384291967133524,419,96.46545150121537,0.844661108693695,425.25,410.35270404539483,0.5799392499990215,373,db,361.0980392156863,403.0,158.96390539935234,153,0.9607397529157442,0.8667375194865046,0.06746091711302768,5,281.0
sym5,1,reflect,5.987227576240784e-22,265.4828989724566,1420967.9081149988,0.6153846153846154,284.4634969028782,69,raw,1.9270433879854317e-11,,5.313422367268513,16043.835082362748,0.5961184682191402,1.320763866739465e-05,0.9999999999999999,323.00000000000904,,,,[],[],16,213.18749999995623,24.999999999969077,449.9999999999278,"[3, 8, 15, 19, 22, 27, 30, 35, 38, 43, 46, 51, 55, 58, 61, 65]","[348.99999999989075, 267.99999999996305, 188.99999999997618, 24.999999999969077, 449.9999999999278, 203.9999999999425, 44.99999999996038, 51.999999999964984, 356.9999999999572, 48.99999999997243, 287.99999999994156, 41.99999999999369, 205.99999999996822, 407.99999999992167, 109.00000000002987, 369.99999999992013]","[0, 0, 0, 0, 0, 24, 29, 32, 32, 40, 40, 47, 54, 32, 60, 60]","[5, 9, 16, 20, 32, 32, 32, 36, 54, 45, 54, 54, 56, 67, 62, 67]",6764699.999999789,459.9999999999711,-459.9999999999711,0.0,,,,DWT,inu.32000013032828,2.1141022443771362e-07,,0.0,34,6.0,0.0,34,,2.887645678129047e-11,79.31250000004377,485.9999999992997,79.31250000004378,,0.0,79.31250000004377,,,17.000000000030923,0.0,34,7.219114195322618e-11,2.887645678129047e-11,,9.038103598868474e-12,0.3559885495910633,0.8508923706307293,0.0012761141357605374,0.4434389140271494,0.00038643694724844893,,,,,,,0.015225702595747535,0.007612851297873768,0.015225702595747535,148,0.817207512527642,0.5576666506801269,497,0,0.015225702595747535,0.015225702595747535,148,0,0.3303964770663902,0.5622915611670649,494,200.63295674772212,0.6769195543514941,321.75,227.92181952755513,0.5794018061612543,374,sym,375.8541666666667,399.5,183.40489689834808,144,1.0,1.0,0.0,6,282.0
db10,1,reflect,2.681120994278115e-27,318.97199249991377,1504398.8607296129,0.6363636363636364,326.43823735207064,69,raw,3.6093511432451465e-14,-6.988976064548096e-11,5.563746212009675,16428.153757520733,0.5372011488475329,1.3207638667392629e-05,1.0,323.00000000000006,,,,[],[],16,213.18749999999994,25.0,450.0,"[3, 8, 15, 19, 22, 27, 30, 35, 38, 43, 46, 51, 55, 58, 61, 65]","[349.0, 267.99999999999994, 189.0, 25.0, 450.0, 204.00000000000014, 45.0, 51.99999999999983, 357.0, 48.99999999999994, 288.0, 41.99999999999983, 205.9999999999999, 407.9999999999999, 108.99999999999989, 369.9999999999999]","[0, 0, 0, 0, 0, 24, 29, 32, 32, 40, 40, 47, 54, 32, 60, 60]","[5, 9, 16, 20, 32, 32, 32, 36, 54, 45, 54, 54, 56, 67, 62, 67]",6764700.0,460.0,-460.0,0.0,,,,DWT,inu.32000013032828,0.0,,0.0,34,6.0,0.0,34,,0.0,79.31250000000006,485.9999999999991,79.31250000000004,,0.0,79.31250000000006,,,17.0,0.0,34,0.0,0.0,,5.684341886080802e-14,0.9347038864588458,0.9379743069659503,0.0020428966117321526,0.5614973262032084,0.0005153786053676555,,,,,,,0.0,0.0,0.0,592,1.2556360155875792,0.8568525381273703,119,0,0.0,0.0,356,0,0.4873467589690209,0.8294003990706474,125,224.92220877450052,0.6378064270942021,298.0,191.37346503596459,0.5789676257854264,375,db,361.0980392156863,403.0,158.96390539935234,153,0.9607397529157442,0.8667375194865046,0.06746091711302768,5,282.5
db2,1,smooth,1.956740893483864e-27,320.3398234203842,1457178.9160079588,0.6388888888888888,304.38510043590554,69,raw,3.1047628236473945e-14,-7.114653310935664e-11,5.122925061169411,23919.40175581482,0.742957701048183,1.3207638667392622e-05,0.9999999999999999,323.00000000000006,,,,[],[],16,213.18750000000003,25.000000000000057,450.0,"[3, 8, 15, 19, 22, 27, 30, 35, 38, 43, 46, 51, 55, 58, 61, 65]","[349.0000000000001, 268.00000000000006, 189.0, 25.000000000000057, 450.0, 204.0, 44.99999999999994, 52.00000000000006, 357.0, 48.99999999999994, 288.0000000000001, 42.000000000000114, 205.99999999999997, 408.0, 109.0, 370.00000000000006]","[0, 0, 0, 0, 0, 24, 29, 32, 32, 40, 40, 47, 54, 32, 60, 60]","[5, 9, 16, 20, 32, 32, 32, 36, 54, 45, 54, 54, 56, 67, 62, 67]",6764700.0,460.0,-460.0,0.0,,,,DWT,inu.32000013032828,0.0,,0.0,34,6.0,0.0,34,,0.0,79.31249999999997,486.00000000000045,79.31249999999997,,0.0,79.31249999999997,,,16.999999999999943,0.0,34,0.0,0.0,,5.684341886080802e-14,0.9495028796687773,0.7846227178179653,0.001608915876834365,0.5757080610021783,0.0030287457684001332,,,,,,,0.0,0.0,0.0,400,1.1943122673568978,0.8150048938525648,190,0,0.0,0.0,572,0,0.4628942640268311,0.7877854530592502,182,186.9260103178082,0.6989919318553813,336.0,266.5615501186941,0.5789645649615072,376,db,361.0980392156863,403.0,158.96390539935234,153,0.9607397529157442,0.8667375194865046,0.06746091711302768,5,283.25
db14,1,antireflect,4.576445064822163e-27,316.64987409860254,1847098.209357673,0.5833333333333334,296.93127184134545,69,raw,4.832205489209089e-14,-7.096767618008953e-11,5.568402147429196,84631.36978233377,0.9181253135229089,1.3207638667392627e-05,0.9999999999999999,323.00000000000006,,,,[],[],16,213.1875,25.0,450.00000000000017,"[3, 8, 15, 19, 22, 27, 30, 35, 38, 43, 46, 51, 55, 58, 61, 65]","[349.0, 268.00000000000006, 188.99999999999983, 25.0, 450.00000000000017, 204.0, 45.00000000000006, 52.0, 357.00000000000006, 48.99999999999977, 288.0000000000001, 42.00000000000006, 206.00000000000006, 407.9999999999999, 109.0, 370.0]","[0, 0, 0, 0, 0, 24, 29, 32, 32, 40, 40, 47, 54, 32, 60, 60]","[5, 9, 16, 20, 32, 32, 32, 36, 54, 45, 54, 54, 56, 67, 62, 67]",6764700.0,460.0000000000001,-460.0000000000001,0.0,,,,DWT,inu.32000013032828,0.0,,0.0,34,6.0,0.0,34,,1.1368683772161603e-13,79.3125,486.0,79.31250000000003,,0.0,79.3125,,,17.0,0.0,34,1.7053025658242404e-13,1.1368683772161603e-13,,5.684341886080802e-14,0.9095801566620064,0.9395940003363635,0.005192517307886771,0.26307189542483667,0.023398044298588792,,,,,,,0.0,0.0,0.0,496,1.1327293287086992,0.7729803766907515,264,0,0.0,0.0,513,0,0.42816732280593645,0.7286847442168553,272,136.75860728548923,0.7797767998623362,386.25,349.9624970120438,0.5788980617669168,377,db,361.0980392156863,403.0,158.96390539935234,153,0.9607397529157442,0.8667375194865046,0.06746091711302768,5,284.0
db5,1,zero,1.846803408489585e-27,320.59094995942536,1321064.395483154,0.5769230769230769,200.14225501481255,69,raw,2.7803846181916974e-14,-6.989486767139424e-11,5.120643643965546,21996.829059829062,0.7539756579667996,1.3207638667392627e-05,1.0,323.00000000000006,,,,[],[],16,213.1875,25.000000000000057,450.0000000000001,"[3, 8, 15, 19, 22, 27, 30, 35, 38, 43, 46, 51, 55, 58, 61, 65]","[349.0, 268.0, 189.00000000000006, 25.000000000000057, 450.0000000000001, 204.00000000000017, 45.0, 51.99999999999983, 357.0000000000001, 48.99999999999994, 288.00000000000006, 42.0, 205.99999999999994, 407.99999999999994, 108.99999999999997, 370.0]","[0, 0, 0, 0, 0, 24, 29, 32, 32, 40, 40, 47, 54, 32, 60, 60]","[5, 9, 16, 20, 32, 32, 32, 36, 54, 45, 54, 54, 56, 67, 62, 67]",6764700.0,460.0000000000001,-460.0000000000001,0.0,,,,DWT,inu.32000013032828,0.0,,0.0,34,6.0,0.0,34,,1.1368683772161603e-13,79.3125,486.0,79.3125,,0.0,79.3125,,,16.999999999999943,0.0,34,1.1368683772161603e-13,1.1368683772161603e-13,,5.684341886080802e-14,0.9522198967287698,0.7838290649883418,0.00035793856214627715,0.22699849170437364,0.002383708908889702,,,,,,,0.0,0.0,0.0,577,1.0551783200578113,0.7200591656296339,355,0,0.0,0.0,277,0,0.39315782017850426,0.6691031528426056,372,128.03222250667994,0.7938289492646056,395.25,368.72191004077774,0.5786777596564574,378,db,361.0980392156863,403.0,158.96390539935234,153,0.9607397529157442,0.8667375194865046,0.06746091711302768,5,284.75
rbio1.3,1,antireflect,2.3450891141874486e-27,319.55356312659796,1473118.1829110123,0.6756756756756757,332.19797030631116,69,raw,3.9852179527414334e-14,-7.17964576679722e-11,5.1882222325906815,21082.472390887517,0.6650425430142087,1.3207638667392624e-05,0.9999999999999998,323.00000000000006,,,,[],[],16,213.18750000000003,25.0,450.00000000000006,"[3, 8, 15, 19, 22, 27, 30, 35, 38, 43, 46, 51, 55, 58, 61, 65]","[349.0, 268.0, 189.0, 25.0, 450.00000000000006, 204.00000000000006, 45.0, 52.0, 357.00000000000006, 48.99999999999994, 288.00000000000006, 41.99999999999994, 206.00000000000003, 408.00000000000006, 109.00000000000006, 370.00000000000006]","[0, 0, 0, 0, 0, 24, 29, 32, 32, 40, 40, 47, 54, 32, 60, 60]","[5, 9, 16, 20, 32, 32, 32, 36, 54, 45, 54, 54, 56, 67, 62, 67]",6764700.0,460.00000000000006,-460.00000000000006,0.0,,,,DWT,inu.32000013032828,0.0,,0.0,34,6.0,0.0,34,,5.684341886080802e-14,79.31249999999997,486.00000000000045,79.31249999999999,,0.0,79.31249999999997,,,17.0,0.0,34,5.684341886080802e-14,5.684341886080802e-14,,5.684341886080802e-14,0.9409960820998355,0.8073381092760051,0.0017554076782351192,0.782723900370959,0.002076935721359297,,,,,,,0.0,0.0,0.0,529,1.2830647421739485,0.8755700435997935,66,0,0.0,0.0,451,0,0.5069780870292788,0.8628103500507457,65,247.14553742009315,0.6020200685666777,277.75,115.46082639797807,0.5773787943477511,379,rbio,249.7925925925926,196.0,174.24048813612427,135,0.6645997696604647,0.9500318207572005,0.24977061501051454,3,285.0
bior6.8,1,periodic,4.970262208947329e-22,266.2913636257849,1476444.8782138096,0.6046511627906976,274.6521657971027,69,raw,1.7340538023205035e-11,-4.814393328486352e-11,5.440369689500386,17752.24437847811,0.6068550972294096,1.3207638667395846e-05,0.9999999999999999,322.9999999999996,,,,[],[],16,213.18749999995958,25.000000000003013,449.9999999999214,"[3, 8, 15, 19, 22, 27, 30, 35, 38, 43, 46, 51, 55, 58, 61, 65]","[348.9999999999208, 267.9999999999701, 188.99999999996362, 25.000000000003013, 449.9999999999214, 203.99999999993943, 44.99999999997772, 51.99999999999807, 356.99999999993713, 48.99999999998391, 287.99999999994486, 41.99999999998852, 205.9999999999892, 407.9999999999021, 108.99999999999926, 369.99999999991417]","[0, 0, 0, 0, 0, 24, 29, 32, 32, 40, 40, 47, 54, 32, 60, 60]","[5, 9, 16, 20, 32, 32, 32, 36, 54, 45, 54, 54, 56, 67, 62, 67]",6764699.999999699,459.9999999999788,-459.9999999999788,0.0,,,,DWT,inu.32000013032828,3.0081719160079956e-07,,0.0,34,6.0,0.0,34,,2.120259523508139e-11,79.31250000004042,485.99999999935335,79.3125000000404,,0.0,79.31250000004042,,,16.999999999996987,0.0,34,7.861444828449748e-11,2.120259523508139e-11,,3.979039320256561e-13,0.3647355831140079,0.8950544385470063,0.001785982082351838,0.383036935704514,0.0009596204577734752,,,,,,,0.021664766248574687,0.010832383124287344,0.021664766248574687,126,0.8208601826479989,0.56015925174024,495,0,0.021664766248574687,0.021664766248574687,127,0,0.3291145119811308,0.5601098243775188,498,213.62350057987535,0.6560008042192023,311.5,201.62552684094166,0.5771952491305351,380,bior,292.162962962963,301.0,176.53037485058104,135,0.7773306480916924,0.9625172382852065,0.16711337485025335,4,286.0
db5,1,symmetric,1.846803408489585e-27,320.59094995942536,1365449.2525205151,0.5641025641025641,248.55166532745642,69,raw,2.7803846181916974e-14,-6.970946042628182e-11,5.273099979121769,17467.341602098375,0.6272708541338786,1.3207638667392627e-05,1.0,323.00000000000006,,,,[],[],16,213.1875,25.000000000000057,450.0000000000001,"[3, 8, 15, 19, 22, 27, 30, 35, 38, 43, 46, 51, 55, 58, 61, 65]","[349.0, 268.0, 189.00000000000006, 25.000000000000057, 450.0000000000001, 204.00000000000017, 45.0, 51.99999999999983, 357.0000000000001, 48.99999999999994, 288.00000000000006, 42.0, 205.99999999999994, 408.00000000000006, 109.0, 370.00000000000006]","[0, 0, 0, 0, 0, 24, 29, 32, 32, 40, 40, 47, 54, 32, 60, 60]","[5, 9, 16, 20, 32, 32, 32, 36, 54, 45, 54, 54, 56, 67, 62, 67]",6764700.0,460.0000000000001,-460.0000000000001,0.0,,,,DWT,inu.32000013032828,0.0,,0.0,34,6.0,0.0,34,,1.1368683772161603e-13,79.3125,486.0,79.3125,,0.0,79.3125,,,16.999999999999943,0.0,34,1.1368683772161603e-13,1.1368683772161603e-13,,5.684341886080802e-14,0.9522198967287698,0.8368651346672134,0.0007658630734719746,0.1548516842634488,0.0008640335431535514,,,,,,,0.0,0.0,0.0,575,1.0524337240302455,0.7181862390464843,361,0,0.0,0.0,282,0,0.3891133224552115,0.6622199470676544,387,124.14071317125041,0.8000954699335743,401.25,375.9648613146737,0.5769801021165456,381,db,361.0980392156863,403.0,158.96390539935234,153,0.9607397529157442,0.8667375194865046,0.06746091711302768,5,287.0
sym15,1,antireflect,2.6884155752457444e-21,258.96019260556557,2182253.035694258,0.6122448979591837,310.45769095504437,69,raw,3.695280474528481e-11,-1.1184386750370004e-10,5.522294338477919,65510.38982282735,0.8864972518194465,1.3207638667401592e-05,1.0,323.0000000000017,,,,[],[],16,213.18749999990246,24.99999999999585,449.9999999998298,"[3, 8, 15, 19, 22, 27, 30, 35, 38, 43, 46, 51, 55, 58, 61, 65]","[348.99999999979013, 267.99999999992116, 188.99999999992085, 24.99999999999585, 449.9999999998298, 203.9999999998787, 44.99999999994924, 51.9999999999863, 356.999999999866, 48.99999999996402, 287.9999999998753, 41.99999999997789, 205.99999999996632, 407.9999999996616, 109.00000000000384, 369.9999999998523]","[0, 0, 0, 0, 0, 24, 29, 32, 32, 40, 40, 47, 54, 32, 60, 60]","[5, 9, 16, 20, 32, 32, 32, 36, 54, 45, 54, 54, 56, 67, 62, 67]",6764699.999999367,459.9999999999507,-459.9999999999507,0.0,,,,DWT,inu.32000013032828,6.332993507385254e-07,,0.0,34,6.0,0.0,34,,4.928324415232055e-11,79.31250000009754,485.9999999984393,79.31250000009754,,0.0,79.31250000009754,,,17.00000000000415,0.0,34,1.701891960692592e-10,4.928324415232055e-11,,1.7053025658242404e-12,0.2854173365928976,0.9235541488879195,0.008272799139970128,0.4257703081232493,0.01698281906960567,,,,,,,0.04561003420752566,0.02280501710376283,0.04561003420752566,106,0.8142651268468254,0.555658751410387,499,0,0.04561003420752566,0.04561003420752566,106,0,0.33199948236272847,0.5650196663776298,492,224.89608711580556,0.6378484909568349,300.75,174.6385308910818,0.5767744870243112,382,sym,375.8541666666667,399.5,183.40489689834808,144,1.0,1.0,0.0,6,288.0
rbio2.6,1,smooth,1.2689456462650803e-27,322.2207264334307,10054154.49313214,0.5853658536585366,310.3493605790337,69,raw,2.342731483846708e-14,-7.037059823744609e-11,3.2318366788324493,280227.3334269493,0.9790518787313589,1.3207638667392624e-05,1.0,323.00000000000006,,,,[],[],16,213.1875,25.0,450.0,"[3, 8, 15, 19, 22, 27, 30, 35, 38, 43, 46, 51, 55, 58, 61, 65]","[349.0, 268.00000000000006, 189.0, 25.0, 450.0, 204.0, 45.0, 52.00000000000006, 357.0, 48.99999999999994, 288.00000000000006, 42.0, 206.00000000000006, 408.0, 109.00000000000006, 370.0000000000001]","[0, 0, 0, 0, 0, 24, 29, 32, 32, 40, 40, 47, 54, 32, 60, 60]","[5, 9, 16, 20, 32, 32, 32, 36, 54, 45, 54, 54, 56, 67, 62, 67]",6764700.0,460.0,-460.0,0.0,,,,DWT,inu.32000013032828,0.0,,0.0,34,6.0,0.0,34,,0.0,79.3125,486.0,79.31249999999997,,0.0,79.3125,,,17.0,0.0,34,0.0,0.0,,5.684341886080802e-14,0.9698529613214428,0.1267563516105269,0.08062048187614318,0.2745098039215683,0.08902188592791672,,,,,,,0.0,0.0,0.0,289,0.8310128694759946,0.5670874979591967,490,0,0.0,0.0,315,0,0.30815229693151963,0.5244348779300809,527,120.64375933576783,0.8057266355301645,405.25,378.31640481930015,0.5765750729985766,383,rbio,249.7925925925926,196.0,174.24048813612427,135,0.6645997696604647,0.9500318207572005,0.24977061501051454,3,288.0
bior3.3,1,reflect,1.1677885261289135e-27,322.58151459499925,1502364.5059888116,0.5921052631578947,241.77722099216726,69,raw,2.2037122529371226e-14,-6.945044539463678e-11,5.1097905023631025,20553.25121664539,0.7629403256878535,1.3207638667392627e-05,1.0,323.00000000000006,,,,[],[],16,213.1875,25.0,449.99999999999994,"[3, 8, 15, 19, 22, 27, 30, 35, 38, 43, 46, 51, 55, 58, 61, 65]","[349.0, 267.99999999999994, 189.0, 25.0, 449.99999999999994, 204.0000000000001, 45.0, 52.0, 357.00000000000006, 48.999999999999886, 288.00000000000006, 42.0, 205.99999999999997, 408.00000000000006, 109.0, 369.9999999999999]","[0, 0, 0, 0, 0, 24, 29, 32, 32, 40, 40, 47, 54, 32, 60, 60]","[5, 9, 16, 20, 32, 32, 32, 36, 54, 45, 54, 54, 56, 67, 62, 67]",6764700.0,459.99999999999994,-459.99999999999994,0.0,,,,DWT,inu.32000013032828,0.0,,0.0,34,6.0,0.0,34,,5.684341886080802e-14,79.3125,486.0,79.3125,,0.0,79.3125,,,17.0,0.0,34,5.684341886080802e-14,5.684341886080802e-14,,5.684341886080802e-14,0.973756441988074,0.780053505424536,0.0020241996231892823,0.31243550051599545,0.0018993782407332985,,,,,,,0.0,0.0,0.0,474,1.1010266692193986,0.7513463172088855,310,0,0.0,0.0,542,0,0.41403380515850563,0.704631346997492,321,114.64256045058775,0.8153904018509054,411.75,388.5081488278223,0.5761734617950179,384,bior,292.162962962963,301.0,176.53037485058104,135,0.7773306480916924,0.9625172382852065,0.16711337485025335,4,289.0
sym11,1,zero,9.159604504948157e-24,283.63638941335773,1307938.3273341607,0.5777777777777777,175.74361519185467,69,raw,2.3112655107024028e-12,-8.027545295164464e-11,5.172032854016773,26543.84049382741,0.8014575350970696,1.3207638667392139e-05,1.0,322.99999999999983,,,,[],[],16,213.18750000000583,25.000000000000682,450.00000000001074,"[3, 8, 15, 19, 22, 27, 30, 35, 38, 43, 46, 51, 55, 58, 61, 65]","[349.0000000000128, 268.0000000000051, 189.0000000000049, 25.000000000000682, 450.00000000001074, 204.00000000000762, 45.00000000000364, 52.000000000001535, 357.0000000000081, 49.00000000000222, 288.0000000000081, 42.00000000000125, 206.0000000000023, 408.00000000001296, 108.99999999999955, 370.0000000000116]","[0, 0, 0, 0, 0, 24, 29, 32, 32, 40, 40, 47, 54, 32, 60, 60]","[5, 9, 16, 20, 32, 32, 32, 36, 54, 45, 54, 54, 56, 67, 62, 67]",6764700.000000045,460.00000000000324,-460.00000000000324,0.0,,,,DWT,inu.32000013032828,4.470348358154297e-08,,0.0,34,6.0,0.0,34,,3.240074875066057e-12,79.31249999999417,486.0000000000932,79.31249999999626,,0.0,79.31249999999417,,,16.999999999999318,0.0,34,1.0743406164692715e-11,3.240074875066057e-12,,1.7053025658242404e-13,0.5523968759060223,0.8017061950021664,0.00023730181140043565,0.23180827886710198,0.003909263693719564,,,,,,,0.003219531826413576,0.001609765913206788,0.003219531826413576,173,0.8266968909747253,0.5641422518150859,492,0,0.003219531826413576,0.003219531826413576,173,0,0.3180115830560822,0.541214092515529,510,189.51341201438314,0.6948254234873057,337.0,257.1686024295527,0.5760761577984033,385,sym,375.8541666666667,399.5,183.40489689834808,144,1.0,1.0,0.0,6,290.25
db14,1,antisymmetric,4.358245709709278e-27,316.862039520553,1707455.8686870155,0.5833333333333334,299.99512282226834,69,raw,5.1755701174047514e-14,-7.064504536913346e-11,5.592956627013187,83157.47979727575,0.9010418854578328,1.3207638667392627e-05,1.0,323.0000000000001,,,,[],[],16,213.1875,25.000000000000057,450.00000000000017,"[3, 8, 15, 19, 22, 27, 30, 35, 38, 43, 46, 51, 55, 58, 61, 65]","[349.0, 268.0000000000001, 188.9999999999999, 25.000000000000057, 450.00000000000017, 204.0, 45.00000000000006, 52.0, 357.0000000000001, 48.999999999999716, 288.0000000000001, 42.0, 206.00000000000006, 407.9999999999999, 108.99999999999994, 369.99999999999994]","[0, 0, 0, 0, 0, 24, 29, 32, 32, 40, 40, 47, 54, 32, 60, 60]","[5, 9, 16, 20, 32, 32, 32, 36, 54, 45, 54, 54, 56, 67, 62, 67]",6764700.0,460.0000000000001,-460.0000000000001,0.0,,,,DWT,inu.32000013032828,0.0,,0.0,34,6.0,0.0,34,,1.1368683772161603e-13,79.3125,486.0,79.31250000000001,,0.0,79.3125,,,16.999999999999943,0.0,34,1.7053025658242404e-13,1.1368683772161603e-13,,1.1368683772161603e-13,0.9118756411344203,0.9481359417965892,0.003909117126367534,0.26307189542483667,0.02290354369051777,,,,,,,0.0,0.0,0.0,497,1.1375380897882723,0.7762619002255413,259,0,0.0,0.0,518,0,0.4299792278345463,0.7317683694306276,263,142.5841856588591,0.7703958362981335,384.25,344.65348880713344,0.5758178859429476,386,db,361.0980392156863,403.0,158.96390539935234,153,0.9607397529157442,0.8667375194865046,0.06746091711302768,5,290.75
coif4,1,periodic,4.595057609078682e-27,316.6322470277744,1524256.6939731291,0.6195652173913043,287.0086853297063,69,raw,4.7781424549664725e-14,-6.820377596028519e-11,5.5539964735226715,16715.205324038456,0.584345456105063,1.3207638667392632e-05,1.0,323.0000000000001,,,,[],[],16,213.1875,24.999999999999943,450.0,"[3, 8, 15, 19, 22, 27, 30, 35, 38, 43, 46, 51, 55, 58, 61, 65]","[349.0, 267.9999999999999, 189.0, 24.999999999999943, 450.0, 204.0, 45.000000000000114, 52.00000000000023, 356.9999999999997, 48.99999999999994, 287.99999999999994, 42.00000000000006, 205.99999999999994, 408.0, 109.0, 370.0]","[0, 0, 0, 0, 0, 24, 29, 32, 32, 40, 40, 47, 54, 32, 60, 60]","[5, 9, 16, 20, 32, 32, 32, 36, 54, 45, 54, 54, 56, 67, 62, 67]",6764700.0,460.0,-460.0,0.0,,,,DWT,inu.32000013032828,0.0,,0.0,34,6.0,0.0,34,,0.0,79.3125,486.0,79.31250000000001,,0.0,79.3125,,,17.000000000000057,0.0,34,0.0,0.0,,1.1368683772161603e-13,0.9093894438351556,0.9345825960920294,0.0022254024811332856,0.4669650468883203,0.000611686454413231,,,,,,,0.0,0.0,0.0,392,1.2010683589247682,0.8196152858259438,178,0,0.0,0.0,582,0,0.4627548351502104,0.787548163359908,183,193.22245383667672,0.6888527313419055,333.75,260.5576006954689,0.5757065589076678,387,coif,212.88888888888889,210.0,126.92181240687695,45,0.566413539530329,0.6920306630483438,0.39590132341426654,2,290.75
sym10,1,constant,7.252961855277806e-24,284.65000269933654,1574955.4051272885,0.5681818181818182,215.2906477530765,69,raw,1.97551475982924e-12,-6.497102855718652e-11,5.279591332520214,21066.963819145,0.7936870652832283,1.3207638667392205e-05,1.0,322.99999999999966,,,,[],[],16,213.1875000000053,25.00000000000091,450.0000000000091,"[3, 8, 15, 19, 22, 27, 30, 35, 38, 43, 46, 51, 55, 58, 61, 65]","[349.00000000001125, 268.0000000000042, 189.00000000000415, 25.00000000000091, 450.0000000000091, 204.00000000000688, 45.000000000002956, 52.000000000001364, 357.00000000000693, 49.000000000002274, 288.0000000000068, 42.00000000000114, 206.00000000000216, 408.00000000001546, 108.99999999999926, 370.0000000000094]","[0, 0, 0, 0, 0, 24, 29, 32, 32, 40, 40, 47, 54, 32, 60, 60]","[5, 9, 16, 20, 32, 32, 32, 36, 54, 45, 54, 54, 56, 67, 62, 67]",6764700.000000032,460.0000000000028,-460.0000000000028,0.0,,,,DWT,inu.32000013032828,3.166496753692627e-08,,0.0,34,6.0,0.0,34,,2.7853275241795927e-12,79.31249999999471,486.0000000000846,79.31249999999673,,0.0,79.31249999999471,,,16.99999999999909,0.0,34,9.094947017729282e-12,2.7853275241795927e-12,,3.410605131648481e-13,0.5633634770496323,0.839123327944635,0.002691355248650249,0.1778074866310162,0.002071732484866252,,,,,,,0.002280501710376283,0.0011402508551881414,0.002280501710376283,187,0.830877115472775,0.5669948587223671,491,0,0.002280501710376283,0.002280501710376283,186,0,0.31701147587176,0.5395120409833817,514,182.6846098243272,0.7058218843408579,344.5,271.995552051131,0.5755357408821842,388,sym,375.8541666666667,399.5,183.40489689834808,144,1.0,1.0,0.0,6,292.5
db7,1,constant,2.2464929338015643e-27,319.740106064772,1377753.0888602796,0.5609756097560976,202.69600924670604,69,raw,3.48577849354774e-14,-6.780465078293243e-11,5.136133402975717,22850.078029258664,0.7930824640203903,1.3207638667392624e-05,1.0,322.99999999999994,,,,[],[],16,213.18750000000006,24.999999999999886,449.99999999999994,"[3, 8, 15, 19, 22, 27, 30, 35, 38, 43, 46, 51, 55, 58, 61, 65]","[349.0000000000001, 268.0000000000001, 189.00000000000003, 24.999999999999886, 449.99999999999994, 204.00000000000003, 45.000000000000114, 52.0, 357.0000000000001, 49.000000000000114, 288.00000000000006, 42.0, 206.00000000000006, 408.00000000000017, 108.99999999999997, 370.0]","[0, 0, 0, 0, 0, 24, 29, 32, 32, 40, 40, 47, 54, 32, 60, 60]","[5, 9, 16, 20, 32, 32, 32, 36, 54, 45, 54, 54, 56, 67, 62, 67]",6764700.0,459.99999999999994,-459.99999999999994,0.0,,,,DWT,inu.32000013032828,0.0,,0.0,34,6.0,0.0,34,,5.684341886080802e-14,79.31249999999994,486.0000000000009,79.31249999999996,,0.0,79.31249999999994,,,17.000000000000114,0.0,34,5.684341886080802e-14,5.684341886080802e-14,,5.684341886080802e-14,0.9430143488564088,0.7892175976283959,0.000878943001207351,0.13725490196078444,0.002669980027152509,,,,,,,0.0,0.0,0.0,567,1.0168268324238217,0.6938879112914356,396,0,0.0,0.0,334,0,0.37460715429478986,0.6375323474482539,421,98.69312708255491,0.8410738694322788,429.5,414.15456711134874,0.5747237302072827,389,db,361.0980392156863,403.0,158.96390539935234,153,0.9607397529157442,0.8667375194865046,0.06746091711302768,5,293.0
bior3.5,1,periodic,1.4370530484443521e-27,321.68042863063704,1523003.0215488875,0.5875,256.19212305674097,69,raw,2.3272849026345316e-14,-6.938660757072083e-11,5.221807164418806,21345.102888793946,0.7342738143269741,1.3207638667392627e-05,1.0,322.99999999999994,,,,[],[],16,213.1875,25.0,450.0,"[3, 8, 15, 19, 22, 27, 30, 35, 38, 43, 46, 51, 55, 58, 61, 65]","[348.9999999999999, 268.0, 189.0, 25.0, 450.0, 204.0, 45.0, 52.00000000000006, 357.0, 49.00000000000006, 287.99999999999994, 42.0, 205.99999999999994, 408.0000000000001, 109.0, 369.99999999999994]","[0, 0, 0, 0, 0, 24, 29, 32, 32, 40, 40, 47, 54, 32, 60, 60]","[5, 9, 16, 20, 32, 32, 32, 36, 54, 45, 54, 54, 56, 67, 62, 67]",6764700.0,460.0,-460.0,0.0,,,,DWT,inu.32000013032828,0.0,,0.0,34,6.0,0.0,34,,0.0,79.3125,486.0,79.31250000000001,,0.0,79.3125,,,17.0,0.0,34,0.0,0.0,,5.684341886080802e-14,0.9640073093514362,0.8190215383888152,0.002213880449856023,0.28651960784313724,0.002165050127610326,,,,,,,0.0,0.0,0.0,468,1.1044959582184963,0.7537137780394695,303,0,0.0,0.0,549,0,0.414785477232171,0.7059105944868714,317,119.4162886711859,0.8077032388547731,409.25,384.1296848728614,0.5743427627446168,390,bior,292.162962962963,301.0,176.53037485058104,135,0.7773306480916924,0.9625172382852065,0.16711337485025335,4,293.5
bior5.5,1,periodic,1.7557812782434386e-20,250.81045249497072,1391863.0162788013,0.6375,330.97078922697375,69,raw,1.0353472668572537e-10,,5.513570632426575,17369.05291287318,0.5852220839982443,1.3207638667369347e-05,1.0,323.0000000000341,,,,[],[],16,213.1875000001926,24.99999999987199,450.00000000042314,"[3, 8, 15, 19, 22, 27, 30, 35, 38, 43, 46, 51, 55, 58, 61, 65]","[349.0000000002515, 268.0000000001857, 189.00000000023692, 24.99999999987199, 450.00000000042314, 204.00000000028461, 45.00000000005355, 51.99999999991121, 357.0000000003921, 49.00000000003138, 288.000000000294, 42.00000000006156, 206.0000000000008, 408.0000000004991, 109.00000000013853, 370.00000000044565]","[0, 0, 0, 0, 0, 24, 29, 32, 32, 40, 40, 47, 54, 32, 60, 60]","[5, 9, 16, 20, 32, 32, 32, 36, 54, 45, 54, 54, 56, 67, 62, 67]",6764700.000001891,460.0000000000815,-460.0000000000815,0.0,,,,DWT,inu.32000013032828,1.8905848264694214e-06,,0.0,34,6.0,0.0,34,,8.151346264639869e-11,79.31249999980739,486.0000000030818,79.31249999988985,,0.0,79.31249999980739,,,17.00000000012801,0.0,34,4.2314240999985486e-10,8.151346264639869e-11,,3.410605131648481e-11,0.19724273346437837,0.9205193712151978,0.001008622032102878,0.5678921568627447,0.0008310569865033958,,,,,,,0.13615936682540747,0.06807968341270373,0.13615936682540747,32,0.8065989222419766,0.5504272935739418,502,0,0.13615936682540747,0.13615936682540747,33,0,0.3374987881121854,0.5743787650055968,484,265.9716463585295,0.5717042731746707,262.75,60.965221618739456,0.5742981913377379,391,bior,292.162962962963,301.0,176.53037485058104,135,0.7773306480916924,0.9625172382852065,0.16711337485025335,4,294.25
rbio5.5,1,periodic,1.7559944213076903e-20,250.80992531519223,1465746.7651013376,0.65,287.6922003447308,69,raw,1.0354069936379407e-10,,5.3371523183560665,18600.860330998283,0.61511277814642,1.3207638667369347e-05,1.0,323.00000000003405,,,,[],[],16,213.18750000019264,24.999999999872045,450.00000000042326,"[3, 8, 15, 19, 22, 27, 30, 35, 38, 43, 46, 51, 55, 58, 61, 65]","[349.0000000002515, 268.0000000001857, 189.00000000023695, 24.999999999872045, 450.00000000042326, 204.00000000028467, 45.00000000005349, 51.9999999999111, 357.0000000003921, 49.00000000003155, 288.000000000294, 42.00000000006156, 206.0000000000008, 408.0000000004992, 109.00000000013861, 370.0000000004456]","[0, 0, 0, 0, 0, 24, 29, 32, 32, 40, 40, 47, 54, 32, 60, 60]","[5, 9, 16, 20, 32, 32, 32, 36, 54, 45, 54, 54, 56, 67, 62, 67]",6764700.000001891,460.00000000008157,-460.00000000008157,0.0,,,,DWT,inu.32000013032828,1.8905848264694214e-06,,0.0,34,6.0,0.0,34,,8.15703060652595e-11,79.31249999980736,486.0000000030823,79.31249999988987,,0.0,79.31249999980736,,,17.000000000127955,0.0,34,4.232560968375765e-10,8.15703060652595e-11,,3.4049207897624e-11,0.19723702974044188,0.8591474774983192,0.0016876597522869072,0.6382352941176471,0.0012443371658006869,,,,,,,0.13615936682540747,0.06807968341270373,0.13615936682540747,33,0.8045516389829473,0.5490302168455047,503,0,0.13615936682540747,0.13615936682540747,32,0,0.33951035965489923,0.5778021964937131,483,265.9954573546949,0.5716659301856765,262.75,60.9649267229695,0.5742790198432408,392,rbio,249.7925925925926,196.0,174.24048813612427,135,0.6645997696604647,0.9500318207572005,0.24977061501051454,3,294.75
coif1,1,periodic,1.4290043806577494e-27,321.70482103226783,1342572.8777052383,0.6081081081081081,276.9620496649693,69,raw,2.337582623442648e-14,-7.01230185029547e-11,5.208478931234865,17528.363809137332,0.6057937010103537,1.3207638667392629e-05,1.0,323.00000000000006,,,,[],[],16,213.1875,25.0,450.00000000000006,"[3, 8, 15, 19, 22, 27, 30, 35, 38, 43, 46, 51, 55, 58, 61, 65]","[348.99999999999994, 267.99999999999994, 189.00000000000006, 25.0, 450.00000000000006, 203.99999999999997, 45.0, 52.000000000000114, 357.0, 49.0, 288.0, 42.0, 205.99999999999997, 408.0, 109.0, 369.9999999999999]","[0, 0, 0, 0, 0, 24, 29, 32, 32, 40, 40, 47, 54, 32, 60, 60]","[5, 9, 16, 20, 32, 32, 32, 36, 54, 45, 54, 54, 56, 67, 62, 67]",6764700.0,460.00000000000006,-460.00000000000006,0.0,,,,DWT,inu.32000013032828,0.0,,0.0,34,6.0,0.0,34,,5.684341886080802e-14,79.3125,486.0,79.31250000000001,,0.0,79.3125,,,17.0,0.0,34,5.684341886080802e-14,5.684341886080802e-14,,5.684341886080802e-14,0.9642712184214138,0.8143849511121015,0.0005556149248844911,0.4024907260201377,0.000884506929086364,,,,,,,0.0,0.0,0.0,375,1.1473831072510308,0.7829801912717927,244,0,0.0,0.0,593,0,0.4365174034815248,0.7428954886552835,250,163.2472562301329,0.7371219706439084,365.5,321.24984273354994,0.574277571473323,393,coif,212.88888888888889,210.0,126.92181240687695,45,0.566413539530329,0.6920306630483438,0.39590132341426654,2,295.25
sym12,1,constant,2.897943397254043e-23,278.6342576480228,1596714.3388617241,0.5760869565217391,223.89745146654727,69,raw,3.993353152179842e-12,,5.342638344740038,22382.81317579302,0.8003821639914374,1.3207638667391677e-05,1.0,323.0000000000006,,,,[],[],16,213.18750000000955,24.999999999997726,450.0000000000181,"[3, 8, 15, 19, 22, 27, 30, 35, 38, 43, 46, 51, 55, 58, 61, 65]","[349.00000000002103, 268.00000000000716, 189.00000000000907, 24.999999999997726, 450.0000000000181, 204.0000000000129, 45.000000000003865, 51.99999999999852, 357.0000000000156, 49.00000000000284, 288.00000000001234, 42.000000000002785, 206.00000000000182, 408.00000000003115, 109.00000000000153, 370.00000000001626]","[0, 0, 0, 0, 0, 24, 29, 32, 32, 40, 40, 47, 54, 32, 60, 60]","[5, 9, 16, 20, 32, 32, 32, 36, 54, 45, 54, 54, 56, 67, 62, 67]",6764700.00000007,460.0000000000045,-460.0000000000045,0.0,,,,DWT,inu.32000013032828,6.984919309616089e-08,,0.0,34,6.0,0.0,34,,4.490630090003833e-12,79.31249999999045,486.0000000001528,79.31249999999449,,0.0,79.31249999999045,,,17.000000000002274,0.0,34,1.807620719773695e-11,4.490630090003833e-12,,6.252776074688882e-13,0.4982772380746788,0.8610559405166799,0.0028913334169502277,0.2222932651321397,0.0025132093342843556,,,,,,,0.005030518478771212,0.002515259239385606,0.005030518478771212,169,0.820862569598192,0.5601608806074483,494,0,0.005030518478771212,0.005030518478771212,169,0,0.3174061972949467,0.5401838051838975,512,192.97495519712743,0.6892512798758013,336.0,252.97664935564532,0.5740942389717171,394,sym,375.8541666666667,399.5,183.40489689834808,144,1.0,1.0,0.0,6,297.0
db8,1,smooth,1.832169467059398e-27,320.62550021976244,6270467.030944387,0.6428571428571429,334.41348910162816,69,raw,2.842170943040402e-14,-6.827860499214494e-11,3.978216531913264,284229.4855798398,0.9832889272266059,1.3207638667392627e-05,1.0,323.0,,,,[],[],16,213.1875,25.0,450.0,"[3, 8, 15, 19, 22, 27, 30, 35, 38, 43, 46, 51, 55, 58, 61, 65]","[349.0, 268.0, 189.0, 25.0, 450.0, 204.00000000000006, 45.000000000000114, 51.99999999999994, 356.9999999999999, 49.0, 288.0, 41.99999999999994, 205.99999999999994, 407.9999999999999, 109.00000000000003, 370.0000000000001]","[0, 0, 0, 0, 0, 24, 29, 32, 32, 40, 40, 47, 54, 32, 60, 60]","[5, 9, 16, 20, 32, 32, 32, 36, 54, 45, 54, 54, 56, 67, 62, 67]",6764700.0,460.0,-460.0,0.0,,,,DWT,inu.32000013032828,0.0,,0.0,34,6.0,0.0,34,,0.0,79.3125,486.0,79.3125,,0.0,79.3125,,,17.0,0.0,34,0.0,0.0,,0.0,0.9525937068689544,0.386404819838082,0.04584603486772096,0.5980392156862747,0.09036463653566933,,,,,,,0.0,0.0,0.0,591,1.0630431923630517,0.7254261953365982,340,0,0.0,0.0,360,0,0.4146496827593403,0.7056794900671033,318,126.99704720976783,0.7954958982129343,402.25,378.94377274850075,0.5738751632771596,395,db,361.0980392156863,403.0,158.96390539935234,153,0.9607397529157442,0.8667375194865046,0.06746091711302768,5,297.5
bior3.7,1,antireflect,8.019857214412106e-28,324.21349027191815,1995233.7215812053,0.6071428571428571,235.3560373452208,69,raw,1.5266371098034033e-14,-6.970390931115871e-11,5.063488014718215,46053.76976488963,0.9005532403720766,1.3207638667392627e-05,1.0,323.0,,,,[],[],16,213.1875,25.000000000000057,450.00000000000006,"[3, 8, 15, 19, 22, 27, 30, 35, 38, 43, 46, 51, 55, 58, 61, 65]","[349.0, 268.0, 189.0, 25.000000000000057, 450.00000000000006, 203.99999999999994, 45.0, 52.0, 357.0, 49.0, 288.0, 41.99999999999994, 206.0, 407.99999999999994, 109.0, 369.9999999999999]","[0, 0, 0, 0, 0, 24, 29, 32, 32, 40, 40, 47, 54, 32, 60, 60]","[5, 9, 16, 20, 32, 32, 32, 36, 54, 45, 54, 54, 56, 67, 62, 67]",6764700.0,460.00000000000006,-460.00000000000006,0.0,,,,DWT,inu.32000013032828,0.0,,0.0,34,6.0,0.0,34,,5.684341886080802e-14,79.3125,486.0,79.3125,,0.0,79.3125,,,16.999999999999943,0.0,34,5.684341886080802e-14,5.684341886080802e-14,,0.0,0.9914133004491983,0.7639459297142647,0.006553975031697862,0.3970588235294114,0.01045498419237885,,,,,,,0.0,0.0,0.0,388,1.1431034557312163,0.7800597348484894,248,0,0.0,0.0,589,0,0.43388540258339026,0.738416167606991,255,159.57652291821208,0.7430329743668083,370.0,327.0929678614803,0.5736098849289758,396,bior,292.162962962963,301.0,176.53037485058104,135,0.7773306480916924,0.9625172382852065,0.16711337485025335,4,298.0
rbio1.3,1,zero,2.1687501199536966e-27,319.89306147207344,1293956.375756187,0.6756756756756757,313.7862090329239,69,raw,3.851347582235906e-14,-7.174227878437049e-11,5.179287291338158,18647.41090668371,0.6583827892307831,1.3207638667392624e-05,0.9999999999999999,323.00000000000006,,,,[],[],16,213.18750000000003,25.0,450.00000000000006,"[3, 8, 15, 19, 22, 27, 30, 35, 38, 43, 46, 51, 55, 58, 61, 65]","[349.0, 268.0, 189.0, 25.0, 450.00000000000006, 204.00000000000006, 45.0, 52.0, 357.00000000000006, 48.99999999999994, 288.00000000000006, 41.99999999999994, 206.00000000000003, 408.00000000000006, 109.00000000000006, 370.00000000000006]","[0, 0, 0, 0, 0, 24, 29, 32, 32, 40, 40, 47, 54, 32, 60, 60]","[5, 9, 16, 20, 32, 32, 32, 36, 54, 45, 54, 54, 56, 67, 62, 67]",6764700.0,460.00000000000006,-460.00000000000006,0.0,,,,DWT,inu.32000013032828,0.0,,0.0,34,6.0,0.0,34,,5.684341886080802e-14,79.31249999999997,486.00000000000045,79.31249999999999,,0.0,79.31249999999997,,,17.0,0.0,34,5.684341886080802e-14,5.684341886080802e-14,,5.684341886080802e-14,0.9446692215458619,0.8042298477114076,0.00010879895827592238,0.782723900370959,0.0012599552161408514,,,,,,,0.0,0.0,0.0,537,1.2825643984971988,0.8752286064762667,67,0,0.0,0.0,452,0,0.5065983447605291,0.8621640784105868,67,249.24469235405329,0.5986397868694794,280.75,117.90599063640204,0.5732731945619538,397,rbio,249.7925925925926,196.0,174.24048813612427,135,0.6645997696604647,0.9500318207572005,0.24977061501051454,3,298.5
rbio2.4,1,periodization,1.2522681278725573e-27,322.27818336095595,1331343.0689641854,0.6142857142857143,328.58605450490387,69,raw,2.2258951335189407e-14,-7.041089933324e-11,5.222815033045111,15656.302373644772,0.5275336380228733,1.3207638667392629e-05,0.9999999999999999,323.00000000000006,,,,[],[],16,213.1875,25.0,450.0,"[3, 8, 15, 19, 22, 27, 30, 35, 38, 43, 46, 51, 55, 58, 61, 65]","[349.00000000000006, 268.00000000000006, 189.0, 25.0, 450.0, 204.0, 45.0, 52.0, 357.0, 48.99999999999994, 288.00000000000006, 42.0, 205.99999999999997, 408.0, 108.99999999999997, 370.0]","[0, 0, 0, 0, 0, 24, 29, 32, 32, 40, 40, 47, 54, 32, 60, 60]","[5, 9, 16, 20, 32, 32, 32, 36, 54, 45, 54, 54, 56, 67, 62, 67]",6764700.0,460.0,-460.0,0.0,,,,DWT,inu.32000013032828,0.0,,0.0,34,6.0,0.0,34,,0.0,79.3125,486.0,79.3125,,0.0,79.3125,,,17.0,0.0,34,0.0,0.0,,5.684341886080802e-14,0.9704746059030827,0.8193721528164618,0.0004524059804663749,0.4372549019607844,0.00025641695793363864,,,,,,,0.0,0.0,0.0,295,1.167201570507801,0.7965044135245297,223,0,0.0,0.0,620,0,0.4455620967237458,0.7582883727701578,230,188.14710556724845,0.697025594899761,342.0,289.1246189342989,0.5731504786093008,398,rbio,249.7925925925926,196.0,174.24048813612427,135,0.6645997696604647,0.9500318207572005,0.24977061501051454,3,299.25
bior2.4,1,smooth,1.4465651103739736e-27,321.65177677200967,4690445.895424244,0.5769230769230769,228.21410859504576,69,raw,2.4817507147562916e-14,-7.06105174330676e-11,3.713091475252661,126075.82975276471,0.9696235489150712,1.3207638667392627e-05,0.9999999999999999,323.00000000000006,,,,[],[],16,213.1875,25.0,450.0,"[3, 8, 15, 19, 22, 27, 30, 35, 38, 43, 46, 51, 55, 58, 61, 65]","[349.0, 268.00000000000006, 189.00000000000006, 25.0, 450.0, 204.00000000000006, 45.0, 52.0, 357.0, 49.0, 288.00000000000006, 42.00000000000006, 205.99999999999997, 408.00000000000006, 109.00000000000006, 370.0]","[0, 0, 0, 0, 0, 24, 29, 32, 32, 40, 40, 47, 54, 32, 60, 60]","[5, 9, 16, 20, 32, 32, 32, 36, 54, 45, 54, 54, 56, 67, 62, 67]",6764700.0,460.0,-460.0,0.0,,,,DWT,inu.32000013032828,0.0,,0.0,34,6.0,0.0,34,,0.0,79.3125,486.0,79.31249999999999,,0.0,79.3125,,,17.0,0.0,34,0.0,0.0,,5.684341886080802e-14,0.9636973158756836,0.2941738806366515,0.03132465544660906,0.22699849170437364,0.03730295637772643,,,,,,,0.0,0.0,0.0,434,0.8466882367998806,0.577784450030347,483,0,0.0,0.0,298,0,0.31069946000820886,0.5287698161099783,520,97.11290679753472,0.8436185075724079,433.75,414.3651075637181,0.5725741491163167,399,bior,292.162962962963,301.0,176.53037485058104,135,0.7773306480916924,0.9625172382852065,0.16711337485025335,4,300.25
rbio6.8,1,antireflect,5.824107717812213e-22,265.6028626463735,1848407.6106694748,0.6046511627906976,321.36768377315803,69,raw,1.7267139413127077e-11,-8.55412407580875e-11,5.356115589266712,46206.03934281561,0.8262579699556754,1.3207638667396767e-05,0.9999999999999997,322.9999999999997,,,,[],[],16,213.18749999995595,25.000000000003013,449.9999999999216,"[3, 8, 15, 19, 22, 27, 30, 35, 38, 43, 46, 51, 55, 58, 61, 65]","[348.9999999999021, 267.9999999999703, 188.99999999996348, 25.000000000003013, 449.9999999999216, 203.99999999993943, 44.99999999997772, 51.99999999999818, 356.99999999993713, 48.99999999998374, 287.99999999994486, 41.99999999998852, 205.99999999998923, 407.99999999984266, 108.99999999999636, 369.99999999993673]","[0, 0, 0, 0, 0, 24, 29, 32, 32, 40, 40, 47, 54, 32, 60, 60]","[5, 9, 16, 20, 32, 32, 32, 36, 54, 45, 54, 54, 56, 67, 62, 67]",6764699.999999709,459.999999999979,-459.999999999979,0.0,,,,DWT,inu.32000013032828,2.905726432800293e-07,,0.0,34,6.0,0.0,34,,2.0975221559638157e-11,79.31250000004405,485.99999999929514,79.31250000004407,,0.0,79.31250000004405,,,16.999999999996987,0.0,34,7.838707460905425e-11,2.0975221559638157e-11,,2.8421709430404007e-13,0.35728647433392857,0.8657443654290551,0.005204551522389171,0.383036935704514,0.01050607172241058,,,,,,,0.020926956871688242,0.010463478435844121,0.020926956871688242,133,0.8072635460468491,0.5508808363100813,501,0,0.020926956871688242,0.020926956871688242,132,0,0.32435567974245955,0.5520109147505952,504,213.62350057987535,0.6560008042192023,317.5,209.70197141963075,0.572364331256139,400,rbio,249.7925925925926,196.0,174.24048813612427,135,0.6645997696604647,0.9500318207572005,0.24977061501051454,3,300.75
rbio1.5,1,reflect,2.490696831417808e-27,319.29194795102086,1423816.3763898867,0.6794871794871795,330.9858080872448,69,raw,4.016111115165783e-14,-7.162592741138976e-11,5.31806830280618,16071.847264055985,0.5791999797239381,1.3207638667392622e-05,1.0,323.00000000000006,,,,[],[],16,213.18750000000003,25.0,450.00000000000006,"[3, 8, 15, 19, 22, 27, 30, 35, 38, 43, 46, 51, 55, 58, 61, 65]","[349.00000000000006, 268.0, 189.00000000000006, 25.0, 450.00000000000006, 204.00000000000006, 45.0, 52.0, 357.00000000000006, 48.99999999999994, 288.00000000000006, 41.99999999999994, 206.00000000000003, 408.00000000000006, 109.00000000000006, 370.00000000000006]","[0, 0, 0, 0, 0, 24, 29, 32, 32, 40, 40, 47, 54, 32, 60, 60]","[5, 9, 16, 20, 32, 32, 32, 36, 54, 45, 54, 54, 56, 67, 62, 67]",6764700.0,460.00000000000006,-460.00000000000006,0.0,,,,DWT,inu.32000013032828,0.0,,0.0,34,6.0,0.0,34,,5.684341886080802e-14,79.31249999999997,486.00000000000045,79.31249999999997,,0.0,79.31249999999997,,,17.0,0.0,34,5.684341886080802e-14,5.684341886080802e-14,,5.684341886080802e-14,0.938165585180195,0.8525085852711167,0.0013022933353033525,0.8041729512317748,0.00039583523410915804,,,,,,,0.0,0.0,0.0,540,1.3116323049976806,0.895064696835089,43,0,0.0,0.0,447,0,0.5193090500504999,0.8837960352174264,41,263.42535312051245,0.5758045843470009,267.75,77.31702773814372,0.5723225820285729,401,rbio,249.7925925925926,196.0,174.24048813612427,135,0.6645997696604647,0.9500318207572005,0.24977061501051454,3,301.5
rbio1.5,1,antisymmetric,2.6867916465823123e-27,318.9628167398543,1372931.7511635348,0.6666666666666666,314.3759095719292,69,raw,4.2014700897118965e-14,-7.168432514248504e-11,5.304181783872631,41201.54018061511,0.7787426068393554,1.3207638667392622e-05,1.0,323.00000000000006,,,,[],[],16,213.18750000000003,25.0,450.00000000000006,"[3, 8, 15, 19, 22, 27, 30, 35, 38, 43, 46, 51, 55, 58, 61, 65]","[349.00000000000006, 268.0, 189.00000000000006, 25.0, 450.00000000000006, 204.00000000000006, 45.0, 52.0, 357.00000000000006, 48.99999999999994, 288.00000000000006, 41.99999999999994, 206.00000000000003, 408.0000000000001, 109.00000000000006, 370.00000000000006]","[0, 0, 0, 0, 0, 24, 29, 32, 32, 40, 40, 47, 54, 32, 60, 60]","[5, 9, 16, 20, 32, 32, 32, 36, 54, 45, 54, 54, 56, 67, 62, 67]",6764700.0,460.00000000000006,-460.00000000000006,0.0,,,,DWT,inu.32000013032828,0.0,,0.0,34,6.0,0.0,34,,5.684341886080802e-14,79.31249999999997,486.00000000000045,79.31249999999997,,0.0,79.31249999999997,,,17.0,0.0,34,5.684341886080802e-14,5.684341886080802e-14,,5.684341886080802e-14,0.9346046110229833,0.8476777831597971,0.0008346319015405145,0.7320261437908494,0.00882702654001072,,,,,,,0.0,0.0,0.0,539,1.281360242276803,0.8744068840177361,68,0,0.0,0.0,453,0,0.5047940392830363,0.8590933866381747,70,249.01740233699866,0.5990057933381664,282.5,121.01267132859999,0.5720471800829319,402,rbio,249.7925925925926,196.0,174.24048813612427,135,0.6645997696604647,0.9500318207572005,0.24977061501051454,3,302.25
db9,1,antireflect,3.217272023426587e-27,318.1802788089493,1606200.593393902,0.6511627906976745,301.9024780914469,69,raw,4.438317668298598e-14,-6.903111415823587e-11,5.437208634285573,59714.51714360355,0.8760449746868294,1.3207638667392632e-05,1.0,323.0,,,,[],[],16,213.1875,25.000000000000114,450.0,"[3, 8, 15, 19, 22, 27, 30, 35, 38, 43, 46, 51, 55, 58, 61, 65]","[349.0, 268.0, 188.99999999999997, 25.000000000000114, 450.0, 203.99999999999994, 45.00000000000006, 52.0, 357.0, 49.0, 287.99999999999994, 41.999999999999886, 205.9999999999999, 407.99999999999994, 108.99999999999994, 370.0]","[0, 0, 0, 0, 0, 24, 29, 32, 32, 40, 40, 47, 54, 32, 60, 60]","[5, 9, 16, 20, 32, 32, 32, 36, 54, 45, 54, 54, 56, 67, 62, 67]",6764700.0,460.00000000000006,-460.00000000000006,0.0,,,,DWT,inu.32000013032828,0.0,,0.0,34,6.0,0.0,34,,5.684341886080802e-14,79.3125,486.0,79.31250000000003,,0.0,79.3125,,,16.999999999999886,0.0,34,0.0,5.684341886080802e-14,,0.0,0.9261380868695495,0.8939547797859599,0.0029785180110358314,0.644778841769266,0.015038262424785554,,,,,,,0.0,0.0,0.0,599,1.2680763426978485,0.8653418819557096,90,0,0.0,0.0,365,0,0.4965776977721194,0.8451102487540293,100,243.03429113330213,0.6086404329576456,288.5,156.73805401196614,0.5720335820182753,403,db,361.0980392156863,403.0,158.96390539935234,153,0.9607397529157442,0.8667375194865046,0.06746091711302768,5,303.5
db5,1,constant,1.7882676427688373e-27,320.7308314494412,1362486.5716776657,0.5641025641025641,216.9324536438004,69,raw,2.6568119684942884e-14,-6.961020648788034e-11,5.152129815137794,20861.92211751012,0.760804574800495,1.3207638667392627e-05,1.0,323.00000000000006,,,,[],[],16,213.1875,25.000000000000057,450.0000000000001,"[3, 8, 15, 19, 22, 27, 30, 35, 38, 43, 46, 51, 55, 58, 61, 65]","[349.0, 268.0, 189.00000000000006, 25.000000000000057, 450.0000000000001, 204.00000000000017, 45.0, 51.99999999999983, 357.0000000000001, 48.99999999999994, 288.00000000000006, 42.0, 205.99999999999994, 408.0, 109.0, 370.00000000000006]","[0, 0, 0, 0, 0, 24, 29, 32, 32, 40, 40, 47, 54, 32, 60, 60]","[5, 9, 16, 20, 32, 32, 32, 36, 54, 45, 54, 54, 56, 67, 62, 67]",6764700.0,460.0000000000001,-460.0000000000001,0.0,,,,DWT,inu.32000013032828,0.0,,0.0,34,6.0,0.0,34,,1.1368683772161603e-13,79.3125,486.0,79.3125,,0.0,79.3125,,,16.999999999999943,0.0,34,1.1368683772161603e-13,1.1368683772161603e-13,,5.684341886080802e-14,0.9537333185925099,0.7947823833040488,0.0007386341892149843,0.1548516842634488,0.0020029395307338076,,,,,,,0.0,0.0,0.0,576,1.032742349419811,0.704748742746036,379,0,0.0,0.0,310,0,0.38122179197599126,0.6487895950476884,411,112.83321024119333,0.8183040092734407,419.0,398.6632814394493,0.5717929064080569,404,db,361.0980392156863,403.0,158.96390539935234,153,0.9607397529157442,0.8667375194865046,0.06746091711302768,5,304.25
sym12,1,zero,2.883145555679838e-23,278.6564909505303,1308639.5752742304,0.5869565217391305,167.25915059712744,69,raw,4.108687625230757e-12,,5.169261367158694,27000.768903592147,0.8126980893874536,1.3207638667391695e-05,0.9999999999999998,323.0000000000006,,,,[],[],16,213.18750000000927,24.999999999997726,450.0000000000181,"[3, 8, 15, 19, 22, 27, 30, 35, 38, 43, 46, 51, 55, 58, 61, 65]","[349.00000000002103, 268.00000000000716, 189.00000000000907, 24.999999999997726, 450.0000000000181, 204.0000000000129, 45.000000000003865, 51.99999999999852, 357.0000000000156, 49.00000000000284, 288.00000000001234, 42.00000000000284, 206.00000000000176, 408.0000000000226, 109.0000000000015, 370.0000000000204]","[0, 0, 0, 0, 0, 24, 29, 32, 32, 40, 40, 47, 54, 32, 60, 60]","[5, 9, 16, 20, 32, 32, 32, 36, 54, 45, 54, 54, 56, 67, 62, 67]",6764700.000000084,460.0000000000045,-460.0000000000045,0.0,,,,DWT,inu.32000013032828,8.381903171539307e-08,,0.0,34,6.0,0.0,34,,4.490630090003833e-12,79.31249999999073,486.00000000014825,79.31249999999434,,0.0,79.31249999999073,,,17.000000000002274,0.0,34,1.807620719773695e-11,4.490630090003833e-12,,6.252776074688882e-13,0.49851778717173384,0.8007420581562393,0.00024374671721663133,0.2834612105711851,0.004062566435962359,,,,,,,0.006036622174525455,0.0030183110872627275,0.006036622174525455,163,0.8146130855426272,0.5558962002315103,498,0,0.006036622174525455,0.006036622174525455,163,0,0.31740547381046746,0.5401825739080046,513,197.83726477419094,0.6814214737935733,334.25,246.49835957859597,0.5715883536439686,405,sym,375.8541666666667,399.5,183.40489689834808,144,1.0,1.0,0.0,6,305.25
db3,1,zero,1.1123624729620807e-27,322.79269334429927,1304895.502747,0.6081081081081081,270.41006720857604,69,raw,2.1882656717249462e-14,-6.781164518798757e-11,5.184093274717627,19497.79181884587,0.6680977343459825,1.3207638667392627e-05,1.0,323.0,,,,[],[],16,213.1875,25.0,450.0,"[3, 8, 15, 19, 22, 27, 30, 35, 38, 43, 46, 51, 55, 58, 61, 65]","[348.99999999999994, 268.00000000000006, 189.0, 25.0, 450.0, 203.99999999999994, 45.0, 51.99999999999994, 357.0, 49.0, 288.0, 42.0, 206.00000000000003, 408.0, 109.00000000000003, 370.0]","[0, 0, 0, 0, 0, 24, 29, 32, 32, 40, 40, 47, 54, 32, 60, 60]","[5, 9, 16, 20, 32, 32, 32, 36, 54, 45, 54, 54, 56, 67, 62, 67]",6764700.0,460.0,-460.0,0.0,,,,DWT,inu.32000013032828,0.0,,0.0,34,6.0,0.0,34,,0.0,79.3125,486.0,79.3125,,0.0,79.3125,,,17.0,0.0,34,0.0,0.0,,0.0,0.9760412513385586,0.8059017393328863,0.00020933635616144394,0.4024907260201377,0.001545264080723187,,,,,,,0.0,0.0,0.0,396,1.1502946846880036,0.7849670668359323,241,0,0.0,0.0,590,0,0.4372376634256934,0.7441212768115275,248,163.90520634399223,0.736062469655407,368.75,322.53373633933774,0.5711310737971077,406,db,361.0980392156863,403.0,158.96390539935234,153,0.9607397529157442,0.8667375194865046,0.06746091711302768,5,305.75
coif1,1,symmetric,1.411855230544249e-27,321.75725496250124,1350185.0200532684,0.6081081081081081,260.4540755988461,69,raw,2.2629241475837974e-14,-7.01801949887229e-11,5.16663643540743,17077.834878636186,0.67200156435556,1.3207638667392629e-05,1.0,323.00000000000006,,,,[],[],16,213.1875,25.0,450.00000000000006,"[3, 8, 15, 19, 22, 27, 30, 35, 38, 43, 46, 51, 55, 58, 61, 65]","[348.99999999999994, 267.99999999999994, 189.00000000000006, 25.0, 450.00000000000006, 203.99999999999997, 45.0, 52.000000000000114, 357.0, 49.0, 288.0, 42.0, 205.99999999999997, 407.99999999999994, 109.0, 370.0]","[0, 0, 0, 0, 0, 24, 29, 32, 32, 40, 40, 47, 54, 32, 60, 60]","[5, 9, 16, 20, 32, 32, 32, 36, 54, 45, 54, 54, 56, 67, 62, 67]",6764700.0,460.00000000000006,-460.00000000000006,0.0,,,,DWT,inu.32000013032828,0.0,,0.0,34,6.0,0.0,34,,5.684341886080802e-14,79.3125,486.0,79.3125,,0.0,79.3125,,,17.0,0.0,34,5.684341886080802e-14,5.684341886080802e-14,,5.684341886080802e-14,0.9648385176145241,0.7998289044777144,0.0006255752594384143,0.4024907260201377,0.0007333512578049459,,,,,,,0.0,0.0,0.0,376,1.1404199813484681,0.7782285179931959,250,0,0.0,0.0,598,0,0.4337034149259239,0.7381064484328083,257,162.4692278556158,0.738374834370989,370.25,327.25549373137346,0.5710795266862997,407,coif,212.88888888888889,210.0,126.92181240687695,45,0.566413539530329,0.6920306630483438,0.39590132341426654,2,305.75
db17,1,symmetric,4.671154104515654e-27,316.5609146817196,1818619.7283585134,0.6764705882352942,347.05401988007134,69,raw,5.231242170523635e-14,-6.650291428655945e-11,5.721093939657431,17092.024079952815,0.5831234986562468,1.3207638667392632e-05,1.0,322.99999999999994,,,,[],[],16,213.18749999999997,24.999999999999943,450.0000000000001,"[3, 8, 15, 19, 22, 27, 30, 35, 38, 43, 46, 51, 55, 58, 61, 65]","[348.99999999999983, 268.0000000000001, 189.0, 24.999999999999943, 450.0000000000001, 204.0, 45.0, 51.99999999999977, 357.0, 49.00000000000006, 287.9999999999999, 41.999999999999886, 206.0, 407.99999999999994, 109.00000000000003, 369.99999999999994]","[0, 0, 0, 0, 0, 24, 29, 32, 32, 40, 40, 47, 54, 32, 60, 60]","[5, 9, 16, 20, 32, 32, 32, 36, 54, 45, 54, 54, 56, 67, 62, 67]",6764700.0,460.0,-460.0,0.0,,,,DWT,inu.32000013032828,0.0,,0.0,34,6.0,0.0,34,,0.0,79.31250000000003,485.99999999999955,79.31250000000006,,0.0,79.31250000000003,,,17.000000000000057,0.0,34,1.1368683772161603e-13,0.0,,5.684341886080802e-14,0.9086176767335977,0.992711980141599,0.004930782310405498,0.7871972318339102,0.0007381118361047155,,,,,,,0.0,0.0,0.0,552,1.359166124734167,0.927502022288069,18,0,0.0,0.0,432,0,0.5388391565711236,0.9170337203850982,19,277.7305348714829,0.5527688649412513,255.25,35.61458284205066,0.5708691345640233,408,db,361.0980392156863,403.0,158.96390539935234,153,0.9607397529157442,0.8667375194865046,0.06746091711302768,5,307.25
bior5.5,1,reflect,1.7788707491945628e-20,250.7537126949553,1389511.3643523238,0.6375,328.23412751080036,69,raw,1.0325413953800618e-10,,5.475562079070212,16734.53193039743,0.5352740201496861,1.3207638667368034e-05,0.9999999999999999,323.0000000000341,,,,[],[],16,213.18750000020378,24.99999999987199,450.00000000042314,"[3, 8, 15, 19, 22, 27, 30, 35, 38, 43, 46, 51, 55, 58, 61, 65]","[349.00000000032156, 268.0000000001857, 189.00000000023692, 24.99999999987199, 450.00000000042314, 204.00000000028461, 45.00000000005355, 51.99999999991121, 357.0000000003921, 49.00000000003138, 288.000000000294, 42.00000000006156, 206.0000000000008, 408.0000000006479, 109.00000000013466, 370.000000000409]","[0, 0, 0, 0, 0, 24, 29, 32, 32, 40, 40, 47, 54, 32, 60, 60]","[5, 9, 16, 20, 32, 32, 32, 36, 54, 45, 54, 54, 56, 67, 62, 67]",6764700.000001851,460.0000000000815,-460.0000000000815,0.0,,,,DWT,inu.32000013032828,1.8505379557609558e-06,,0.0,34,6.0,0.0,34,,8.151346264639869e-11,79.31249999979622,486.00000000326054,79.31249999988614,,0.0,79.31249999979622,,,17.00000000012801,0.0,34,4.2314240999985486e-10,8.151346264639869e-11,,3.410605131648481e-11,0.19662884771096079,0.9072970654177014,0.0009870088845803128,0.5678921568627447,0.0006181706687666414,,,,,,,0.13327520289757863,0.06663760144878932,0.13327520289757863,38,0.7995234767903219,0.545598972851718,508,0,0.13327520289757863,0.13327520289757863,38,0,0.33468464990895086,0.5695894701024351,487,265.43093891506567,0.5725749775924869,267.75,70.60467666287397,0.570707778651316,409,bior,292.162962962963,301.0,176.53037485058104,135,0.7773306480916924,0.9625172382852065,0.16711337485025335,4,307.75
sym2,1,antisymmetric,4.7919644909210305e-21,256.45002072148463,1328069.15617976,0.6388888888888888,309.8448122740458,69,raw,5.2181846605389425e-11,,5.235774847959549,23869.48977992444,0.5902745119108405,1.3207638667401387e-05,1.0,323.00000000001097,,,,[],[],16,213.18749999987205,24.999999999962938,449.9999999997601,"[3, 8, 15, 19, 22, 27, 30, 35, 38, 43, 46, 51, 55, 58, 61, 65]","[348.9999999996913, 267.99999999989046, 188.99999999989956, 24.999999999962938, 449.9999999997601, 203.99999999981867, 44.99999999990905, 51.999999999950944, 356.9999999998258, 48.9999999999348, 287.9999999998204, 41.99999999997107, 205.99999999993514, 407.9999999998089, 109.00000000003732, 369.99999999973625]","[0, 0, 0, 0, 0, 24, 29, 32, 32, 40, 40, 47, 54, 32, 60, 60]","[5, 9, 16, 20, 32, 32, 32, 36, 54, 45, 54, 54, 56, 67, 62, 67]",6764699.9999990435,459.99999999992167,-459.99999999992167,0.0,,,,DWT,inu.32000013032828,9.564682841300964e-07,,0.0,34,6.0,0.0,34,,7.833023119019344e-11,79.31250000012795,485.9999999979527,79.31250000012795,,0.0,79.31250000012795,,,17.000000000037062,0.0,34,2.398792275926098e-10,7.833023119019344e-11,,1.0970779840135947e-11,0.25825899698210875,0.8238805758093343,0.00042231668060481215,0.5757080610021783,0.0030119999443033317,,,,,,,0.06888456636930713,0.03444228318465357,0.06888456636930713,69,0.7985948688128275,0.5449652859451911,510,0,0.06888456636930713,0.06888456636930713,69,0,0.332256390083706,0.5654568896942552,491,249.24736708739775,0.5986354797304384,284.75,121.27477456136194,0.5700504290761692,410,sym,375.8541666666667,399.5,183.40489689834808,144,1.0,1.0,0.0,6,309.0
rbio1.5,1,antireflect,2.838984637456256e-27,318.7235262092043,1571310.0621299294,0.6666666666666666,329.8678341487139,69,raw,4.325042739409306e-14,-7.173550642392026e-11,5.264097697576416,30903.256072476383,0.7748127775412469,1.3207638667392622e-05,0.9999999999999998,323.00000000000006,,,,[],[],16,213.18750000000006,25.0,450.00000000000006,"[3, 8, 15, 19, 22, 27, 30, 35, 38, 43, 46, 51, 55, 58, 61, 65]","[349.0000000000001, 268.0, 189.00000000000006, 25.0, 450.00000000000006, 204.00000000000006, 45.0, 52.0, 357.00000000000006, 48.99999999999994, 288.00000000000006, 41.99999999999994, 206.00000000000003, 408.0000000000001, 109.00000000000006, 370.00000000000006]","[0, 0, 0, 0, 0, 24, 29, 32, 32, 40, 40, 47, 54, 32, 60, 60]","[5, 9, 16, 20, 32, 32, 32, 36, 54, 45, 54, 54, 56, 67, 62, 67]",6764700.0,460.00000000000006,-460.00000000000006,0.0,,,,DWT,inu.32000013032828,0.0,,0.0,34,6.0,0.0,34,,5.684341886080802e-14,79.31249999999994,486.0000000000009,79.31249999999997,,0.0,79.31249999999994,,,17.0,0.0,34,5.684341886080802e-14,5.684341886080802e-14,,5.684341886080802e-14,0.9320156514627824,0.8337334469559816,0.0026578522735350974,0.7320261437908494,0.005371878730344122,,,,,,,0.0,0.0,0.0,538,1.272364249500905,0.8682679718271707,78,0,0.0,0.0,461,0,0.5011609946426987,0.8529104201587997,75,246.237013193928,0.6034830705411788,288.0,132.53028985197474,0.5698574772995748,411,rbio,249.7925925925926,196.0,174.24048813612427,135,0.6645997696604647,0.9500318207572005,0.24977061501051454,3,309.0
db10,1,zero,2.9897628234458357e-27,318.49878926060205,1300886.6100535258,0.5795454545454546,199.47821565290852,69,raw,3.701387022967697e-14,-7.032241455817737e-11,5.200068897412713,26017.007747933887,0.792998991746453,1.3207638667392627e-05,1.0,323.00000000000006,,,,[],[],16,213.18749999999994,25.0,450.0,"[3, 8, 15, 19, 22, 27, 30, 35, 38, 43, 46, 51, 55, 58, 61, 65]","[349.00000000000006, 267.99999999999994, 189.00000000000006, 25.0, 450.0, 204.00000000000014, 45.0, 51.99999999999983, 357.0, 48.99999999999994, 288.0, 41.99999999999983, 205.99999999999997, 408.0, 108.99999999999991, 369.99999999999994]","[0, 0, 0, 0, 0, 24, 29, 32, 32, 40, 40, 47, 54, 32, 60, 60]","[5, 9, 16, 20, 32, 32, 32, 36, 54, 45, 54, 54, 56, 67, 62, 67]",6764700.0,460.0,-460.0,0.0,,,,DWT,inu.32000013032828,0.0,,0.0,34,6.0,0.0,34,,0.0,79.31250000000006,485.9999999999991,79.31250000000001,,0.0,79.31250000000006,,,17.0,0.0,34,0.0,0.0,,5.684341886080802e-14,0.9295841516870342,0.8114592928287887,0.00017249213265597952,0.24175579322638155,0.0037325075478490026,,,,,,,0.0,0.0,0.0,598,1.061761703802635,0.7245517008876154,342,0,0.0,0.0,314,0,0.3973408474845419,0.6762221178364235,358,131.26563398950492,0.7886221674887199,403.0,378.2782464278209,0.5698344331807529,412,db,361.0980392156863,403.0,158.96390539935234,153,0.9607397529157442,0.8667375194865046,0.06746091711302768,5,310.25
rbio5.5,1,reflect,1.779393555710872e-20,250.75243649978086,1464385.201974776,0.65,277.4977513508785,69,raw,1.0326760380796279e-10,,5.289272295530457,18085.568796033393,0.6749652432664717,1.3207638667368036e-05,0.9999999999999996,323.00000000003405,,,,[],[],16,213.1875000002038,24.999999999872045,450.00000000042326,"[3, 8, 15, 19, 22, 27, 30, 35, 38, 43, 46, 51, 55, 58, 61, 65]","[349.0000000003217, 268.0000000001857, 189.00000000023695, 24.999999999872045, 450.00000000042326, 204.00000000028467, 45.00000000005349, 51.9999999999111, 357.0000000003921, 49.00000000003155, 288.000000000294, 42.00000000006156, 206.0000000000008, 408.00000000064813, 109.00000000013475, 370.00000000040893]","[0, 0, 0, 0, 0, 24, 29, 32, 32, 40, 40, 47, 54, 32, 60, 60]","[5, 9, 16, 20, 32, 32, 32, 36, 54, 45, 54, 54, 56, 67, 62, 67]",6764700.0000018515,460.00000000008157,-460.00000000008157,0.0,,,,DWT,inu.32000013032828,1.8514692783355713e-06,,0.0,34,6.0,0.0,34,,8.15703060652595e-11,79.31249999979619,486.000000003261,79.31249999988614,,0.0,79.31249999979619,,,17.000000000127955,0.0,34,4.232560968375765e-10,8.15703060652595e-11,,3.4049207897624e-11,0.19661504015372644,0.8424911134042796,0.0016751461381825708,0.6382352941176471,0.001071453178557936,,,,,,,0.1333422764772956,0.0666711382386478,0.1333422764772956,37,0.7957748527819489,0.5430408923600903,512,0,0.1333422764772956,0.1333422764772956,37,0,0.3360176093984788,0.5718579926938201,485,266.67505195149647,0.5705715749573326,267.75,68.88352835553457,0.5697060773337388,413,rbio,249.7925925925926,196.0,174.24048813612427,135,0.6645997696604647,0.9500318207572005,0.24977061501051454,3,310.5
sym5,1,antireflect,7.9482203874738975e-22,264.252457626837,1604031.846901802,0.6153846153846154,284.4634969028782,69,raw,2.037617739592794e-11,-1.5934165098564453e-10,5.24134182691034,28998.539234897304,0.7791597407400872,1.3207638667395653e-05,1.0,323.00000000000904,,,,[],[],16,213.1874999999489,24.999999999969077,449.9999999999278,"[3, 8, 15, 19, 22, 27, 30, 35, 38, 43, 46, 51, 55, 58, 61, 65]","[348.9999999999018, 267.99999999996305, 188.99999999997618, 24.999999999969077, 449.9999999999278, 203.9999999999425, 44.99999999996038, 51.999999999964984, 356.9999999999572, 48.99999999997243, 287.99999999994156, 41.99999999999369, 205.99999999996822, 407.99999999982526, 109.00000000002899, 369.99999999988944]","[0, 0, 0, 0, 0, 24, 29, 32, 32, 40, 40, 47, 54, 32, 60, 60]","[5, 9, 16, 20, 32, 32, 32, 36, 54, 45, 54, 54, 56, 67, 62, 67]",6764699.999999767,459.9999999999711,-459.9999999999711,0.0,,,,DWT,inu.32000013032828,2.3283064365386963e-07,,0.0,34,6.0,0.0,34,,2.887645678129047e-11,79.3125000000511,485.99999999918236,79.31250000005109,,0.0,79.3125000000511,,,17.000000000030923,0.0,34,7.219114195322618e-11,2.887645678129047e-11,,9.038103598868474e-12,0.3426760174304502,0.8258172003729013,0.002958585878501654,0.4434389140271494,0.004732832638753445,,,,,,,0.016768394929237374,0.008384197464618687,0.016768394929237374,141,0.7992622022503328,0.5454206777487116,509,0,0.016768394929237374,0.016768394929237374,141,0,0.32392471006955126,0.55127746077328,505,211.31650826820575,0.6597157676840487,324.0,220.63814179440666,0.5689883186246331,414,sym,375.8541666666667,399.5,183.40489689834808,144,1.0,1.0,0.0,6,312.0
db17,1,antisymmetric,5.85801248557078e-27,315.57765370375927,1827007.7955863741,0.6568627450980392,345.3182839910634,69,raw,5.542748224969187e-14,-6.648259720520878e-11,5.694827538004038,92291.35405349979,0.914683398520071,1.3207638667392627e-05,1.0,322.99999999999994,,,,[],[],16,213.1875,24.99999999999983,450.00000000000017,"[3, 8, 15, 19, 22, 27, 30, 35, 38, 43, 46, 51, 55, 58, 61, 65]","[349.0, 267.9999999999999, 189.00000000000023, 24.99999999999983, 450.00000000000017, 204.0000000000001, 44.99999999999994, 51.99999999999977, 356.99999999999994, 49.00000000000006, 287.99999999999994, 42.0, 205.99999999999991, 407.9999999999998, 109.0, 370.0]","[0, 0, 0, 0, 0, 24, 29, 32, 32, 40, 40, 47, 54, 32, 60, 60]","[5, 9, 16, 20, 32, 32, 32, 36, 54, 45, 54, 54, 56, 67, 62, 67]",6764700.0,460.00000000000006,-460.00000000000006,0.0,,,,DWT,inu.32000013032828,0.0,,0.0,34,6.0,0.0,34,,5.684341886080802e-14,79.3125,486.0,79.31250000000004,,0.0,79.3125,,,17.00000000000017,0.0,34,1.7053025658242404e-13,5.684341886080802e-14,,5.684341886080802e-14,0.8979794667628646,0.9835745001747935,0.0050078738784151,0.6768550557477893,0.025968023685318226,,,,,,,0.0,0.0,0.0,548,1.314208098857566,0.8968224319423469,40,0,0.0,0.0,446,0,0.5178769840498363,0.8813588463153014,43,266.26224541480406,0.5712363197829242,269.25,76.44853157530453,0.5688307202779356,415,db,361.0980392156863,403.0,158.96390539935234,153,0.9607397529157442,0.8667375194865046,0.06746091711302768,5,312.5
db8,1,symmetric,2.409658701193443e-27,319.43560128956307,1407276.6840508617,0.6904761904761905,323.12443965409386,69,raw,3.219164065750074e-14,-6.79860612251562e-11,5.404350382995616,16351.529985585483,0.607864467298158,1.3207638667392627e-05,1.0,323.0,,,,[],[],16,213.1875,25.0,450.0,"[3, 8, 15, 19, 22, 27, 30, 35, 38, 43, 46, 51, 55, 58, 61, 65]","[348.9999999999999, 268.0000000000001, 189.0, 25.0, 450.0, 204.00000000000006, 45.000000000000114, 51.99999999999994, 356.9999999999999, 49.0, 288.0, 41.99999999999994, 205.99999999999994, 408.00000000000006, 109.0, 370.00000000000006]","[0, 0, 0, 0, 0, 24, 29, 32, 32, 40, 40, 47, 54, 32, 60, 60]","[5, 9, 16, 20, 32, 32, 32, 36, 54, 45, 54, 54, 56, 67, 62, 67]",6764700.0,460.0,-460.0,0.0,,,,DWT,inu.32000013032828,0.0,,0.0,34,6.0,0.0,34,,0.0,79.3125,486.0,79.3125,,0.0,79.3125,,,17.0,0.0,34,0.0,0.0,,0.0,0.9397198158602114,0.8825241462005838,0.0011502832497646094,0.8660130718954248,0.0004896707830750807,,,,,,,0.0,0.0,0.0,558,1.352270201312701,0.9227962083315857,20,0,0.0,0.0,430,0,0.5379793975978119,0.9155705231391007,20,278.608446868839,0.5513551580211933,257.0,38.41806100392282,0.5687532633906288,416,db,361.0980392156863,403.0,158.96390539935234,153,0.9607397529157442,0.8667375194865046,0.06746091711302768,5,313.25
rbio1.1,1,zero,2.909227556321153e-27,318.6173797078936,1299600.886727477,0.6857142857142857,338.0949756963641,69,raw,4.3250427394093045e-14,-7.188005746172646e-11,5.205213438284257,16267.57306122449,0.5310597865481934,1.3207638667392622e-05,1.0,323.00000000000006,,,,[],[],16,213.18750000000006,25.0,450.00000000000006,"[3, 8, 15, 19, 22, 27, 30, 35, 38, 43, 46, 51, 55, 58, 61, 65]","[349.00000000000006, 268.0000000000001, 189.00000000000006, 25.0, 450.00000000000006, 204.00000000000006, 45.0, 52.0, 357.00000000000006, 48.99999999999994, 288.00000000000006, 41.99999999999994, 206.00000000000003, 408.0000000000001, 109.00000000000003, 370.00000000000006]","[0, 0, 0, 0, 0, 24, 29, 32, 32, 40, 40, 47, 54, 32, 60, 60]","[5, 9, 16, 20, 32, 32, 32, 36, 54, 45, 54, 54, 56, 67, 62, 67]",6764700.0,460.00000000000006,-460.00000000000006,0.0,,,,DWT,inu.32000013032828,0.0,,0.0,34,6.0,0.0,34,,5.684341886080802e-14,79.31249999999994,486.0000000000009,79.31249999999997,,0.0,79.31249999999994,,,17.0,0.0,34,5.684341886080802e-14,5.684341886080802e-14,,5.684341886080802e-14,0.93086721905886,0.8132489608530755,0.0001606755336065102,0.8392156862745098,0.0004615026358122784,,,,,,,0.0,0.0,0.0,528,1.3010960251927859,0.8878746847765232,53,0,0.0,0.0,472,0,0.5167908088711729,0.8795103183214971,51,259.662601594197,0.5818637655487972,276.0,94.14345094297063,0.5687096605521764,417,rbio,249.7925925925926,196.0,174.24048813612427,135,0.6645997696604647,0.9500318207572005,0.24977061501051454,3,313.5
coif2,1,antisymmetric,3.291356351916908e-27,318.08140757886497,1428398.4256628214,0.6125,283.69308539563525,69,raw,3.763816955366907e-14,-7.065159568497873e-11,5.296576056193705,46721.31525197324,0.8303257254937315,1.3207638667392627e-05,1.0,323.0000000000001,,,,[],[],16,213.1875,24.99999999999983,450.0,"[3, 8, 15, 19, 22, 27, 30, 35, 38, 43, 46, 51, 55, 58, 61, 65]","[349.0, 268.0, 189.0000000000001, 24.99999999999983, 450.0, 204.0, 45.000000000000114, 52.00000000000017, 357.0000000000001, 48.99999999999994, 288.00000000000006, 42.00000000000006, 206.0, 408.0, 108.99999999999997, 369.99999999999994]","[0, 0, 0, 0, 0, 24, 29, 32, 32, 40, 40, 47, 54, 32, 60, 60]","[5, 9, 16, 20, 32, 32, 32, 36, 54, 45, 54, 54, 56, 67, 62, 67]",6764700.0,460.0,-460.0,0.0,,,,DWT,inu.32000013032828,0.0,,0.0,34,6.0,0.0,34,,0.0,79.3125,486.0,79.31249999999999,,0.0,79.3125,,,17.00000000000017,0.0,34,0.0,0.0,,1.1368683772161603e-13,0.9250683679146858,0.845031924575274,0.0013444052251526046,0.4272058823529413,0.010678950467083484,,,,,,,0.0,0.0,0.0,362,1.1533831187770347,0.7870746302979337,235,0,0.0,0.0,608,0,0.4418659061070275,0.7519979401036255,236,175.60253415027927,0.7172261929947193,360.25,310.082926219843,0.568556735788825,418,coif,212.88888888888889,210.0,126.92181240687695,45,0.566413539530329,0.6920306630483438,0.39590132341426654,2,314.0
sym2,1,symmetric,5.448750512833262e-21,255.8921874046186,1328010.4009070483,0.6388888888888888,309.8448122740458,69,raw,5.520175620957794e-11,-2.6362356747052728e-11,5.236006494774102,17109.156579560502,0.565197862783865,1.3207638667403628e-05,0.9999999999999999,323.00000000001097,,,,[],[],16,213.18749999985812,24.999999999962938,449.9999999997601,"[3, 8, 15, 19, 22, 27, 30, 35, 38, 43, 46, 51, 55, 58, 61, 65]","[348.9999999996913, 267.99999999989046, 188.99999999989956, 24.999999999962938, 449.9999999997601, 203.99999999981867, 44.99999999990905, 51.999999999950944, 356.9999999998258, 48.9999999999348, 287.9999999998204, 41.99999999997107, 205.99999999993514, 407.9999999995862, 109.00000000003732, 369.99999999973625]","[0, 0, 0, 0, 0, 24, 29, 32, 32, 40, 40, 47, 54, 32, 60, 60]","[5, 9, 16, 20, 32, 32, 32, 36, 54, 45, 54, 54, 56, 67, 62, 67]",6764699.999999059,459.99999999992167,-459.99999999992167,0.0,,,,DWT,inu.32000013032828,9.406358003616333e-07,,0.0,34,6.0,0.0,34,,7.833023119019344e-11,79.31250000014188,485.9999999977299,79.31250000014187,,0.0,79.31250000014188,,,17.000000000037062,0.0,34,2.398792275926098e-10,7.833023119019344e-11,,1.0970779840135947e-11,0.2522236227666065,0.823961160434335,0.0004217766830130992,0.5757080610021783,0.000743859911985321,,,,,,,0.067744315514119,0.0338721577570595,0.067744315514119,73,0.7941064105843033,0.5419023387394358,513,0,0.067744315514119,0.067744315514119,73,0,0.33061169615962366,0.5626578358955417,493,248.39484696748443,0.6000082979589623,288.0,127.49013907495133,0.5681200910084666,419,sym,375.8541666666667,399.5,183.40489689834808,144,1.0,1.0,0.0,6,315.75
coif4,1,antisymmetric,5.17474461398196e-27,316.1162674217627,1543990.3401058672,0.6195652173913043,292.8284192082974,69,raw,4.9583525691085255e-14,-6.835731980459083e-11,5.551504564774973,68576.33317920807,0.8752183089555019,1.3207638667392627e-05,1.0,323.0000000000001,,,,[],[],16,213.1875,24.999999999999943,450.0,"[3, 8, 15, 19, 22, 27, 30, 35, 38, 43, 46, 51, 55, 58, 61, 65]","[349.0000000000001, 268.0, 189.00000000000009, 24.999999999999943, 450.0, 204.0, 45.000000000000114, 52.00000000000023, 356.99999999999966, 48.99999999999994, 287.9999999999999, 42.0, 206.0, 408.0000000000001, 108.99999999999997, 369.99999999999983]","[0, 0, 0, 0, 0, 24, 29, 32, 32, 40, 40, 47, 54, 32, 60, 60]","[5, 9, 16, 20, 32, 32, 32, 36, 54, 45, 54, 54, 56, 67, 62, 67]",6764700.0,460.0,-460.0,0.0,,,,DWT,inu.32000013032828,0.0,,0.0,34,6.0,0.0,34,,0.0,79.3125,486.0,79.31250000000003,,0.0,79.3125,,,17.000000000000057,0.0,34,0.0,0.0,,1.1368683772161603e-13,0.9038068980895136,0.9337157180719006,0.0024067669935523626,0.4669650468883203,0.01801146494508592,,,,,,,0.0,0.0,0.0,420,1.204335986119797,0.8218451315941097,176,0,0.0,0.0,584,0,0.46498117899767455,0.7913371092009793,180,198.68903677186955,0.6800498602707414,340.0,260.9151422354742,0.5662729172529231,420,coif,212.88888888888889,210.0,126.92181240687695,45,0.566413539530329,0.6920306630483438,0.39590132341426654,2,315.5
db3,1,periodic,1.0887652424059043e-27,322.88581415304776,1339440.6537276837,0.5945945945945946,295.6030970401354,69,raw,2.1831168113208878e-14,-6.796729845604003e-11,5.291540886124585,15934.424236867886,0.547238860398518,1.3207638667392627e-05,1.0,323.0,,,,[],[],16,213.1875,25.0,450.0,"[3, 8, 15, 19, 22, 27, 30, 35, 38, 43, 46, 51, 55, 58, 61, 65]","[349.0, 268.00000000000006, 189.0, 25.0, 450.0, 203.99999999999994, 45.0, 51.99999999999994, 357.0, 49.0, 288.0, 42.0, 206.00000000000003, 407.99999999999994, 109.00000000000003, 370.0]","[0, 0, 0, 0, 0, 24, 29, 32, 32, 40, 40, 47, 54, 32, 60, 60]","[5, 9, 16, 20, 32, 32, 32, 36, 54, 45, 54, 54, 56, 67, 62, 67]",6764700.0,460.0,-460.0,0.0,,,,DWT,inu.32000013032828,0.0,,0.0,34,6.0,0.0,34,,0.0,79.3125,486.0,79.3125,,0.0,79.3125,,,17.0,0.0,34,0.0,0.0,,0.0,0.977048754675227,0.8432803041499426,0.0005268278335048553,0.3264440911499736,0.00034972882779905575,,,,,,,0.0,0.0,0.0,393,1.138850346787969,0.7771573912172832,252,0,0.0,0.0,600,0,0.42952994132728944,0.7310037425985867,265,161.4032217770141,0.7400914303107664,377.5,334.64304806569544,0.5661004655579597,421,db,361.0980392156863,403.0,158.96390539935234,153,0.9607397529157442,0.8667375194865046,0.06746091711302768,5,317.0
sym13,1,constant,1.131141271712273e-22,272.7199881467676,1622401.3206333243,0.5851063829787234,219.40093670919947,69,raw,7.9905293332097e-12,-6.31793506401627e-11,5.3410086735363285,22874.920084976206,0.8153592748441757,1.3207638667394599e-05,1.0,322.99999999999955,,,,[],[],16,213.1874999999797,25.000000000001535,449.9999999999621,"[3, 8, 15, 19, 22, 27, 30, 35, 38, 43, 46, 51, 55, 58, 61, 65]","[348.99999999995805, 267.99999999998136, 188.99999999998147, 25.000000000001535, 449.9999999999621, 203.9999999999742, 44.99999999999005, 51.999999999998806, 356.9999999999693, 48.99999999999358, 287.9999999999722, 41.99999999999517, 205.9999999999936, 407.99999999993963, 108.9999999999969, 369.9999999999674]","[0, 0, 0, 0, 0, 24, 29, 32, 32, 40, 40, 47, 54, 32, 60, 60]","[5, 9, 16, 20, 32, 32, 32, 36, 54, 45, 54, 54, 56, 67, 62, 67]",6764699.999999851,459.99999999998965,-459.99999999998965,0.0,,,,DWT,inu.32000013032828,1.4901161193847656e-07,,0.0,34,6.0,0.0,34,,1.0345502232667059e-11,79.3125000000203,485.9999999996753,79.3125000000203,,0.0,79.3125000000203,,,16.999999999998465,0.0,34,3.7914560380158946e-11,1.0345502232667059e-11,,4.547473508864641e-13,0.4342888950120165,0.8604890152037695,0.0031274127959553676,0.2730496453900708,0.002678314714125482,,,,,,,0.010731772754711918,0.005365886377355959,0.010731772754711918,159,0.8026727350487508,0.5477480430428041,507,0,0.010731772754711918,0.010731772754711918,159,0,0.31472665662318755,0.5356235776629747,517,203.84552975231026,0.6717463289012717,335.5,242.64131203660844,0.5657443399739853,422,sym,375.8541666666667,399.5,183.40489689834808,144,1.0,1.0,0.0,6,318.0
sym7,1,periodic,1.8377216368275213e-20,250.61235934738053,1427415.3719759719,0.6341463414634146,316.35281589199786,69,raw,1.1244019564058533e-10,,5.463628557603549,17039.42837028645,0.5233043447179052,1.3207638667401206e-05,1.0,323.0000000000611,,,,[],[],16,213.1874999997824,24.99999999978928,449.9999999996802,"[3, 8, 15, 19, 22, 27, 30, 35, 38, 43, 46, 51, 55, 58, 61, 65]","[348.99999999941747, 267.99999999976984, 188.9999999999181, 24.99999999978928, 449.9999999996802, 203.9999999997543, 44.99999999976694, 51.99999999974165, 356.9999999998571, 48.99999999985931, 287.9999999996987, 41.999999999998295, 205.9999999998019, 407.999999999624, 109.00000000015842, 369.99999999968304]","[0, 0, 0, 0, 0, 24, 29, 32, 32, 40, 40, 47, 54, 32, 60, 60]","[5, 9, 16, 20, 32, 32, 32, 36, 54, 45, 54, 54, 56, 67, 62, 67]",6764699.999999072,459.99999999985516,-459.99999999985516,0.0,,,,DWT,inu.32000013032828,9.275972843170166e-07,,0.0,34,6.0,0.0,34,,1.4483703125733882e-10,79.3125000002176,485.99999999651845,79.3125000002176,,0.0,79.3125000002176,,,17.00000000021072,0.0,34,3.198010745109059e-10,1.4483703125733882e-10,,6.110667527536862e-11,0.19509950135707033,0.9031456664261692,0.0013353703488100386,0.5490196078431372,0.0007204656001742087,,,,,,,0.0668052853980817,0.03340264269904085,0.0668052853980817,74,0.7891962485790563,0.538551618686345,515,0,0.0668052853980817,0.0668052853980817,74,0,0.32986412231507223,0.5613855630557317,497,249.52354598313963,0.5981907472091149,290.0,129.11202833002156,0.5656010096754109,423,sym,375.8541666666667,399.5,183.40489689834808,144,1.0,1.0,0.0,6,318.75
bior3.9,1,reflect,1.7414390301922394e-27,320.8460738945812,1621408.4917580632,0.6022727272727273,235.3560373452208,69,raw,3.0687208008189825e-14,-6.987455059004361e-11,5.3380827440877034,20787.610292121986,0.7416383625364711,1.3207638667392627e-05,1.0,322.99999999999994,,,,[],[],16,213.1875,24.999999999999943,450.0,"[3, 8, 15, 19, 22, 27, 30, 35, 38, 43, 46, 51, 55, 58, 61, 65]","[349.0, 268.0, 189.00000000000006, 24.999999999999943, 450.0, 204.0000000000001, 45.0, 52.0, 357.0, 49.0, 288.0, 42.0, 205.99999999999994, 408.0, 109.00000000000006, 369.9999999999999]","[0, 0, 0, 0, 0, 24, 29, 32, 32, 40, 40, 47, 54, 32, 60, 60]","[5, 9, 16, 20, 32, 32, 32, 36, 54, 45, 54, 54, 56, 67, 62, 67]",6764700.0,460.0,-460.0,0.0,,,,DWT,inu.32000013032828,0.0,,0.0,34,6.0,0.0,34,,0.0,79.3125,486.0,79.3125,,0.0,79.3125,,,17.000000000000057,0.0,34,0.0,0.0,,5.684341886080802e-14,0.9549801628753807,0.8594711513153734,0.003118288079536206,0.3696524064171123,0.001978007383006477,,,,,,,0.0,0.0,0.0,381,1.1529349829427311,0.7867688200772311,238,0,0.0,0.0,606,0,0.4378400032140818,0.745146380296205,243,172.56303196223692,0.7221207214778793,367.0,317.66846739830714,0.5655692174217094,424,bior,292.162962962963,301.0,176.53037485058104,135,0.7773306480916924,0.9625172382852065,0.16711337485025335,4,319.0
db13,1,constant,3.758727856343502e-27,317.50474780790296,1398236.2925134718,0.5957446808510638,167.4622816699193,69,raw,4.1705769272875467e-14,-6.99909019630243e-11,5.181377412352102,26741.30438157231,0.8469394536347931,1.3207638667392627e-05,1.0,323.00000000000006,,,,[],[],16,213.18750000000006,24.999999999999943,450.00000000000006,"[3, 8, 15, 19, 22, 27, 30, 35, 38, 43, 46, 51, 55, 58, 61, 65]","[349.0000000000001, 268.0, 189.00000000000006, 24.999999999999943, 450.00000000000006, 204.0000000000001, 45.000000000000114, 52.00000000000006, 357.0, 49.00000000000006, 288.0000000000001, 42.00000000000006, 206.0, 407.9999999999999, 108.99999999999994, 370.00000000000006]","[0, 0, 0, 0, 0, 24, 29, 32, 32, 40, 40, 47, 54, 32, 60, 60]","[5, 9, 16, 20, 32, 32, 32, 36, 54, 45, 54, 54, 56, 67, 62, 67]",6764700.0,460.0000000000001,-460.0000000000001,0.0,,,,DWT,inu.32000013032828,0.0,,0.0,34,6.0,0.0,34,,1.1368683772161603e-13,79.31249999999994,486.0000000000009,79.31249999999997,,0.0,79.31249999999994,,,17.000000000000057,0.0,34,5.684341886080802e-14,1.1368683772161603e-13,,5.684341886080802e-14,0.9188293043672905,0.8049569529748212,0.0010671964146086786,0.33291614518147655,0.0039755142372145565,,,,,,,0.0,0.0,0.0,511,1.0890663210825655,0.7431845135247687,318,0,0.0,0.0,537,0,0.4123490226350823,0.7017640676495577,324,117.70726400694224,0.8104552914541993,422.5,398.00130128497295,0.5650505120717051,425,db,361.0980392156863,403.0,158.96390539935234,153,0.9607397529157442,0.8667375194865046,0.06746091711302768,5,320.0
bior3.7,1,periodic,8.136471435183909e-28,324.150795592686,1549987.2739769567,0.6071428571428571,256.19212305674097,69,raw,1.5652535628338433e-14,-6.95083990365222e-11,5.303898443227513,20757.249324135628,0.7241406884742726,1.3207638667392627e-05,1.0,323.0,,,,[],[],16,213.1875,25.000000000000057,450.00000000000006,"[3, 8, 15, 19, 22, 27, 30, 35, 38, 43, 46, 51, 55, 58, 61, 65]","[348.99999999999994, 268.0, 189.0, 25.000000000000057, 450.00000000000006, 203.99999999999994, 45.0, 52.0, 357.0, 49.0, 288.0, 41.99999999999994, 206.0, 408.0, 109.0, 370.0]","[0, 0, 0, 0, 0, 24, 29, 32, 32, 40, 40, 47, 54, 32, 60, 60]","[5, 9, 16, 20, 32, 32, 32, 36, 54, 45, 54, 54, 56, 67, 62, 67]",6764700.0,460.00000000000006,-460.00000000000006,0.0,,,,DWT,inu.32000013032828,0.0,,0.0,34,6.0,0.0,34,,5.684341886080802e-14,79.3125,486.0,79.3125,,0.0,79.3125,,,16.999999999999943,0.0,34,5.684341886080802e-14,5.684341886080802e-14,,0.0,0.9907349869834255,0.847579215434278,0.0024618825550772657,0.3970588235294114,0.001967821061582841,,,,,,,0.0,0.0,0.0,459,1.1790721990211308,0.804604992071613,210,0,0.0,0.0,565,0,0.4479605459127551,0.7623702193771267,223,176.08970251929364,0.7164417028674821,364.25,303.15040486976346,0.5649438788089423,426,bior,292.162962962963,301.0,176.53037485058104,135,0.7773306480916924,0.9625172382852065,0.16711337485025335,4,320.5
bior2.6,1,periodic,1.3675418266509644e-27,321.895750451358,1506445.4743393601,0.5975609756097561,239.41841883614615,69,raw,2.522941597988762e-14,-7.045997119092843e-11,5.277777119966542,19527.857217997473,0.7046445689908714,1.3207638667392627e-05,1.0,323.0,,,,[],[],16,213.1875,25.0,450.0,"[3, 8, 15, 19, 22, 27, 30, 35, 38, 43, 46, 51, 55, 58, 61, 65]","[349.0, 268.0, 189.0, 25.0, 450.0, 204.0, 45.0, 52.0, 357.0, 49.00000000000006, 288.0, 42.00000000000006, 205.99999999999994, 408.0000000000001, 109.00000000000006, 370.0]","[0, 0, 0, 0, 0, 24, 29, 32, 32, 40, 40, 47, 54, 32, 60, 60]","[5, 9, 16, 20, 32, 32, 32, 36, 54, 45, 54, 54, 56, 67, 62, 67]",6764700.0,460.0,-460.0,0.0,,,,DWT,inu.32000013032828,0.0,,0.0,34,6.0,0.0,34,,0.0,79.3125,486.0,79.3125,,0.0,79.3125,,,17.0,0.0,34,0.0,0.0,,0.0,0.9663369438955244,0.8384922049197359,0.002061706266924371,0.3431372549019605,0.0015553512366935013,,,,,,,0.0,0.0,0.0,426,1.1379561643861065,0.7765471965023554,257,0,0.0,0.0,588,0,0.4303166922441677,0.7323426896879415,262,157.47036758281436,0.7464245288521507,383.25,340.25344795833814,0.5646373851990223,427,bior,292.162962962963,301.0,176.53037485058104,135,0.7773306480916924,0.9625172382852065,0.16711337485025335,4,321.25
sym2,1,constant,5.259462228458098e-21,256.0457432285064,1335664.5646300334,0.6388888888888888,304.38510043591805,69,raw,5.310256582284319e-11,-1.328478438417262e-10,5.192481147789744,16896.77646758235,0.6309520445378591,1.3207638667403156e-05,1.0,323.00000000001097,,,,[],[],16,213.18749999985812,24.999999999962938,449.9999999997601,"[3, 8, 15, 19, 22, 27, 30, 35, 38, 43, 46, 51, 55, 58, 61, 65]","[348.9999999996913, 267.99999999989046, 188.99999999989956, 24.999999999962938, 449.9999999997601, 203.99999999981867, 44.99999999990905, 51.999999999950944, 356.9999999998258, 48.9999999999348, 287.9999999998204, 41.99999999997107, 205.99999999993514, 407.9999999995862, 109.00000000003732, 369.99999999973625]","[0, 0, 0, 0, 0, 24, 29, 32, 32, 40, 40, 47, 54, 32, 60, 60]","[5, 9, 16, 20, 32, 32, 32, 36, 54, 45, 54, 54, 56, 67, 62, 67]",6764699.999999141,459.99999999992167,-459.99999999992167,0.0,,,,DWT,inu.32000013032828,8.586794137954712e-07,,0.0,34,6.0,0.0,34,,7.833023119019344e-11,79.31250000014188,485.9999999977299,79.31250000014187,,0.0,79.31250000014188,,,17.000000000037062,0.0,34,2.398792275926098e-10,7.833023119019344e-11,,1.0970779840135947e-11,0.2538849915520698,0.8088196883984629,0.0004921232202043174,0.5757080610021783,0.0006726048688137953,,,,,,,0.06184184049902744,0.03092092024951372,0.06184184049902744,85,0.7875391670889724,0.5374208176715319,516,0,0.06184184049902744,0.06184184049902744,85,0,0.32791549380834584,0.5580692523767844,500,244.306501482598,0.6065917850521771,296.5,145.62719968125376,0.5645680342330128,428,sym,375.8541666666667,399.5,183.40489689834808,144,1.0,1.0,0.0,6,322.5
db17,1,periodic,4.5453022082160466e-27,316.6795289945811,1685811.573133199,0.6372549019607843,314.62666836435216,69,raw,4.5515925971878894e-14,-6.697575827274728e-11,5.720848119844359,15537.033258569449,0.5536516360560403,1.3207638667392629e-05,1.0,322.99999999999994,,,,[],[],16,213.1875,24.99999999999983,450.0000000000001,"[3, 8, 15, 19, 22, 27, 30, 35, 38, 43, 46, 51, 55, 58, 61, 65]","[349.0, 267.9999999999999, 189.00000000000017, 24.99999999999983, 450.0000000000001, 204.00000000000014, 45.0, 51.99999999999977, 357.0, 49.00000000000006, 287.9999999999999, 41.99999999999994, 205.99999999999994, 407.9999999999999, 109.00000000000006, 370.0000000000001]","[0, 0, 0, 0, 0, 24, 29, 32, 32, 40, 40, 47, 54, 32, 60, 60]","[5, 9, 16, 20, 32, 32, 32, 36, 54, 45, 54, 54, 56, 67, 62, 67]",6764700.0,460.0,-460.0,0.0,,,,DWT,inu.32000013032828,0.0,,0.0,34,6.0,0.0,34,,0.0,79.3125,486.0,79.31250000000003,,0.0,79.3125,,,17.00000000000017,0.0,34,1.1368683772161603e-13,0.0,,5.684341886080802e-14,0.9099010023145359,0.9926264650547961,0.003710192554427434,0.5665128796616683,0.00021640131868867914,,,,,,,0.0,0.0,0.0,551,1.2708006425854763,0.8672009583475585,81,0,0.0,0.0,463,0,0.4945933881808233,0.8417332135391397,111,240.30744197104397,0.6130314944105573,301.5,157.91927291842123,0.5637621240168729,429,db,361.0980392156863,403.0,158.96390539935234,153,0.9607397529157442,0.8667375194865046,0.06746091711302768,5,323.0
db9,1,zero,2.932641862609452e-27,318.58256633655446,1306641.4137869566,0.5813953488372093,204.32687613449946,69,raw,4.036706556782019e-14,-6.884481873470378e-11,5.177166381397858,25411.885884261763,0.7881016057245109,1.3207638667392629e-05,1.0,323.0,,,,[],[],16,213.18749999999997,25.000000000000114,450.0,"[3, 8, 15, 19, 22, 27, 30, 35, 38, 43, 46, 51, 55, 58, 61, 65]","[349.0, 268.0, 188.99999999999997, 25.000000000000114, 450.0, 203.99999999999994, 45.00000000000006, 52.0, 357.0, 49.0, 287.99999999999994, 41.999999999999886, 205.99999999999991, 407.9999999999999, 108.99999999999997, 370.00000000000006]","[0, 0, 0, 0, 0, 24, 29, 32, 32, 40, 40, 47, 54, 32, 60, 60]","[5, 9, 16, 20, 32, 32, 32, 36, 54, 45, 54, 54, 56, 67, 62, 67]",6764700.0,460.00000000000006,-460.00000000000006,0.0,,,,DWT,inu.32000013032828,0.0,,0.0,34,6.0,0.0,34,,5.684341886080802e-14,79.31250000000003,485.99999999999955,79.3125,,0.0,79.31250000000003,,,16.999999999999886,0.0,34,0.0,5.684341886080802e-14,,0.0,0.9304905622379387,0.8034920316851921,0.00022538236724114515,0.25216598267213863,0.003529484844271058,,,,,,,0.0,0.0,0.0,607,1.0624312313755437,0.7250085899805304,341,0,0.0,0.0,342,0,0.39798068876135634,0.6773110439461496,355,130.6557180787227,0.7896043187138121,411.25,387.5640090755087,0.5636829967160042,430,db,361.0980392156863,403.0,158.96390539935234,153,0.9607397529157442,0.8667375194865046,0.06746091711302768,5,323.75
sym4,1,periodic,5.081801678095245e-21,256.1949795105287,1369314.6269089992,0.631578947368421,294.6220985944054,69,raw,5.5871828902562123e-11,9.991974665994697e-16,5.259669315465329,17334.204913865506,0.5907513365131862,1.320763866738619e-05,1.0,322.99999999997715,,,,[],[],16,213.18750000012756,25.000000000080036,450.0000000002065,"[3, 8, 15, 19, 22, 27, 30, 35, 38, 43, 46, 51, 55, 58, 61, 65]","[349.00000000033026, 268.00000000010664, 189.00000000007165, 25.000000000080036, 450.0000000002065, 204.0000000001611, 45.00000000010738, 52.00000000009152, 357.000000000127, 49.00000000007458, 288.0000000001659, 42.00000000001876, 206.0000000000864, 408.0000000002623, 108.9999999999248, 370.0000000002259]","[0, 0, 0, 0, 0, 24, 29, 32, 32, 40, 40, 47, 54, 32, 60, 60]","[5, 9, 16, 20, 32, 32, 32, 36, 54, 45, 54, 54, 56, 67, 62, 67]",6764700.000000683,460.00000000008066,-460.00000000008066,0.0,,,,DWT,inu.32000013032828,6.826594471931458e-07,,0.0,34,6.0,0.0,34,,8.066081136348657e-11,79.31249999987244,486.0000000020409,79.31249999991279,,0.0,79.31249999987244,,,16.999999999919964,0.0,34,2.0651214072131552e-10,8.066081136348657e-11,,2.2851054382044822e-11,0.25549962585465125,0.8321929141734797,0.0008013882742670558,0.5345717234262123,0.0008193652341514216,,,,,,,0.049164933932523976,0.024582466966261988,0.049164933932523976,97,0.7839533622008097,0.5349738457931297,517,0,0.049164933932523976,0.049164933932523976,97,0,0.3247770033925524,0.5527279524595649,503,238.5141505236115,0.615919242313025,303.5,162.9934447097289,0.5635956920099747,431,sym,375.8541666666667,399.5,183.40489689834808,144,1.0,1.0,0.0,6,324.75
bior3.9,1,antisymmetric,1.677461267502141e-27,321.008631622445,1612773.4858717003,0.6022727272727273,232.3420123680827,69,raw,2.9528714417276615e-14,-6.945843900041408e-11,5.318026000252331,66231.59371300445,0.902691796288557,1.3207638667392627e-05,1.0,322.99999999999994,,,,[],[],16,213.1875,24.999999999999943,450.0,"[3, 8, 15, 19, 22, 27, 30, 35, 38, 43, 46, 51, 55, 58, 61, 65]","[348.9999999999999, 268.0, 189.00000000000006, 24.999999999999943, 450.0, 204.0000000000001, 45.0, 52.0, 357.0, 49.0, 288.0, 42.0, 205.99999999999994, 408.0000000000001, 109.00000000000006, 369.9999999999999]","[0, 0, 0, 0, 0, 24, 29, 32, 32, 40, 40, 47, 54, 32, 60, 60]","[5, 9, 16, 20, 32, 32, 32, 36, 54, 45, 54, 54, 56, 67, 62, 67]",6764700.0,460.0,-460.0,0.0,,,,DWT,inu.32000013032828,0.0,,0.0,34,6.0,0.0,34,,0.0,79.3125,486.0,79.3125,,0.0,79.3125,,,17.000000000000057,0.0,34,0.0,0.0,,5.684341886080802e-14,0.956738926093024,0.852493869180826,0.0030389269912820733,0.3696524064171123,0.017224788121469284,,,,,,,0.0,0.0,0.0,380,1.1565606315573012,0.7892429815214603,233,0,0.0,0.0,610,0,0.43982978336074274,0.7485327256803308,240,176.3488493488593,0.7160243971838014,365.75,314.2323193266514,0.563527496498503,432,bior,292.162962962963,301.0,176.53037485058104,135,0.7773306480916924,0.9625172382852065,0.16711337485025335,4,325.0
db9,1,smooth,3.635802748329932e-27,317.64915349769103,8610143.037736628,0.6395348837209303,341.1510873698054,69,raw,4.5412948763797726e-14,-6.868616786448484e-11,3.8157081165631994,377020.4685346143,0.9875100312886133,1.3207638667392632e-05,1.0,323.0,,,,[],[],16,213.18749999999997,25.000000000000114,450.0,"[3, 8, 15, 19, 22, 27, 30, 35, 38, 43, 46, 51, 55, 58, 61, 65]","[349.0, 267.9999999999999, 188.99999999999997, 25.000000000000114, 450.0, 203.99999999999994, 45.00000000000006, 52.0, 357.0, 49.0, 287.99999999999994, 41.999999999999886, 205.9999999999999, 407.99999999999994, 108.99999999999994, 370.0]","[0, 0, 0, 0, 0, 24, 29, 32, 32, 40, 40, 47, 54, 32, 60, 60]","[5, 9, 16, 20, 32, 32, 32, 36, 54, 45, 54, 54, 56, 67, 62, 67]",6764700.0,460.00000000000006,-460.00000000000006,0.0,,,,DWT,inu.32000013032828,0.0,,0.0,34,6.0,0.0,34,,5.684341886080802e-14,79.31250000000003,485.99999999999955,79.31250000000003,,0.0,79.31250000000003,,,16.999999999999886,0.0,34,0.0,5.684341886080802e-14,,0.0,0.9203916749722145,0.3298718615252819,0.06734911622107097,0.5793433652530781,0.12149667349895571,,,,,,,0.0,0.0,0.0,603,1.0311815093573187,0.7036836173812371,384,0,0.0,0.0,327,0,0.4036905382941202,0.6870284605370102,340,128.666234887013,0.7928079953510258,413.5,389.7943305621757,0.5634732408317126,433,db,361.0980392156863,403.0,158.96390539935234,153,0.9607397529157442,0.8667375194865046,0.06746091711302768,5,326.0
db17,1,smooth,6.301375179838473e-27,315.2608032536319,52243975.18827326,0.6078431372549019,313.0842192040318,69,raw,6.034464393556792e-14,-6.628497750682549e-11,3.6835847699420476,1747749.719643694,0.9977022421664618,1.3207638667392627e-05,1.0,323.0,,,,[],[],16,213.1875,25.000000000000057,450.00000000000017,"[3, 8, 15, 19, 22, 27, 30, 35, 38, 43, 46, 51, 55, 58, 61, 65]","[348.99999999999994, 267.9999999999999, 189.00000000000023, 25.000000000000057, 450.00000000000017, 204.00000000000009, 45.0, 51.99999999999977, 357.0, 49.00000000000006, 287.9999999999999, 42.00000000000006, 206.00000000000003, 408.0, 109.00000000000003, 369.9999999999999]","[0, 0, 0, 0, 0, 24, 29, 32, 32, 40, 40, 47, 54, 32, 60, 60]","[5, 9, 16, 20, 32, 32, 32, 36, 54, 45, 54, 54, 56, 67, 62, 67]",6764700.0,460.00000000000006,-460.00000000000006,0.0,,,,DWT,inu.32000013032828,0.0,,0.0,34,6.0,0.0,34,,5.684341886080802e-14,79.3125,486.0,79.31250000000003,,0.0,79.3125,,,16.999999999999943,0.0,34,1.7053025658242404e-13,5.684341886080802e-14,,0.0,0.8945513620243153,0.28390917318947295,0.4683712405526321,0.4009996155324871,0.581386119146756,,,,,,,0.0,0.0,0.0,550,1.3058253179573391,0.8911019787204283,44,0,0.0,0.0,457,0,0.5258435020891328,0.8949168173480297,33,271.17644932159334,0.5633229479523456,271.0,70.13032307567109,0.5634650166492807,434,db,361.0980392156863,403.0,158.96390539935234,153,0.9607397529157442,0.8667375194865046,0.06746091711302768,5,326.75
db6,1,reflect,1.970460213574664e-27,320.30947993103126,1396198.8316851165,0.65,279.9712199187563,69,raw,2.749491455767345e-14,-6.753209103038696e-11,5.31202155369982,15764.184364558201,0.618585918270493,1.3207638667392627e-05,1.0,323.0,,,,[],[],16,213.1875,24.999999999999943,450.0000000000001,"[3, 8, 15, 19, 22, 27, 30, 35, 38, 43, 46, 51, 55, 58, 61, 65]","[349.0, 268.0, 189.0000000000001, 24.999999999999943, 450.0000000000001, 203.99999999999994, 45.00000000000006, 51.99999999999994, 356.99999999999994, 49.0, 288.0, 42.0, 206.0, 407.99999999999994, 109.00000000000006, 370.0]","[0, 0, 0, 0, 0, 24, 29, 32, 32, 40, 40, 47, 54, 32, 60, 60]","[5, 9, 16, 20, 32, 32, 32, 36, 54, 45, 54, 54, 56, 67, 62, 67]",6764700.0,460.0000000000001,-460.0000000000001,0.0,,,,DWT,inu.32000013032828,0.0,,0.0,34,6.0,0.0,34,,1.1368683772161603e-13,79.3125,486.0,79.3125,,0.0,79.3125,,,17.000000000000057,0.0,34,1.1368683772161603e-13,1.1368683772161603e-13,,0.0,0.9491745839078176,0.8504050596510959,0.0010484708791844578,0.6382352941176471,0.0002926121357606343,,,,,,,0.0,0.0,0.0,610,1.2506426781111937,0.8534450587008063,123,0,0.0,0.0,378,0,0.48783120413830117,0.8302248613438323,121,234.73247183407184,0.6220089020385317,308.0,193.42929375512674,0.5630173334669308,435,db,361.0980392156863,403.0,158.96390539935234,153,0.9607397529157442,0.8667375194865046,0.06746091711302768,5,327.5
db10,1,symmetric,3.1320407473624907e-27,318.29688259836894,1489388.151773359,0.6363636363636364,320.809829544861,69,raw,3.955612005418095e-14,-6.984091083239743e-11,5.530829838914766,17106.240492788955,0.5570210414850821,1.3207638667392627e-05,1.0,323.00000000000006,,,,[],[],16,213.18749999999994,25.0,450.0,"[3, 8, 15, 19, 22, 27, 30, 35, 38, 43, 46, 51, 55, 58, 61, 65]","[349.0000000000001, 267.99999999999983, 189.0, 25.0, 450.0, 204.00000000000014, 45.0, 51.99999999999983, 357.0, 48.99999999999994, 288.0, 41.99999999999983, 206.00000000000003, 408.0, 108.99999999999986, 369.99999999999994]","[0, 0, 0, 0, 0, 24, 29, 32, 32, 40, 40, 47, 54, 32, 60, 60]","[5, 9, 16, 20, 32, 32, 32, 36, 54, 45, 54, 54, 56, 67, 62, 67]",6764700.0,460.0,-460.0,0.0,,,,DWT,inu.32000013032828,0.0,,0.0,34,6.0,0.0,34,,0.0,79.31250000000006,485.9999999999991,79.31250000000003,,0.0,79.31250000000006,,,17.0,0.0,34,0.0,0.0,,5.684341886080802e-14,0.9273996599646216,0.926523454134886,0.001904938836843345,0.5614973262032084,0.0007428815440634702,,,,,,,0.0,0.0,0.0,596,1.2455500755635465,0.8499698402740846,133,0,0.0,0.0,405,0,0.4836136521367246,0.8230471398368526,134,225.78012903412616,0.6364249129885247,317.0,209.11236717762563,0.5629789621303332,436,db,361.0980392156863,403.0,158.96390539935234,153,0.9607397529157442,0.8667375194865046,0.06746091711302768,5,328.25
sym2,1,periodization,5.8730941512043095e-21,255.5664870031676,1345514.2143464368,0.6428571428571429,315.9412432835696,69,raw,5.7904446820328645e-11,-1.3285228473389923e-10,5.139480450125495,15111.808163257803,0.6155154508591637,1.3207638667403154e-05,0.9999999999999998,323.0000000000109,,,,[],[],16,213.18749999985812,24.999999999962995,449.99999999976006,"[3, 8, 15, 19, 22, 27, 30, 35, 38, 43, 46, 51, 55, 58, 61, 65]","[348.99999999969117, 267.99999999989035, 188.9999999998995, 24.999999999962995, 449.99999999976006, 203.99999999981873, 44.999999999908994, 51.99999999995083, 356.9999999998258, 48.999999999934914, 287.9999999998204, 41.99999999997107, 205.9999999999352, 407.9999999995862, 109.00000000003729, 369.99999999973625]","[0, 0, 0, 0, 0, 24, 29, 32, 32, 40, 40, 47, 54, 32, 60, 60]","[5, 9, 16, 20, 32, 32, 32, 36, 54, 45, 54, 54, 56, 67, 62, 67]",6764699.999999088,459.99999999992167,-459.99999999992167,0.0,,,,DWT,inu.32000013032828,9.117648005485535e-07,,0.0,34,6.0,0.0,34,,7.833023119019344e-11,79.31250000014188,485.9999999977299,79.31250000014188,,0.0,79.31250000014188,,,17.000000000037005,0.0,34,2.3993607101147063e-10,7.833023119019344e-11,,1.0913936421275139e-11,0.24869976761944568,0.7903819587267538,0.0005826476426196252,0.5980392156862747,7.37352646884618e-05,,,,,,,0.06566503454289356,0.03283251727144678,0.06566503454289356,77,0.7839473441367393,0.5349697390349535,518,0,0.06566503454289356,0.06566503454289356,77,0,0.32755546498795646,0.5574565304456084,501,249.80042033591536,0.5977448947891861,293.25,133.77686657216162,0.562761336283482,437,sym,375.8541666666667,399.5,183.40489689834808,144,1.0,1.0,0.0,6,329.25
db6,1,antisymmetric,2.0167400533476303e-27,320.2086573970272,1397195.5356908601,0.6375,273.73230532168674,69,raw,2.8267243618282255e-14,-6.774536487341745e-11,5.293627699060081,43322.369194936866,0.8178444404327276,1.3207638667392627e-05,1.0,323.0,,,,[],[],16,213.1875,24.999999999999943,450.0000000000001,"[3, 8, 15, 19, 22, 27, 30, 35, 38, 43, 46, 51, 55, 58, 61, 65]","[349.0, 268.0, 189.0000000000001, 24.999999999999943, 450.0000000000001, 203.99999999999994, 45.00000000000006, 51.99999999999994, 356.99999999999994, 49.0, 288.0, 42.0, 206.0, 407.9999999999999, 109.00000000000009, 369.99999999999994]","[0, 0, 0, 0, 0, 24, 29, 32, 32, 40, 40, 47, 54, 32, 60, 60]","[5, 9, 16, 20, 32, 32, 32, 36, 54, 45, 54, 54, 56, 67, 62, 67]",6764700.0,460.0000000000001,-460.0000000000001,0.0,,,,DWT,inu.32000013032828,0.0,,0.0,34,6.0,0.0,34,,1.1368683772161603e-13,79.3125,486.0,79.3125,,0.0,79.3125,,,17.000000000000057,0.0,34,1.1368683772161603e-13,1.1368683772161603e-13,,0.0,0.9480837531817355,0.844006258608577,0.0010576312104690012,0.5678921568627447,0.00953857980913446,,,,,,,0.0,0.0,0.0,609,1.2223544914873161,0.8341410532352196,158,0,0.0,0.0,385,0,0.4741156759345322,0.8068828274504791,153,217.34975653693903,0.6500003920500177,326.25,233.85658254398143,0.562319036604719,438,db,361.0980392156863,403.0,158.96390539935234,153,0.9607397529157442,0.8667375194865046,0.06746091711302768,5,329.75
bior3.9,1,periodic,1.6477818050390433e-27,321.0861596033533,1579791.0435305098,0.6022727272727273,241.77722099216726,69,raw,2.903957267889104e-14,-6.996381252122346e-11,5.366912889583963,21601.773676553217,0.7224680266899011,1.3207638667392627e-05,1.0,322.99999999999994,,,,[],[],16,213.1875,24.999999999999943,450.0,"[3, 8, 15, 19, 22, 27, 30, 35, 38, 43, 46, 51, 55, 58, 61, 65]","[349.0, 268.0, 189.00000000000006, 24.999999999999943, 450.0, 204.0000000000001, 45.0, 52.0, 357.0, 49.0, 288.0, 42.0, 205.99999999999994, 408.00000000000006, 109.0, 370.0]","[0, 0, 0, 0, 0, 24, 29, 32, 32, 40, 40, 47, 54, 32, 60, 60]","[5, 9, 16, 20, 32, 32, 32, 36, 54, 45, 54, 54, 56, 67, 62, 67]",6764700.0,460.0,-460.0,0.0,,,,DWT,inu.32000013032828,0.0,,0.0,34,6.0,0.0,34,,0.0,79.3125,486.0,79.3125,,0.0,79.3125,,,17.000000000000057,0.0,34,0.0,0.0,,5.684341886080802e-14,0.9575777257179414,0.8695004990878016,0.002735797780726479,0.3696524064171123,0.002251165008576853,,,,,,,0.0,0.0,0.0,384,1.1594262124353043,0.7911984687948779,232,0,0.0,0.0,611,0,0.4403435188024317,0.7494070361635994,238,177.6595527031031,0.713913763763119,366.25,313.65529592066497,0.5620696032986288,439,bior,292.162962962963,301.0,176.53037485058104,135,0.7773306480916924,0.9625172382852065,0.16711337485025335,4,330.25
coif2,1,periodization,3.763418482110438e-27,317.4993314996855,1327343.4514408335,0.6285714285714286,308.9930953709459,69,raw,4.702503054724896e-14,-7.159373094367565e-11,5.209837734531701,15111.808163265308,0.5744220642298923,1.3207638667392624e-05,1.0,323.0000000000001,,,,[],[],16,213.1875,24.999999999999943,450.0,"[3, 8, 15, 19, 22, 27, 30, 35, 38, 43, 46, 51, 55, 58, 61, 65]","[349.00000000000006, 268.0, 189.00000000000003, 24.999999999999943, 450.0, 204.00000000000006, 45.0, 52.0, 356.99999999999994, 48.99999999999983, 288.00000000000017, 42.00000000000017, 206.00000000000006, 408.0, 109.0, 370.0000000000002]","[0, 0, 0, 0, 0, 24, 29, 32, 32, 40, 40, 47, 54, 32, 60, 60]","[5, 9, 16, 20, 32, 32, 32, 36, 54, 45, 54, 54, 56, 67, 62, 67]",6764700.0,460.0,-460.0,0.0,,,,DWT,inu.32000013032828,0.0,,0.0,34,6.0,0.0,34,,0.0,79.3125,486.0,79.31249999999997,,0.0,79.3125,,,17.000000000000057,0.0,34,0.0,0.0,,1.1368683772161603e-13,0.918770703624075,0.8148576476796598,0.0004156470015576521,0.5176470588235292,7.373526469097976e-05,,,,,,,0.0,0.0,0.0,364,1.165987387150342,0.7956758484955918,224,0,0.0,0.0,619,0,0.4503529584787026,0.7664417924417269,221,186.97415151120043,0.6989144098048302,357.0,299.5820629950897,0.5620175913758451,440,coif,212.88888888888889,210.0,126.92181240687695,45,0.566413539530329,0.6920306630483438,0.39590132341426654,2,330.5
db7,1,antireflect,1.835827952416945e-27,320.61683685200023,1521336.8904160517,0.6585365853658537,295.8201763672976,69,raw,3.0996139632433374e-14,-6.814726560833177e-11,5.314700677095493,46430.97192376881,0.8585378385997302,1.3207638667392627e-05,1.0,322.99999999999994,,,,[],[],16,213.18750000000003,24.999999999999886,449.99999999999994,"[3, 8, 15, 19, 22, 27, 30, 35, 38, 43, 46, 51, 55, 58, 61, 65]","[349.00000000000006, 268.0, 189.00000000000003, 24.999999999999886, 449.99999999999994, 204.00000000000003, 45.000000000000114, 52.0, 357.0000000000001, 49.000000000000114, 288.00000000000006, 42.0, 206.00000000000006, 408.0, 108.99999999999997, 370.0]","[0, 0, 0, 0, 0, 24, 29, 32, 32, 40, 40, 47, 54, 32, 60, 60]","[5, 9, 16, 20, 32, 32, 32, 36, 54, 45, 54, 54, 56, 67, 62, 67]",6764700.0,459.99999999999994,-459.99999999999994,0.0,,,,DWT,inu.32000013032828,0.0,,0.0,34,6.0,0.0,34,,5.684341886080802e-14,79.31249999999997,486.00000000000045,79.31249999999997,,0.0,79.31249999999997,,,17.000000000000114,0.0,34,5.684341886080802e-14,5.684341886080802e-14,,5.684341886080802e-14,0.952499975166615,0.8513370653624073,0.002198567665867681,0.6862745098039217,0.010581538208501102,,,,,,,0.0,0.0,0.0,560,1.2770102208190757,0.8714384067833381,72,0,0.0,0.0,455,0,0.5005783312414626,0.8519188033097794,80,252.80872215965968,0.5929006084385513,291.75,131.69849246231155,0.5615469225767635,441,db,361.0980392156863,403.0,158.96390539935234,153,0.9607397529157442,0.8667375194865046,0.06746091711302768,5,332.0
sym10,1,zero,6.874121306321413e-24,284.8829847158156,1323387.1154365095,0.5681818181818182,151.57230180702595,69,raw,1.9930208852030402e-12,-7.490463804771644e-11,5.11165623504558,26017.0077479341,0.8210348500495519,1.3207638667392226e-05,1.0,322.99999999999966,,,,[],[],16,213.18750000000503,25.00000000000091,450.0000000000091,"[3, 8, 15, 19, 22, 27, 30, 35, 38, 43, 46, 51, 55, 58, 61, 65]","[349.00000000001125, 268.0000000000042, 189.00000000000415, 25.00000000000091, 450.0000000000091, 204.00000000000688, 45.000000000002956, 52.000000000001364, 357.00000000000693, 49.000000000002274, 288.0000000000068, 42.00000000000114, 206.00000000000216, 408.0000000000111, 108.99999999999923, 370.00000000001]","[0, 0, 0, 0, 0, 24, 29, 32, 32, 40, 40, 47, 54, 32, 60, 60]","[5, 9, 16, 20, 32, 32, 32, 36, 54, 45, 54, 54, 56, 67, 62, 67]",6764700.000000037,460.0000000000028,-460.0000000000028,0.0,,,,DWT,inu.32000013032828,3.725290298461914e-08,,0.0,34,6.0,0.0,34,,2.7853275241795927e-12,79.31249999999497,486.0000000000805,79.31249999999675,,0.0,79.31249999999497,,,16.99999999999909,0.0,34,9.094947017729282e-12,2.7853275241795927e-12,,3.410605131648481e-13,0.5658841828096133,0.7807025511230873,0.00037928580679598705,0.1778074866310162,0.003732507547849075,,,,,,,0.0026829431886779796,0.0013414715943389898,0.0026829431886779796,180,0.8026874258222557,0.5477580681029397,506,0,0.0026829431886779796,0.0026829431886779796,181,0,0.3057012027836724,0.5202634364934232,532,195.72152836789994,0.6848284567344607,349.75,267.80212505459696,0.560811973938889,442,sym,375.8541666666667,399.5,183.40489689834808,144,1.0,1.0,0.0,6,333.0
sym2,1,antireflect,6.092007277542123e-21,255.4075524988849,1440331.4455268527,0.6388888888888888,299.1172511558554,69,raw,5.4575706273048427e-11,-1.9665291618014178e-10,5.122969503846504,21423.165245882905,0.7111223610452155,1.3207638667404411e-05,1.0,323.00000000001097,,,,[],[],16,213.18749999985147,24.999999999962938,449.9999999997601,"[3, 8, 15, 19, 22, 27, 30, 35, 38, 43, 46, 51, 55, 58, 61, 65]","[348.9999999996913, 267.99999999989046, 188.99999999989956, 24.999999999962938, 449.9999999997601, 203.99999999981867, 44.99999999990905, 51.999999999950944, 356.9999999998258, 48.9999999999348, 287.9999999998204, 41.99999999997107, 205.99999999993514, 407.99999999947966, 109.00000000003732, 369.99999999973625]","[0, 0, 0, 0, 0, 24, 29, 32, 32, 40, 40, 47, 54, 32, 60, 60]","[5, 9, 16, 20, 32, 32, 32, 36, 54, 45, 54, 54, 56, 67, 62, 67]",6764699.999999132,459.99999999992167,-459.99999999992167,0.0,,,,DWT,inu.32000013032828,8.67992639541626e-07,,0.0,34,6.0,0.0,34,,7.833023119019344e-11,79.31250000014853,485.9999999976235,79.31250000014853,,0.0,79.31250000014853,,,17.000000000037062,0.0,34,2.398792275926098e-10,7.833023119019344e-11,,1.0970779840135947e-11,0.24698020519802144,0.7846381784081508,0.0014540771182619452,0.5757080610021783,0.0021912406054881086,,,,,,,0.06251257629619693,0.031256288148098464,0.06251257629619693,83,0.7723939715250857,0.5270856575628288,520,0,0.06251257629619693,0.06251257629619693,83,0,0.32219435246642014,0.5483326186046198,506,248.32639811345067,0.6001185215564402,298.0,142.87884487682328,0.5601236730165453,443,sym,375.8541666666667,399.5,183.40489689834808,144,1.0,1.0,0.0,6,333.75
bior3.7,1,reflect,8.495003000223487e-28,323.96352126776065,1532100.9325289736,0.6071428571428571,235.3560373452208,69,raw,1.61674216687443e-14,-6.946399011553719e-11,5.260495519781573,20823.631256106582,0.7457615570139356,1.3207638667392627e-05,1.0,323.0,,,,[],[],16,213.1875,25.000000000000057,450.00000000000006,"[3, 8, 15, 19, 22, 27, 30, 35, 38, 43, 46, 51, 55, 58, 61, 65]","[348.99999999999994, 268.0, 189.0, 25.000000000000057, 450.00000000000006, 203.99999999999994, 45.0, 52.0, 357.0, 49.0, 288.0, 41.99999999999994, 206.0, 408.0, 109.0, 369.9999999999999]","[0, 0, 0, 0, 0, 24, 29, 32, 32, 40, 40, 47, 54, 32, 60, 60]","[5, 9, 16, 20, 32, 32, 32, 36, 54, 45, 54, 54, 56, 67, 62, 67]",6764700.0,460.00000000000006,-460.00000000000006,0.0,,,,DWT,inu.32000013032828,0.0,,0.0,34,6.0,0.0,34,,5.684341886080802e-14,79.3125,486.0,79.31250000000001,,0.0,79.3125,,,16.999999999999943,0.0,34,5.684341886080802e-14,5.684341886080802e-14,,0.0,0.9887088071234094,0.8324803317454711,0.002297495924555251,0.3970588235294114,0.001990092673478809,,,,,,,0.0,0.0,0.0,423,1.170233764590215,0.7985735985139356,222,0,0.0,0.0,597,0,0.44450711019926525,0.7564929237837535,231,178.46638338914138,0.7126145195021878,368.25,310.7371275020735,0.5598096752100311,444,bior,292.162962962963,301.0,176.53037485058104,135,0.7773306480916924,0.9625172382852065,0.16711337485025335,4,334.0
db7,1,reflect,1.876802988421468e-27,320.52096977066805,1411032.4289645972,0.6585365853658537,295.8201763672976,69,raw,3.24378205455698e-14,-6.805178642821399e-11,5.335877231996089,15988.908766432156,0.6253008885888911,1.3207638667392627e-05,1.0,322.99999999999994,,,,[],[],16,213.18750000000003,24.999999999999886,449.99999999999994,"[3, 8, 15, 19, 22, 27, 30, 35, 38, 43, 46, 51, 55, 58, 61, 65]","[349.0, 268.0, 189.00000000000003, 24.999999999999886, 449.99999999999994, 204.00000000000003, 45.000000000000114, 52.0, 357.0000000000001, 49.000000000000114, 288.00000000000006, 42.0, 206.00000000000006, 408.0000000000001, 108.99999999999994, 370.0000000000001]","[0, 0, 0, 0, 0, 24, 29, 32, 32, 40, 40, 47, 54, 32, 60, 60]","[5, 9, 16, 20, 32, 32, 32, 36, 54, 45, 54, 54, 56, 67, 62, 67]",6764700.0,459.99999999999994,-459.99999999999994,0.0,,,,DWT,inu.32000013032828,0.0,,0.0,34,6.0,0.0,34,,5.684341886080802e-14,79.31249999999997,486.00000000000045,79.31249999999997,,0.0,79.31249999999997,,,17.000000000000114,0.0,34,5.684341886080802e-14,5.684341886080802e-14,,5.684341886080802e-14,0.9514627590425615,0.8587039041370348,0.001184800887329824,0.6862745098039217,0.0003680087762844473,,,,,,,0.0,0.0,0.0,562,1.2754790153698015,0.8703935042325052,75,0,0.0,0.0,458,0,0.4995987965294264,0.8502517634329061,84,252.17636024549697,0.5939189045966232,294.75,136.98226329112768,0.5596406117186015,445,db,361.0980392156863,403.0,158.96390539935234,153,0.9607397529157442,0.8667375194865046,0.06746091711302768,5,335.0
db9,1,periodization,4.47927938591339e-27,316.74307511841346,1344073.4205558742,0.6714285714285714,345.38687798891465,69,raw,5.389221094101586e-14,-6.862643786575998e-11,5.14498977082668,15111.808163265305,0.6084725185643641,1.3207638667392627e-05,1.0,323.0,,,,[],[],16,213.1875,24.999999999999943,450.0000000000001,"[3, 8, 15, 19, 22, 27, 30, 35, 38, 43, 46, 51, 55, 58, 61, 65]","[349.0, 268.0000000000001, 189.00000000000003, 24.999999999999943, 450.0000000000001, 203.99999999999991, 45.000000000000114, 51.99999999999994, 357.0, 48.99999999999994, 287.9999999999999, 41.999999999999886, 205.9999999999999, 407.9999999999999, 108.99999999999997, 370.00000000000006]","[0, 0, 0, 0, 0, 24, 29, 32, 32, 40, 40, 47, 54, 32, 60, 60]","[5, 9, 16, 20, 32, 32, 32, 36, 54, 45, 54, 54, 56, 67, 62, 67]",6764700.0,460.0000000000001,-460.0000000000001,0.0,,,,DWT,inu.32000013032828,0.0,,0.0,34,6.0,0.0,34,,1.1368683772161603e-13,79.3125,486.0,79.31250000000003,,0.0,79.3125,,,17.000000000000057,0.0,34,1.1368683772161603e-13,1.1368683772161603e-13,,0.0,0.9105885278274032,0.7922985253049275,0.0005694058493106685,0.7588235294117645,7.373526469097889e-05,,,,,,,0.0,0.0,0.0,602,1.2463459881441434,0.8505129751526209,132,0,0.0,0.0,406,0,0.49247074473161934,0.8381207522034393,117,233.33863089224351,0.6242534124118462,314.25,197.5606214313584,0.5591073825344255,446,db,361.0980392156863,403.0,158.96390539935234,153,0.9607397529157442,0.8667375194865046,0.06746091711302768,5,335.75
sym2,1,smooth,6.848254314132864e-21,254.89935783602084,1457178.9160079467,0.6388888888888888,304.38510043591805,69,raw,5.882191995967162e-11,,5.122925061169348,23919.401755808525,0.7429577010482519,1.3207638667403464e-05,0.9999999999999997,323.00000000001097,,,,[],[],16,213.18749999985147,24.999999999962938,449.9999999997601,"[3, 8, 15, 19, 22, 27, 30, 35, 38, 43, 46, 51, 55, 58, 61, 65]","[348.9999999996913, 267.99999999989046, 188.99999999989956, 24.999999999962938, 449.9999999997601, 203.99999999981867, 44.99999999990905, 51.999999999950944, 356.9999999998258, 48.9999999999348, 287.9999999998204, 41.99999999997107, 205.99999999993514, 407.99999999947966, 109.00000000003732, 369.99999999973625]","[0, 0, 0, 0, 0, 24, 29, 32, 32, 40, 40, 47, 54, 32, 60, 60]","[5, 9, 16, 20, 32, 32, 32, 36, 54, 45, 54, 54, 56, 67, 62, 67]",6764699.999999299,459.99999999992167,-459.99999999992167,0.0,,,,DWT,inu.32000013032828,7.012858986854553e-07,,0.0,34,6.0,0.0,34,,7.833023119019344e-11,79.31250000014853,485.9999999976235,79.31250000014853,,0.0,79.31250000014853,,,17.000000000037062,0.0,34,2.398792275926098e-10,7.833023119019344e-11,,1.0970779840135947e-11,0.2414818872023572,0.7846227178179433,0.0016089158768342537,0.5757080610021783,0.0030287457683980216,,,,,,,0.050506405526862974,0.025253202763431487,0.050506405526862974,92,0.7694996718770337,0.5251105724515802,522,0,0.050506405526862974,0.050506405526862974,92,0,0.3212900655335423,0.5467936405993286,508,244.28603453056147,0.6066247431069864,303.5,156.10765430834795,0.5589484424069554,447,sym,375.8541666666667,399.5,183.40489689834808,144,1.0,1.0,0.0,6,336.75
db7,1,symmetric,1.899668521906135e-27,320.46837836971474,1401872.6230590548,0.6585365853658537,295.8201763672976,69,raw,3.238633194152922e-14,-6.815414899108443e-11,5.344383769949269,16507.34674765097,0.6291867493672848,1.3207638667392624e-05,1.0,322.99999999999994,,,,[],[],16,213.18750000000006,24.999999999999886,449.99999999999994,"[3, 8, 15, 19, 22, 27, 30, 35, 38, 43, 46, 51, 55, 58, 61, 65]","[349.00000000000006, 268.0, 189.00000000000003, 24.999999999999886, 449.99999999999994, 204.00000000000003, 45.000000000000114, 52.0, 357.0000000000001, 49.000000000000114, 288.00000000000006, 42.0, 206.00000000000006, 408.0000000000001, 108.99999999999994, 370.0000000000001]","[0, 0, 0, 0, 0, 24, 29, 32, 32, 40, 40, 47, 54, 32, 60, 60]","[5, 9, 16, 20, 32, 32, 32, 36, 54, 45, 54, 54, 56, 67, 62, 67]",6764700.0,459.99999999999994,-459.99999999999994,0.0,,,,DWT,inu.32000013032828,0.0,,0.0,34,6.0,0.0,34,,5.684341886080802e-14,79.31249999999994,486.0000000000009,79.31249999999997,,0.0,79.31249999999994,,,17.000000000000114,0.0,34,5.684341886080802e-14,5.684341886080802e-14,,5.684341886080802e-14,0.9508937561241737,0.8616631339988082,0.001100616559672502,0.6862745098039217,0.0005419484186992942,,,,,,,0.0,0.0,0.0,566,1.2766447122427929,0.8711889818326299,74,0,0.0,0.0,456,0,0.5000947929810551,0.8510958844767983,83,253.73657599959844,0.5914064798718222,294.75,135.49459316765117,0.558384399356201,448,db,361.0980392156863,403.0,158.96390539935234,153,0.9607397529157442,0.8667375194865046,0.06746091711302768,5,337.25
bior2.8,1,smooth,3.5072069880121646e-27,317.8055426557438,19231356.440114114,0.5697674418604651,229.7209931104076,69,raw,4.2169166709240755e-14,-7.122613610022225e-11,3.0044353142067046,531461.6101777557,0.993445432468967,1.3207638667392627e-05,0.9999999999999999,323.0,,,,[],[],16,213.1875,25.000000000000057,450.00000000000006,"[3, 8, 15, 19, 22, 27, 30, 35, 38, 43, 46, 51, 55, 58, 61, 65]","[349.0, 268.0, 188.99999999999994, 25.000000000000057, 450.00000000000006, 203.9999999999999, 45.00000000000006, 52.0, 357.0000000000001, 49.00000000000006, 287.99999999999994, 41.99999999999994, 206.00000000000006, 408.00000000000006, 109.0, 370.0]","[0, 0, 0, 0, 0, 24, 29, 32, 32, 40, 40, 47, 54, 32, 60, 60]","[5, 9, 16, 20, 32, 32, 32, 36, 54, 45, 54, 54, 56, 67, 62, 67]",6764700.000000001,460.00000000000006,-460.00000000000006,0.0,,,,DWT,inu.32000013032828,9.313225746154785e-10,,0.0,34,6.0,0.0,34,,5.684341886080802e-14,79.3125,486.0,79.3125,,0.0,79.3125,,,16.999999999999943,0.0,34,5.684341886080802e-14,5.684341886080802e-14,,0.0,0.9220836984917106,0.04764862147256288,0.16496469000119526,0.18673050615595066,0.1733127786546672,,,,,,,6.70735797169495e-05,3.353678985847475e-05,6.70735797169495e-05,244,0.8035741887561526,0.5483631997343953,505,0,6.70735797169495e-05,6.70735797169495e-05,251,0,0.2989480589552173,0.5087704695592609,548,162.059659796426,0.739034364256963,387.0,336.48960756820185,0.5579229792299307,449,bior,292.162962962963,301.0,176.53037485058104,135,0.7773306480916924,0.9625172382852065,0.16711337485025335,4,337.75
db6,1,periodic,2.1863108496699206e-27,319.8580375337128,1427048.6804945136,0.6375,285.5522799215709,69,raw,3.1099116840514535e-14,-6.740630276169692e-11,5.3406479493774714,17732.14530497206,0.5927127592871317,1.3207638667392627e-05,1.0,323.0,,,,[],[],16,213.1875,24.999999999999943,450.0000000000001,"[3, 8, 15, 19, 22, 27, 30, 35, 38, 43, 46, 51, 55, 58, 61, 65]","[349.00000000000006, 268.0, 189.0000000000001, 24.999999999999943, 450.0000000000001, 203.99999999999994, 45.00000000000006, 51.99999999999994, 356.99999999999994, 49.0, 288.0, 42.0, 206.0, 408.0, 109.00000000000006, 369.99999999999994]","[0, 0, 0, 0, 0, 24, 29, 32, 32, 40, 40, 47, 54, 32, 60, 60]","[5, 9, 16, 20, 32, 32, 32, 36, 54, 45, 54, 54, 56, 67, 62, 67]",6764700.0,460.0000000000001,-460.0000000000001,0.0,,,,DWT,inu.32000013032828,0.0,,0.0,34,6.0,0.0,34,,1.1368683772161603e-13,79.3125,486.0,79.3125,,0.0,79.3125,,,17.000000000000057,0.0,34,1.1368683772161603e-13,1.1368683772161603e-13,,0.0,0.944290286534065,0.8603635275249244,0.0013320002254534342,0.5678921568627447,0.0009528770751796817,,,,,,,0.0,0.0,0.0,613,1.2249599493707979,0.8359190312262385,150,0,0.0,0.0,394,0,0.47496616964447347,0.8083302564308722,152,222.29016322515636,0.6420448257243858,327.25,229.68696604115047,0.557536100462837,450,db,361.0980392156863,403.0,158.96390539935234,153,0.9607397529157442,0.8667375194865046,0.06746091711302768,5,338.75
db8,1,constant,1.6716221605254746e-27,321.02377543455486,1379610.4620564305,0.5476190476190477,194.31710193647092,69,raw,2.617069202250461e-14,-6.827760579142276e-11,5.1496662488680895,23690.480940938072,0.8015235393163085,1.3207638667392627e-05,1.0,323.0,,,,[],[],16,213.1875,25.0,450.0,"[3, 8, 15, 19, 22, 27, 30, 35, 38, 43, 46, 51, 55, 58, 61, 65]","[349.0, 267.99999999999994, 189.0, 25.0, 450.0, 204.00000000000006, 45.000000000000114, 51.99999999999994, 356.9999999999999, 49.0, 288.0, 41.99999999999994, 205.99999999999994, 408.00000000000006, 109.0, 370.0000000000001]","[0, 0, 0, 0, 0, 24, 29, 32, 32, 40, 40, 47, 54, 32, 60, 60]","[5, 9, 16, 20, 32, 32, 32, 36, 54, 45, 54, 54, 56, 67, 62, 67]",6764700.0,460.0,-460.0,0.0,,,,DWT,inu.32000013032828,0.0,,0.0,34,6.0,0.0,34,,0.0,79.3125,486.0,79.3125,,0.0,79.3125,,,17.0,0.0,34,0.0,0.0,,0.0,0.9569027717622746,0.7939253649833298,0.0008960134190021302,0.062091503267974024,0.002951941201367127,,,,,,,0.0,0.0,0.0,588,0.997569730046267,0.6807467646180784,409,0,0.0,0.0,339,0,0.3633535189267895,0.6183801329450518,444,104.85227703774487,0.8311557535624077,445.0,427.90941571574814,0.5572848010968239,451,db,361.0980392156863,403.0,158.96390539935234,153,0.9607397529157442,0.8667375194865046,0.06746091711302768,5,339.5
coif2,1,periodic,3.5736084972516374e-27,317.7240869124179,1443587.1174187216,0.5875,275.9958550716937,69,raw,3.9337293487008437e-14,-7.062039841798677e-11,5.351531051691536,17120.62387494481,0.5908754335681687,1.3207638667392624e-05,1.0,323.0000000000001,,,,[],[],16,213.1875,24.99999999999983,450.0,"[3, 8, 15, 19, 22, 27, 30, 35, 38, 43, 46, 51, 55, 58, 61, 65]","[349.0, 268.00000000000006, 189.0000000000001, 24.99999999999983, 450.0, 204.0, 45.000000000000114, 52.00000000000017, 357.0000000000001, 48.99999999999994, 288.00000000000006, 42.00000000000006, 206.0, 407.99999999999994, 108.99999999999997, 370.0]","[0, 0, 0, 0, 0, 24, 29, 32, 32, 40, 40, 47, 54, 32, 60, 60]","[5, 9, 16, 20, 32, 32, 32, 36, 54, 45, 54, 54, 56, 67, 62, 67]",6764700.0,460.0,-460.0,0.0,,,,DWT,inu.32000013032828,0.0,,0.0,34,6.0,0.0,34,,0.0,79.3125,486.0,79.31249999999997,,0.0,79.3125,,,17.00000000000017,0.0,34,0.0,0.0,,1.1368683772161603e-13,0.9212024031690578,0.8641495097345817,0.0014839987729472243,0.28651960784313724,0.0007477072714205278,,,,,,,0.0,0.0,0.0,366,1.1004451222010223,0.7509494665033066,311,0,0.0,0.0,621,0,0.41482064535822893,0.7059704460345635,316,147.11106915071574,0.7631061688394272,403.5,373.04602777473474,0.5566738573665735,452,coif,212.88888888888889,210.0,126.92181240687695,45,0.566413539530329,0.6920306630483438,0.39590132341426654,2,339.5
db6,1,constant,1.876802988421468e-27,320.52096977066805,1371346.2742853751,0.575,210.09684332221588,69,raw,2.6671096893024062e-14,-6.778133609941532e-11,5.139510038586758,21911.21834419196,0.7793688267186286,1.3207638667392627e-05,1.0,323.0,,,,[],[],16,213.1875,24.999999999999943,450.0000000000001,"[3, 8, 15, 19, 22, 27, 30, 35, 38, 43, 46, 51, 55, 58, 61, 65]","[349.0, 268.0, 189.0000000000001, 24.999999999999943, 450.0000000000001, 203.99999999999994, 45.00000000000006, 51.99999999999994, 356.99999999999994, 49.0, 288.0, 42.0, 206.0, 407.9999999999999, 109.00000000000006, 370.0]","[0, 0, 0, 0, 0, 24, 29, 32, 32, 40, 40, 47, 54, 32, 60, 60]","[5, 9, 16, 20, 32, 32, 32, 36, 54, 45, 54, 54, 56, 67, 62, 67]",6764700.0,460.0000000000001,-460.0000000000001,0.0,,,,DWT,inu.32000013032828,0.0,,0.0,34,6.0,0.0,34,,1.1368683772161603e-13,79.3125,486.0,79.3125,,0.0,79.3125,,,17.000000000000057,0.0,34,1.1368683772161603e-13,1.1368683772161603e-13,,0.0,0.9514627590425615,0.7903922518752257,0.0008200603804427429,0.21617647058823491,0.0023549859028518553,,,,,,,0.0,0.0,0.0,615,1.0538963941498058,0.7191843727323852,358,0,0.0,0.0,291,0,0.3922413055578634,0.6675433649131205,376,141.4755573706403,0.772181067036006,410.0,380.39761868494264,0.5559778121009338,453,db,361.0980392156863,403.0,158.96390539935234,153,0.9607397529157442,0.8667375194865046,0.06746091711302768,5,341.0
sym5,1,constant,6.566174886623561e-22,265.0820321761008,1456093.2123709659,0.6025641025641025,276.16031074044827,69,raw,1.9827643552781552e-11,,5.226455745164342,17800.007490154334,0.7082708340900299,1.320763866739515e-05,1.0,323.00000000000904,,,,[],[],16,213.18749999995256,24.999999999969077,449.9999999999278,"[3, 8, 15, 19, 22, 27, 30, 35, 38, 43, 46, 51, 55, 58, 61, 65]","[348.9999999998963, 267.99999999996305, 188.99999999997618, 24.999999999969077, 449.9999999999278, 203.9999999999425, 44.99999999996038, 51.999999999964984, 356.9999999999572, 48.99999999997243, 287.99999999994156, 41.99999999999369, 205.99999999996822, 407.9999999998735, 109.00000000002944, 369.99999999990473]","[0, 0, 0, 0, 0, 24, 29, 32, 32, 40, 40, 47, 54, 32, 60, 60]","[5, 9, 16, 20, 32, 32, 32, 36, 54, 45, 54, 54, 56, 67, 62, 67]",6764699.999999778,459.9999999999711,-459.9999999999711,0.0,,,,DWT,inu.32000013032828,2.2165477275848389e-07,,0.0,34,6.0,0.0,34,,2.887645678129047e-11,79.31250000004744,485.999999999241,79.31250000004744,,0.0,79.31250000004744,,,17.000000000030923,0.0,34,7.219114195322618e-11,2.887645678129047e-11,,9.038103598868474e-12,0.351651445561191,0.8206386732364783,0.0015989375834449759,0.3712921065862239,0.0009756453225915416,,,,,,,0.01596351197263398,0.00798175598631699,0.01596351197263398,144,0.7710167735102024,0.526145850485055,521,0,0.01596351197263398,0.01596351197263398,144,0,0.3092313616579859,0.5262713048648727,524,218.53050893029408,0.6480990194359193,333.25,225.77604208543434,0.5557322794442077,454,sym,375.8541666666667,399.5,183.40489689834808,144,1.0,1.0,0.0,6,342.0
db9,1,constant,3.342392222654685e-27,318.01458251276847,1376661.065198985,0.5697674418604651,204.32687613449946,69,raw,4.407424505874246e-14,-6.83788581312686e-11,5.181146205797424,24442.90115043647,0.806566691217088,1.3207638667392632e-05,1.0,323.0,,,,[],[],16,213.1875,25.000000000000114,450.0,"[3, 8, 15, 19, 22, 27, 30, 35, 38, 43, 46, 51, 55, 58, 61, 65]","[349.0, 268.0, 188.99999999999997, 25.000000000000114, 450.0, 203.99999999999994, 45.00000000000006, 52.0, 357.0, 49.0, 287.99999999999994, 41.999999999999886, 205.99999999999994, 407.9999999999999, 109.0, 369.9999999999999]","[0, 0, 0, 0, 0, 24, 29, 32, 32, 40, 40, 47, 54, 32, 60, 60]","[5, 9, 16, 20, 32, 32, 32, 36, 54, 45, 54, 54, 56, 67, 62, 67]",6764700.0,460.00000000000006,-460.00000000000006,0.0,,,,DWT,inu.32000013032828,0.0,,0.0,34,6.0,0.0,34,,5.684341886080802e-14,79.3125,486.0,79.31250000000001,,0.0,79.3125,,,16.999999999999886,0.0,34,0.0,5.684341886080802e-14,,0.0,0.9243453664935196,0.8048765215061546,0.0008689066228539234,0.18673050615595066,0.0032043835511312707,,,,,,,0.0,0.0,0.0,606,1.0334538898434489,0.7052343016264805,378,0,0.0,0.0,299,0,0.3840051368659221,0.6535264837618835,403,130.74274995833102,0.7894641707595313,421.5,395.1968234327118,0.5553601047034371,455,db,361.0980392156863,403.0,158.96390539935234,153,0.9607397529157442,0.8667375194865046,0.06746091711302768,5,342.5
bior6.8,1,antireflect,5.820694606166935e-22,265.60540849568014,1861861.0615923938,0.5930232558139535,293.58206948911544,69,raw,1.7261722666076835e-11,-8.461775724620317e-11,5.322831001372258,46291.800049409176,0.8494109664093906,1.3207638667396769e-05,0.9999999999999999,322.9999999999996,,,,[],[],16,213.18749999995595,25.000000000003013,449.9999999999214,"[3, 8, 15, 19, 22, 27, 30, 35, 38, 43, 46, 51, 55, 58, 61, 65]","[348.9999999999021, 267.9999999999704, 188.99999999996362, 25.000000000003013, 449.9999999999214, 203.99999999993943, 44.99999999997772, 51.99999999999807, 356.99999999993713, 48.99999999998391, 287.99999999994486, 41.99999999998852, 205.9999999999892, 407.9999999998427, 108.99999999999636, 369.9999999999368]","[0, 0, 0, 0, 0, 24, 29, 32, 32, 40, 40, 47, 54, 32, 60, 60]","[5, 9, 16, 20, 32, 32, 32, 36, 54, 45, 54, 54, 56, 67, 62, 67]",6764699.999999708,459.9999999999788,-459.9999999999788,0.0,,,,DWT,inu.32000013032828,2.9243528842926025e-07,,0.0,34,6.0,0.0,34,,2.120259523508139e-11,79.31250000004405,485.99999999929514,79.31250000004404,,0.0,79.31250000004405,,,16.999999999996987,0.0,34,7.861444828449748e-11,2.120259523508139e-11,,3.979039320256561e-13,0.3573140186788021,0.8541654190966911,0.005328197124959355,0.31760145918832666,0.010534845051484696,,,,,,,0.021061104031122144,0.010530552015561072,0.021061104031122144,129,0.775389741014031,0.5291299862204821,519,0,0.021061104031122144,0.021061104031122144,130,0,0.30898878782805284,0.5258584759547632,525,226.62358659239334,0.6350666882570155,325.75,207.5141942330005,0.555254761197751,456,bior,292.162962962963,301.0,176.53037485058104,135,0.7773306480916924,0.9625172382852065,0.16711337485025335,4,343.0
db13,1,symmetric,3.260442150645638e-27,318.1223916434896,1654089.9786569064,0.5851063829787234,278.0557758302095,69,raw,4.2014700897118965e-14,-7.007994184959924e-11,5.575817780532223,17636.204320800334,0.5956077074101965,1.3207638667392629e-05,1.0,323.00000000000006,,,,[],[],16,213.1875,25.0,450.00000000000006,"[3, 8, 15, 19, 22, 27, 30, 35, 38, 43, 46, 51, 55, 58, 61, 65]","[349.0000000000001, 268.0, 188.9999999999999, 25.0, 450.00000000000006, 204.0000000000001, 45.000000000000114, 52.00000000000006, 357.0, 49.00000000000006, 288.0, 42.0, 205.99999999999994, 407.99999999999994, 108.99999999999994, 370.00000000000006]","[0, 0, 0, 0, 0, 24, 29, 32, 32, 40, 40, 47, 54, 32, 60, 60]","[5, 9, 16, 20, 32, 32, 32, 36, 54, 45, 54, 54, 56, 67, 62, 67]",6764700.0,460.0000000000001,-460.0000000000001,0.0,,,,DWT,inu.32000013032828,0.0,,0.0,34,6.0,0.0,34,,1.1368683772161603e-13,79.3125,486.0,79.31249999999999,,0.0,79.3125,,,17.0,0.0,34,5.684341886080802e-14,1.1368683772161603e-13,,5.684341886080802e-14,0.9255117874082931,0.9421737293686931,0.003418651321922814,0.2730496453900708,0.0009206881903288341,,,,,,,0.0,0.0,0.0,510,1.1376913962224438,0.7763665173324101,258,0,0.0,0.0,552,0,0.42901490033586176,0.7301272102405353,269,155.45497740503518,0.7496699236633895,397.25,351.93238419913826,0.5549879408977173,457,db,361.0980392156863,403.0,158.96390539935234,153,0.9607397529157442,0.8667375194865046,0.06746091711302768,5,344.0
rbio5.5,1,symmetric,1.8848229377016642e-20,250.50245104996887,1462844.0345386981,0.6375,282.425501895633,69,raw,1.0558309782027204e-10,,5.293271811451059,17731.691302930587,0.6760259230580812,1.320763866736581e-05,1.0,323.00000000003405,,,,[],[],16,213.1875000002016,24.999999999872045,450.00000000042326,"[3, 8, 15, 19, 22, 27, 30, 35, 38, 43, 46, 51, 55, 58, 61, 65]","[349.0000000004028, 268.0000000001857, 189.00000000023695, 24.999999999872045, 450.00000000042326, 204.00000000028467, 45.00000000005349, 51.9999999999111, 357.0000000003921, 49.00000000003155, 288.000000000294, 42.00000000006156, 206.0000000000008, 408.00000000065893, 109.00000000014711, 370.00000000026955]","[0, 0, 0, 0, 0, 24, 29, 32, 32, 40, 40, 47, 54, 32, 60, 60]","[5, 9, 16, 20, 32, 32, 32, 36, 54, 45, 54, 54, 56, 67, 62, 67]",6764700.000001909,460.00000000008157,-460.00000000008157,0.0,,,,DWT,inu.32000013032828,1.909211277961731e-06,,0.0,34,6.0,0.0,34,,8.15703060652595e-11,79.3124999997984,486.0000000032255,79.31249999988887,,0.0,79.3124999997984,,,17.000000000127955,0.0,34,4.232560968375765e-10,8.15703060652595e-11,,3.4049207897624e-11,0.1939103688972258,0.8438824534547238,0.0016609818484856595,0.5678921568627447,0.0009527247542548847,,,,,,,0.13750083841974647,0.06875041920987324,0.13750083841974647,29,0.7666558916367401,0.5231699620465562,524,0,0.13750083841974647,0.13750083841974647,31,0,0.321659737163487,0.5474227733303021,507,280.39065010564576,0.5484852655303611,272.75,56.639889525959916,0.554637157724923,458,rbio,249.7925925925926,196.0,174.24048813612427,135,0.6645997696604647,0.9500318207572005,0.24977061501051454,3,344.25
db5,1,reflect,2.0055816730071128e-27,320.23275310975134,1358141.324228306,0.5897435897435898,267.8240444139581,69,raw,3.099613963243336e-14,-6.999589796663512e-11,5.299648892970789,15912.412509389746,0.6043165652810178,1.3207638667392627e-05,1.0,323.00000000000006,,,,[],[],16,213.18750000000003,25.000000000000057,450.0000000000001,"[3, 8, 15, 19, 22, 27, 30, 35, 38, 43, 46, 51, 55, 58, 61, 65]","[349.00000000000006, 268.0, 189.00000000000006, 25.000000000000057, 450.0000000000001, 204.00000000000017, 45.0, 51.99999999999983, 357.0000000000001, 48.99999999999994, 288.00000000000006, 42.0, 205.99999999999994, 408.0, 108.99999999999997, 370.00000000000006]","[0, 0, 0, 0, 0, 24, 29, 32, 32, 40, 40, 47, 54, 32, 60, 60]","[5, 9, 16, 20, 32, 32, 32, 36, 54, 45, 54, 54, 56, 67, 62, 67]",6764700.0,460.0000000000001,-460.0000000000001,0.0,,,,DWT,inu.32000013032828,0.0,,0.0,34,6.0,0.0,34,,1.1368683772161603e-13,79.31249999999997,486.00000000000045,79.3125,,0.0,79.31249999999997,,,16.999999999999943,0.0,34,1.1368683772161603e-13,1.1368683772161603e-13,,5.684341886080802e-14,0.9483444522810588,0.8461008941609213,0.0006986986557766943,0.2991452991452991,0.00034234373614840216,,,,,,,0.0,0.0,0.0,571,1.1122015249295631,0.7589720967816233,291,0,0.0,0.0,493,0,0.4189263375958408,0.7129577968636536,302,139.7172740453616,0.7750124411507865,414.25,379.9610283958591,0.5539715989972934,459,db,361.0980392156863,403.0,158.96390539935234,153,0.9607397529157442,0.8667375194865046,0.06746091711302768,5,345.5
db7,1,zero,2.2084446860830784e-27,319.8142913721032,1323970.027413596,0.5365853658536586,176.02213819307778,69,raw,3.4239921686990345e-14,-6.789813156160587e-11,5.109405696452954,23927.350981558593,0.7868865375858898,1.3207638667392624e-05,1.0,322.99999999999994,,,,[],[],16,213.18750000000006,24.999999999999886,449.99999999999994,"[3, 8, 15, 19, 22, 27, 30, 35, 38, 43, 46, 51, 55, 58, 61, 65]","[349.0000000000001, 268.0000000000001, 189.00000000000003, 24.999999999999886, 449.99999999999994, 204.00000000000003, 45.000000000000114, 52.0, 357.0000000000001, 49.000000000000114, 288.00000000000006, 42.0, 206.00000000000006, 408.00000000000017, 108.99999999999991, 370.0000000000001]","[0, 0, 0, 0, 0, 24, 29, 32, 32, 40, 40, 47, 54, 32, 60, 60]","[5, 9, 16, 20, 32, 32, 32, 36, 54, 45, 54, 54, 56, 67, 62, 67]",6764700.0,459.99999999999994,-459.99999999999994,0.0,,,,DWT,inu.32000013032828,0.0,,0.0,34,6.0,0.0,34,,5.684341886080802e-14,79.31249999999994,486.0000000000009,79.31249999999996,,0.0,79.31249999999994,,,17.000000000000114,0.0,34,5.684341886080802e-14,5.684341886080802e-14,,5.684341886080802e-14,0.9438169830438952,0.779919640255584,0.00038464313132671,0.0,0.0030314127903650293,,,,,,,0.0,0.0,0.0,568,0.9576548966359385,0.6535086750029389,431,0,0.0,0.0,303,0,0.3454305358442342,0.5878775615261809,474,110.03938688790785,0.8228029196652047,444.0,421.46150826945467,0.5539135371272883,460,db,361.0980392156863,403.0,158.96390539935234,153,0.9607397529157442,0.8667375194865046,0.06746091711302768,5,346.25
sym8,1,periodic,1.2761862102451784e-21,262.1960161579483,1467967.167374595,0.5952380952380952,272.2494407321329,69,raw,2.7266717064565555e-11,2.826072709143288e-11,5.4129058519464985,17160.367682675802,0.5853974960142753,1.3207638667394992e-05,1.0,322.9999999999794,,,,[],[],16,213.1875000000049,25.00000000007509,449.9999999999747,"[3, 8, 15, 19, 22, 27, 30, 35, 38, 43, 46, 51, 55, 58, 61, 65]","[349.0000000000623, 268.00000000002825, 188.99999999996686, 25.00000000007509, 449.9999999999747, 203.9999999999784, 45.00000000003922, 52.00000000008225, 356.99999999994327, 49.000000000018986, 288.0000000000086, 41.99999999998107, 206.0000000000486, 407.9999999999617, 108.99999999994668, 369.9999999999623]","[0, 0, 0, 0, 0, 24, 29, 32, 32, 40, 40, 47, 54, 32, 60, 60]","[5, 9, 16, 20, 32, 32, 32, 36, 54, 45, 54, 54, 56, 67, 62, 67]",6764699.999999809,460.000000000013,-460.000000000013,0.0,,,,DWT,inu.32000013032828,1.909211277961731e-07,,0.0,34,6.0,0.0,34,,1.3017142919125035e-11,79.31249999999511,486.0000000000782,79.31249999999511,,0.0,79.31249999999511,,,16.99999999992491,0.0,34,2.5295321393059567e-11,1.3017142919125035e-11,,2.05773176276125e-11,0.3204267299788711,0.885500398036557,0.0017080666336586915,0.330065359477124,0.0007610416025370123,,,,,,,0.013750083841974646,0.006875041920987323,0.013750083841974646,152,0.7681908307542948,0.5242174124720144,523,0,0.013750083841974646,0.013750083841974646,152,0,0.30769231914574957,0.5236520559413015,529,215.94289368565325,0.6522658716817178,339.0,235.84488768125087,0.5531860759374773,461,sym,375.8541666666667,399.5,183.40489689834808,144,1.0,1.0,0.0,6,347.25
db4,1,reflect,1.4319311689437868e-27,321.69593520856637,1338292.3251266673,0.5921052631578947,289.1341766919634,69,raw,2.337582623442649e-14,-7.014278047279302e-11,5.281355094375116,16062.251240828475,0.5965548373558653,1.3207638667392627e-05,1.0,323.0,,,,[],[],16,213.1875,25.0,450.0000000000001,"[3, 8, 15, 19, 22, 27, 30, 35, 38, 43, 46, 51, 55, 58, 61, 65]","[349.0, 268.0, 189.0, 25.0, 450.0000000000001, 203.9999999999999, 45.000000000000114, 52.00000000000006, 357.00000000000006, 49.0, 288.0, 42.0, 206.00000000000003, 407.99999999999994, 109.00000000000006, 370.0]","[0, 0, 0, 0, 0, 24, 29, 32, 32, 40, 40, 47, 54, 32, 60, 60]","[5, 9, 16, 20, 32, 32, 32, 36, 54, 45, 54, 54, 56, 67, 62, 67]",6764700.0,460.00000000000006,-460.00000000000006,0.0,,,,DWT,inu.32000013032828,0.0,,0.0,34,6.0,0.0,34,,5.684341886080802e-14,79.3125,486.0,79.3125,,0.0,79.3125,,,17.0,0.0,34,1.1368683772161603e-13,5.684341886080802e-14,,0.0,0.9641750798982567,0.839736900326115,0.0005162739776477406,0.31243550051599545,0.0003926156998364692,,,,,,,0.0,0.0,0.0,580,1.123762881577168,0.7668616266013459,281,0,0.0,0.0,486,0,0.4234512740835703,0.7206586465351105,290,148.00309681444733,0.7616697313777016,409.25,370.75671867795984,0.551326009006081,462,db,361.0980392156863,403.0,158.96390539935234,153,0.9607397529157442,0.8667375194865046,0.06746091711302768,5,347.75
rbio4.4,1,reflect,1.060730167844149e-20,252.99910742723097,1416642.863197772,0.6282051282051282,293.3333708307772,69,raw,7.894974207400975e-11,1.109590196554962e-11,5.292564864802138,16081.389067991917,0.6153476489786508,1.3207638667409947e-05,1.0,322.99999999999096,,,,[],[],16,213.18749999981372,25.000000000035698,449.9999999996433,"[3, 8, 15, 19, 22, 27, 30, 35, 38, 43, 46, 51, 55, 58, 61, 65]","[348.9999999996238, 267.9999999998525, 188.99999999982222, 25.000000000035698, 449.9999999996433, 203.99999999974344, 44.99999999991854, 52.00000000001671, 356.9999999996985, 48.99999999993986, 287.99999999975057, 41.99999999994748, 205.9999999999594, 407.99999999948216, 108.99999999996908, 369.99999999961636]","[0, 0, 0, 0, 0, 24, 29, 32, 32, 40, 40, 47, 54, 32, 60, 60]","[5, 9, 16, 20, 32, 32, 32, 36, 54, 45, 54, 54, 56, 67, 62, 67]",6764699.999998569,459.999999999909,-459.999999999909,0.0,,,,DWT,inu.32000013032828,1.4314427971839905e-06,,0.0,34,6.0,0.0,34,,9.100631359615363e-11,79.31250000018628,485.9999999970196,79.31250000018626,,0.0,79.31250000018628,,,16.999999999964302,0.0,34,3.566924533515703e-10,9.100631359615363e-11,,9.038103598868474e-12,0.220922479986165,0.8436365228957017,0.0012363642761893706,0.5155857214680742,0.00039903657742259885,,,,,,,0.10309209202495137,0.051546046012475685,0.10309209202495137,54,0.7613838347958433,0.519572283078133,528,0,0.10309209202495137,0.10309209202495137,55,0,0.3163560250407106,0.5383965494553502,515,269.6751131763305,0.5657405584922214,288.0,98.67766095783395,0.5509862212750962,463,rbio,249.7925925925926,196.0,174.24048813612427,135,0.6645997696604647,0.9500318207572005,0.24977061501051454,3,348.0
sym6,1,reflect,1.117600724784366e-20,252.77228988609073,1433343.5567792356,0.625,306.1048387261891,69,raw,8.358927720689897e-11,-1.8441581602713707e-11,5.340787072217149,16439.38142866274,0.5917019165011158,1.3207638667381998e-05,0.9999999999999999,322.9999999999621,,,,[],[],16,213.18750000019693,25.00000000013273,450.0000000003295,"[3, 8, 15, 19, 22, 27, 30, 35, 38, 43, 46, 51, 55, 58, 61, 65]","[349.00000000046464, 268.0000000001923, 189.00000000011383, 25.00000000013273, 450.0000000003295, 204.00000000024767, 45.00000000017735, 52.000000000160014, 357.0000000001977, 49.00000000011653, 288.000000000276, 42.00000000002285, 206.0000000001463, 408.0000000003464, 108.99999999989018, 370.0000000003368]","[0, 0, 0, 0, 0, 24, 29, 32, 32, 40, 40, 47, 54, 32, 60, 60]","[5, 9, 16, 20, 32, 32, 32, 36, 54, 45, 54, 54, 56, 67, 62, 67]",6764700.000001024,460.0000000001292,-460.0000000001292,0.0,,,,DWT,inu.32000013032828,1.0244548320770264e-06,,0.0,34,6.0,0.0,34,,1.2920509107061662e-10,79.31249999980307,486.00000000315094,79.3124999998633,,0.0,79.31249999980307,,,16.99999999986727,0.0,34,3.2952129913610406e-10,1.2920509107061662e-10,,3.7914560380158946e-11,0.21846846962494793,0.8604119251766947,0.00138985406353473,0.49754901960784303,0.0005191455691595454,,,,,,,0.07378093768864445,0.036890468844322226,0.07378093768864445,67,0.7612092374658844,0.5194531369534056,529,0,0.07378093768864445,0.07378093768864445,67,0,0.315667682808436,0.5372250810673107,516,263.03659441226046,0.5764306048111748,294.75,118.76805483624298,0.5508964618258773,464,sym,375.8541666666667,399.5,183.40489689834808,144,1.0,1.0,0.0,6,349.5
db3,1,antisymmetric,1.1250299785125863e-27,322.74351568178764,1329709.6470132794,0.6216216216216216,280.42876662067266,69,raw,2.2371798455635035e-14,-6.778366756776702e-11,5.246391325207406,27096.94257633435,0.6771683333239955,1.3207638667392627e-05,1.0,323.0,,,,[],[],16,213.1875,25.0,450.0,"[3, 8, 15, 19, 22, 27, 30, 35, 38, 43, 46, 51, 55, 58, 61, 65]","[348.99999999999994, 268.00000000000006, 189.0, 25.0, 450.0, 203.99999999999994, 45.0, 51.99999999999994, 357.0, 49.0, 288.0, 42.0, 206.00000000000003, 408.0, 109.00000000000003, 370.0]","[0, 0, 0, 0, 0, 24, 29, 32, 32, 40, 40, 47, 54, 32, 60, 60]","[5, 9, 16, 20, 32, 32, 32, 36, 54, 45, 54, 54, 56, 67, 62, 67]",6764700.0,460.0,-460.0,0.0,,,,DWT,inu.32000013032828,0.0,,0.0,34,6.0,0.0,34,,0.0,79.3125,486.0,79.3125,,0.0,79.3125,,,17.0,0.0,34,0.0,0.0,,0.0,0.9755091827307372,0.8275738052608,0.0004373938142550214,0.47853736089030185,0.004094833389489132,,,,,,,0.0,0.0,0.0,507,1.1923639868878861,0.8136753771422023,194,0,0.0,0.0,555,0,0.45723051521711666,0.7781464938652861,201,193.56200556927487,0.6883059491638086,364.25,287.6879908975104,0.5508760019571055,465,db,361.0980392156863,403.0,158.96390539935234,153,0.9607397529157442,0.8667375194865046,0.06746091711302768,5,350.0
db9,1,periodic,3.064347335481134e-27,318.3917767350783,1479208.1873207947,0.686046511627907,338.5401340093844,69,raw,4.2632564145606024e-14,-6.834732779736923e-11,5.472864957508147,17372.97106567462,0.5572449932501115,1.3207638667392632e-05,1.0,323.0,,,,[],[],16,213.18749999999994,25.000000000000114,450.0,"[3, 8, 15, 19, 22, 27, 30, 35, 38, 43, 46, 51, 55, 58, 61, 65]","[348.99999999999983, 268.0, 188.99999999999997, 25.000000000000114, 450.0, 203.99999999999994, 45.00000000000006, 52.0, 357.0, 49.0, 287.99999999999994, 41.999999999999886, 205.99999999999994, 407.9999999999999, 108.99999999999997, 370.0]","[0, 0, 0, 0, 0, 24, 29, 32, 32, 40, 40, 47, 54, 32, 60, 60]","[5, 9, 16, 20, 32, 32, 32, 36, 54, 45, 54, 54, 56, 67, 62, 67]",6764700.0,460.00000000000006,-460.00000000000006,0.0,,,,DWT,inu.32000013032828,0.0,,0.0,34,6.0,0.0,34,,5.684341886080802e-14,79.31250000000006,485.9999999999991,79.31250000000003,,0.0,79.31250000000006,,,16.999999999999886,0.0,34,0.0,5.684341886080802e-14,,0.0,0.9284263494945972,0.9063587985562327,0.0018113786160425943,0.8410852713178294,0.0008323715547292948,,,,,,,0.0,0.0,0.0,604,1.3479079554319193,0.9198193890874081,23,0,0.0,0.0,416,0,0.5357028339078863,0.9116961096990104,21,292.0148398055597,0.5297667635981326,266.0,42.03588899330082,0.5507126893675043,466,db,361.0980392156863,403.0,158.96390539935234,153,0.9607397529157442,0.8667375194865046,0.06746091711302768,5,350.75
bior2.2,1,periodic,7.265751920087789e-28,324.64235098019253,1394628.3920102825,0.6081081081081081,259.86137085499615,69,raw,1.4107877507120828e-14,-6.92267354551748e-11,5.112709577941411,19986.554122534697,0.7049023837945616,1.3207638667392627e-05,1.0,323.0,,,,[],[],16,213.1875,25.000000000000057,450.00000000000006,"[3, 8, 15, 19, 22, 27, 30, 35, 38, 43, 46, 51, 55, 58, 61, 65]","[348.99999999999994, 268.0, 189.0, 25.000000000000057, 450.00000000000006, 204.0, 45.00000000000006, 52.0, 356.9999999999999, 49.0, 288.0, 42.00000000000006, 205.99999999999997, 408.00000000000006, 109.00000000000003, 370.0]","[0, 0, 0, 0, 0, 24, 29, 32, 32, 40, 40, 47, 54, 32, 60, 60]","[5, 9, 16, 20, 32, 32, 32, 36, 54, 45, 54, 54, 56, 67, 62, 67]",6764700.0,460.00000000000006,-460.00000000000006,0.0,,,,DWT,inu.32000013032828,0.0,,0.0,34,6.0,0.0,34,,5.684341886080802e-14,79.3125,486.0,79.3125,,0.0,79.3125,,,16.999999999999943,0.0,34,5.684341886080802e-14,5.684341886080802e-14,,0.0,0.9960532794223129,0.781068985008316,0.0010340375593613498,0.4024907260201377,0.0017092473215529315,,,,,,,0.0,0.0,0.0,444,1.1503634682739028,0.7850140051121745,240,0,0.0,0.0,604,0,0.4364712550663362,0.7428169500926083,251,173.61139555532253,0.7204325353376448,384.75,331.7131412258403,0.5504336589731702,467,bior,292.162962962963,301.0,176.53037485058104,135,0.7773306480916924,0.9625172382852065,0.16711337485025335,4,351.25
sym4,1,antisymmetric,4.410335339975359e-21,256.8104405104633,1408503.2481773929,0.618421052631579,289.5826199412735,69,raw,5.192692652678447e-11,-6.532951957483507e-11,5.223461697693279,38668.1755925577,0.7868528340488957,1.3207638667386813e-05,1.0,322.99999999997715,,,,[],[],16,213.1875000001168,25.000000000080036,450.0000000002065,"[3, 8, 15, 19, 22, 27, 30, 35, 38, 43, 46, 51, 55, 58, 61, 65]","[349.00000000029115, 268.00000000010664, 189.00000000007165, 25.000000000080036, 450.0000000002065, 204.0000000001611, 45.00000000010738, 52.00000000009152, 357.000000000127, 49.00000000007458, 288.0000000001659, 42.00000000001876, 206.0000000000864, 408.0000000001677, 108.9999999999248, 370.0000000001876]","[0, 0, 0, 0, 0, 24, 29, 32, 32, 40, 40, 47, 54, 32, 60, 60]","[5, 9, 16, 20, 32, 32, 32, 36, 54, 45, 54, 54, 56, 67, 62, 67]",6764700.000000629,460.00000000008066,-460.00000000008066,0.0,,,,DWT,inu.32000013032828,6.28642737865448e-07,,0.0,34,6.0,0.0,34,,8.066081136348657e-11,79.31249999988319,486.000000001869,79.31249999991881,,0.0,79.31249999988319,,,16.999999999919964,0.0,34,2.0651214072131552e-10,8.066081136348657e-11,,2.2851054382044822e-11,0.2621584921097564,0.819597112647117,0.0011615561388831587,0.4605263157894738,0.00797706464193142,,,,,,,0.04527466630894091,0.022637333154470456,0.04527466630894091,107,0.7550757818314159,0.5152676349746121,531,0,0.04527466630894091,0.04527466630894091,107,0,0.31028410826543235,0.5280629418056486,521,241.9442084448396,0.6103957996057333,316.5,177.82350803314782,0.5503669819284704,468,sym,375.8541666666667,399.5,183.40489689834808,144,1.0,1.0,0.0,6,352.5
db5,1,periodic,1.7648533364805385e-27,320.78807043046527,1418596.1567786417,0.6282051282051282,308.9290848062637,69,raw,2.6568119684942887e-14,-6.974909538826094e-11,5.3220196359280365,17218.977068357828,0.5839309518168683,1.3207638667392627e-05,1.0,323.00000000000006,,,,[],[],16,213.1875,25.000000000000057,450.0000000000001,"[3, 8, 15, 19, 22, 27, 30, 35, 38, 43, 46, 51, 55, 58, 61, 65]","[349.0, 268.0, 189.00000000000006, 25.000000000000057, 450.0000000000001, 204.00000000000017, 45.0, 51.99999999999983, 357.0000000000001, 48.99999999999994, 288.00000000000006, 42.0, 205.99999999999994, 408.0, 108.99999999999997, 370.0]","[0, 0, 0, 0, 0, 24, 29, 32, 32, 40, 40, 47, 54, 32, 60, 60]","[5, 9, 16, 20, 32, 32, 32, 36, 54, 45, 54, 54, 56, 67, 62, 67]",6764700.0,460.0000000000001,-460.0000000000001,0.0,,,,DWT,inu.32000013032828,0.0,,0.0,34,6.0,0.0,34,,1.1368683772161603e-13,79.3125,486.0,79.3125,,0.0,79.3125,,,16.999999999999943,0.0,34,1.1368683772161603e-13,1.1368683772161603e-13,,5.684341886080802e-14,0.9543526051423614,0.853883163628654,0.0012543162621286557,0.5155857214680742,0.000780705469686018,,,,,,,0.0,0.0,0.0,574,1.2067268738059125,0.8234766857680849,172,0,0.0,0.0,482,0,0.4651713023941809,0.7916606743381901,179,206.97242167335565,0.6667110762103774,351.75,262.8570834671449,0.5501429777187152,469,db,361.0980392156863,403.0,158.96390539935234,153,0.9607397529157442,0.8667375194865046,0.06746091711302768,5,353.0
db10,1,smooth,2.877215809442619e-27,318.66543225409214,11568132.581121972,0.6022727272727273,310.76851710896767,69,raw,3.815305559407495e-14,-6.943423613847725e-11,3.7045215568289844,486290.9065194344,0.9906542469476725,1.3207638667392627e-05,1.0,323.00000000000006,,,,[],[],16,213.18749999999994,25.0,450.0,"[3, 8, 15, 19, 22, 27, 30, 35, 38, 43, 46, 51, 55, 58, 61, 65]","[349.0, 267.99999999999994, 189.0, 25.0, 450.0, 204.00000000000014, 45.0, 51.99999999999983, 357.0, 48.99999999999994, 288.0, 41.99999999999983, 205.99999999999994, 408.0, 108.99999999999994, 369.9999999999999]","[0, 0, 0, 0, 0, 24, 29, 32, 32, 40, 40, 47, 54, 32, 60, 60]","[5, 9, 16, 20, 32, 32, 32, 36, 54, 45, 54, 54, 56, 67, 62, 67]",6764700.0,460.0,-460.0,0.0,,,,DWT,inu.32000013032828,0.0,,0.0,34,6.0,0.0,34,,0.0,79.31250000000006,485.9999999999991,79.31250000000003,,0.0,79.31250000000006,,,17.0,0.0,34,0.0,0.0,,5.684341886080802e-14,0.9313871146791958,0.2911926021598036,0.09453488451083476,0.3696524064171123,0.15815768522674317,,,,,,,0.0,0.0,0.0,594,0.9628200488003789,0.6570334016649435,429,0,0.0,0.0,302,0,0.3689849385987379,0.6279640721778255,433,119.62301896652946,0.807370339828455,439.5,415.1431296595808,0.5498204356147105,470,db,361.0980392156863,403.0,158.96390539935234,153,0.9607397529157442,0.8667375194865046,0.06746091711302768,5,353.75
sym4,1,reflect,4.550390694525663e-21,256.67466976773676,1396229.9455520466,0.618421052631579,289.5826199412735,69,raw,5.2764079739880374e-11,-2.49418263850454e-11,5.24236224969026,16412.66240277135,0.6183871994647026,1.3207638667386357e-05,1.0,322.99999999997715,,,,[],[],16,213.18750000012398,25.000000000080036,450.0000000002065,"[3, 8, 15, 19, 22, 27, 30, 35, 38, 43, 46, 51, 55, 58, 61, 65]","[349.00000000030536, 268.00000000010664, 189.00000000007165, 25.000000000080036, 450.0000000002065, 204.0000000001611, 45.00000000010738, 52.00000000009152, 357.000000000127, 49.00000000007458, 288.0000000001659, 42.00000000001876, 206.0000000000864, 408.00000000022936, 108.9999999999248, 370.00000000022686]","[0, 0, 0, 0, 0, 24, 29, 32, 32, 40, 40, 47, 54, 32, 60, 60]","[5, 9, 16, 20, 32, 32, 32, 36, 54, 45, 54, 54, 56, 67, 62, 67]",6764700.00000064,460.00000000008066,-460.00000000008066,0.0,,,,DWT,inu.32000013032828,6.398186087608337e-07,,0.0,34,6.0,0.0,34,,8.066081136348657e-11,79.31249999987602,486.0000000019836,79.31249999991469,,0.0,79.31249999987602,,,16.999999999919964,0.0,34,2.0651214072131552e-10,8.066081136348657e-11,,2.2851054382044822e-11,0.2606895457146665,0.8261721821032593,0.0010487568350218785,0.4605263157894738,0.0005101811452986724,,,,,,,0.0460795492655443,0.02303977463277215,0.0460795492655443,104,0.7544387956718495,0.5148329523111644,532,0,0.0460795492655443,0.0460795492655443,104,0,0.3097893963175441,0.5272210068190047,522,244.25328384008813,0.6066774817389885,315.5,173.71533057453567,0.5493129759741642,471,sym,375.8541666666667,399.5,183.40489689834808,144,1.0,1.0,0.0,6,354.75
sym5,1,zero,6.062804998458257e-22,265.42842063370875,1310971.8689834257,0.6025641025641025,257.22634538463916,69,raw,1.9685946914461855e-11,,5.160064956424641,21996.829059827607,0.7393564093648006,1.3207638667394838e-05,1.0,323.00000000000904,,,,[],[],16,213.1874999999557,24.999999999969077,449.9999999999278,"[3, 8, 15, 19, 22, 27, 30, 35, 38, 43, 46, 51, 55, 58, 61, 65]","[348.9999999998963, 267.99999999996305, 188.99999999997618, 24.999999999969077, 449.9999999999278, 203.9999999999425, 44.99999999996038, 51.999999999964984, 356.9999999999572, 48.99999999997243, 287.99999999994156, 41.99999999999369, 205.99999999996822, 407.9999999999071, 109.00000000002942, 369.9999999999212]","[0, 0, 0, 0, 0, 24, 29, 32, 32, 40, 40, 47, 54, 32, 60, 60]","[5, 9, 16, 20, 32, 32, 32, 36, 54, 45, 54, 54, 56, 67, 62, 67]",6764699.999999778,459.9999999999711,-459.9999999999711,0.0,,,,DWT,inu.32000013032828,2.2165477275848389e-07,,0.0,34,6.0,0.0,34,,2.887645678129047e-11,79.31250000004431,485.99999999929105,79.31250000004431,,0.0,79.31250000004431,,,17.000000000030923,0.0,34,7.219114195322618e-11,2.887645678129047e-11,,9.038103598868474e-12,0.3553991312988224,0.7975428373433622,0.0002651819506520037,0.3712921065862239,0.0023837089088892135,,,,,,,0.01596351197263398,0.00798175598631699,0.01596351197263398,143,0.7616138146243459,0.5197292225074933,527,0,0.01596351197263398,0.01596351197263398,143,0,0.30537659321759003,0.5197109934973511,533,223.4479805234319,0.6401803856305444,336.5,225.22877865655866,0.5491562153595556,472,sym,375.8541666666667,399.5,183.40489689834808,144,1.0,1.0,0.0,6,355.5
db3,1,reflect,1.1129112457657127e-27,322.79055132461633,1327559.4485886837,0.6216216216216216,295.6030970401354,69,raw,2.1934145321290046e-14,-6.781164518798757e-11,5.264943169908698,16123.850361000394,0.579097358288026,1.3207638667392627e-05,1.0,323.0,,,,[],[],16,213.1875,25.0,450.0,"[3, 8, 15, 19, 22, 27, 30, 35, 38, 43, 46, 51, 55, 58, 61, 65]","[348.99999999999994, 268.00000000000006, 189.0, 25.0, 450.0, 203.99999999999994, 45.0, 51.99999999999994, 357.0, 49.0, 288.0, 42.0, 206.00000000000003, 408.0, 109.00000000000003, 370.0]","[0, 0, 0, 0, 0, 24, 29, 32, 32, 40, 40, 47, 54, 32, 60, 60]","[5, 9, 16, 20, 32, 32, 32, 36, 54, 45, 54, 54, 56, 67, 62, 67]",6764700.0,460.0,-460.0,0.0,,,,DWT,inu.32000013032828,0.0,,0.0,34,6.0,0.0,34,,0.0,79.3125,486.0,79.3125,,0.0,79.3125,,,17.0,0.0,34,0.0,0.0,,0.0,0.9760180761534762,0.8340275674297589,0.00041763215002642794,0.47853736089030185,0.0004132826442424008,,,,,,,0.0,0.0,0.0,489,1.1944137028957962,0.8150741139911101,189,0,0.0,0.0,573,0,0.45788278385356124,0.7792565697145908,199,197.60819821049935,0.6817903410458948,362.5,283.5608156630989,0.5490272156115141,473,db,361.0980392156863,403.0,158.96390539935234,153,0.9607397529157442,0.8667375194865046,0.06746091711302768,5,356.0
db9,1,reflect,3.854134294808275e-27,317.39588820070685,1484285.260206288,0.6744186046511628,333.87615930102925,69,raw,4.9776607956237464e-14,-6.859912637935422e-11,5.500246028929766,16815.287987663185,0.5561075352252591,1.3207638667392632e-05,1.0,323.0,,,,[],[],16,213.18749999999997,25.000000000000114,450.0,"[3, 8, 15, 19, 22, 27, 30, 35, 38, 43, 46, 51, 55, 58, 61, 65]","[349.0000000000001, 267.9999999999999, 189.00000000000003, 25.000000000000114, 450.0, 203.99999999999994, 45.00000000000006, 52.0, 357.0, 49.0, 287.99999999999994, 41.999999999999886, 205.9999999999999, 407.9999999999999, 108.99999999999994, 370.0]","[0, 0, 0, 0, 0, 24, 29, 32, 32, 40, 40, 47, 54, 32, 60, 60]","[5, 9, 16, 20, 32, 32, 32, 36, 54, 45, 54, 54, 56, 67, 62, 67]",6764700.0,460.00000000000006,-460.00000000000006,0.0,,,,DWT,inu.32000013032828,0.0,,0.0,34,6.0,0.0,34,,5.684341886080802e-14,79.31250000000003,485.99999999999955,79.31250000000003,,0.0,79.31250000000003,,,16.999999999999886,0.0,34,0.0,5.684341886080802e-14,,0.0,0.9176515180169301,0.9158840466235634,0.001858040081551799,0.7756497948016414,0.0006452649022767247,,,,,,,0.0,0.0,0.0,601,1.319979978044283,0.9007611922753632,37,0,0.0,0.0,428,0,0.5223377328851927,0.8889504570033981,38,284.30851786981924,0.5421762997265391,276.0,69.75548778588461,0.5488659276410474,474,db,361.0980392156863,403.0,158.96390539935234,153,0.9607397529157442,0.8667375194865046,0.06746091711302768,5,356.75
rbio6.8,1,constant,5.222257921239437e-22,266.07657346047637,1525931.6320164653,0.5930232558139535,226.69328181456623,69,raw,1.6873175964328625e-11,-7.313849526066642e-11,5.267983529415759,21025.715060173417,0.7771008749290369,1.3207638667396378e-05,1.0,322.9999999999997,,,,[],[],16,213.18749999995728,25.000000000003013,449.9999999999216,"[3, 8, 15, 19, 22, 27, 30, 35, 38, 43, 46, 51, 55, 58, 61, 65]","[348.9999999999089, 267.9999999999702, 188.99999999996348, 25.000000000003013, 449.9999999999216, 203.99999999993943, 44.99999999997772, 51.99999999999818, 356.99999999993713, 48.99999999998374, 287.99999999994486, 41.99999999998852, 205.9999999999892, 407.9999999998662, 108.99999999999869, 369.9999999999257]","[0, 0, 0, 0, 0, 24, 29, 32, 32, 40, 40, 47, 54, 32, 60, 60]","[5, 9, 16, 20, 32, 32, 32, 36, 54, 45, 54, 54, 56, 67, 62, 67]",6764699.999999709,459.999999999979,-459.999999999979,0.0,,,,DWT,inu.32000013032828,2.905726432800293e-07,,0.0,34,6.0,0.0,34,,2.0975221559638157e-11,79.31250000004272,485.9999999993165,79.31250000004272,,0.0,79.31250000004272,,,16.999999999996987,0.0,34,7.838707460905425e-11,2.0975221559638157e-11,,2.8421709430404007e-13,0.36241170071714846,0.8350852389164838,0.002240796206120472,0.31760145918832666,0.0020578932318688044,,,,,,,0.020926956871688242,0.010463478435844121,0.020926956871688242,132,0.7639737789596693,0.5213396744262889,525,0,0.020926956871688242,0.020926956871688242,133,0,0.30387941765198967,0.5171629966373439,535,229.53340352404774,0.6303809927148989,331.25,211.99381113116132,0.5484835720418295,475,rbio,249.7925925925926,196.0,174.24048813612427,135,0.6645997696604647,0.9500318207572005,0.24977061501051454,3,357.0
db15,1,symmetric,5.863088634004376e-27,315.573892037736,1740015.479151678,0.6122448979591837,315.36468061939274,69,raw,5.5710669571915115e-14,-6.700329180375799e-11,5.6375723827885125,17263.62351352252,0.5957714529721022,1.3207638667392627e-05,0.9999999999999998,323.00000000000006,,,,[],[],16,213.18749999999997,25.000000000000114,449.99999999999994,"[3, 8, 15, 19, 22, 27, 30, 35, 38, 43, 46, 51, 55, 58, 61, 65]","[349.0000000000001, 268.0, 188.99999999999991, 25.000000000000114, 449.99999999999994, 203.9999999999999, 45.0, 51.999999999999886, 357.0000000000001, 48.99999999999994, 287.9999999999999, 41.999999999999886, 205.99999999999997, 407.9999999999999, 109.00000000000003, 370.0]","[0, 0, 0, 0, 0, 24, 29, 32, 32, 40, 40, 47, 54, 32, 60, 60]","[5, 9, 16, 20, 32, 32, 32, 36, 54, 45, 54, 54, 56, 67, 62, 67]",6764700.0,459.99999999999994,-459.99999999999994,0.0,,,,DWT,inu.32000013032828,0.0,,0.0,34,6.0,0.0,34,,5.684341886080802e-14,79.31250000000003,485.99999999999955,79.31250000000003,,0.0,79.31250000000003,,,16.999999999999886,0.0,34,5.684341886080802e-14,5.684341886080802e-14,,5.684341886080802e-14,0.897938768114294,0.9636567420942677,0.004208360248330785,0.4257703081232493,0.0007956846706480771,,,,,,,0.0,0.0,0.0,495,1.1933222091574347,0.8143292729954275,191,0,0.0,0.0,571,0,0.45847397265015793,0.7802626956706978,197,198.1808937982334,0.6808681259287708,363.5,284.0251530008264,0.5477609550738862,476,db,361.0980392156863,403.0,158.96390539935234,153,0.9607397529157442,0.8667375194865046,0.06746091711302768,5,358.25
db8,1,periodization,3.8497326796124766e-27,317.4008508964682,1334256.2357638783,0.5714285714285714,295.1319635575924,69,raw,4.742100432138062e-14,-6.841893718245754e-11,5.182845554430507,15111.808163265305,0.578692433291661,1.3207638667392629e-05,1.0,323.0,,,,[],[],16,213.18749999999997,24.99999999999983,450.0000000000001,"[3, 8, 15, 19, 22, 27, 30, 35, 38, 43, 46, 51, 55, 58, 61, 65]","[349.0, 267.99999999999994, 188.99999999999991, 24.99999999999983, 450.0000000000001, 204.0, 45.0, 52.0, 357.0, 48.999999999999886, 288.0, 42.0, 205.99999999999991, 408.0, 108.99999999999983, 370.00000000000006]","[0, 0, 0, 0, 0, 24, 29, 32, 32, 40, 40, 47, 54, 32, 60, 60]","[5, 9, 16, 20, 32, 32, 32, 36, 54, 45, 54, 54, 56, 67, 62, 67]",6764700.0,460.0000000000001,-460.0000000000001,0.0,,,,DWT,inu.32000013032828,0.0,,0.0,34,6.0,0.0,34,,1.1368683772161603e-13,79.31250000000003,485.99999999999955,79.31250000000003,,0.0,79.31250000000003,,,17.00000000000017,0.0,34,1.1368683772161603e-13,1.1368683772161603e-13,,0.0,0.9177052109842234,0.8054676860020121,0.0004791797997934185,0.1960784313725487,7.373526469097889e-05,,,,,,,0.0,0.0,0.0,620,1.0320574261463327,0.7042813475470956,381,0,0.0,0.0,324,0,0.3839608486846537,0.65345111107387,404,129.60549113881453,0.791295505412537,432.25,408.1948204461792,0.5476203775049803,477,db,361.0980392156863,403.0,158.96390539935234,153,0.9607397529157442,0.8667375194865046,0.06746091711302768,5,359.0
bior2.6,1,antisymmetric,1.4057729986373278e-27,321.77600466006834,1513109.95900596,0.5975609756097561,229.19694282672117,69,raw,2.5898767832415254e-14,-7.044076433260242e-11,5.255885452868211,54574.26221754606,0.8781422968580379,1.3207638667392627e-05,1.0,323.0,,,,[],[],16,213.1875,25.0,450.0,"[3, 8, 15, 19, 22, 27, 30, 35, 38, 43, 46, 51, 55, 58, 61, 65]","[349.0, 268.0, 189.0, 25.0, 450.0, 204.0, 45.0, 52.0, 357.0, 49.00000000000006, 288.0, 42.00000000000006, 205.99999999999994, 408.0000000000001, 109.00000000000006, 370.0]","[0, 0, 0, 0, 0, 24, 29, 32, 32, 40, 40, 47, 54, 32, 60, 60]","[5, 9, 16, 20, 32, 32, 32, 36, 54, 45, 54, 54, 56, 67, 62, 67]",6764700.0,460.0,-460.0,0.0,,,,DWT,inu.32000013032828,0.0,,0.0,34,6.0,0.0,34,,0.0,79.3125,486.0,79.3125,,0.0,79.3125,,,17.0,0.0,34,0.0,0.0,,0.0,0.9650413764933747,0.8308765949785416,0.0021229570364958935,0.3431372549019605,0.013313670214821226,,,,,,,0.0,0.0,0.0,458,1.1381049719502563,0.7766487435569567,256,0,0.0,0.0,603,0,0.4308983707250388,0.7333326303314083,261,167.8382157515584,0.7297291211730139,394.5,345.43959406821614,0.5472317103449611,478,bior,292.162962962963,301.0,176.53037485058104,135,0.7773306480916924,0.9625172382852065,0.16711337485025335,4,359.5
bior2.6,1,smooth,1.581197371531693e-27,321.2652957963139,10190183.429294094,0.573170731707317,229.19694282672117,69,raw,2.708300572534875e-14,-7.042932903544876e-11,3.1982027148200425,282364.2791883956,0.9870789953106762,1.3207638667392627e-05,0.9999999999999999,323.0,,,,[],[],16,213.1875,25.0,450.0,"[3, 8, 15, 19, 22, 27, 30, 35, 38, 43, 46, 51, 55, 58, 61, 65]","[349.0, 268.0, 189.0, 25.0, 450.0, 204.0, 45.0, 52.0, 357.0, 49.00000000000006, 288.0, 42.00000000000006, 205.99999999999994, 408.00000000000006, 109.00000000000006, 369.99999999999994]","[0, 0, 0, 0, 0, 24, 29, 32, 32, 40, 40, 47, 54, 32, 60, 60]","[5, 9, 16, 20, 32, 32, 32, 36, 54, 45, 54, 54, 56, 67, 62, 67]",6764700.0,460.0,-460.0,0.0,,,,DWT,inu.32000013032828,0.0,,0.0,34,6.0,0.0,34,,0.0,79.3125,486.0,79.3125,,0.0,79.3125,,,17.0,0.0,34,0.0,0.0,,0.0,0.9595158565670128,0.11505586532302181,0.08187067261717251,0.20588235294117607,0.0897388464807143,,,,,,,0.0,0.0,0.0,455,0.7924212626790609,0.540752385057157,514,0,0.0,0.0,317,0,0.2904127187858195,0.49424443770941673,552,103.04206260875539,0.834070752642906,459.5,439.1022375808039,0.5470675824406157,479,bior,292.162962962963,301.0,176.53037485058104,135,0.7773306480916924,0.9625172382852065,0.16711337485025335,4,360.25
db11,1,antisymmetric,3.807797291201597e-27,317.4484184278302,1529243.526014419,0.6111111111111112,291.25516040292075,69,raw,4.2658308447626316e-14,-6.879363745326852e-11,5.5410569076594856,67300.69523032938,0.8745442217909118,1.3207638667392624e-05,1.0,323.0,,,,[],[],16,213.1875,25.00000000000017,450.0,"[3, 8, 15, 19, 22, 27, 30, 35, 38, 43, 46, 51, 55, 58, 61, 65]","[349.0, 268.0, 189.0, 25.00000000000017, 450.0, 204.0, 45.00000000000006, 52.0, 356.99999999999994, 49.00000000000006, 287.99999999999994, 41.999999999999886, 206.0000000000001, 408.00000000000006, 109.00000000000011, 369.99999999999994]","[0, 0, 0, 0, 0, 24, 29, 32, 32, 40, 40, 47, 54, 32, 60, 60]","[5, 9, 16, 20, 32, 32, 32, 36, 54, 45, 54, 54, 56, 67, 62, 67]",6764700.0,460.0,-460.0,0.0,,,,DWT,inu.32000013032828,0.0,,0.0,34,6.0,0.0,34,,0.0,79.3125,486.0,79.31249999999999,,0.0,79.3125,,,16.99999999999983,0.0,34,0.0,0.0,,0.0,0.9182198590763988,0.9300812172806402,0.0022712345770166667,0.4193899782135078,0.017583479309934084,,,,,,,0.0,0.0,0.0,514,1.1918975243840446,0.8133570607070284,197,0,0.0,0.0,558,0,0.4575091536914996,0.778620700080053,200,195.68575999971654,0.6848860547508591,367.25,289.5658817765126,0.5467505958134328,480,db,361.0980392156863,403.0,158.96390539935234,153,0.9607397529157442,0.8667375194865046,0.06746091711302768,5,361.25
bior3.7,1,smooth,6.748076241994928e-28,324.9633568261579,16612304.30835582,0.5595238095238095,196.04266807820176,69,raw,1.3335548446512023e-14,-6.967693089166031e-11,2.967968778109221,440370.6059861178,0.9933692267483367,1.3207638667392627e-05,1.0,323.0,,,,[],[],16,213.1875,25.000000000000057,450.00000000000006,"[3, 8, 15, 19, 22, 27, 30, 35, 38, 43, 46, 51, 55, 58, 61, 65]","[349.0, 268.0, 189.0, 25.000000000000057, 450.00000000000006, 203.99999999999994, 45.0, 52.0, 357.0, 49.0, 288.0, 41.99999999999994, 206.0, 408.0, 109.0, 370.0]","[0, 0, 0, 0, 0, 24, 29, 32, 32, 40, 40, 47, 54, 32, 60, 60]","[5, 9, 16, 20, 32, 32, 32, 36, 54, 45, 54, 54, 56, 67, 62, 67]",6764700.0,460.00000000000006,-460.00000000000006,0.0,,,,DWT,inu.32000013032828,0.0,,0.0,34,6.0,0.0,34,,5.684341886080802e-14,79.3125,486.0,79.3125,,0.0,79.3125,,,16.999999999999943,0.0,34,5.684341886080802e-14,5.684341886080802e-14,,0.0,0.9995263426962123,0.03496274818673706,0.14089396786087788,0.1290849673202613,0.14275109669792885,,,,,,,0.0,0.0,0.0,457,0.796378589248811,0.5434528852605559,511,0,0.0,0.0,316,0,0.28944382455240353,0.49259550653451273,554,103.57123152690616,0.8332186287811495,459.5,438.84949934391034,0.5466415205097375,481,bior,292.162962962963,301.0,176.53037485058104,135,0.7773306480916924,0.9625172382852065,0.16711337485025335,4,361.75
db9,1,antisymmetric,3.407241733808886e-27,317.9311271678234,1455047.040233707,0.6976744186046512,336.6283651984314,69,raw,4.396483177515621e-14,-6.85600465288874e-11,5.464254063637721,57559.53458833728,0.8511590234928552,1.3207638667392629e-05,1.0,323.0,,,,[],[],16,213.1875,25.000000000000114,450.0,"[3, 8, 15, 19, 22, 27, 30, 35, 38, 43, 46, 51, 55, 58, 61, 65]","[349.0, 268.0, 188.99999999999997, 25.000000000000114, 450.0, 203.99999999999994, 45.00000000000006, 52.0, 357.0, 49.0, 287.99999999999994, 41.999999999999886, 205.99999999999994, 408.00000000000006, 108.99999999999991, 370.0]","[0, 0, 0, 0, 0, 24, 29, 32, 32, 40, 40, 47, 54, 32, 60, 60]","[5, 9, 16, 20, 32, 32, 32, 36, 54, 45, 54, 54, 56, 67, 62, 67]",6764700.0,460.00000000000006,-460.00000000000006,0.0,,,,DWT,inu.32000013032828,0.0,,0.0,34,6.0,0.0,34,,5.684341886080802e-14,79.3125,486.0,79.31250000000001,,0.0,79.3125,,,16.999999999999886,0.0,34,0.0,5.684341886080802e-14,,0.0,0.923442436851638,0.9033632656592803,0.001589322609187097,0.9065207478340174,0.014315250398945871,,,,,,,0.0,0.0,0.0,600,1.3748761555384017,0.9382226288982325,15,0,0.0,0.0,433,0,0.5498462046706137,0.9357662756310177,14,297.740938848971,0.5205459921916731,265.5,28.15486258132685,0.5465048801538075,482,db,361.0980392156863,403.0,158.96390539935234,153,0.9607397529157442,0.8667375194865046,0.06746091711302768,5,362.75
db11,1,symmetric,3.4689758160258014e-27,317.8531439119568,1522026.5660139415,0.6111111111111112,288.4931681214905,69,raw,3.9852179527414315e-14,-6.858047463254048e-11,5.567330815721205,17121.9101453313,0.5550251920987128,1.3207638667392627e-05,1.0,323.0,,,,[],[],16,213.1875,25.00000000000017,450.0,"[3, 8, 15, 19, 22, 27, 30, 35, 38, 43, 46, 51, 55, 58, 61, 65]","[349.0, 267.99999999999994, 189.0, 25.00000000000017, 450.0, 204.0, 45.00000000000006, 52.0, 357.0, 49.00000000000006, 287.99999999999994, 41.999999999999886, 206.00000000000006, 408.0000000000001, 109.0, 370.0]","[0, 0, 0, 0, 0, 24, 29, 32, 32, 40, 40, 47, 54, 32, 60, 60]","[5, 9, 16, 20, 32, 32, 32, 36, 54, 45, 54, 54, 56, 67, 62, 67]",6764700.0,460.0,-460.0,0.0,,,,DWT,inu.32000013032828,0.0,,0.0,34,6.0,0.0,34,,0.0,79.3125,486.0,79.3125,,0.0,79.3125,,,16.99999999999983,0.0,34,0.0,0.0,,0.0,0.9225987114636633,0.9392213085551008,0.0022049062146435768,0.4193899782135078,0.0007481388243143752,,,,,,,0.0,0.0,0.0,519,1.192327581078199,0.8136505336285998,195,0,0.0,0.0,556,0,0.456832608654246,0.7774693089739042,204,195.76261134343298,0.684762300574182,368.5,290.7925764102536,0.5456822775012617,483,db,361.0980392156863,403.0,158.96390539935234,153,0.9607397529157442,0.8667375194865046,0.06746091711302768,5,363.5
db10,1,periodic,3.368733317229021e-27,317.98049031556883,1486571.0580483766,0.6590909090909091,324.24989025880865,69,raw,4.304447297793071e-14,-6.993572387870042e-11,5.526478454232102,17326.13668236421,0.5421993262550587,1.3207638667392629e-05,1.0,323.00000000000006,,,,[],[],16,213.1875,25.0,450.0,"[3, 8, 15, 19, 22, 27, 30, 35, 38, 43, 46, 51, 55, 58, 61, 65]","[349.00000000000006, 267.9999999999998, 189.00000000000009, 25.0, 450.0, 204.00000000000014, 45.0, 51.99999999999983, 357.0, 48.99999999999994, 288.0, 41.99999999999983, 206.0, 407.99999999999994, 108.99999999999991, 370.0000000000001]","[0, 0, 0, 0, 0, 24, 29, 32, 32, 40, 40, 47, 54, 32, 60, 60]","[5, 9, 16, 20, 32, 32, 32, 36, 54, 45, 54, 54, 56, 67, 62, 67]",6764700.0,460.0,-460.0,0.0,,,,DWT,inu.32000013032828,0.0,,0.0,34,6.0,0.0,34,,0.0,79.3125,486.0,79.31250000000003,,0.0,79.3125,,,17.0,0.0,34,0.0,0.0,,5.684341886080802e-14,0.9239765122825798,0.9250097069954649,0.0018790479889770376,0.6893939393939392,0.0008166582849056191,,,,,,,0.0,0.0,0.0,595,1.2939145239333067,0.8829739910202439,65,0,0.0,0.0,450,0,0.5082151729891734,0.8649157084427699,64,270.97170824030076,0.5636526437354255,293.5,114.57211223816729,0.5455139225118351,484,db,361.0980392156863,403.0,158.96390539935234,153,0.9607397529157442,0.8667375194865046,0.06746091711302768,5,364.25
rbio6.8,1,periodization,5.715542105414134e-22,265.68458234891784,1338890.244137096,0.6,295.45477742276796,69,raw,1.8308820729708812e-11,-6.339073710446518e-11,5.170075300537782,15210.656468182286,0.5636430245600224,1.3207638667396539e-05,1.0,322.9999999999998,,,,[],[],16,213.18749999995805,25.00000000000307,449.99999999992156,"[3, 8, 15, 19, 22, 27, 30, 35, 38, 43, 46, 51, 55, 58, 61, 65]","[348.99999999991786, 267.99999999997016, 188.99999999996345, 25.00000000000307, 449.99999999992156, 203.99999999993955, 44.99999999997766, 51.99999999999818, 356.99999999993713, 48.999999999983686, 287.999999999945, 41.999999999988574, 205.99999999998926, 407.9999999998714, 108.99999999999636, 369.99999999992565]","[0, 0, 0, 0, 0, 24, 29, 32, 32, 40, 40, 47, 54, 32, 60, 60]","[5, 9, 16, 20, 32, 32, 32, 36, 54, 45, 54, 54, 56, 67, 62, 67]",6764699.999999684,459.99999999997897,-459.99999999997897,0.0,,,,DWT,inu.32000013032828,3.157183527946472e-07,,0.0,34,6.0,0.0,34,,2.1032064978498966e-11,79.31250000004195,485.9999999993288,79.31250000004196,,0.0,79.31250000004195,,,16.99999999999693,0.0,34,7.844391802791506e-11,2.1032064978498966e-11,,2.2737367544323206e-13,0.3581706255144378,0.8010252069500433,0.0005217692261721679,0.35686274509803895,0.00010689957639929953,,,,,,,0.02273794352404588,0.01136897176202294,0.02273794352404588,124,0.7584637212665457,0.5175795824402591,530,0,0.02273794352404588,0.02273794352404588,124,0,0.3033374492730183,0.516240637389991,536,236.14896428596364,0.6197279158036012,328.5,201.19209988234357,0.5453712042786122,485,rbio,249.7925925925926,196.0,174.24048813612427,135,0.6645997696604647,0.9500318207572005,0.24977061501051454,3,364.5
db4,1,antisymmetric,1.2528483106918747e-27,322.276171716327,1361959.4296338158,0.5921052631578947,279.30620873639,69,raw,2.188265671724947e-14,-7.002443069836797e-11,5.259968968557422,34523.68724707576,0.7628501036539805,1.3207638667392627e-05,1.0,323.0,,,,[],[],16,213.1875,25.0,450.0000000000001,"[3, 8, 15, 19, 22, 27, 30, 35, 38, 43, 46, 51, 55, 58, 61, 65]","[349.00000000000006, 268.0, 189.0, 25.0, 450.0000000000001, 203.9999999999999, 45.000000000000114, 52.00000000000006, 357.00000000000006, 49.0, 288.0, 42.0, 206.00000000000003, 408.0, 109.00000000000006, 370.0]","[0, 0, 0, 0, 0, 24, 29, 32, 32, 40, 40, 47, 54, 32, 60, 60]","[5, 9, 16, 20, 32, 32, 32, 36, 54, 45, 54, 54, 56, 67, 62, 67]",6764700.0,460.00000000000006,-460.00000000000006,0.0,,,,DWT,inu.32000013032828,0.0,,0.0,34,6.0,0.0,34,,5.684341886080802e-14,79.3125,486.0,79.3125,,0.0,79.3125,,,17.0,0.0,34,1.1368683772161603e-13,5.684341886080802e-14,,0.0,0.9704528412867406,0.8322971566259526,0.0007337894251447588,0.31243550051599545,0.006586559225814212,,,,,,,0.0,0.0,0.0,579,1.1263960016943169,0.7686584814442817,274,0,0.0,0.0,504,0,0.4245011694159295,0.7224454309788673,284,154.67034837572024,0.7509334164642186,410.25,367.57933713015007,0.5451526985702735,486,db,361.0980392156863,403.0,158.96390539935234,153,0.9607397529157442,0.8667375194865046,0.06746091711302768,5,365.75
bior5.5,1,constant,1.6744641028634175e-20,251.01639821786122,1421937.5499540442,0.625,284.6384305315557,69,raw,1.0009539734909774e-10,,5.3321219840010485,19256.255249831847,0.6565097903648016,1.320763866736754e-05,1.0,323.0000000000341,,,,[],[],16,213.18750000020106,24.99999999987199,450.00000000042314,"[3, 8, 15, 19, 22, 27, 30, 35, 38, 43, 46, 51, 55, 58, 61, 65]","[349.00000000039853, 268.00000000018576, 189.00000000023692, 24.99999999987199, 450.00000000042314, 204.00000000028461, 45.00000000005355, 51.99999999991121, 357.0000000003921, 49.00000000003138, 288.000000000294, 42.00000000006156, 206.0000000000008, 408.0000000006588, 109.00000000014091, 370.00000000027126]","[0, 0, 0, 0, 0, 24, 29, 32, 32, 40, 40, 47, 54, 32, 60, 60]","[5, 9, 16, 20, 32, 32, 32, 36, 54, 45, 54, 54, 56, 67, 62, 67]",6764700.000001786,460.0000000000815,-460.0000000000815,0.0,,,,DWT,inu.32000013032828,1.7862766981124878e-06,,0.0,34,6.0,0.0,34,,8.151346264639869e-11,79.31249999979894,486.0000000032169,79.31249999988943,,0.0,79.31249999979894,,,17.00000000012801,0.0,34,4.2314240999985486e-10,8.151346264639869e-11,,3.410605131648481e-11,0.19947092505520947,0.8573975393072472,0.0012850257488591348,0.49754901960784303,0.001464226838147635,,,,,,,0.12864712589710914,0.06432356294855457,0.12864712589710914,42,0.748629136139575,0.5108684104741292,536,0,0.12864712589710914,0.12864712589710914,42,0,0.31143334731146133,0.5300187962478131,519,280.3894612855483,0.5484871798944472,284.75,77.80360192981932,0.5449762791581736,487,bior,292.162962962963,301.0,176.53037485058104,135,0.7773306480916924,0.9625172382852065,0.16711337485025335,4,366.25
bior3.3,1,constant,1.1796786035409403e-27,322.53751960905254,1539714.058496171,0.618421052631579,209.67130275743506,69,raw,2.250051996573651e-14,-6.947875608176472e-11,5.017562079411311,22344.690157818994,0.8422846731082798,1.3207638667392627e-05,1.0,323.00000000000006,,,,[],[],16,213.1875,25.0,449.99999999999994,"[3, 8, 15, 19, 22, 27, 30, 35, 38, 43, 46, 51, 55, 58, 61, 65]","[349.0, 267.99999999999994, 189.0, 25.0, 449.99999999999994, 204.0000000000001, 45.0, 52.0, 357.00000000000006, 48.999999999999886, 288.00000000000006, 42.0, 205.99999999999997, 408.0, 109.0, 369.9999999999999]","[0, 0, 0, 0, 0, 24, 29, 32, 32, 40, 40, 47, 54, 32, 60, 60]","[5, 9, 16, 20, 32, 32, 32, 36, 54, 45, 54, 54, 56, 67, 62, 67]",6764700.0,459.99999999999994,-459.99999999999994,0.0,,,,DWT,inu.32000013032828,0.0,,0.0,34,6.0,0.0,34,,5.684341886080802e-14,79.3125,486.0,79.3125,,0.0,79.3125,,,17.0,0.0,34,5.684341886080802e-14,5.684341886080802e-14,,5.684341886080802e-14,0.9732804463890913,0.7479693479440918,0.0023674652991826344,0.4605263157894738,0.0025004187896977346,,,,,,,0.0,0.0,0.0,479,1.1443473682867604,0.7809085872365978,246,0,0.0,0.0,594,0,0.4373287988423074,0.7442763773626607,247,173.88981185413556,0.7199841999128251,391.5,336.56412449367525,0.5447747086520647,488,bior,292.162962962963,301.0,176.53037485058104,135,0.7773306480916924,0.9625172382852065,0.16711337485025335,4,367.0
sym16,1,antireflect,5.3849891232109674e-20,245.9433083293142,2272952.5807577823,0.62,297.84038766837676,69,raw,1.6460062298669383e-10,-2.2500090685359817e-10,5.533672559267328,67717.63312256243,0.8935098643346948,1.3207638667432062e-05,1.0,323.0000000000128,,,,[],[],16,213.1874999995568,24.9999999999593,449.99999999923773,"[3, 8, 15, 19, 22, 27, 30, 35, 38, 43, 46, 51, 55, 58, 61, 65]","[348.99999999905936, 267.9999999996393, 188.99999999965377, 24.9999999999593, 449.99999999923773, 203.99999999945322, 44.9999999997558, 51.99999999991161, 356.99999999941434, 48.99999999983106, 287.99999999943344, 41.999999999907004, 205.9999999998347, 407.9999999984816, 109.00000000002703, 369.9999999993094]","[0, 0, 0, 0, 0, 24, 29, 32, 32, 40, 40, 47, 54, 32, 60, 60]","[5, 9, 16, 20, 32, 32, 32, 36, 54, 45, 54, 54, 56, 67, 62, 67]",6764699.999997161,459.99999999977257,-459.99999999977257,0.0,,,,DWT,inu.32000013032828,2.8386712074279785e-06,,0.0,34,6.0,0.0,34,,2.2743051886209287e-10,79.31250000044321,485.99999999290867,79.31250000044321,,0.0,79.31250000044321,,,17.0000000000407,0.0,34,7.622702469234355e-10,2.2743051886209287e-10,,1.2789769243681803e-11,0.14458356895701752,0.9275123714831977,0.009106384512710154,0.46941176470588225,0.017723364948161676,,,,,,,0.20444027097726206,0.10222013548863103,0.20444027097726206,17,0.7499135712337821,0.5117449156530732,535,0,0.20444027097726206,0.20444027097726206,17,0,0.3136674909213939,0.5338210162637608,518,294.241822316271,0.5261806403924782,271.75,32.93625395649127,0.5442899981350475,489,sym,375.8541666666667,399.5,183.40489689834808,144,1.0,1.0,0.0,6,368.25
db8,1,reflect,2.205517897797041e-27,319.820050769309,1446484.1344153658,0.6785714285714286,334.41348910162816,69,raw,2.9811901739499865e-14,-6.826217369138047e-11,5.4233956756602035,16710.119230799715,0.5804801785325723,1.3207638667392627e-05,1.0,323.0,,,,[],[],16,213.1875,25.0,450.0,"[3, 8, 15, 19, 22, 27, 30, 35, 38, 43, 46, 51, 55, 58, 61, 65]","[348.99999999999994, 268.0, 189.0, 25.0, 450.0, 204.00000000000006, 45.000000000000114, 51.99999999999994, 356.9999999999999, 49.0, 288.0, 41.99999999999994, 205.99999999999994, 408.0, 109.00000000000006, 370.0000000000001]","[0, 0, 0, 0, 0, 24, 29, 32, 32, 40, 40, 47, 54, 32, 60, 60]","[5, 9, 16, 20, 32, 32, 32, 36, 54, 45, 54, 54, 56, 67, 62, 67]",6764700.0,460.0,-460.0,0.0,,,,DWT,inu.32000013032828,0.0,,0.0,34,6.0,0.0,34,,0.0,79.3125,486.0,79.3125,,0.0,79.3125,,,17.0,0.0,34,0.0,0.0,,0.0,0.9438792957748521,0.8891495676222555,0.001510624165514414,0.7990196078431374,0.000609980033835874,,,,,,,0.0,0.0,0.0,619,1.3315095085095858,0.9086290037429952,28,0,0.0,0.0,414,0,0.5268338150879192,0.8966022004582732,29,293.91438662758014,0.5267079120328821,272.5,53.88801186692338,0.54394976922095,490,db,361.0980392156863,403.0,158.96390539935234,153,0.9607397529157442,0.8667375194865046,0.06746091711302768,5,368.75
bior2.8,1,antisymmetric,3.366538226014493e-27,317.98332113249836,1536622.637623544,0.6046511627906976,233.43650322308343,69,raw,4.129386044055077e-14,-7.125389167583788e-11,5.332070397804359,60312.11226938824,0.8858758802126976,1.3207638667392627e-05,1.0,323.0,,,,[],[],16,213.1875,25.000000000000057,450.00000000000006,"[3, 8, 15, 19, 22, 27, 30, 35, 38, 43, 46, 51, 55, 58, 61, 65]","[349.0, 268.0, 188.99999999999994, 25.000000000000057, 450.00000000000006, 203.9999999999999, 45.00000000000006, 52.0, 357.0000000000001, 49.00000000000006, 287.99999999999994, 41.99999999999994, 206.00000000000006, 408.00000000000006, 109.00000000000006, 370.00000000000006]","[0, 0, 0, 0, 0, 24, 29, 32, 32, 40, 40, 47, 54, 32, 60, 60]","[5, 9, 16, 20, 32, 32, 32, 36, 54, 45, 54, 54, 56, 67, 62, 67]",6764700.0,460.00000000000006,-460.00000000000006,0.0,,,,DWT,inu.32000013032828,0.0,,0.0,34,6.0,0.0,34,,5.684341886080802e-14,79.3125,486.0,79.31249999999999,,0.0,79.3125,,,16.999999999999943,0.0,34,5.684341886080802e-14,5.684341886080802e-14,,0.0,0.9240071397818502,0.8573795936500904,0.0023390532137791183,0.383036935704514,0.015238759854089396,,,,,,,0.0,0.0,0.0,481,1.1435738855244861,0.7803807585825732,247,0,0.0,0.0,595,0,0.43640029644086464,0.7426961877992299,252,172.95736468852664,0.7214857251392486,393.75,339.6591650945913,0.543713877062378,491,bior,292.162962962963,301.0,176.53037485058104,135,0.7773306480916924,0.9625172382852065,0.16711337485025335,4,369.25
sym8,1,antireflect,1.3145578384812712e-21,262.06735964224947,1821239.9648857454,0.5952380952380952,305.7928363018621,69,raw,2.659270549337225e-11,4.183609014733625e-11,5.294126181439533,39190.64941087597,0.8131676492762854,1.320763866739573e-05,1.0,322.9999999999794,,,,[],[],16,213.187500000008,25.00000000007509,449.9999999999747,"[3, 8, 15, 19, 22, 27, 30, 35, 38, 43, 46, 51, 55, 58, 61, 65]","[348.9999999999759, 268.00000000002876, 188.99999999996686, 25.00000000007509, 449.9999999999747, 203.9999999999784, 45.00000000003922, 52.00000000008225, 356.9999999999432, 49.000000000018986, 288.0000000000086, 41.99999999998107, 206.0000000000486, 407.99999999997914, 108.9999999999454, 370.00000000008157]","[0, 0, 0, 0, 0, 24, 29, 32, 32, 40, 40, 47, 54, 32, 60, 60]","[5, 9, 16, 20, 32, 32, 32, 36, 54, 45, 54, 54, 56, 67, 62, 67]",6764699.999999819,460.000000000013,-460.000000000013,0.0,,,,DWT,inu.32000013032828,1.8067657947540283e-07,,0.0,34,6.0,0.0,34,,1.3017142919125035e-11,79.31249999999201,486.0000000001278,79.31249999999201,,0.0,79.31249999999201,,,16.99999999992491,0.0,34,2.5295321393059567e-11,1.3017142919125035e-11,,2.05773176276125e-11,0.3190347546449712,0.8441796692194463,0.004954863917878721,0.330065359477124,0.008152358336493977,,,,,,,0.013012274465088201,0.006506137232544101,0.013012274465088201,153,0.7512752064810925,0.5126741026174306,534,0,0.013012274465088201,0.013012274465088201,153,0,0.3012774011191829,0.5127347050544392,541,222.00957186571935,0.6424966636622877,345.25,238.19472073914503,0.5432692658085996,492,sym,375.8541666666667,399.5,183.40489689834808,144,1.0,1.0,0.0,6,370.5
db4,1,symmetric,1.2587018872639495e-27,322.255927799962,1358999.0165328602,0.5921052631578947,289.1341766919634,69,raw,2.2294565549574166e-14,-7.006339952653231e-11,5.271427167463895,17027.24238932847,0.6086088904130981,1.3207638667392624e-05,1.0,323.0,,,,[],[],16,213.1875,25.0,450.0000000000001,"[3, 8, 15, 19, 22, 27, 30, 35, 38, 43, 46, 51, 55, 58, 61, 65]","[349.00000000000006, 268.0, 189.0, 25.0, 450.0000000000001, 203.9999999999999, 45.000000000000114, 52.00000000000006, 357.00000000000006, 49.0, 288.0, 42.0, 206.00000000000003, 408.0, 109.00000000000006, 370.0]","[0, 0, 0, 0, 0, 24, 29, 32, 32, 40, 40, 47, 54, 32, 60, 60]","[5, 9, 16, 20, 32, 32, 32, 36, 54, 45, 54, 54, 56, 67, 62, 67]",6764700.0,460.00000000000006,-460.00000000000006,0.0,,,,DWT,inu.32000013032828,0.0,,0.0,34,6.0,0.0,34,,5.684341886080802e-14,79.3125,486.0,79.3125,,0.0,79.3125,,,17.0,0.0,34,1.1368683772161603e-13,5.684341886080802e-14,,0.0,0.970233815984458,0.8362832017776702,0.0007065813828497715,0.31243550051599545,0.0007163771166002967,,,,,,,0.0,0.0,0.0,584,1.1258959322239732,0.7683172314406305,275,0,0.0,0.0,503,0,0.42407509535551474,0.7217203086932708,287,155.19745487603848,0.7500846137261861,412.25,369.6487157397048,0.5431179912431252,493,db,361.0980392156863,403.0,158.96390539935234,153,0.9607397529157442,0.8667375194865046,0.06746091711302768,5,371.0
sym4,1,symmetric,5.19217771030244e-21,256.10166114916956,1407180.1582054445,0.618421052631579,289.5826199412735,69,raw,5.587146848233384e-11,-4.750266846932776e-11,5.228373016084802,17766.704195187212,0.6425603325993307,1.3207638667384897e-05,0.9999999999999998,322.99999999997715,,,,[],[],16,213.1875000001335,25.000000000080036,450.0000000002065,"[3, 8, 15, 19, 22, 27, 30, 35, 38, 43, 46, 51, 55, 58, 61, 65]","[349.00000000029115, 268.00000000010664, 189.00000000007165, 25.000000000080036, 450.0000000002065, 204.0000000001611, 45.00000000010738, 52.00000000009152, 357.000000000127, 49.00000000007458, 288.0000000001659, 42.00000000001876, 206.0000000000864, 408.00000000035834, 108.9999999999248, 370.00000000026427]","[0, 0, 0, 0, 0, 24, 29, 32, 32, 40, 40, 47, 54, 32, 60, 60]","[5, 9, 16, 20, 32, 32, 32, 36, 54, 45, 54, 54, 56, 67, 62, 67]",6764700.000000737,460.00000000008066,-460.00000000008066,0.0,,,,DWT,inu.32000013032828,7.366761565208435e-07,,0.0,34,6.0,0.0,34,,8.066081136348657e-11,79.3124999998665,486.00000000213595,79.31249999991164,,0.0,79.3124999998665,,,16.999999999919964,0.0,34,2.0651214072131552e-10,8.066081136348657e-11,,2.2851054382044822e-11,0.2544899851341149,0.8213056479084497,0.0011493961170587633,0.4605263157894738,0.0009644718294686055,,,,,,,0.05305520155610705,0.026527600778053526,0.05305520155610705,91,0.7485178281408001,0.5107924533176921,537,0,0.05305520155610705,0.05305520155610705,91,0,0.30768716335571317,0.5236432814614573,530,255.4934767595186,0.5885773321102761,312.25,155.47860853017406,0.5428796483417725,494,sym,375.8541666666667,399.5,183.40489689834808,144,1.0,1.0,0.0,6,372.0
db8,1,antireflect,2.152835708648368e-27,319.925047749934,1562872.141421962,0.6785714285714286,334.41348910162816,69,raw,2.8267243618282255e-14,-6.822198361788904e-11,5.377257752515395,53063.53293652541,0.863454520986986,1.3207638667392627e-05,1.0,323.0,,,,[],[],16,213.1875,25.0,450.0,"[3, 8, 15, 19, 22, 27, 30, 35, 38, 43, 46, 51, 55, 58, 61, 65]","[349.0, 268.0, 189.0, 25.0, 450.0, 204.00000000000006, 45.000000000000114, 51.99999999999994, 356.9999999999999, 49.0, 288.0, 41.99999999999994, 205.99999999999994, 408.0, 109.0, 370.0]","[0, 0, 0, 0, 0, 24, 29, 32, 32, 40, 40, 47, 54, 32, 60, 60]","[5, 9, 16, 20, 32, 32, 32, 36, 54, 45, 54, 54, 56, 67, 62, 67]",6764700.0,460.0,-460.0,0.0,,,,DWT,inu.32000013032828,0.0,,0.0,34,6.0,0.0,34,,0.0,79.3125,486.0,79.31250000000001,,0.0,79.3125,,,17.0,0.0,34,0.0,0.0,,0.0,0.9450152911527006,0.8730992401351159,0.0025803025209583295,0.7990196078431374,0.0128068097600594,,,,,,,0.0,0.0,0.0,617,1.329579513060936,0.90731196482549,30,0,0.0,0.0,421,0,0.5265042502823943,0.8960413242932195,30,293.44448651604733,0.5274645949822104,274.5,56.60694374325802,0.5427178047374821,495,db,361.0980392156863,403.0,158.96390539935234,153,0.9607397529157442,0.8667375194865046,0.06746091711302768,5,372.5
db8,1,antisymmetric,2.0665190342916716e-27,320.1027625352777,1408455.802988345,0.6785714285714286,312.5033566671218,69,raw,3.012405140149592e-14,-6.812006514422844e-11,5.399826015338594,50488.019849656244,0.838605757983184,1.3207638667392627e-05,1.0,323.0,,,,[],[],16,213.1875,25.0,450.0,"[3, 8, 15, 19, 22, 27, 30, 35, 38, 43, 46, 51, 55, 58, 61, 65]","[349.0, 267.99999999999994, 189.0, 25.0, 450.0, 204.00000000000006, 45.000000000000114, 51.99999999999994, 356.9999999999999, 49.0, 288.0, 41.99999999999994, 205.99999999999994, 407.9999999999999, 109.00000000000009, 369.9999999999999]","[0, 0, 0, 0, 0, 24, 29, 32, 32, 40, 40, 47, 54, 32, 60, 60]","[5, 9, 16, 20, 32, 32, 32, 36, 54, 45, 54, 54, 56, 67, 62, 67]",6764700.0,460.0,-460.0,0.0,,,,DWT,inu.32000013032828,0.0,,0.0,34,6.0,0.0,34,,0.0,79.3125,486.0,79.31250000000003,,0.0,79.3125,,,17.0,0.0,34,0.0,0.0,,0.0,0.9469380433454215,0.8809502222435064,0.0011611200880124574,0.7990196078431374,0.011942706739845484,,,,,,,0.0,0.0,0.0,618,1.3336034230062055,0.9100579018701412,27,0,0.0,0.0,420,0,0.5280023400519847,0.8985908770087652,28,295.05635055019576,0.5248690007243224,273.25,52.11699350779734,0.5424264488323706,496,db,361.0980392156863,403.0,158.96390539935234,153,0.9607397529157442,0.8667375194865046,0.06746091711302768,5,373.25
bior2.8,1,periodic,3.38117216744468e-27,317.9644837799593,1530172.6139598903,0.6046511627906976,237.55717650991076,69,raw,4.0264088359739044e-14,-7.11249947826789e-11,5.353700074447724,19750.764989385778,0.6947104099117365,1.3207638667392627e-05,0.9999999999999999,323.0,,,,[],[],16,213.1875,25.000000000000057,450.00000000000006,"[3, 8, 15, 19, 22, 27, 30, 35, 38, 43, 46, 51, 55, 58, 61, 65]","[349.0, 268.0, 188.99999999999994, 25.000000000000057, 450.00000000000006, 203.9999999999999, 45.00000000000006, 52.0, 357.0000000000001, 49.00000000000006, 287.99999999999994, 41.99999999999994, 206.00000000000006, 408.00000000000006, 109.00000000000006, 370.0]","[0, 0, 0, 0, 0, 24, 29, 32, 32, 40, 40, 47, 54, 32, 60, 60]","[5, 9, 16, 20, 32, 32, 32, 36, 54, 45, 54, 54, 56, 67, 62, 67]",6764700.0,460.00000000000006,-460.00000000000006,0.0,,,,DWT,inu.32000013032828,0.0,,0.0,34,6.0,0.0,34,,5.684341886080802e-14,79.3125,486.0,79.3125,,0.0,79.3125,,,16.999999999999943,0.0,34,5.684341886080802e-14,5.684341886080802e-14,,0.0,0.9238033325362716,0.86490406310827,0.0022797734745468754,0.383036935704514,0.0016301383847254045,,,,,,,0.0,0.0,0.0,484,1.141740747448867,0.7791298156394487,249,0,0.0,0.0,596,0,0.43513084864166557,0.7405357537922768,254,172.73944733808392,0.7218366387470468,395.75,341.96685123633085,0.542279027908145,497,bior,292.162962962963,301.0,176.53037485058104,135,0.7773306480916924,0.9625172382852065,0.16711337485025335,4,373.75
db15,1,periodic,5.756992558635521e-27,315.6531999526734,1652674.8296340366,0.6020408163265306,292.62474750918506,69,raw,5.787319094161977e-14,-6.752520764763429e-11,5.64505971272811,16109.582576300494,0.5770528496071656,1.3207638667392632e-05,0.9999999999999999,323.00000000000006,,,,[],[],16,213.18749999999997,25.000000000000057,449.99999999999994,"[3, 8, 15, 19, 22, 27, 30, 35, 38, 43, 46, 51, 55, 58, 61, 65]","[349.0, 268.0, 188.99999999999972, 25.000000000000057, 449.99999999999994, 203.99999999999997, 45.0, 51.999999999999886, 357.0000000000001, 48.999999999999886, 287.99999999999994, 41.999999999999886, 206.0, 407.9999999999999, 108.99999999999991, 370.00000000000006]","[0, 0, 0, 0, 0, 24, 29, 32, 32, 40, 40, 47, 54, 32, 60, 60]","[5, 9, 16, 20, 32, 32, 32, 36, 54, 45, 54, 54, 56, 67, 62, 67]",6764700.0,459.99999999999994,-459.99999999999994,0.0,,,,DWT,inu.32000013032828,0.0,,0.0,34,6.0,0.0,34,,5.684341886080802e-14,79.31250000000003,485.99999999999955,79.31250000000004,,0.0,79.31250000000003,,,16.999999999999943,0.0,34,5.684341886080802e-14,5.684341886080802e-14,,5.684341886080802e-14,0.8987968254056501,0.9662614128150895,0.0034056452200191562,0.36834733893557414,0.0004084957006567512,,,,,,,0.0,0.0,0.0,494,1.1716139581154366,0.7995154497435212,220,0,0.0,0.0,587,0,0.4474439436153979,0.7614910298807294,225,187.49311098455502,0.6980787262728583,381.5,314.52059825238837,0.5418735016227416,498,db,361.0980392156863,403.0,158.96390539935234,153,0.9607397529157442,0.8667375194865046,0.06746091711302768,5,374.75
bior2.6,1,reflect,1.5438808208847164e-27,321.36901891216945,1489299.426686096,0.6097560975609756,250.03917125218925,69,raw,2.656811968494288e-14,-7.03780367317111e-11,5.27906071017047,18498.127849794444,0.6951947562468679,1.3207638667392627e-05,0.9999999999999999,323.0,,,,[],[],16,213.1875,25.0,450.0,"[3, 8, 15, 19, 22, 27, 30, 35, 38, 43, 46, 51, 55, 58, 61, 65]","[349.0, 268.0, 189.0, 25.0, 450.0, 204.0, 45.0, 52.0, 357.0, 49.00000000000006, 288.0, 42.00000000000006, 205.99999999999994, 408.0000000000001, 109.00000000000006, 369.99999999999994]","[0, 0, 0, 0, 0, 24, 29, 32, 32, 40, 40, 47, 54, 32, 60, 60]","[5, 9, 16, 20, 32, 32, 32, 36, 54, 45, 54, 54, 56, 67, 62, 67]",6764700.0,460.0,-460.0,0.0,,,,DWT,inu.32000013032828,0.0,,0.0,34,6.0,0.0,34,,0.0,79.3125,486.0,79.3125,,0.0,79.3125,,,17.0,0.0,34,0.0,0.0,,0.0,0.9606380696010118,0.8389387365737002,0.00190412339796892,0.41176470588235276,0.001209869685229575,,,,,,,0.0,0.0,0.0,456,1.1619941019734745,0.7929508099519467,230,0,0.0,0.0,613,0,0.4428911010280526,0.7537426876801196,234,186.04546935270062,0.7004098722178733,383.25,321.3978444109136,0.5416300568818835,499,bior,292.162962962963,301.0,176.53037485058104,135,0.7773306480916924,0.9625172382852065,0.16711337485025335,4,375.25
db9,1,symmetric,3.143782198806867e-27,318.2806321287009,1452425.1473420772,0.7093023255813954,348.21240803295257,69,raw,4.456338679712804e-14,-6.817524322855233e-11,5.474118041078299,16903.39223532707,0.5750583632682043,1.3207638667392632e-05,1.0,323.0,,,,[],[],16,213.18749999999994,25.000000000000114,450.0,"[3, 8, 15, 19, 22, 27, 30, 35, 38, 43, 46, 51, 55, 58, 61, 65]","[348.9999999999999, 267.99999999999994, 188.99999999999997, 25.000000000000114, 450.0, 203.99999999999994, 45.00000000000006, 52.0, 357.0, 49.0, 287.99999999999994, 41.999999999999886, 205.9999999999999, 407.9999999999999, 108.99999999999991, 369.9999999999999]","[0, 0, 0, 0, 0, 24, 29, 32, 32, 40, 40, 47, 54, 32, 60, 60]","[5, 9, 16, 20, 32, 32, 32, 36, 54, 45, 54, 54, 56, 67, 62, 67]",6764700.0,460.00000000000006,-460.00000000000006,0.0,,,,DWT,inu.32000013032828,0.0,,0.0,34,6.0,0.0,34,,5.684341886080802e-14,79.31250000000006,485.9999999999991,79.31250000000006,,0.0,79.31250000000006,,,16.999999999999886,0.0,34,0.0,5.684341886080802e-14,,0.0,0.9272238410189638,0.9067947176505223,0.00156522577869227,0.9719562243502055,0.0006748245061040858,,,,,,,0.0,0.0,0.0,605,1.3995666958685093,0.955071581848733,9,0,0.0,0.0,439,0,0.5616429666608976,0.9558428205600973,9,303.8349332559814,0.5107327966892409,265.5,17.68713951156708,0.5415982824025914,500,db,361.0980392156863,403.0,158.96390539935234,153,0.9607397529157442,0.8667375194865046,0.06746091711302768,5,376.25
bior6.8,1,periodization,5.721999045845514e-22,265.6796788231335,1348666.0829084,0.6,274.48755466523147,69,raw,1.8316142649691037e-11,-6.332512292371022e-11,5.132465978967079,15208.07655632486,0.6222393438267558,1.320763866739654e-05,1.0,322.9999999999996,,,,[],[],16,213.187499999958,25.00000000000307,449.9999999999213,"[3, 8, 15, 19, 22, 27, 30, 35, 38, 43, 46, 51, 55, 58, 61, 65]","[348.9999999999178, 267.9999999999703, 188.9999999999636, 25.00000000000307, 449.9999999999213, 203.99999999993943, 44.99999999997766, 51.999999999998124, 356.9999999999372, 48.99999999998386, 287.99999999994486, 41.99999999998846, 205.99999999998911, 407.99999999987114, 108.99999999999642, 369.99999999992565]","[0, 0, 0, 0, 0, 24, 29, 32, 32, 40, 40, 47, 54, 32, 60, 60]","[5, 9, 16, 20, 32, 32, 32, 36, 54, 45, 54, 54, 56, 67, 62, 67]",6764699.999999685,459.9999999999787,-459.9999999999787,0.0,,,,DWT,inu.32000013032828,3.1478703022003174e-07,,0.0,34,6.0,0.0,34,,2.1316282072803006e-11,79.31250000004201,485.9999999993279,79.31250000004198,,0.0,79.31250000004201,,,16.99999999999693,0.0,34,7.87281351222191e-11,2.1316282072803006e-11,,3.979039320256561e-13,0.35811757272574773,0.7879417847534191,0.0006116152799789041,0.35686274509803895,0.00010603399756017309,,,,,,,0.02267086994432893,0.011335434972164465,0.02267086994432893,125,0.7519347552903872,0.513124182150231,533,0,0.02267086994432893,0.02267086994432893,125,0,0.30072795037094896,0.5117996117939055,543,238.4806071780261,0.6159732573622768,331.5,202.86245790915387,0.5410784161207519,501,bior,292.162962962963,301.0,176.53037485058104,135,0.7773306480916924,0.9625172382852065,0.16711337485025335,4,376.75
db5,1,antisymmetric,1.7386951661740795e-27,320.85292216641136,1369341.7931156242,0.5769230769230769,248.55166532745642,69,raw,2.5589836208171737e-14,-6.957978637700561e-11,5.2581104740661315,36945.773543299736,0.7851430463475796,1.3207638667392627e-05,1.0,323.00000000000006,,,,[],[],16,213.18750000000003,25.000000000000057,450.0000000000001,"[3, 8, 15, 19, 22, 27, 30, 35, 38, 43, 46, 51, 55, 58, 61, 65]","[349.00000000000006, 268.0, 189.00000000000006, 25.000000000000057, 450.0000000000001, 204.00000000000017, 45.0, 51.99999999999983, 357.0000000000001, 48.99999999999994, 288.00000000000006, 42.0, 205.99999999999994, 408.00000000000006, 109.0, 370.0]","[0, 0, 0, 0, 0, 24, 29, 32, 32, 40, 40, 47, 54, 32, 60, 60]","[5, 9, 16, 20, 32, 32, 32, 36, 54, 45, 54, 54, 56, 67, 62, 67]",6764700.0,460.0000000000001,-460.0000000000001,0.0,,,,DWT,inu.32000013032828,0.0,,0.0,34,6.0,0.0,34,,1.1368683772161603e-13,79.31249999999997,486.00000000000045,79.31249999999997,,0.0,79.31249999999997,,,16.999999999999943,0.0,34,1.1368683772161603e-13,1.1368683772161603e-13,,5.684341886080802e-14,0.9550542564835874,0.8316506289284524,0.0008016379486448006,0.22699849170437364,0.007399186462870917,,,,,,,0.0,0.0,0.0,570,1.083017758595599,0.7390569430707195,321,0,0.0,0.0,534,0,0.40438084030558585,0.6882032642127339,338,129.48455506352872,0.7914902494951228,440.75,412.33330902380544,0.540873949224212,502,db,361.0980392156863,403.0,158.96390539935234,153,0.9607397529157442,0.8667375194865046,0.06746091711302768,5,377.75
sym17,1,antireflect,2.485746067252913e-20,249.3005890238157,2348605.9610584597,0.6078431372549019,306.51809335697624,69,raw,1.1133700081041168e-10,9.540135345648164e-11,5.555335017795008,66913.86576399533,0.892257751124389,1.3207638667366786e-05,1.0,322.99999999999324,,,,[],[],16,213.18750000029218,25.00000000001802,450.0000000004993,"[3, 8, 15, 19, 22, 27, 30, 35, 38, 43, 46, 51, 55, 58, 61, 65]","[349.00000000063545, 268.00000000020077, 189.00000000022413, 25.00000000001802, 450.0000000004993, 204.00000000038222, 45.000000000156035, 52.00000000004127, 357.00000000038983, 49.000000000116245, 288.0000000003563, 42.00000000007003, 206.000000000094, 408.0000000010516, 108.9999999999736, 370.0000000004659]","[0, 0, 0, 0, 0, 24, 29, 32, 32, 40, 40, 47, 54, 32, 60, 60]","[5, 9, 16, 20, 32, 32, 32, 36, 54, 45, 54, 54, 56, 67, 62, 67]",6764700.000001866,460.00000000014603,-460.00000000014603,0.0,,,,DWT,inu.32000013032828,1.866370439529419e-06,,0.0,34,6.0,0.0,34,,1.460307430534158e-10,79.31249999970782,486.0000000046748,79.31249999982808,,0.0,79.31249999970782,,,16.99999999998198,0.0,34,4.993125912733376e-10,1.460307430534158e-10,,6.764366844436154e-12,0.1809070453883539,0.9350482450086397,0.00980168624959113,0.4009996155324871,0.017453695263457615,,,,,,,0.1344154537527668,0.0672077268763834,0.1344154537527668,34,0.7483505171805057,0.510678279449465,538,0,0.1344154537527668,0.1344154537527668,34,0,0.30884205748850596,0.5256087601211473,526,287.5621671917222,0.5369369288378064,283.0,63.914705921428485,0.5406101713432188,503,sym,375.8541666666667,399.5,183.40489689834808,144,1.0,1.0,0.0,6,378.75
sym7,1,antireflect,2.028102077861017e-20,250.18425853364522,1650331.255127229,0.6219512195121951,307.8540848509108,69,raw,1.1064653863022743e-10,-5.027928074036377e-10,5.331681429216645,38124.60671530264,0.8122901207495309,1.3207638667403923e-05,0.9999999999999999,323.0000000000611,,,,[],[],16,213.18749999975398,24.99999999978928,449.9999999996802,"[3, 8, 15, 19, 22, 27, 30, 35, 38, 43, 46, 51, 55, 58, 61, 65]","[348.9999999995788, 267.9999999997715, 188.9999999999181, 24.99999999978928, 449.9999999996802, 203.9999999997543, 44.99999999976694, 51.99999999974165, 356.9999999998571, 48.99999999985931, 287.9999999996987, 41.999999999998295, 205.99999999980193, 407.9999999992707, 109.00000000014194, 369.99999999943554]","[0, 0, 0, 0, 0, 24, 29, 32, 32, 40, 40, 47, 54, 32, 60, 60]","[5, 9, 16, 20, 32, 32, 32, 36, 54, 45, 54, 54, 56, 67, 62, 67]",6764699.999999077,459.99999999985516,-459.99999999985516,0.0,,,,DWT,inu.32000013032828,9.229406714439392e-07,,0.0,34,6.0,0.0,34,,1.4483703125733882e-10,79.31250000024602,485.9999999960637,79.31250000024599,,0.0,79.31250000024602,,,17.00000000021072,0.0,34,3.198010745109059e-10,1.4483703125733882e-10,,6.110667527536862e-11,0.1904677439221265,0.8572442803808861,0.0033841063090198457,0.480392156862745,0.007794693404555428,,,,,,,0.06646991749949695,0.033234958749748474,0.06646991749949695,75,0.739869579805149,0.5048908437391464,543,0,0.06646991749949695,0.06646991749949695,75,0,0.3078565961758666,0.5239316339457298,528,265.9403128523391,0.5717547297063783,305.25,131.56931040654212,0.5401044179932858,504,sym,375.8541666666667,399.5,183.40489689834808,144,1.0,1.0,0.0,6,379.5
db16,1,smooth,6.406739558135819e-27,315.1887859361874,44082518.16642186,0.59,310.89607882674505,69,raw,5.787319094161975e-14,-7.129752344070567e-11,3.6476190333417997,1512453.4950274436,0.9973416462320795,1.3207638667392629e-05,1.0,323.00000000000017,,,,[],[],16,213.18749999999997,24.999999999999773,450.00000000000006,"[3, 8, 15, 19, 22, 27, 30, 35, 38, 43, 46, 51, 55, 58, 61, 65]","[348.9999999999999, 268.0, 188.99999999999994, 24.999999999999773, 450.00000000000006, 203.99999999999994, 45.00000000000006, 51.999999999999886, 357.0, 48.99999999999994, 288.0, 42.00000000000006, 206.00000000000003, 408.0, 109.00000000000011, 370.0]","[0, 0, 0, 0, 0, 24, 29, 32, 32, 40, 40, 47, 54, 32, 60, 60]","[5, 9, 16, 20, 32, 32, 32, 36, 54, 45, 54, 54, 56, 67, 62, 67]",6764700.0,460.0000000000001,-460.0000000000001,0.0,,,,DWT,inu.32000013032828,0.0,,0.0,34,6.0,0.0,34,,1.1368683772161603e-13,79.31250000000003,485.99999999999955,79.31250000000003,,0.0,79.31250000000003,,,17.000000000000227,0.0,34,5.684341886080802e-14,1.1368683772161603e-13,,1.7053025658242404e-13,0.893772184001719,0.2713975165867605,0.3933623616338151,0.3005882352941174,0.5024425566494699,,,,,,,0.0,0.0,0.0,525,1.1898555662887542,0.8119636178979827,199,0,0.0,0.0,560,0,0.4723125708331764,0.8038141785611452,160,210.66719409216677,0.6607613621704238,361.0,267.2795954669918,0.5397204556423778,505,db,361.0980392156863,403.0,158.96390539935234,153,0.9607397529157442,0.8667375194865046,0.06746091711302768,5,380.0
rbio5.5,1,antisymmetric,2.1227063183573212e-20,249.98625750751307,1479781.8868595634,0.625,282.425501895633,69,raw,1.071558687192958e-10,-1.7308143807183518e-09,5.302258034554492,51874.46298339552,0.8578340779123976,1.3207638667368952e-05,1.0,323.00000000003405,,,,[],[],16,213.18750000019836,24.999999999872045,450.00000000042326,"[3, 8, 15, 19, 22, 27, 30, 35, 38, 43, 46, 51, 55, 58, 61, 65]","[349.0000000003943, 268.0000000001857, 189.00000000023695, 24.999999999872045, 450.00000000042326, 204.00000000028467, 45.00000000005349, 51.9999999999111, 357.0000000003921, 49.00000000003155, 288.000000000294, 42.00000000006156, 206.0000000000008, 408.00000000028444, 109.00000000013483, 370.00000000061283]","[0, 0, 0, 0, 0, 24, 29, 32, 32, 40, 40, 47, 54, 32, 60, 60]","[5, 9, 16, 20, 32, 32, 32, 36, 54, 45, 54, 54, 56, 67, 62, 67]",6764700.000002565,460.00000000008157,-460.00000000008157,0.0,,,,DWT,inu.32000013032828,2.564862370491028e-06,,0.0,34,6.0,0.0,34,,8.15703060652595e-11,79.31249999980164,486.0000000031737,79.31249999987338,,0.0,79.31249999980164,,,17.000000000127955,0.0,34,4.232560968375765e-10,8.15703060652595e-11,,3.4049207897624e-11,0.18832550850586516,0.8470085548015467,0.0018166512725209744,0.49754901960784303,0.0124078683052543,,,,,,,0.1847206385404789,0.09236031927023945,0.1847206385404789,18,0.7413906633057918,0.5059288390196653,541,0,0.1847206385404789,0.1847206385404789,19,0,0.30942152049860605,0.5265949303233262,523,296.56070204934434,0.5224465345421185,275.25,35.7309997739269,0.5396049097831366,506,rbio,249.7925925925926,196.0,174.24048813612427,135,0.6645997696604647,0.9500318207572005,0.24977061501051454,3,380.25
bior3.7,1,symmetric,8.487686029508394e-28,323.9672635728772,1551965.1833703127,0.6071428571428571,232.3420123680827,69,raw,1.5240626796013735e-14,-6.954681275317424e-11,5.219857116029495,21054.951874500643,0.7892666042863008,1.3207638667392627e-05,1.0,323.0,,,,[],[],16,213.1875,25.000000000000057,450.00000000000006,"[3, 8, 15, 19, 22, 27, 30, 35, 38, 43, 46, 51, 55, 58, 61, 65]","[349.0, 268.0, 189.0, 25.000000000000057, 450.00000000000006, 203.99999999999994, 45.0, 52.0, 357.0, 49.0, 288.0, 41.99999999999994, 206.0, 407.9999999999999, 109.0, 370.0]","[0, 0, 0, 0, 0, 24, 29, 32, 32, 40, 40, 47, 54, 32, 60, 60]","[5, 9, 16, 20, 32, 32, 32, 36, 54, 45, 54, 54, 56, 67, 62, 67]",6764700.0,460.00000000000006,-460.00000000000006,0.0,,,,DWT,inu.32000013032828,0.0,,0.0,34,6.0,0.0,34,,5.684341886080802e-14,79.3125,486.0,79.31250000000001,,0.0,79.3125,,,16.999999999999943,0.0,34,5.684341886080802e-14,5.684341886080802e-14,,0.0,0.9887492963002369,0.81834316118562,0.0024800607756819207,0.3970588235294114,0.0020677023917175315,,,,,,,0.0,0.0,0.0,460,1.1633117991292448,0.7938500133344464,228,0,0.0,0.0,615,0,0.44173980883653363,0.7517833390530501,237,187.15234436148535,0.6986274647963199,385.0,322.442735918902,0.5393298354577413,507,bior,292.162962962963,301.0,176.53037485058104,135,0.7773306480916924,0.9625172382852065,0.16711337485025335,4,381.25
db14,1,reflect,4.355060969623617e-27,316.86521423976814,1741109.1743651682,0.59375,298.3106919226148,69,raw,5.025287754361287e-14,-7.012346259216455e-11,5.5742730053041125,16388.872328422312,0.6267161814357587,1.3207638667392627e-05,1.0,323.0000000000001,,,,[],[],16,213.1875,25.000000000000114,450.00000000000017,"[3, 8, 15, 19, 22, 27, 30, 35, 38, 43, 46, 51, 55, 58, 61, 65]","[349.0, 268.0, 188.9999999999999, 25.000000000000114, 450.00000000000017, 204.0, 45.00000000000006, 52.0, 357.0, 48.999999999999716, 288.0000000000001, 41.99999999999994, 206.0000000000001, 407.9999999999999, 108.99999999999994, 369.9999999999999]","[0, 0, 0, 0, 0, 24, 29, 32, 32, 40, 40, 47, 54, 32, 60, 60]","[5, 9, 16, 20, 32, 32, 32, 36, 54, 45, 54, 54, 56, 67, 62, 67]",6764700.0,460.0000000000001,-460.0000000000001,0.0,,,,DWT,inu.32000013032828,0.0,,0.0,34,6.0,0.0,34,,1.1368683772161603e-13,79.3125,486.0,79.31250000000004,,0.0,79.3125,,,16.999999999999886,0.0,34,1.7053025658242404e-13,1.1368683772161603e-13,,1.1368683772161603e-13,0.9119099894207507,0.9416363374226497,0.004218411989291147,0.3216911764705881,0.00050219940558206,,,,,,,0.0,0.0,0.0,498,1.148950718708889,0.7840499374719563,243,0,0.0,0.0,592,0,0.43599162294177235,0.7420006789915919,253,175.762149888232,0.7169691628208825,396.5,339.9910139917565,0.5392414252107633,508,db,361.0980392156863,403.0,158.96390539935234,153,0.9607397529157442,0.8667375194865046,0.06746091711302768,5,382.25
db4,1,zero,1.264372539568147e-27,322.2364060837176,1313405.429317977,0.5789473684210527,234.9537408400278,69,raw,2.224307694553358e-14,-7.00601798797609e-11,5.150504062947846,20827.442520775625,0.7187878447008784,1.3207638667392627e-05,1.0,323.0,,,,[],[],16,213.1875,25.0,450.0000000000001,"[3, 8, 15, 19, 22, 27, 30, 35, 38, 43, 46, 51, 55, 58, 61, 65]","[349.00000000000006, 268.0, 189.0, 25.0, 450.0000000000001, 203.9999999999999, 45.000000000000114, 52.00000000000006, 357.00000000000006, 49.0, 288.0, 42.0, 206.00000000000003, 408.0, 109.00000000000006, 370.0]","[0, 0, 0, 0, 0, 24, 29, 32, 32, 40, 40, 47, 54, 32, 60, 60]","[5, 9, 16, 20, 32, 32, 32, 36, 54, 45, 54, 54, 56, 67, 62, 67]",6764700.0,460.00000000000006,-460.00000000000006,0.0,,,,DWT,inu.32000013032828,0.0,,0.0,34,6.0,0.0,34,,5.684341886080802e-14,79.3125,486.0,79.3125,,0.0,79.3125,,,17.0,0.0,34,1.1368683772161603e-13,5.684341886080802e-14,,0.0,0.9700226043925693,0.7942168213263303,0.000287547887516864,0.23839009287925697,0.001991371379973505,,,,,,,0.0,0.0,0.0,586,1.0754183329461573,0.7338710555402578,327,0,0.0,0.0,523,0,0.4009816875731294,0.6824183511484395,347,128.4403233671835,0.7931717820174179,445.75,418.4766266079079,0.5376889505900294,509,db,361.0980392156863,403.0,158.96390539935234,153,0.9607397529157442,0.8667375194865046,0.06746091711302768,5,383.0
bior5.5,1,symmetric,1.884393167181402e-20,250.50344142547956,1401591.5883909573,0.6125,317.5315970308638,69,raw,1.0557318626399422e-10,,5.479925894824984,17602.4141098318,0.5443164629661162,1.320763866736581e-05,1.0,323.0000000000341,,,,[],[],16,213.1875000002016,24.99999999987199,450.00000000042314,"[3, 8, 15, 19, 22, 27, 30, 35, 38, 43, 46, 51, 55, 58, 61, 65]","[349.0000000004027, 268.00000000018576, 189.00000000023692, 24.99999999987199, 450.00000000042314, 204.00000000028461, 45.00000000005355, 51.99999999991121, 357.0000000003921, 49.00000000003138, 288.000000000294, 42.00000000006156, 206.0000000000008, 408.0000000006587, 109.00000000014705, 370.00000000026967]","[0, 0, 0, 0, 0, 24, 29, 32, 32, 40, 40, 47, 54, 32, 60, 60]","[5, 9, 16, 20, 32, 32, 32, 36, 54, 45, 54, 54, 56, 67, 62, 67]",6764700.000001909,460.0000000000815,-460.0000000000815,0.0,,,,DWT,inu.32000013032828,1.909211277961731e-06,,0.0,34,6.0,0.0,34,,8.151346264639869e-11,79.3124999997984,486.0000000032255,79.31249999988889,,0.0,79.3124999997984,,,17.00000000012801,0.0,34,4.2314240999985486e-10,8.151346264639869e-11,,3.410605131648481e-11,0.1939210840815654,0.9088151370425944,0.0010980336758400103,0.4272058823529413,0.0009093513334126576,,,,,,,0.13750083841974647,0.06875041920987324,0.13750083841974647,30,0.742555329282698,0.5067236131309476,540,0,0.13750083841974647,0.13750083841974647,29,0,0.3063898976972708,0.5214355050989163,531,292.1626259465779,0.5295287826947215,282.5,55.904037271778414,0.5373086747612094,510,bior,292.162962962963,301.0,176.53037485058104,135,0.7773306480916924,0.9625172382852065,0.16711337485025335,4,383.5
db8,1,periodic,2.195091214528033e-27,319.84063091794974,1479560.5073623522,0.6666666666666666,334.41348910162816,69,raw,3.130507125667689e-14,-6.83426648606658e-11,5.424664705466806,17052.24859886204,0.5707972838491329,1.3207638667392627e-05,1.0,323.0,,,,[],[],16,213.1875,25.0,450.0,"[3, 8, 15, 19, 22, 27, 30, 35, 38, 43, 46, 51, 55, 58, 61, 65]","[349.00000000000006, 267.9999999999999, 189.0, 25.0, 450.0, 204.00000000000006, 45.000000000000114, 51.99999999999994, 356.9999999999999, 49.0, 288.0, 41.99999999999994, 205.99999999999994, 408.0, 109.00000000000011, 370.0000000000001]","[0, 0, 0, 0, 0, 24, 29, 32, 32, 40, 40, 47, 54, 32, 60, 60]","[5, 9, 16, 20, 32, 32, 32, 36, 54, 45, 54, 54, 56, 67, 62, 67]",6764700.0,460.0,-460.0,0.0,,,,DWT,inu.32000013032828,0.0,,0.0,34,6.0,0.0,34,,0.0,79.3125,486.0,79.3125,,0.0,79.3125,,,17.0,0.0,34,0.0,0.0,,0.0,0.944101958879945,0.889591034047239,0.001814616656905532,0.7320261437908494,0.0007247668783499943,,,,,,,0.0,0.0,0.0,589,1.305264364947719,0.8907191814733787,46,0,0.0,0.0,479,0,0.5136517040506579,0.8741679727678555,61,281.09473492045345,0.547351473558046,293.75,95.42428938528379,0.5371620491783788,511,db,361.0980392156863,403.0,158.96390539935234,153,0.9607397529157442,0.8667375194865046,0.06746091711302768,5,384.5
db11,1,reflect,3.384098955730717e-27,317.96072609439585,1539775.5648088125,0.6111111111111112,301.1675564944672,69,raw,4.14998148567131e-14,-6.899669724447245e-11,5.5933305460373335,16080.246809952207,0.5394912090756457,1.3207638667392627e-05,1.0,323.0,,,,[],[],16,213.18750000000003,25.000000000000114,450.0,"[3, 8, 15, 19, 22, 27, 30, 35, 38, 43, 46, 51, 55, 58, 61, 65]","[349.0000000000001, 267.9999999999999, 189.0, 25.000000000000114, 450.0, 204.0, 45.00000000000006, 52.0, 357.0, 49.00000000000006, 287.99999999999994, 41.999999999999886, 206.00000000000006, 408.00000000000017, 109.00000000000003, 370.0]","[0, 0, 0, 0, 0, 24, 29, 32, 32, 40, 40, 47, 54, 32, 60, 60]","[5, 9, 16, 20, 32, 32, 32, 36, 54, 45, 54, 54, 56, 67, 62, 67]",6764700.0,460.0,-460.0,0.0,,,,DWT,inu.32000013032828,0.0,,0.0,34,6.0,0.0,34,,0.0,79.31249999999997,486.00000000000045,79.31249999999999,,0.0,79.31249999999997,,,16.999999999999886,0.0,34,0.0,0.0,,0.0,0.9237626769535482,0.948266019667073,0.002368030580546651,0.4193899782135078,0.0003986533416988087,,,,,,,0.0,0.0,0.0,515,1.1974900839180216,0.8171734523777261,183,0,0.0,0.0,578,0,0.4588370717512749,0.7808806428178292,195,208.0566829816657,0.6649650837654337,367.75,280.4156835236164,0.5363875338311871,512,db,361.0980392156863,403.0,158.96390539935234,153,0.9607397529157442,0.8667375194865046,0.06746091711302768,5,385.25
db4,1,smooth,1.4050413015658183e-27,321.7782657273166,1865827.6845852109,0.6052631578947368,276.776238063837,69,raw,2.311838321422356e-14,-6.997924462126573e-11,4.9515054393861195,62036.873633865434,0.9232263775790724,1.3207638667392624e-05,1.0,323.0,,,,[],[],16,213.18750000000003,25.0,450.0000000000001,"[3, 8, 15, 19, 22, 27, 30, 35, 38, 43, 46, 51, 55, 58, 61, 65]","[349.00000000000006, 268.0, 189.0, 25.0, 450.0000000000001, 203.9999999999999, 45.000000000000114, 52.00000000000006, 357.00000000000006, 49.0, 288.0, 42.0, 206.00000000000003, 408.0, 109.00000000000006, 370.0000000000001]","[0, 0, 0, 0, 0, 24, 29, 32, 32, 40, 40, 47, 54, 32, 60, 60]","[5, 9, 16, 20, 32, 32, 32, 36, 54, 45, 54, 54, 56, 67, 62, 67]",6764700.0,460.00000000000006,-460.00000000000006,0.0,,,,DWT,inu.32000013032828,0.0,,0.0,34,6.0,0.0,34,,5.684341886080802e-14,79.31249999999997,486.00000000000045,79.31249999999997,,0.0,79.31249999999997,,,17.0,0.0,34,1.1368683772161603e-13,5.684341886080802e-14,,0.0,0.9650658396915326,0.7249897547409738,0.005364652863559485,0.3864809081527346,0.01581742960024267,,,,,,,0.0,0.0,0.0,582,1.1051360427183772,0.7541505750264389,301,0,0.0,0.0,527,0,0.4195437170098087,0.714008495822658,296,149.51142654214314,0.7592408590303653,426.5,387.73276424789105,0.536222683943524,513,db,361.0980392156863,403.0,158.96390539935234,153,0.9607397529157442,0.8667375194865046,0.06746091711302768,5,386.0
rbio1.5,1,periodization,2.26917184558361e-27,319.69648276882054,1335786.9941008058,0.6428571428571429,323.7333104860062,69,raw,4.0418031147727244e-14,-7.162992421427841e-11,5.165389355308684,14892.03559595225,0.5837493104412773,1.3207638667392622e-05,0.9999999999999999,323.00000000000006,,,,[],[],16,213.18750000000003,25.0,450.00000000000006,"[3, 8, 15, 19, 22, 27, 30, 35, 38, 43, 46, 51, 55, 58, 61, 65]","[349.00000000000006, 268.0, 189.0, 25.0, 450.00000000000006, 204.00000000000006, 45.0, 52.0, 357.00000000000006, 48.99999999999994, 288.00000000000006, 41.99999999999994, 206.00000000000003, 408.0000000000001, 109.00000000000006, 370.00000000000006]","[0, 0, 0, 0, 0, 24, 29, 32, 32, 40, 40, 47, 54, 32, 60, 60]","[5, 9, 16, 20, 32, 32, 32, 36, 54, 45, 54, 54, 56, 67, 62, 67]",6764700.0,460.00000000000006,-460.00000000000006,0.0,,,,DWT,inu.32000013032828,0.0,,0.0,34,6.0,0.0,34,,5.684341886080802e-14,79.31249999999997,486.00000000000045,79.31249999999999,,0.0,79.31249999999997,,,17.0,0.0,34,5.684341886080802e-14,5.684341886080802e-14,,5.684341886080802e-14,0.9425423746884621,0.7993950738537233,0.000493248423378784,0.5980392156862747,0.0,,,,,,,0.0,0.0,0.0,541,1.204685272226138,0.8220834862470787,174,0,0.0,0.0,553,0,0.46809398253036777,0.7966346934051012,171,216.27663612450914,0.6517284442439466,359.75,262.2636661737803,0.5362104379029717,514,rbio,249.7925925925926,196.0,174.24048813612427,135,0.6645997696604647,0.9500318207572005,0.24977061501051454,3,386.25
sym7,1,reflect,1.549226391302981e-20,251.35400776714718,1434067.8335958791,0.6097560975609756,299.0055710728542,69,raw,1.0257125905476693e-10,,5.444241880046536,16756.060502093955,0.5464041794755782,1.3207638667400316e-05,0.9999999999999999,323.0000000000611,,,,[],[],16,213.18749999980105,24.99999999978928,449.9999999996802,"[3, 8, 15, 19, 22, 27, 30, 35, 38, 43, 46, 51, 55, 58, 61, 65]","[348.9999999995424, 267.9999999997706, 188.9999999999181, 24.99999999978928, 449.9999999996802, 203.9999999997543, 44.99999999976694, 51.99999999974165, 356.9999999998571, 48.99999999985931, 287.9999999996987, 41.999999999998295, 205.9999999998019, 407.9999999997534, 109.00000000016763, 369.99999999971715]","[0, 0, 0, 0, 0, 24, 29, 32, 32, 40, 40, 47, 54, 32, 60, 60]","[5, 9, 16, 20, 32, 32, 32, 36, 54, 45, 54, 54, 56, 67, 62, 67]",6764699.999999199,459.99999999985516,-459.99999999985516,0.0,,,,DWT,inu.32000013032828,8.009374141693115e-07,,0.0,34,6.0,0.0,34,,1.4483703125733882e-10,79.31250000019895,485.99999999681677,79.31250000019894,,0.0,79.31250000019895,,,17.00000000021072,0.0,34,3.198010745109059e-10,1.4483703125733882e-10,,6.110667527536862e-11,0.20312362902082282,0.8964014850138194,0.001396510619085763,0.41176470588235276,0.0006253936582046311,,,,,,,0.05768327855657657,0.028841639278288284,0.05768327855657657,88,0.7357292150451693,0.502065437324134,546,0,0.05768327855657657,0.05768327855657657,88,0,0.3026623448388571,0.515091698001757,538,262.1373685684664,0.5778786335451427,315.0,151.41472100842304,0.5353161283667742,515,sym,375.8541666666667,399.5,183.40489689834808,144,1.0,1.0,0.0,6,387.75
sym8,1,periodization,1.4089270045636778e-21,261.7662717013768,1329275.9293341604,0.6,291.61276850793837,69,raw,2.8514602917187603e-11,6.693989806853474e-11,5.202263764351613,15111.80816326414,0.5877819489117124,1.3207638667396132e-05,1.0,322.9999999999794,,,,[],[],16,213.18750000001063,25.000000000075204,449.99999999997476,"[3, 8, 15, 19, 22, 27, 30, 35, 38, 43, 46, 51, 55, 58, 61, 65]","[349.0000000000743, 268.0000000000287, 188.99999999996695, 25.000000000075204, 449.99999999997476, 203.99999999997826, 45.00000000003945, 52.00000000008231, 356.99999999994344, 49.00000000001904, 288.0000000000085, 41.99999999998096, 206.00000000004854, 407.9999999999787, 108.99999999994557, 370.00000000002507]","[0, 0, 0, 0, 0, 24, 29, 32, 32, 40, 40, 47, 54, 32, 60, 60]","[5, 9, 16, 20, 32, 32, 32, 36, 54, 45, 54, 54, 56, 67, 62, 67]",6764699.99999978,460.000000000013,-460.000000000013,0.0,,,,DWT,inu.32000013032828,2.1979212760925293e-07,,0.0,34,6.0,0.0,34,,1.3017142919125035e-11,79.31249999998937,486.0000000001701,79.3124999999894,,0.0,79.31249999998937,,,16.999999999924796,0.0,34,2.523847797419876e-11,1.3017142919125035e-11,,2.05773176276125e-11,0.31577718945479827,0.8122228368021375,0.0004334076783492778,0.35686274509803895,7.373526469058771e-05,,,,,,,0.01582936481320008,0.00791468240660004,0.01582936481320008,145,0.7385690280582142,0.5040033404726798,544,0,0.01582936481320008,0.01582936481320008,145,0,0.29707398285960296,0.5055810373264918,550,232.1077336066164,0.62623553364474,346.0,229.2326592076932,0.5345348360655262,516,sym,375.8541666666667,399.5,183.40489689834808,144,1.0,1.0,0.0,6,388.5
sym14,1,constant,9.406098993851753e-22,263.5210611822618,1636682.8650449112,0.5833333333333334,206.81225723117416,69,raw,2.281130517972548e-11,-5.86877213502703e-11,5.372589055482564,23363.215491899446,0.8164520428767615,1.3207638667397957e-05,0.9999999999999999,323.00000000000006,,,,[],[],16,213.1874999999409,24.999999999999886,449.99999999989274,"[3, 8, 15, 19, 22, 27, 30, 35, 38, 43, 46, 51, 55, 58, 61, 65]","[348.99999999987483, 267.9999999999499, 188.99999999994952, 24.999999999999886, 449.99999999989274, 203.99999999992394, 44.999999999969134, 51.99999999999312, 356.99999999991473, 48.999999999978684, 287.9999999999213, 41.999999999986414, 205.99999999998016, 407.99999999982265, 108.99999999999841, 369.9999999998994]","[0, 0, 0, 0, 0, 24, 29, 32, 32, 40, 40, 47, 54, 32, 60, 60]","[5, 9, 16, 20, 32, 32, 32, 36, 54, 45, 54, 54, 56, 67, 62, 67]",6764699.999999586,459.9999999999694,-459.9999999999694,0.0,,,,DWT,inu.32000013032828,4.1443854570388794e-07,,0.0,34,6.0,0.0,34,,3.058175934711471e-11,79.31250000005909,485.9999999990546,79.31250000005907,,0.0,79.31250000005909,,,17.000000000000114,0.0,34,1.0726353139034472e-10,3.058175934711471e-11,,5.684341886080802e-14,0.334762809112778,0.8714751072915116,0.003258669094024976,0.26307189542483667,0.002842141307758469,,,,,,,0.029847742974042527,0.014923871487021264,0.029847742974042527,115,0.7445901883534732,0.5081122115287957,539,0,0.029847742974042527,0.029847742974042527,115,0,0.2950821244461819,0.5021911550043471,551,248.30894734852657,0.6001466226271714,330.0,189.9202311045865,0.5343728282217983,517,sym,375.8541666666667,399.5,183.40489689834808,144,1.0,1.0,0.0,6,389.25
sym14,1,periodization,1.0370110586733191e-21,263.0973227563834,1338625.1115800415,0.6,278.6909586268959,69,raw,2.4812455616672412e-11,-5.703415517742389e-11,5.1659302818825585,15111.808163261856,0.5868829048030085,1.3207638667398104e-05,1.0,323.00000000000017,,,,[],[],16,213.187499999942,24.999999999999886,449.9999999998928,"[3, 8, 15, 19, 22, 27, 30, 35, 38, 43, 46, 51, 55, 58, 61, 65]","[348.99999999988484, 267.99999999995, 188.99999999994947, 24.999999999999886, 449.9999999998928, 203.99999999992406, 44.99999999996919, 51.99999999999312, 356.9999999999145, 48.99999999997851, 287.99999999992133, 41.999999999986585, 205.99999999998005, 407.9999999998309, 108.99999999999903, 369.9999999998976]","[0, 0, 0, 0, 0, 24, 29, 32, 32, 40, 40, 47, 54, 32, 60, 60]","[5, 9, 16, 20, 32, 32, 32, 36, 54, 45, 54, 54, 56, 67, 62, 67]",6764699.999999558,459.99999999996953,-459.99999999996953,0.0,,,,DWT,inu.32000013032828,4.423782229423523e-07,,0.0,34,6.0,0.0,34,,3.0468072509393096e-11,79.31250000005801,485.99999999907186,79.31250000005801,,0.0,79.31250000005801,,,17.000000000000114,0.0,34,1.0720668797148392e-10,3.0468072509393096e-11,,1.7053025658242404e-13,0.3301782497249811,0.7995832498283968,0.0005193324926555552,0.35686274509803895,7.37352646898214e-05,,,,,,,0.03185995036555101,0.015929975182775506,0.03185995036555101,111,0.7409328331406063,0.505616413337222,542,0,0.03185995036555101,0.03185995036555101,111,0,0.29744346248175246,0.5062098432853281,549,250.8749688589916,0.5960145429001746,328.25,184.4633009269537,0.5337158060716654,518,sym,375.8541666666667,399.5,183.40489689834808,144,1.0,1.0,0.0,6,390.0
sym7,1,constant,1.653512484860939e-20,251.0710818495664,1465721.0689876962,0.6219512195121951,270.49615592040277,69,raw,1.0659595589465647e-10,,5.255146982298705,20192.212352613904,0.7511082516448839,1.320763866740212e-05,1.0,323.0000000000611,,,,[],[],16,213.18749999977751,24.99999999978928,449.9999999996802,"[3, 8, 15, 19, 22, 27, 30, 35, 38, 43, 46, 51, 55, 58, 61, 65]","[348.9999999995606, 267.99999999977103, 188.9999999999181, 24.99999999978928, 449.9999999996802, 203.9999999997543, 44.99999999976694, 51.99999999974165, 356.9999999998571, 48.99999999985931, 287.9999999996987, 41.999999999998295, 205.9999999998019, 407.99999999951194, 109.00000000015478, 369.9999999995763]","[0, 0, 0, 0, 0, 24, 29, 32, 32, 40, 40, 47, 54, 32, 60, 60]","[5, 9, 16, 20, 32, 32, 32, 36, 54, 45, 54, 54, 56, 67, 62, 67]",6764699.999999138,459.99999999985516,-459.99999999985516,0.0,,,,DWT,inu.32000013032828,8.624047040939331e-07,,0.0,34,6.0,0.0,34,,1.4483703125733882e-10,79.31250000022249,485.99999999644024,79.31250000022247,,0.0,79.31250000022249,,,17.00000000021072,0.0,34,3.198010745109059e-10,1.4483703125733882e-10,,6.110667527536862e-11,0.20006256447656512,0.8306196979690474,0.001687423588980325,0.480392156862745,0.001778247125378164,,,,,,,0.062110134817895235,0.031055067408947618,0.062110134817895235,84,0.7290592610602022,0.49751382608468,551,0,0.062110134817895235,0.062110134817895235,84,0,0.30290801800454326,0.5155098015756725,537,265.64261706285004,0.5722341110099034,314.0,145.52543891235806,0.5332990200782206,519,sym,375.8541666666667,399.5,183.40489689834808,144,1.0,1.0,0.0,6,390.75
bior5.5,1,antisymmetric,2.1226264828898485e-20,249.9864208497273,1388746.6440155872,0.6125,306.46600854350913,69,raw,1.0715319131188568e-10,-1.7305260557988554e-09,5.44996542656081,47901.67025736078,0.7735440024484304,1.3207638667368952e-05,1.0,323.0000000000341,,,,[],[],16,213.18750000019833,24.99999999987199,450.00000000042314,"[3, 8, 15, 19, 22, 27, 30, 35, 38, 43, 46, 51, 55, 58, 61, 65]","[349.0000000003944, 268.00000000018576, 189.00000000023692, 24.99999999987199, 450.00000000042314, 204.00000000028461, 45.00000000005355, 51.99999999991121, 357.0000000003921, 49.00000000003138, 288.000000000294, 42.00000000006156, 206.0000000000008, 408.0000000002843, 109.00000000013478, 370.000000000613]","[0, 0, 0, 0, 0, 24, 29, 32, 32, 40, 40, 47, 54, 32, 60, 60]","[5, 9, 16, 20, 32, 32, 32, 36, 54, 45, 54, 54, 56, 67, 62, 67]",6764700.000002565,460.0000000000815,-460.0000000000815,0.0,,,,DWT,inu.32000013032828,2.564862370491028e-06,,0.0,34,6.0,0.0,34,,8.151346264639869e-11,79.31249999980167,486.0000000031732,79.31249999987338,,0.0,79.31249999980167,,,17.00000000012801,0.0,34,4.2314240999985486e-10,8.151346264639869e-11,,3.410605131648481e-11,0.18832727575668762,0.8983925758493054,0.0009799806278620016,0.4272058823529413,0.011074967994728764,,,,,,,0.1847206385404789,0.09236031927023945,0.1847206385404789,19,0.7379949838316645,0.5036116097112089,545,0,0.1847206385404789,0.1847206385404789,18,0,0.305196136516305,0.5194038798102151,534,300.8332871652781,0.5155663652733042,279.0,35.74790915575362,0.5331455014772318,520,bior,292.162962962963,301.0,176.53037485058104,135,0.7773306480916924,0.9625172382852065,0.16711337485025335,4,391.0
sym6,1,antisymmetric,1.0864543384715766e-20,252.8950418486173,1451355.7617265207,0.6125,286.38973776093513,69,raw,8.227075703462762e-11,-1.8318313533437576e-10,5.318591724807602,50354.810591254674,0.8347452109187627,1.3207638667382742e-05,1.0,322.9999999999621,,,,[],[],16,213.18750000018716,25.00000000013273,450.0000000003295,"[3, 8, 15, 19, 22, 27, 30, 35, 38, 43, 46, 51, 55, 58, 61, 65]","[349.00000000044804, 268.00000000019224, 189.00000000011383, 25.00000000013273, 450.0000000003295, 204.00000000024767, 45.00000000017735, 52.000000000160014, 357.0000000001977, 49.00000000011653, 288.000000000276, 42.00000000002285, 206.0000000001463, 408.0000000002493, 108.99999999989024, 370.0000000002942]","[0, 0, 0, 0, 0, 24, 29, 32, 32, 40, 40, 47, 54, 32, 60, 60]","[5, 9, 16, 20, 32, 32, 32, 36, 54, 45, 54, 54, 56, 67, 62, 67]",6764700.000001064,460.0000000001292,-460.0000000001292,0.0,,,,DWT,inu.32000013032828,1.0635703802108765e-06,,0.0,34,6.0,0.0,34,,1.2920509107061662e-10,79.31249999981284,486.0000000029945,79.31249999986821,,0.0,79.31249999981284,,,16.99999999986727,0.0,34,3.2952129913610406e-10,1.2920509107061662e-10,,3.7914560380158946e-11,0.21979656173980644,0.852690671805667,0.0015553974580946072,0.4272058823529413,0.011898014083033873,,,,,,,0.07659802803675632,0.03829901401837816,0.07659802803675632,65,0.7346425302501547,0.5013238779763665,547,0,0.07659802803675632,0.07659802803675632,65,0,0.3026293054879087,0.515035469350684,539,275.99275352805915,0.5555672245924974,304.0,116.1013001017787,0.5330171066601779,521,sym,375.8541666666667,399.5,183.40489689834808,144,1.0,1.0,0.0,6,392.25
bior2.8,1,reflect,3.67165590483389e-27,317.6065368953605,1526547.221817033,0.6162790697674418,235.12955676169128,69,raw,4.551592597187891e-14,-7.123390766139463e-11,5.337706925556573,18827.632340257216,0.7020531371142105,1.3207638667392627e-05,0.9999999999999999,323.0,,,,[],[],16,213.1875,25.000000000000057,450.00000000000006,"[3, 8, 15, 19, 22, 27, 30, 35, 38, 43, 46, 51, 55, 58, 61, 65]","[348.99999999999994, 268.0, 188.99999999999994, 25.000000000000057, 450.00000000000006, 203.9999999999999, 45.00000000000006, 52.0, 357.0000000000001, 49.00000000000006, 287.99999999999994, 41.99999999999994, 206.00000000000006, 408.0, 109.00000000000006, 370.00000000000006]","[0, 0, 0, 0, 0, 24, 29, 32, 32, 40, 40, 47, 54, 32, 60, 60]","[5, 9, 16, 20, 32, 32, 32, 36, 54, 45, 54, 54, 56, 67, 62, 67]",6764700.0,460.00000000000006,-460.00000000000006,0.0,,,,DWT,inu.32000013032828,0.0,,0.0,34,6.0,0.0,34,,5.684341886080802e-14,79.3125,486.0,79.3125,,0.0,79.3125,,,16.999999999999943,0.0,34,5.684341886080802e-14,5.684341886080802e-14,,0.0,0.9199305925393775,0.8593404126498844,0.0022464538602244887,0.44847241222070205,0.001320420793214449,,,,,,,0.0,0.0,0.0,482,1.1626689219842474,0.793411310631946,229,0,0.0,0.0,614,0,0.4462620584126806,0.7594796159526606,228,192.1741831429671,0.6905407678857212,388.25,321.12701630010815,0.5326697398204774,522,bior,292.162962962963,301.0,176.53037485058104,135,0.7773306480916924,0.9625172382852065,0.16711337485025335,4,392.5
bior3.5,1,smooth,1.3484376734245252e-27,321.95684785776575,8499566.358985046,0.5625,196.04266807820176,69,raw,2.1895528868259627e-14,-6.959743892309715e-11,3.2317588126040704,223516.7129538346,0.9863102854824713,1.3207638667392627e-05,1.0,322.99999999999994,,,,[],[],16,213.1875,25.0,450.0,"[3, 8, 15, 19, 22, 27, 30, 35, 38, 43, 46, 51, 55, 58, 61, 65]","[348.99999999999994, 268.0, 189.0, 25.0, 450.0, 204.0, 45.0, 52.00000000000006, 357.0, 49.00000000000006, 287.99999999999994, 42.0, 205.99999999999994, 408.0000000000001, 109.0, 370.0]","[0, 0, 0, 0, 0, 24, 29, 32, 32, 40, 40, 47, 54, 32, 60, 60]","[5, 9, 16, 20, 32, 32, 32, 36, 54, 45, 54, 54, 56, 67, 62, 67]",6764700.0,460.0,-460.0,0.0,,,,DWT,inu.32000013032828,0.0,,0.0,34,6.0,0.0,34,,0.0,79.3125,486.0,79.3125,,0.0,79.3125,,,17.0,0.0,34,0.0,0.0,,5.684341886080802e-14,0.9669979759639188,0.1267292637318258,0.06633284759581012,0.1458333333333332,0.06999506805661117,,,,,,,0.0,0.0,0.0,467,0.7630612017981468,0.5207169270318367,526,0,0.0,0.0,318,0,0.27517769773629985,0.46831642586616057,571,110.22552638416687,0.8225031781253351,470.5,447.5055874861003,0.5324271124121039,523,bior,292.162962962963,301.0,176.53037485058104,135,0.7773306480916924,0.9625172382852065,0.16711337485025335,4,393.25
rbio1.5,1,constant,2.49947719627592e-27,319.27666484497666,1432218.5849086202,0.6282051282051282,290.24732918429623,69,raw,4.036706556782018e-14,-7.159761672426182e-11,5.225991117867117,17912.85816551274,0.6972875078553561,1.3207638667392622e-05,1.0,323.00000000000006,,,,[],[],16,213.18750000000003,25.0,450.00000000000006,"[3, 8, 15, 19, 22, 27, 30, 35, 38, 43, 46, 51, 55, 58, 61, 65]","[349.00000000000006, 268.0, 189.00000000000006, 25.0, 450.00000000000006, 204.00000000000006, 45.0, 52.0, 357.00000000000006, 48.99999999999994, 288.00000000000006, 41.99999999999994, 206.00000000000003, 408.0000000000001, 109.00000000000006, 370.00000000000006]","[0, 0, 0, 0, 0, 24, 29, 32, 32, 40, 40, 47, 54, 32, 60, 60]","[5, 9, 16, 20, 32, 32, 32, 36, 54, 45, 54, 54, 56, 67, 62, 67]",6764700.0,460.00000000000006,-460.00000000000006,0.0,,,,DWT,inu.32000013032828,0.0,,0.0,34,6.0,0.0,34,,5.684341886080802e-14,79.31249999999997,486.00000000000045,79.31249999999997,,0.0,79.31249999999997,,,17.0,0.0,34,5.684341886080802e-14,5.684341886080802e-14,,5.684341886080802e-14,0.9380002324460304,0.8204770400338626,0.0013795148705935507,0.5155857214680742,0.0010135075295077246,,,,,,,0.0,0.0,0.0,545,1.180368108518879,0.8054893274431253,207,0,0.0,0.0,563,0,0.45529120326961375,0.7748460387507716,210,199.613585042034,0.678561054682715,381.25,302.94116589928433,0.5323159540724365,524,rbio,249.7925925925926,196.0,174.24048813612427,135,0.6645997696604647,0.9500318207572005,0.24977061501051454,3,393.75
sym4,1,periodization,5.909313789724652e-21,255.5397861135478,1325806.6852791412,0.6142857142857143,307.89482077046955,69,raw,5.869902029245166e-11,,5.215876550316583,15111.808163271504,0.5635142881844407,1.3207638667385397e-05,1.0,322.99999999997715,,,,[],[],16,213.1875000001376,25.00000000008015,450.00000000020646,"[3, 8, 15, 19, 22, 27, 30, 35, 38, 43, 46, 51, 55, 58, 61, 65]","[349.00000000033094, 268.0000000001065, 189.00000000007157, 25.00000000008015, 450.00000000020646, 204.00000000016107, 45.00000000010749, 52.00000000009152, 357.000000000127, 49.00000000007458, 288.0000000001658, 42.00000000001876, 206.0000000000864, 408.0000000003835, 108.99999999992477, 370.0000000002648]","[0, 0, 0, 0, 0, 24, 29, 32, 32, 40, 40, 47, 54, 32, 60, 60]","[5, 9, 16, 20, 32, 32, 32, 36, 54, 45, 54, 54, 56, 67, 62, 67]",6764700.000000699,460.00000000008066,-460.00000000008066,0.0,,,,DWT,inu.32000013032828,6.994232535362244e-07,,0.0,34,6.0,0.0,34,,8.066081136348657e-11,79.31249999986241,486.00000000220143,79.31249999990881,,0.0,79.31249999986241,,,16.99999999991985,0.0,34,2.064552973024547e-10,8.066081136348657e-11,,2.2851054382044822e-11,0.24841088229139163,0.8169584134787111,0.0004015231623166575,0.4372549019607844,7.373526469305839e-05,,,,,,,0.050372258367429076,0.025186129183714538,0.050372258367429076,93,0.7326579525855399,0.4999695918712165,549,0,0.050372258367429076,0.050372258367429076,93,0,0.30061989123157945,0.5116157092816452,544,261.83630382359127,0.5783634398975985,319.75,158.9502590273277,0.5317340548924385,525,sym,375.8541666666667,399.5,183.40489689834808,144,1.0,1.0,0.0,6,395.25
rbio4.4,1,antisymmetric,1.146227630784631e-20,252.66244790080137,1428701.9970668308,0.6153846153846154,290.5252873369595,69,raw,7.98210837201886e-11,,5.266010556280058,44483.80037343987,0.827316043309027,1.3207638667409214e-05,1.0,322.99999999999096,,,,[],[],16,213.18749999982214,25.000000000035698,449.9999999996433,"[3, 8, 15, 19, 22, 27, 30, 35, 38, 43, 46, 51, 55, 58, 61, 65]","[348.9999999995949, 267.9999999998525, 188.99999999982222, 25.000000000035698, 449.9999999996433, 203.99999999974344, 44.99999999991854, 52.00000000001671, 356.9999999996985, 48.99999999993986, 287.99999999975057, 41.99999999994748, 205.9999999999594, 407.9999999997284, 108.99999999996905, 369.99999999953354]","[0, 0, 0, 0, 0, 24, 29, 32, 32, 40, 40, 47, 54, 32, 60, 60]","[5, 9, 16, 20, 32, 32, 32, 36, 54, 45, 54, 54, 56, 67, 62, 67]",6764699.9999981895,459.999999999909,-459.999999999909,0.0,,,,DWT,inu.32000013032828,1.8104910850524902e-06,,0.0,34,6.0,0.0,34,,9.100631359615363e-11,79.31250000017786,485.9999999971542,79.31250000017786,,0.0,79.31250000017786,,,16.999999999964302,0.0,34,3.566924533515703e-10,9.100631359615363e-11,,9.038103598868474e-12,0.21728005461682431,0.8343988867187062,0.0013471952356403872,0.4434389140271494,0.009928248257814349,,,,,,,0.13039103896974982,0.06519551948487491,0.13039103896974982,39,0.7295879386612534,0.49787459842530113,550,0,0.13039103896974982,0.13039103896974982,39,0,0.301278659771227,0.512736847115484,540,292.1677600283782,0.529520515252209,292.0,72.79068671348448,0.5296555877388259,526,rbio,249.7925925925926,196.0,174.24048813612427,135,0.6645997696604647,0.9500318207572005,0.24977061501051454,3,395.25
bior6.8,1,constant,5.223877664412695e-22,266.0752266551968,1538170.834338877,0.5813953488372093,201.167389830192,69,raw,1.6869468784837704e-11,-7.264855383989915e-11,5.240126929474343,21277.200021498244,0.8009283453035742,1.3207638667396376e-05,0.9999999999999999,322.9999999999996,,,,[],[],16,213.18749999995728,25.000000000003013,449.9999999999214,"[3, 8, 15, 19, 22, 27, 30, 35, 38, 43, 46, 51, 55, 58, 61, 65]","[348.9999999999088, 267.9999999999703, 188.99999999996362, 25.000000000003013, 449.9999999999214, 203.99999999993943, 44.99999999997772, 51.99999999999807, 356.99999999993713, 48.99999999998391, 287.99999999994486, 41.99999999998852, 205.9999999999892, 407.9999999998661, 108.99999999999869, 369.99999999992576]","[0, 0, 0, 0, 0, 24, 29, 32, 32, 40, 40, 47, 54, 32, 60, 60]","[5, 9, 16, 20, 32, 32, 32, 36, 54, 45, 54, 54, 56, 67, 62, 67]",6764699.999999708,459.9999999999788,-459.9999999999788,0.0,,,,DWT,inu.32000013032828,2.9243528842926025e-07,,0.0,34,6.0,0.0,34,,2.120259523508139e-11,79.31250000004272,485.9999999993165,79.3125000000427,,0.0,79.31250000004272,,,16.999999999996987,0.0,34,7.861444828449748e-11,2.120259523508139e-11,,3.979039320256561e-13,0.36239712920696443,0.8253945653607047,0.002353282106935326,0.25216598267213863,0.002142268231059092,,,,,,,0.021061104031122144,0.010530552015561072,0.021061104031122144,131,0.7330355016192778,0.5002272332926235,548,0,0.021061104031122144,0.021061104031122144,129,0,0.2888906455155605,0.49165406821473046,556,243.66507067420775,0.6076246849046574,341.0,210.42769785119395,0.529255176590815,527,bior,292.162962962963,301.0,176.53037485058104,135,0.7773306480916924,0.9625172382852065,0.16711337485025335,4,396.25
db10,1,constant,2.992689611731873e-27,318.4945398725208,1374290.9264607436,0.5795454545454546,199.47821565290852,69,raw,3.969127763978749e-14,-7.027090020983478e-11,5.210524459336665,25116.54099663608,0.8123594986504918,1.3207638667392629e-05,1.0,323.00000000000006,,,,[],[],16,213.18749999999997,25.0,450.0,"[3, 8, 15, 19, 22, 27, 30, 35, 38, 43, 46, 51, 55, 58, 61, 65]","[349.00000000000006, 267.99999999999994, 189.00000000000006, 25.0, 450.0, 204.00000000000014, 45.0, 51.99999999999983, 357.0, 48.99999999999994, 288.0, 41.99999999999983, 205.99999999999997, 407.9999999999999, 108.99999999999989, 370.0]","[0, 0, 0, 0, 0, 24, 29, 32, 32, 40, 40, 47, 54, 32, 60, 60]","[5, 9, 16, 20, 32, 32, 32, 36, 54, 45, 54, 54, 56, 67, 62, 67]",6764700.0,460.0,-460.0,0.0,,,,DWT,inu.32000013032828,0.0,,0.0,34,6.0,0.0,34,,0.0,79.31250000000003,485.99999999999955,79.31250000000003,,0.0,79.31250000000003,,,17.0,0.0,34,0.0,0.0,,5.684341886080802e-14,0.9295381762200234,0.8150965435219939,0.0008471235700042242,0.24175579322638155,0.0034303945268103425,,,,,,,0.0,0.0,0.0,597,1.0637692143792898,0.7259216365310426,339,0,0.0,0.0,533,0,0.3981336062130426,0.6775712894348479,354,128.97383455569584,0.7923126657718264,455.75,428.91184295584486,0.5292078626765734,528,db,361.0980392156863,403.0,158.96390539935234,153,0.9607397529157442,0.8667375194865046,0.06746091711302768,5,397.25
db4,1,periodic,1.311201152144745e-27,322.0784634118853,1399404.466631618,0.5789473684210527,291.603478292363,69,raw,2.306689461018297e-14,-7.008849056688885e-11,5.316981001200557,17181.969907407598,0.5570126853255285,1.3207638667392627e-05,1.0,323.0,,,,[],[],16,213.1875,25.0,450.0000000000001,"[3, 8, 15, 19, 22, 27, 30, 35, 38, 43, 46, 51, 55, 58, 61, 65]","[349.00000000000006, 268.0, 189.0, 25.0, 450.0000000000001, 203.9999999999999, 45.000000000000114, 52.00000000000006, 357.00000000000006, 49.0, 288.0, 42.0, 206.00000000000003, 407.99999999999994, 109.00000000000006, 370.0]","[0, 0, 0, 0, 0, 24, 29, 32, 32, 40, 40, 47, 54, 32, 60, 60]","[5, 9, 16, 20, 32, 32, 32, 36, 54, 45, 54, 54, 56, 67, 62, 67]",6764700.0,460.00000000000006,-460.00000000000006,0.0,,,,DWT,inu.32000013032828,0.0,,0.0,34,6.0,0.0,34,,5.684341886080802e-14,79.3125,486.0,79.3125,,0.0,79.3125,,,17.0,0.0,34,1.1368683772161603e-13,5.684341886080802e-14,,0.0,0.9683137729185733,0.8521303379279762,0.0010779326631424305,0.23839009287925697,0.0007682893030939431,,,,,,,0.0,0.0,0.0,583,1.1032557519196438,0.7528674548201757,305,0,0.0,0.0,547,0,0.4121360851384086,0.7014016758998067,325,145.31345429794172,0.7660008787472758,440.0,404.0799535649623,0.528733128584588,529,db,361.0980392156863,403.0,158.96390539935234,153,0.9607397529157442,0.8667375194865046,0.06746091711302768,5,398.0
db3,1,smooth,1.1041308809076005e-27,322.8249510673905,1585691.0566699626,0.6216216216216216,284.082144523694,69,raw,2.17281909051277e-14,-6.786382567014495e-11,5.076090555310882,38170.69220435248,0.8611065944525584,1.3207638667392627e-05,1.0,323.0,,,,[],[],16,213.1875,25.0,450.0,"[3, 8, 15, 19, 22, 27, 30, 35, 38, 43, 46, 51, 55, 58, 61, 65]","[348.99999999999994, 268.00000000000006, 189.0, 25.0, 450.0, 203.99999999999994, 45.0, 51.99999999999994, 357.0, 49.0, 288.0, 42.0, 206.00000000000003, 408.0, 109.00000000000003, 370.0]","[0, 0, 0, 0, 0, 24, 29, 32, 32, 40, 40, 47, 54, 32, 60, 60]","[5, 9, 16, 20, 32, 32, 32, 36, 54, 45, 54, 54, 56, 67, 62, 67]",6764700.0,460.0,-460.0,0.0,,,,DWT,inu.32000013032828,0.0,,0.0,34,6.0,0.0,34,,0.0,79.3125,486.0,79.3125,,0.0,79.3125,,,17.0,0.0,34,0.0,0.0,,0.0,0.9763902577967768,0.768330065147657,0.0027900225802949576,0.47853736089030185,0.007810155415010369,,,,,,,0.0,0.0,0.0,488,1.165933205064167,0.7956388743585938,225,0,0.0,0.0,618,0,0.4467715723660082,0.760346742015253,226,196.38970611176816,0.6837524861324185,389.25,319.0676457772501,0.52847044596476,530,db,361.0980392156863,403.0,158.96390539935234,153,0.9607397529157442,0.8667375194865046,0.06746091711302768,5,398.75
db7,1,periodization,3.5209149398768396e-27,317.78860130081756,1347795.1994870147,0.6428571428571429,295.8201763672976,69,raw,4.025299717007291e-14,-6.756761816717496e-11,5.130782482852006,15111.808163265307,0.6046625864848351,1.3207638667392627e-05,1.0,322.99999999999994,,,,[],[],16,213.1875,24.999999999999886,449.9999999999999,"[3, 8, 15, 19, 22, 27, 30, 35, 38, 43, 46, 51, 55, 58, 61, 65]","[349.0000000000001, 267.99999999999994, 189.00000000000006, 24.999999999999886, 449.9999999999999, 204.00000000000006, 45.00000000000017, 51.99999999999994, 357.0, 49.000000000000114, 288.0, 42.0, 206.00000000000003, 408.00000000000017, 108.99999999999989, 369.99999999999994]","[0, 0, 0, 0, 0, 24, 29, 32, 32, 40, 40, 47, 54, 32, 60, 60]","[5, 9, 16, 20, 32, 32, 32, 36, 54, 45, 54, 54, 56, 67, 62, 67]",6764700.0,459.9999999999999,-459.9999999999999,0.0,,,,DWT,inu.32000013032828,0.0,,0.0,34,6.0,0.0,34,,1.1368683772161603e-13,79.3125,486.0,79.3125,,0.0,79.3125,,,17.000000000000114,0.0,34,1.1368683772161603e-13,1.1368683772161603e-13,,5.684341886080802e-14,0.9219004046410098,0.7873561349857555,0.0006036113183171314,0.5980392156862747,7.373526469097889e-05,,,,,,,0.0,0.0,0.0,563,1.1863652963170286,0.8095818395427136,200,0,0.0,0.0,554,0,0.4615946203792096,0.7855736296703614,188,210.53325153048866,0.6609770506755417,376.25,287.7614614057601,0.5275497169641798,531,db,361.0980392156863,403.0,158.96390539935234,153,0.9607397529157442,0.8667375194865046,0.06746091711302768,5,399.5
db13,1,periodic,4.615545127080944e-27,316.6129266185777,1583478.9111108219,0.5957446808510638,291.3744909658662,69,raw,4.6339743636528264e-14,-7.056699669050231e-11,5.585306659090746,16463.181741402277,0.5738189065724598,1.3207638667392627e-05,1.0,323.0,,,,[],[],16,213.18750000000003,25.0,450.00000000000006,"[3, 8, 15, 19, 22, 27, 30, 35, 38, 43, 46, 51, 55, 58, 61, 65]","[349.00000000000017, 268.00000000000006, 189.0, 25.0, 450.00000000000006, 204.0000000000001, 45.000000000000114, 52.00000000000006, 356.99999999999994, 49.000000000000114, 288.0, 42.00000000000006, 206.0, 408.0, 108.99999999999994, 370.00000000000006]","[0, 0, 0, 0, 0, 24, 29, 32, 32, 40, 40, 47, 54, 32, 60, 60]","[5, 9, 16, 20, 32, 32, 32, 36, 54, 45, 54, 54, 56, 67, 62, 67]",6764700.0,460.0000000000001,-460.0000000000001,0.0,,,,DWT,inu.32000013032828,0.0,,0.0,34,6.0,0.0,34,,1.1368683772161603e-13,79.31249999999997,486.00000000000045,79.31249999999997,,0.0,79.31249999999997,,,17.0,0.0,34,5.684341886080802e-14,1.1368683772161603e-13,,0.0,0.9091804102475715,0.945474693043889,0.00276969158327419,0.33291614518147655,0.0005271307439292344,,,,,,,0.0,0.0,0.0,509,1.1530077488322867,0.7868184758981703,237,0,0.0,0.0,607,0,0.4381736141600281,0.745714142462691,242,188.19914098280753,0.6969418019600523,398.75,334.34406413525534,0.5274161505774497,532,db,361.0980392156863,403.0,158.96390539935234,153,0.9607397529157442,0.8667375194865046,0.06746091711302768,5,400.25
bior4.4,1,symmetric,1.1645659478383242e-20,252.5935157627062,1433918.3785088428,0.6153846153846154,265.4477446154415,69,raw,8.186276133621e-11,9.513501096911503e-11,5.275756386679051,17872.388643045735,0.6361393933935784,1.3207638667412366e-05,0.9999999999999999,322.9999999999909,,,,[],[],16,213.18749999981105,25.00000000003564,449.99999999964325,"[3, 8, 15, 19, 22, 27, 30, 35, 38, 43, 46, 51, 55, 58, 61, 65]","[348.99999999959516, 267.99999999985255, 188.99999999982228, 25.00000000003564, 449.99999999964325, 203.99999999974335, 44.99999999991849, 52.000000000016655, 356.9999999996985, 48.99999999993986, 287.9999999997504, 41.99999999994753, 205.99999999995947, 407.9999999993994, 108.99999999996913, 369.9999999996851]","[0, 0, 0, 0, 0, 24, 29, 32, 32, 40, 40, 47, 54, 32, 60, 60]","[5, 9, 16, 20, 32, 32, 32, 36, 54, 45, 54, 54, 56, 67, 62, 67]",6764699.999998474,459.99999999990894,-459.99999999990894,0.0,,,,DWT,inu.32000013032828,1.5264376997947693e-06,,0.0,34,6.0,0.0,34,,9.106315701501444e-11,79.31250000018895,485.99999999697684,79.31250000018895,,0.0,79.31250000018895,,,16.99999999996436,0.0,34,3.567492967704311e-10,9.106315701501444e-11,,9.094947017729282e-12,0.21653425612057042,0.837789238058254,0.0013951370336466316,0.4434389140271494,0.0009999297159184089,,,,,,,0.10993359715608021,0.054966798578040106,0.10993359715608021,47,0.7272882787155197,0.4963052985351497,552,0,0.10993359715608021,0.10993359715608021,48,0,0.30003149499110776,0.5106143358905688,545,289.2668894521689,0.5341918044248488,298.0,87.41949220328871,0.5271603144507497,533,bior,292.162962962963,301.0,176.53037485058104,135,0.7773306480916924,0.9625172382852065,0.16711337485025335,4,400.75
rbio5.5,1,antireflect,1.767615831557305e-20,250.78127780720013,1650253.7457438856,0.625,265.2708737914814,69,raw,9.941030225230014e-11,-3.2572056164834147e-10,5.172042743905186,34320.11786426342,0.8552195157271578,1.3207638667367043e-05,1.0,323.00000000003405,,,,[],[],16,213.18750000019833,24.999999999872045,450.00000000042326,"[3, 8, 15, 19, 22, 27, 30, 35, 38, 43, 46, 51, 55, 58, 61, 65]","[349.0000000004754, 268.0000000001857, 189.00000000023695, 24.999999999872045, 450.00000000042326, 204.00000000028467, 45.00000000005349, 51.9999999999111, 357.0000000003921, 49.00000000003155, 288.000000000294, 42.00000000006156, 206.0000000000008, 408.00000000066984, 109.00000000014722, 370.00000000013335]","[0, 0, 0, 0, 0, 24, 29, 32, 32, 40, 40, 47, 54, 32, 60, 60]","[5, 9, 16, 20, 32, 32, 32, 36, 54, 45, 54, 54, 56, 67, 62, 67]",6764700.000001721,460.00000000008157,-460.00000000008157,0.0,,,,DWT,inu.32000013032828,1.7210841178894043e-06,,0.0,34,6.0,0.0,34,,8.15703060652595e-11,79.31249999980167,486.0000000031732,79.31249999989271,,0.0,79.31249999980167,,,17.000000000127955,0.0,34,4.232560968375765e-10,8.15703060652595e-11,,3.4049207897624e-11,0.1969270833355815,0.801709635467992,0.003383393949457734,0.49754901960784303,0.006518260245153602,,,,,,,0.12395197531692267,0.06197598765846134,0.12395197531692267,43,0.7223296766512723,0.4929215227342256,555,0,0.12395197531692267,0.12395197531692267,44,0,0.3012174785212056,0.5126327246354438,542,291.61047077679956,0.5304179214544291,296.0,80.5965645960273,0.5268836789236719,534,rbio,249.7925925925926,196.0,174.24048813612427,135,0.6645997696604647,0.9500318207572005,0.24977061501051454,3,401.25
rbio4.4,1,symmetric,1.1647492626129287e-20,252.5928321918879,1420480.2896170984,0.6153846153846154,290.5252873369595,69,raw,8.187728112254945e-11,9.561795798482664e-11,5.274369062525851,17163.602895431563,0.639382843179604,1.3207638667412363e-05,1.0,322.99999999999096,,,,[],[],16,213.18749999981105,25.000000000035698,449.9999999996433,"[3, 8, 15, 19, 22, 27, 30, 35, 38, 43, 46, 51, 55, 58, 61, 65]","[348.9999999995951, 267.9999999998525, 188.99999999982222, 25.000000000035698, 449.9999999996433, 203.99999999974344, 44.99999999991854, 52.00000000001671, 356.9999999996985, 48.99999999993986, 287.99999999975057, 41.99999999994748, 205.9999999999594, 407.9999999993992, 108.99999999996908, 369.9999999996851]","[0, 0, 0, 0, 0, 24, 29, 32, 32, 40, 40, 47, 54, 32, 60, 60]","[5, 9, 16, 20, 32, 32, 32, 36, 54, 45, 54, 54, 56, 67, 62, 67]",6764699.999998474,459.999999999909,-459.999999999909,0.0,,,,DWT,inu.32000013032828,1.5264376997947693e-06,,0.0,34,6.0,0.0,34,,9.100631359615363e-11,79.31250000018895,485.99999999697684,79.31250000018895,,0.0,79.31250000018895,,,16.999999999964302,0.0,34,3.566924533515703e-10,9.100631359615363e-11,,9.038103598868474e-12,0.21652686035275504,0.8373066197375336,0.0012716326177215818,0.4434389140271494,0.0007621270395039373,,,,,,,0.10993359715608021,0.054966798578040106,0.10993359715608021,48,0.7268856588159419,0.4960305486246891,553,0,0.10993359715608021,0.10993359715608021,47,0,0.2998612307549327,0.5103245684450445,546,289.84421102838445,0.5332621400509108,298.5,87.43217333996418,0.5262929057742476,535,rbio,249.7925925925926,196.0,174.24048813612427,135,0.6645997696604647,0.9500318207572005,0.24977061501051454,3,402.0
sym6,1,symmetric,1.2814510744936048e-20,252.17813633789487,1449577.3522805283,0.6125,286.38973776093513,69,raw,8.9511136023419e-11,-3.5758285231198584e-11,5.325116822449335,17323.65732397494,0.6239271985127678,1.3207638667380193e-05,1.0,322.9999999999621,,,,[],[],16,213.18750000021248,25.00000000013273,450.0000000003295,"[3, 8, 15, 19, 22, 27, 30, 35, 38, 43, 46, 51, 55, 58, 61, 65]","[349.00000000044827, 268.00000000019224, 189.00000000011383, 25.00000000013273, 450.0000000003295, 204.00000000024767, 45.00000000017735, 52.000000000160014, 357.0000000001977, 49.00000000011653, 288.000000000276, 42.00000000002285, 206.0000000001463, 408.00000000054195, 108.99999999989191, 370.0000000004049]","[0, 0, 0, 0, 0, 24, 29, 32, 32, 40, 40, 47, 54, 32, 60, 60]","[5, 9, 16, 20, 32, 32, 32, 36, 54, 45, 54, 54, 56, 67, 62, 67]",6764700.000001164,460.0000000001292,-460.0000000001292,0.0,,,,DWT,inu.32000013032828,1.1641532182693481e-06,,0.0,34,6.0,0.0,34,,1.2920509107061662e-10,79.31249999978752,486.0000000033997,79.31249999985752,,0.0,79.31249999978752,,,16.99999999986727,0.0,34,3.2952129913610406e-10,1.2920509107061662e-10,,3.7914560380158946e-11,0.2120401353960485,0.8549606039330121,0.0015390527663998064,0.4272058823529413,0.0008158264424726366,,,,,,,0.08384197464618687,0.041920987323093434,0.08384197464618687,60,0.7266825931055007,0.4958919755292711,554,0,0.08384197464618687,0.08384197464618687,60,0,0.2993123001781749,0.5093903604482822,547,283.20472571386705,0.5439537428118083,305.25,108.20595831795947,0.5262039245460008,536,sym,375.8541666666667,399.5,183.40489689834808,144,1.0,1.0,0.0,6,403.5
sym4,1,constant,5.011844570533163e-21,256.25518069358367,1437461.2086267483,0.6052631578947368,264.1687273788723,69,raw,5.425946326703114e-11,6.039346800038632e-11,5.1788080616541095,17158.453624024292,0.7065739539537506,1.3207638667385024e-05,1.0,322.99999999997715,,,,[],[],16,213.18750000013355,25.000000000080036,450.0000000002065,"[3, 8, 15, 19, 22, 27, 30, 35, 38, 43, 46, 51, 55, 58, 61, 65]","[349.00000000029115, 268.00000000010664, 189.00000000007165, 25.000000000080036, 450.0000000002065, 204.0000000001611, 45.00000000010738, 52.00000000009152, 357.000000000127, 49.00000000007458, 288.0000000001659, 42.00000000001876, 206.0000000000864, 408.000000000359, 108.9999999999248, 370.00000000026427]","[0, 0, 0, 0, 0, 24, 29, 32, 32, 40, 40, 47, 54, 32, 60, 60]","[5, 9, 16, 20, 32, 32, 32, 36, 54, 45, 54, 54, 56, 67, 62, 67]",6764700.000000665,460.00000000008066,-460.00000000008066,0.0,,,,DWT,inu.32000013032828,6.649643182754517e-07,,0.0,34,6.0,0.0,34,,8.066081136348657e-11,79.31249999986645,486.00000000213686,79.31249999991164,,0.0,79.31249999986645,,,16.999999999919964,0.0,34,2.0651214072131552e-10,8.066081136348657e-11,,2.2851054382044822e-11,0.2561509614005343,0.8040631346726262,0.0014276978514800667,0.3864809081527346,0.0007603994222001821,,,,,,,0.04789053591790194,0.02394526795895097,0.04789053591790194,101,0.7113325161323476,0.48541700328284204,558,0,0.04789053591790194,0.04789053591790194,101,0,0.28977662029991513,0.49316188133995736,553,262.41363658671906,0.5774337575093091,328.25,170.92254431631062,0.5244254133762327,537,sym,375.8541666666667,399.5,183.40489689834808,144,1.0,1.0,0.0,6,404.25
sym8,1,constant,1.119520238284491e-21,262.76483714357585,1528863.0204776402,0.5833333333333334,240.52636613392212,69,raw,2.5509359520056283e-11,9.8184793624885e-12,5.245842122342835,19948.751851958514,0.7717684100852578,1.3207638667395632e-05,1.0,322.9999999999794,,,,[],[],16,213.18750000000261,25.00000000007509,449.9999999999747,"[3, 8, 15, 19, 22, 27, 30, 35, 38, 43, 46, 51, 55, 58, 61, 65]","[348.99999999999466, 268.00000000002865, 188.99999999996686, 25.00000000007509, 449.9999999999747, 203.9999999999784, 45.00000000003922, 52.00000000008225, 356.99999999994327, 49.000000000018986, 288.0000000000086, 41.99999999998107, 206.0000000000486, 407.9999999999384, 108.99999999994674, 370.00000000001637]","[0, 0, 0, 0, 0, 24, 29, 32, 32, 40, 40, 47, 54, 32, 60, 60]","[5, 9, 16, 20, 32, 32, 32, 36, 54, 45, 54, 54, 56, 67, 62, 67]",6764699.999999801,460.000000000013,-460.000000000013,0.0,,,,DWT,inu.32000013032828,1.993030309677124e-07,,0.0,34,6.0,0.0,34,,1.3017142919125035e-11,79.31249999999739,486.00000000004184,79.31249999999739,,0.0,79.31249999999739,,,16.99999999992491,0.0,34,2.5295321393059567e-11,1.3017142919125035e-11,,2.05773176276125e-11,0.32658098324072404,0.8273827501540157,0.0022677374938782314,0.26307189542483667,0.0016965643900072286,,,,,,,0.014353746059427191,0.007176873029713596,0.014353746059427191,149,0.716681217694319,0.4890669850069776,556,0,0.014353746059427191,0.014353746059427191,149,0,0.2841999861406924,0.4836711798794305,563,237.0195139645679,0.6183260644692948,354.25,235.32763276895307,0.5239375894005089,538,sym,375.8541666666667,399.5,183.40489689834808,144,1.0,1.0,0.0,6,405.0
db13,1,antisymmetric,3.652677512041616e-27,317.62904332493474,1656488.041519665,0.5957446808510638,291.0443052977758,69,raw,3.9568992205191084e-14,-7.059552942223518e-11,5.567745786522092,78789.53081857863,0.8950354222750798,1.3207638667392627e-05,1.0,323.00000000000006,,,,[],[],16,213.18750000000003,24.999999999999943,450.0,"[3, 8, 15, 19, 22, 27, 30, 35, 38, 43, 46, 51, 55, 58, 61, 65]","[349.0000000000002, 267.9999999999999, 189.0, 24.999999999999943, 450.0, 204.0000000000001, 45.000000000000114, 52.00000000000006, 357.0, 49.00000000000006, 288.0, 42.0, 206.0, 407.9999999999999, 108.99999999999997, 370.00000000000006]","[0, 0, 0, 0, 0, 24, 29, 32, 32, 40, 40, 47, 54, 32, 60, 60]","[5, 9, 16, 20, 32, 32, 32, 36, 54, 45, 54, 54, 56, 67, 62, 67]",6764700.0,460.00000000000006,-460.00000000000006,0.0,,,,DWT,inu.32000013032828,0.0,,0.0,34,6.0,0.0,34,,5.684341886080802e-14,79.31249999999997,486.00000000000045,79.31249999999999,,0.0,79.31249999999997,,,17.000000000000057,0.0,34,0.0,5.684341886080802e-14,,5.684341886080802e-14,0.9201740966841258,0.9393656673991461,0.0034406910148882695,0.33291614518147655,0.021438065637280367,,,,,,,0.0,0.0,0.0,505,1.1652493215449955,0.7951721886933921,226,0,0.0,0.0,617,0,0.4434669331833834,0.754722678642693,233,196.79833163249464,0.6830944740217477,395.25,324.73943389679215,0.5233105220350285,539,db,361.0980392156863,403.0,158.96390539935234,153,0.9607397529157442,0.8667375194865046,0.06746091711302768,5,405.5
db17,1,periodization,8.380584010438779e-27,314.0224137937805,1344285.147211794,0.6571428571428571,312.52030748114265,69,raw,7.061153556928292e-14,-6.667300045393201e-11,5.144179428258231,15111.808163265305,0.6041697286574234,1.3207638667392632e-05,0.9999999999999999,322.99999999999994,,,,[],[],16,213.18749999999997,25.0,450.0,"[3, 8, 15, 19, 22, 27, 30, 35, 38, 43, 46, 51, 55, 58, 61, 65]","[349.00000000000006, 267.9999999999999, 189.00000000000009, 25.0, 450.0, 204.0, 45.00000000000006, 51.999999999999716, 356.9999999999999, 49.000000000000114, 287.99999999999994, 42.00000000000006, 206.00000000000006, 407.9999999999997, 109.00000000000003, 369.9999999999999]","[0, 0, 0, 0, 0, 24, 29, 32, 32, 40, 40, 47, 54, 32, 60, 60]","[5, 9, 16, 20, 32, 32, 32, 36, 54, 45, 54, 54, 56, 67, 62, 67]",6764700.0,459.99999999999994,-459.99999999999994,0.0,,,,DWT,inu.32000013032828,0.0,,0.0,34,6.0,0.0,34,,5.684341886080802e-14,79.31250000000003,485.99999999999955,79.31250000000003,,0.0,79.31250000000003,,,17.0,0.0,34,0.0,5.684341886080802e-14,,5.684341886080802e-14,0.8811528367144125,0.7920166256719607,0.0005713517492958372,0.6784313725490195,7.373526469097889e-05,,,,,,,0.0,0.0,0.0,549,1.19638773386476,0.8164212029763739,185,0,0.0,0.0,577,0,0.47044918438987593,0.8006429387175362,168,223.54622937250957,0.6400221749234951,369.75,268.2334677857936,0.5223057734520857,540,db,361.0980392156863,403.0,158.96390539935234,153,0.9607397529157442,0.8667375194865046,0.06746091711302768,5,406.25
db6,1,zero,1.9587530604305145e-27,320.33535975327703,1325465.0078902692,0.5875,205.98528994556577,69,raw,2.7083005725348753e-14,-6.757450154992764e-11,5.103642842120225,23024.704374999994,0.7764765317375965,1.3207638667392627e-05,1.0,323.0,,,,[],[],16,213.1875,24.999999999999943,450.0000000000001,"[3, 8, 15, 19, 22, 27, 30, 35, 38, 43, 46, 51, 55, 58, 61, 65]","[349.0, 268.0, 189.0000000000001, 24.999999999999943, 450.0000000000001, 203.99999999999994, 45.00000000000006, 51.99999999999994, 356.99999999999994, 49.0, 288.0, 42.0, 206.0, 407.99999999999994, 109.0, 370.0]","[0, 0, 0, 0, 0, 24, 29, 32, 32, 40, 40, 47, 54, 32, 60, 60]","[5, 9, 16, 20, 32, 32, 32, 36, 54, 45, 54, 54, 56, 67, 62, 67]",6764700.0,460.0000000000001,-460.0000000000001,0.0,,,,DWT,inu.32000013032828,0.0,,0.0,34,6.0,0.0,34,,1.1368683772161603e-13,79.3125,486.0,79.3125,,0.0,79.3125,,,17.000000000000057,0.0,34,1.1368683772161603e-13,1.1368683772161603e-13,,0.0,0.9494545858495471,0.7779148751297097,0.0003983829340678804,0.28651960784313724,0.0027285684123303272,,,,,,,0.0,0.0,0.0,616,1.0745286510438041,0.7332639319895681,328,0,0.0,0.0,524,0,0.4034032040337585,0.6865394552326253,342,140.8959426905781,0.7731144240087309,452.5,420.8519221613902,0.5222254889769902,541,db,361.0980392156863,403.0,158.96390539935234,153,0.9607397529157442,0.8667375194865046,0.06746091711302768,5,407.0
db6,1,smooth,2.158689285220443e-27,319.91325527478796,3230335.0617218865,0.625,273.73230532168674,69,raw,3.084167382031161e-14,-6.770928262511713e-11,4.459389267513705,145249.08929876293,0.9683736614917908,1.3207638667392627e-05,1.0,323.0,,,,[],[],16,213.1875,24.999999999999943,450.0000000000001,"[3, 8, 15, 19, 22, 27, 30, 35, 38, 43, 46, 51, 55, 58, 61, 65]","[349.0, 268.0, 189.0000000000001, 24.999999999999943, 450.0000000000001, 203.99999999999994, 45.00000000000006, 51.99999999999994, 356.99999999999994, 49.0, 288.0, 42.0, 206.0, 408.0, 109.00000000000006, 370.0]","[0, 0, 0, 0, 0, 24, 29, 32, 32, 40, 40, 47, 54, 32, 60, 60]","[5, 9, 16, 20, 32, 32, 32, 36, 54, 45, 54, 54, 56, 67, 62, 67]",6764700.0,460.0000000000001,-460.0000000000001,0.0,,,,DWT,inu.32000013032828,0.0,,0.0,34,6.0,0.0,34,,1.1368683772161603e-13,79.3125,486.0,79.3125,,0.0,79.3125,,,17.000000000000057,0.0,34,1.1368683772161603e-13,1.1368683772161603e-13,,0.0,0.9448877046527886,0.5537938017831634,0.017905326466501476,0.49754901960784303,0.043735721781059056,,,,,,,0.0,0.0,0.0,612,1.0692960834720664,0.7296932007035049,336,0,0.0,0.0,531,0,0.4115743148582711,0.7004456164083724,326,142.79443266458256,0.7700572742921376,451.25,418.37060129842024,0.5217033553425261,542,db,361.0980392156863,403.0,158.96390539935234,153,0.9607397529157442,0.8667375194865046,0.06746091711302768,5,407.75
rbio6.8,1,zero,5.043560989290921e-22,266.22778386458555,1315473.5213736675,0.5813953488372093,168.71911967439985,69,raw,1.7156157332135692e-11,9.659939514538358e-12,5.130660459661974,25232.21125454281,0.8054668108268118,1.3207638667396234e-05,0.9999999999999996,322.9999999999997,,,,[],[],16,213.1874999999589,25.000000000003013,449.9999999999216,"[3, 8, 15, 19, 22, 27, 30, 35, 38, 43, 46, 51, 55, 58, 61, 65]","[348.9999999999089, 267.9999999999702, 188.99999999996348, 25.000000000003013, 449.9999999999216, 203.99999999993943, 44.99999999997772, 51.99999999999818, 356.99999999993713, 48.99999999998374, 287.99999999994486, 41.99999999998852, 205.99999999998923, 407.99999999990166, 108.99999999999869, 369.9999999999161]","[0, 0, 0, 0, 0, 24, 29, 32, 32, 40, 40, 47, 54, 32, 60, 60]","[5, 9, 16, 20, 32, 32, 32, 36, 54, 45, 54, 54, 56, 67, 62, 67]",6764699.999999669,459.999999999979,-459.999999999979,0.0,,,,DWT,inu.32000013032828,3.3061951398849487e-07,,0.0,34,6.0,0.0,34,,2.0975221559638157e-11,79.3125000000411,485.99999999934244,79.31250000004111,,0.0,79.3125000000411,,,16.999999999996987,0.0,34,7.838707460905425e-11,2.0975221559638157e-11,,2.8421709430404007e-13,0.36404769366788026,0.787313685910731,0.00030655494301968936,0.25216598267213863,0.0034692027237928054,,,,,,,0.023811120799517072,0.011905560399758536,0.023811120799517072,120,0.7144928107859762,0.4875736047673294,557,0,0.023811120799517072,0.023811120799517072,120,0,0.2814606239835125,0.47900914401984973,565,254.63241479958253,0.5899639053146819,340.5,197.70747987697138,0.5208273632853603,543,rbio,249.7925925925926,196.0,174.24048813612427,135,0.6645997696604647,0.9500318207572005,0.24977061501051454,3,408.0
sym7,1,antisymmetric,1.4706102483507003e-20,251.58018075216717,1428738.2337839697,0.5975609756097561,283.9456704694682,69,raw,9.940028832239885e-11,,5.398080464828373,51425.085775723615,0.8358659418873245,1.320763866739944e-05,1.0,323.0000000000611,,,,[],[],16,213.18749999980994,24.99999999978928,449.9999999996802,"[3, 8, 15, 19, 22, 27, 30, 35, 38, 43, 46, 51, 55, 58, 61, 65]","[348.9999999995699, 267.9999999997706, 188.9999999999181, 24.99999999978928, 449.9999999996802, 203.9999999997543, 44.99999999976694, 51.99999999974165, 356.9999999998571, 48.99999999985931, 287.9999999996987, 41.999999999998295, 205.99999999980193, 407.99999999978104, 109.0000000001672, 369.9999999998045]","[0, 0, 0, 0, 0, 24, 29, 32, 32, 40, 40, 47, 54, 32, 60, 60]","[5, 9, 16, 20, 32, 32, 32, 36, 54, 45, 54, 54, 56, 67, 62, 67]",6764699.999999308,459.99999999985516,-459.99999999985516,0.0,,,,DWT,inu.32000013032828,6.919726729393005e-07,,0.0,34,6.0,0.0,34,,1.4483703125733882e-10,79.31250000019006,485.9999999969591,79.31250000019006,,0.0,79.31250000019006,,,17.00000000021072,0.0,34,3.198010745109059e-10,1.4483703125733882e-10,,6.110667527536862e-11,0.20557066572652138,0.8803429851720314,0.0013475282736654618,0.3431372549019605,0.012257099045201104,,,,,,,0.04983566972969347,0.024917834864846736,0.04983566972969347,94,0.7063453977376258,0.4820137677899039,563,0,0.04983566972969347,0.04983566972969347,94,0,0.288531106623876,0.49104218007808753,558,269.341635598113,0.5662775594233285,327.25,160.9987760364845,0.5196524673123084,544,sym,375.8541666666667,399.5,183.40489689834808,144,1.0,1.0,0.0,6,409.5
bior4.4,1,periodic,1.0440092533928298e-20,253.0681131538691,1424988.759436665,0.6025641025641025,287.7547745930623,69,raw,7.989321925444947e-11,7.698097713967582e-11,5.309170919932742,17791.64613314806,0.5951247202791138,1.3207638667409214e-05,1.0,322.9999999999909,,,,[],[],16,213.18749999982074,25.00000000003564,449.99999999964325,"[3, 8, 15, 19, 22, 27, 30, 35, 38, 43, 46, 51, 55, 58, 61, 65]","[348.9999999996671, 267.99999999985255, 188.99999999982228, 25.00000000003564, 449.99999999964325, 203.99999999974335, 44.99999999991849, 52.000000000016655, 356.9999999996985, 48.99999999993986, 287.9999999997504, 41.99999999994753, 205.99999999995947, 407.9999999995581, 108.99999999996913, 369.9999999996095]","[0, 0, 0, 0, 0, 24, 29, 32, 32, 40, 40, 47, 54, 32, 60, 60]","[5, 9, 16, 20, 32, 32, 32, 36, 54, 45, 54, 54, 56, 67, 62, 67]",6764699.999998536,459.99999999990894,-459.99999999990894,0.0,,,,DWT,inu.32000013032828,1.4640390872955322e-06,,0.0,34,6.0,0.0,34,,9.106315701501444e-11,79.31250000017926,485.9999999971319,79.31250000017926,,0.0,79.31250000017926,,,16.99999999996436,0.0,34,3.567492967704311e-10,9.106315701501444e-11,,9.094947017729282e-12,0.22166907466002483,0.8494133894069913,0.0013130682665156135,0.3712921065862239,0.0009728400276469949,,,,,,,0.1054396673150446,0.0527198336575223,0.1054396673150446,53,0.7072706522783168,0.48264516629374016,561,0,0.1054396673150446,0.1054396673150446,53,0,0.2889320957894806,0.4917246111558668,555,291.5721751699454,0.5304795890983165,305.5,96.80499458831603,0.5192655594444884,545,bior,292.162962962963,301.0,176.53037485058104,135,0.7773306480916924,0.9625172382852065,0.16711337485025335,4,409.75
sym10,1,smooth,1.0257466045288331e-23,283.1447557534236,30513320.80368608,0.5909090909090909,300.1683761615024,69,raw,2.210785499917198e-12,-5.1223913999373465e-11,2.872355449612371,796322.4139175868,0.9947267650850404,1.3207638667392193e-05,1.0,322.99999999999966,,,,[],[],16,213.18750000000557,25.00000000000091,450.0000000000091,"[3, 8, 15, 19, 22, 27, 30, 35, 38, 43, 46, 51, 55, 58, 61, 65]","[349.0000000000117, 268.00000000000426, 189.0000000000042, 25.00000000000091, 450.0000000000091, 204.00000000000688, 45.000000000002956, 52.000000000001364, 357.00000000000693, 49.000000000002274, 288.0000000000068, 42.00000000000114, 206.00000000000216, 408.0000000000207, 108.99999999999926, 370.0000000000086]","[0, 0, 0, 0, 0, 24, 29, 32, 32, 40, 40, 47, 54, 32, 60, 60]","[5, 9, 16, 20, 32, 32, 32, 36, 54, 45, 54, 54, 56, 67, 62, 67]",6764700.000000023,460.0000000000028,-460.0000000000028,0.0,,,,DWT,inu.32000013032828,2.3283064365386963e-08,,0.0,34,6.0,0.0,34,,2.7853275241795927e-12,79.31249999999443,486.00000000008913,79.31249999999669,,0.0,79.31249999999443,,,16.99999999999909,0.0,34,9.094947017729282e-12,2.7853275241795927e-12,,3.410605131648481e-13,0.5470777366131071,0.0017010595386954819,0.2686529771106958,0.30570409982174696,0.26217546842887746,,,,,,,0.0016768394929237375,0.0008384197464618687,0.0016768394929237375,189,0.6905754875928096,0.47125229920674677,568,0,0.0016768394929237375,0.0016768394929237375,189,0,0.2770622683026246,0.47152371831454615,568,218.81575202286817,0.6476396907844313,378.5,283.62483487450464,0.5190694428157261,546,sym,375.8541666666667,399.5,183.40489689834808,144,1.0,1.0,0.0,6,411.0
bior6.8,1,zero,5.046405622629769e-22,266.22533507829644,1330357.1973599494,0.5813953488372093,171.6287789396477,69,raw,1.7155127560054883e-11,1.0172973574217717e-11,5.103455733836991,25699.31689493557,0.8218016775557523,1.3207638667396234e-05,0.9999999999999999,322.9999999999996,,,,[],[],16,213.1874999999589,25.000000000003013,449.9999999999214,"[3, 8, 15, 19, 22, 27, 30, 35, 38, 43, 46, 51, 55, 58, 61, 65]","[348.9999999999088, 267.9999999999703, 188.99999999996362, 25.000000000003013, 449.9999999999214, 203.99999999993943, 44.99999999997772, 51.99999999999807, 356.99999999993713, 48.99999999998391, 287.99999999994486, 41.99999999998852, 205.9999999999892, 407.99999999990155, 108.99999999999869, 369.9999999999161]","[0, 0, 0, 0, 0, 24, 29, 32, 32, 40, 40, 47, 54, 32, 60, 60]","[5, 9, 16, 20, 32, 32, 32, 36, 54, 45, 54, 54, 56, 67, 62, 67]",6764699.9999996675,459.9999999999788,-459.9999999999788,0.0,,,,DWT,inu.32000013032828,3.3248215913772583e-07,,0.0,34,6.0,0.0,34,,2.120259523508139e-11,79.3125000000411,485.99999999934244,79.3125000000411,,0.0,79.3125000000411,,,16.999999999996987,0.0,34,7.861444828449748e-11,2.120259523508139e-11,,3.979039320256561e-13,0.36402119947834066,0.7778497844403859,0.0004433452057059793,0.25216598267213863,0.003625919999538818,,,,,,,0.02394526795895097,0.011972633979475485,0.02394526795895097,119,0.7098760455787214,0.4844231002129318,559,0,0.02394526795895097,0.02394526795895097,119,0,0.2796212463592221,0.47587876404388463,567,256.36432409106123,0.5871750014636695,341.0,196.4704102096627,0.5190303348703211,547,bior,292.162962962963,301.0,176.53037485058104,135,0.7773306480916924,0.9625172382852065,0.16711337485025335,4,411.25
sym14,1,zero,9.21458799742931e-22,263.6103974154469,1308892.7469114168,0.5833333333333334,157.1774097946345,69,raw,2.335914392671733e-11,7.915135213844644e-11,5.168261506500333,27733.64887152527,0.8255881588220286,1.3207638667397797e-05,0.9999999999999998,323.00000000000006,,,,[],[],16,213.187499999943,24.999999999999886,449.99999999989274,"[3, 8, 15, 19, 22, 27, 30, 35, 38, 43, 46, 51, 55, 58, 61, 65]","[348.99999999987483, 267.9999999999499, 188.99999999994952, 24.999999999999886, 449.99999999989274, 203.99999999992394, 44.999999999969134, 51.99999999999312, 356.99999999991473, 48.999999999978684, 287.9999999999213, 41.99999999998647, 205.99999999998022, 407.99999999987176, 108.99999999999841, 369.9999999998836]","[0, 0, 0, 0, 0, 24, 29, 32, 32, 40, 40, 47, 54, 32, 60, 60]","[5, 9, 16, 20, 32, 32, 32, 36, 54, 45, 54, 54, 56, 67, 62, 67]",6764699.999999515,459.9999999999694,-459.9999999999694,0.0,,,,DWT,inu.32000013032828,4.852190613746643e-07,,0.0,34,6.0,0.0,34,,3.058175934711471e-11,79.31250000005701,485.9999999990878,79.31250000005699,,0.0,79.31250000005701,,,17.000000000000114,0.0,34,1.0726353139034472e-10,3.058175934711471e-11,,5.684341886080802e-14,0.3357293659353513,0.8003942295173593,0.00024607352242169973,0.26307189542483667,0.004308452895236818,,,,,,,0.03494533503253069,0.017472667516265344,0.03494533503253069,109,0.7087099104091307,0.4836273235169314,560,0,0.03494533503253069,0.03494533503253069,109,0,0.28075000345904116,0.47779976089430853,566,262.1284672318772,0.5778929674204876,336.0,182.63903977247196,0.5184150827440602,548,sym,375.8541666666667,399.5,183.40489689834808,144,1.0,1.0,0.0,6,412.5
rbio4.4,1,periodic,1.0441880470843991e-20,253.06736945868454,1415917.8666177704,0.6025641025641025,287.8676384245517,69,raw,7.990866583566165e-11,7.786304933274156e-11,5.305835249638638,17338.099619563458,0.594104413025003,1.3207638667409214e-05,1.0,322.99999999999096,,,,[],[],16,213.18749999982072,25.000000000035698,449.9999999996433,"[3, 8, 15, 19, 22, 27, 30, 35, 38, 43, 46, 51, 55, 58, 61, 65]","[348.999999999667, 267.9999999998525, 188.99999999982222, 25.000000000035698, 449.9999999996433, 203.99999999974344, 44.99999999991854, 52.00000000001671, 356.9999999996985, 48.99999999993986, 287.99999999975057, 41.99999999994748, 205.9999999999594, 407.9999999995581, 108.99999999996905, 369.9999999996095]","[0, 0, 0, 0, 0, 24, 29, 32, 32, 40, 40, 47, 54, 32, 60, 60]","[5, 9, 16, 20, 32, 32, 32, 36, 54, 45, 54, 54, 56, 67, 62, 67]",6764699.999998535,459.999999999909,-459.999999999909,0.0,,,,DWT,inu.32000013032828,1.4649704098701477e-06,,0.0,34,6.0,0.0,34,,9.100631359615363e-11,79.31250000017928,485.99999999713145,79.31250000017926,,0.0,79.31250000017928,,,16.999999999964302,0.0,34,3.566924533515703e-10,9.100631359615363e-11,,9.038103598868474e-12,0.2216610283877687,0.8482529860563363,0.0012297011055642847,0.3712921065862239,0.0008206719357067749,,,,,,,0.10550674089476157,0.052753370447380786,0.10550674089476157,52,0.7065830720223838,0.4821759579561737,562,0,0.10550674089476157,0.10550674089476157,52,0,0.28865129881432,0.4912467314552842,557,293.0123717524569,0.5281604319606169,305.75,95.1560117850629,0.5179046926308721,549,rbio,249.7925925925926,196.0,174.24048813612427,135,0.6645997696604647,0.9500318207572005,0.24977061501051454,3,412.5
db7,1,periodic,2.3238698991136774e-27,319.5930385275958,1446820.8166908447,0.6219512195121951,295.8201763672976,69,raw,3.460034191527445e-14,-6.811184949384621e-11,5.376041420155452,17274.592284786304,0.5858570128940217,1.3207638667392624e-05,1.0,322.99999999999994,,,,[],[],16,213.1875,24.999999999999886,449.99999999999994,"[3, 8, 15, 19, 22, 27, 30, 35, 38, 43, 46, 51, 55, 58, 61, 65]","[349.00000000000006, 267.99999999999994, 189.00000000000003, 24.999999999999886, 449.99999999999994, 204.00000000000003, 45.000000000000114, 52.0, 357.0000000000001, 49.000000000000114, 288.00000000000006, 42.0, 206.00000000000006, 408.00000000000006, 108.99999999999991, 370.0000000000001]","[0, 0, 0, 0, 0, 24, 29, 32, 32, 40, 40, 47, 54, 32, 60, 60]","[5, 9, 16, 20, 32, 32, 32, 36, 54, 45, 54, 54, 56, 67, 62, 67]",6764700.0,459.99999999999994,-459.99999999999994,0.0,,,,DWT,inu.32000013032828,0.0,,0.0,34,6.0,0.0,34,,5.684341886080802e-14,79.3125,486.0,79.31249999999997,,0.0,79.3125,,,17.000000000000114,0.0,34,5.684341886080802e-14,5.684341886080802e-14,,5.684341886080802e-14,0.9414231788868606,0.8726761059457198,0.0015137184855565213,0.480392156862745,0.0007993647716832428,,,,,,,0.0,0.0,0.0,565,1.1944254282015256,0.8150821154006347,188,0,0.0,0.0,574,0,0.4593609049905131,0.7817721384309112,193,218.8561171180737,0.6475746906311213,380.0,285.4580286228628,0.517829213270472,550,db,361.0980392156863,403.0,158.96390539935234,153,0.9607397529157442,0.8667375194865046,0.06746091711302768,5,413.75
rbio1.3,1,smooth,2.2040545036540222e-27,319.82293333463116,2460556.70105349,0.6756756756756757,332.19797030631116,69,raw,3.8976873258724355e-14,-7.175338101461674e-11,4.396377833060487,51168.78630615413,0.8824913931578351,1.3207638667392624e-05,0.9999999999999999,323.00000000000006,,,,[],[],16,213.18750000000003,25.0,450.00000000000006,"[3, 8, 15, 19, 22, 27, 30, 35, 38, 43, 46, 51, 55, 58, 61, 65]","[349.0, 268.0, 189.0, 25.0, 450.00000000000006, 204.00000000000006, 45.0, 52.0, 357.00000000000006, 48.99999999999994, 288.00000000000006, 41.99999999999994, 206.00000000000003, 408.00000000000006, 109.00000000000006, 370.00000000000006]","[0, 0, 0, 0, 0, 24, 29, 32, 32, 40, 40, 47, 54, 32, 60, 60]","[5, 9, 16, 20, 32, 32, 32, 36, 54, 45, 54, 54, 56, 67, 62, 67]",6764700.0,460.00000000000006,-460.00000000000006,0.0,,,,DWT,inu.32000013032828,0.0,,0.0,34,6.0,0.0,34,,5.684341886080802e-14,79.31249999999997,486.00000000000045,79.31249999999999,,0.0,79.31249999999997,,,17.0,0.0,34,5.684341886080802e-14,5.684341886080802e-14,,5.684341886080802e-14,0.9439104831562687,0.5318735659018397,0.010830583354443406,0.782723900370959,0.012171108744137078,,,,,,,0.0,0.0,0.0,533,1.1556563681679413,0.7886259074883091,234,0,0.0,0.0,609,0,0.4563019283055295,0.7765661604766504,207,205.02255973428876,0.6698509505083916,395.75,316.8911487505814,0.5162861837888173,551,rbio,249.7925925925926,196.0,174.24048813612427,135,0.6645997696604647,0.9500318207572005,0.24977061501051454,3,414.0
sym6,1,periodic,1.2755325161789957e-20,252.1982412913775,1420737.171531003,0.6,265.24505862972796,69,raw,8.954568487673024e-11,2.3870683199389823e-11,5.320160274681864,17570.833642088477,0.6020537689583887,1.3207638667381643e-05,1.0,322.9999999999621,,,,[],[],16,213.18750000020492,25.00000000013273,450.0000000003295,"[3, 8, 15, 19, 22, 27, 30, 35, 38, 43, 46, 51, 55, 58, 61, 65]","[349.000000000519, 268.0000000001923, 189.00000000011383, 25.00000000013273, 450.0000000003295, 204.00000000024767, 45.00000000017735, 52.000000000160014, 357.0000000001977, 49.00000000011653, 288.000000000276, 42.00000000002285, 206.0000000001463, 408.00000000040654, 108.99999999989075, 370.0000000003497]","[0, 0, 0, 0, 0, 24, 29, 32, 32, 40, 40, 47, 54, 32, 60, 60]","[5, 9, 16, 20, 32, 32, 32, 36, 54, 45, 54, 54, 56, 67, 62, 67]",6764700.000001108,460.0000000001292,-460.0000000001292,0.0,,,,DWT,inu.32000013032828,1.1082738637924194e-06,,0.0,34,6.0,0.0,34,,1.2920509107061662e-10,79.31249999979508,486.0000000032787,79.3124999998583,,0.0,79.31249999979508,,,16.99999999986727,0.0,34,3.2952129913610406e-10,1.2920509107061662e-10,,3.7914560380158946e-11,0.2122576572151731,0.8532363344069681,0.0012739935226831485,0.35686274509803895,0.0008987558611178745,,,,,,,0.0798175598631699,0.03990877993158495,0.0798175598631699,63,0.6977143586775922,0.47612390191041537,565,0,0.0798175598631699,0.0798175598631699,63,0,0.2849058972207963,0.48487254814703756,562,288.96640519848205,0.5346756760088855,313.25,113.32952818524178,0.5151236673120112,552,sym,375.8541666666667,399.5,183.40489689834808,144,1.0,1.0,0.0,6,415.5
bior4.4,1,antisymmetric,1.1459559920333655e-20,252.6634772355381,1428908.682137437,0.6025641025641025,257.6024596458497,69,raw,7.98028052657542e-11,,5.270031091532765,44754.29750593261,0.8150462663552043,1.3207638667409214e-05,1.0,322.9999999999909,,,,[],[],16,213.18749999982214,25.00000000003564,449.99999999964325,"[3, 8, 15, 19, 22, 27, 30, 35, 38, 43, 46, 51, 55, 58, 61, 65]","[348.99999999959493, 267.99999999985255, 188.99999999982228, 25.00000000003564, 449.99999999964325, 203.99999999974335, 44.99999999991849, 52.000000000016655, 356.9999999996985, 48.99999999993986, 287.9999999997504, 41.99999999994753, 205.99999999995947, 407.9999999997286, 108.99999999996913, 369.99999999953354]","[0, 0, 0, 0, 0, 24, 29, 32, 32, 40, 40, 47, 54, 32, 60, 60]","[5, 9, 16, 20, 32, 32, 32, 36, 54, 45, 54, 54, 56, 67, 62, 67]",6764699.9999981895,459.99999999990894,-459.99999999990894,0.0,,,,DWT,inu.32000013032828,1.8104910850524902e-06,,0.0,34,6.0,0.0,34,,9.106315701501444e-11,79.31250000017786,485.9999999971542,79.31250000017786,,0.0,79.31250000017786,,,16.99999999996436,0.0,34,3.567492967704311e-10,9.106315701501444e-11,,9.094947017729282e-12,0.21729119131329133,0.8357975389137128,0.0013490948003129595,0.3712921065862239,0.01001900197610755,,,,,,,0.13039103896974982,0.06519551948487491,0.13039103896974982,40,0.7014724750699203,0.47868846005415217,564,0,0.13039103896974982,0.13039103896974982,40,0,0.28714978671792973,0.4886913543874444,560,301.3812646245063,0.514683953905787,301.0,74.68432253487822,0.5149909302540208,553,bior,292.162962962963,301.0,176.53037485058104,135,0.7773306480916924,0.9625172382852065,0.16711337485025335,4,415.75
rbio5.5,1,constant,1.6747789289822285e-20,251.0155817513029,1489496.0108210184,0.6125,234.91786647651892,69,raw,1.0010543119081016e-10,,5.168091092631299,20705.08770042444,0.7913553909784207,1.320763866736754e-05,1.0,323.00000000003405,,,,[],[],16,213.18750000020106,24.999999999872045,450.00000000042326,"[3, 8, 15, 19, 22, 27, 30, 35, 38, 43, 46, 51, 55, 58, 61, 65]","[349.00000000039853, 268.0000000001857, 189.00000000023695, 24.999999999872045, 450.00000000042326, 204.00000000028467, 45.00000000005349, 51.9999999999111, 357.0000000003921, 49.00000000003155, 288.000000000294, 42.00000000006156, 206.0000000000008, 408.000000000659, 109.00000000014097, 370.0000000002712]","[0, 0, 0, 0, 0, 24, 29, 32, 32, 40, 40, 47, 54, 32, 60, 60]","[5, 9, 16, 20, 32, 32, 32, 36, 54, 45, 54, 54, 56, 67, 62, 67]",6764700.000001787,460.00000000008157,-460.00000000008157,0.0,,,,DWT,inu.32000013032828,1.7872080206871033e-06,,0.0,34,6.0,0.0,34,,8.15703060652595e-11,79.31249999979894,486.0000000032169,79.31249999988941,,0.0,79.31249999979894,,,17.000000000127955,0.0,34,4.232560968375765e-10,8.15703060652595e-11,,3.4049207897624e-11,0.19946209144655813,0.8003349464326448,0.001905930128744353,0.4272058823529413,0.001950320464588053,,,,,,,0.12871419947682608,0.06435709973841304,0.12871419947682608,41,0.6924601742756412,0.47253841918714845,567,0,0.12871419947682608,0.12871419947682608,41,0,0.28617183416509534,0.487027007138457,561,301.964125904607,0.5137453689136764,302.5,76.44282863096441,0.5133139082893664,554,rbio,249.7925925925926,196.0,174.24048813612427,135,0.6645997696604647,0.9500318207572005,0.24977061501051454,3,416.25
db3,1,antireflect,1.1502277964126893e-27,322.6473180481125,1462476.0478672406,0.6216216216216216,287.6897727734835,69,raw,2.244903136169592e-14,-6.789935280693296e-11,5.163008514434417,28852.721384616878,0.7974481769664148,1.3207638667392627e-05,1.0,323.0,,,,[],[],16,213.1875,25.0,450.0,"[3, 8, 15, 19, 22, 27, 30, 35, 38, 43, 46, 51, 55, 58, 61, 65]","[348.99999999999994, 268.00000000000006, 189.0, 25.0, 450.0, 203.99999999999994, 45.0, 51.99999999999994, 357.0, 49.0, 288.0, 42.0, 206.00000000000003, 408.0, 109.00000000000003, 370.0]","[0, 0, 0, 0, 0, 24, 29, 32, 32, 40, 40, 47, 54, 32, 60, 60]","[5, 9, 16, 20, 32, 32, 32, 36, 54, 45, 54, 54, 56, 67, 62, 67]",6764700.0,460.0,-460.0,0.0,,,,DWT,inu.32000013032828,0.0,,0.0,34,6.0,0.0,34,,0.0,79.3125,486.0,79.3125,,0.0,79.3125,,,17.0,0.0,34,0.0,0.0,,0.0,0.9744683902568541,0.7985668338047117,0.001657599821525376,0.47853736089030185,0.004683909709388102,,,,,,,0.0,0.0,0.0,587,1.178081759207107,0.8039291107987174,213,0,0.0,0.0,568,0,0.4515828188965562,0.7685348539068876,219,208.87057396068664,0.6636544702726463,396.75,314.3372368212887,0.5123827906918788,555,db,361.0980392156863,403.0,158.96390539935234,153,0.9607397529157442,0.8667375194865046,0.06746091711302768,5,417.5
sym15,1,constant,2.401077652621202e-21,259.4510945767532,1648349.158894342,0.5714285714285714,199.2255464085744,69,raw,3.6231597432412806e-11,-8.518441507974764e-11,5.384541610495185,23978.303214309162,0.82259816371378,1.3207638667400964e-05,1.0,323.0000000000017,,,,[],[],16,213.18749999990516,24.999999999995794,449.99999999982975,"[3, 8, 15, 19, 22, 27, 30, 35, 38, 43, 46, 51, 55, 58, 61, 65]","[348.9999999997972, 267.999999999921, 188.99999999992087, 24.999999999995794, 449.99999999982975, 203.99999999987875, 44.99999999994924, 51.9999999999863, 356.99999999986596, 48.999999999964075, 287.9999999998752, 41.99999999997783, 205.9999999999663, 407.9999999997159, 109.0000000000027, 369.9999999998358]","[0, 0, 0, 0, 0, 24, 29, 32, 32, 40, 40, 47, 54, 32, 60, 60]","[5, 9, 16, 20, 32, 32, 32, 36, 54, 45, 54, 54, 56, 67, 62, 67]",6764699.999999361,459.99999999995066,-459.99999999995066,0.0,,,,DWT,inu.32000013032828,6.388872861862183e-07,,0.0,34,6.0,0.0,34,,4.934008757118136e-11,79.31250000009484,485.9999999984825,79.31250000009484,,0.0,79.31250000009484,,,17.000000000004206,0.0,34,1.7024603948812e-10,4.934008757118136e-11,,1.7053025658242404e-12,0.29072855951498855,0.875633127618055,0.003365889608749292,0.1960784313725487,0.0030485076280619833,,,,,,,0.04601247568582735,0.023006237842913675,0.04601247568582735,105,0.6935874199226396,0.4733076574709608,566,0,0.04601247568582735,0.04601247568582735,105,0,0.27377090314848074,0.4659222456011354,574,268.4877402539391,0.567652592183673,337.5,177.33197481896582,0.5120871656570539,556,sym,375.8541666666667,399.5,183.40489689834808,144,1.0,1.0,0.0,6,418.5
sym4,1,antireflect,6.038278993529164e-21,255.44602488006478,1525922.4504520511,0.5921052631578947,289.5826199412735,69,raw,5.575489828278595e-11,1.4600598507407136e-10,5.223450159985738,23181.486568231478,0.6942638570784755,1.3207638667383701e-05,1.0,322.99999999997715,,,,[],[],16,213.18750000014313,25.000000000080036,450.0000000002065,"[3, 8, 15, 19, 22, 27, 30, 35, 38, 43, 46, 51, 55, 58, 61, 65]","[349.00000000027705, 268.00000000010664, 189.00000000007165, 25.000000000080036, 450.0000000002065, 204.0000000001611, 45.00000000010738, 52.00000000009152, 357.000000000127, 49.00000000007458, 288.0000000001659, 42.00000000001876, 206.0000000000864, 408.0000000004888, 108.99999999992482, 370.0000000003017]","[0, 0, 0, 0, 0, 24, 29, 32, 32, 40, 40, 47, 54, 32, 60, 60]","[5, 9, 16, 20, 32, 32, 32, 36, 54, 45, 54, 54, 56, 67, 62, 67]",6764700.000000691,460.00000000008066,-460.00000000008066,0.0,,,,DWT,inu.32000013032828,6.910413503646851e-07,,0.0,34,6.0,0.0,34,,8.066081136348657e-11,79.31249999985687,486.0000000022901,79.31249999990854,,0.0,79.31249999985687,,,16.999999999919964,0.0,34,2.0651214072131552e-10,8.066081136348657e-11,,2.2851054382044822e-11,0.24739644999796717,0.8195930989427312,0.002240711821818553,0.31243550051599545,0.002781169957000315,,,,,,,0.04976859614997652,0.02488429807498826,0.04976859614997652,96,0.6854414435702536,0.4677488009023228,570,0,0.04976859614997652,0.04976859614997652,95,0,0.27688938624710263,0.47122949568311756,569,273.66463661447625,0.5593162051296678,332.5,163.56681875132978,0.5119447370253813,557,sym,375.8541666666667,399.5,183.40489689834808,144,1.0,1.0,0.0,6,419.25
sym15,1,periodization,2.6369422289406297e-21,259.04415048142005,1332050.4242709472,0.5857142857142857,295.10806640552823,69,raw,3.944445875164567e-11,-8.157907682962918e-11,5.191428097614584,15111.80816325985,0.598409078193921,1.3207638667401136e-05,1.0,323.0000000000017,,,,[],[],16,213.1874999999069,24.99999999999585,449.99999999982987,"[3, 8, 15, 19, 22, 27, 30, 35, 38, 43, 46, 51, 55, 58, 61, 65]","[348.9999999998124, 267.99999999992116, 188.99999999992085, 24.99999999999585, 449.99999999982987, 203.99999999987875, 44.99999999994935, 51.99999999998636, 356.99999999986585, 48.99999999996402, 287.99999999987523, 41.99999999997789, 205.9999999999664, 407.9999999997284, 109.00000000000392, 369.9999999998336]","[0, 0, 0, 0, 0, 24, 29, 32, 32, 40, 40, 47, 54, 32, 60, 60]","[5, 9, 16, 20, 32, 32, 32, 36, 54, 45, 54, 54, 56, 67, 62, 67]",6764699.999999319,459.99999999995066,-459.99999999995066,0.0,,,,DWT,inu.32000013032828,6.807968020439148e-07,,0.0,34,6.0,0.0,34,,4.934008757118136e-11,79.31250000009311,485.99999999851025,79.31250000009312,,0.0,79.31250000009311,,,17.00000000000415,0.0,34,1.701323526503984e-10,4.934008757118136e-11,,1.7053025658242404e-12,0.2863257032748434,0.8084533563440559,0.000458907016790578,0.27647058823529413,7.373526468914832e-05,,,,,,,0.04903078677309008,0.02451539338654504,0.04903078677309008,99,0.6868692830453226,0.4687231659755314,569,0,0.04903078677309008,0.04903078677309008,99,0,0.27435645802713465,0.46691878336627973,572,272.22340702690013,0.5616370257215779,334.75,168.72126142990854,0.5112935531184379,558,sym,375.8541666666667,399.5,183.40489689834808,144,1.0,1.0,0.0,6,420.0
db10,1,periodization,4.858955072957659e-27,316.38972779870585,1345936.3584413978,0.6428571428571429,302.9725196010766,69,raw,5.331021967368925e-14,-7.029665738400608e-11,5.137868485853145,15111.808163265305,0.5986290666913321,1.3207638667392632e-05,1.0,323.0,,,,[],[],16,213.18749999999994,25.000000000000114,449.9999999999999,"[3, 8, 15, 19, 22, 27, 30, 35, 38, 43, 46, 51, 55, 58, 61, 65]","[348.9999999999999, 267.9999999999999, 189.0, 25.000000000000114, 449.9999999999999, 203.99999999999997, 45.00000000000006, 51.99999999999994, 356.99999999999994, 49.0, 288.0, 41.999999999999886, 206.00000000000003, 408.00000000000006, 108.99999999999991, 369.9999999999999]","[0, 0, 0, 0, 0, 24, 29, 32, 32, 40, 40, 47, 54, 32, 60, 60]","[5, 9, 16, 20, 32, 32, 32, 36, 54, 45, 54, 54, 56, 67, 62, 67]",6764700.0,459.9999999999999,-459.9999999999999,0.0,,,,DWT,inu.32000013032828,0.0,,0.0,34,6.0,0.0,34,,1.1368683772161603e-13,79.31250000000006,485.9999999999991,79.31250000000004,,0.0,79.31250000000006,,,16.999999999999886,0.0,34,1.1368683772161603e-13,1.1368683772161603e-13,,0.0,0.9067655519706344,0.7898211932499989,0.000586527410070516,0.5980392156862747,7.373526469097889e-05,,,,,,,0.0,0.0,0.0,593,1.1785083718928016,0.8042202335110297,211,0,0.0,0.0,566,0,0.45905724471633386,0.7812553483877827,194,218.05045287731002,0.648872056558277,391.0,299.69055239408345,0.5096212134643237,559,db,361.0980392156863,403.0,158.96390539935234,153,0.9607397529157442,0.8667375194865046,0.06746091711302768,5,420.5
sym17,1,periodization,2.395050423746401e-20,249.46201002178623,1344378.3426162235,0.6142857142857143,291.1038587176875,69,raw,1.176764552425831e-10,,5.143822821887864,15111.808163281174,0.6130173282973886,1.3207638667368871e-05,1.0,322.99999999999324,,,,[],[],16,213.18750000027768,25.00000000001802,450.0000000004993,"[3, 8, 15, 19, 22, 27, 30, 35, 38, 43, 46, 51, 55, 58, 61, 65]","[349.000000000568, 268.00000000020054, 189.00000000022416, 25.00000000001802, 450.0000000004993, 204.00000000038227, 45.00000000015615, 52.000000000041155, 357.0000000003898, 49.00000000011636, 288.0000000003563, 42.000000000069974, 206.00000000009393, 408.00000000084486, 108.99999999997385, 370.0000000005081]","[0, 0, 0, 0, 0, 24, 29, 32, 32, 40, 40, 47, 54, 32, 60, 60]","[5, 9, 16, 20, 32, 32, 32, 36, 54, 45, 54, 54, 56, 67, 62, 67]",6764700.00000199,460.00000000014603,-460.00000000014603,0.0,,,,DWT,inu.32000013032828,1.9902363419532776e-06,,0.0,34,6.0,0.0,34,,1.460307430534158e-10,79.31249999972232,486.0000000044429,79.31249999983223,,0.0,79.31249999972232,,,16.99999999998198,0.0,34,4.993125912733376e-10,1.460307430534158e-10,,6.764366844436154e-12,0.18265350996753205,0.791892570477486,0.0005722082731723855,0.4372549019607844,7.373526469630276e-05,,,,,,,0.14333623985512106,0.07166811992756053,0.14333623985512106,25,0.6807559502460406,0.46455139592397643,571,0,0.14333623985512106,0.14333623985512106,25,0,0.2824893851887343,0.4807599609452857,564,313.2255577056253,0.49561101818739883,296.25,47.89021849529268,0.5092789390453902,560,sym,375.8541666666667,399.5,183.40489689834808,144,1.0,1.0,0.0,6,421.5
db5,1,antireflect,1.928936404766509e-27,320.401977537671,1472367.764589099,0.6025641025641025,274.15001633487935,69,raw,2.7443425953632866e-14,-6.983713607411372e-11,5.269651442312093,37208.42750209944,0.8130521776447774,1.3207638667392627e-05,1.0,323.00000000000006,,,,[],[],16,213.1875,25.000000000000057,450.0000000000001,"[3, 8, 15, 19, 22, 27, 30, 35, 38, 43, 46, 51, 55, 58, 61, 65]","[349.0, 268.0, 189.00000000000006, 25.000000000000057, 450.0000000000001, 204.00000000000017, 45.0, 51.99999999999983, 357.0000000000001, 48.99999999999994, 288.00000000000006, 42.0, 205.99999999999994, 408.0, 109.0, 370.00000000000006]","[0, 0, 0, 0, 0, 24, 29, 32, 32, 40, 40, 47, 54, 32, 60, 60]","[5, 9, 16, 20, 32, 32, 32, 36, 54, 45, 54, 54, 56, 67, 62, 67]",6764700.0,460.0000000000001,-460.0000000000001,0.0,,,,DWT,inu.32000013032828,0.0,,0.0,34,6.0,0.0,34,,1.1368683772161603e-13,79.3125,486.0,79.3125,,0.0,79.3125,,,16.999999999999943,0.0,34,1.1368683772161603e-13,1.1368683772161603e-13,,5.684341886080802e-14,0.9501753446247381,0.835665467639007,0.0017485108659507252,0.3712921065862239,0.007487308740419063,,,,,,,0.0,0.0,0.0,569,1.1403239621579788,0.7781629939989346,251,0,0.0,0.0,599,0,0.4332737476912677,0.7373752110349331,258,190.65217019483413,0.692991674404454,419.25,354.39154272451714,0.5089354507287971,561,db,361.0980392156863,403.0,158.96390539935234,153,0.9607397529157442,0.8667375194865046,0.06746091711302768,5,422.0
db4,1,antireflect,1.2292625129024407e-27,322.3587102561037,1461882.381503549,0.6052631578947368,289.1341766919634,69,raw,2.184404026421904e-14,-7.000355850550502e-11,5.218159570952764,32556.174215564984,0.8041497989835971,1.3207638667392624e-05,1.0,323.0,,,,[],[],16,213.1875,25.0,450.0000000000001,"[3, 8, 15, 19, 22, 27, 30, 35, 38, 43, 46, 51, 55, 58, 61, 65]","[349.00000000000006, 268.0, 189.0, 25.0, 450.0000000000001, 203.9999999999999, 45.000000000000114, 52.00000000000006, 357.00000000000006, 49.0, 288.0, 42.0, 206.00000000000003, 408.0, 109.00000000000006, 370.0]","[0, 0, 0, 0, 0, 24, 29, 32, 32, 40, 40, 47, 54, 32, 60, 60]","[5, 9, 16, 20, 32, 32, 32, 36, 54, 45, 54, 54, 56, 67, 62, 67]",6764700.0,460.00000000000006,-460.00000000000006,0.0,,,,DWT,inu.32000013032828,0.0,,0.0,34,6.0,0.0,34,,5.684341886080802e-14,79.3125,486.0,79.3125,,0.0,79.3125,,,17.0,0.0,34,1.1368683772161603e-13,5.684341886080802e-14,,0.0,0.9713458517249699,0.817752624105739,0.0016521436574761016,0.3864809081527346,0.0059264445630285495,,,,,,,0.0,0.0,0.0,578,1.149472836002895,0.7844062330249791,242,0,0.0,0.0,591,0,0.4366315944407897,0.7430898267224638,249,195.81453810515023,0.6846786826004022,415.0,345.7083424173252,0.5082008549878018,562,db,361.0980392156863,403.0,158.96390539935234,153,0.9607397529157442,0.8667375194865046,0.06746091711302768,5,422.75
sym6,1,periodization,1.4804138342885152e-20,251.5513252849162,1328046.7354459695,0.6,293.5489101638348,69,raw,9.381033255727186e-11,,5.2070787988334555,15111.80816327517,0.5792127617735494,1.32076386673807e-05,0.9999999999999999,322.99999999996214,,,,[],[],16,213.1875000002216,25.000000000132843,450.0000000003297,"[3, 8, 15, 19, 22, 27, 30, 35, 38, 43, 46, 51, 55, 58, 61, 65]","[349.00000000053575, 268.00000000019224, 189.00000000011374, 25.000000000132843, 450.0000000003297, 204.00000000024764, 45.000000000177465, 52.00000000016007, 357.0000000001977, 49.000000000116415, 288.0000000002759, 42.00000000002291, 206.00000000014626, 408.0000000005899, 108.99999999989188, 370.0000000004154]","[0, 0, 0, 0, 0, 24, 29, 32, 32, 40, 40, 47, 54, 32, 60, 60]","[5, 9, 16, 20, 32, 32, 32, 36, 54, 45, 54, 54, 56, 67, 62, 67]",6764700.0000011185,460.0000000001293,-460.0000000001293,0.0,,,,DWT,inu.32000013032828,1.1185184121131897e-06,,0.0,34,6.0,0.0,34,,1.2931877790833823e-10,79.3124999997784,486.00000000354567,79.3124999998508,,0.0,79.3124999997784,,,16.999999999867157,0.0,34,3.296918293926865e-10,1.2931877790833823e-10,,3.785771696129814e-11,0.20525846934499092,0.8138978770949759,0.0004221106200813479,0.35686274509803895,7.373526469428831e-05,,,,,,,0.08055536924005634,0.04027768462002817,0.08055536924005634,61,0.6730896676096164,0.45931988483837893,573,0,0.08055536924005634,0.08055536924005634,61,0,0.2753029874845563,0.46852965261957774,570,294.739857049116,0.5253786520948213,316.25,110.23391885667336,0.508059696417781,563,sym,375.8541666666667,399.5,183.40489689834808,144,1.0,1.0,0.0,6,423.75
db4,1,periodization,2.4611624595820893e-27,319.3437538124453,1344625.8482145474,0.6428571428571429,307.7334763445408,69,raw,3.523396986688746e-14,-7.013889469220682e-11,5.142875997202019,15111.808163265308,0.599653067332791,1.3207638667392627e-05,1.0,323.0,,,,[],[],16,213.1875,25.000000000000057,450.00000000000006,"[3, 8, 15, 19, 22, 27, 30, 35, 38, 43, 46, 51, 55, 58, 61, 65]","[349.00000000000006, 267.9999999999999, 188.99999999999994, 25.000000000000057, 450.00000000000006, 204.00000000000003, 44.99999999999983, 52.0, 357.00000000000006, 49.000000000000114, 287.9999999999999, 42.0, 206.0, 408.0000000000001, 109.0, 370.00000000000017]","[0, 0, 0, 0, 0, 24, 29, 32, 32, 40, 40, 47, 54, 32, 60, 60]","[5, 9, 16, 20, 32, 32, 32, 36, 54, 45, 54, 54, 56, 67, 62, 67]",6764700.0,460.00000000000006,-460.00000000000006,0.0,,,,DWT,inu.32000013032828,0.0,,0.0,34,6.0,0.0,34,,5.684341886080802e-14,79.3125,486.0,79.3125,,0.0,79.3125,,,16.999999999999943,0.0,34,5.684341886080802e-14,5.684341886080802e-14,,0.0,0.9387260890991964,0.7915631918395915,0.0005744830039473807,0.5980392156862747,7.373526469097976e-05,,,,,,,0.0,0.0,0.0,581,1.1985496712616737,0.8178965202839545,182,0,0.0,0.0,579,0,0.46579534297874015,0.7927227097377167,176,231.53185525970287,0.6271628739779342,379.5,273.51157109322855,0.5080258814334115,564,db,361.0980392156863,403.0,158.96390539935234,153,0.9607397529157442,0.8667375194865046,0.06746091711302768,5,424.25
bior4.4,1,reflect,1.0605910154511624e-20,252.99967719589193,1418068.8753813568,0.5897435897435898,259.25639057432636,69,raw,7.893450144721374e-11,1.0498268911393355e-11,5.296365162545001,16298.150261062528,0.6103720097129719,1.3207638667409947e-05,1.0,322.9999999999909,,,,[],[],16,213.18749999981372,25.00000000003564,449.99999999964325,"[3, 8, 15, 19, 22, 27, 30, 35, 38, 43, 46, 51, 55, 58, 61, 65]","[348.9999999996238, 267.99999999985255, 188.99999999982228, 25.00000000003564, 449.99999999964325, 203.99999999974335, 44.99999999991849, 52.000000000016655, 356.9999999996985, 48.99999999993986, 287.9999999997504, 41.99999999994753, 205.99999999995947, 407.99999999948216, 108.99999999996913, 369.9999999996163]","[0, 0, 0, 0, 0, 24, 29, 32, 32, 40, 40, 47, 54, 32, 60, 60]","[5, 9, 16, 20, 32, 32, 32, 36, 54, 45, 54, 54, 56, 67, 62, 67]",6764699.999998569,459.99999999990894,-459.99999999990894,0.0,,,,DWT,inu.32000013032828,1.4314427971839905e-06,,0.0,34,6.0,0.0,34,,9.106315701501444e-11,79.31250000018628,485.9999999970196,79.31250000018628,,0.0,79.31250000018628,,,16.99999999996436,0.0,34,3.567492967704311e-10,9.106315701501444e-11,,9.094947017729282e-12,0.22092864449262473,0.8449585595016874,0.0012494702173134716,0.2991452991452991,0.0004717615045652431,,,,,,,0.10309209202495137,0.051546046012475685,0.10309209202495137,55,0.675508025815021,0.46097018503738396,572,0,0.10309209202495137,0.10309209202495137,54,0,0.27335074697229805,0.4652071947799601,575,299.64757076717086,0.5174757314538312,314.0,99.53289490275415,0.5059198303001845,565,bior,292.162962962963,301.0,176.53037485058104,135,0.7773306480916924,0.9625172382852065,0.16711337485025335,4,424.75
db12,1,antisymmetric,3.97169743521969e-27,317.265395069284,1587740.1110789853,0.5978260869565217,286.0345354494807,69,raw,4.5129761441574463e-14,-7.03409552826886e-11,5.556988405307709,72932.33886515837,0.8855225673559391,1.3207638667392624e-05,1.0,323.00000000000006,,,,[],[],16,213.18749999999997,25.0,450.00000000000017,"[3, 8, 15, 19, 22, 27, 30, 35, 38, 43, 46, 51, 55, 58, 61, 65]","[348.99999999999994, 268.0, 189.0, 25.0, 450.00000000000017, 203.9999999999999, 45.000000000000114, 52.000000000000114, 357.0, 48.999999999999886, 288.0, 41.99999999999983, 206.00000000000017, 407.9999999999999, 108.99999999999997, 369.99999999999994]","[0, 0, 0, 0, 0, 24, 29, 32, 32, 40, 40, 47, 54, 32, 60, 60]","[5, 9, 16, 20, 32, 32, 32, 36, 54, 45, 54, 54, 56, 67, 62, 67]",6764700.0,460.0000000000001,-460.0000000000001,0.0,,,,DWT,inu.32000013032828,0.0,,0.0,34,6.0,0.0,34,,1.1368683772161603e-13,79.31250000000003,485.99999999999955,79.31250000000004,,0.0,79.31250000000003,,,17.0,0.0,34,1.7053025658242404e-13,1.1368683772161603e-13,,5.684341886080802e-14,0.9162396717594957,0.9356234206826446,0.0028088546679544213,0.34462915601023003,0.01947293593837614,,,,,,,0.0,0.0,0.0,555,1.1646007775104394,0.7947296188760262,227,0,0.0,0.0,616,0,0.4437548078117402,0.7552126035826815,232,207.04991346693836,0.6665862907134648,407.5,329.4673199712868,0.5051933063873282,566,db,361.0980392156863,403.0,158.96390539935234,153,0.9607397529157442,0.8667375194865046,0.06746091711302768,5,425.75
sym3,1,periodization,6.630067982698913e-19,235.03997681812126,1327855.3505300945,0.6428571428571429,320.19912907686626,69,raw,6.154402724212024e-10,,5.207829299512424,15111.808163336227,0.5647554229245059,1.3207638667248587e-05,1.0,323.0000000003081,,,,[],[],16,213.18750000073578,24.99999999887956,450.00000000202056,"[3, 8, 15, 19, 22, 27, 30, 35, 38, 43, 46, 51, 55, 58, 61, 65]","[349.00000000066285, 268.00000000059174, 189.00000000128955, 24.99999999887956, 450.00000000202056, 204.0000000013642, 44.999999999905526, 51.99999999896244, 357.0000000021473, 48.999999999987494, 288.0000000011951, 42.00000000041814, 205.99999999964248, 408.0000000026342, 109.00000000098998, 370.0000000010816]","[0, 0, 0, 0, 0, 24, 29, 32, 32, 40, 40, 47, 54, 32, 60, 60]","[5, 9, 16, 20, 32, 32, 32, 36, 54, 45, 54, 54, 56, 67, 62, 67]",6764700.00001017,460.0000000002618,-460.0000000002618,0.0,,,,DWT,inu.32000013032828,1.0170042514801025e-05,,0.0,34,6.0,0.0,34,,2.618207872728817e-10,79.31249999926422,486.0000000117725,79.31249999967986,,0.0,79.31249999926422,,,17.00000000112044,0.0,34,2.0205561668262817e-09,2.618207872728817e-10,,3.0809133022557944e-10,0.02661699385994465,0.814158959104215,0.0004203516733708127,0.5980392156862747,7.373526471477366e-05,,,,,,,0.7324434905090885,0.36622174525454426,0.7324434905090885,3,0.6625050320851555,0.4520968745856479,583,0,0.7324434905090885,0.7324434905090885,3,0,0.287861851117704,0.4899031947997745,559,328.0812907395564,0.4716887427704406,287.0,5.968627331278044,0.5047654663932718,567,sym,375.8541666666667,399.5,183.40489689834808,144,1.0,1.0,0.0,6,426.75
rbio4.4,1,antireflect,1.1892698330583688e-20,252.50235260625854,1549532.3861494414,0.5897435897435898,306.554166453771,69,raw,7.859410290113652e-11,-5.480227384245556e-11,5.283368180282381,31592.679307397033,0.7567830986752173,1.3207638667412453e-05,1.0,322.99999999999096,,,,[],[],16,213.18749999980838,25.000000000035698,449.9999999996433,"[3, 8, 15, 19, 22, 27, 30, 35, 38, 43, 46, 51, 55, 58, 61, 65]","[348.9999999995663, 267.9999999998525, 188.99999999982222, 25.000000000035698, 449.9999999996433, 203.99999999974344, 44.99999999991854, 52.00000000001671, 356.9999999996985, 48.99999999993986, 287.99999999975057, 41.99999999994748, 205.9999999999594, 407.9999999993166, 108.99999999996905, 369.9999999997538]","[0, 0, 0, 0, 0, 24, 29, 32, 32, 40, 40, 47, 54, 32, 60, 60]","[5, 9, 16, 20, 32, 32, 32, 36, 54, 45, 54, 54, 56, 67, 62, 67]",6764699.999998611,459.999999999909,-459.999999999909,0.0,,,,DWT,inu.32000013032828,1.3886019587516785e-06,,0.0,34,6.0,0.0,34,,9.100631359615363e-11,79.31250000019162,485.9999999969341,79.31250000019162,,0.0,79.31250000019162,,,16.999999999964302,0.0,34,3.566924533515703e-10,9.100631359615363e-11,,9.038103598868474e-12,0.21554793324025356,0.8404372068390445,0.002457701852307602,0.2991452991452991,0.005603185145573704,,,,,,,0.10000670735797171,0.050003353678985854,0.10000670735797171,59,0.6726756080061773,0.45903732841459177,574,0,0.10000670735797171,0.10000670735797171,59,0,0.27263826524449575,0.4639946441299468,578,298.49455606426056,0.5193324378997415,317.5,107.03610056977877,0.5040301480964086,568,rbio,249.7925925925926,196.0,174.24048813612427,135,0.6645997696604647,0.9500318207572005,0.24977061501051454,3,426.75
db6,1,symmetric,2.1160679308050236e-27,319.99986057892147,1393977.183577671,0.625,273.73230532168674,69,raw,2.9451481511215764e-14,-6.792588713722151e-11,5.305849389696352,17120.73203088724,0.6284165460096973,1.3207638667392627e-05,1.0,323.0,,,,[],[],16,213.1875,24.999999999999943,450.0000000000001,"[3, 8, 15, 19, 22, 27, 30, 35, 38, 43, 46, 51, 55, 58, 61, 65]","[349.0, 268.0, 189.0000000000001, 24.999999999999943, 450.0000000000001, 203.99999999999994, 45.00000000000006, 51.99999999999994, 356.99999999999994, 49.0, 288.0, 42.0, 206.0, 407.9999999999999, 109.00000000000009, 370.0]","[0, 0, 0, 0, 0, 24, 29, 32, 32, 40, 40, 47, 54, 32, 60, 60]","[5, 9, 16, 20, 32, 32, 32, 36, 54, 45, 54, 54, 56, 67, 62, 67]",6764700.0,460.0000000000001,-460.0000000000001,0.0,,,,DWT,inu.32000013032828,0.0,,0.0,34,6.0,0.0,34,,1.1368683772161603e-13,79.3125,486.0,79.3125,,0.0,79.3125,,,17.000000000000057,0.0,34,1.1368683772161603e-13,1.1368683772161603e-13,,0.0,0.9458247146944793,0.8482579050587864,0.001028052547819674,0.49754901960784303,0.000747743558511044,,,,,,,0.0,0.0,0.0,614,1.1914565128865324,0.8130561121707522,198,0,0.0,0.0,559,0,0.4586814870934879,0.7806158580934354,196,225.99760323212868,0.6360747129917412,391.75,294.7652826322585,0.5026186769467562,569,db,361.0980392156863,403.0,158.96390539935234,153,0.9607397529157442,0.8667375194865046,0.06746091711302768,5,428.0
bior5.5,1,periodization,1.9238426519756922e-20,250.41346114462362,1326633.0728047274,0.6,301.4521711010842,69,raw,1.0690098420715075e-10,,5.227407095237047,15391.910128344673,0.5150625524821779,1.320763866736563e-05,1.0,323.0000000000341,,,,[],[],16,213.1875000001904,24.99999999987199,450.0000000004233,"[3, 8, 15, 19, 22, 27, 30, 35, 38, 43, 46, 51, 55, 58, 61, 65]","[349.00000000028933, 268.00000000018565, 189.00000000023698, 24.99999999987199, 450.0000000004233, 204.0000000002847, 45.00000000005355, 51.999999999911154, 357.0000000003922, 49.000000000031434, 288.0000000002941, 42.00000000006162, 206.0000000000009, 408.00000000057145, 109.0000000001474, 370.00000000029024]","[0, 0, 0, 0, 0, 24, 29, 32, 32, 40, 40, 47, 54, 32, 60, 60]","[5, 9, 16, 20, 32, 32, 32, 36, 54, 45, 54, 54, 56, 67, 62, 67]",6764700.000001945,460.0000000000816,-460.0000000000816,0.0,,,,DWT,inu.32000013032828,1.944601535797119e-06,,0.0,34,6.0,0.0,34,,8.162714948412031e-11,79.3124999998096,486.00000000304635,79.31249999989573,,0.0,79.3124999998096,,,17.00000000012801,0.0,34,4.233129402564373e-10,8.162714948412031e-11,,3.410605131648481e-11,0.19294755910454786,0.8209696261528873,0.0004091181789516471,0.35686274509803895,0.0001677114728597202,,,,,,,0.14004963444899055,0.07002481722449527,0.14004963444899055,27,0.6692700902570076,0.4567133854161517,578,0,0.14004963444899055,0.14004963444899055,27,0,0.2742713520014571,0.46677394404938427,573,316.68320132270986,0.49004315406971033,301.25,51.58003936752396,0.5024692420912159,570,bior,292.162962962963,301.0,176.53037485058104,135,0.7773306480916924,0.9625172382852065,0.16711337485025335,4,428.5
sym7,1,symmetric,1.7636172740506565e-20,250.7911131941654,1426061.7787195027,0.5853658536585366,283.9456704694682,69,raw,1.1151582073224466e-10,,5.408211666725667,17009.274396480207,0.581639331667547,1.3207638667401682e-05,1.0,323.0000000000611,,,,[],[],16,213.1874999997766,24.99999999978928,449.9999999996802,"[3, 8, 15, 19, 22, 27, 30, 35, 38, 43, 46, 51, 55, 58, 61, 65]","[348.9999999995513, 267.9999999997715, 188.9999999999181, 24.99999999978928, 449.9999999996802, 203.9999999997543, 44.99999999976694, 51.99999999974165, 356.9999999998571, 48.99999999985931, 287.9999999996987, 41.999999999998295, 205.9999999998019, 407.99999999951535, 109.00000000014239, 369.9999999995798]","[0, 0, 0, 0, 0, 24, 29, 32, 32, 40, 40, 47, 54, 32, 60, 60]","[5, 9, 16, 20, 32, 32, 32, 36, 54, 45, 54, 54, 56, 67, 62, 67]",6764699.999999042,459.99999999985516,-459.99999999985516,0.0,,,,DWT,inu.32000013032828,9.583309292793274e-07,,0.0,34,6.0,0.0,34,,1.4483703125733882e-10,79.3125000002234,485.9999999964257,79.31250000022337,,0.0,79.3125000002234,,,17.00000000021072,0.0,34,3.198010745109059e-10,1.4483703125733882e-10,,6.110667527536862e-11,0.19703349548253468,0.8838673984357046,0.0013229299827812793,0.2745098039215683,0.0007103487267751691,,,,,,,0.06901871352874103,0.034509356764370516,0.06901871352874103,68,0.6709033225581011,0.4578279116205381,576,0,0.06901871352874103,0.06901871352874103,68,0,0.27148879530987285,0.46203839674561453,581,294.74438077764944,0.5253713675078109,323.25,121.69504323598774,0.5024199832708136,571,sym,375.8541666666667,399.5,183.40489689834808,144,1.0,1.0,0.0,6,429.75
bior4.4,1,antireflect,1.18897367193613e-20,252.5034342544711,1544440.5541209404,0.5897435897435898,263.56293524510664,69,raw,7.857638926192943e-11,-5.487266198221457e-11,5.271804664501779,30972.086531308614,0.7747889331049692,1.3207638667412453e-05,1.0,322.9999999999909,,,,[],[],16,213.18749999980838,25.00000000003564,449.99999999964325,"[3, 8, 15, 19, 22, 27, 30, 35, 38, 43, 46, 51, 55, 58, 61, 65]","[348.9999999995663, 267.99999999985255, 188.99999999982228, 25.00000000003564, 449.99999999964325, 203.99999999974335, 44.99999999991849, 52.000000000016655, 356.9999999996985, 48.99999999993986, 287.9999999997504, 41.99999999994753, 205.99999999995947, 407.99999999931686, 108.99999999996913, 369.99999999975375]","[0, 0, 0, 0, 0, 24, 29, 32, 32, 40, 40, 47, 54, 32, 60, 60]","[5, 9, 16, 20, 32, 32, 32, 36, 54, 45, 54, 54, 56, 67, 62, 67]",6764699.999998611,459.99999999990894,-459.99999999990894,0.0,,,,DWT,inu.32000013032828,1.3886019587516785e-06,,0.0,34,6.0,0.0,34,,9.106315701501444e-11,79.31250000019162,485.9999999969341,79.31250000019162,,0.0,79.31250000019162,,,16.99999999996436,0.0,34,3.567492967704311e-10,9.106315701501444e-11,,9.094947017729282e-12,0.21555963593267968,0.8364145243572421,0.0024109047410714344,0.2991452991452991,0.00539497184047541,,,,,,,0.10000670735797171,0.050003353678985854,0.10000670735797171,58,0.6705646045030744,0.4575967686606705,577,0,0.10000670735797171,0.10000670735797171,58,0,0.27178506720335355,0.4625426127317968,579,300.2232502655316,0.5165487113276463,318.0,105.42135487082673,0.502235708320828,572,bior,292.162962962963,301.0,176.53037485058104,135,0.7773306480916924,0.9625172382852065,0.16711337485025335,4,430.0
rbio4.4,1,periodization,1.1828359759746427e-20,252.52591138234752,1344362.672009449,0.6,290.5252873369595,69,raw,8.344183049724151e-11,1.3315126768083395e-11,5.147029703148207,15172.245372364237,0.593453745030356,1.3207638667411936e-05,0.9999999999999994,322.999999999991,,,,[],[],16,213.18749999981804,25.000000000035698,449.9999999996433,"[3, 8, 15, 19, 22, 27, 30, 35, 38, 43, 46, 51, 55, 58, 61, 65]","[348.99999999966343, 267.9999999998525, 188.99999999982222, 25.000000000035698, 449.9999999996433, 203.99999999974344, 44.99999999991854, 52.00000000001671, 356.9999999996985, 48.9999999999398, 287.9999999997505, 41.99999999994748, 205.99999999995944, 407.99999999944504, 108.99999999996908, 369.99999999968264]","[0, 0, 0, 0, 0, 24, 29, 32, 32, 40, 40, 47, 54, 32, 60, 60]","[5, 9, 16, 20, 32, 32, 32, 36, 54, 45, 54, 54, 56, 67, 62, 67]",6764699.999998485,459.999999999909,-459.999999999909,0.0,,,,DWT,inu.32000013032828,1.5152618288993835e-06,,0.0,34,6.0,0.0,34,,9.100631359615363e-11,79.31250000018196,485.9999999970887,79.31250000018197,,0.0,79.31250000018196,,,16.999999999964302,0.0,34,3.566924533515703e-10,9.100631359615363e-11,,8.981260180007666e-12,0.21580282305313703,0.7930081710709356,0.0005720642505250829,0.35686274509803895,9.401237964020695e-05,,,,,,,0.10912871419947683,0.05456435709973841,0.10912871419947683,50,0.6690545144836842,0.4565662753888526,579,0,0.10912871419947683,0.10912871419947683,50,0,0.27326796317045543,0.4650663075840955,576,304.5547296190511,0.509573704317148,313.75,92.03182303610309,0.5021701049766094,573,rbio,249.7925925925926,196.0,174.24048813612427,135,0.6645997696604647,0.9500318207572005,0.24977061501051454,3,430.5
db10,1,antisymmetric,2.4187875868002157e-27,319.41917932219553,1494732.7190260591,0.6136363636363636,312.2581527988801,69,raw,3.2675955339257516e-14,-6.958533749212875e-11,5.5110538002551035,63081.129782093114,0.8639285814569388,1.3207638667392629e-05,1.0,323.00000000000006,,,,[],[],16,213.18749999999994,25.0,450.0,"[3, 8, 15, 19, 22, 27, 30, 35, 38, 43, 46, 51, 55, 58, 61, 65]","[348.9999999999999, 267.99999999999994, 189.0, 25.0, 450.0, 204.00000000000014, 45.0, 51.99999999999983, 357.0, 48.99999999999994, 288.0, 41.99999999999983, 205.99999999999994, 407.99999999999994, 108.99999999999997, 369.99999999999994]","[0, 0, 0, 0, 0, 24, 29, 32, 32, 40, 40, 47, 54, 32, 60, 60]","[5, 9, 16, 20, 32, 32, 32, 36, 54, 45, 54, 54, 56, 67, 62, 67]",6764700.0,460.0,-460.0,0.0,,,,DWT,inu.32000013032828,0.0,,0.0,34,6.0,0.0,34,,0.0,79.31250000000006,485.9999999999991,79.31250000000003,,0.0,79.31250000000006,,,17.0,0.0,34,0.0,0.0,,5.684341886080802e-14,0.939542141426969,0.9196438229063696,0.001954058742377115,0.43360071301247766,0.016167784990071963,,,,,,,0.0,0.0,0.0,590,1.2044316248815745,0.8219103959818422,175,0,0.0,0.0,585,0,0.46218170421565313,0.7865727695215512,186,235.03333096960242,0.6215244267800284,384.0,275.9582401467895,0.5015834694286616,574,db,361.0980392156863,403.0,158.96390539935234,153,0.9607397529157442,0.8667375194865046,0.06746091711302768,5,431.75
bior4.4,1,periodization,1.1826887509914039e-20,252.5264519727474,1348070.1665436085,0.6,265.430361661349,69,raw,8.342682079425925e-11,1.2754464140647794e-11,5.142875719939409,15364.855710282367,0.6093624992624764,1.320763866741194e-05,0.9999999999999994,322.9999999999909,,,,[],[],16,213.18749999981804,25.00000000003564,449.99999999964325,"[3, 8, 15, 19, 22, 27, 30, 35, 38, 43, 46, 51, 55, 58, 61, 65]","[348.99999999966343, 267.9999999998525, 188.99999999982234, 25.00000000003564, 449.99999999964325, 203.9999999997433, 44.99999999991854, 52.0000000000166, 356.9999999996985, 48.99999999993986, 287.99999999975034, 41.99999999994759, 205.9999999999594, 407.99999999944515, 108.9999999999691, 369.9999999996827]","[0, 0, 0, 0, 0, 24, 29, 32, 32, 40, 40, 47, 54, 32, 60, 60]","[5, 9, 16, 20, 32, 32, 32, 36, 54, 45, 54, 54, 56, 67, 62, 67]",6764699.999998485,459.99999999990894,-459.99999999990894,0.0,,,,DWT,inu.32000013032828,1.5152618288993835e-06,,0.0,34,6.0,0.0,34,,9.106315701501444e-11,79.31250000018196,485.9999999970887,79.31250000018198,,0.0,79.31250000018196,,,16.99999999996436,0.0,34,3.567492967704311e-10,9.106315701501444e-11,,9.094947017729282e-12,0.2158086718708071,0.7915630953862751,0.0006061384370165856,0.35686274509803895,0.00015863452253205295,,,,,,,0.10912871419947683,0.05456435709973841,0.10912871419947683,49,0.6683783718823585,0.45610487216619106,580,0,0.10912871419947683,0.10912871419947683,49,0,0.27299985706293406,0.4646100260792345,577,305.70942085581856,0.5077142981387786,313.75,90.34736292600823,0.5012404018874247,575,bior,292.162962962963,301.0,176.53037485058104,135,0.7773306480916924,0.9625172382852065,0.16711337485025335,4,432.25
db4,1,constant,1.2058367738473994e-27,322.44227139153537,1353283.2189669514,0.6052631578947368,253.1320358261987,69,raw,2.1007350448559495e-14,-6.994460566289742e-11,5.166197155139139,19688.351375208385,0.7356013320152299,1.3207638667392627e-05,1.0,323.0,,,,[],[],16,213.1875,25.0,450.0000000000001,"[3, 8, 15, 19, 22, 27, 30, 35, 38, 43, 46, 51, 55, 58, 61, 65]","[349.00000000000006, 268.0, 189.0, 25.0, 450.0000000000001, 203.9999999999999, 45.000000000000114, 52.00000000000006, 357.00000000000006, 49.0, 288.0, 42.0, 206.00000000000003, 408.0, 109.00000000000006, 370.0]","[0, 0, 0, 0, 0, 24, 29, 32, 32, 40, 40, 47, 54, 32, 60, 60]","[5, 9, 16, 20, 32, 32, 32, 36, 54, 45, 54, 54, 56, 67, 62, 67]",6764700.0,460.00000000000006,-460.00000000000006,0.0,,,,DWT,inu.32000013032828,0.0,,0.0,34,6.0,0.0,34,,5.684341886080802e-14,79.3125,486.0,79.3125,,0.0,79.3125,,,17.0,0.0,34,1.1368683772161603e-13,5.684341886080802e-14,,0.0,0.9722499259474202,0.7996760889263387,0.0006540496392655273,0.3864809081527346,0.001609198171768183,,,,,,,0.0,0.0,0.0,585,1.1387510673810555,0.7770896424344023,254,0,0.0,0.0,602,0,0.4321340341675054,0.7354355677849514,259,194.701480905171,0.6864710452412706,425.0,358.14877513685036,0.5010455065175756,576,db,361.0980392156863,403.0,158.96390539935234,153,0.9607397529157442,0.8667375194865046,0.06746091711302768,5,433.25
sym11,1,smooth,1.4306820888730133e-23,281.69972523235066,31322195.50413512,0.5666666666666667,277.14658496621126,69,raw,2.56402950401315e-12,-4.8163584231998215e-11,2.996389843415957,873130.183499912,0.9949322042041009,1.3207638667392112e-05,1.0,322.99999999999983,,,,[],[],16,213.18750000000645,25.000000000000682,450.00000000001074,"[3, 8, 15, 19, 22, 27, 30, 35, 38, 43, 46, 51, 55, 58, 61, 65]","[349.0000000000134, 268.0000000000051, 189.0000000000049, 25.000000000000682, 450.00000000001074, 204.00000000000762, 45.00000000000364, 52.000000000001535, 357.0000000000081, 49.00000000000222, 288.0000000000081, 42.00000000000125, 206.00000000000233, 408.00000000002507, 108.99999999999963, 370.00000000000887]","[0, 0, 0, 0, 0, 24, 29, 32, 32, 40, 40, 47, 54, 32, 60, 60]","[5, 9, 16, 20, 32, 32, 32, 36, 54, 45, 54, 54, 56, 67, 62, 67]",6764700.000000027,460.00000000000324,-460.00000000000324,0.0,,,,DWT,inu.32000013032828,2.7008354663848877e-08,,0.0,34,6.0,0.0,34,,3.240074875066057e-12,79.31249999999355,486.0000000001032,79.31249999999623,,0.0,79.31249999999355,,,16.999999999999318,0.0,34,1.0743406164692715e-11,3.240074875066057e-12,,1.7053025658242404e-13,0.5314434966281334,0.044849786323992724,0.2760870399629576,0.16928104575163377,0.28794502324510324,,,,,,,0.0019451338117915354,0.0009725669058957677,0.0019451338117915354,188,0.6622249387190501,0.45190573741796497,585,0,0.0019451338117915354,0.0019451338117915354,188,0,0.2619212783823642,0.4457557351463501,593,231.54049321878884,0.627148964220952,388.5,285.02127231845327,0.5007725497433262,577,sym,375.8541666666667,399.5,183.40489689834808,144,1.0,1.0,0.0,6,434.25
db5,1,periodization,3.7246900198074915e-27,317.54425528101336,1337229.8683770667,0.6285714285714286,313.5232979064246,69,raw,4.455528358123105e-14,-7.054945516671322e-11,5.171320326843063,15111.808163265307,0.5819661565156286,1.3207638667392624e-05,1.0,323.0,,,,[],[],16,213.18750000000003,25.000000000000057,450.0000000000001,"[3, 8, 15, 19, 22, 27, 30, 35, 38, 43, 46, 51, 55, 58, 61, 65]","[348.99999999999994, 268.0, 189.00000000000017, 25.000000000000057, 450.0000000000001, 204.00000000000023, 45.0, 51.99999999999983, 357.00000000000017, 49.00000000000006, 288.0000000000001, 41.99999999999994, 205.99999999999994, 408.0, 109.00000000000003, 370.0]","[0, 0, 0, 0, 0, 24, 29, 32, 32, 40, 40, 47, 54, 32, 60, 60]","[5, 9, 16, 20, 32, 32, 32, 36, 54, 45, 54, 54, 56, 67, 62, 67]",6764700.0,460.0000000000001,-460.0000000000001,0.0,,,,DWT,inu.32000013032828,0.0,,0.0,34,6.0,0.0,34,,1.1368683772161603e-13,79.31249999999997,486.00000000000045,79.31249999999997,,0.0,79.31249999999997,,,16.999999999999943,0.0,34,1.1368683772161603e-13,1.1368683772161603e-13,,0.0,0.9192567481525951,0.8014583231062941,0.0005065093376485467,0.5176470588235292,7.373526469097889e-05,,,,,,,0.0,0.0,0.0,572,1.1596247827488166,0.7913339742080849,231,0,0.0,0.0,612,0,0.4477884749369516,0.7620773770972236,224,211.09614713048018,0.6600706165370689,409.75,328.5278275879405,0.5001238750962317,578,db,361.0980392156863,403.0,158.96390539935234,153,0.9607397529157442,0.8667375194865046,0.06746091711302768,5,434.75
sym7,1,periodization,2.1100805268453618e-20,250.01216633801357,1328975.1376792525,0.6,289.4230457605271,69,raw,1.143893580005842e-10,-4.589264524084279e-10,5.20344121115407,15111.808163256403,0.5876413753050093,1.320763866740148e-05,1.0,323.0000000000611,,,,[],[],16,213.18749999975634,24.99999999978928,449.99999999968014,"[3, 8, 15, 19, 22, 27, 30, 35, 38, 43, 46, 51, 55, 58, 61, 65]","[348.99999999936085, 267.99999999977103, 188.99999999991815, 24.99999999978928, 449.99999999968014, 203.99999999975435, 44.999999999766885, 51.99999999974159, 356.9999999998571, 48.999999999859256, 287.9999999996986, 41.999999999998295, 205.9999999998019, 407.9999999994116, 109.00000000014225, 369.9999999995502]","[0, 0, 0, 0, 0, 24, 29, 32, 32, 40, 40, 47, 54, 32, 60, 60]","[5, 9, 16, 20, 32, 32, 32, 36, 54, 45, 54, 54, 56, 67, 62, 67]",6764699.999999083,459.9999999998551,-459.9999999998551,0.0,,,,DWT,inu.32000013032828,9.173527359962463e-07,,0.0,34,6.0,0.0,34,,1.4489387467619963e-10,79.31250000024366,485.99999999610145,79.31250000024366,,0.0,79.31250000024366,,,17.00000000021072,0.0,34,3.198579179297667e-10,1.4489387467619963e-10,,6.110667527536862e-11,0.188605824297032,0.8126324435960715,0.0004306432154889861,0.35686274509803895,7.37352646879917e-05,,,,,,,0.06606747602119525,0.03303373801059763,0.06606747602119525,76,0.6624696301290902,0.4520727161069704,584,0,0.06606747602119525,0.06606747602119525,76,0,0.2717210782942639,0.46243371198349326,580,292.1438002080482,0.5295590978936422,329.0,134.44358561908544,0.49988421883409967,579,sym,375.8541666666667,399.5,183.40489689834808,144,1.0,1.0,0.0,6,435.75
sym6,1,antireflect,1.482952468085297e-20,251.54388432212778,1663096.5159670222,0.5875,306.1048387261891,69,raw,8.908375486558011e-11,2.3512558565414035e-10,5.287627612299951,33276.747519048266,0.779290622470904,1.320763866737847e-05,0.9999999999999997,322.9999999999621,,,,[],[],16,213.1875000002284,25.00000000013273,450.0000000003295,"[3, 8, 15, 19, 22, 27, 30, 35, 38, 43, 46, 51, 55, 58, 61, 65]","[349.00000000043167, 268.00000000019224, 189.00000000011383, 25.00000000013273, 450.0000000003295, 204.00000000024767, 45.00000000017735, 52.000000000160014, 357.0000000001977, 49.00000000011653, 288.000000000276, 42.00000000002285, 206.0000000001463, 408.00000000074436, 108.99999999989194, 370.00000000047385]","[0, 0, 0, 0, 0, 24, 29, 32, 32, 40, 40, 47, 54, 32, 60, 60]","[5, 9, 16, 20, 32, 32, 32, 36, 54, 45, 54, 54, 56, 67, 62, 67]",6764700.000001093,460.0000000001292,-460.0000000001292,0.0,,,,DWT,inu.32000013032828,1.0933727025985718e-06,,0.0,34,6.0,0.0,34,,1.2920509107061662e-10,79.3124999997716,486.00000000365435,79.31249999985171,,0.0,79.3124999997716,,,16.99999999986727,0.0,34,3.2952129913610406e-10,1.2920509107061662e-10,,3.7914560380158946e-11,0.20517796322677606,0.8419189657508322,0.0035014270156210735,0.28651960784313724,0.006168202048556346,,,,,,,0.07874438258769871,0.039372191293849355,0.07874438258769871,64,0.6628920982759697,0.45236101056447076,582,0,0.07874438258769871,0.07874438258769871,64,0,0.26865723317698464,0.4572194485946531,582,299.0674394402261,0.5184099203861093,323.0,115.3188854489164,0.4991405479547294,580,sym,375.8541666666667,399.5,183.40489689834808,144,1.0,1.0,0.0,6,436.5
sym13,1,zero,1.1393921513015581e-22,272.68842439868047,1315003.0901899189,0.5425531914893617,133.897694287163,69,raw,8.27042138477433e-12,-7.289169268273879e-12,5.144246466388852,27395.19103666723,0.8301986171455296,1.3207638667394557e-05,1.0,322.9999999999995,,,,[],[],16,213.1874999999803,25.000000000001535,449.9999999999621,"[3, 8, 15, 19, 22, 27, 30, 35, 38, 43, 46, 51, 55, 58, 61, 65]","[348.99999999995805, 267.99999999998136, 188.99999999998147, 25.000000000001535, 449.9999999999621, 203.9999999999742, 44.99999999999005, 51.999999999998806, 356.9999999999693, 48.99999999999363, 287.9999999999722, 41.999999999995225, 205.99999999999366, 407.99999999995674, 108.99999999999687, 369.9999999999596]","[0, 0, 0, 0, 0, 24, 29, 32, 32, 40, 40, 47, 54, 32, 60, 60]","[5, 9, 16, 20, 32, 32, 32, 36, 54, 45, 54, 54, 56, 67, 62, 67]",6764699.999999822,459.99999999998965,-459.99999999998965,0.0,,,,DWT,inu.32000013032828,1.778826117515564e-07,,0.0,34,6.0,0.0,34,,1.0345502232667059e-11,79.3125000000197,485.99999999968486,79.3125000000197,,0.0,79.3125000000197,,,16.999999999998465,0.0,34,3.7914560380158946e-11,1.0345502232667059e-11,,5.115907697472721e-13,0.43394739688777395,0.7920399467032784,0.0003022313871145414,0.03358364622444682,0.004194897876313806,,,,,,,0.012811053725937353,0.0064055268629686765,0.012811053725937353,154,0.671650944818165,0.458338092933549,575,0,0.012811053725937353,0.012811053725937353,154,0,0.25281362381578554,0.4302556990978943,602,251.10074339462506,0.5956509768202496,371.25,244.09186339086816,0.49891244493186393,581,sym,375.8541666666667,399.5,183.40489689834808,144,1.0,1.0,0.0,6,437.25
sym8,1,zero,1.1713545134523925e-21,262.5682730805586,1323285.9077632164,0.5714285714285714,189.8352647298662,69,raw,2.6104567782765465e-11,1.1171152891582581e-10,5.112047185203089,24718.94954648364,0.8035826412290069,1.3207638667395897e-05,1.0,322.9999999999794,,,,[],[],16,213.18750000000017,25.00000000007509,449.9999999999747,"[3, 8, 15, 19, 22, 27, 30, 35, 38, 43, 46, 51, 55, 58, 61, 65]","[348.99999999999466, 268.00000000002865, 188.99999999996686, 25.00000000007509, 449.9999999999747, 203.9999999999784, 45.00000000003922, 52.00000000008225, 356.99999999994327, 49.000000000018986, 288.0000000000086, 41.99999999998107, 206.0000000000486, 407.9999999999519, 108.99999999994674, 369.99999999996385]","[0, 0, 0, 0, 0, 24, 29, 32, 32, 40, 40, 47, 54, 32, 60, 60]","[5, 9, 16, 20, 32, 32, 32, 36, 54, 45, 54, 54, 56, 67, 62, 67]",6764699.999999727,460.000000000013,-460.000000000013,0.0,,,,DWT,inu.32000013032828,2.728775143623352e-07,,0.0,34,6.0,0.0,34,,1.3017142919125035e-11,79.31249999999983,486.00000000000273,79.31249999999983,,0.0,79.31249999999983,,,16.99999999992491,0.0,34,2.5295321393059567e-11,1.3017142919125035e-11,,2.05773176276125e-11,0.32445429478064125,0.7808385537350703,0.00037835564517271704,0.1960784313725487,0.0032969997579623263,,,,,,,0.019652558857066203,0.009826279428533102,0.019652558857066203,134,0.6650312040107107,0.4538207474272095,581,0,0.019652558857066203,0.019652558857066203,134,0,0.2610093270582791,0.4442037133503516,594,261.88212997453644,0.5782896457736934,360.75,218.22095654246073,0.49868588568877903,582,sym,375.8541666666667,399.5,183.40489689834808,144,1.0,1.0,0.0,6,438.0
db6,1,antireflect,2.0711142919741684e-27,320.09311597784944,1505057.604976019,0.625,285.5522799215709,69,raw,2.93227600011143e-14,-6.759404147516104e-11,5.299144166200645,43446.6949675292,0.8415212419317125,1.3207638667392627e-05,1.0,323.0,,,,[],[],16,213.1875,24.999999999999943,450.0000000000001,"[3, 8, 15, 19, 22, 27, 30, 35, 38, 43, 46, 51, 55, 58, 61, 65]","[349.0, 268.0, 189.0000000000001, 24.999999999999943, 450.0000000000001, 203.99999999999994, 45.00000000000006, 51.99999999999994, 356.99999999999994, 49.0, 288.0, 42.0, 206.0, 407.99999999999994, 109.00000000000006, 370.0]","[0, 0, 0, 0, 0, 24, 29, 32, 32, 40, 40, 47, 54, 32, 60, 60]","[5, 9, 16, 20, 32, 32, 32, 36, 54, 45, 54, 54, 56, 67, 62, 67]",6764700.0,460.0000000000001,-460.0000000000001,0.0,,,,DWT,inu.32000013032828,0.0,,0.0,34,6.0,0.0,34,,1.1368683772161603e-13,79.3125,486.0,79.3125,,0.0,79.3125,,,17.000000000000057,0.0,34,1.1368683772161603e-13,1.1368683772161603e-13,,0.0,0.9468336742046575,0.845925311269448,0.0020489508821013823,0.49754901960784303,0.009580291993062073,,,,,,,0.0,0.0,0.0,608,1.1949390602389311,0.8154326205704856,187,0,0.0,0.0,575,0,0.46038744959142247,0.78351918298592,191,232.77940200971392,0.6251539420133432,390.25,286.38805546800717,0.4983660209261563,583,db,361.0980392156863,403.0,158.96390539935234,153,0.9607397529157442,0.8667375194865046,0.06746091711302768,5,438.5
rbio4.4,1,constant,1.0855110428019939e-20,252.89881417513217,1437143.7961073976,0.5897435897435898,240.53722817820085,69,raw,7.78538586256099e-11,-2.167355185282344e-11,5.1824366346561845,18822.784244061775,0.7376783219103599,1.32076386674112e-05,1.0,322.99999999999096,,,,[],[],16,213.18749999981105,25.000000000035698,449.9999999996433,"[3, 8, 15, 19, 22, 27, 30, 35, 38, 43, 46, 51, 55, 58, 61, 65]","[348.999999999595, 267.9999999998525, 188.99999999982222, 25.000000000035698, 449.9999999996433, 203.99999999974344, 44.99999999991854, 52.00000000001671, 356.9999999996985, 48.99999999993986, 287.99999999975057, 41.99999999994748, 205.9999999999594, 407.9999999993994, 108.99999999996908, 369.9999999996851]","[0, 0, 0, 0, 0, 24, 29, 32, 32, 40, 40, 47, 54, 32, 60, 60]","[5, 9, 16, 20, 32, 32, 32, 36, 54, 45, 54, 54, 56, 67, 62, 67]",6764699.999998589,459.999999999909,-459.999999999909,0.0,,,,DWT,inu.32000013032828,1.41095370054245e-06,,0.0,34,6.0,0.0,34,,9.100631359615363e-11,79.31250000018895,485.99999999697684,79.31250000018895,,0.0,79.31250000018895,,,16.999999999964302,0.0,34,3.566924533515703e-10,9.100631359615363e-11,,9.038103598868474e-12,0.21983737572759088,0.8053254321716166,0.0014247806325119897,0.2991452991452991,0.0013187942223435315,,,,,,,0.1016164732711785,0.05080823663558925,0.1016164732711785,56,0.6554631691856759,0.4472914707714378,587,0,0.1016164732711785,0.1016164732711785,56,0,0.26541033637987244,0.45169365520482313,587,306.5729929396913,0.5063236828668417,321.5,102.2457231726283,0.4943051586636946,584,rbio,249.7925925925926,196.0,174.24048813612427,135,0.6645997696604647,0.9500318207572005,0.24977061501051454,3,438.75
db6,1,periodization,2.943551634259005e-27,318.5664400497916,1335705.1924127885,0.6428571428571429,316.5192933633276,69,raw,3.7697305104802537e-14,-6.801115226551271e-11,5.1772232669908655,15111.808163265305,0.5948809005739205,1.3207638667392629e-05,1.0,323.0,,,,[],[],16,213.18749999999994,24.999999999999773,450.0,"[3, 8, 15, 19, 22, 27, 30, 35, 38, 43, 46, 51, 55, 58, 61, 65]","[349.00000000000006, 267.9999999999998, 188.99999999999994, 24.999999999999773, 450.0, 204.0, 44.99999999999994, 51.999999999999886, 357.00000000000006, 49.00000000000006, 288.0, 42.0, 206.0, 408.00000000000006, 108.99999999999994, 369.9999999999999]","[0, 0, 0, 0, 0, 24, 29, 32, 32, 40, 40, 47, 54, 32, 60, 60]","[5, 9, 16, 20, 32, 32, 32, 36, 54, 45, 54, 54, 56, 67, 62, 67]",6764700.0,460.0,-460.0,0.0,,,,DWT,inu.32000013032828,0.0,,0.0,34,6.0,0.0,34,,0.0,79.31250000000006,485.9999999999991,79.31250000000004,,0.0,79.31250000000006,,,17.000000000000227,0.0,34,0.0,0.0,,0.0,0.9303160868662144,0.8035118208810388,0.0004924966148603519,0.5980392156862747,7.373526469097889e-05,,,,,,,0.0,0.0,0.0,611,1.1994369912480645,0.818502032050925,180,0,0.0,0.0,581,0,0.4664866710626158,0.7938992596543885,174,242.23198247410133,0.6099323953718174,386.5,272.84173728956273,0.493774571276891,585,db,361.0980392156863,403.0,158.96390539935234,153,0.9607397529157442,0.8667375194865046,0.06746091711302768,5,440.0
bior4.4,1,constant,1.0853000018302588e-20,252.89965859620693,1439210.4792991988,0.5897435897435898,235.9604410301928,69,raw,7.783975074810278e-11,-2.2003288091136653e-11,5.179501965754359,18905.94896775008,0.7408548246489477,1.32076386674112e-05,1.0,322.9999999999909,,,,[],[],16,213.18749999981105,25.00000000003564,449.99999999964325,"[3, 8, 15, 19, 22, 27, 30, 35, 38, 43, 46, 51, 55, 58, 61, 65]","[348.99999999959505, 267.99999999985255, 188.99999999982228, 25.00000000003564, 449.99999999964325, 203.99999999974335, 44.99999999991849, 52.000000000016655, 356.9999999996985, 48.99999999993986, 287.9999999997504, 41.99999999994753, 205.99999999995947, 407.99999999939956, 108.99999999996913, 369.9999999996851]","[0, 0, 0, 0, 0, 24, 29, 32, 32, 40, 40, 47, 54, 32, 60, 60]","[5, 9, 16, 20, 32, 32, 32, 36, 54, 45, 54, 54, 56, 67, 62, 67]",6764699.999998589,459.99999999990894,-459.99999999990894,0.0,,,,DWT,inu.32000013032828,1.41095370054245e-06,,0.0,34,6.0,0.0,34,,9.106315701501444e-11,79.31250000018895,485.99999999697684,79.31250000018895,,0.0,79.31250000018895,,,16.99999999996436,0.0,34,3.567492967704311e-10,9.106315701501444e-11,,9.094947017729282e-12,0.2198465117849534,0.804304528027475,0.001443774739677208,0.2991452991452991,0.0013466965806272848,,,,,,,0.1016164732711785,0.05080823663558925,0.1016164732711785,57,0.6549788567449186,0.44696097344660973,588,0,0.1016164732711785,0.1016164732711785,57,0,0.2652173620556064,0.4513652381616992,588,306.5729929396913,0.5063236828668417,322.5,103.92558139534883,0.4935000056846286,586,bior,292.162962962963,301.0,176.53037485058104,135,0.7773306480916924,0.9625172382852065,0.16711337485025335,4,440.5
sym6,1,constant,1.2324386745990743e-20,252.34750345106247,1482812.6749803221,0.5875,247.77382723653852,69,raw,8.633784186779359e-11,1.0840051078028682e-10,5.212016016279289,18666.474780964527,0.7439136966409279,1.3207638667380228e-05,1.0,322.9999999999621,,,,[],[],16,213.18750000021268,25.00000000013273,450.0000000003295,"[3, 8, 15, 19, 22, 27, 30, 35, 38, 43, 46, 51, 55, 58, 61, 65]","[349.00000000044815, 268.00000000019224, 189.00000000011383, 25.00000000013273, 450.0000000003295, 204.00000000024767, 45.00000000017735, 52.000000000160014, 357.0000000001977, 49.00000000011653, 288.000000000276, 42.00000000002285, 206.0000000001463, 408.00000000054547, 108.99999999989106, 370.00000000040535]","[0, 0, 0, 0, 0, 24, 29, 32, 32, 40, 40, 47, 54, 32, 60, 60]","[5, 9, 16, 20, 32, 32, 32, 36, 54, 45, 54, 54, 56, 67, 62, 67]",6764700.00000106,460.0000000001292,-460.0000000001292,0.0,,,,DWT,inu.32000013032828,1.0598450899124146e-06,,0.0,34,6.0,0.0,34,,1.2920509107061662e-10,79.31249999978732,486.0000000034029,79.3124999998575,,0.0,79.31249999978732,,,16.99999999986727,0.0,34,3.2952129913610406e-10,1.2920509107061662e-10,,3.7914560380158946e-11,0.2138725714963311,0.8156154220445423,0.001844506105128671,0.28651960784313724,0.0012663512820071119,,,,,,,0.07632973371788852,0.03816486685894426,0.07632973371788852,66,0.6521678906226919,0.4450427555661733,589,0,0.07632973371788852,0.07632973371788852,66,0,0.2638236917542293,0.44899339371447156,589,301.95419078617425,0.5137613674940833,327.5,118.69923664122136,0.49319308310291926,587,sym,375.8541666666667,399.5,183.40489689834808,144,1.0,1.0,0.0,6,441.75
sym15,1,zero,2.328085487374487e-21,259.58516739785057,1308825.6547597994,0.5714285714285714,130.82268094632684,69,raw,3.695923438471438e-11,1.292539408817772e-10,5.168526438489709,28021.93960849263,0.8275520854644726,1.3207638667400669e-05,0.9999999999999999,323.0000000000017,,,,[],[],16,213.1874999999087,24.999999999995794,449.99999999982975,"[3, 8, 15, 19, 22, 27, 30, 35, 38, 43, 46, 51, 55, 58, 61, 65]","[348.9999999997972, 267.999999999921, 188.99999999992087, 24.999999999995794, 449.99999999982975, 203.99999999987875, 44.99999999994924, 51.9999999999863, 356.99999999986596, 48.99999999996402, 287.99999999987523, 41.99999999997789, 205.99999999996624, 407.99999999979457, 109.00000000000273, 369.9999999998142]","[0, 0, 0, 0, 0, 24, 29, 32, 32, 40, 40, 47, 54, 32, 60, 60]","[5, 9, 16, 20, 32, 32, 32, 36, 54, 45, 54, 54, 56, 67, 62, 67]",6764699.999999255,459.99999999995066,-459.99999999995066,0.0,,,,DWT,inu.32000013032828,7.450580596923828e-07,,0.0,34,6.0,0.0,34,,4.934008757118136e-11,79.31250000009129,485.99999999853935,79.31250000009128,,0.0,79.31250000009129,,,17.000000000004206,0.0,34,1.7024603948812e-10,4.934008757118136e-11,,1.7053025658242404e-12,0.2921791355616057,0.8004863932928715,0.00024545690371457454,0.1960784313725487,0.004405176494811308,,,,,,,0.0536588637735596,0.0268294318867798,0.0536588637735596,90,0.6558668495822005,0.44756694437052263,586,0,0.0536588637735596,0.0536588637735596,90,0,0.2586789187251104,0.4402376633747313,597,289.5759831201476,0.5336940690496819,340.75,156.2271228574193,0.49249115690809375,588,sym,375.8541666666667,399.5,183.40489689834808,144,1.0,1.0,0.0,6,442.5
rbio5.5,1,zero,1.823594211542664e-20,250.64587458369672,1346772.0174285648,0.6,214.78494645955502,69,raw,1.0593332330495611e-10,,5.10106955477209,24340.676066547974,0.7931617886729531,1.3207638667367384e-05,0.9999999999999999,323.00000000003405,,,,[],[],16,213.18750000019998,24.999999999872045,450.00000000042326,"[3, 8, 15, 19, 22, 27, 30, 35, 38, 43, 46, 51, 55, 58, 61, 65]","[349.00000000039853, 268.0000000001857, 189.00000000023695, 24.999999999872045, 450.00000000042326, 204.00000000028467, 45.00000000005349, 51.9999999999111, 357.0000000003921, 49.00000000003155, 288.000000000294, 42.00000000006156, 206.0000000000008, 408.00000000047163, 109.00000000014097, 370.00000000044116]","[0, 0, 0, 0, 0, 24, 29, 32, 32, 40, 40, 47, 54, 32, 60, 60]","[5, 9, 16, 20, 32, 32, 32, 36, 54, 45, 54, 54, 56, 67, 62, 67]",6764700.000002238,460.00000000008157,-460.00000000008157,0.0,,,,DWT,inu.32000013032828,2.237968146800995e-06,,0.0,34,6.0,0.0,34,,8.15703060652595e-11,79.31249999980002,486.0000000031996,79.31249999988114,,0.0,79.31249999980002,,,17.000000000127955,0.0,34,4.232560968375765e-10,8.15703060652595e-11,,3.4049207897624e-11,0.19546211324663187,0.77701968735703,0.0005942076372184396,0.35686274509803895,0.0031700863059803824,,,,,,,0.16117781205982964,0.08058890602991482,0.16117781205982964,20,0.6500973480067112,0.44362980653175604,590,0,0.16117781205982964,0.16117781205982964,20,0,0.2666217679289799,0.45375535314737653,585,327.65263618655655,0.47237900775111663,303.75,38.683104511067526,0.491624286484254,589,rbio,249.7925925925926,196.0,174.24048813612427,135,0.6645997696604647,0.9500318207572005,0.24977061501051454,3,442.5
sym4,1,zero,4.626791187596162e-21,256.6023576363007,1322840.9842832882,0.5789473684210527,237.53422442153195,69,raw,5.386526651449641e-11,-5.641631606640911e-11,5.1137665678429505,20827.44252078014,0.7472351420049899,1.3207638667385856e-05,0.9999999999999999,322.99999999997715,,,,[],[],16,213.18750000012517,25.000000000080036,450.0000000002065,"[3, 8, 15, 19, 22, 27, 30, 35, 38, 43, 46, 51, 55, 58, 61, 65]","[349.00000000029115, 268.00000000010664, 189.00000000007165, 25.000000000080036, 450.0000000002065, 204.0000000001611, 45.00000000010738, 52.00000000009152, 357.000000000127, 49.00000000007458, 288.0000000001659, 42.00000000001876, 206.0000000000864, 408.000000000263, 108.9999999999248, 370.00000000022595]","[0, 0, 0, 0, 0, 24, 29, 32, 32, 40, 40, 47, 54, 32, 60, 60]","[5, 9, 16, 20, 32, 32, 32, 36, 54, 45, 54, 54, 56, 67, 62, 67]",6764700.000000683,460.00000000008066,-460.00000000008066,0.0,,,,DWT,inu.32000013032828,6.826594471931458e-07,,0.0,34,6.0,0.0,34,,8.066081136348657e-11,79.31249999987483,486.0000000020027,79.31249999991522,,0.0,79.31249999987483,,,16.999999999919964,0.0,34,2.0651214072131552e-10,8.066081136348657e-11,,2.2851054382044822e-11,0.25990717800671204,0.7814366876033605,0.00037426652097041855,0.23839009287925697,0.00199137137997502,,,,,,,0.049164933932523976,0.024582466966261988,0.049164933932523976,98,0.6430023695698855,0.43878815639900787,592,0,0.049164933932523976,0.049164933932523976,98,0,0.256419919278055,0.43639314197717094,601,287.8325612805704,0.5365015116254905,347.25,168.34134059466652,0.4886613838320689,590,sym,375.8541666666667,399.5,183.40489689834808,144,1.0,1.0,0.0,6,444.0
bior4.4,1,zero,1.0822078289331847e-20,252.91204991971924,1326730.5638676605,0.5897435897435898,210.92997728058862,69,raw,8.014396875612713e-11,4.656900420755339e-10,5.115824652118927,22286.840923335316,0.7636622660193683,1.3207638667410789e-05,0.9999999999999994,322.9999999999909,,,,[],[],16,213.18749999981657,25.00000000003564,449.99999999964325,"[3, 8, 15, 19, 22, 27, 30, 35, 38, 43, 46, 51, 55, 58, 61, 65]","[348.99999999959505, 267.99999999985255, 188.99999999982228, 25.00000000003564, 449.99999999964325, 203.99999999974335, 44.99999999991849, 52.000000000016655, 356.9999999996985, 48.99999999993986, 287.9999999997504, 41.99999999994753, 205.99999999995947, 407.99999999956395, 108.99999999996913, 369.9999999996094]","[0, 0, 0, 0, 0, 24, 29, 32, 32, 40, 40, 47, 54, 32, 60, 60]","[5, 9, 16, 20, 32, 32, 32, 36, 54, 45, 54, 54, 56, 67, 62, 67]",6764699.999998331,459.99999999990894,-459.99999999990894,0.0,,,,DWT,inu.32000013032828,1.6689300537109375e-06,,0.0,34,6.0,0.0,34,,9.106315701501444e-11,79.31250000018343,485.99999999706506,79.3125000001834,,0.0,79.31250000018343,,,16.99999999996436,0.0,34,3.567492967704311e-10,9.106315701501444e-11,,9.094947017729282e-12,0.21998057741380872,0.7821526480188711,0.0004100141826083028,0.2991452991452991,0.0024810099587004226,,,,,,,0.1201958548527735,0.06009792742638675,0.1201958548527735,46,0.6439202011906248,0.43941448946371847,591,0,0.1201958548527735,0.1201958548527735,45,0,0.26083390974385756,0.44390517604009444,595,316.10375406396764,0.4909762414428862,319.25,84.5057229467723,0.48844303215461543,591,bior,292.162962962963,301.0,176.53037485058104,135,0.7773306480916924,0.9625172382852065,0.16711337485025335,4,444.25
rbio5.5,1,periodization,1.923619438861918e-20,250.4139650623825,1381827.5705970363,0.6,250.61702053086458,69,raw,1.068979397074687e-10,,5.0602706727163085,16214.344309593953,0.7065781080386947,1.3207638667365632e-05,1.0,323.0000000000341,,,,[],[],16,213.18750000019034,24.99999999987199,450.0000000004233,"[3, 8, 15, 19, 22, 27, 30, 35, 38, 43, 46, 51, 55, 58, 61, 65]","[349.00000000028933, 268.00000000018565, 189.0000000002369, 24.99999999987199, 450.0000000004233, 204.00000000028473, 45.0000000000536, 51.999999999911154, 357.00000000039205, 49.000000000031434, 288.000000000294, 42.00000000006145, 206.00000000000077, 408.00000000057133, 109.00000000014737, 370.0000000002903]","[0, 0, 0, 0, 0, 24, 29, 32, 32, 40, 40, 47, 54, 32, 60, 60]","[5, 9, 16, 20, 32, 32, 32, 36, 54, 45, 54, 54, 56, 67, 62, 67]",6764700.0000019455,460.0000000000816,-460.0000000000816,0.0,,,,DWT,inu.32000013032828,1.9455328583717346e-06,,0.0,34,6.0,0.0,34,,8.162714948412031e-11,79.31249999980966,486.00000000304544,79.31249999989575,,0.0,79.31249999980966,,,17.00000000012801,0.0,34,4.233129402564373e-10,8.162714948412031e-11,,3.410605131648481e-11,0.19295301114937313,0.762826690068244,0.000916390028917114,0.35686274509803895,0.000443644009785231,,,,,,,0.14011670802870752,0.07005835401435376,0.14011670802870752,26,0.640565902381334,0.4371254985358552,593,0,0.14011670802870752,0.14011670802870752,26,0,0.2628004960708717,0.4472520485788243,591,326.7812724132153,0.4737821700270285,309.0,49.812291754930236,0.4880988144821133,592,rbio,249.7925925925926,196.0,174.24048813612427,135,0.6645997696604647,0.9500318207572005,0.24977061501051454,3,444.75
sym3,1,reflect,6.331432773697043e-19,235.24013663409067,1327559.4485895827,0.6216216216216216,295.6030970412635,69,raw,6.005553542387999e-10,,5.264943169908743,16123.85036108004,0.579097358287781,1.3207638667262242e-05,1.0,323.00000000030815,,,,[],[],16,213.1875000009114,24.999999998879503,450.0000000020205,"[3, 8, 15, 19, 22, 27, 30, 35, 38, 43, 46, 51, 55, 58, 61, 65]","[349.0000000013897, 268.00000000059174, 189.00000000128952, 24.999999998879503, 450.0000000020205, 204.0000000013642, 44.999999999905526, 51.999999998962494, 357.0000000021473, 48.99999999998744, 288.00000000119496, 42.00000000041808, 205.99999999964257, 408.00000000361194, 109.00000000098998, 370.00000000218677]","[0, 0, 0, 0, 0, 24, 29, 32, 32, 40, 40, 47, 54, 32, 60, 60]","[5, 9, 16, 20, 32, 32, 32, 36, 54, 45, 54, 54, 56, 67, 62, 67]",6764700.000009806,460.00000000026176,-460.00000000026176,0.0,,,,DWT,inu.32000013032828,9.805895388126373e-06,,0.0,34,6.0,0.0,34,,2.617639438540209e-10,79.3124999990886,486.0000000145824,79.31249999955313,,0.0,79.3124999990886,,,17.000000001120497,0.0,34,2.020499323407421e-09,2.617639438540209e-10,,3.0814817364444025e-10,0.028782585902865976,0.8340275674297744,0.0004176321500346898,0.47853736089030185,0.0004132826442691229,,,,,,,0.7062177208397613,0.35310886041988065,0.7062177208397613,5,0.6260724087454524,0.427235063207408,598,0,0.7062177208397613,0.7062177208397613,5,0,0.26843568580344923,0.4568424039613574,583,338.09404510185226,0.45556514476352294,297.75,9.91602351057279,0.48804827286485325,593,sym,375.8541666666667,399.5,183.40489689834808,144,1.0,1.0,0.0,6,446.25
sym7,1,zero,1.5500360020796193e-20,251.35173877887738,1306916.2524335296,0.5853658536585366,198.01748844093956,69,raw,1.0512461754559268e-10,,5.176077646447085,23927.350981553565,0.7577856004511133,1.3207638667400562e-05,0.9999999999999999,323.0000000000611,,,,[],[],16,213.18749999979326,24.99999999978928,449.9999999996802,"[3, 8, 15, 19, 22, 27, 30, 35, 38, 43, 46, 51, 55, 58, 61, 65]","[348.9999999995606, 267.99999999977103, 188.9999999999181, 24.99999999978928, 449.9999999996802, 203.9999999997543, 44.99999999976694, 51.99999999974165, 356.9999999998571, 48.99999999985931, 287.9999999996987, 41.999999999998295, 205.9999999998019, 407.99999999964814, 109.00000000015478, 369.99999999969214]","[0, 0, 0, 0, 0, 24, 29, 32, 32, 40, 40, 47, 54, 32, 60, 60]","[5, 9, 16, 20, 32, 32, 32, 36, 54, 45, 54, 54, 56, 67, 62, 67]",6764699.999999175,459.99999999985516,-459.99999999985516,0.0,,,,DWT,inu.32000013032828,8.25151801109314e-07,,0.0,34,6.0,0.0,34,,1.4483703125733882e-10,79.31250000020674,485.99999999669217,79.31250000020673,,0.0,79.31250000020674,,,17.00000000021072,0.0,34,3.198010745109059e-10,1.4483703125733882e-10,,6.110667527536862e-11,0.20309908012263977,0.8031132857140793,0.00022790830577244054,0.2745098039215683,0.0030314127903633423,,,,,,,0.05942719162921725,0.029713595814608626,0.05942719162921725,87,0.6345465317682822,0.4330178487681722,595,0,0.05942719162921725,0.05942719162921725,87,0,0.2567962981708846,0.43703368959171757,599,294.4531654892959,0.5258403132217457,342.0,151.86820425915406,0.48755783777029316,594,sym,375.8541666666667,399.5,183.40489689834808,144,1.0,1.0,0.0,6,447.0
sym3,1,symmetric,6.646297856169598e-19,235.02935862924787,1328451.349028401,0.6216216216216216,287.94938267090606,69,raw,6.133107805835866e-10,,5.251360663107409,17364.777444231535,0.5945172470033854,1.3207638667247784e-05,1.0,323.00000000030815,,,,[],[],16,213.18750000085439,24.999999998879503,450.0000000020205,"[3, 8, 15, 19, 22, 27, 30, 35, 38, 43, 46, 51, 55, 58, 61, 65]","[349.00000000181865, 268.00000000059174, 189.00000000128952, 24.999999998879503, 450.0000000020205, 204.0000000013642, 44.999999999905526, 51.999999998962494, 357.0000000021473, 48.99999999998744, 288.00000000119496, 42.00000000041808, 205.99999999964257, 408.00000000337593, 109.00000000098998, 370.0000000010816]","[0, 0, 0, 0, 0, 24, 29, 32, 32, 40, 40, 47, 54, 32, 60, 60]","[5, 9, 16, 20, 32, 32, 32, 36, 54, 45, 54, 54, 56, 67, 62, 67]",6764700.000010009,460.00000000026176,-460.00000000026176,0.0,,,,DWT,inu.32000013032828,1.0008923709392548e-05,,0.0,34,6.0,0.0,34,,2.617639438540209e-10,79.31249999914561,486.00000001367016,79.31249999959833,,0.0,79.31249999914561,,,17.000000001120497,0.0,34,2.020499323407421e-09,2.617639438540209e-10,,3.0814817364444025e-10,0.026502112332785543,0.8293025241812199,0.0004258292711913471,0.47853736089030185,0.0008296225362632045,,,,,,,0.7208397612180563,0.36041988060902813,0.7208397612180563,4,0.6225122374965031,0.4248055838575322,599,0,0.7208397612180563,0.7208397612180563,4,0,0.2671194898423524,0.45460241070132573,584,339.24855686256547,0.4537060275965129,297.75,7.946255061303532,0.48711871428134823,595,sym,375.8541666666667,399.5,183.40489689834808,144,1.0,1.0,0.0,6,447.75
sym6,1,zero,1.1438769140968045e-20,252.67136368280683,1323148.3160278555,0.5875,216.44910160000785,69,raw,8.571215235149239e-11,-1.0948830731708644e-10,5.112578777493711,23024.704375006953,0.7801888258929368,1.3207638667381468e-05,1.0,322.9999999999621,,,,[],[],16,213.18750000019983,25.00000000013273,450.0000000003295,"[3, 8, 15, 19, 22, 27, 30, 35, 38, 43, 46, 51, 55, 58, 61, 65]","[349.00000000044815, 268.00000000019224, 189.00000000011383, 25.00000000013273, 450.0000000003295, 204.00000000024767, 45.00000000017735, 52.000000000160014, 357.0000000001977, 49.00000000011653, 288.000000000276, 42.00000000002285, 206.0000000001463, 408.00000000039563, 108.99999999989103, 370.0000000003496]","[0, 0, 0, 0, 0, 24, 29, 32, 32, 40, 40, 47, 54, 32, 60, 60]","[5, 9, 16, 20, 32, 32, 32, 36, 54, 45, 54, 54, 56, 67, 62, 67]",6764700.000001113,460.0000000001292,-460.0000000001292,0.0,,,,DWT,inu.32000013032828,1.1129304766654968e-06,,0.0,34,6.0,0.0,34,,1.2920509107061662e-10,79.31249999980017,486.00000000319733,79.31249999986287,,0.0,79.31249999980017,,,16.99999999986727,0.0,34,3.2952129913610406e-10,1.2920509107061662e-10,,3.7914560380158946e-11,0.21737651726830076,0.7810234825262373,0.0003770910913326016,0.28651960784313724,0.002728568412332662,,,,,,,0.08015292776175464,0.04007646388087732,0.08015292776175464,62,0.6368254676719534,0.4345730064643907,594,0,0.08015292776175464,0.08015292776175464,62,0,0.25760505342826817,0.4384100851886503,598,308.3093684380458,0.503527587056287,329.0,112.31599024897747,0.48686846341542206,596,sym,375.8541666666667,399.5,183.40489689834808,144,1.0,1.0,0.0,6,448.5
sym3,1,antisymmetric,7.310284997472786e-19,234.61581354747688,1329709.6470148577,0.6216216216216216,280.4287666213121,69,raw,6.187904037800021e-10,-9.654083754974824e-09,5.246391325207587,27096.942576430658,0.6771683333237409,1.3207638667266084e-05,1.0,323.00000000030815,,,,[],[],16,213.18750000088065,24.999999998879503,450.0000000020205,"[3, 8, 15, 19, 22, 27, 30, 35, 38, 43, 46, 51, 55, 58, 61, 65]","[349.00000000181876, 268.00000000059174, 189.00000000128952, 24.999999998879503, 450.0000000020205, 204.0000000013642, 44.999999999905526, 51.999999998962494, 357.0000000021473, 48.99999999998744, 288.00000000119496, 42.00000000041808, 205.99999999964257, 408.0000000014846, 109.00000000098998, 370.0000000033933]","[0, 0, 0, 0, 0, 24, 29, 32, 32, 40, 40, 47, 54, 32, 60, 60]","[5, 9, 16, 20, 32, 32, 32, 36, 54, 45, 54, 54, 56, 67, 62, 67]",6764700.000013885,460.00000000026176,-460.00000000026176,0.0,,,,DWT,inu.32000013032828,1.388508826494217e-05,,0.0,34,6.0,0.0,34,,2.617639438540209e-10,79.31249999911935,486.00000001409035,79.3124999994775,,0.0,79.31249999911935,,,17.000000001120497,0.0,34,2.020499323407421e-09,2.617639438540209e-10,,3.0814817364444025e-10,0.022027837942918294,0.8275738052608631,0.00043739381426952757,0.47853736089030185,0.004094833389521444,,,,,,,1.0,0.5,1.0,1,0.6202751800152466,0.4232790042142632,601,0,1.0,1.0,1,0,0.26653424625957484,0.45360640272102004,586,342.1348418387113,0.4490582257025584,297.25,1.9966352920166845,0.485197389823904,597,sym,375.8541666666667,399.5,183.40489689834808,144,1.0,1.0,0.0,6,449.25
sym3,1,constant,5.740474985866642e-19,235.6656783451808,1344039.0259033595,0.6216216216216216,270.4100672095412,69,raw,5.801035915721404e-10,,5.180673110834917,18374.048662612353,0.6953323871593398,1.3207638667259702e-05,1.0,323.00000000030815,,,,[],[],16,213.18750000085345,24.999999998879503,450.0000000020205,"[3, 8, 15, 19, 22, 27, 30, 35, 38, 43, 46, 51, 55, 58, 61, 65]","[349.00000000181876, 268.00000000059174, 189.00000000128952, 24.999999998879503, 450.0000000020205, 204.0000000013642, 44.999999999905526, 51.999999998962494, 357.0000000021473, 48.99999999998744, 288.00000000119496, 42.00000000041808, 205.99999999964257, 408.00000000336104, 109.00000000098998, 370.0000000010816]","[0, 0, 0, 0, 0, 24, 29, 32, 32, 40, 40, 47, 54, 32, 60, 60]","[5, 9, 16, 20, 32, 32, 32, 36, 54, 45, 54, 54, 56, 67, 62, 67]",6764700.000009359,460.00000000026176,-460.00000000026176,0.0,,,,DWT,inu.32000013032828,9.358860552310944e-06,,0.0,34,6.0,0.0,34,,2.617639438540209e-10,79.31249999914655,486.00000001365515,79.31249999959851,,0.0,79.31249999914655,,,17.000000001120497,0.0,34,2.020499323407421e-09,2.617639438540209e-10,,3.0814817364444025e-10,0.03338665560089504,0.80471194259659,0.0005690897410080672,0.47853736089030185,0.0011682402324667985,,,,,,,0.6740224025756255,0.33701120128781276,0.6740224025756255,7,0.6145547499784435,0.419375353048347,602,0,0.6740224025756255,0.6740224025756255,7,0,0.26367465781225236,0.4487397574510187,590,340.09459468408687,0.452343647851712,301.5,13.837462988935641,0.48341820073745023,598,sym,375.8541666666667,399.5,183.40489689834808,144,1.0,1.0,0.0,6,450.0
sym16,1,periodization,5.296639557170452e-20,246.01515243695079,1338891.1693491668,0.6,277.83297787746477,69,raw,1.7624204985155963e-10,-9.756351287297833e-11,5.164903734005351,15111.808163241083,0.5878639851262325,1.3207638667429871e-05,1.0,323.00000000001256,,,,[],[],16,213.18749999957552,24.9999999999593,449.9999999992378,"[3, 8, 15, 19, 22, 27, 30, 35, 38, 43, 46, 51, 55, 58, 61, 65]","[348.9999999991294, 267.9999999996386, 188.99999999965377, 24.9999999999593, 449.9999999992378, 203.99999999945356, 44.9999999997558, 51.99999999991144, 356.99999999941434, 48.99999999983123, 287.9999999994333, 41.99999999990689, 205.99999999983459, 407.9999999987778, 109.00000000002805, 369.99999999924256]","[0, 0, 0, 0, 0, 24, 29, 32, 32, 40, 40, 47, 54, 32, 60, 60]","[5, 9, 16, 20, 32, 32, 32, 36, 54, 45, 54, 54, 56, 67, 62, 67]",6764699.9999969555,459.9999999997726,-459.9999999997726,0.0,,,,DWT,inu.32000013032828,3.0444934964179993e-06,,0.0,34,6.0,0.0,34,,2.2737367544323206e-10,79.31250000042448,485.99999999320835,79.31250000042448,,0.0,79.31250000042448,,,17.0000000000407,0.0,34,7.622134035045747e-10,2.2737367544323206e-10,,1.2562395568238571e-11,0.1453608729681901,0.7992261373168802,0.0005217777294479933,0.35686274509803895,7.373526468285171e-05,,,,,,,0.21926353209470792,0.10963176604735396,0.21926353209470792,13,0.6298650734491669,0.42982319729826,597,0,0.21926353209470792,0.21926353209470792,13,0,0.2604090536754481,0.4431821266174783,596,336.8841294372097,0.45751347916713414,304.75,25.44544670644848,0.4833863692131967,599,sym,375.8541666666667,399.5,183.40489689834808,144,1.0,1.0,0.0,6,450.75
sym16,1,constant,4.7849830893607994e-20,246.4563525609047,1681258.5763791404,0.58,194.131769198543,69,raw,1.6106953452159036e-10,-9.612255440778592e-11,5.4042111155365875,24137.794280560258,0.8291358400057901,1.3207638667429163e-05,1.0,323.0000000000128,,,,[],[],16,213.18749999957132,24.999999999959243,449.99999999923773,"[3, 8, 15, 19, 22, 27, 30, 35, 38, 43, 46, 51, 55, 58, 61, 65]","[348.99999999909085, 267.9999999996387, 188.9999999996537, 24.999999999959243, 449.99999999923773, 203.9999999994532, 44.9999999997558, 51.99999999991161, 356.9999999994144, 48.999999999831005, 287.99999999943344, 41.99999999990695, 205.99999999983447, 407.9999999987384, 109.00000000002598, 369.9999999992554]","[0, 0, 0, 0, 0, 24, 29, 32, 32, 40, 40, 47, 54, 32, 60, 60]","[5, 9, 16, 20, 32, 32, 32, 36, 54, 45, 54, 54, 56, 67, 62, 67]",6764699.999997147,459.99999999977257,-459.99999999977257,0.0,,,,DWT,inu.32000013032828,2.8526410460472107e-06,,0.0,34,6.0,0.0,34,,2.2743051886209287e-10,79.31250000042868,485.99999999314105,79.3125000004287,,0.0,79.31250000042868,,,17.000000000040757,0.0,34,7.622702469234355e-10,2.2743051886209287e-10,,1.2789769243681803e-11,0.15013435596298097,0.8824756982390515,0.00366834767534168,0.24431372549019573,0.003102018018961313,,,,,,,0.20544637467301632,0.10272318733650816,0.20544637467301632,16,0.632118933938648,0.43136124340160725,596,0,0.20544637467301632,0.20544637467301632,16,0,0.2567388290773063,0.43693588471609074,600,336.02182468802033,0.4589020536424794,307.0,31.166114694090986,0.4822690622479708,600,sym,375.8541666666667,399.5,183.40489689834808,144,1.0,1.0,0.0,6,451.5
sym3,1,antireflect,6.152870334308593e-19,235.36437900507792,1462476.0478681324,0.6216216216216216,287.68977277314895,69,raw,5.88363007267801e-10,-2.0672225046868916e-09,5.1630085144348365,28852.72138473545,0.797448176966069,1.3207638667257166e-05,0.9999999999999999,323.00000000030815,,,,[],[],16,213.18750000079552,24.999999998879503,450.0000000020205,"[3, 8, 15, 19, 22, 27, 30, 35, 38, 43, 46, 51, 55, 58, 61, 65]","[349.0000000022477, 268.00000000059174, 189.00000000128952, 24.999999998879503, 450.0000000020205, 204.0000000013642, 44.999999999905526, 51.999999998962494, 357.0000000021473, 48.99999999998744, 288.00000000119496, 42.00000000041808, 205.99999999964257, 408.0000000031101, 109.00000000098998, 369.99999999997635]","[0, 0, 0, 0, 0, 24, 29, 32, 32, 40, 40, 47, 54, 32, 60, 60]","[5, 9, 16, 20, 32, 32, 32, 36, 54, 45, 54, 54, 56, 67, 62, 67]",6764700.000008913,460.00000000026176,-460.00000000026176,0.0,,,,DWT,inu.32000013032828,8.91275703907013e-06,,0.0,34,6.0,0.0,34,,2.617639438540209e-10,79.31249999920448,486.0000000127284,79.31249999964392,,0.0,79.31249999920448,,,17.000000001120497,0.0,34,2.020499323407421e-09,2.617639438540209e-10,,3.0814817364444025e-10,0.030126803215919207,0.7985668338048576,0.0016575998215335717,0.47853736089030185,0.004683909709427884,,,,,,,0.6418941578912067,0.32094707894560337,0.6418941578912067,8,0.611476806982639,0.41727494876284843,603,0,0.6418941578912067,0.6418941578912067,8,0,0.262714501488408,0.44710569705457454,592,340.3776089384651,0.4518879083116505,302.75,15.78858678225102,0.48218388974358695,601,sym,375.8541666666667,399.5,183.40489689834808,144,1.0,1.0,0.0,6,452.25
db15,1,smooth,5.8581496787716876e-27,315.5775519942587,36764064.65977723,0.6020408163265306,292.8869313945647,69,raw,5.905742883455327e-14,-6.673617214403319e-11,3.6174130702004494,1295823.4875073298,0.9969758148343113,1.3207638667392632e-05,1.0,323.00000000000006,,,,[],[],16,213.18749999999994,25.000000000000057,450.0,"[3, 8, 15, 19, 22, 27, 30, 35, 38, 43, 46, 51, 55, 58, 61, 65]","[348.9999999999999, 268.0, 188.99999999999983, 25.000000000000057, 450.0, 203.99999999999986, 45.0, 51.999999999999886, 357.0000000000001, 48.999999999999886, 287.99999999999994, 41.99999999999977, 206.00000000000006, 407.99999999999983, 109.00000000000003, 369.99999999999983]","[0, 0, 0, 0, 0, 24, 29, 32, 32, 40, 40, 47, 54, 32, 60, 60]","[5, 9, 16, 20, 32, 32, 32, 36, 54, 45, 54, 54, 56, 67, 62, 67]",6764700.0,460.0,-460.0,0.0,,,,DWT,inu.32000013032828,0.0,,0.0,34,6.0,0.0,34,,0.0,79.31250000000006,485.9999999999991,79.31250000000006,,0.0,79.31250000000006,,,16.999999999999943,0.0,34,0.0,0.0,,5.684341886080802e-14,0.8979783663357683,0.26088955334442965,0.32610121065511755,0.36834733893557414,0.42976164319519367,,,,,,,0.0,0.0,0.0,621,1.1515259946535417,0.7858073191511696,239,0,0.0,0.0,605,0,0.4566156224932167,0.7771000269273154,205,226.26459437275346,0.6356447755672248,417.5,324.5344546206602,0.481671019023548,602,db,361.0980392156863,403.0,158.96390539935234,153,0.9607397529157442,0.8667375194865046,0.06746091711302768,5,452.75
bior5.5,1,zero,1.823419516827521e-20,250.64629064437824,1282118.3369161158,0.575,235.943162869916,69,raw,1.0592679068831845e-10,,5.268718068481606,22904.954970519084,0.6679522315993761,1.3207638667367384e-05,0.9999999999999999,323.0000000000341,,,,[],[],16,213.18750000019995,24.99999999987199,450.00000000042314,"[3, 8, 15, 19, 22, 27, 30, 35, 38, 43, 46, 51, 55, 58, 61, 65]","[349.00000000039853, 268.00000000018576, 189.00000000023692, 24.99999999987199, 450.00000000042314, 204.00000000028461, 45.00000000005355, 51.99999999991121, 357.0000000003921, 49.00000000003138, 288.000000000294, 42.00000000006156, 206.0000000000008, 408.0000000004715, 109.00000000014091, 370.0000000004412]","[0, 0, 0, 0, 0, 24, 29, 32, 32, 40, 40, 47, 54, 32, 60, 60]","[5, 9, 16, 20, 32, 32, 32, 36, 54, 45, 54, 54, 56, 67, 62, 67]",6764700.000002237,460.0000000000815,-460.0000000000815,0.0,,,,DWT,inu.32000013032828,2.2370368242263794e-06,,0.0,34,6.0,0.0,34,,8.151346264639869e-11,79.31249999980005,486.00000000319915,79.31249999988114,,0.0,79.31249999980005,,,17.00000000012801,0.0,34,4.2314240999985486e-10,8.151346264639869e-11,,3.410605131648481e-11,0.19546661473808713,0.8353407682458368,0.0,0.21617647058823491,0.0026883916325623164,,,,,,,0.16111073848011268,0.08055536924005634,0.16111073848011268,21,0.6224962978540896,0.4247947065627674,600,0,0.16111073848011268,0.16111073848011268,21,0,0.24993444904094425,0.42535572046194464,604,335.44448124838783,0.459831753223208,311.5,40.5842545634889,0.479110723632538,603,bior,292.162962962963,301.0,176.53037485058104,135,0.7773306480916924,0.9625172382852065,0.16711337485025335,4,453.25
rbio6.8,1,smooth,7.429486658495139e-22,264.5455685620887,19164126.96399678,0.5930232558139535,306.7489752395425,69,raw,1.8995227291257386e-11,,3.009966895274928,529641.1535869753,0.9916404306232321,1.3207638667396442e-05,1.0,322.9999999999997,,,,[],[],16,213.18749999995453,25.000000000003013,449.9999999999216,"[3, 8, 15, 19, 22, 27, 30, 35, 38, 43, 46, 51, 55, 58, 61, 65]","[348.999999999906, 267.99999999997027, 188.99999999996348, 25.000000000003013, 449.9999999999216, 203.99999999993943, 44.99999999997772, 51.99999999999818, 356.99999999993713, 48.99999999998374, 287.99999999994486, 41.99999999998852, 205.99999999998923, 407.9999999998209, 109.00000000000077, 369.9999999999273]","[0, 0, 0, 0, 0, 24, 29, 32, 32, 40, 40, 47, 54, 32, 60, 60]","[5, 9, 16, 20, 32, 32, 32, 36, 54, 45, 54, 54, 56, 67, 62, 67]",6764699.999999767,459.999999999979,-459.999999999979,0.0,,,,DWT,inu.32000013032828,2.3283064365386963e-07,,0.0,34,6.0,0.0,34,,2.0975221559638157e-11,79.31250000004547,485.9999999992724,79.3125000000455,,0.0,79.31250000004547,,,16.999999999996987,0.0,34,7.838707460905425e-11,2.0975221559638157e-11,,2.8421709430404007e-13,0.3458472768863009,0.04957293192294854,0.16434680919629008,0.31760145918832666,0.17270200247718176,,,,,,,0.016768394929237374,0.008384197464618687,0.016768394929237374,140,0.5105896213576032,0.348429009339164,611,0,0.016768394929237374,0.016768394929237374,140,0,0.2100140959342096,0.35741650431159866,611,271.93197678831376,0.5621063175711534,375.5,227.8029294274301,0.4787182151462852,604,rbio,249.7925925925926,196.0,174.24048813612427,135,0.6645997696604647,0.9500318207572005,0.24977061501051454,3,453.75
bior6.8,1,smooth,7.430046289683313e-22,264.54524143910595,19174497.110719062,0.5930232558139535,279.28260009377806,69,raw,1.8995021336841223e-11,,3.004704152893245,529222.9520784719,0.9924640524174773,1.3207638667396444e-05,1.0,322.9999999999996,,,,[],[],16,213.18749999995447,25.000000000003013,449.9999999999214,"[3, 8, 15, 19, 22, 27, 30, 35, 38, 43, 46, 51, 55, 58, 61, 65]","[348.99999999990575, 267.9999999999702, 188.99999999996362, 25.000000000003013, 449.9999999999214, 203.99999999993943, 44.99999999997772, 51.99999999999807, 356.99999999993713, 48.99999999998391, 287.99999999994486, 41.99999999998852, 205.9999999999892, 407.99999999982083, 109.0000000000008, 369.9999999999273]","[0, 0, 0, 0, 0, 24, 29, 32, 32, 40, 40, 47, 54, 32, 60, 60]","[5, 9, 16, 20, 32, 32, 32, 36, 54, 45, 54, 54, 56, 67, 62, 67]",6764699.999999766,459.9999999999788,-459.9999999999788,0.0,,,,DWT,inu.32000013032828,2.337619662284851e-07,,0.0,34,6.0,0.0,34,,2.120259523508139e-11,79.31250000004553,485.9999999992715,79.31250000004552,,0.0,79.31250000004553,,,16.999999999996987,0.0,34,7.861444828449748e-11,2.120259523508139e-11,,3.979039320256561e-13,0.3458437376397989,0.04774214429860435,0.1644421173107333,0.31760145918832666,0.17256169288667794,,,,,,,0.016835468508954326,0.008417734254477163,0.016835468508954326,139,0.50966363421855,0.3477971109064006,612,0,0.016835468508954326,0.016835468508954326,139,0,0.20963823026482822,0.3567768301361894,612,273.08667732669295,0.560246896414343,375.5,226.54593874833552,0.47778850456788,605,bior,292.162962962963,301.0,176.53037485058104,135,0.7773306480916924,0.9625172382852065,0.16711337485025335,4,454.75
rbio4.4,1,zero,1.0823596855629148e-20,252.91144055552988,1322926.8812536024,0.5641025641025641,199.47965814022146,69,raw,8.01572528159696e-11,4.661724339797339e-10,5.109432660897443,21928.954893889102,0.7727369546265855,1.3207638667410793e-05,0.9999999999999999,322.99999999999096,,,,[],[],16,213.1874999998166,25.000000000035698,449.9999999996433,"[3, 8, 15, 19, 22, 27, 30, 35, 38, 43, 46, 51, 55, 58, 61, 65]","[348.999999999595, 267.9999999998525, 188.99999999982222, 25.000000000035698, 449.9999999996433, 203.99999999974344, 44.99999999991854, 52.00000000001671, 356.9999999996985, 48.99999999993986, 287.99999999975057, 41.99999999994748, 205.9999999999594, 407.9999999995639, 108.99999999996905, 369.9999999996094]","[0, 0, 0, 0, 0, 24, 29, 32, 32, 40, 40, 47, 54, 32, 60, 60]","[5, 9, 16, 20, 32, 32, 32, 36, 54, 45, 54, 54, 56, 67, 62, 67]",6764699.999998331,459.999999999909,-459.999999999909,0.0,,,,DWT,inu.32000013032828,1.6689300537109375e-06,,0.0,34,6.0,0.0,34,,9.100631359615363e-11,79.3125000001834,485.9999999970655,79.3125000001834,,0.0,79.3125000001834,,,16.999999999964302,0.0,34,3.566924533515703e-10,9.100631359615363e-11,,9.038103598868474e-12,0.21997398451086603,0.7799290205686772,0.00037505596768667754,0.1548516842634488,0.0023609366418481407,,,,,,,0.1201958548527735,0.06009792742638675,0.1201958548527735,45,0.5850214773368203,0.3992216944179512,604,0,0.1201958548527735,0.1201958548527735,46,0,0.23149813639050537,0.39397952930390057,607,323.3187281924757,0.4793579256159811,325.5,84.63024197602012,0.4776016681220002,606,rbio,249.7925925925926,196.0,174.24048813612427,135,0.6645997696604647,0.9500318207572005,0.24977061501051454,3,455.25
sym8,1,smooth,1.592176399760869e-21,261.23524481118056,18277484.818229113,0.5952380952380952,293.5246016396541,69,raw,2.99183930448068e-11,-1.6944645686659493e-10,2.89890175861721,468588.282092654,0.9905944550078501,1.3207638667395471e-05,0.9999999999999999,322.9999999999794,,,,[],[],16,213.18749999999778,25.00000000007509,449.9999999999747,"[3, 8, 15, 19, 22, 27, 30, 35, 38, 43, 46, 51, 55, 58, 61, 65]","[348.9999999999807, 268.00000000002854, 188.99999999996686, 25.00000000007509, 449.9999999999747, 203.9999999999784, 45.00000000003922, 52.00000000008225, 356.9999999999432, 49.000000000018986, 288.0000000000086, 41.99999999998107, 206.0000000000486, 407.99999999985346, 108.99999999994762, 370.000000000037]","[0, 0, 0, 0, 0, 24, 29, 32, 32, 40, 40, 47, 54, 32, 60, 60]","[5, 9, 16, 20, 32, 32, 32, 36, 54, 45, 54, 54, 56, 67, 62, 67]",6764699.999999914,460.000000000013,-460.000000000013,0.0,,,,DWT,inu.32000013032828,8.568167686462402e-08,,0.0,34,6.0,0.0,34,,1.3017142919125035e-11,79.31250000000222,485.99999999996453,79.31250000000225,,0.0,79.31250000000222,,,16.99999999992491,0.0,34,2.5295321393059567e-11,1.3017142919125035e-11,,2.05773176276125e-11,0.31003184240590853,0.010935912866730568,0.15619801503145597,0.330065359477124,0.15221832840076455,,,,,,,0.006170769333959353,0.0030853846669796764,0.006170769333959353,162,0.4624995445437939,0.31561209116772226,614,0,0.006170769333959353,0.006170769333959353,162,0,0.19188989163639675,0.326571480720502,614,260.96232167371085,0.5797708185608521,388.0,256.36082474226805,0.4774860534028093,607,sym,375.8541666666667,399.5,183.40489689834808,144,1.0,1.0,0.0,6,456.75
sym5,1,smooth,7.276317545313706e-22,264.63604019540116,7135231.521459627,0.6153846153846154,284.4634969028782,69,raw,2.1270663169623042e-11,,3.2858760411841703,173329.07065821008,0.9692840647528395,1.3207638667395312e-05,1.0,323.00000000000904,,,,[],[],16,213.18749999995197,24.999999999969077,449.9999999999278,"[3, 8, 15, 19, 22, 27, 30, 35, 38, 43, 46, 51, 55, 58, 61, 65]","[348.99999999990257, 267.99999999996305, 188.99999999997618, 24.999999999969077, 449.9999999999278, 203.9999999999425, 44.99999999996038, 51.999999999964984, 356.9999999999572, 48.99999999997243, 287.99999999994156, 41.99999999999369, 205.99999999996822, 407.9999999998746, 109.00000000002987, 369.9999999998874]","[0, 0, 0, 0, 0, 24, 29, 32, 32, 40, 40, 47, 54, 32, 60, 60]","[5, 9, 16, 20, 32, 32, 32, 36, 54, 45, 54, 54, 56, 67, 62, 67]",6764699.999999765,459.9999999999711,-459.9999999999711,0.0,,,,DWT,inu.32000013032828,2.3469328880310059e-07,,0.0,34,6.0,0.0,34,,2.887645678129047e-11,79.31250000004803,485.9999999992315,79.31250000004803,,0.0,79.31250000004803,,,17.000000000030923,0.0,34,7.219114195322618e-11,2.887645678129047e-11,,9.038103598868474e-12,0.34682611796018303,0.14555540895472208,0.05379375973947868,0.4434389140271494,0.053156755913618806,,,,,,,0.016902542088671275,0.008451271044335637,0.016902542088671275,137,0.5064085230995174,0.34557580617349637,613,0,0.016902542088671275,0.016902542088671275,137,0,0.2085541913190304,0.35493193773112885,613,274.81872813426185,0.5574577646791274,375.0,223.94933333333336,0.47679651518980526,608,sym,375.8541666666667,399.5,183.40489689834808,144,1.0,1.0,0.0,6,457.5
sym3,1,smooth,1.1682388846908315e-18,232.57984005779275,1585691.0566677367,0.6216216216216216,284.08214452315406,69,raw,7.12093057627762e-10,6.239993409831287e-09,5.07609055531329,38170.692204419975,0.8611065944520928,1.3207638667261845e-05,0.9999999999999999,323.00000000030815,,,,[],[],16,213.187500001005,24.999999998879503,450.0000000020205,"[3, 8, 15, 19, 22, 27, 30, 35, 38, 43, 46, 51, 55, 58, 61, 65]","[349.0000000022477, 268.00000000059174, 189.00000000128952, 24.999999998879503, 450.0000000020205, 204.0000000013642, 44.999999999905526, 51.999999998962494, 357.0000000021473, 48.99999999998744, 288.00000000119496, 42.00000000041808, 205.99999999964257, 408.00000000646145, 109.00000000098998, 369.99999999997635]","[0, 0, 0, 0, 0, 24, 29, 32, 32, 40, 40, 47, 54, 32, 60, 60]","[5, 9, 16, 20, 32, 32, 32, 36, 54, 45, 54, 54, 56, 67, 62, 67]",6764700.000004214,460.00000000026176,-460.00000000026176,0.0,,,,DWT,inu.32000013032828,4.21423465013504e-06,,0.0,34,6.0,0.0,34,,2.617639438540209e-10,79.31249999899501,486.00000001607987,79.31249999960203,,0.0,79.31249999899501,,,17.000000001120497,0.0,34,2.020499323407421e-09,2.617639438540209e-10,,3.0814817364444025e-10,0.0,0.7683300651484947,0.002790022580274501,0.47853736089030185,0.007810155415033012,,,,,,,0.30350794821919647,0.15175397410959823,0.30350794821919647,9,0.5800990503865185,0.39586260470265744,606,0,0.30350794821919647,0.30350794821919647,9,0,0.25149352080682086,0.428009056553752,603,343.81426671969274,0.44635383781047866,306.75,17.735939718248336,0.47619624257673693,609,sym,375.8541666666667,399.5,183.40489689834808,144,1.0,1.0,0.0,6,458.25
sym3,1,zero,6.28443064950659e-19,235.27249725331305,1304895.5027480687,0.6081081081081081,270.4100672095412,69,raw,6.136031071330271e-10,,5.184093274717958,19497.79181892657,0.6680977343455546,1.3207638667256932e-05,0.9999999999999999,323.00000000030815,,,,[],[],16,213.18750000086752,24.999999998879503,450.0000000020205,"[3, 8, 15, 19, 22, 27, 30, 35, 38, 43, 46, 51, 55, 58, 61, 65]","[349.00000000181876, 268.00000000059174, 189.00000000128952, 24.999999998879503, 450.0000000020205, 204.0000000013642, 44.999999999905526, 51.999999998962494, 357.0000000021473, 48.99999999998744, 288.00000000119496, 42.00000000041808, 205.99999999964257, 408.0000000024302, 109.00000000098998, 370.00000000223736]","[0, 0, 0, 0, 0, 24, 29, 32, 32, 40, 40, 47, 54, 32, 60, 60]","[5, 9, 16, 20, 32, 32, 32, 36, 54, 45, 54, 54, 56, 67, 62, 67]",6764700.000011946,460.00000000026176,-460.00000000026176,0.0,,,,DWT,inu.32000013032828,1.1946074664592743e-05,,0.0,34,6.0,0.0,34,,2.617639438540209e-10,79.31249999913248,486.00000001388025,79.31249999953792,,0.0,79.31249999913248,,,17.000000001120497,0.0,34,2.020499323407421e-09,2.617639438540209e-10,,3.0814817364444025e-10,0.029132705626710553,0.8059017393330016,0.00020933635617126595,0.4024907260201377,0.0015452640807502615,,,,,,,0.8603528070293112,0.4301764035146556,0.8603528070293112,2,0.582149557260968,0.39726188124299894,605,0,0.8603528070293112,0.8603528070293112,2,0,0.24785595428335427,0.4218183944211225,605,348.14221232134435,0.4393845212216677,303.5,3.9868204283360793,0.47532833146429604,610,sym,375.8541666666667,399.5,183.40489689834808,144,1.0,1.0,0.0,6,459.0
sym3,1,periodic,6.098341191166344e-19,235.4030394466281,1339440.6537287903,0.5945945945945946,295.6030970412635,69,raw,5.833160428111386e-10,,5.291540886124591,15934.424236941988,0.5472388603981531,1.320763866727194e-05,1.0,323.00000000030815,,,,[],[],16,213.1875000007979,24.999999998879503,450.0000000020205,"[3, 8, 15, 19, 22, 27, 30, 35, 38, 43, 46, 51, 55, 58, 61, 65]","[349.0000000006629, 268.00000000059174, 189.00000000128952, 24.999999998879503, 450.0000000020205, 204.0000000013642, 44.999999999905526, 51.999999998962494, 357.0000000021473, 48.99999999998744, 288.00000000119496, 42.00000000041808, 205.99999999964257, 408.00000000247195, 109.00000000098998, 370.00000000223736]","[0, 0, 0, 0, 0, 24, 29, 32, 32, 40, 40, 47, 54, 32, 60, 60]","[5, 9, 16, 20, 32, 32, 32, 36, 54, 45, 54, 54, 56, 67, 62, 67]",6764700.00000974,460.00000000026176,-460.00000000026176,0.0,,,,DWT,inu.32000013032828,9.739771485328674e-06,,0.0,34,6.0,0.0,34,,2.617639438540209e-10,79.31249999920209,486.0000000127666,79.31249999960963,,0.0,79.31249999920209,,,17.000000001120497,0.0,34,2.020499323407421e-09,2.617639438540209e-10,,3.0814817364444025e-10,0.0305450827001974,0.8432803041499447,0.000526827833515026,0.3264440911499736,0.0003497288278239174,,,,,,,0.7014554966798578,0.3507277483399289,0.7014554966798578,6,0.5709481436029673,0.3896179783887303,607,0,0.7014554966798578,0.7014554966798578,6,0,0.24022920693229097,0.4088386686300559,606,346.6990770105972,0.44170841061095456,306.25,11.882448900482123,0.4742761054665079,611,sym,375.8541666666667,399.5,183.40489689834808,144,1.0,1.0,0.0,6,459.75
sym17,1,constant,2.1931446427707382e-20,249.84448388053318,1737294.725853508,0.5392156862745098,170.31251190457826,69,raw,1.0804241237581766e-10,,5.411324444732504,23942.283178111553,0.8383660717788798,1.3207638667369373e-05,1.0,322.99999999999324,,,,[],[],16,213.18750000028223,25.000000000018076,450.00000000049937,"[3, 8, 15, 19, 22, 27, 30, 35, 38, 43, 46, 51, 55, 58, 61, 65]","[349.00000000061664, 268.00000000020066, 189.0000000002242, 25.000000000018076, 450.00000000049937, 204.00000000038227, 45.00000000015609, 52.00000000004127, 357.0000000003898, 49.000000000116245, 288.0000000003563, 42.00000000007009, 206.00000000009396, 408.00000000086993, 108.99999999996905, 370.00000000051193]","[0, 0, 0, 0, 0, 24, 29, 32, 32, 40, 40, 47, 54, 32, 60, 60]","[5, 9, 16, 20, 32, 32, 32, 36, 54, 45, 54, 54, 56, 67, 62, 67]",6764700.00000186,460.0000000001461,-460.0000000001461,0.0,,,,DWT,inu.32000013032828,1.8598511815071106e-06,,0.0,34,6.0,0.0,34,,1.460875864722766e-10,79.31249999971777,486.00000000451564,79.31249999982893,,0.0,79.31249999971777,,,16.999999999981924,0.0,34,4.993694346921984e-10,1.460875864722766e-10,,6.764366844436154e-12,0.18679161501682107,0.8849502626610335,0.004183354829057732,0.014801999231064678,0.0030364226488688063,,,,,,,0.13394593869474813,0.06697296934737407,0.13394593869474813,35,0.5637771465071116,0.38472445272826045,609,0,0.13394593869474813,0.13394593869474813,35,0,0.21875273087736918,0.37228851725885204,610,331.6879808896709,0.4658808681325751,322.25,66.19860114937408,0.4734798865622618,612,sym,375.8541666666667,399.5,183.40489689834808,144,1.0,1.0,0.0,6,460.5
sym16,1,zero,4.6137406579089386e-20,246.614624845358,1308990.9617822452,0.57,129.53341032845995,69,raw,1.639574273450188e-10,8.170146780964609e-10,5.167873726788711,28265.210799983528,0.8358812606020417,1.3207638667427747e-05,1.0,323.0000000000128,,,,[],[],16,213.18749999958823,24.999999999959243,449.99999999923773,"[3, 8, 15, 19, 22, 27, 30, 35, 38, 43, 46, 51, 55, 58, 61, 65]","[348.99999999909085, 267.9999999996387, 188.9999999996537, 24.999999999959243, 449.99999999923773, 203.9999999994532, 44.9999999997558, 51.99999999991161, 356.9999999994143, 48.999999999831005, 287.99999999943344, 41.999999999907004, 205.99999999983444, 407.99999999908687, 109.00000000002606, 369.9999999991778]","[0, 0, 0, 0, 0, 24, 29, 32, 32, 40, 40, 47, 54, 32, 60, 60]","[5, 9, 16, 20, 32, 32, 32, 36, 54, 45, 54, 54, 56, 67, 62, 67]",6764699.999996702,459.99999999977257,-459.99999999977257,0.0,,,,DWT,inu.32000013032828,3.2978132367134094e-06,,0.0,34,6.0,0.0,34,,2.2743051886209287e-10,79.31250000041177,485.9999999934116,79.31250000041177,,0.0,79.31250000041177,,,17.000000000040757,0.0,34,7.622702469234355e-10,2.2743051886209287e-10,,1.2789769243681803e-11,0.1518467536196586,0.8002593298309374,0.0002469761783242272,0.18803921568627407,0.004486795715606593,,,,,,,0.23750754577771815,0.11875377288885908,0.23750754577771815,11,0.5683716097371783,0.38785973829760056,608,0,0.23750754577771815,0.23750754577771815,11,0,0.2289758142061602,0.3896868670715585,608,344.67811070620655,0.44496278469209893,309.5,21.609046849757675,0.4732865453251155,613,sym,375.8541666666667,399.5,183.40489689834808,144,1.0,1.0,0.0,6,461.25
sym17,1,zero,2.0813968408814587e-20,250.0716077230377,1313981.8315591894,0.5588235294117647,102.38021238894342,69,raw,1.0897744542519473e-10,,5.148244699832689,28468.041906969094,0.8514713521380943,1.3207638667370475e-05,1.0,322.99999999999324,,,,[],[],16,213.18750000027018,25.000000000018076,450.00000000049937,"[3, 8, 15, 19, 22, 27, 30, 35, 38, 43, 46, 51, 55, 58, 61, 65]","[349.00000000061664, 268.00000000020066, 189.0000000002242, 25.000000000018076, 450.00000000049937, 204.00000000038227, 45.00000000015609, 52.000000000041325, 357.00000000038983, 49.0000000001163, 288.00000000035624, 42.00000000007009, 206.00000000009396, 408.0000000006389, 108.99999999996899, 370.00000000055013]","[0, 0, 0, 0, 0, 24, 29, 32, 32, 40, 40, 47, 54, 32, 60, 60]","[5, 9, 16, 20, 32, 32, 32, 36, 54, 45, 54, 54, 56, 67, 62, 67]",6764700.000002089,460.0000000001461,-460.0000000001461,0.0,,,,DWT,inu.32000013032828,2.0889565348625183e-06,,0.0,34,6.0,0.0,34,,1.460875864722766e-10,79.31249999972982,486.0000000043228,79.31249999982943,,0.0,79.31249999972982,,,16.999999999981924,0.0,34,4.993694346921984e-10,1.460875864722766e-10,,6.764366844436154e-12,0.18924893934889697,0.7934308406094086,0.0002928453835159082,0.12514417531718564,0.004554846999458783,,,,,,,0.1504460393051177,0.07522301965255886,0.1504460393051177,23,0.5622908155324582,0.3837101727519624,610,0,0.1504460393051177,0.1504460393051177,23,0,0.2225343295316932,0.37872430322705364,609,338.6161789794851,0.4547243494694282,316.25,44.32727164251891,0.47273254510508445,614,sym,375.8541666666667,399.5,183.40489689834808,144,1.0,1.0,0.0,6,462.0
sym4,1,smooth,5.643728358760041e-21,255.73949561032543,4608342.913391059,0.5921052631578947,289.5826199412735,69,raw,5.843359290799748e-11,1.2017253858245986e-10,3.6351266787627754,107243.1312224331,0.9535626739942219,1.320763866738461e-05,1.0,322.99999999997715,,,,[],[],16,213.1875000001361,25.000000000080036,450.0000000002065,"[3, 8, 15, 19, 22, 27, 30, 35, 38, 43, 46, 51, 55, 58, 61, 65]","[349.0000000002772, 268.00000000010664, 189.00000000007165, 25.000000000080036, 450.0000000002065, 204.0000000001611, 45.00000000010738, 52.00000000009152, 357.000000000127, 49.00000000007458, 288.0000000001659, 42.00000000001876, 206.0000000000864, 408.0000000003789, 108.99999999992482, 370.00000000029945]","[0, 0, 0, 0, 0, 24, 29, 32, 32, 40, 40, 47, 54, 32, 60, 60]","[5, 9, 16, 20, 32, 32, 32, 36, 54, 45, 54, 54, 56, 67, 62, 67]",6764700.000000652,460.00000000008066,-460.00000000008066,0.0,,,,DWT,inu.32000013032828,6.51925802230835e-07,,0.0,34,6.0,0.0,34,,8.066081136348657e-11,79.31249999986389,486.0000000021778,79.31249999991005,,0.0,79.31249999986389,,,16.999999999919964,0.0,34,2.0651214072131552e-10,8.066081136348657e-11,,2.2851054382044822e-11,0.25057160218925356,0.2670517123456485,0.03057007784830616,0.31243550051599545,0.03098445162548698,,,,,,,0.04695150580186464,0.02347575290093232,0.04695150580186464,102,0.43652183726712246,0.29788476880804177,615,0,0.04695150580186464,0.04695150580186464,102,0,0.17832266890493817,0.30348184333057243,617,296.7591616108928,0.5221269539277088,359.0,175.01943308304337,0.4720135574791523,615,sym,375.8541666666667,399.5,183.40489689834808,144,1.0,1.0,0.0,6,462.75
bior5.5,1,smooth,3.515632986124968e-20,247.79512132689592,6885774.373043139,0.6125,319.23209307024837,69,raw,1.2063079681694572e-10,1.1167055058092545e-09,3.4817713161477184,192861.79543643084,0.9663656391506463,1.3207638667367734e-05,1.0,323.0000000000341,,,,[],[],16,213.18750000022652,24.99999999987199,450.00000000042314,"[3, 8, 15, 19, 22, 27, 30, 35, 38, 43, 46, 51, 55, 58, 61, 65]","[349.00000000047083, 268.00000000018576, 189.00000000023692, 24.99999999987199, 450.00000000042314, 204.00000000028461, 45.00000000005355, 51.99999999991121, 357.0000000003921, 49.00000000003138, 288.000000000294, 42.00000000006156, 206.0000000000008, 408.0000000011981, 109.00000000013478, 370.00000000007367]","[0, 0, 0, 0, 0, 24, 29, 32, 32, 40, 40, 47, 54, 32, 60, 60]","[5, 9, 16, 20, 32, 32, 32, 36, 54, 45, 54, 54, 56, 67, 62, 67]",6764700.000000871,460.0000000000815,-460.0000000000815,0.0,,,,DWT,inu.32000013032828,8.707866072654724e-07,,0.0,34,6.0,0.0,34,,8.151346264639869e-11,79.31249999977348,486.00000000362434,79.31249999989089,,0.0,79.31249999977348,,,17.00000000012801,0.0,34,4.2314240999985486e-10,8.151346264639869e-11,,3.410605131648481e-11,0.16461891657721106,0.2137028915902075,0.05150109300228853,0.4272058823529413,0.05971012446760479,,,,,,,0.06271379703534778,0.03135689851767389,0.06271379703534778,82,0.4261397449707931,0.290799975106087,616,0,0.06271379703534778,0.06271379703534778,82,0,0.18334778159805065,0.3120339274397589,615,308.01663916093884,0.5039989707553321,348.75,144.71970203418965,0.47120238392839064,616,bior,292.162962962963,301.0,176.53037485058104,135,0.7773306480916924,0.9625172382852065,0.16711337485025335,4,463.0
rbio5.5,1,smooth,3.51570375703644e-20,247.7950339027902,6953505.40144511,0.6125,260.0573032898242,69,raw,1.206340920876043e-10,1.1161086499112172e-09,3.4163603656223027,192299.9991334497,0.9779626515727837,1.3207638667367738e-05,0.9999999999999999,323.00000000003405,,,,[],[],16,213.18750000022652,24.999999999872045,450.00000000042326,"[3, 8, 15, 19, 22, 27, 30, 35, 38, 43, 46, 51, 55, 58, 61, 65]","[349.0000000004708, 268.0000000001857, 189.00000000023695, 24.999999999872045, 450.00000000042326, 204.00000000028467, 45.00000000005349, 51.9999999999111, 357.0000000003921, 49.00000000003155, 288.000000000294, 42.00000000006156, 206.0000000000008, 408.00000000119815, 109.00000000013483, 370.0000000000736]","[0, 0, 0, 0, 0, 24, 29, 32, 32, 40, 40, 47, 54, 32, 60, 60]","[5, 9, 16, 20, 32, 32, 32, 36, 54, 45, 54, 54, 56, 67, 62, 67]",6764700.000000872,460.00000000008157,-460.00000000008157,0.0,,,,DWT,inu.32000013032828,8.717179298400879e-07,,0.0,34,6.0,0.0,34,,8.15703060652595e-11,79.31249999977348,486.00000000362434,79.31249999989089,,0.0,79.31249999977348,,,17.000000000127955,0.0,34,4.232560968375765e-10,8.15703060652595e-11,,3.4049207897624e-11,0.16461797070829742,0.1909479189859381,0.05212358338542086,0.4272058823529413,0.059521637798821775,,,,,,,0.06278087061506472,0.03139043530753236,0.06278087061506472,81,0.4149975416713632,0.2831964777080134,619,0,0.06278087061506472,0.06278087061506472,81,0,0.17888339864628394,0.30443613196117053,616,309.750840730632,0.5012063756350531,349.25,143.21393206691528,0.46940350987871815,617,rbio,249.7925925925926,196.0,174.24048813612427,135,0.6645997696604647,0.9500318207572005,0.24977061501051454,3,463.5
bior4.4,1,smooth,1.834762733058253e-20,250.61935753023505,4649964.959423271,0.5897435897435898,257.6024596458497,69,raw,8.953554162173427e-11,,3.7429542217092067,125039.86273632084,0.9628941320889391,1.3207638667411343e-05,1.0,322.9999999999909,,,,[],[],16,213.18749999979485,25.00000000003564,449.99999999964325,"[3, 8, 15, 19, 22, 27, 30, 35, 38, 43, 46, 51, 55, 58, 61, 65]","[348.9999999995656, 267.99999999985255, 188.99999999982228, 25.00000000003564, 449.99999999964325, 203.99999999974335, 44.99999999991849, 52.000000000016655, 356.9999999996985, 48.99999999993986, 287.9999999997504, 41.99999999994753, 205.99999999995947, 407.9999999990903, 108.99999999996913, 369.99999999976467]","[0, 0, 0, 0, 0, 24, 29, 32, 32, 40, 40, 47, 54, 32, 60, 60]","[5, 9, 16, 20, 32, 32, 32, 36, 54, 45, 54, 54, 56, 67, 62, 67]",6764699.999999093,459.99999999990894,-459.99999999990894,0.0,,,,DWT,inu.32000013032828,9.071081876754761e-07,,0.0,34,6.0,0.0,34,,9.106315701501444e-11,79.31250000020515,485.99999999671763,79.31250000020515,,0.0,79.31250000020515,,,16.99999999996436,0.0,34,3.567492967704311e-10,9.106315701501444e-11,,9.094947017729282e-12,0.1951752168998292,0.30456244664966037,0.030952610403807552,0.2991452991452991,0.036955382050764124,,,,,,,0.06532966664430881,0.032664833322154405,0.06532966664430881,78,0.4193029311450568,0.2861344978447128,617,0,0.06532966664430881,0.06532966664430881,78,0,0.17335819102987207,0.2950329517457226,618,311.4807377672013,0.49842071213011063,347.75,138.50466271296548,0.46921840759484595,618,bior,292.162962962963,301.0,176.53037485058104,135,0.7773306480916924,0.9625172382852065,0.16711337485025335,4,464.5
rbio4.4,1,smooth,1.8347444923441558e-20,250.61940070683065,4607605.338560241,0.5897435897435898,290.5252873369595,69,raw,8.955299625850401e-11,,3.7391231211688956,123617.70118358052,0.9613174627898794,1.320763866741134e-05,1.0,322.99999999999096,,,,[],[],16,213.18749999979485,25.000000000035698,449.9999999996433,"[3, 8, 15, 19, 22, 27, 30, 35, 38, 43, 46, 51, 55, 58, 61, 65]","[348.9999999995655, 267.9999999998525, 188.99999999982222, 25.000000000035698, 449.9999999996433, 203.99999999974344, 44.99999999991854, 52.00000000001671, 356.9999999996985, 48.99999999993986, 287.99999999975057, 41.99999999994748, 205.9999999999594, 407.9999999990903, 108.99999999996905, 369.99999999976467]","[0, 0, 0, 0, 0, 24, 29, 32, 32, 40, 40, 47, 54, 32, 60, 60]","[5, 9, 16, 20, 32, 32, 32, 36, 54, 45, 54, 54, 56, 67, 62, 67]",6764699.999999093,459.999999999909,-459.999999999909,0.0,,,,DWT,inu.32000013032828,9.071081876754761e-07,,0.0,34,6.0,0.0,34,,9.100631359615363e-11,79.31250000020515,485.99999999671763,79.31250000020515,,0.0,79.31250000020515,,,16.999999999964302,0.0,34,3.566924533515703e-10,9.100631359615363e-11,,9.038103598868474e-12,0.1951756840410055,0.303229694455437,0.030563299075713195,0.2991452991452991,0.036478236700884,,,,,,,0.06532966664430881,0.032664833322154405,0.06532966664430881,79,0.4182513215286516,0.2854168739809896,618,0,0.06532966664430881,0.06532966664430881,79,0,0.17291844268366777,0.2942845576154239,619,311.4807377672013,0.49842071213011063,348.75,140.10464912778872,0.46841325461577993,619,rbio,249.7925925925926,196.0,174.24048813612427,135,0.6645997696604647,0.9500318207572005,0.24977061501051454,3,465.0
sym6,1,smooth,1.4137063899649145e-20,251.7515644234544,9705232.039016537,0.6,286.38973776093513,69,raw,9.359958862726182e-11,3.171293227910637e-10,3.1098432955391577,243682.98612621543,0.980921329113007,1.320763866737961e-05,1.0,322.9999999999621,,,,[],[],16,213.1875000002173,25.00000000013273,450.0000000003295,"[3, 8, 15, 19, 22, 27, 30, 35, 38, 43, 46, 51, 55, 58, 61, 65]","[349.0000000004332, 268.00000000019224, 189.00000000011383, 25.00000000013273, 450.0000000003295, 204.00000000024767, 45.00000000017735, 52.000000000160014, 357.0000000001977, 49.00000000011653, 288.000000000276, 42.00000000002285, 206.0000000001463, 408.00000000061027, 108.99999999989024, 370.0000000004306]","[0, 0, 0, 0, 0, 24, 29, 32, 32, 40, 40, 47, 54, 32, 60, 60]","[5, 9, 16, 20, 32, 32, 32, 36, 54, 45, 54, 54, 56, 67, 62, 67]",6764700.0000009565,460.0000000001292,-460.0000000001292,0.0,,,,DWT,inu.32000013032828,9.564682841300964e-07,,0.0,34,6.0,0.0,34,,1.2920509107061662e-10,79.31249999978269,486.000000003477,79.3124999998561,,0.0,79.31249999978269,,,16.99999999986727,0.0,34,3.2952129913610406e-10,1.2920509107061662e-10,,3.7914560380158946e-11,0.2074249196037481,0.0843176456684327,0.07741366696028437,0.35686274509803895,0.07676099661801335,,,,,,,0.06888456636930713,0.03444228318465357,0.06888456636930713,70,0.3787701047630283,0.2584746866161659,620,0,0.06888456636930713,0.06888456636930713,70,0,0.16055599478970348,0.27324528931612274,620,317.54264805429415,0.4886591818771431,345.0,125.79710144927537,0.46655181316079375,620,sym,375.8541666666667,399.5,183.40489689834808,144,1.0,1.0,0.0,6,466.5
sym7,1,smooth,1.8023317534646456e-20,250.69680929196232,9169309.941052372,0.573170731707317,283.9456704694682,69,raw,1.1314646482221005e-10,,3.3077416877899726,263009.23387478164,0.9817296424841953,1.3207638667402942e-05,1.0,323.0000000000611,,,,[],[],16,213.1874999997787,24.99999999978928,449.9999999996802,"[3, 8, 15, 19, 22, 27, 30, 35, 38, 43, 46, 51, 55, 58, 61, 65]","[348.9999999995915, 267.9999999997706, 188.9999999999181, 24.99999999978928, 449.9999999996802, 203.9999999997543, 44.99999999976694, 51.99999999974165, 356.9999999998571, 48.99999999985931, 287.9999999996987, 41.999999999998295, 205.99999999980193, 407.99999999956134, 109.00000000016601, 369.9999999995041]","[0, 0, 0, 0, 0, 24, 29, 32, 32, 40, 40, 47, 54, 32, 60, 60]","[5, 9, 16, 20, 32, 32, 32, 36, 54, 45, 54, 54, 56, 67, 62, 67]",6764699.999999044,459.99999999985516,-459.99999999985516,0.0,,,,DWT,inu.32000013032828,9.55536961555481e-07,,0.0,34,6.0,0.0,34,,1.4483703125733882e-10,79.31250000022129,485.99999999645934,79.31250000022129,,0.0,79.31250000022129,,,17.00000000021072,0.0,34,3.198010745109059e-10,1.4483703125733882e-10,,6.110667527536862e-11,0.19601319188543997,0.1531619669621056,0.07248820871814889,0.20588235294117607,0.08324509065507339,,,,,,,0.06881749278959018,0.03440874639479509,0.06881749278959018,71,0.346083980409891,0.2361695056036362,621,0,0.06881749278959018,0.06881749278959018,71,0,0.1421581622323888,0.2419345862402422,621,317.54264805429415,0.4886591818771431,346.0,127.4306358381503,0.4657466601817277,621,sym,375.8541666666667,399.5,183.40489689834808,144,1.0,1.0,0.0,6,467.25
