signal_type,wavelet,wavelet_energy_entropy,wavelet_sparsity,wavelet_adaptive_threshold,wavelet_psnr,signal_length,decomposition_levels,original_level,padded,emd_value,kl_divergence,wavelet_entropy,avg_variance_across_levels,variance_ratio_across_levels,smoothness,correlation,dynamic_cutoff,dominant_frequency,amplitude_max,num_fft_peaks,positive_frequencies,positive_amplitudes,relative_num_peaks,avg_prominence,prominence_min,prominence_max,relative_peaks,relative_prominences,relative_left_bases,relative_right_bases,max_autocorrelation,upper_envelope,lower_envelope,spectral_magnitude,spectral_centroid,spectral_bandwidth,frequency_max,wavelet_type,htid,max_autocorrelation_diff,frequency_max_diff,relative_right_bases_array_alignment_score,relative_right_bases_global_alignment_score,relative_num_peaks_diff,relative_peaks_array_alignment_score,relative_peaks_global_alignment_score,spectral_centroid_diff,lower_envelope_diff,relative_prominences_avg_diff,relative_prominences_total_diff,relative_prominences_wasserstein,spectral_bandwidth_diff,spectral_magnitude_diff,avg_prominence_diff,num_fft_peaks_diff,amplitude_max_diff,prominence_min_diff,relative_left_bases_array_alignment_score,relative_left_bases_global_alignment_score,prominence_max_diff,upper_envelope_diff,dominant_frequency_diff,dynamic_cutoff_diff,emd_value_normalized,wavelet_psnr_normalized,wavelet_entropy_normalized,wavelet_energy_entropy_normalized,wavelet_sparsity_normalized,correlation_normalized,avg_variance_across_levels_normalized,prominence_min_diff_normalized,avg_prominence_diff_normalized,relative_prominences_avg_diff_normalized,relative_prominences_wasserstein_normalized,spectral_centroid_diff_normalized,dynamic_cutoff_diff_normalized,relative_prominences_total_diff_normalized,prominence_max_diff_normalized,amplitude_max_diff_normalized,frequency_max_diff_normalized,spectral_bandwidth_diff_normalized,num_fft_peaks_diff_normalized,relative_num_peaks_diff_normalized,dominant_frequency_diff_normalized,max_autocorrelation_diff_normalized,relative_right_bases_global_alignment_score_normalized,relative_left_bases_global_alignment_score_normalized,upper_envelope_diff_normalized,lower_envelope_diff_normalized,relative_peaks_global_alignment_score_normalized,reconstruction_weighted_score,reconstruction_normalized_weighted_score,reconstruction_normalized_weighted_rank,signal_weighted_score,signal_normalized_weighted_score,signal_normalized_weighted_rank,reconstruction_missing_metrics_count,reconstruction_dynamically_weighted_score,reconstruction_normalized_dynamically_weighted_score,reconstruction_normalized_dynamically_weighted_rank,signal_missing_metrics_count,signal_dynamically_weighted_score,signal_normalized_dynamically_weighted_score,signal_normalized_dynamically_weighted_rank,rank_variability,normalized_rank_stability,average_rank,harmonic_average_rank,stability_score_weighted,stability_rank,wavelet_family,normalized_family_mean_rank,normalized_family_std_dev,final_family_stability_score,final_family_stability_rank,family_informed_rank,smoothness_normalized,spectral_magnitude_diff_normalized,across_emd_value_normalized,across_smoothness_normalized,across_wavelet_psnr_normalized,across_wavelet_entropy_normalized,across_wavelet_energy_entropy_normalized,across_wavelet_sparsity_normalized,across_correlation_normalized,across_avg_variance_across_levels_normalized,across_kl_divergence_normalized,across_prominence_min_diff_normalized,across_avg_prominence_diff_normalized,across_relative_prominences_avg_diff_normalized,across_relative_prominences_wasserstein_normalized,across_spectral_centroid_diff_normalized,across_spectral_magnitude_diff_normalized,across_dynamic_cutoff_diff_normalized,across_relative_prominences_total_diff_normalized,across_prominence_max_diff_normalized,across_amplitude_max_diff_normalized,across_frequency_max_diff_normalized,across_spectral_bandwidth_diff_normalized,across_num_fft_peaks_diff_normalized,across_relative_num_peaks_diff_normalized,across_dominant_frequency_diff_normalized,across_max_autocorrelation_diff_normalized,across_relative_right_bases_global_alignment_score_normalized,across_relative_left_bases_global_alignment_score_normalized,across_upper_envelope_diff_normalized,across_lower_envelope_diff_normalized,across_relative_peaks_global_alignment_score_normalized,across_reconstruction_weighted_score,across_reconstruction_normalized_weighted_score,across_reconstruction_normalized_weighted_rank,across_signal_weighted_score,across_signal_normalized_weighted_score,across_signal_normalized_weighted_rank,across_rank_variability,across_normalized_rank_stability,across_average_rank,across_harmonic_average_rank,across_stability_score_weighted,across_stability_rank,family_mean_stability_rank,family_median_stability_rank,family_rank_std_dev,family_wavelet_count,across_normalized_family_mean_rank,across_normalized_family_std_dev,across_final_family_stability_score,across_final_family_stability_rank,across_family_informed_rank
raw,rbio2.8,2452914.718069473,0.6538461538461539,163.46644830682797,12.246409545803383,598,1,False,False,128.26265578692067,,9.359445300665225,72409.25225482062,1.0,2.467005864427609e-06,0.840993674457742,410.3617425870784,,,,[],[],14,979.4905459851971,647.6027788021472,1243.2530620386058,"[18, 56, 111, 157, 187, 224, 257, 313, 364, 394, 434, 484, 531, 588]","[1124.4469089797421, 1190.0195828076096, 957.5101932235219, 783.6341721678242, 877.6524863993338, 1217.141469598425, 975.0991291385544, 938.0908675564814, 1064.406922762605, 647.6027788021472, 739.8038234270026, 1243.2530620386058, 1137.9656219072913, 816.2406249836145]","[0, 0, 101, 150, 150, 200, 250, 286, 349, 376, 402, 402, 497, 551]","[49, 200, 200, 182, 200, 402, 402, 349, 402, 402, 448, 551, 551, 597]",138472404.62296215,1120.8953201590998,-1120.8953201590998,0.0,,,,SWT,txu.059172014718829,70246571.62296215,,0.0,-61.0,72.0,0.0,-61.0,,365.8953201590998,619.6184529619413,17236.132356207243,619.6184529619411,,0.0,619.6184529619413,,,644.6027788021472,0.0,-70.0,488.2530620386058,365.8953201590998,,113.36174258707842,0.3349597641321784,0.7212115110946696,0.781950680356546,0.3569054443578956,0.39130434782608703,0.8612042760680259,0.0697082599108232,0.8310990063885256,0.6207242307213958,0.6207242307213958,0.6207242307213953,,0.34980529319283743,0.6917523797790546,0.3157682816220064,,,,,0.8,,0.19637832408109912,0.24657534246575344,0.140625,0.36631231264102343,0.36631231264102343,0.2573529411764706,2.1415491964415914,0.7336684302299327,12,1.6315296517756506,0.959723324573912,4,0,0.4588681347251416,0.7609770254102882,11,0,0.5024634691066038,0.8793110709365565,4,4.349329450233296,0.9589685900921388,7.75,5.932584269662921,0.9429276912724844,2,rbio,0.4375943905070118,0.6578235687825006,0.4963368560103415,1,1.75,,,0.38217420623326265,0.0024200558284622198,0.7212115110946696,0.7819506803565461,0.5400971080855411,0.38297872340425526,0.8649480364296666,0.6438149754783182,,0.8342217252990909,0.7099393689085819,0.7099393689085819,0.7099393689085816,,0.0,0.5576069598824379,0.8890473048877718,0.4607032372496848,,,,,0.9523809523809523,,0.5542970631611708,0.20224719101123595,0.10112359550561797,0.4773723551950493,0.4773723551950493,0.1977401129943503,2.7618256564789396,0.7886901224983304,13,1.9658257736212588,0.9752756118787566,4,6.363961030678928,0.9699813158930239,8.5,6.117647058823529,0.9649434881351913,1,87.36666666666666,69.5,73.18633909333803,30,0.6802076177391039,1.0,0.22385466758262726,4,1.75
raw,rbio2.6,2448893.683805835,0.6521739130434783,164.75475458420777,12.248399628810997,598,1,False,False,127.68255472206616,,9.36005284930236,72393.7455681639,1.0,2.493133983853153e-06,0.8375727108718061,408.89692583250917,,,,[],[],14,975.902651724744,672.3411581341863,1255.3313642714465,"[18, 56, 111, 157, 187, 224, 257, 313, 364, 404, 434, 484, 531, 588]","[1111.9350808913703, 1186.2779676711978, 954.5706764469953, 886.6318016678742, 784.6924154707231, 1189.9668001175833, 957.7913268644307, 934.4761380363226, 1055.4977398499866, 672.3411581341863, 732.8885573412164, 1255.3313642714465, 1134.3774347864505, 805.8586625966313]","[0, 0, 101, 150, 182, 200, 250, 286, 349, 402, 402, 402, 498, 551]","[49, 402, 200, 200, 200, 402, 402, 349, 402, 405, 448, 551, 551, 597]",138042933.90419388,1122.0569277650345,-1122.0569277650345,0.0,,,,SWT,txu.059172014718829,69817100.90419388,,0.0,-56.5,72.0,0.0,-61.0,,367.0569277650345,616.0305587014882,17286.362875853585,616.0305587014881,,0.0,616.0305587014882,,,669.3411581341863,0.0,-70.0,500.33136427144655,367.0569277650345,,111.89692583250917,0.30864340600405726,0.7214431106847888,0.7830094763411687,0.35564628151657457,0.36956521739130443,0.8582181362661303,0.06850847867776379,0.8642212897763126,0.6115673640875255,0.6115673640875255,0.6115673640875252,,0.30978964383241775,0.6997646380836908,0.33749745858590663,,,,,0.8,,0.17069327550158458,0.3082191780821918,0.140625,0.3694117149203886,0.3694117149203886,0.2573529411764706,2.1326692146251354,0.7306262576146245,13,1.6133035000750418,0.9490020588676715,5,0,0.4615492105101378,0.7654232637113811,10,0,0.49500487241168406,0.866258526720447,9,3.304037933599835,0.9688298308150959,9.25,8.196147110332749,0.9407828399358498,3,rbio,0.4375943905070118,0.6578235687825006,0.4963368560103415,1,2.5,,,0.3577261744110382,0.002679352460849549,0.7214431106847888,0.7830094763411686,0.5391966298789785,0.36170212765957444,0.8620424422779391,0.6433556097874256,,0.8667316287447321,0.7029364261166069,0.7029364261166069,0.7029364261166067,,0.0,0.5303802774940733,0.8919312903414067,0.4778297084130494,,,,,0.9523809523809523,,0.5400516763979932,0.2528089887640449,0.10112359550561797,0.4799285565318919,0.4799285565318919,0.1977401129943503,2.760623833042601,0.7883469197074505,15,1.9489306494724887,0.9668936877209477,5,7.0710678118654755,0.9666459065478044,10.0,7.5,0.9597380476135249,2,87.36666666666666,69.5,73.18633909333803,30,0.6802076177391039,1.0,0.22385466758262726,4,2.5
raw,bior2.2,1496685.0290240708,0.68561872909699,134.71381202165202,13.427216882886114,598,1,False,False,127.53114119938503,,9.100402477730134,73940.34757248941,1.0,2.662499323247103e-06,0.9494996560420155,427.97637931315785,,,,[],[],14,891.1313209903466,440.7043013745157,1201.904751321834,"[18, 56, 111, 157, 187, 224, 257, 313, 364, 394, 434, 487, 531, 588]","[988.1817267082001, 1055.887201006812, 786.656294070034, 494.9747468305833, 859.1347391416551, 1201.904751321834, 1006.9200564096436, 862.139942961698, 946.2856499228973, 440.7043013745157, 745.4673240659178, 1200.6673144547578, 1067.7312395916867, 819.1832060046154]","[0, 0, 101, 150, 150, 0, 250, 289, 349, 385, 402, 402, 497, 551]","[48, 200, 150, 159, 200, 402, 402, 349, 402, 402, 448, 497, 551, 597]",140229615.5625,1109.2737629863964,-1109.2737629863964,0.0,,,,SWT,txu.059172014718829,72003782.5625,,0.0,-65.5,72.0,0.0,-56.5,,354.2737629863964,531.2592279670907,18473.161506135148,531.2592279670907,,0.0,531.2592279670907,,,437.7043013745157,0.0,-65.5,446.90475132183406,354.2737629863964,,130.97637931315785,0.301774512409945,0.8586301485242781,0.33050780976984206,0.05746783371573229,0.8043478260869567,0.9559185348472229,0.18817195681979046,0.5540820720987252,0.39521768554026615,0.39521768554026615,0.39521768554026615,,0.8309993569849576,0.8890706068125425,0.24138160513363793,,,,,0.8,,0.3014705838652576,0.18493150684931509,0.2109375,0.33530366513663173,0.33530366513663173,0.3235294117647059,2.211795864106581,0.757734075081936,8,1.5790735916819258,0.9288668186364268,7,0,0.44233307360022905,0.7335556363932666,16,0,0.4995455174533954,0.8742046555434418,5,4.83045891539648,0.9544296328736182,9.0,7.542087542087542,0.9347619862481298,4,bior,0.6384573894282631,0.8222350820376183,0.3064093027889303,2,3.5,,,0.3513449369938106,0.004360141706824083,0.8586301485242782,0.33050780976984206,0.32595717815752845,0.7872340425531914,0.9571075516068668,0.6891717092534724,,0.5623264069379887,0.5374775980580553,0.5374775980580553,0.5374775980580553,,0.0,0.8850118165181844,0.9600713376716732,0.4020732545341359,,,,,0.9523809523809523,,0.6125831077371455,0.15168539325842695,0.15168539325842695,0.45179828024126745,0.45179828024126745,0.2485875706214689,2.7240238043890823,0.7778951082346772,24,1.923527428053855,0.9542907690670168,8,11.313708498984761,0.946633450476487,16.0,12.0,0.9355808761816398,3,84.4,85.5,44.010657016619085,30,0.6571101442637968,0.6013507105539218,0.3596176858491657,3,3.0
raw,rbio2.4,2457147.414894699,0.6605351170568562,168.06465361650655,12.23722586646195,598,1,False,False,126.71670253268728,,9.362362276571698,72468.45806755597,1.0,2.5338811204774485e-06,0.8298716675297888,405.06170018533135,,,,[],[],14,966.0980558846029,664.1168985990967,1272.8916430268898,"[18, 56, 111, 157, 187, 224, 257, 313, 364, 404, 434, 484, 531, 588]","[1086.4474722062182, 1178.7028100641505, 951.3458828257635, 783.7394785976396, 894.0481364627411, 1139.392092447561, 924.4316309668508, 917.04015539476, 1043.2476672931025, 664.1168985990967, 755.3447219156174, 1272.8916430268898, 1131.35980135502, 783.26439122903]","[0, 0, 101, 150, 150, 200, 250, 286, 286, 402, 402, 402, 498, 551]","[49, 402, 200, 182, 200, 402, 402, 349, 402, 405, 450, 551, 551, 597]",137255798.6911621,1118.852850162783,-1118.852850162783,0.0,,,,SWT,txu.059172014718829,69029965.69116211,,0.0,-56.5,72.0,0.0,-61.0,,363.85285016278294,606.2259628613472,17423.62721761556,606.2259628613472,,0.0,606.2259628613472,,,661.1168985990967,0.0,-65.5,517.8916430268898,363.85285016278294,,108.06170018533135,0.26482739935545907,0.7201427434286353,0.7870341949728932,0.3582308880650281,0.47826086956521746,0.8514959390073632,0.07428912393293306,0.8532098063108962,0.5865445038832138,0.5865445038832138,0.5865445038832138,,0.20501951184366574,0.721659640762464,0.3690888525795888,,,,,0.8,,0.12361764193254395,0.3082191780821918,0.2109375,0.3608625926755403,0.3608625926755403,0.2573529411764706,2.0612771120610214,0.7061682008461602,20,1.645784780384985,0.9681086943441087,3,0,0.4521759835491817,0.7498789061248244,13,0,0.5048973083325042,0.8835702895818823,3,8.301606270274847,0.9216829597143882,9.75,5.040387722132472,0.9148509138194583,5,rbio,0.4375943905070118,0.6578235687825006,0.4963368560103415,1,4.0,,,0.3170208792614389,0.003083728877461389,0.7201427434286353,0.7870341949728932,0.54104498641639,0.4680851063829787,0.8555015639743067,0.645568871695745,,0.8559237306278419,0.683799567897638,0.683799567897638,0.6837995678976381,,0.0,0.4590945891936781,0.8998123229831447,0.5027293674816906,,,,,0.9523809523809523,,0.5139426890921464,0.2528089887640449,0.15168539325842695,0.4728777526215366,0.4728777526215366,0.1977401129943503,2.7100871574736694,0.7739152423307062,27,1.9798188360147049,0.9822177797305324,3,16.97056274847714,0.9199501757147305,15.0,5.4,0.9245977293667992,4,87.36666666666666,69.5,73.18633909333803,30,0.6802076177391039,1.0,0.22385466758262726,4,4.0
raw,rbio3.3,3577516.428518127,0.657190635451505,188.1144719426863,6.597720489404813,598,1,False,False,132.96155016770433,,9.451230489098453,78269.35161183277,1.0,2.3493427503341485e-06,-0.10849623006182459,410.817991325928,,,,[],[],16,948.0617032834557,154.9889676013264,1395.6078151931242,"[16, 57, 104, 154, 186, 223, 258, 289, 332, 376, 405, 435, 485, 519, 561, 594]","[993.5292217409235, 1280.9018370325189, 900.4341945803321, 860.7699235731491, 518.773309434893, 1157.2686357594334, 1090.6680158064255, 1117.5822676653383, 887.4411074760292, 1052.815705926033, 870.7136126835849, 571.2980850249064, 1395.6078151931242, 1290.2930989701526, 1025.90145406712, 154.9889676013264]","[15, 37, 96, 147, 185, 208, 248, 287, 330, 347, 400, 434, 37, 495, 553, 593]","[37, 287, 198, 198, 198, 287, 287, 347, 347, 400, 452, 452, 553, 553, 588, 596]",144537882.2685547,1220.179042198124,-1220.179042198124,0.0,,,,SWT,txu.059172014718829,76312049.26855469,,0.0,-78.0,70.0,0.0,-78.0,,465.1790421981241,588.1896102602,15780.012747464709,588.1896102602,,0.0,588.1896102602,,,151.9889676013264,0.0,-78.0,640.6078151931242,465.1790421981241,,113.817991325928,0.548125701626071,0.06383487646807823,0.9419078969825418,0.7090677469496596,0.4347826086956523,0.03239989854110423,0.5231150635724707,0.17153703442864268,0.5405129145048503,0.5405129145048503,0.5405129145048503,,0.36226902935504923,0.45948708549515,0.5898584085923794,,,,,0.4,,0.5591320140924205,0.013698630136986314,0.015625,0.631221213735897,0.631221213735897,0.00735294117647059,1.9401874388938092,0.6646843672843346,35,1.42434548665846,0.8378502862696823,24,0,0.39021009387596034,0.6471160101379951,40,0,0.4647476846907969,0.8133084482088945,16,10.812801055539063,0.897992442872273,28.75,25.358490566037737,0.8133830138889666,14,rbio,0.4375943905070118,0.6578235687825006,0.4963368560103415,1,10.75,,,0.5802064566644538,0.0012523617918674956,0.06383487646807823,0.9419078969825418,0.7919425948250391,0.42553191489361697,0.05849913851147054,0.8174128980666027,,0.1868540370937874,0.6485957585674902,0.6485957585674902,0.6485957585674903,,0.0,0.5660872967327645,0.8054441926776524,0.6767351957320398,,,,,0.8571428571428571,,0.7554867396371006,0.011235955056179775,0.011235955056179775,0.695853348007289,0.695853348007289,0.005649717514124297,2.6662447228027752,0.7613952285890364,29,1.6002413979102101,0.7939037270966623,33,2.8284271247461903,0.9866583626191218,31.0,30.870967741935484,0.9202159737623911,5,87.36666666666666,69.5,73.18633909333803,30,0.6802076177391039,1.0,0.22385466758262726,4,4.75
raw,sym19,1835772.7086993454,0.6488294314381271,134.403816049472,10.707492686280855,598,1,False,False,129.1553368084777,,9.229930961977178,71508.30122012759,1.0,3.0915512755800233e-06,0.6437747809610318,417.64012972067616,,,,[],[],15,958.4722803689499,33.11308656316669,1450.1376340943116,"[9, 54, 111, 141, 185, 224, 257, 293, 335, 364, 408, 452, 493, 522, 568]","[1094.1216842314552, 1334.2267438692354, 1108.4421948186928, 33.11308656316669, 1033.1710395849532, 1170.3910394746542, 862.2819415728453, 845.9767770129317, 592.6002837784245, 1022.1045999869102, 967.7780506876431, 543.202288944067, 1365.8258017984153, 1450.1376340943116, 953.7110391165447]","[0, 49, 99, 140, 150, 99, 251, 263, 316, 299, 399, 448, 49, 49, 549]","[49, 99, 150, 150, 204, 299, 299, 299, 349, 399, 419, 471, 498, 549, 584]",136136499.64229307,1181.9671306289727,-1181.9671306289727,0.0,,,,SWT,txu.059172014718829,67910666.64229307,,0.0,-51.5,71.0,0.0,-56.0,,426.96713062897265,598.6001873456942,16571.91579446575,599.8064815307449,,0.0,598.6001873456942,,,30.11308656316669,0.0,-65.0,695.1376340943116,426.96713062897265,,120.64012972067616,0.37545635150417916,0.5421172157666067,0.5562415710402038,0.16365111348978095,0.32608695652173925,0.6890530172889276,3.174499830766329e-11,0.008357085746475534,0.5670823335103752,0.5670823335103752,0.5701609847112965,,0.5486352059030328,0.5858033531641609,0.6879589579801595,,,,,0.6000000000000001,,0.05667652304169317,0.3767123287671233,0.21875,0.5292641628253802,0.5292641628253802,0.3308823529411765,2.0307702098831797,0.6957169111586828,22,1.203909566713175,0.7081820980665734,32,0,0.44118784178047366,0.7316564086246513,18,0,0.37894374652045476,0.6631515564107957,33,7.41057802513857,0.9300888865552965,26.25,24.60582524271845,0.8412236885606672,7,sym,1.0,1.0,0.0,5,6.5,,,0.4197957438313624,0.008618072579965386,0.5421172157666067,0.5562415710402038,0.40189313036332536,0.31914893617021267,0.6974402424531267,0.6171254573578917,,0.026691034023834964,0.6689153863125827,0.6689153863125827,0.6712698618224424,,0.0,0.6928910042298809,0.8509113087720073,0.7540559443729709,,,,,0.9047619047619048,,0.4768159487627325,0.3089887640449438,0.15730337078651685,0.6117652799390891,0.6117652799390891,0.2542372881355932,2.702162148600891,0.77165211025935,28,1.5863476794776192,0.7870108452719138,35,4.949747468305833,0.976652134583463,31.5,31.111111111111114,0.9140336144615429,6,99.42105263157895,110.0,57.971862503332275,38,0.7740590312511298,0.7921131623949381,0.22052472940572765,5,5.75
raw,sym15,1843202.6454797296,0.6471571906354515,133.04468938452868,10.762385620500634,598,1,False,False,129.054272769668,,9.228863205383965,71508.3012200551,1.0,3.0770734376594095e-06,0.6508509577948305,414.7194543352399,,,,[],[],15,961.5843450305858,28.41546912394358,1423.6167233747124,"[9, 54, 111, 141, 185, 224, 257, 293, 335, 364, 408, 452, 493, 522, 568]","[1081.1423755646058, 1397.650663748031, 1115.6014446287265, 28.41546912394358, 1022.2440454673365, 1186.6892435272634, 888.1210798577877, 827.6285327767928, 614.0322781023441, 1038.3662060538586, 977.1009688620658, 545.1245047629366, 1339.5036521747593, 1423.6167233747124, 938.5279874336253]","[0, 49, 99, 140, 150, 99, 251, 286, 316, 299, 399, 448, 99, 49, 549]","[49, 498, 150, 150, 204, 299, 299, 299, 349, 399, 419, 471, 498, 549, 584]",136100881.40718478,1164.70753506411,-1164.70753506411,0.0,,,,SWT,txu.059172014718829,67875048.40718478,,0.0,-51.5,71.0,0.0,-56.0,,409.70753506411006,601.7122520073301,16525.234824541214,603.1079075155122,,0.0,601.7122520073301,,,25.41546912394358,0.0,-65.0,668.6167233747124,409.70753506411006,,117.7194543352399,0.37087156860974047,0.5485054824957342,0.554380754762545,0.16597775377529814,0.30434782608695654,0.6952297721002118,2.6136846629334834e-11,0.002067432977353234,0.5750248086765698,0.5750248086765698,0.5785867395551114,,0.46884862389223836,0.5783572826958541,0.6402471561755088,,,,,0.6000000000000001,,0.05454632869061674,0.3767123287671233,0.21875,0.4832120970836008,0.4832120970836008,0.3308823529411765,1.9492183749911782,0.6677782549807149,32,1.2003750536346063,0.7061029727262389,33,0,0.42610514694395185,0.7066435925598739,23,0,0.3770447368366605,0.6598282894641558,35,5.315072906367325,0.9498578027701196,30.75,29.939510270927066,0.829881731573739,10,sym,1.0,1.0,0.0,5,8.75,,,0.4155364569818857,0.008474393865247176,0.5485054824957342,0.554380754762545,0.40355700480661877,0.29787234042553185,0.7034503906199772,0.6171254573557445,,0.020517667235174147,0.674989592855005,0.674989592855005,0.6777136685862307,,0.0,0.6386041449140405,0.8482311207275319,0.7164505256717901,,,,,0.9047619047619048,,0.475634504923221,0.3089887640449438,0.15730337078651685,0.5737842947674542,0.5737842947674542,0.2542372881355932,2.6428184554997243,0.7547054270131914,33,1.5826546998966637,0.7851787027856356,36,2.1213203435596424,0.9899937719643414,34.5,34.434782608695656,0.9136289614538688,7,99.42105263157895,110.0,57.971862503332275,38,0.7740590312511298,0.7921131623949381,0.22052472940572765,5,6.5
raw,rbio3.1,4506584.948905367,0.6237458193979933,197.87729197732938,6.049201802964719,598,1,False,False,142.9223798687941,,9.4845643688346,84432.8963287603,1.0,2.383117537235866e-06,-0.14561400767785487,418.78399115773277,,,,[],[],16,1128.1004810354882,773.7515953133795,1558.6401224304473,"[16, 52, 104, 154, 188, 223, 256, 289, 324, 353, 405, 450, 485, 519, 551, 586]","[985.706852974047, 1375.3226894078348, 1069.1454531540599, 1173.2669266837788, 773.7515953133795, 1488.9901044835724, 902.091476098738, 1360.4734470029173, 810.6979246303767, 1100.788481612158, 958.3064652030685, 827.4917106835571, 1558.6401224304473, 1487.222337530606, 1202.7886347983172, 974.9234745609523]","[15, 37, 96, 147, 187, 37, 248, 248, 317, 347, 397, 446, 37, 495, 545, 583]","[37, 147, 147, 198, 198, 347, 260, 347, 330, 397, 446, 452, 495, 545, 553, 596]",151909481.75,1272.6154294404887,-1272.6154294404887,0.0,,,,SWT,txu.059172014718829,83683648.75,,0.0,-78.0,70.0,0.0,-78.0,,517.6154294404887,768.2283880122325,12899.392303432189,768.2283880122325,,0.0,768.2283880122325,,,770.7515953133795,0.0,-78.0,803.6401224304473,517.6154294404887,,121.78399115773277,1.0,0.0,1.0,1.0,0.0,0.0,1.0,1.0,1.0000000000000002,1.0000000000000002,1.0,,0.5798830449514216,0.0,0.8831577305087135,,,,,0.4,,1.0,0.013698630136986314,0.015625,0.7711320212326197,0.7711320212326197,0.00735294117647059,2.9043761474721084,0.995003566788823,2,1.7000000000000002,1.0,1,0,0.6029986706599169,1.0,1,0,0.5714285714285715,1.0,1,0.5,0.9952830188679245,1.25,1.1428571428571428,0.9917452830188679,1,rbio,0.4375943905070118,0.6578235687825006,0.4963368560103415,1,1.0,,,1.0,0.0015875442962253739,0.0,1.0,0.9999999999999999,0.0,0.026973167872776427,1.0,,1.0,1.0,1.0,1.0,,0.0,0.7141520609087396,0.6400533602410312,0.9079074296081664,,,,,0.8571428571428571,,0.9999999999999998,0.011235955056179775,0.011235955056179775,0.8112434009677922,0.8112434009677922,0.005649717514124297,3.501788063137289,1.0,1,1.711265530437978,0.8489844622448568,31,21.213203435596427,0.8999377196434131,16.0,1.9375,0.9122330107651028,8,87.36666666666666,69.5,73.18633909333803,30,0.6802076177391039,1.0,0.22385466758262726,4,7.0
raw,rbio2.2,2528754.7479707035,0.6705685618729097,175.86180518779864,12.170944123972925,598,1,False,False,124.54373832802627,,9.374219502040546,73019.96295710478,1.0,2.608971076290575e-06,0.8056539132491133,402.07859345220066,,,,[],[],13,942.0022146137865,654.6041026834463,1294.005409571382,"[18, 56, 111, 157, 208, 257, 313, 364, 404, 434, 484, 531, 588]","[1017.7034348227387, 1140.3864613586045, 927.7240969167503, 768.0947410638872, 1084.3482489495707, 830.4969145036002, 889.89388412327, 1037.6792013912586, 654.6041026834463, 800.0913229125786, 1294.005409571382, 1088.7676663319867, 712.2333053501502]","[0, 0, 101, 150, 101, 250, 286, 286, 402, 402, 402, 498, 551]","[49, 402, 200, 182, 402, 286, 315, 402, 405, 450, 551, 551, 597]",135188831.3125,1114.7538405405921,-1114.7538405405921,0.0,,,,SWT,txu.059172014718829,66962998.3125,,0.0,-57.0,73.0,0.0,-66.0,,359.75384054059214,582.1301215905307,18702.971210020776,582.1301215905306,,0.0,582.1301215905307,,,651.6041026834463,0.0,-70.5,539.005409571382,359.75384054059214,,105.07859345220066,0.166250603562491,0.712429083076723,0.8076981911500496,0.38065429633855874,0.6086956521739132,0.8303563980115574,0.1169600846010116,0.8404730979801172,0.5250481528397164,0.5250481528397164,0.5250481528397161,,0.12352743942893779,0.9257274983081438,0.4070730626759643,,,,,1.0,,0.0,0.3013698630136986,0.1328125,0.34992561214851015,0.34992561214851015,0.18382352941176472,2.0730024541994294,0.7101851589318715,17,1.6939137285736783,0.9964198403374577,2,0,0.44212876240248555,0.7332168111061065,17,0,0.5175777584163294,0.9057610772285762,2,8.660254037844387,0.9182994902090152,9.5,3.5789473684210527,0.9143384243497906,6,rbio,0.4375943905070118,0.6578235687825006,0.4963368560103415,1,4.75,,,0.2254425298277413,0.0038289249763977518,0.7124290830767231,0.8076981911500496,0.5570808713746737,0.5957446808510638,0.8349322233665339,0.6619064962461536,,0.8434225043928899,0.6367686952757879,0.6367686952757879,0.6367686952757877,,0.0,0.4036473127338833,0.9732658625895241,0.5326677070681152,,,,,1.0,,0.4453821366513161,0.24719101123595505,0.09550561797752809,0.4638575862396682,0.4638575862396682,0.14124293785310735,2.6516613715753325,0.7572306843720522,32,2.0156617777351378,1.0,1,21.920310216782973,0.8966023102981935,16.5,1.9393939393939394,0.9093860608094742,9,87.36666666666666,69.5,73.18633909333803,30,0.6802076177391039,1.0,0.22385466758262726,4,7.75
raw,sym11,1850578.3456072584,0.6421404682274248,132.00641289707622,10.714454221902317,598,1,False,False,128.88087222047275,,9.22779211437144,71508.30122006524,1.0,3.053169646165713e-06,0.6436897848278437,414.39870333531667,,,,[],[],14,991.0920345222536,26.871344262787716,1436.9062353404784,"[9, 54, 111, 141, 185, 224, 257, 314, 356, 408, 452, 493, 522, 568]","[1061.6698266795347, 1436.9062353404784, 1113.1217950845082, 26.871344262787716, 1016.9560060292074, 1181.0801298924875, 905.9937477567113, 917.3864904647344, 1049.5011201405227, 984.7478518383513, 539.2474073594906, 1315.8975433057658, 1400.9553445436622, 924.9536406133079]","[0, 49, 99, 140, 150, 99, 251, 299, 299, 399, 448, 99, 498, 549]","[49, 498, 150, 150, 204, 299, 299, 349, 399, 419, 471, 498, 549, 584]",136043349.12563565,1159.3371205110554,-1159.3371205110554,0.0,,,,SWT,txu.059172014718829,67817516.12563565,,0.0,-52.0,72.0,0.0,-56.5,,404.33712051105545,631.2199414989977,17073.71151668845,633.1798412865664,,0.0,631.2199414989977,,,23.871344262787716,0.0,-61.0,681.9062353404784,404.33712051105545,,117.39870333531667,0.36300523077879865,0.5429273773479891,0.5525141274772365,0.16828741017720833,0.23913043478260876,0.688978824644094,2.6921605055312535e-11,0.0,0.650333041788973,0.650333041788973,0.6553350122116607,,0.46008639509816207,0.6658446700949241,0.6641553306607304,,,,,0.8,,0.051105536613527666,0.3698630136986301,0.28125,0.4688827529730484,0.4688827529730484,0.3235294117647059,2.1447665798825777,0.7347706662479137,11,1.1663024682511054,0.6860602754418267,35,0,0.4649714971190276,0.7710987100687412,8,0,0.3649776293192653,0.6387108513087142,40,16.34013463836819,0.8458477864304887,23.5,14.843373493975903,0.8120748366114707,15,sym,1.0,1.0,0.0,5,12.5,,,0.40822858874727125,0.008237171563302836,0.5429273773479892,0.5525141274772365,0.4052087333887503,0.2340425531914893,0.697368051018957,0.617125457356045,,0.01848845790539491,0.732583447755125,0.732583447755125,0.7364088297463475,,0.0,0.6326423168741719,0.8797219118431183,0.7352944359390818,,,,,0.9523809523809523,,0.4737261801731988,0.3033707865168539,0.20224719101123595,0.5619663101143054,0.5619663101143054,0.2485875706214689,2.7327298942385894,0.7803812923476322,21,1.5489720095615556,0.7684682155862628,38,12.020815280171307,0.9432980411312675,29.5,27.05084745762712,0.9020735488675206,10,99.42105263157895,110.0,57.971862503332275,38,0.7740590312511298,0.7921131623949381,0.22052472940572765,5,8.75
raw,sym7,1853169.2870289409,0.6521739130434783,139.61282289161664,10.28519890160251,598,1,False,False,128.80738465039565,,9.228995570461,71508.30122024073,1.0,3.008227583123077e-06,0.5806052958833348,414.34610929144264,,,,[],[],14,980.701345804272,42.91333697461505,1433.9244177913033,"[9, 54, 111, 141, 185, 224, 257, 314, 356, 408, 452, 493, 522, 568]","[1052.0321252424794, 1422.3773614673894, 1097.778248748061, 42.91333697461505, 1105.1098434028656, 1055.3285292400828, 877.8794571025885, 900.134163943173, 1041.5925319732592, 981.7804883327192, 505.87772021253875, 1255.0463141856524, 1433.9244177913033, 958.0443026430823]","[0, 49, 99, 140, 99, 204, 251, 299, 299, 400, 448, 99, 498, 549]","[49, 498, 150, 150, 299, 299, 299, 349, 400, 419, 471, 498, 549, 587]",135934112.8661084,1184.6766740762855,-1184.6766740762855,0.0,,,,SWT,txu.059172014718829,67708279.86610839,,0.0,-56.5,72.0,0.0,-56.5,,429.6766740762855,620.8292527810163,17219.18115874019,621.9897177158362,,0.0,620.8292527810163,,,39.91333697461505,0.0,-65.5,678.9244177913033,429.6766740762855,,117.34610929144264,0.3596714578739006,0.4929719956590991,0.5546114319519976,0.16909874799437744,0.36956521739130443,0.6339127303734937,4.049893914263694e-11,0.021478667683690944,0.6238143810041925,0.6238143810041925,0.6267760687993301,,0.458649638717854,0.6890484982816069,0.6587909640509996,,,,,0.8,,0.044572521648853926,0.3082191780821918,0.2109375,0.5364937686696729,0.5364937686696729,0.3235294117647059,2.145514918526109,0.7350270378684173,10,1.1669309038529359,0.6864299434429034,34,0,0.461615624884069,0.7655334038777907,9,0,0.36854736875495314,0.6449578953211679,39,15.726834816113932,0.8516336338102459,23.0,15.028333962976955,0.8173262508673871,13,sym,1.0,1.0,0.0,5,11.0,,,0.4051314966013818,0.007791164508233195,0.4929719956590991,0.5546114319519976,0.4057889538324813,0.36170212765957444,0.6437872637532158,0.6171254573612435,,0.03957001814575199,0.7123026386289233,0.7123026386289233,0.7145676634486933,,0.0,0.6316647465920113,0.8880740518284591,0.7310663572500499,,,,,0.9523809523809523,,0.4701028533722664,0.2528089887640449,0.15168539325842695,0.6177278257651222,0.6177278257651222,0.2485875706214689,2.732287355762051,0.7802549173447595,22,1.548906128130197,0.7684355308213452,39,12.020815280171307,0.9432980411312675,30.5,28.131147540983605,0.8997150583014828,11,99.42105263157895,110.0,57.971862503332275,38,0.7740590312511298,0.7921131623949381,0.22052472940572765,5,9.5
raw,bior6.8,1759010.5298195134,0.6722408026755853,144.02694131301902,13.31941445227104,598,1,False,False,127.01028903842678,,9.20390713524613,71735.83774459716,1.0,3.0641969293784437e-06,0.9156907594226136,427.9700131373257,,,,[],[],15,885.5729675599341,425.30783041186237,1221.0560172491316,"[18, 54, 111, 141, 185, 224, 257, 291, 320, 364, 394, 434, 493, 529, 588]","[1013.8460228221265, 1073.712099310946, 812.4984937078519, 679.3124856473976, 863.3723580735336, 1221.0560172491316, 1001.2883456199671, 806.4902749931027, 765.896661252345, 958.7691427835969, 425.30783041186237, 733.7543321221987, 1149.7434422898787, 1020.4926780247638, 758.0543290903092]","[0, 0, 99, 131, 150, 0, 250, 289, 315, 349, 385, 402, 349, 498, 547]","[49, 200, 150, 150, 200, 349, 349, 349, 349, 402, 402, 448, 498, 547, 597]",136571058.4058455,1093.880474767708,-1093.880474767708,0.0,,,,SWT,txu.059172014718829,68345225.4058455,,0.0,-56.0,71.0,0.0,-60.5,,338.88047476770794,525.7008745366784,17665.40548660099,525.7008745366783,,0.0,525.7008745366784,,,422.30783041186237,0.0,-65.0,466.0560172491316,338.88047476770794,,130.97001313732568,0.2781459882957534,0.8460844413106674,0.5108889497631447,0.13961349606921175,0.6304347826086958,0.9264069398485444,0.01760492479340116,0.5334676952411285,0.3810318992903186,0.3810318992903186,0.38103189929031833,,0.8308254467268505,0.7602256352454646,0.27583522604779903,,,,,0.6000000000000001,,0.08266586868208924,0.31506849315068497,0.21875,0.2942312820460119,0.2942312820460119,0.2647058823529412,1.9417606448887883,0.6652233283199637,34,1.5461243430915614,0.9094849077009184,12,0,0.4009358935292814,0.6649034451278315,32,0,0.4784542175270599,0.8372948806723547,12,12.151817422372122,0.8853602129964894,22.5,17.59568733153639,0.8365480310265465,9,bior,0.6384573894282631,0.8222350820376183,0.3064093027889303,2,7.25,,,0.32939391677119595,0.008346606817898616,0.8460844413106674,0.5108889497631446,0.3847028592446169,0.6170212765957446,0.9283919778142811,0.6238659348744735,,0.5420931581191697,0.5266286632051536,0.5266286632051536,0.5266286632051534,,0.0,0.8848934878283532,0.9136940231062636,0.429228859462946,,,,,0.9047619047619048,,0.49123010411163937,0.2584269662921348,0.15730337078651685,0.41792423902288833,0.41792423902288833,0.2033898305084746,2.607442438898467,0.7446031546987546,39,1.9244804020808093,0.9547635537561352,7,22.627416997969522,0.8932669009529739,23.0,11.869565217391305,0.8923881674576191,12,84.4,85.5,44.010657016619085,30,0.6571101442637968,0.6013507105539218,0.3596176858491657,3,9.75
raw,rbio5.5,1540420.086998648,0.6839464882943144,136.74669129727926,8.907247481006236,598,1,False,False,129.93586166929109,,9.12244931376573,73932.14991796724,1.0,3.628995935586698e-06,0.41188854631927563,415.39927846033606,,,,[],[],17,882.5125878436512,235.0294143098705,1505.0297144510973,"[4, 36, 79, 110, 156, 186, 225, 258, 291, 329, 363, 395, 433, 494, 530, 561, 595]","[292.18415728219395, 1146.0760478453515, 407.1192831433856, 901.9811516358712, 922.032585460074, 808.3726444572394, 1320.172954219076, 1053.8957915314652, 1042.6213328658769, 696.9873289074451, 1029.7564891134152, 605.1718036139704, 875.256566293598, 1505.0297144510973, 1127.2227243611633, 1033.8040038509764, 235.0294143098705]","[1, 1, 76, 98, 149, 181, 50, 250, 262, 314, 350, 375, 401, 50, 497, 550, 588]","[5, 50, 80, 149, 181, 201, 401, 401, 401, 331, 401, 401, 448, 550, 550, 585, 597]",141131564.3154024,1285.562551408933,-1285.562551408933,0.0,,,,SWT,txu.059172014718829,72905731.31540239,,0.0,-68.5,69.0,0.0,-68.5,,530.5625514089329,522.6404948203954,15946.286006657929,522.6404948203952,,0.0,522.6404948203954,,,232.0294143098705,0.0,-77.5,750.0297144510973,530.5625514089329,,118.39927846033606,0.4108649604682367,0.3326103509471417,0.36892959206240794,0.07116320566583086,0.7826086956521741,0.4866408321308685,0.18753768901851642,0.2787034062746729,0.3732213321786038,0.3732213321786038,0.37322133217860354,,0.4874199596799708,0.4860092937300957,0.7867112250617141,,,,,0.2,,0.3554127888215645,0.14383561643835618,0.0234375,0.8056775417123389,0.8056775417123389,0.1470588235294118,1.9256969475244712,0.6597201030620289,36,1.125586984293499,0.6621099907608816,38,0,0.4028291209640198,0.6680431327040355,30,0,0.37719361799216816,0.6600888314862942,34,3.415650255319866,0.9677768843837748,34.5,34.235242161048134,0.8211525931352837,12,rbio,0.4375943905070118,0.6578235687825006,0.4963368560103415,1,9.25,,,0.45269052336428506,0.01395169755942166,0.33261035094714175,0.36892959206240794,0.3357512918075899,0.7659574468085106,0.5004877551448315,0.6889288642591391,,0.29203906798506835,0.5206553366467103,0.5206553366467103,0.5206553366467102,,0.0,0.6512400978250132,0.8149907724108088,0.8318903629199286,,,,,0.8095238095238095,,0.6425004181943292,0.11797752808988762,0.01685393258426965,0.8397344768826839,0.8397344768826839,0.11299435028248589,2.7222976797391096,0.7774021815872473,25,1.4740489452653884,0.7312977611361352,47,15.556349186104045,0.9266209944051695,36.0,32.63888888888889,0.8784048368252263,13,87.36666666666666,69.5,73.18633909333803,30,0.6802076177391039,1.0,0.22385466758262726,4,10.75
raw,db3,1859721.460151545,0.657190635451505,142.9997896071161,9.464049002407974,598,1,False,False,128.57058685732576,,9.23548561340614,71508.30122006465,1.0,2.851260761192842e-06,0.43741377113326996,422.58110102818534,,,,[],[],15,935.014711478041,346.3875852125742,1376.2150272865533,"[24, 54, 111, 141, 185, 224, 257, 293, 323, 356, 408, 444, 480, 522, 568]","[1037.7617419330536, 1260.497661701243, 1027.8421139211632, 436.6207188336796, 1089.5603472238163, 741.7561105215225, 784.7134106305245, 1012.7939040315861, 669.4639644880203, 1018.5473282548454, 920.6608832113019, 346.3875852125742, 1172.6236069939123, 1376.2150272865533, 1129.7762679268192]","[0, 49, 99, 131, 99, 223, 223, 223, 316, 223, 403, 436, 223, 223, 549]","[49, 223, 150, 150, 223, 251, 263, 299, 349, 403, 451, 451, 498, 549, 587]",135483918.57353726,1198.2501271253705,-1198.2501271253705,0.0,,,,SWT,txu.059172014718829,67258085.57353726,,0.0,-65.0,71.0,0.0,-69.5,,443.25012712537045,575.1426184547852,16923.779327829383,575.1426184547854,,0.0,575.1426184547852,,,343.3875852125742,0.0,-69.5,621.2150272865533,443.25012712537045,,125.58110102818534,0.3489290960615868,0.3974091576506937,0.5659218538513112,0.17115052183786164,0.4347826086956523,0.5089216567741824,2.6875442794960907e-11,0.4278011642433202,0.5072149532878176,0.5072149532878176,0.5072149532878182,,0.6836119357393341,0.6419290221228084,0.5549702834137007,,,,,0.6000000000000001,,0.01764807309023443,0.19178082191780824,0.1484375,0.5727104662052732,0.5727104662052732,0.13235294117647062,2.063490071324255,0.7069263334874822,18,1.089142117452163,0.6406718337953899,41,0,0.43325696671269126,0.7185040163331344,19,0,0.3467306992711663,0.6067787237245409,44,13.916417163432069,0.8687130456279993,30.5,25.75582875868835,0.7904885982856977,18,db,0.8936084142394821,0.6843627668132815,0.16916527998837808,3,14.25,,,0.3951517873211431,0.006233418707237426,0.39740915765069373,0.5659218538513112,0.40725626018097105,0.42553191489361697,0.5221675953646974,0.6171254573560273,,0.43838023833172357,0.6231303098702514,0.6231303098702514,0.6231303098702519,,0.0,0.784729287796711,0.8711135547178968,0.649237123862628,,,,,0.9047619047619048,,0.45517007324084335,0.15730337078651685,0.10674157303370786,0.6475971884073565,0.6475971884073565,0.1016949152542373,2.7401434848923576,0.7824983795385475,18,1.4713801004608082,0.7299737072526613,48,21.213203435596427,0.8999377196434131,33.0,26.181818181818183,0.8721386711424612,14,118.36842105263158,113.5,63.686700255812326,76,0.9215768985091536,0.8701992891677452,0.0938363842932689,6,12.0
raw,bior4.4,1838627.785397216,0.6688963210702341,147.24637604917353,13.311337426421169,598,1,False,False,126.10737663516772,,9.22563394596098,71515.46425394152,1.0,2.7905164405130844e-06,0.9166692338656423,422.37189571284665,,,,[],[],14,878.9414905228047,434.62868747006166,1184.9603822876695,"[18, 56, 111, 157, 187, 224, 257, 313, 364, 394, 434, 487, 531, 588]","[1005.6371600284712, 1069.9530733343086, 804.7754671244621, 524.6241709898284, 856.4765801824908, 1184.9603822876695, 976.1952825942785, 803.5887736425269, 970.0509115361176, 434.62868747006166, 733.923999862431, 1115.9276699206598, 1042.6664132013207, 781.7722951446367]","[0, 0, 101, 150, 150, 0, 250, 289, 349, 385, 402, 402, 497, 551]","[48, 200, 150, 159, 200, 402, 402, 349, 402, 402, 448, 497, 551, 597]",136790026.09106222,1085.7514021081647,-1085.7514021081647,0.0,,,,SWT,txu.059172014718829,68564193.09106222,,0.0,-65.5,72.0,0.0,-56.5,,330.7514021081647,519.0693974995488,18643.819132680735,519.0693974995487,,0.0,519.0693974995488,,,431.62868747006166,0.0,-65.5,429.9603822876695,330.7514021081647,,125.37189571284665,0.2371852529996601,0.845144462491163,0.5487530128808631,0.16454516368964867,0.5869565217391306,0.9272610446661104,0.0005542173014933439,0.5459474161135015,0.3641073339585354,0.3641073339585354,0.3641073339585351,,0.6778968956042348,0.9162921644465571,0.21089824859997747,,,,,0.8,,0.09576151266048605,0.18493150684931509,0.2109375,0.2725412843209716,0.2725412843209716,0.3235294117647059,1.9752145328186212,0.6766842191009698,28,1.5408000551625456,0.9063529736250268,13,0,0.4002570876111664,0.663777728022399,37,0,0.4729142393954385,0.8275999189420172,13,11.84271928232701,0.8882762331855942,22.75,18.46828933836133,0.8368267958380802,8,bior,0.6384573894282631,0.8222350820376183,0.3064093027889303,2,6.5,,,0.29134118336844916,0.005630589336612368,0.8451444624911632,0.5487530128808631,0.40253250177275257,0.5744680851063829,0.9292230447192217,0.6173376530415777,,0.5543421481975229,0.5136851785464253,0.5136851785464253,0.5136851785464251,,0.0,0.780840769552421,0.9698696458710419,0.378046926822615,,,,,0.9523809523809523,,0.49849318219411287,0.15168539325842695,0.15168539325842695,0.40003562819299066,0.40003562819299066,0.2485875706214689,2.563265792376691,0.7319877006149349,47,1.920232479779897,0.952656095874146,10,26.16295090390226,0.8765898542268762,28.5,16.49122807017544,0.8710779459813627,15,84.4,85.5,44.010657016619085,30,0.6571101442637968,0.6013507105539218,0.3596176858491657,3,12.0
raw,rbio3.5,3393209.470829064,0.6705685618729097,190.98721449902104,6.742205611692817,598,1,False,False,131.24480808860778,,9.44368346033263,77062.3261828184,1.0,2.324796099556486e-06,-0.09169764783474975,414.6421684296498,,,,[],[],16,913.4870128726941,164.4907149735207,1316.3621372546784,"[16, 57, 104, 154, 186, 225, 258, 315, 345, 376, 405, 435, 485, 519, 561, 594]","[1044.5817789154194, 1232.3600613584078, 904.2928983823541, 677.8226167563141, 825.3317204379015, 1134.8483789512647, 1083.5278945979596, 1128.8103499525391, 465.5082814333252, 1014.234192177542, 852.0139528842376, 561.9758764838725, 1316.3621372546784, 1161.8123492557297, 1047.819002148039, 164.4907149735207]","[1, 50, 60, 151, 151, 208, 248, 287, 343, 350, 400, 434, 400, 495, 553, 593]","[50, 400, 201, 160, 201, 400, 400, 400, 350, 400, 420, 452, 553, 553, 588, 596]",143094279.8554535,1185.8456934084802,-1185.8456934084802,0.0,,,,SWT,txu.059172014718829,74868446.85545349,,0.0,-78.0,70.0,0.0,-78.0,,430.8456934084802,553.6149198494384,16333.207794036894,553.6149198494383,,0.0,553.6149198494384,,,161.4907149735207,0.0,-78.0,561.3621372546784,430.8456934084802,,117.64216842964981,0.4702454802228398,0.08064959975961944,0.9287554294027048,0.6513531249635616,0.6086956521739132,0.04706328613456193,0.42972525763805963,0.1842589498345311,0.45227290350778276,0.45227290350778276,0.45227290350778243,,0.4667373388533771,0.5477270964922176,0.44729339189104295,,,,,0.4,,0.47279551549164966,0.013698630136986314,0.015625,0.5396129469225656,0.5396129469225656,0.00735294117647059,1.8098480994895265,0.620031711768954,49,1.4137113594843707,0.8315949173437474,29,0,0.3565381048746255,0.591275109254276,65,0,0.45949826147075157,0.8041219575738151,19,20.55075018906447,0.806124998216373,40.5,32.54490157352546,0.7120247632591299,32,rbio,0.4375943905070118,0.6578235687825006,0.4963368560103415,1,24.25,,,0.5078553311052723,0.00100875972547404,0.08064959975961944,0.9287554294027047,0.7506685374966358,0.5957446808510638,0.07276700808978631,0.7816563188308947,,0.199340743902218,0.5811120030773739,0.5811120030773739,0.5811120030773738,,0.0,0.6371676247499758,0.8372058881283414,0.5643685077761892,,,,,0.8571428571428571,,0.7076029752541344,0.011235955056179775,0.011235955056179775,0.6203003371402922,0.6203003371402922,0.005649717514124297,2.5503299361219423,0.7282936288945695,51,1.6208281736633636,0.8041171349116806,32,13.435028842544403,0.9366272224408283,41.5,39.325301204819276,0.8704362527298481,16,87.36666666666666,69.5,73.18633909333803,30,0.6802076177391039,1.0,0.22385466758262726,4,13.0
raw,sym3,1859721.460159747,0.657190635451505,142.99978960771935,9.464049002410631,598,1,False,False,128.57058685659698,,9.2354856134057,71508.30122037629,1.0,2.851260761170614e-06,0.43741377113297997,422.58110102767455,,,,[],[],15,935.0147114798783,346.38758521477706,1376.215027290063,"[24, 54, 111, 141, 185, 224, 257, 293, 323, 356, 408, 444, 480, 522, 568]","[1037.7617419349317, 1260.4976617047844, 1027.8421139222623, 436.62071883526323, 1089.5603472264238, 741.7561105225442, 784.7134106325321, 1012.7939040330415, 669.4639644890326, 1018.5473282556002, 920.6608832127304, 346.38758521477706, 1172.623606995312, 1376.215027290063, 1129.7762679288753]","[0, 49, 99, 131, 99, 223, 223, 223, 316, 223, 403, 436, 223, 223, 549]","[49, 223, 150, 150, 223, 251, 263, 299, 349, 403, 451, 451, 498, 549, 587]",135483918.57323495,1198.250127126319,-1198.250127126319,0.0,,,,SWT,txu.059172014718829,67258085.57323495,,0.0,-65.0,71.0,0.0,-69.5,,443.25012712631906,575.1426184566226,16923.779327801825,575.1426184566226,,0.0,575.1426184566226,,,343.38758521477706,0.0,-69.5,621.2150272900631,443.25012712631906,,125.58110102767455,0.3489290960285252,0.39740915765100293,0.5659218538505435,0.17115052184043003,0.4347826086956523,0.5089216567739292,5.098790542155842e-11,0.4278011642462696,0.507214953292507,0.507214953292507,0.507214953292507,,0.6836119357253803,0.6419290221184127,0.5549702834200148,,,,,0.6000000000000001,,0.017648073072154116,0.19178082191780824,0.1484375,0.5727104662078043,0.5727104662078043,0.13235294117647062,2.063490071315315,0.7069263334844194,19,1.089142117452874,0.6406718337958082,40,0,0.4332569667121172,0.7185040163321824,20,0,0.34673069927015304,0.6067787237227678,45,13.4412301024373,0.8731959424298368,31.0,26.692682926829267,0.7903715561205787,19,sym,1.0,1.0,0.0,5,15.5,,,0.39515178729042866,0.00623341870701688,0.397409157651003,0.5659218538505435,0.4072562601828078,0.42553191489361697,0.522167595364451,0.6171254573652594,,0.4383802383346185,0.6231303098738378,0.6231303098738378,0.6231303098738378,,0.0,0.7847292877872168,0.8711135547163146,0.6492371238676046,,,,,0.9047619047619048,,0.4551700732308157,0.15730337078651685,0.10674157303370786,0.6475971884094439,0.6475971884094439,0.1016949152542373,2.7401434848892245,0.7824983795376528,19,1.4713801004558422,0.7299737072501975,49,21.213203435596427,0.8999377196434131,34.0,27.382352941176475,0.8697801805764236,17,99.42105263157895,110.0,57.971862503332275,38,0.7740590312511298,0.7921131623949381,0.22052472940572765,5,14.0
raw,rbio3.7,3326443.0791543713,0.6638795986622074,188.58522138555324,6.805694499878213,598,1,False,False,130.6798659258804,,9.440673187350853,76623.93179860906,1.0,2.306710111496108e-06,-0.08243079622237205,421.3049148757435,,,,[],[],16,911.4929665707432,164.1674587606857,1267.2181296454678,"[16, 57, 104, 154, 186, 225, 258, 315, 345, 376, 405, 435, 485, 519, 561, 594]","[1071.0585775068698, 1133.8499531531706, 889.0726666042016, 663.4301625699072, 837.1411460077304, 1245.8959944767344, 1077.972117257741, 1120.224423252755, 454.9435433372159, 1032.0737056054875, 863.2705196975357, 556.6889758066661, 1267.2181296454678, 1155.4055751191586, 1051.4745163305647, 164.1674587606857]","[1, 50, 60, 151, 151, 50, 248, 287, 343, 350, 400, 434, 400, 499, 553, 593]","[50, 208, 201, 160, 201, 400, 400, 400, 350, 400, 420, 452, 553, 553, 588, 596]",142569960.17193907,1163.2177585100362,-1163.2177585100362,0.0,,,,SWT,txu.059172014718829,74344127.17193907,,0.0,-78.0,70.0,0.0,-78.0,,408.2177585100362,551.6208735474875,16365.112534868109,551.6208735474875,,0.0,551.6208735474875,,,161.1674587606857,0.0,-78.0,512.2181296454678,408.2177585100362,,124.30491487574352,0.44461680760570227,0.0880382365273352,0.9235093227522855,0.6304456285499885,0.5217391304347827,0.05515226859311401,0.39580586747452484,0.18382614121175614,0.4471837858462102,0.4471837858462102,0.4471837858462102,,0.6487492695147441,0.5528162141537901,0.3588820558050574,,,,,0.4,,0.44143790261203913,0.013698630136986314,0.015625,0.4792370741723779,0.4792370741723779,0.00735294117647059,1.8146537515858756,0.6216780691048575,48,1.3522643664502176,0.7954496273236573,30,0,0.3516009757495881,0.5830874807150053,71,0,0.43704389456253345,0.7648268154844334,24,21.12463017427761,0.8007110360917207,43.25,36.39081687132942,0.6963460840835962,38,rbio,0.4375943905070118,0.6578235687825006,0.4963368560103415,1,28.75,,,0.48404616265366907,0.0008292735664790496,0.0880382365273352,0.9235093227522855,0.7357167423384683,0.5106382978723404,0.08063780506656393,0.7686694478349199,,0.19891593724344633,0.5772199730554669,0.5772199730554669,0.5772199730554669,,0.0,0.7610086995848565,0.8390376989299624,0.4946845892132937,,,,,0.8571428571428571,,0.6902114829991296,0.011235955056179775,0.011235955056179775,0.5705059339856684,0.5705059339856684,0.005649717514124297,2.5460806432520457,0.7270801651459697,53,1.5718768256373523,0.7798316379266583,37,11.313708498984761,0.946633450476487,45.0,43.57777777777778,0.8671846497665454,18,87.36666666666666,69.5,73.18633909333803,30,0.6802076177391039,1.0,0.22385466758262726,4,14.5
raw,db2,1869055.3759705923,0.6705685618729097,147.2235016145366,9.349952966712532,598,1,False,False,128.42591270025054,,9.240366829236702,71508.30122006465,1.0,3.5142374089366862e-06,0.4434661191990989,408.5978036189463,,,,[],[],16,931.8396443038357,120.13333498184289,1441.4166377400193,"[23, 55, 110, 156, 186, 225, 258, 291, 329, 363, 395, 433, 464, 494, 530, 567]","[1141.5798010141366, 1184.3864794215315, 927.2390019234542, 902.7776242612194, 807.1514557929456, 1229.368533646841, 930.3539429075998, 874.5514109508292, 735.587191896186, 1039.5438826638497, 571.5987874209059, 861.6620724983376, 120.13333498184289, 1441.4166377400193, 1151.1738422344165, 990.9103095072575]","[1, 50, 100, 100, 181, 50, 250, 285, 314, 300, 375, 401, 462, 401, 499, 550]","[50, 222, 151, 203, 203, 401, 300, 300, 350, 401, 401, 449, 470, 550, 550, 585]",137404969.44397783,1215.5291834309635,-1215.5291834309635,0.0,,,,SWT,txu.059172014718829,69179136.44397783,,0.0,-78.0,70.0,0.0,-69.0,,460.5291834309635,571.96755128058,16039.565691138629,571.9675512805801,,0.0,571.96755128058,,,117.13333498184289,0.0,-78.0,686.4166377400193,460.5291834309635,,111.59780361894627,0.3423659346399979,0.3841310205075731,0.5744285171957503,0.17407338177706805,0.6086956521739132,0.514204717233697,2.6875442794960907e-11,0.12486873309057117,0.49911168586763877,0.49911168586763877,0.49911168586763904,,0.3016182670533713,0.5008883141323616,0.6722696608065304,,,,,0.4,,0.1325389906189068,0.013698630136986314,0.015625,0.6188144571099647,0.6188144571099647,0.13970588235294118,1.7287180758419043,0.5922375629382985,60,1.1565994899567464,0.6803526411510272,36,0,0.3597269607153227,0.5965634390564085,61,0,0.3711284605078393,0.6494748058887188,37,13.868429375143148,0.8691657606118571,48.5,45.52442850739579,0.7058092954002682,34,db,0.8936084142394821,0.6843627668132815,0.16916527998837808,3,26.25,,,0.38905457666196985,0.012812828779260155,0.38413102050757314,0.5744285171957504,0.4093465153804724,0.5957446808510638,0.5273081549475553,0.6171254573560273,,0.14104856068052113,0.6169331334298207,0.6169331334298207,0.6169331334298209,,0.0,0.5248204656755798,0.8203464258075095,0.741689976896889,,,,,0.8571428571428571,,0.5188906284387654,0.011235955056179775,0.011235955056179775,0.6856209983428936,0.6856209983428936,0.10734463276836159,2.5412497964595753,0.7257006279765665,54,1.538997667486883,0.7635197950799812,41,9.192388155425117,0.9566396785121457,47.5,46.61052631578947,0.8662915373692803,19,118.36842105263158,113.5,63.686700255812326,76,0.9215768985091536,0.8701992891677452,0.0938363842932689,6,15.75
raw,bior2.8,1496685.0290240708,0.68561872909699,134.71381202165202,13.437884010921724,598,1,False,False,126.93439214220118,,9.093333997602535,74399.59169467476,1.0,3.3040923057633336e-06,0.9340326934005144,420.6428006982793,,,,[],[],15,877.4875063259564,397.0584978361083,1212.2513238430597,"[18, 54, 111, 141, 185, 224, 257, 291, 320, 354, 394, 434, 487, 529, 588]","[950.3641593179725, 1153.8806171719878, 803.7470528869687, 695.8039917559004, 871.4891254857787, 1212.2513238430597, 1002.28691876475, 868.9460615224829, 633.1656556998141, 915.6421262222149, 397.0584978361083, 732.8353862258343, 1164.0798038498447, 1032.235722137261, 728.5261521693686]","[0, 0, 99, 131, 150, 0, 250, 289, 315, 349, 385, 409, 349, 498, 569]","[49, 221, 150, 150, 200, 349, 349, 349, 331, 409, 402, 448, 498, 569, 597]",137930726.7893778,1086.7885096686778,-1086.7885096686778,0.0,,,,SWT,txu.059172014718829,69704893.78937781,,0.0,-51.5,71.0,0.0,-56.0,,331.78850966867776,517.6154133027005,17786.687405110657,517.6154133027006,,0.0,517.6154133027005,,,394.0584978361083,0.0,-56.0,457.2513238430597,331.78850966867776,,123.6428006982793,0.2747029160056057,0.8598715552753255,0.31818932542299844,0.05746783371573229,0.8043478260869567,0.9424175104726586,0.2237045300501913,0.4956445870038743,0.36039653915472936,0.36039653915472936,0.36039653915472963,,0.6306617314801577,0.7795712853725794,0.25999535572122046,,,,,0.6000000000000001,,0.16398258471622978,0.3767123287671233,0.359375,0.27530849548641023,0.27530849548641023,0.3308823529411765,1.8800643416450242,0.6440869332154037,39,1.574350334180165,0.9260884318706852,11,0,0.4020451310313836,0.6667429806957761,31,0,0.4972430710042099,0.8701753742573672,6,15.777093099385155,0.8511594990624042,21.75,12.679299249195568,0.8229854099085605,11,bior,0.6384573894282631,0.8222350820376183,0.3064093027889303,2,8.75,,,0.3261952849352125,0.010727339323318985,0.8598715552753255,0.31818932542299844,0.32595717815752845,0.7872340425531914,0.943970692629212,0.7027762269783911,,0.5049693408264113,0.5108472554049338,0.5108472554049338,0.510847255404934,,0.0,0.7487019230830048,0.9206574248634714,0.41674421345770263,,,,,0.9047619047619048,,0.536329807413026,0.3089887640449438,0.2584269662921348,0.402317858198277,0.402317858198277,0.2542372881355932,2.5528909523658654,0.729024974195241,50,1.912665357097336,0.9489019329653947,13,26.16295090390226,0.8765898542268762,31.5,20.634920634920633,0.8640024742832494,20,84.4,85.5,44.010657016619085,30,0.6571101442637968,0.6013507105539218,0.3596176858491657,3,15.75
raw,sym2,1869055.3759697552,0.6705685618729097,147.22350161438266,9.349952966713564,598,1,False,False,128.4259127002464,,9.240366829236716,71508.30122005183,1.0,3.5142374089386056e-06,0.44346611919908924,408.5978036189009,,,,[],[],16,931.8396443037236,120.13333498175427,1441.416637739821,"[23, 55, 110, 156, 186, 225, 258, 291, 329, 363, 395, 433, 464, 494, 530, 567]","[1141.579801014016, 1184.3864794214426, 927.2390019233349, 902.7776242612016, 807.1514557926927, 1229.3685336468045, 930.353942907607, 874.5514109507558, 735.5871918959054, 1039.5438826637587, 571.5987874207444, 861.6620724982013, 120.13333498175427, 1441.416637739821, 1151.1738422343033, 990.9103095072335]","[1, 50, 100, 100, 181, 50, 250, 285, 314, 300, 375, 401, 462, 401, 499, 550]","[50, 222, 151, 203, 203, 401, 300, 300, 350, 401, 401, 449, 470, 550, 550, 585]",137404969.4439635,1215.5291834308955,-1215.5291834308955,0.0,,,,SWT,txu.059172014718829,69179136.4439635,,0.0,-78.0,70.0,0.0,-69.0,,460.5291834308955,571.9675512804679,16039.565691140422,571.9675512804678,,0.0,571.9675512804679,,,117.13333498175427,0.0,-78.0,686.416637739821,460.5291834308955,,111.59780361890091,0.34236593463981096,0.3841310205076932,0.5744285171957751,0.17407338177680595,0.6086956521739132,0.5142047172336885,2.5883517151795404e-11,0.12486873309045252,0.4991116858673527,0.4991116858673527,0.4991116858673524,,0.3016182670521321,0.5008883141326477,0.6722696608061738,,,,,0.4,,0.1325389906180495,0.013698630136986314,0.015625,0.6188144571097833,0.6188144571097833,0.13970588235294118,1.7287180758404548,0.5922375629378019,61,1.156599489956244,0.6803526411507317,37,0,0.35972696071507215,0.5965634390559931,62,0,0.3711284605076529,0.6494748058883925,38,13.868429375143148,0.8691657606118571,49.5,46.58459705467511,0.7010923142681926,37,sym,1.0,1.0,0.0,5,29.0,,,0.38905457666179616,0.012812828779279195,0.3841310205076932,0.574428517195775,0.409346515380285,0.5957446808510638,0.5273081549475471,0.6171254573556475,,0.14104856068040467,0.616933133429602,0.616933133429602,0.6169331334296018,,0.0,0.5248204656747366,0.8203464258076125,0.741689976896608,,,,,0.8571428571428571,,0.5188906284382899,0.011235955056179775,0.011235955056179775,0.6856209983427439,0.6856209983427439,0.10734463276836159,2.5412497964585357,0.7257006279762697,55,1.5389976674866719,0.7635197950798764,42,9.192388155425117,0.9566396785121457,48.5,47.628865979381445,0.8639330468032427,21,99.42105263157895,110.0,57.971862503332275,38,0.7740590312511298,0.7921131623949381,0.22052472940572765,5,17.0
raw,rbio3.9,3296392.1357532428,0.6588628762541806,185.78451174824892,6.8399741607757605,598,1,False,False,130.45888005235852,,9.43945381814195,76428.8720193423,1.0,2.2928262995435424e-06,-0.0765100275203341,419.2354169484137,,,,[],[],16,910.324210859301,160.2364970528776,1279.9620634631624,"[16, 57, 104, 154, 186, 225, 258, 315, 345, 376, 409, 450, 485, 519, 561, 594]","[1085.9361425939865, 1099.662134396862, 872.0382726222422, 654.9224820001464, 839.4611135520411, 1279.9620634631624, 1072.3030491887248, 1109.9901919761242, 445.9831530151812, 1044.151403621108, 873.9876500082672, 576.5926139445185, 1251.4556452809186, 1149.0139387818735, 1049.491022250782, 160.2364970528776]","[1, 50, 60, 151, 151, 50, 248, 287, 343, 350, 400, 448, 400, 499, 531, 593]","[50, 201, 201, 160, 201, 400, 400, 400, 350, 400, 420, 452, 531, 531, 588, 596]",142336668.67593622,1148.2620228200492,-1148.2620228200492,0.0,,,,SWT,txu.059172014718829,74110835.67593622,,0.0,-78.0,70.0,0.0,-78.0,,393.2620228200492,550.4521178360453,16383.812626251183,550.452117836045,,0.0,550.4521178360453,,,157.2364970528776,0.0,-78.0,524.9620634631624,393.2620228200492,,122.23541694841367,0.43459175552220775,0.09202759545503969,0.9213842859350692,0.6210353552729061,0.45652173913043487,0.06032047416877666,0.3807137289880916,0.17856296588709245,0.44420093869399274,0.44420093869399274,0.44420093869399185,,0.5922150285226015,0.5557990613060075,0.38180872114283876,,,,,0.4,,0.42748560471101715,0.013698630136986314,0.015625,0.4393321690647452,0.4393321690647452,0.00735294117647059,1.7721397613068444,0.6071132986281134,57,1.315826281448595,0.7740154596756441,31,0,0.3417010790781774,0.5666697054310627,80,0,0.42379927635321807,0.7416487336181316,27,24.716728478232444,0.7668233162430902,48.75,40.26617503936448,0.6534588279328659,43,rbio,0.4375943905070118,0.6578235687825006,0.4963368560103415,1,32.5,,,0.4747328377945264,0.0006914899921862672,0.09202759545503969,0.9213842859350692,0.7289870758285188,0.4468085106382978,0.08566660776563323,0.7628910522142519,,0.19375006991422142,0.5749387660881272,0.5749387660881272,0.5749387660881267,,0.0,0.7225427531823267,0.8401113647393177,0.5127548950252422,,,,,0.8571428571428571,,0.6824732893484605,0.011235955056179775,0.011235955056179775,0.5375947586723429,0.5375947586723429,0.005649717514124297,2.515783242441395,0.7184281849962896,61,1.5411760047381047,0.7646005008190508,40,14.849242404917497,0.9299564037503891,50.5,48.31683168316832,0.8458744282902889,22,87.36666666666666,69.5,73.18633909333803,30,0.6802076177391039,1.0,0.22385466758262726,4,17.5
raw,bior2.6,1496685.0290240708,0.68561872909699,134.71381202165202,13.486833082146044,598,1,False,False,126.87724331517416,,9.097047544194814,74201.2418689282,1.0,3.2380580001040157e-06,0.9380081045133262,419.927515405433,,,,[],[],15,873.3530176440375,403.4057997348574,1206.600382290651,"[18, 54, 106, 141, 185, 224, 257, 291, 320, 354, 394, 434, 487, 529, 588]","[948.1542348349, 1127.2980805669933, 794.7438278798553, 696.675575096114, 866.324578795673, 1206.600382290651, 1000.0271463610068, 858.5187828439811, 630.3635983408951, 905.3991337958898, 403.4057997348574, 732.8595549146444, 1158.7173760201067, 1028.861082645407, 742.3461105395866]","[0, 0, 99, 131, 150, 0, 250, 289, 315, 349, 385, 409, 349, 498, 547]","[49, 221, 150, 150, 200, 349, 349, 349, 331, 409, 402, 448, 498, 547, 597]",138003438.7631111,1086.096680951489,-1086.096680951489,0.0,,,,SWT,txu.059172014718829,69777605.76311111,,0.0,-51.5,71.0,0.0,-56.0,,331.0966809514889,513.4809246207817,17848.704735339437,513.4809246207816,,0.0,513.4809246207817,,,400.4057997348574,0.0,-60.5,451.60038229065094,331.0966809514889,,122.92751540543298,0.27211035224428537,0.8655680939568255,0.3246610512738849,0.05746783371573229,0.8043478260869567,0.9458876243907574,0.20835783453879578,0.5041430067837798,0.3498446781712912,0.3498446781712912,0.34984467817129095,,0.6111216727104039,0.7894636550445523,0.2498291662487397,,,,,0.6000000000000001,,0.16833121780350685,0.3767123287671233,0.2890625,0.27346255758790616,0.27346255758790616,0.3308823529411765,1.8576149447930073,0.6363960458076358,43,1.5754757185487938,0.9267504226757609,10,0,0.3940003607134979,0.6534017069760819,39,0,0.4969143737438912,0.8696001540518095,7,18.874586088176873,0.821937867092671,24.75,13.710181319162604,0.7942236505274676,17,bior,0.6384573894282631,0.8222350820376183,0.3064093027889303,2,13.25,,,0.32378677988944116,0.010072011903820177,0.8655680939568257,0.3246610512738849,0.32595717815752845,0.7872340425531914,0.9473472065820602,0.6969003679532113,,0.5133106379299536,0.5027774557921969,0.5027774557921969,0.5027774557921967,,0.0,0.7354068502183297,0.9242181500861515,0.40873144099370173,,,,,0.9047619047619048,,0.538741637004379,0.3089887640449438,0.20786516853932585,0.40079543919662003,0.40079543919662003,0.2542372881355932,2.5347977292121997,0.7238581214824428,57,1.917400255463166,0.9512509869674755,11,32.526911934581186,0.8465711701199001,34.0,18.441176470588236,0.8430969058146671,23,84.4,85.5,44.010657016619085,30,0.6571101442637968,0.6013507105539218,0.3596176858491657,3,18.0
raw,bior2.4,1496685.0290240708,0.68561872909699,134.71381202165202,13.523219843622343,598,1,False,False,126.87638133131736,,9.100772800169928,73990.71765844486,1.0,3.091081444428456e-06,0.9432230077814081,422.739369714995,,,,[],[],15,856.7939210681022,414.4198164925972,1199.916013499747,"[18, 54, 106, 157, 187, 224, 257, 291, 334, 364, 394, 434, 487, 529, 588]","[958.6158244198376, 1082.282171323291, 782.7009155127719, 477.9378928213698, 841.9653026109694, 1199.916013499747, 999.4954352071851, 840.6615744831566, 762.9792654437408, 918.7968738042703, 414.4198164925972, 735.3247611732733, 1170.8693927538186, 898.6001363666296, 767.3434401088766]","[0, 0, 99, 150, 150, 0, 250, 289, 315, 349, 385, 402, 349, 525, 547]","[48, 221, 150, 159, 200, 349, 349, 349, 349, 402, 402, 448, 497, 547, 597]",138385371.02124023,1088.2925789633769,-1088.2925789633769,0.0,,,,SWT,txu.059172014718829,70159538.02124023,,0.0,-65.0,71.0,0.0,-60.5,,333.29257896337685,496.92182804484645,18097.091183978468,496.92182804484656,,0.0,496.92182804484645,,,411.4198164925972,0.0,-60.5,444.9160134997469,333.29257896337685,,125.73936971499501,0.2720712482376728,0.869802670610882,0.33115318347048783,0.05746783371573229,0.8043478260869567,0.9504396840139218,0.19206918420142108,0.5188897037840647,0.3075832769381155,0.3075832769381155,0.30758327693811577,,0.6879354965235442,0.8290837187006548,0.23780381454371247,,,,,0.6000000000000001,,0.1911731676162095,0.19178082191780824,0.2890625,0.2793216542988152,0.2793216542988152,0.2647058823529412,1.858244129453479,0.6366115967382145,42,1.576556163151861,0.927385978324624,8,0,0.3779877317750652,0.6268467082380107,49,0,0.4967645186195821,0.8693379075842685,8,21.83842179889991,0.7939771528405669,26.75,13.595375722543352,0.7708093311372646,21,bior,0.6384573894282631,0.8222350820376183,0.3064093027889303,2,16.25,,,0.32375045206651876,0.008613409954484785,0.8698026706108821,0.33115318347048783,0.32595717815752845,0.7872340425531914,0.9517764827368422,0.6906638584048339,,0.5277846912435051,0.47045699214692255,0.47045699214692255,0.47045699214692277,,0.0,0.7876710422887652,0.9384792588662021,0.3992533167394962,,,,,0.9047619047619048,,0.551410190404218,0.15730337078651685,0.20786516853932585,0.4056276711869067,0.4056276711869067,0.2033898305084746,2.5215042548684266,0.7200619253380469,58,1.9220156952647858,0.9535407757865133,9,34.64823227814083,0.8365649420842414,33.5,15.582089552238806,0.8392730370798566,24,84.4,85.5,44.010657016619085,30,0.6571101442637968,0.6013507105539218,0.3596176858491657,3,18.75
raw,db11,1832634.6803819742,0.6923076923076923,146.28818143241014,7.382733918127707,598,1,False,False,134.52540440465873,,9.234056266184444,71508.30122006465,1.0,3.1216072291430945e-06,-0.043976652038253426,419.0209296063041,,,,[],[],15,920.9186093124157,347.22603339663084,1385.661297669827,"[16, 48, 97, 147, 179, 214, 243, 277, 315, 369, 402, 440, 493, 523, 580]","[829.5724494742753, 1385.661297669827, 763.3236888674336, 868.5681925173216, 1154.2882956653075, 1056.2551562744302, 347.22603339663084, 1102.0630201678152, 875.3665762876675, 859.8811493895471, 1211.7463043255775, 579.2043561294358, 585.3815541233434, 1328.4020221422272, 866.8390432553967]","[8, 8, 93, 107, 56, 201, 241, 257, 306, 357, 357, 427, 477, 505, 557]","[26, 505, 107, 156, 357, 357, 248, 357, 357, 397, 477, 455, 497, 592, 592]",135959444.82652944,1139.4366180005554,-1139.4366180005554,0.0,,,,SWT,txu.059172014718829,67733611.82652944,,0.0,-74.0,71.0,0.0,-65.0,,384.4366180005554,561.0465162891599,17135.220860313762,561.04651628916,,0.0,561.0465162891599,,,344.22603339663084,0.0,-78.5,630.661297669827,384.4366180005554,,122.0209296063041,0.6190701467464962,0.15519226590093801,0.5634308811020313,0.16266845868179322,0.8913043478260871,0.08871867396735054,2.6875442794960907e-11,0.42892376479793015,0.47123949854525216,0.47123949854525216,0.47123949854525243,,0.5863556947545159,0.6756560109439634,0.5719643672551288,,,,,0.6000000000000001,,0.046087532115446944,0.06849315068493152,0.0078125,0.4157842173518697,0.4157842173518697,0.1985294117647059,1.946474615026816,0.6668382765439241,33,1.033895282184549,0.6081736954026759,48,0,0.3877935259040086,0.6431084258935604,43,0,0.3543406820359389,0.6200961935628929,42,6.244997998398398,0.9410849245434113,41.5,40.73249183058884,0.7747877452905736,20,db,0.8936084142394821,0.6843627668132815,0.16916527998837808,3,15.75,,,0.6461142104452026,0.00891634921500234,0.15519226590093801,0.5634308811020313,0.40119039421981073,0.8723404255319148,0.11329881815375553,0.6171254573560273,,0.43948208373323505,0.5956171810292576,0.5956171810292576,0.5956171810292579,,0.0,0.7185560574255191,0.8832534710132598,0.6626314962008694,,,,,0.9047619047619048,,0.47094310524019917,0.056179775280898875,0.005617977528089874,0.5181738186901066,0.5181738186901066,0.15254237288135591,2.641454692224201,0.754315979322202,34,1.4130410455162243,0.7010308282493517,64,21.213203435596427,0.8999377196434131,49.0,44.40816326530612,0.8344028220858575,25,118.36842105263158,113.5,63.686700255812326,76,0.9215768985091536,0.8701992891677452,0.0938363842932689,6,20.25
raw,coif2,1854093.5591971276,0.6588628762541806,145.97875773763738,8.888553262767687,598,1,False,False,130.0758690911716,,9.23396984240578,71508.30122006465,1.0,3.3339038894352513e-06,0.351433078703637,418.27678301015436,,,,[],[],14,1042.9652024167979,485.2457393296837,1466.693375114103,"[23, 55, 110, 157, 186, 225, 271, 313, 355, 396, 433, 494, 530, 567]","[1223.7335544088348, 1466.693375114103, 978.8666357301383, 697.2132751978769, 1053.2631245442258, 950.9092147583341, 1042.5359839685038, 835.9397096431678, 1219.2985371735629, 485.2457393296837, 927.850494052647, 1168.5786409304876, 1414.2111661523438, 1137.1733828312624]","[1, 1, 100, 151, 100, 222, 222, 300, 222, 375, 401, 222, 222, 550]","[51, 222, 151, 183, 203, 251, 285, 350, 401, 401, 449, 499, 550, 586]",137237098.13092664,1298.8350577005122,-1298.8350577005122,0.0,,,,SWT,txu.059172014718829,69011265.13092664,,0.0,-79.0,72.0,0.0,-65.5,,543.8350577005122,683.0931093935421,16347.487166164829,683.0931093935421,,0.0,683.0931093935421,,,482.2457393296837,0.0,-79.0,711.693375114103,543.8350577005122,,121.27678301015436,0.4172164148578722,0.330434776729844,0.5632802673993058,0.1693881782984095,0.45652173913043487,0.43386959573670025,2.6875442794960907e-11,0.613718724550727,0.7827214695980798,0.7827214695980798,0.7827214695980798,,0.5660272071321621,0.5500047957619556,0.7177431627013673,,,,,0.8,,0.1224992308811694,0.0,0.0,0.8410912528854056,0.8410912528854056,0.1911764705882353,2.561373933513627,0.8774952245576694,3,1.0459165473017298,0.6152450278245468,46,0,0.542251179012905,0.8992576690417405,3,0,0.33867299602563466,0.5926777430448605,47,25.11805459558257,0.7630372207963908,24.75,5.636324136432761,0.7647733273793275,22,coif,0.9937654673519892,0.5954621649402658,0.1257255233715278,4,17.5,,,0.458591057103765,0.011023190820564688,0.330434776729844,0.5632802673993058,0.4059959371332482,0.4468085106382978,0.44913992616877696,0.6171254573560273,,0.6208604696515131,0.8338308092529333,0.8338308092529333,0.8338308092529333,,0.0,0.7047245368885293,0.838025738326865,0.7775312156236475,,,,,0.9523809523809523,,0.5133223983444875,0.0,0.0,0.8689415844743106,0.8689415844743106,0.14689265536723164,3.11141535963041,0.8885218932532598,3,1.4290128003467235,0.7089546550574611,59,39.59797974644666,0.8132170766677045,31.0,5.709677419354839,0.8334953307866824,26,128.44117647058823,122.5,52.71316963643363,34,1.0,0.7202596862948154,0.08392209411155538,7,21.25
raw,sym16,1837767.4780234662,0.6705685618729097,144.70664669060028,8.780362158365246,598,1,False,False,127.06241399351177,,9.228978723442031,71508.30122002245,1.0,3.142927633013195e-06,0.31991243980856143,399.931304520587,,,,[],[],16,919.5968944947294,275.1855280406306,1418.0878763287706,"[23, 55, 110, 156, 186, 225, 258, 291, 321, 363, 395, 433, 494, 530, 561, 592]","[908.3501825091726, 1176.4053235352878, 890.3290020845171, 869.8515524021424, 770.4031631484086, 1241.5148692056275, 937.0184111000435, 981.0179041479723, 740.6394958422222, 982.1664917996984, 494.6032416058661, 844.0228852633473, 1418.0878763287706, 1129.8453804418232, 1054.10900446014, 275.1855280406306]","[1, 1, 100, 100, 181, 1, 250, 262, 314, 350, 384, 401, 401, 524, 550, 588]","[30, 100, 149, 201, 201, 401, 262, 401, 350, 401, 401, 449, 550, 550, 585, 597]",136658068.95458835,1220.5630492446003,-1220.5630492446003,0.0,,,,SWT,txu.059172014718829,68432235.95458835,,0.0,-73.5,70.0,0.0,-69.0,,465.5630492446003,559.7248014714737,16235.449688084329,559.7248014714736,,0.0,559.7248014714737,,,272.1855280406306,0.0,-78.0,663.0878763287706,465.5630492446003,,102.93130452058699,0.2805106434714388,0.3178438368854838,0.5545820720704223,0.16427576357860355,0.6086956521739132,0.40635540798775016,2.3610307306674914e-11,0.33246853619245403,0.46786627585946605,0.46786627585946605,0.4678662758594657,,0.0648681151858655,0.5321337241405343,0.630300617866428,,,,,0.4,,0.08786964643392352,0.07534246575342467,0.015625,0.632245821623328,0.632245821623328,0.13970588235294118,1.6283425126398932,0.5578501288274084,82,1.0403088370713445,0.6119463747478496,47,0,0.35331460419647337,0.5859293252003503,70,0,0.33318048231303177,0.5830658440478055,50,16.660832312142553,0.8428223366779004,62.25,59.034114532046644,0.6277790928672521,55,sym,1.0,1.0,0.0,5,42.5,,,0.331590693570717,0.009127933861972803,0.3178438368854838,0.5545820720704224,0.4023398428720284,0.5957446808510638,0.42236788322486246,0.6171254573547771,,0.34481016356158656,0.5930374246084559,0.5930374246084559,0.5930374246084557,,0.0,0.36373545785187933,0.8315931061478425,0.7086108775429732,,,,,0.8571428571428571,,0.4941162122097031,0.06179775280898875,0.011235955056179775,0.6966983832158606,0.6966983832158606,0.10734463276836159,2.486513351575962,0.7100696292134449,69,1.4254780564046041,0.7072010156417794,60,6.363961030678928,0.9699813158930239,64.5,64.18604651162791,0.832868016437078,27,99.42105263157895,110.0,57.971862503332275,38,0.7740590312511298,0.7921131623949381,0.22052472940572765,5,21.5
raw,db20,1825535.1264673027,0.6872909698996655,146.8164543799142,7.668444686607509,598,1,False,False,132.08325032892714,,9.235036709226303,71508.30122006465,1.0,3.112987970795753e-06,0.05192968880631938,419.491072997218,,,,[],[],17,915.3623315036675,588.5416873710319,1545.7441030748842,"[3, 37, 68, 103, 142, 172, 207, 240, 272, 305, 343, 395, 429, 465, 509, 544, 575]","[931.9611797838757, 940.2489387184328, 1287.0269585643723, 622.921540397899, 693.9335475914623, 984.9704430920175, 588.5416873710319, 886.4690707240574, 1157.870199846338, 985.4831589256903, 899.7387234701893, 998.6639421517925, 796.5764931274728, 920.9986549563838, 1545.7441030748842, 600.0681103678385, 719.9428833986103]","[1, 16, 64, 100, 116, 167, 194, 208, 167, 303, 312, 312, 414, 462, 462, 539, 563]","[16, 40, 462, 116, 146, 208, 208, 264, 462, 462, 364, 462, 462, 468, 515, 563, 593]",136679670.53723025,1329.6317999647904,-1329.6317999647904,0.0,,,,SWT,txu.059172014718829,68453837.53723025,,0.0,-77.5,69.0,0.0,-68.5,,574.6317999647904,555.4902384804118,15387.840364437652,555.4902384804118,,0.0,555.4902384804118,,,585.5416873710319,0.0,-73.0,790.7441030748842,574.6317999647904,,122.491072997218,0.508281518428565,0.18844238492582502,0.5651395330393779,0.1604452758155964,0.8260869565217392,0.17243477747325456,2.6875442794960907e-11,0.7520219503972371,0.45705900960603413,0.45705900960603413,0.45705900960603413,,0.5991990029848765,0.3969317614634514,0.8599574593691988,,,,,0.2,,0.08916155686065266,0.020547945205479465,0.09375,0.9232631435335553,0.9232631435335553,0.1470588235294118,2.0997314007435435,0.7193421674588315,15,1.0277509845202992,0.6045594026589994,49,0,0.4554522725496802,0.7553122331948707,12,0,0.34583292089017625,0.6052076115578083,46,19.70617500514327,0.8140926886307238,30.5,20.817363195566845,0.76317841978706,23,db,0.8936084142394821,0.6843627668132815,0.16916527998837808,3,18.0,,,0.5431910058942254,0.008830811307480424,0.18844238492582505,0.5651395330393778,0.3996005063558127,0.8085106382978722,0.19475683314614006,0.6171254573560273,,0.7566066821287798,0.5847722974272339,0.5847722974272339,0.584772297427234,,0.0,0.7272946554388697,0.7829276139934092,0.8896214735724979,,,,,0.8095238095238095,,0.49483272881021345,0.01685393258426965,0.06741573033707865,0.9367120375465421,0.9367120375465421,0.11299435028248589,2.9301354834074123,0.8367540897898523,7,1.4091991673336182,0.6991248149364818,65,41.012193308819754,0.8065462579772653,36.0,12.63888888888889,0.8183674686112742,28,118.36842105263158,113.5,63.686700255812326,76,0.9215768985091536,0.8701992891677452,0.0938363842932689,6,22.5
raw,rbio6.8,1954432.6018488114,0.6605351170568562,150.46278667768894,12.993010100311677,598,1,False,False,127.17291623729388,,9.258140672931388,71563.91185657913,1.0,3.0201970019724446e-06,0.8871029556571887,421.86911360921056,,,,[],[],15,871.937095272997,296.087312641931,1223.2883301643217,"[18, 54, 111, 141, 185, 224, 257, 292, 334, 364, 394, 434, 493, 531, 588]","[1044.6703553245952, 1073.9792252973834, 863.2474641549007, 296.087312641931, 898.8225690918174, 1223.2883301643217, 981.826944409525, 782.4840919767529, 784.0375337211174, 1016.6192063212669, 427.92348280509475, 723.2128860721887, 1177.8510118805066, 1028.492534335226, 756.5134808983266]","[0, 0, 99, 136, 150, 0, 250, 286, 315, 349, 385, 402, 349, 498, 547]","[49, 200, 200, 150, 200, 349, 349, 349, 349, 402, 402, 448, 498, 547, 597]",136134891.7383704,1098.656810991212,-1098.656810991212,0.0,,,,SWT,txu.059172014718829,67909058.73837039,,0.0,-60.5,71.0,0.0,-56.0,,343.65681099121207,512.0650022497412,17869.943570905045,512.0650022497412,,0.0,512.0650022497412,,,293.087312641931,0.0,-65.0,468.2883301643217,343.65681099121207,,124.86911360921056,0.28552359172737796,0.808098531256818,0.6054036082172795,0.20080874966315798,0.47826086956521746,0.9014528073276161,0.004302698567549359,0.3604539924578984,0.34623102309275655,0.34623102309275655,0.34623102309275655,,0.6641619678045372,0.7928514566806785,0.27985121450692835,,,,,0.6000000000000001,,0.05658036028004181,0.2534246575342466,0.21875,0.3069755059151652,0.3069755059151652,0.3308823529411765,1.7926507568646695,0.614140113579816,52,1.5272289253966762,0.8983699561156918,15,0,0.37211429166529353,0.6171063217404023,55,0,0.4691215509035738,0.8209627140812541,14,22.55363976538303,0.7872298135341224,34.0,22.791006545868512,0.7332375482764952,28,rbio,0.4375943905070118,0.6578235687825006,0.4963368560103415,1,21.25,,,0.3362477482394405,0.007909949559262885,0.808098531256818,0.6054036082172793,0.42846605682167305,0.4680851063829787,0.9041109372989592,0.618772851091967,,0.37227821189690397,0.5000138226852886,0.5000138226852886,0.5000138226852886,,0.0,0.7714955128139567,0.9254375779012449,0.4323941754181684,,,,,0.9047619047619048,,0.47676261517733165,0.20786516853932582,0.15730337078651685,0.4284349114542268,0.4284349114542268,0.2542372881355932,2.4853838826873376,0.7097470885946924,70,1.9014288185227401,0.9433273178693931,14,39.59797974644666,0.8132170766677045,42.0,23.333333333333332,0.8075519345602673,29,87.36666666666666,69.5,73.18633909333803,30,0.6802076177391039,1.0,0.22385466758262726,4,22.75
raw,db18,1826100.6599008583,0.6889632107023411,148.25845881187064,7.606237354993411,598,1,False,False,130.45199181382114,,9.23460803841343,71508.30122006465,1.0,3.1151384055003677e-06,0.035901109456354344,427.770514443821,,,,[],[],16,910.8995938522047,478.9363470543524,1559.481383964201,"[20, 67, 96, 140, 183, 238, 272, 307, 341, 371, 407, 436, 469, 499, 540, 575]","[931.5056672654207, 1068.5501174353258, 631.8787204877465, 916.990829254468, 972.1790991034147, 1050.1072524182086, 872.7457248576366, 924.2492220269583, 744.1865618116892, 921.3850562058017, 1036.801053720596, 478.9363470543524, 850.0989338595716, 1559.481383964201, 729.1889649042281, 886.1085672656562]","[12, 62, 88, 111, 111, 212, 262, 276, 322, 363, 363, 413, 413, 363, 522, 562]","[62, 363, 111, 164, 212, 363, 276, 363, 363, 396, 413, 440, 470, 510, 562, 597]",136735526.5837761,1264.013678319241,-1264.013678319241,0.0,,,,SWT,txu.059172014718829,68509693.58377609,,0.0,-73.5,70.0,0.0,-78.0,,509.0136783192411,551.0275008289489,16374.606498364725,551.0275008289489,,0.0,551.0275008289489,,,475.9363470543524,0.0,-78.0,804.4813839642011,509.0136783192411,,130.770514443821,0.43427926971033076,0.18120289167397863,0.564392473614579,0.1606223692294719,0.8478260869565218,0.15844352104435075,2.6875442794960907e-11,0.6052710620687477,0.44566940597506294,0.44566940597506294,0.4456694059750629,,0.8253755706640307,0.5543305940249371,0.8846711816864921,,,,,0.4,,0.09250209954794927,0.07534246575342467,0.015625,0.7481808224839905,0.7481808224839905,0.00735294117647059,2.230963170764118,0.764300558733368,7,1.004020780550611,0.5906004591474181,51,0,0.44956005555823025,0.7455407075213538,14,0,0.33525237317944406,0.586691653064027,48,22.73030282830976,0.7855631808650023,30.0,15.703092783505156,0.751272156470237,24,db,0.8936084142394821,0.6843627668132815,0.16916527998837808,3,18.75,,,0.47444253687083593,0.008852152318212791,0.18120289167397863,0.5643924736145789,0.3997271530090393,0.8297872340425532,0.18114296522564416,0.6171254573560273,,0.6125689914217309,0.576061813170978,0.576061813170978,0.576061813170978,,0.0,0.8811853874478777,0.8395827948759004,0.9091002993609623,,,,,0.8571428571428571,,0.496685453457867,0.06179775280898875,0.011235955056179775,0.7923146270832344,0.7923146270832344,0.005649717514124297,2.9337196048314818,0.8377776015956635,6,1.386992217722601,0.6881076146024211,70,45.254833995939045,0.7865338019059479,38.0,11.052631578947368,0.80364425944354,30,118.36842105263158,113.5,63.686700255812326,76,0.9215768985091536,0.8701992891677452,0.0938363842932689,6,24.0
raw,db7,1839872.4548619585,0.6722408026755853,143.732660821377,7.887091554103867,598,1,False,False,131.99451599376718,,9.233594032884453,71508.30122006465,1.0,3.074725434796083e-06,0.09559250367304517,410.61237980159353,,,,[],[],15,950.8450993764254,413.7500637313035,1284.7022872744874,"[26, 59, 94, 131, 183, 230, 262, 316, 360, 400, 448, 491, 520, 566, 595]","[1218.0063501422537, 1020.436390990955, 562.7719471803144, 907.5696180385391, 1000.295427336066, 1163.9343679639408, 1266.1182310713134, 940.6041873050287, 1028.229968732053, 668.4472387699191, 910.6894632489477, 1121.487999816829, 1284.7022872744874, 755.63294904443, 413.7500637313035]","[6, 53, 89, 104, 53, 53, 53, 303, 353, 398, 405, 405, 405, 554, 589]","[405, 155, 104, 155, 205, 254, 405, 353, 405, 405, 477, 504, 554, 589, 596]",135907646.7437226,1161.5825774789355,-1161.5825774789355,0.0,,,,SWT,txu.059172014718829,67681813.74372259,,0.0,-60.5,71.0,0.0,-65.0,,406.5825774789355,590.9730063531697,16686.32350935362,590.9730063531696,,0.0,590.9730063531697,,,410.7500637313035,0.0,-69.5,529.7022872744874,406.5825774789355,,113.61237980159353,0.5042560740985916,0.2138878184576261,0.5626253311722376,0.1649349244917148,0.6304347826086958,0.21054780208197924,2.6875442794960907e-11,0.5179929699899235,0.5476165761410048,0.5476165761410048,0.5476165761410045,,0.3566521638757565,0.6040525006979464,0.3903365059307302,,,,,0.6000000000000001,,0.042989681167574366,0.2534246575342466,0.1484375,0.474874082927249,0.474874082927249,0.1985294117647059,1.8551099666371504,0.635537871083272,44,0.9797826750231495,0.5763427500136173,53,0,0.4075009489455997,0.6757907915445882,27,0,0.3266695332768173,0.5716716832344302,54,12.503332889007368,0.8820440293489871,44.5,41.173124080431585,0.7311163542971351,30,db,0.8936084142394821,0.6843627668132815,0.16916527998837808,3,23.25,,,0.5394513474430578,0.008451092179221464,0.21388781845762614,0.5626253311722376,0.4028112354651039,0.6170212765957446,0.23184182874395434,0.6171254573560273,,0.5269045366743693,0.6540284614822109,0.6540284614822109,0.6540284614822108,,0.0,0.5622655766090837,0.8574800281052591,0.519476312062797,,,,,0.9047619047619048,,0.4692249817665174,0.20786516853932582,0.10674157303370786,0.5669076001625044,0.5669076001625044,0.15254237288135591,2.601557376311468,0.7429225668159669,40,1.3618171313582208,0.67561787716608,78,26.870057685088806,0.8732544448816566,59.0,52.881355932203384,0.7974762790446019,31,118.36842105263158,113.5,63.686700255812326,76,0.9215768985091536,0.8701992891677452,0.0938363842932689,6,24.75
raw,db14,1829851.1666492112,0.697324414715719,149.2197062690088,7.596369966112054,598,1,False,False,130.85272841372654,,9.233880869825933,71508.30122006465,1.0,3.1150833952384347e-06,0.035997198564185935,404.2834034103138,,,,[],[],15,862.1534681711798,166.0762261884878,1408.4939507421905,"[15, 45, 91, 138, 176, 235, 279, 317, 355, 399, 433, 471, 503, 539, 576]","[166.0762261884878, 1180.5408610931988, 646.1937462045755, 702.0464672383534, 1099.4850875947016, 894.1375995923511, 1206.4830374975209, 1204.1037412494438, 926.9306641267495, 684.5421377333687, 499.4416682493164, 898.41954181028, 1408.4939507421905, 503.20202369056733, 912.2052695565934]","[11, 11, 76, 108, 108, 212, 108, 310, 340, 393, 430, 458, 410, 535, 560]","[16, 410, 108, 141, 212, 258, 410, 410, 410, 410, 436, 472, 560, 560, 589]",136878415.36964276,1193.4279251365526,-1193.4279251365526,0.0,,,,SWT,txu.059172014718829,68652582.36964276,,0.0,-78.5,71.0,0.0,-65.0,,438.42792513655263,502.28137514792405,18016.697977432304,502.28137514792405,,0.0,502.28137514792405,,,163.0762261884878,0.0,-74.0,653.4939507421905,438.42792513655263,,107.28340341031378,0.4524587362155352,0.18005455604590387,0.563125211812763,0.16179681799663498,0.956521739130435,0.15852739668412785,2.6875442794960907e-11,0.18638179511359268,0.3212616783842689,0.3212616783842689,0.32126167838426894,,0.18375811464138792,0.8162602173448861,0.6130408985093095,,,,,0.6000000000000001,,0.10104774712313067,0.00684931506849315,0.078125,0.5598438632669474,0.5598438632669474,0.1985294117647059,1.7142443970558467,0.5872790585003601,63,1.052251023733477,0.618971190431457,45,0,0.34767609008944356,0.5765785349227216,75,0,0.3532120654160394,0.6181211144780688,43,15.264337522473747,0.8559968158257194,56.5,53.55871886120996,0.6614889739505956,40,db,0.8936084142394821,0.6843627668132815,0.16916527998837808,3,30.75,,,0.4913313545965443,0.008851606393899092,0.18005455604590387,0.563125211812763,0.4005670487594929,0.9361702127659572,0.1812245784737091,0.6171254573560273,,0.201424341045698,0.4809178917802935,0.4809178917802935,0.48091789178029354,,0.0,0.444628316172707,0.9338634826432484,0.6950071369894977,,,,,0.9047619047619048,,0.501425022256945,0.005617977528089874,0.056179775280898875,0.6369855850506252,0.6369855850506252,0.15254237288135591,2.4341026297293546,0.6951027834473272,81,1.433741851649081,0.7113008082437716,57,16.97056274847714,0.9199501757147305,69.0,66.91304347826087,0.7972392388007614,32,118.36842105263158,113.5,63.686700255812326,76,0.9215768985091536,0.8701992891677452,0.0938363842932689,6,25.5
raw,db15,1828210.7906090561,0.6839464882943144,144.65467634011873,7.428947948877928,598,1,False,False,131.79972470766762,,9.234737540125938,71508.30122006463,1.0,3.1455478214793617e-06,-0.02832206195247647,419.11116341874174,,,,[],[],16,868.8668709785888,432.54433801765725,1338.039993083095,"[8, 46, 101, 139, 177, 207, 236, 281, 318, 365, 398, 434, 470, 504, 540, 578]","[674.3391274932974, 1162.6617359073375, 813.6166610705699, 474.6205901798199, 1050.729212298845, 432.54433801765725, 907.0478748255124, 1226.7773980600377, 523.9659514298183, 1338.039993083095, 829.1385220988286, 464.29475227131456, 944.5774468292682, 1252.5486125706534, 1001.2230680013557, 805.7446515200099]","[7, 10, 95, 134, 110, 205, 213, 213, 309, 309, 395, 411, 411, 501, 520, 559]","[10, 559, 110, 142, 213, 213, 272, 309, 341, 559, 411, 437, 482, 559, 559, 590]",136058720.62442183,1094.3860916437468,-1094.3860916437468,0.0,,,,SWT,txu.059172014718829,67832887.62442183,,0.0,-78.0,70.0,0.0,-69.0,,339.3860916437468,508.99477795533306,17047.13006434258,508.99477795533295,,0.0,508.99477795533306,,,429.54433801765725,0.0,-78.0,583.0399930830949,339.3860916437468,,122.11116341874174,0.4954193427843354,0.1605705091895639,0.5646181607198143,0.1612831440460708,0.7826086956521741,0.10238347727881547,2.687431688617184e-11,0.5431566749612586,0.33839533107980047,0.33839533107980047,0.3383953310798002,,0.5888206888144866,0.6616046689201998,0.48629241314527366,,,,,0.4,,0.052024848864186714,0.013698630136986314,0.015625,0.29558036937126175,0.29558036937126175,0.13970588235294118,1.670979797565063,0.5724571385343502,70,0.9619156299151269,0.5658327234794863,56,0,0.3219482527983757,0.5339120440282864,93,0,0.3238404756710927,0.5667208324244122,58,16.99754884289693,0.8396457656330478,69.25,66.51487459538018,0.5931719394202974,63,db,0.8936084142394821,0.6843627668132815,0.16916527998837808,3,48.0,,,0.5312419786799641,0.009153936730163625,0.1605705091895639,0.5646181607198143,0.40019969976968583,0.7659574468085106,0.12659503843155184,0.6171254573560269,,0.551603003545598,0.4940212812301911,0.4940212812301911,0.49402128123019096,,0.0,0.7202332415130628,0.8781957376677021,0.5951066997481937,,,,,0.8571428571428571,,0.4742360471694096,0.011235955056179775,0.011235955056179775,0.4190368854345143,0.4190368854345143,0.10734463276836159,2.478173931815892,0.7076881544897579,72,1.3447411874199624,0.6671462456022541,84,8.48528137423857,0.9599750878573652,78.0,77.53846153846155,0.7960252797777392,33,118.36842105263158,113.5,63.686700255812326,76,0.9215768985091536,0.8701992891677452,0.0938363842932689,6,26.25
raw,dmey,1834051.0710242342,0.6605351170568562,139.92854883791384,13.072700991287078,598,1,False,False,128.19229632088644,,9.224412187505822,71512.02001341236,1.0,3.108507961339284e-06,0.89694011287335,417.9241668674474,,,,[],[],15,869.7559258152477,41.552194316502096,1302.7556135155912,"[18, 54, 111, 155, 185, 224, 257, 291, 334, 364, 408, 452, 493, 529, 588]","[1043.9435069497085, 1122.220190812522, 825.4342700981517, 41.552194316502096, 870.218559515738, 1302.7556135155912, 1028.1248514946305, 822.4012322540277, 798.1116212718279, 947.8556217259558, 852.6065344215618, 501.1685316384433, 1185.1074615530063, 979.1288825647022, 725.709815096346]","[0, 0, 99, 150, 150, 0, 250, 267, 299, 349, 399, 448, 349, 523, 569]","[49, 200, 150, 156, 200, 349, 349, 349, 349, 409, 409, 453, 498, 569, 597]",136626455.20442954,1137.5911735258553,-1137.5911735258553,0.0,,,,SWT,txu.059172014718829,68400622.20442954,,0.0,-56.0,71.0,0.0,-56.0,,382.5911735258553,509.8838327919919,17902.661112771282,510.74994588931116,,0.0,509.8838327919919,,,38.552194316502096,0.0,-60.5,547.7556135155912,382.5911735258553,,120.92416686744741,0.3317678980625572,0.8173727060603438,0.5466238122417129,0.16311199294402434,0.47826086956521746,0.910039606328181,0.00028772999569348336,0.01965623007579015,0.3406643379062319,0.3406643379062319,0.34287479383003594,,0.5563944910389234,0.7980702240430451,0.42281490505650743,,,,,0.6000000000000001,,0.08597894545449779,0.31506849315068497,0.2890625,0.4108602010299166,0.4108602010299166,0.3308823529411765,1.7757208430272442,0.608340133205949,56,1.5002571780034788,0.8825042223549875,18,0,0.37598942953306863,0.6235327668659515,52,0,0.4639235164568186,0.8118661537994325,17,21.140403654298247,0.8005622296764316,35.75,26.408393100586803,0.7316490393665177,29,dmey,0.4457928802588997,,,6,23.25,,,0.37920894626596535,0.008786351492129585,0.817372706060344,0.5466238122417129,0.401507583485485,0.4680851063829787,0.912466123128592,0.6172356218362465,,0.03778127459885011,0.49575656095364207,0.49575656095364207,0.49744706240981973,,0.0,0.6981704285384268,0.9273160556770126,0.5450750895491224,,,,,0.9047619047619048,,0.49306759567226277,0.2584269662921348,0.20786516853932585,0.5141127849906058,0.5141127849906058,0.2542372881355932,2.454863569404467,0.7010314516878925,75,1.8800026513663606,0.9326974754062122,17,41.012193308819754,0.8065462579772653,46.0,27.717391304347824,0.7947825629508968,34,69.0,69.0,49.49747468305833,2,0.537210899931303,0.676321227380042,0.42105600183407527,2,26.0
raw,db24,1826082.502053298,0.6806020066889632,143.33991964598326,7.687948371809394,598,1,False,False,131.74200240596235,,9.235156289127325,71508.30122006465,1.0,3.1227062986050093e-06,0.05667373588874353,424.80698396447616,,,,[],[],16,918.2466259143807,309.30740573230867,1501.6071693153835,"[1, 39, 71, 122, 159, 191, 243, 287, 324, 358, 387, 427, 459, 512, 543, 584]","[935.4986742518192, 1134.761050537481, 1103.927490910524, 670.6517706266486, 893.3372487079758, 1022.860183590228, 1321.8016109487787, 922.0589025570747, 604.028424369325, 1027.3072845742406, 963.8330334094268, 309.30740573230867, 1050.625922790475, 1501.6071693153835, 567.9753077954647, 662.3645345129366]","[0, 0, 68, 117, 117, 169, 169, 267, 318, 318, 368, 418, 318, 466, 542, 567]","[19, 466, 169, 135, 169, 239, 466, 318, 344, 368, 418, 428, 466, 567, 567, 587]",136650079.89488184,1202.645091184451,-1202.645091184451,0.0,,,,SWT,txu.059172014718829,68424246.89488184,,0.0,-69.0,70.0,0.0,-73.5,,447.6450911844511,558.374532891125,16257.053985369908,558.3745328911249,,0.0,558.374532891125,,,306.30740573230867,0.0,-64.5,746.6071693153835,447.6450911844511,,127.80698396447616,0.49280076327175293,0.1907121623578663,0.5653479290612009,0.1606166832080587,0.7391304347826089,0.17657582939006927,2.6875442794960907e-11,0.3781544110615256,0.4644201795108526,0.4644201795108526,0.4644201795108523,,0.7444182794803618,0.5355798204891477,0.7805539781666453,,,,,0.4,,0.08739185044528232,0.13698630136986303,0.2265625,0.5844371125812511,0.5844371125812511,0.0735294117647059,2.0502320566913714,0.7023843006451662,21,0.991532338210697,0.5832543165945275,52,0,0.42323652260518513,0.7018863277791284,24,0,0.3321691145854904,0.5812959505246081,52,17.075811352124187,0.8389074400743002,37.25,31.31182795698925,0.7437461728673388,25,db,0.8936084142394821,0.6843627668132815,0.16916527998837808,3,19.5,,,0.5288093048676925,0.008927256429777097,0.1907121623578663,0.5653479290612009,0.3997230867054632,0.7234042553191489,0.19878618777443263,0.6171254573560273,,0.3896513770562701,0.5904019362312736,0.5904019362312736,0.5904019362312733,,0.0,0.8261019765996128,0.8328335169488117,0.8270373529983239,,,,,0.8571428571428571,,0.4938512180193664,0.11235955056179774,0.16292134831460675,0.6572686238781643,0.6572686238781643,0.056497175141242945,2.7827613053323823,0.7946686821587018,12,1.3740101338671364,0.6816670083465185,75,44.54772721475249,0.7898692112511675,43.5,20.689655172413794,0.7923402660029422,35,118.36842105263158,113.5,63.686700255812326,76,0.9215768985091536,0.8701992891677452,0.0938363842932689,6,27.75
raw,coif1,1869513.623779555,0.6822742474916388,150.6491217399002,13.357340580466479,598,1,False,False,124.49509152756268,,9.240769786260934,71508.30122006465,1.0,2.8037046192816726e-06,0.9108225639525521,418.9558561762119,,,,[],[],14,879.1891737041295,414.1026420917967,1126.02753780794,"[18, 56, 111, 157, 187, 224, 257, 313, 364, 394, 434, 487, 531, 588]","[969.3882629510397, 1077.5648564212631, 830.440961190493, 759.5621843168395, 861.0018632092422, 1109.9133968159026, 919.3973374945967, 801.1653659533654, 943.3124317060879, 414.1026420917967, 711.7987510284412, 1126.02753780794, 1032.1962166335852, 752.7766242372184]","[0, 0, 101, 150, 150, 200, 250, 299, 349, 385, 402, 402, 498, 551]","[49, 200, 150, 182, 200, 402, 402, 349, 402, 402, 448, 551, 551, 597]",135501245.44305885,1044.8217947716191,-1044.8217947716191,0.0,,,,SWT,txu.059172014718829,67275412.44305885,,0.0,-56.5,72.0,0.0,-56.5,,289.8217947716191,519.3170806808737,18640.351568142185,519.3170806808736,,0.0,519.3170806808737,,,411.1026420917967,0.0,-61.0,371.02753780794,289.8217947716191,,121.95585617621191,0.16404373531082167,0.8504981646132969,0.5751307643133545,0.17421687933897162,0.7608695652173915,0.9221575195050125,2.6875442794960907e-11,0.5184650381159682,0.3647394601289867,0.3647394601289867,0.36473946012898645,,0.5845780283309676,0.9157390540474117,0.10487654273437841,,,,,0.8,,0.01868432880207735,0.3082191780821918,0.28125,0.16333287553964898,0.16333287553964898,0.3235294117647059,1.804729952885316,0.6182782976559198,51,1.6073966750870992,0.9455274559335877,6,0,0.3768732652388544,0.624998500952593,51,0,0.4924166611893892,0.8617291570814309,10,24.879710609249457,0.7652857489693448,29.5,13.076923076923077,0.743491931088446,26,coif,0.9937654673519892,0.5954621649402658,0.1257255233715278,4,20.5,,,0.22339233789078727,0.005761469415898612,0.850498164613297,0.5751307643133545,0.40944913628298685,0.7446808510638296,0.924257177799037,0.6171254573560273,,0.5273678769887371,0.5141686128461679,0.5141686128461679,0.5141686128461677,,0.0,0.7173465316554767,0.9696705556414538,0.29448289256514865,,,,,0.9523809523809523,,0.45574479916962857,0.2528089887640449,0.20224719101123595,0.30996707453029904,0.30996707453029904,0.2485875706214689,2.4397468470403485,0.6967145935309841,78,1.9857603857457125,0.98516547154899,2,53.74011537017761,0.7465088897633132,40.0,3.9000000000000004,0.7789148222401472,36,128.44117647058823,122.5,52.71316963643363,34,1.0,0.7202596862948154,0.08392209411155538,7,28.75
raw,db19,1825917.9871231571,0.677257525083612,142.14685894155622,7.49707657804273,598,1,False,False,132.52123094454748,,9.235002708549619,71508.30122006465,1.0,3.136950108671169e-06,-0.00572102977768474,409.21670460782275,,,,[],[],15,943.9378802797218,425.5952290170837,1224.7261816895125,"[10, 42, 95, 141, 173, 220, 252, 284, 342, 396, 430, 464, 506, 542, 574]","[813.3615341193838, 1156.9750634099346, 1097.8254873238898, 608.2196881614607, 1048.4145776459045, 1224.7261816895125, 479.29939898816156, 1181.5791743734278, 979.0337582288203, 953.2859705632179, 425.5952290170837, 975.4428933048295, 1202.8249506260527, 1082.917958676313, 929.5663380678327]","[0, 0, 63, 138, 63, 63, 247, 275, 313, 365, 425, 463, 463, 511, 563]","[15, 511, 163, 145, 195, 511, 253, 511, 463, 463, 434, 467, 511, 563, 594]",136198586.3004939,1021.9533011149013,-1021.9533011149013,0.0,,,,SWT,txu.059172014718829,67972753.3004939,,0.0,-78.5,71.0,0.0,-56.0,,266.95330111490125,584.0657872564659,16789.931795804172,584.0657872564658,,0.0,584.0657872564659,,,422.5952290170837,0.0,-74.0,469.7261816895125,266.95330111490125,,112.21670460782275,0.5281505644140789,0.16849910439367569,0.5650802788862979,0.16056516634117962,0.6956521739130436,0.12211179067523051,2.6875442794960907e-11,0.5338524940155197,0.5299882739982735,0.5299882739982735,0.5299882739982732,,0.3185253135371348,0.6205790339567561,0.28243794645289133,,,,,0.6000000000000001,,0.06038969547077441,0.00684931506849315,0.078125,0.10231514373145745,0.10231514373145745,0.3308823529411765,1.633711149099548,0.5596893576858324,80,0.9494729404202277,0.5585134943648398,63,0,0.33044544720717733,0.5480036081100155,90,0,0.32000843980719745,0.5600147696625954,61,13.916417163432069,0.8687130456279993,73.5,71.58507480062868,0.5876584096064525,66,db,0.8936084142394821,0.6843627668132815,0.16916527998837808,3,50.25,,,0.5616494516322781,0.009068612641541351,0.1684991043936757,0.5650802788862979,0.39968624491314475,0.6808510638297871,0.14579121671887862,0.6171254573560273,,0.5424708425576187,0.640546776495278,0.640546776495278,0.6405467764952778,,0.0,0.5363240347066015,0.8634286982186326,0.43443298204915526,,,,,0.9047619047619048,,0.47887534052159475,0.005617977528089874,0.056179775280898875,0.2596433044738513,0.2596433044738513,0.2542372881355932,2.4185531959633475,0.6906623565894905,83,1.33220523897995,0.660926973808502,92,6.363961030678928,0.9699813158930239,87.5,87.26857142857143,0.7786227334182101,37,118.36842105263158,113.5,63.686700255812326,76,0.9215768985091536,0.8701992891677452,0.0938363842932689,6,29.25
raw,db10,1835260.3240835508,0.7006688963210702,147.26500160786492,7.289523979897212,598,1,False,False,133.60425871885954,,9.233012477871082,71508.30122006465,1.0,3.1134859614359913e-06,-0.050568960284386476,413.3866811283394,,,,[],[],15,883.4591318261647,290.92236283087334,1286.2111919673096,"[30, 60, 111, 146, 180, 217, 250, 297, 327, 361, 413, 448, 488, 527, 573]","[845.3828013728503, 1174.200394649092, 717.7511558472256, 875.5754541258499, 1157.0752707724562, 963.4380876629609, 1039.1733795674947, 892.3057722698504, 290.92236283087334, 1118.8797690007987, 922.3860965305577, 404.6321267277837, 573.7663215974226, 1286.2111919673096, 990.1867924699458]","[7, 54, 105, 105, 105, 207, 207, 279, 320, 358, 406, 446, 476, 105, 556]","[45, 105, 129, 159, 504, 228, 504, 358, 329, 504, 476, 455, 496, 556, 591]",136954665.40715528,1056.656847453617,-1056.656847453617,0.0,,,,SWT,txu.059172014718829,68728832.40715528,,0.0,-78.5,71.0,0.0,-78.5,,301.65684745361705,523.5870388029089,17697.11302260753,523.5870388029089,,0.0,523.5870388029089,,,287.92236283087334,0.0,-74.0,531.2111919673096,301.65684745361705,,116.38668112833938,0.5772822562834015,0.14434478697336156,0.561611835173138,0.16349066331045586,1.0000000000000002,0.08296428531467025,2.6875442794960907e-11,0.3535386271047612,0.3756370602858959,0.3756370602858959,0.37563706028589594,,0.4324401208095601,0.7652832968121104,0.3930510643562384,,,,,0.6000000000000001,,0.10560797866421369,0.00684931506849315,0.078125,0.19491117192095997,0.19491117192095997,0.0,1.618788072985029,0.55457689524727,83,1.0555285124474525,0.6208991249690896,44,0,0.3036877805367847,0.5036292703670993,98,0,0.3613848324402719,0.6324234567704757,41,28.407745422683583,0.7320024016727964,66.5,57.661987161980285,0.5523219555533794,79,db,0.8936084142394821,0.6843627668132815,0.16916527998837808,3,60.0,,,0.6072930456452876,0.008835753388993173,0.14434478697336156,0.561611835173138,0.4017783859593611,0.978723404255319,0.10769964359220924,0.6171254573560273,,0.36549070098499864,0.5225028251395271,0.5225028251395271,0.5225028251395271,,0.0,0.6138317679687253,0.9155145113922158,0.5216158687829144,,,,,0.9047619047619048,,0.5039542081306357,0.005617977528089874,0.056179775280898875,0.3360109617541455,0.3360109617541455,0.0,2.3598468529456387,0.6738976803842969,88,1.434560024541973,0.711706716071131,55,23.33452377915607,0.8899314916077544,71.5,67.6923076923077,0.776333670332179,38,118.36842105263158,113.5,63.686700255812326,76,0.9215768985091536,0.8701992891677452,0.0938363842932689,6,30.0
raw,sym20,1834902.2207831817,0.6538461538461539,141.66689968581386,8.756227726215549,598,1,False,False,127.1425879705815,,9.228345758899192,71508.3012197173,1.0,3.1352192339388876e-06,0.3145053069176591,399.27508698383997,,,,[],[],16,929.4451479341792,283.6061544656925,1414.6583620634415,"[23, 55, 110, 156, 186, 225, 258, 291, 321, 355, 395, 433, 494, 530, 561, 592]","[1031.0015472436487, 1185.373336797775, 885.2410698379358, 874.5945556099272, 767.307679578998, 1244.3932500387982, 934.1411810597081, 978.295029576759, 743.829983151711, 983.7279091497638, 507.41113298808574, 844.5643499656587, 1414.6583620634415, 1134.5355295352128, 1058.4412958837524, 283.6061544656925]","[1, 1, 100, 100, 181, 1, 250, 262, 314, 350, 384, 401, 401, 524, 550, 588]","[50, 100, 149, 201, 201, 401, 262, 401, 350, 401, 401, 449, 550, 550, 585, 597]",136640346.12595588,1220.620430744294,-1220.620430744294,0.0,,,,SWT,txu.059172014718829,68414513.12595588,,0.0,-73.5,70.0,0.0,-69.0,,465.620430744294,569.5730549109235,16077.877633053133,569.5730549109235,,0.0,569.5730549109235,,,280.6061544656925,0.0,-78.0,659.6583620634415,465.620430744294,,102.27508698383997,0.28414774607467574,0.3150351477141051,0.5534789829094816,0.16337852540273973,0.39130434782608703,0.40163555221201425,0.0,0.34374293582106535,0.49300055707716484,0.49300055707716484,0.49300055707716484,,0.04694166071794892,0.5069994429228355,0.6241308333275931,,,,,0.4,,0.08680970987830207,0.07534246575342467,0.015625,0.6323989269835508,0.6323989269835508,0.13970588235294118,1.6292616993784585,0.5581650309051622,81,0.949870126622217,0.5587471333071864,62,0,0.3559355325694792,0.590275816329655,66,0,0.30128290030558624,0.5272450755347758,72,8.261355820929152,0.9220626809346306,70.25,69.54693524274137,0.6296634159390134,53,sym,1.0,1.0,0.0,5,41.0,,,0.334969580563808,0.00905143536284575,0.3150351477141051,0.5534789829094816,0.4016981916122011,0.38297872340425526,0.41777533691130075,0.6171254573457374,,0.3558761169272556,0.6122594948343013,0.6122594948343013,0.6122594948343013,,0.0,0.3515382827479258,0.8225461060807749,0.703747985719501,,,,,0.8571428571428571,,0.49352835246193916,0.06179775280898875,0.011235955056179775,0.6968246553455177,0.6968246553455177,0.10734463276836159,2.493836046269658,0.7121607593908478,65,1.336967787731818,0.6632897455812641,90,17.67766952966369,0.9166147663695109,77.5,75.48387096774192,0.7755243643168309,39,99.42105263157895,110.0,57.971862503332275,38,0.7740590312511298,0.7921131623949381,0.22052472940572765,5,30.5
raw,db23,1824631.60881238,0.677257525083612,144.667084478516,7.300529237966156,598,1,False,False,134.9903462182025,,9.235494018954828,71508.30122006466,1.0,3.130748294309951e-06,-0.06208670381891394,425.1011625717289,,,,[],[],17,932.6360250111255,34.9918112419881,1349.5859194211637,"[6, 38, 70, 106, 144, 174, 208, 241, 275, 310, 344, 388, 431, 462, 494, 537, 583]","[546.705613528658, 1209.8827293617155, 1055.4002324588816, 502.9445301406574, 1111.4869737939907, 34.9918112419881, 1153.3147080220026, 1326.47492086905, 1090.8739009428136, 665.4017201972734, 904.8515881976782, 971.5543318170812, 468.9395380837982, 999.8292336847112, 1347.2638888205552, 1349.5859194211637, 1115.3107846071143]","[3, 16, 66, 104, 115, 172, 170, 170, 266, 300, 316, 367, 417, 417, 465, 465, 465]","[7, 465, 170, 115, 170, 179, 217, 465, 465, 316, 367, 465, 438, 465, 507, 566, 596]",136256609.6679273,1084.2436250841274,-1084.2436250841274,0.0,,,,SWT,txu.059172014718829,68030776.6679273,,0.0,-73.0,69.0,0.0,-68.5,,329.2436250841274,572.7639319878697,15094.187574810867,573.282601478491,,0.0,572.7639319878697,,,31.991811241988103,0.0,-73.0,594.5859194211637,329.2436250841274,,128.10116257172888,0.6401622908835256,0.1456255442323161,0.5659365024911973,0.1601623446633194,0.6956521739130436,0.07291051200416948,2.687656870374997e-11,0.0108725153299713,0.5011441738388752,0.5011441738388752,0.5024678994026482,,0.7524546075469553,0.3500912744660576,0.5070638321556294,,,,,0.2,,0.0638598575706451,0.08219178082191782,0.09375,0.2685182325423847,0.2685182325423847,0.1470588235294118,1.5258366503977827,0.5227328804515614,88,0.9498985117593415,0.5587638304466714,61,0,0.30350967168469695,0.5033338984852793,99,0,0.32577848117349256,0.5701123420536119,55,21.12463017427761,0.8007110360917207,75.75,71.377705547758,0.5430441972911433,85,db,0.8936084142394821,0.6843627668132815,0.16916527998837808,3,64.5,,,0.665708920646004,0.009007065556871252,0.1456255442323161,0.5659365024911973,0.3993981708609725,0.6808510638297871,0.09791705239696735,0.6171254573560276,,0.0291599571933623,0.6184875294428955,0.6184875294428955,0.6194998816771291,,0.0,0.8315699011575051,0.7660675380940235,0.6114782866377494,,,,,0.8095238095238095,,0.4807999544108986,0.06741573033707865,0.06741573033707865,0.3967176560784715,0.3967176560784715,0.11299435028248589,2.4292269118417984,0.6937104325112777,82,1.33081488850945,0.6602372001143944,93,7.7781745930520225,0.9633104972025848,87.5,87.1542857142857,0.7752873240729905,40,118.36842105263158,113.5,63.686700255812326,76,0.9215768985091536,0.8701992891677452,0.0938363842932689,6,31.5
raw,db17,1825075.0883815943,0.6739130434782609,149.39447431053722,7.594836172388818,598,1,False,False,133.543430633296,,9.234969996530625,71508.30122006465,1.0,3.1232680785074056e-06,0.020646388390618588,434.1628332974901,,,,[],[],17,886.3529266632411,314.19154932124445,1296.7429212837858,"[3, 34, 66, 102, 153, 196, 236, 271, 304, 333, 366, 406, 440, 470, 505, 541, 573]","[341.6576005594286, 895.7932098032695, 1296.7429212837858, 766.3931983238537, 925.5488748170875, 1014.3208744152051, 825.0684567471673, 1129.588702549686, 813.0974200541898, 360.5305138303611, 1039.5645584435788, 940.7490161923429, 314.19154932124445, 793.9119763100298, 1280.9378314263952, 1236.228318500594, 1093.6747306968798]","[2, 13, 13, 96, 110, 165, 233, 213, 285, 310, 364, 397, 433, 469, 213, 511, 561]","[4, 43, 511, 165, 165, 213, 261, 469, 364, 337, 469, 469, 441, 482, 511, 561, 596]",136132802.36942518,1163.3313530090797,-1163.3313530090797,0.0,,,,SWT,txu.059172014718829,67906969.36942518,,0.0,-73.0,69.0,0.0,-59.5,,408.33135300907975,526.4808336399853,15881.000246724901,526.4808336399852,,0.0,526.4808336399853,,,311.19154932124445,0.0,-68.5,541.7429212837858,408.33135300907975,,137.16283329749012,0.5745227824935375,0.179876057965035,0.5650232705214645,0.16030121763923247,0.6521739130434784,0.14512776114311066,2.6875442794960907e-11,0.3846938041999377,0.383022476762898,0.383022476762898,0.38302247676289775,,1.0,0.4755955776092835,0.41199791678980136,,,,,0.2,,0.05645540288361629,0.08219178082191782,0.1640625,0.4795401670993354,0.4795401670993354,0.27941176470588236,1.7844766668510423,0.6113397708191544,54,0.9618653832928165,0.5658031666428331,57,0,0.36875403653555755,0.6115337470512101,59,0,0.325289286118962,0.5692562507081834,56,2.0816659994661326,0.9803616415144705,56.5,56.44242792564041,0.7236713867949711,31,db,0.8936084142394821,0.6843627668132815,0.16916527998837808,3,24.0,,,0.6047294803260007,0.008932831558796595,0.17987605796503503,0.5650232705214645,0.3994974845352539,0.6382978723404255,0.16818637355157381,0.6171254573560273,,0.3960698668999159,0.5281510071161051,0.5281510071161051,0.528151007116105,,0.0,1.0,0.8112423902857187,0.5365493714360079,,,,,0.8095238095238095,,0.47669331157311656,0.06741573033707865,0.11797752808988764,0.5707559068756785,0.5707559068756785,0.21468926553672318,2.619988468631728,0.7481859042846963,38,1.3437285871720301,0.6666438794517832,86,33.94112549695428,0.839900351429461,62.0,52.70967741935484,0.7737237606203908,41,118.36842105263158,113.5,63.686700255812326,76,0.9215768985091536,0.8701992891677452,0.0938363842932689,6,32.25
raw,db35,1825944.3559161806,0.6755852842809364,148.84843029816145,7.6092998067846915,598,1,False,False,132.25794879234934,,9.240261174618977,71508.30122006465,1.0,3.129361283884342e-06,0.026594534947504255,426.03105433676615,,,,[],[],15,949.5331964443872,290.59245351211746,1342.472794702586,"[4, 34, 80, 137, 182, 238, 297, 332, 384, 414, 450, 486, 520, 554, 587]","[698.0326410557641, 1104.4995975163088, 1236.2179034897308, 637.4747626223561, 1146.2526121221847, 934.0378600438278, 1342.472794702586, 893.890132936766, 1157.318277607349, 290.59245351211746, 972.0258884054099, 1053.0660813906434, 1166.6219149262722, 628.9742229728087, 981.520803361683]","[3, 29, 29, 124, 178, 230, 230, 326, 326, 410, 425, 474, 474, 543, 474]","[29, 76, 230, 151, 230, 247, 474, 376, 474, 417, 474, 497, 574, 574, 595]",136227070.76491067,1107.5233546960585,-1107.5233546960585,0.0,,,,SWT,txu.059172014718829,68001237.76491067,,0.0,-74.0,71.0,0.0,-74.0,,352.5233546960585,589.6611034211314,16706.002053334192,589.6611034211314,,0.0,589.6611034211314,,,287.59245351211746,0.0,-74.0,587.472794702586,352.5233546960585,,129.03105433676615,0.5162067363024611,0.18155929016434655,0.5742443892458768,0.1605734235710784,0.673913043478261,0.15031986469371447,2.6875442794960907e-11,0.3530969106203692,0.5442683949201511,0.5442683949201511,0.544268394920151,,0.7778572544628933,0.6071914205924963,0.4942671374880616,,,,,0.6000000000000001,,0.062093245492542054,0.06849315068493152,0.078125,0.3306332244325806,0.3306332244325806,0.06617647058823531,1.9666255565914157,0.6737417414234237,29,0.9608996646773642,0.5652350968690377,58,0,0.3858123016825104,0.6398228063426418,45,0,0.32240239249751634,0.5642041868706535,59,14.032699906527847,0.8676160386176618,47.75,44.00657283703651,0.7085721702522272,33,db,0.8936084142394821,0.6843627668132815,0.16916527998837808,3,25.5,,,0.5505535739910636,0.008993300803021631,0.18155929016434658,0.5742443892458768,0.3996921499917624,0.6595744680851063,0.17323842962149433,0.6171254573560273,,0.36505715115723447,0.6514678561480594,0.6514678561480594,0.6514678561480595,,0.0,0.8488538840606569,0.8586098717737749,0.601392206406796,,,,,0.9047619047619048,,0.4798201597947751,0.056179775280898875,0.056179775280898875,0.44794638052149793,0.44794638052149793,0.05084745762711865,2.65266503759339,0.7575172996668562,31,1.3437432481807046,0.6666511529977899,85,38.18376618407357,0.8198878953581435,58.0,45.43103448275862,0.7731514948488831,42,118.36842105263158,113.5,63.686700255812326,76,0.9215768985091536,0.8701992891677452,0.0938363842932689,6,33.0
raw,sym5,1865755.6463996468,0.6404682274247492,135.1488047747648,13.937166174209235,598,1,False,False,127.48238361157533,,9.229351750456077,71508.30122026215,1.0,3.078931908011472e-06,0.9569726981932358,414.4028134710561,,,,[],[],17,835.0884819009083,164.80545695106895,1284.4713323968326,"[7, 53, 88, 125, 155, 187, 224, 257, 290, 320, 354, 403, 433, 484, 526, 562, 591]","[749.1065992766851, 1155.4051510348972, 622.2279360484907, 776.6290039197601, 891.9061067961791, 634.7734770026316, 1284.4713323968326, 976.5081464473714, 1007.7695002845062, 644.2705193709692, 943.2248496819263, 750.7050282221362, 164.80545695106895, 1116.124549636554, 1139.5657455049557, 875.641718173077, 463.369071567401]","[0, 47, 84, 97, 148, 182, 47, 249, 249, 318, 348, 398, 432, 348, 496, 546, 589]","[38, 148, 148, 148, 199, 199, 496, 273, 348, 331, 398, 409, 447, 496, 546, 597, 597]",136319543.55089304,1151.7088858901534,-1151.7088858901534,0.0,,,,SWT,txu.059172014718829,68093710.55089304,,0.0,-41.5,69.0,0.0,-32.5,,396.7088858901534,475.2163888776525,16752.495807684558,475.2163888776525,,0.0,475.2163888776525,,,161.80545695106895,0.0,-50.5,529.4713323968326,396.7088858901534,,117.4028134710561,0.29956261827631636,0.9179764403121891,0.5552321591259879,0.17304009118819752,0.21739130434782616,0.962441711153672,4.215627688013935e-11,0.1846803587245178,0.2521876054785894,0.2521876054785894,0.2521876054785894,,0.4601986751837496,0.6146076283488611,0.3899210121543291,,,,,0.2,,0.06762369936621304,0.5136986301369864,0.4453125,0.44852909167575394,0.44852909167575394,0.6764705882352942,1.5391553274057213,0.5272956954778938,87,1.4767239810447628,0.8686611653204486,20,0,0.3718667208526592,0.6166957556402094,56,0,0.44652061777804947,0.7814110811115864,21,32.05204101665498,0.6976222545598587,46.0,31.503394762366636,0.6318299952044577,52,sym,1.0,1.0,0.0,5,40.25,,,0.34929007598671097,0.008492837408612619,0.9179764403121892,0.5552321591259879,0.40860756754482314,0.21276595744680843,0.9634547771837384,0.617125457361878,,0.19975436159168125,0.428091766828561,0.428091766828561,0.428091766828561,,0.0,0.6327187123413877,0.8612793108354329,0.5191488287811287,,,,,0.8095238095238095,,0.482887448305539,0.42134831460674155,0.3202247191011236,0.5451798295195882,0.5451798295195882,0.519774011299435,2.4132196100029857,0.6891392530023523,84,1.857379078338286,0.921473581954457,23,43.1335136523794,0.7965400299416066,53.5,36.11214953271028,0.7720907696877843,43,99.42105263157895,110.0,57.971862503332275,38,0.7740590312511298,0.7921131623949381,0.22052472940572765,5,33.5
raw,db37,1827409.8273354874,0.697324414715719,148.52849823592686,7.616007836871562,598,1,False,False,133.80475886119362,,9.240447965268048,71508.30122006465,1.0,3.1236034310875467e-06,0.029651270054019636,411.0278938838553,,,,[],[],17,919.3795095768282,68.02531787201849,1395.2180002194905,"[2, 50, 81, 117, 155, 194, 223, 253, 298, 334, 382, 416, 450, 484, 522, 555, 594]","[507.9923533865749, 1395.2180002194905, 1259.3875453882215, 636.7176009641644, 871.8016493175987, 1142.815534339181, 68.02531787201849, 903.2613321065646, 1284.5597011269517, 1108.7005717959748, 1290.9140901029357, 331.27100213034777, 1096.4069695574613, 730.1847850484163, 1230.1944632672985, 956.0418616287338, 815.9588845541446]","[1, 29, 79, 103, 126, 181, 222, 228, 228, 327, 327, 411, 449, 475, 497, 526, 29]","[29, 576, 576, 126, 158, 228, 224, 290, 576, 377, 576, 419, 497, 485, 576, 576, 596]",136286151.21931213,1131.1407919515696,-1131.1407919515696,0.0,,,,SWT,txu.059172014718829,68060318.21931213,,0.0,-73.0,69.0,0.0,-73.0,,376.14079195156955,559.5074165535725,15319.54833719392,559.5155898533369,,0.0,559.5074165535725,,,65.02531787201849,0.0,-77.5,640.2180002194905,376.14079195156955,,114.02789388385531,0.5863779705822989,0.18233994957035257,0.5745699157586744,0.16103232718522958,0.956521739130435,0.15298807151209246,2.6875442794960907e-11,0.05510116722371744,0.46731147559030073,0.46731147559030073,0.4673323351280876,,0.3680031166609691,0.3860385163551683,0.5891571214096298,,,,,0.2,,0.06562662803781441,0.08219178082191782,0.0234375,0.39364928810891414,0.39364928810891414,0.08088235294117647,1.4057287412055055,0.4815853871594545,100,1.0969224066566143,0.6452484745038907,39,0,0.2885494318554937,0.47852415916557084,101,0,0.37340428196656555,0.6534574934414896,36,36.39597047293377,0.6566417879911909,69.0,54.555527342397454,0.502849195882388,96,db,0.8936084142394821,0.6843627668132815,0.16916527998837808,3,72.75,,,0.6157430109308597,0.00893615961288563,0.1823399495703526,0.5745699157586744,0.4000203305017768,0.9361702127659572,0.1758346664494409,0.6171254573560273,,0.07257088951835859,0.5926131272258156,0.5926131272258156,0.5926290800790819,,0.0,0.5699887746885328,0.7790066270206117,0.676182456218134,,,,,0.8095238095238095,,0.4817798368724276,0.06741573033707865,0.01685393258426965,0.49991825499691966,0.49991825499691966,0.06214689265536724,2.353239885246075,0.6720109392165162,89,1.475754978664131,0.7321441498594753,46,30.405591591021544,0.8565773981555588,67.5,60.65185185185185,0.7690905858702322,44,118.36842105263158,113.5,63.686700255812326,76,0.9215768985091536,0.8701992891677452,0.0938363842932689,6,34.5
raw,db36,1826178.311037583,0.6822742474916388,145.91662072887405,7.257696805795897,598,1,False,False,134.4512689351747,,9.240509101751273,71508.30122006465,1.0,3.0998206325358324e-06,-0.06655073403421773,427.16458656902023,,,,[],[],16,1003.3007602460407,380.6266942848553,1453.0739549966536,"[6, 49, 82, 118, 154, 195, 252, 296, 333, 383, 417, 451, 485, 521, 556, 589]","[780.0912562325086, 1323.8039801043815, 1110.5318367132581, 515.1932054082131, 841.5387210018027, 1086.280380066064, 1017.4717482775811, 1453.0739549966536, 1003.115158828096, 1370.23915542774, 380.6266942848553, 1020.9632432806719, 718.8229563089178, 1310.5208169200364, 1161.6799726132183, 958.8590834726524]","[2, 28, 77, 113, 125, 77, 229, 28, 328, 378, 411, 426, 484, 378, 527, 527]","[378, 77, 125, 125, 159, 229, 294, 378, 378, 498, 426, 498, 496, 527, 577, 590]",136649368.72505227,1069.6422680675678,-1069.6422680675678,0.0,,,,SWT,txu.059172014718829,68423535.72505227,,0.0,-69.0,70.0,0.0,-69.0,,314.6422680675678,643.428667222785,14896.18783606335,643.428667222785,,0.0,643.428667222785,,,377.6266942848553,0.0,-73.5,698.0739549966536,314.6422680675678,,130.16458656902023,0.6157069818031132,0.1406408407317646,0.5746764604186348,0.16064668521872727,0.7608695652173915,0.06901388522989292,2.6875442794960907e-11,0.4736440005268061,0.6814916170163552,0.6814916170163552,0.6814916170163552,,0.8088229218087393,0.3185083829836451,0.6932414749498299,,,,,0.4,,0.0873493180191524,0.13698630136986303,0.0859375,0.22955888087514592,0.22955888087514592,0.13970588235294118,2.011453813311078,0.6890993511351724,23,0.9687115519883378,0.5698303246990222,54,0,0.40341345677216683,0.6690121826150536,29,0,0.33165063123520006,0.5803886046616,53,16.070158679988197,0.8483947294340737,39.75,34.6778326286485,0.7366973647170368,27,db,0.8936084142394821,0.6843627668132815,0.16916527998837808,3,21.0,,,0.6429898129446473,0.00870013805033959,0.1406408407317646,0.5746764604186347,0.3997445423551008,0.7446808510638296,0.09412552999081092,0.6171254573560273,,0.4833755112663184,0.7564127475059482,0.7564127475059482,0.7564127475059482,,0.0,0.8699229508693795,0.7546993824310569,0.7582195109314902,,,,,0.8571428571428571,,0.4938276287760631,0.11235955056179774,0.06179775280898875,0.36458631660139174,0.36458631660139174,0.10734463276836159,2.7916951890276946,0.797219916994801,11,1.34947472648869,0.6694946252366818,83,50.91168824543142,0.7598505271441914,47.0,19.425531914893618,0.7690762069683221,45,118.36842105263158,113.5,63.686700255812326,76,0.9215768985091536,0.8701992891677452,0.0938363842932689,6,35.25
raw,coif3,1847527.5694558003,0.6588628762541806,144.89591603938294,8.11201312199281,598,1,False,False,133.02517854075185,,9.231294218381302,71508.30122006465,1.0,3.0555448039716868e-06,0.15265156937639623,419.9580437086071,,,,[],[],16,875.7844030267495,124.00774229470642,1487.7688666905988,"[16, 54, 92, 128, 158, 194, 232, 262, 293, 328, 362, 418, 453, 482, 522, 568]","[1136.4506291837668, 1161.3061729224403, 561.2150502823623, 918.9793156465032, 1102.3584796470006, 465.89959533398496, 875.5112583334658, 124.00774229470642, 924.5687179023857, 483.91256647325895, 1186.3724631447374, 932.3209770417143, 560.0846788241297, 1119.2868568147665, 1487.7688666905988, 972.5070778921702]","[2, 50, 87, 99, 99, 193, 223, 261, 223, 325, 223, 400, 451, 223, 223, 549]","[223, 223, 99, 152, 223, 202, 265, 265, 301, 351, 400, 475, 475, 492, 549, 587]",135875211.72983745,1217.3154743986206,-1217.3154743986206,0.0,,,,SWT,txu.059172014718829,67649378.72983745,,0.0,-73.5,70.0,0.0,-60.0,,462.3154743986206,515.9123100034938,16936.44955157201,515.9123100034936,,0.0,515.9123100034938,,,121.00774229470642,0.0,-69.0,732.7688666905988,462.3154743986206,,122.95804370860708,0.5510122108115837,0.24006348185093734,0.5586173650400157,0.16733207786336995,0.45652173913043487,0.26035433842052236,2.6875442794960907e-11,0.13005618758198884,0.3560499534856826,0.3560499534856826,0.35604995348568225,,0.6119556404210902,0.6439500465143178,0.7556585151440057,,,,,0.4,,0.04104986345495732,0.07534246575342467,0.15625,0.623580640000366,0.623580640000366,0.2720588235294118,1.872772114460268,0.6415887058198296,40,0.9590669048368634,0.5641570028452138,59,0,0.38583090591835545,0.6398536592064212,44,0,0.31912874473482,0.558475303285935,63,11.210114480533491,0.894244203013835,51.5,49.65894167925488,0.7041975732050307,36,coif,0.9937654673519892,0.5954621649402658,0.1257255233715278,4,28.0,,,0.5828880385185611,0.00826074273620081,0.24006348185093737,0.5586173650400157,0.4045255366643823,0.4468085106382978,0.28030492501667637,0.6171254573560273,,0.146140107137938,0.5075230952966974,0.5075230952966974,0.5075230952966971,,0.0,0.7359742825690208,0.8718410156564915,0.8074152830844841,,,,,0.8571428571428571,,0.4681491242114598,0.06179775280898875,0.11235955056179775,0.6895518604827302,0.6895518604827302,0.2090395480225989,2.620204197660971,0.7482475096775281,37,1.3406497315435906,0.6651164130571487,88,36.062445840513924,0.8298941233938022,62.5,52.09599999999999,0.7675414013195426,46,128.44117647058823,122.5,52.71316963643363,34,1.0,0.7202596862948154,0.08392209411155538,7,36.25
raw,db38,1827226.9205073842,0.6755852842809364,144.3602123171189,7.303770331245131,598,1,False,False,134.04893608645216,,9.241479843180644,71508.30122006465,1.0,3.116337049269993e-06,-0.054232321960322266,411.79707298923483,,,,[],[],16,942.7162869986513,214.82897100236818,1263.6545842930682,"[8, 51, 82, 124, 156, 195, 254, 299, 335, 391, 423, 453, 483, 523, 559, 589]","[649.7937937701248, 1258.7503197805017, 1263.6545842930682, 587.8364062751482, 1066.410356053117, 1026.0504048194211, 879.324469961087, 1245.2903040607068, 1072.3542247741036, 1127.5762506080641, 214.82897100236818, 1029.0813634071326, 793.2048252698561, 1170.5701999022822, 990.7580583778903, 707.9760596235491]","[5, 28, 79, 114, 130, 180, 180, 180, 328, 380, 420, 448, 477, 180, 528, 577]","[16, 180, 180, 130, 180, 232, 278, 380, 380, 496, 424, 496, 484, 577, 577, 592]",136580055.4901523,983.6071819447537,-983.6071819447537,0.0,,,,SWT,txu.059172014718829,68354222.4901523,,0.0,-73.5,70.0,0.0,-78.0,,228.60718194475373,582.8441939753955,15865.53940802158,582.8441939753956,,0.0,582.8441939753955,,,211.82897100236818,0.0,-78.0,508.6545842930682,228.60718194475373,,114.79707298923483,0.5974551012685633,0.14600273245616247,0.5763682050209628,0.16097505100545312,0.673913043478261,0.07976655758841682,2.6875442794960907e-11,0.25165697777547563,0.5268705771143688,0.5268705771143688,0.5268705771143691,,0.3890154387007174,0.4731294228856312,0.3524711458867217,,,,,0.4,,0.08320395087813995,0.07534246575342467,0.015625,0.0,0.0,0.00735294117647059,1.3691579267218166,0.4690566756551564,101,0.9369816383048957,0.551165669591115,64,0,0.25917207674283493,0.42980538656776657,106,0,0.3192115272635279,0.5586201727111738,62,23.485811319461234,0.7784357422692336,83.25,78.294764119038,0.4965291918893338,97,db,0.8936084142394821,0.6843627668132815,0.16916527998837808,3,73.5,,,0.6260337222138675,0.00886404771289595,0.14600273245616247,0.5763682050209629,0.39997936999218164,0.6595744680851063,0.10458816871272741,0.6171254573560273,,0.2654926862406698,0.6381624398227371,0.6381624398227371,0.6381624398227373,,0.0,0.5842855767537802,0.8103547061798142,0.48963164753815736,,,,,0.8571428571428571,,0.49152853410951897,0.06179775280898875,0.011235955056179775,0.17525990289773707,0.17525990289773707,0.005649717514124297,2.2632886523088795,0.6463237099166919,99,1.3187599956198435,0.6542565871848026,97,1.4142135623730951,0.9933291813095608,98.0,97.98979591836735,0.7655325151830823,47,118.36842105263158,113.5,63.686700255812326,76,0.9215768985091536,0.8701992891677452,0.0938363842932689,6,36.75
raw,db16,1826119.816899759,0.6806020066889632,147.98354810158372,7.272888144677841,598,1,False,False,132.3967095402257,,9.235175907522756,71508.30122006466,1.0,3.12329626761157e-06,-0.05862845977989099,410.5436754748687,,,,[],[],15,883.207632568767,222.59140312807347,1319.4810653823542,"[19, 65, 100, 152, 185, 223, 270, 302, 339, 373, 407, 441, 471, 523, 577]","[1250.040204931669, 1319.4810653823542, 791.8372164470977, 974.8161779270638, 421.76167983166, 876.3162793195481, 1254.6451572341011, 739.8986529464679, 1004.2938074477976, 848.0513804367904, 469.4731863400482, 222.59140312807347, 912.2090345367724, 1129.1097603637952, 1033.589482258267]","[12, 12, 97, 109, 184, 212, 212, 290, 311, 363, 402, 437, 470, 512, 512]","[61, 512, 109, 212, 193, 252, 512, 311, 483, 483, 470, 442, 483, 560, 595]",136807734.6987478,1062.4708508945848,-1062.4708508945848,0.0,,,,SWT,txu.059172014718829,68581901.69874781,,0.0,-69.5,71.0,0.0,-65.0,,307.4708508945848,523.3355395455112,17700.885511468492,523.3355395455113,,0.0,523.3355395455112,,,219.59140312807347,0.0,-74.0,564.4810653823542,307.4708508945848,,113.54367547486868,0.5225016351683262,0.14240876088633084,0.5653821187162134,0.16062836812915426,0.7391304347826089,0.0759291937031064,2.687656870374997e-11,0.2620501192660778,0.37499519489318034,0.37499519489318034,0.3749951948931806,,0.3547753091502834,0.7658850456177808,0.4529044239647134,,,,,0.6000000000000001,,0.09682059871409315,0.13013698630136988,0.078125,0.2104241002326444,0.2104241002326444,0.1985294117647059,1.6360051209832571,0.5604752442551015,79,0.931224841910017,0.5477793187705982,66,0,0.32036147713741836,0.5312805694692782,95,0,0.31514007305894526,0.5514951278531541,65,14.032699906527847,0.8676160386176618,76.25,74.45922936607279,0.5741382079880761,72,db,0.8936084142394821,0.6843627668132815,0.16916527998837808,3,54.75,,,0.5564015673585768,0.008933111308734198,0.14240876088633084,0.5653821187162134,0.3997314430645032,0.7234042553191489,0.10085431068768441,0.6171254573560276,,0.2756936745723182,0.5220119425259582,0.5220119425259582,0.5220119425259584,,0.0,0.5609885630327376,0.915731108852796,0.568791002892598,,,,,0.9047619047619048,,0.4990805702382668,0.10674157303370785,0.056179775280898875,0.34880509575626456,0.34880509575626456,0.15254237288135591,2.3730418827682564,0.6776657638847003,87,1.3141560503674945,0.651972500983832,98,7.7781745930520225,0.9633104972025848,92.5,92.17297297297299,0.7634948712428018,48,118.36842105263158,113.5,63.686700255812326,76,0.9215768985091536,0.8701992891677452,0.0938363842932689,6,37.5
raw,rbio4.4,1909100.7960786012,0.6722408026755853,151.73839202603997,13.007326797223424,598,1,False,False,126.65516529179943,,9.24506931395694,72004.42265350264,1.0,3.123495887277182e-06,0.8848572510530719,420.43494633812116,,,,[],[],15,862.1708240974534,292.02414589562517,1167.6435100222704,"[18, 56, 111, 141, 185, 224, 257, 292, 334, 364, 394, 434, 493, 531, 588]","[1026.794564937509, 1091.2509155536668, 874.9942986606883, 292.02414589562517, 894.5271242282748, 1167.6435100222704, 956.8092923427091, 794.8327741234455, 768.8945106114596, 1004.2303620295801, 415.23127429127805, 717.023259918937, 1149.832005010846, 1031.7664647613542, 746.7078590741557]","[0, 0, 99, 136, 150, 0, 250, 286, 315, 349, 385, 402, 402, 498, 551]","[49, 150, 150, 150, 200, 402, 402, 349, 349, 402, 402, 448, 498, 551, 597]",135686310.38537803,1058.1499684075757,-1058.1499684075757,0.0,,,,SWT,txu.059172014718829,67460477.38537803,,0.0,-51.5,71.0,0.0,-56.0,,303.14996840757567,502.29873107419763,18016.4376385382,502.29873107419746,,0.0,502.29873107419763,,,289.02414589562517,0.0,-65.0,412.64351002227045,303.14996840757567,,123.43494633812116,0.2620357546446756,0.809764663334694,0.5826236996638088,0.18661336568645123,0.6304347826086958,0.8994925444562946,0.038385839525311084,0.3550138074475297,0.32130597341936684,0.32130597341936684,0.3213059734193664,,0.624983596540632,0.8162186907494814,0.17974474915425176,,,,,0.6000000000000001,,0.029752375646961607,0.3767123287671233,0.21875,0.1988951183624465,0.1988951183624465,0.3308823529411765,1.6663099751672787,0.5708573147835216,73,1.5764133237054696,0.9273019551208643,9,0,0.34955471844501085,0.5796940117006576,72,0,0.4870500928457045,0.8523376624799828,11,36.09593698280551,0.6594722926150424,41.25,17.42101694915254,0.6351606746094081,50,rbio,0.4375943905070118,0.6578235687825006,0.4963368560103415,1,37.75,,,0.3144274269914362,0.008935092343274387,0.8097646633346941,0.5826236996638088,0.418314364375443,0.6170212765957446,0.9022035489271407,0.6318224180983908,,0.36693860751809704,0.4809517675163026,0.4809517675163026,0.4809517675163023,,0.0,0.7448385151656599,0.9338485352847719,0.35349240684325595,,,,,0.9047619047619048,,0.4618833356621814,0.3089887640449438,0.15730337078651685,0.3392966821291473,0.3392966821291473,0.2542372881355932,2.385069675364721,0.6811005213227873,86,1.9437554832693658,0.9643262102501302,6,56.568542494923804,0.7331672523824349,46.0,11.217391304347828,0.7580930601534815,49,87.36666666666666,69.5,73.18633909333803,30,0.6802076177391039,1.0,0.22385466758262726,4,37.75
raw,sym14,1839833.9896278935,0.6638795986622074,143.70153946795716,8.791425120163142,598,1,False,False,127.0206535146558,,9.229285554393083,71508.30122005861,1.0,3.148764207481578e-06,0.32246805179288607,397.55673598351933,,,,[],[],17,867.5926570200198,76.74332466582365,1416.1961085271043,"[23, 55, 110, 156, 186, 225, 258, 291, 321, 363, 395, 433, 464, 494, 530, 561, 592]","[906.752437833979, 1168.049914827698, 893.1416634384236, 871.1999662507772, 766.4050258776105, 1239.5382132518052, 941.201844033152, 981.2898011014515, 739.1785210476367, 978.6132156147378, 485.88756273242706, 841.3701926260599, 76.74332466582365, 1416.1961085271043, 1125.6998042727062, 1051.1613982834817, 266.6461749554618]","[1, 1, 100, 100, 181, 1, 250, 262, 314, 350, 384, 401, 462, 401, 524, 550, 588]","[30, 100, 149, 181, 201, 401, 262, 401, 350, 401, 401, 449, 470, 550, 550, 585, 597]",136671747.8319108,1217.8966893015504,-1217.8966893015504,0.0,,,,SWT,txu.059172014718829,68445914.83191079,,0.0,-73.0,69.0,0.0,-68.5,,462.8966893015504,507.72056399676404,16199.924830659664,507.72056399676393,,0.0,507.72056399676404,,,73.74332466582365,0.0,-77.5,661.1961085271043,462.8966893015504,,100.55673598351933,0.27861617406988554,0.31913130952260216,0.5551167969616907,0.16492287933361818,0.5217391304347827,0.4085861872617439,2.640819064749929e-11,0.06677373023705474,0.3351433380068054,0.3351433380068054,0.33514333800680507,,0.0,0.5264671625376319,0.6268972788420702,,,,,0.2,,0.08868772928145183,0.08219178082191782,0.0234375,0.6251314380372746,0.6251314380372746,0.1470588235294118,1.312714476610802,0.44971984346446103,104,1.0072136031713552,0.5924785901007972,50,0,0.2869433496674646,0.47586066707814817,102,0,0.32115892537296165,0.5620281194026828,60,28.023799409311604,0.7356245338744188,79.0,71.31908027430416,0.4951707575032472,100,sym,1.0,1.0,0.0,5,76.25,,,0.3298307217695311,0.009185856289518346,0.31913130952260216,0.5551167969616907,0.4028026214860341,0.5106382978723404,0.42453849131501165,0.6171254573558485,,0.08402764484177568,0.49153423818799513,0.49153423818799513,0.49153423818799497,,0.0,0.31959913624955294,0.8295534463398907,0.7059284387300973,,,,,0.8095238095238095,,0.49456993557064144,0.06741573033707865,0.01685393258426965,0.6908308658062762,0.6908308658062762,0.11299435028248589,2.273582292747485,0.6492632483047985,97,1.3930643669724185,0.691120098798376,68,20.506096654409877,0.9032731289886327,82.5,79.95151515151515,0.7570610927962032,50,99.42105263157895,110.0,57.971862503332275,38,0.7740590312511298,0.7921131623949381,0.22052472940572765,5,38.75
raw,sym12,1843596.624204246,0.657190635451505,143.7412732717681,8.77455896316995,598,1,False,False,126.81550900635123,,9.229367031264204,71508.3012200657,1.0,3.157594995476554e-06,0.31929544551713795,399.60505259445756,,,,[],[],17,860.3476520840451,75.58162444519076,1394.270213674255,"[23, 55, 110, 156, 186, 225, 258, 291, 321, 363, 395, 433, 464, 494, 530, 561, 592]","[899.8195851733561, 1136.8892007450313, 895.5783841497987, 886.173394645866, 755.9057709521519, 1231.7983288107087, 954.4677164315044, 981.5548547787696, 742.1341142131955, 969.1940644948294, 468.2987708762342, 822.9702610997429, 75.58162444519076, 1394.270213674255, 1122.1020660467975, 1045.062283082114, 244.10945180921897]","[1, 1, 100, 100, 181, 1, 250, 262, 314, 298, 384, 401, 462, 401, 497, 550, 588]","[30, 100, 149, 222, 187, 401, 262, 401, 350, 401, 401, 449, 470, 550, 550, 585, 597]",136696884.47515413,1203.6970535945018,-1203.6970535945018,0.0,,,,SWT,txu.059172014718829,68471051.47515413,,0.0,-73.0,69.0,0.0,-68.5,,448.69705359450177,500.4755590607893,16323.089914571234,500.4755590607892,,0.0,500.4755590607893,,,72.58162444519076,0.0,-77.5,639.270213674255,448.69705359450177,,102.60505259445756,0.2693097675217191,0.31716847931322656,0.5552587895178562,0.1661011258576174,0.4347826086956523,0.40581683715386685,2.6956508227773523e-11,0.06521832665127397,0.3166529536352006,0.3166529536352006,0.3166529536352003,,0.0559556128961195,0.5461131959324619,0.5874520289911418,,,,,0.2,,0.09019105855307918,0.08219178082191782,0.0234375,0.5872439594672905,0.5872439594672905,0.1470588235294118,1.2992813810284543,0.4451178300409984,105,0.9680137538827788,0.5694198552251639,55,0,0.2801475076582564,0.4645905891495005,103,0,0.3069196582981279,0.5371094020217237,68,25.11805459558257,0.7630372207963908,82.75,76.745605775639,0.4911884217189501,102,sym,1.0,1.0,0.0,5,77.75,,,0.32118502230258983,0.009273493426777746,0.31716847931322656,0.5552587895178562,0.4036452331657961,0.42553191489361697,0.42184383935249287,0.6171254573560583,,0.08250099826971655,0.47739325425392565,0.47739325425392565,0.4773932542539255,,0.0,0.3576713835957583,0.8366249700449522,0.674838538950369,,,,,0.8095238095238095,,0.49540370883918095,0.06741573033707865,0.01685393258426965,0.6595835430515076,0.6595835430515076,0.11299435028248589,2.2553423064033367,0.6440544846631157,100,1.3546911382894398,0.672082565266289,82,12.727922061357855,0.9399626317860479,91.0,90.10989010989012,0.75535867438359,51,99.42105263157895,110.0,57.971862503332275,38,0.7740590312511298,0.7921131623949381,0.22052472940572765,5,39.5
raw,bior1.5,1929039.764060902,0.6304347826086957,129.99620770960976,14.288479514135034,598,1,False,False,125.01126035510022,,9.216517700385394,72786.22040466967,1.0,3.2748542338630907e-06,0.9893328708980554,421.2671512994777,,,,[],[],18,762.7061208971887,299.6475470712556,1192.927809763802,"[9, 53, 88, 121, 155, 187, 224, 257, 290, 320, 354, 394, 434, 464, 493, 529, 562, 591]","[851.7266907543808, 1057.4947640796659, 590.3015797692947, 341.27293454188543, 748.3565181796721, 796.8540996799588, 1192.927809763802, 968.9020183774107, 873.1608650590979, 690.2301310574469, 897.8930295854428, 407.8459331362535, 660.6973743994524, 299.6475470712556, 1139.099306045976, 878.9005833845105, 890.4794569264402, 442.91953433745175]","[0, 0, 85, 119, 152, 152, 221, 250, 273, 297, 349, 385, 419, 453, 349, 525, 549, 589]","[49, 221, 99, 124, 182, 200, 349, 349, 349, 331, 448, 448, 448, 469, 497, 549, 569, 597]",137980057.3447876,1123.6921121965286,-1123.6921121965286,0.0,,,,SWT,txu.059172014718829,69754224.3447876,,0.0,-50.0,68.0,0.0,-32.0,,368.69211219652857,402.83402787393294,17220.289823850602,402.834027873933,,0.0,402.83402787393294,,,296.6475470712556,0.0,-41.0,437.9278097638021,368.69211219652857,,124.26715129947769,0.1874597994124398,0.9588611799029169,0.5328658169918359,0.19285713431201132,0.08695652173913043,0.9906887232257514,0.09887498789484328,0.3652208000208465,0.06745651302102901,0.06745651302102901,0.06745651302102917,,0.6477176496744226,0.6892253411910672,0.22523185594300277,,,,,0.0,,0.16693286201520097,0.3972602739726028,0.59375,0.3737747152384495,0.3737747152384495,0.6838235294117647,1.42020657551202,0.48654531522762073,99,1.4650242165612957,0.8617789509184092,22,0,0.33707723441206394,0.5590016210867751,81,0,0.43550916621127567,0.7621410408697323,25,39.10988792279176,0.6310387931812098,56.75,37.07093821510297,0.5478307173453218,81,bior,0.6384573894282631,0.8222350820376183,0.3064093027889303,2,61.25,,,0.2451459816708463,0.010437179382691175,0.9588611799029169,0.5328658169918359,0.4227795355110822,0.08510638297872336,0.9909398778572931,0.6549821731159213,,0.37695688853888143,0.28681404333369015,0.28681404333369015,0.2868140433336903,,0.0,0.7603067845544397,0.8881377058394846,0.3893443686555546,,,,,0.7619047619047619,,0.5379660839048676,0.32584269662921345,0.42696629213483145,0.4835268978378667,0.4835268978378667,0.5254237288135594,2.3376354855753263,0.6675548158334328,91,1.8222257060900455,0.9040334674290231,25,46.66904755831214,0.7798629832155088,58.0,39.22413793103448,0.7531390387775657,52,84.4,85.5,44.010657016619085,30,0.6571101442637968,0.6013507105539218,0.3596176858491657,3,39.75
raw,bior5.5,2314759.622807266,0.6555183946488294,159.5233933784877,8.537548116846882,598,1,False,False,126.08940315469422,,9.338125688032274,71545.74876769393,1.0,2.7681057607082398e-06,0.24982828946679073,407.4044375219642,,,,[],[],17,845.307599222575,91.78122697486538,1388.1504817580076,"[23, 55, 110, 156, 186, 225, 258, 291, 329, 363, 395, 433, 463, 494, 530, 561, 595]","[919.5883862166047, 1162.4217064670324, 803.1884547347048, 811.7813471487249, 814.0252671903675, 1184.2288354237576, 845.0749101292105, 798.1687197029689, 729.8627778477237, 958.3590145990944, 461.42506830774454, 802.3924223673253, 91.78122697486538, 1388.1504817580076, 1174.4663978150031, 1043.3896166762365, 381.92455342440286]","[1, 50, 100, 100, 100, 50, 250, 288, 314, 300, 384, 401, 462, 401, 499, 550, 588]","[30, 100, 151, 181, 187, 401, 401, 300, 350, 401, 401, 449, 470, 550, 550, 585, 597]",135632563.65625113,1171.136921709467,-1171.136921709467,0.0,,,,SWT,txu.059172014718829,67406730.65625113,,0.0,-73.0,69.0,0.0,-64.0,,416.13692170946706,485.43550619931926,16578.770813216222,485.43550619931915,,0.0,485.43550619931926,,,88.78122697486538,0.0,-77.5,633.1504817580076,416.13692170946706,,110.40443752196421,0.2363698837862489,0.28958590378636695,0.7447962553940469,0.31364300218811336,0.4130434782608696,0.34517934879846845,0.0028973865456287723,0.0869080185488541,0.27826838925803077,0.27826838925803077,0.27826838925803055,,0.2690180669624807,0.5868967955832045,0.5764424735738078,,,,,0.2,,0.026537983400212593,0.08219178082191782,0.0234375,0.5003669913195977,0.5003669913195977,0.21323529411764708,1.339318399090297,0.45883402028371034,103,1.0783302216407618,0.634311895082801,42,0,0.27858621881581525,0.46200138138104474,104,0,0.335073608394249,0.5863788146899357,49,33.61051422794163,0.6829196770948903,74.5,62.95067811347532,0.4900447442078225,103,bior,0.6384573894282631,0.8222350820376183,0.3064093027889303,2,77.75,,,0.2905837011826813,0.0054081847422263185,0.28958590378636695,0.7447962553940468,0.50915838828049,0.4042553191489361,0.36284193614988813,0.6182347928942876,,0.10378968121166726,0.44803769856264597,0.44803769856264597,0.44803769856264575,,0.0,0.5026392613753005,0.8513048896965121,0.6661610435399496,,,,,0.8095238095238095,,0.46010057630232487,0.06741573033707865,0.01685393258426965,0.5879326239054293,0.5879326239054293,0.16384180790960454,2.274651619772676,0.6495686143080833,96,1.4436592491638056,0.7162209777009055,52,31.11269837220809,0.8532419888103392,74.0,67.45945945945947,0.7520926925183771,53,84.4,85.5,44.010657016619085,30,0.6571101442637968,0.6013507105539218,0.3596176858491657,3,40.5
raw,bior1.3,1929039.764060902,0.6304347826086957,129.99620770960976,14.430113422202936,598,1,False,False,123.9120763015844,,9.22460704760316,72323.00344362235,1.0,3.2536996384667436e-06,0.994053191889119,419.6236804603918,,,,[],[],17,770.6320065728507,298.48745000837147,1157.7105774976749,"[9, 53, 105, 155, 187, 224, 257, 290, 320, 354, 394, 434, 464, 493, 526, 562, 591]","[796.4674006589976, 1023.2719007245826, 691.7272086957402, 742.3737318982267, 787.2750125035723, 1157.7105774976749, 945.9320965323042, 856.306312016909, 613.0615792887368, 869.1226224259153, 395.1843023356317, 642.5832874032751, 298.48745000837147, 1099.1091030068399, 866.6477486917624, 878.8453406672302, 436.63843738269304]","[0, 0, 98, 150, 150, 221, 250, 273, 318, 349, 385, 419, 453, 349, 525, 549, 589]","[38, 221, 131, 182, 200, 349, 349, 349, 331, 419, 419, 448, 469, 497, 549, 569, 597]",137426049.859375,1107.4176076857816,-1107.4176076857816,0.0,,,,SWT,txu.059172014718829,69200216.859375,,0.0,-46.0,69.0,0.0,-28.0,,352.4176076857816,410.75991354959496,17848.255888261538,410.75991354959496,,0.0,410.75991354959496,,,295.48745000837147,0.0,-41.5,402.7105774976749,352.4176076857816,,122.62368046039182,0.13759517589499043,0.9753440878670616,0.5469634016605907,0.19285713431201132,0.08695652173913043,0.9948090647713578,0.06303502872094079,0.363667542907337,0.08768461140377631,0.08768461140377631,0.08768461140377637,,0.6028215542237166,0.7893920595533503,0.16187514757973864,,,,,0.2,,0.13379973196841136,0.452054794520548,0.5859375,0.3303510701809953,0.3303510701809953,0.7426470588235294,1.4964297290873672,0.5126584306880179,94,1.4543155195676067,0.8554797173927098,23,0,0.3539965260107109,0.5870602096407609,69,0,0.42822291642372623,0.7493901037415208,26,34.477045503735766,0.6747448537383418,53.0,37.35844040762073,0.5873724268691709,67,bior,0.6384573894282631,0.8222350820376183,0.3064093027889303,2,50.75,,,0.19882149039349334,0.010227240226472145,0.9753440878670617,0.5469634016605907,0.4227795355110822,0.08510638297872336,0.9949490807386966,0.6412599651384658,,0.37543234875413123,0.3022839875218964,0.3022839875218964,0.3022839875218964,,0.0,0.7297594424307567,0.9241923795296714,0.3394079702088101,,,,,0.8095238095238095,,0.519589858112263,0.37078651685393255,0.42134831460674155,0.4477136765966476,0.4477136765966476,0.5706214689265536,2.3373928899162575,0.6674855381802183,92,1.8213187120344176,0.9035834940924017,26,46.66904755831214,0.7798629832155088,59.0,40.54237288135593,0.750780548211528,54,84.4,85.5,44.010657016619085,30,0.6571101442637968,0.6013507105539218,0.3596176858491657,3,41.25
raw,sym13,1841600.7416526135,0.6404682274247492,132.5037550086545,13.919895265237352,598,1,False,False,127.22911381728935,,9.227416542518679,71508.30122006248,1.0,3.1063195438480118e-06,0.9562905840607139,420.853917546645,,,,[],[],17,769.8330840408457,37.7569776612587,1250.274620641107,"[21, 53, 88, 125, 165, 224, 257, 290, 320, 354, 384, 414, 451, 493, 526, 566, 595]","[862.0635470689198, 1062.5817807607718, 615.979596256085, 637.9202635458811, 832.6989381260469, 1250.274620641107, 1015.4222686948913, 955.986670255621, 688.8893867000108, 911.2742757231224, 115.28141576874589, 696.7528031090842, 515.1183462954574, 1169.9191876037466, 833.8678299830369, 885.3745205005915, 37.7569776612587]","[0, 48, 84, 112, 97, 48, 249, 273, 297, 349, 382, 409, 447, 409, 523, 547, 594]","[48, 97, 97, 131, 200, 409, 409, 409, 331, 409, 385, 453, 453, 547, 547, 584, 597]",136386304.29722905,1145.0420309481694,-1145.0420309481694,0.0,,,,SWT,txu.059172014718829,68160471.29722905,,0.0,-46.0,69.0,0.0,-41.5,,390.04203094816944,409.96099101758995,17861.837571305623,410.54135139299694,,0.0,409.96099101758995,,,34.7569776612587,0.0,-46.0,495.27462064110705,390.04203094816944,,123.853917546645,0.28807300204688047,0.9159665063428165,0.551859605443386,0.16547612716825452,0.21739130434782616,0.961846297578113,2.670768238539035e-11,0.014574804171296252,0.08564563629879651,0.08564563629879651,0.08712680663755501,,0.6364289905942594,0.7915584706023914,0.32840024648717614,,,,,0.2,,0.07161641164648931,0.452054794520548,0.515625,0.4307405843538214,0.4307405843538214,0.5441176470588236,1.4537876672924397,0.49804978448421566,97,1.4663647115066332,0.8625674773568429,21,0,0.33387682950169834,0.5536941385564021,85,0,0.4429446918505693,0.7751532107384962,23,40.145568456140545,0.6212682221118817,56.5,35.34465237438039,0.5441246770936767,83,sym,1.0,1.0,0.0,5,63.5,,,0.33861616351619195,0.008764633538514088,0.9159665063428166,0.551859605443386,0.4031982713587664,0.21276595744680843,0.9628754237985065,0.617125457355963,,0.03279379642329082,0.3007246303110336,0.3007246303110336,0.3018573923749833,,0.0,0.7526259711657122,0.9249721719071105,0.4706594809840602,,,,,0.8095238095238095,,0.48510187785939185,0.37078651685393255,0.3707865168539326,0.5305089342635932,0.5305089342635932,0.4180790960451977,2.291296105879027,0.6543217535061875,94,1.8484298167636892,0.9170337192386732,24,49.49747468305833,0.7665213458346305,59.0,38.23728813559322,0.7441097295210888,55,99.42105263157895,110.0,57.971862503332275,38,0.7740590312511298,0.7921131623949381,0.22052472940572765,5,42.5
raw,sym9,1853478.4585626072,0.6488294314381271,136.53284197618692,13.766693255786128,598,1,False,False,128.1114232429432,,9.228172837955595,71508.30122006465,1.0,3.0937575385660173e-06,0.945867391436128,418.67977431365756,,,,[],[],18,786.4140221698824,36.05755757256105,1299.9114623581627,"[11, 53, 88, 125, 155, 187, 224, 257, 290, 320, 354, 384, 414, 451, 484, 520, 566, 595]","[781.8089100912301, 1145.0408465500102, 642.3523288890382, 801.7323269993423, 886.9331659896384, 622.9713946684606, 1299.9114623581627, 978.3966583885215, 1030.839626524956, 672.1206110961484, 936.2850345878695, 124.58988526337828, 737.8011710475702, 556.7569809018178, 883.6777990906182, 1143.1303587799102, 875.0462802586474, 36.05755757256105]","[0, 47, 84, 97, 148, 186, 47, 249, 249, 318, 348, 382, 409, 447, 348, 496, 546, 594]","[38, 148, 148, 148, 199, 199, 496, 273, 348, 331, 409, 385, 447, 453, 485, 546, 597, 597]",136346467.57169503,1152.4766029094399,-1152.4766029094399,0.0,,,,SWT,txu.059172014718829,68120634.57169503,,0.0,-41.0,68.0,0.0,-41.0,,397.47660290943986,426.5419291466266,16793.547600942118,426.8845573042287,,0.0,426.5419291466266,,,33.05755757256105,0.0,-41.0,544.9114623581627,397.47660290943986,,121.67977431365756,0.32809908065983195,0.8981373391881834,0.5531776276112452,0.16919556321187193,0.32608695652173925,0.9527479515778634,2.6875442794960907e-11,0.012299445991310665,0.12796278058745492,0.12796278058745492,0.12883722116914997,,0.5770360644830766,0.6211557901788384,0.4176982038330681,,,,,0.0,,0.06923392505107083,0.5205479452054795,0.59375,0.4505775147984393,0.4505775147984393,0.5514705882352942,1.3636355783606204,0.4671647869887304,102,1.5100326863730096,0.8882545213958879,17,0,0.33207926963707707,0.5507131040167174,86,0,0.4610635026853731,0.8068611296994028,18,44.64956140135459,0.5787777226287303,55.75,29.452714045886964,0.5264171632011576,88,sym,1.0,1.0,0.0,5,67.25,,,0.3758005960613102,0.008639967633073176,0.8981373391881834,0.5531776276112452,0.4058581903049664,0.31914893617021267,0.9540224890122863,0.6171254573560273,,0.030560506107235597,0.3330877248522468,0.3330877248522468,0.33375647515881357,,0.0,0.7122149729389969,0.8636362996827311,0.5410422154048153,,,,,0.7619047619047619,,0.48378050823438395,0.42696629213483145,0.42696629213483145,0.5468692462046982,0.5468692462046982,0.423728813559322,2.3031333518042407,0.6577020968370196,93,1.8898512345947414,0.9375835050651399,16,54.44722215136416,0.7431734804180936,54.5,27.30275229357798,0.7430490043599902,56,99.42105263157895,110.0,57.971862503332275,38,0.7740590312511298,0.7921131623949381,0.22052472940572765,5,43.25
raw,db22,1824201.963779389,0.6739130434782609,147.48743874938336,7.485454243608062,598,1,False,False,134.05881759570943,,9.235197954197957,71508.30122006465,1.0,3.1205069489804553e-06,0.0002097257814794454,428.074320530619,,,,[],[],17,973.3418379978796,455.54291609770365,1609.6830486314493,"[7, 39, 69, 106, 143, 172, 207, 240, 273, 306, 349, 393, 431, 461, 509, 545, 582]","[455.54291609770365, 1609.6830486314493, 961.7273329494861, 612.8459655029666, 928.0892138234577, 1045.4663437808026, 963.3186832282079, 1123.1688193510863, 913.1594013792102, 899.4492140900077, 872.4423066302166, 1114.9313160071788, 576.3072601559652, 979.9858515503072, 1431.691885038811, 1243.5152233450574, 815.4864644020417]","[2, 2, 67, 102, 114, 114, 192, 114, 265, 304, 304, 304, 415, 415, 464, 515, 564]","[8, 464, 114, 114, 165, 218, 218, 464, 464, 317, 368, 464, 436, 464, 515, 564, 597]",136650307.10488266,1238.6121711880505,-1238.6121711880505,0.0,,,,SWT,txu.059172014718829,68424474.10488266,,0.0,-73.0,69.0,0.0,-64.0,,483.6121711880505,613.4697449746238,14402.188754036048,613.4697449746238,,0.0,613.4697449746238,,,452.54291609770365,0.0,-64.0,854.6830486314493,483.6121711880505,,131.074320530619,0.5979033771849778,0.167146533731548,0.5654205402182155,0.1600278038897198,0.6521739130434784,0.12728871372210016,2.6875442794960907e-11,0.5739495337196682,0.6050317674202703,0.6050317674202703,0.6050317674202703,,0.8336749008054611,0.23971070628582541,0.9749852700747617,,,,,0.2,,0.0874054390315435,0.08219178082191782,0.234375,0.6804045022365248,0.6804045022365248,0.21323529411764708,2.2110671466932708,0.757484425453717,9,0.9541681561653714,0.5612753859796302,60,0,0.47253087368504915,0.7836350172512241,7,0,0.32428012597384503,0.5674902204542287,57,29.19332115399,0.7245913098680189,33.25,13.880272503261343,0.7054560322925001,35,db,0.8936084142394821,0.6843627668132815,0.16916527998837808,3,27.0,,,0.6264501728418869,0.008905429985179125,0.167146533731548,0.5654205402182155,0.39930195531954704,0.6382978723404255,0.1508285017513406,0.6171254573560273,,0.581826549831066,0.6979381650954276,0.6979381650954276,0.6979381650954277,,0.0,0.8868322588446571,0.7263364234828631,0.9802839264719647,,,,,0.8095238095238095,,0.4938587544920444,0.06741573033707865,0.16853932584269662,0.7364167781411055,0.7364167781411055,0.16384180790960454,3.0210880974468335,0.8627272818847319,4,1.3357565814350472,0.6626888479950968,91,61.518289963229634,0.709819386965898,47.5,7.663157894736842,0.7428813915961565,57,118.36842105263158,113.5,63.686700255812326,76,0.9215768985091536,0.8701992891677452,0.0938363842932689,6,44.25
raw,db28,1826195.0992702763,0.6889632107023411,147.49968798716583,7.353974947588338,598,1,False,False,127.40559790414892,,9.236204744945326,71508.30122006463,1.0,3.102556286480389e-06,-0.03680419513961942,418.1285589652939,,,,[],[],15,925.7777479497701,408.9290055701856,1278.976308043657,"[3, 35, 79, 111, 166, 213, 245, 291, 349, 389, 428, 461, 503, 549, 582]","[496.94820169259447, 1012.4747656640154, 626.2645484523969, 958.733483188759, 1064.0951940515354, 724.5521587978442, 1278.976308043657, 925.927150944816, 996.865169683281, 1214.8468590202124, 408.9290055701856, 1057.7732649816958, 1250.760174429889, 1176.112236699188, 693.4076980264786]","[2, 21, 71, 71, 71, 202, 71, 271, 321, 372, 420, 420, 71, 504, 568]","[8, 71, 106, 119, 242, 224, 492, 372, 372, 492, 432, 492, 504, 568, 596]",136702257.46271402,1086.9568334330154,-1086.9568334330154,0.0,,,,SWT,txu.059172014718829,68476424.46271402,,0.0,-78.5,71.0,0.0,-56.0,,331.9568334330154,565.9056549265142,17062.333780753448,565.9056549265142,,0.0,565.9056549265142,,,405.9290055701856,0.0,-69.5,523.9763080436569,331.9568334330154,,121.1285589652939,0.29607922495370403,0.15184538752265644,0.5671751092115667,0.1606519423534326,0.8478260869565218,0.09497947110370235,2.687431688617184e-11,0.511538042102439,0.48364077941580963,0.48364077941580963,0.48364077941580963,,0.5619780444041844,0.664029810127816,0.38003532174111504,,,,,0.6000000000000001,,0.09051239698306242,0.00684931506849315,0.1484375,0.2757576170797899,0.2757576170797899,0.3308823529411765,1.86902409966005,0.6403046820208323,41,0.9209667490170441,0.5417451464806141,67,0,0.3783357396982354,0.6274238370777632,47,0,0.3026510317326369,0.5296393055321145,71,14.730919862656235,0.8610290578994695,56.5,53.56421665872949,0.6640050949874705,39,db,0.8936084142394821,0.6843627668132815,0.16916527998837808,3,30.0,,,0.3460539857045397,0.008727286803131395,0.15184538752265647,0.5671751092115667,0.3997483019444691,0.8297872340425532,0.11939074175793113,0.6171254573560269,,0.5205689504494149,0.6051013707587984,0.6051013707587984,0.6051013707587984,,0.0,0.7019694830709471,0.8790686590963246,0.5113571396585659,,,,,0.9047619047619048,,0.4955819288726301,0.005617977528089874,0.10674157303370786,0.4026882667848117,0.4026882667848117,0.2542372881355932,2.5798140054689616,0.7367133472828389,43,1.3075246931065176,0.6486825853173117,100,40.30508652763321,0.8098816673224849,71.5,60.13986013986014,0.7363087581895443,58,118.36842105263158,113.5,63.686700255812326,76,0.9215768985091536,0.8701992891677452,0.0938363842932689,6,45.0
raw,rbio1.5,1949259.4438452446,0.637123745819398,135.93416452598242,14.364728710090152,598,1,False,False,124.9853095791036,,9.242885968626709,71705.53811337725,1.0,2.8472608683826626e-06,0.9856951253365377,416.8145882866937,,,,[],[],16,778.6630181465723,55.342154171303434,1194.0271398376779,"[11, 53, 88, 134, 165, 224, 257, 290, 333, 377, 414, 451, 484, 526, 562, 595]","[771.9893526321414, 1063.4775503611115, 562.8625220962199, 344.8416140781863, 807.2010606265401, 1194.0271398376779, 958.7097370392141, 902.7157188040044, 674.469383817406, 899.0199810179589, 669.3262868386195, 526.0487753006953, 1071.6368997033967, 1064.3724823810508, 892.5676316396316, 55.342154171303434]","[0, 47, 84, 131, 148, 47, 249, 273, 331, 348, 409, 447, 348, 496, 546, 594]","[47, 148, 148, 136, 199, 496, 348, 348, 348, 398, 447, 453, 496, 546, 597, 597]",136687561.32440186,1118.2230831857887,-1118.2230831857887,0.0,,,,SWT,txu.059172014718829,68461728.32440186,,0.0,-46.5,70.0,0.0,-33.0,,363.2230831857887,418.7909251233165,18490.391709654843,418.9536388950784,,0.0,418.7909251233165,,,52.342154171303434,0.0,-46.5,439.02713983767785,363.2230831857887,,119.81458828669372,0.1862825391793441,0.9677348210839941,0.5788187083801537,0.19918880616024415,0.17391304347826092,0.9875133556611636,0.015260585882644074,0.03811964484061203,0.10818100750056381,0.10818100750056381,0.1085962784643546,,0.52608318603318,0.8918189924994365,0.22720957907465567,,,,,0.4,,0.08963347553397803,0.4452054794520548,0.5078125,0.3591822479584495,0.3591822479584495,0.6691176470588236,1.5090942246028034,0.5169971311763855,93,1.496204205683226,0.8801201209901329,19,0,0.34559452099108023,0.5731265055905752,76,0,0.4441016942608293,0.7771779649564512,22,37.61648574760805,0.6451274929470938,52.5,32.78777016341592,0.5749222370395847,70,rbio,0.4375943905070118,0.6578235687825006,0.4963368560103415,1,52.75,,,0.244052300869664,0.0061937235910793365,0.9677348210839941,0.5788187083801537,0.4273075697917459,0.17021276595744678,0.9878501600150827,0.6229683471861909,,0.05590332929700269,0.3179591190976409,0.3179591190976409,0.3182767079540559,,0.0,0.6775465904311158,0.9610606098644323,0.3909031676031468,,,,,0.8571428571428571,,0.49509446333648754,0.3651685393258427,0.3651685393258427,0.4714919049563978,0.4714919049563978,0.5141242937853108,2.2726443697134258,0.648995407128477,98,1.8711903483380574,0.9283255598767105,18,56.568542494923804,0.7331672523824349,58.0,30.413793103448278,0.7297911733610287,59,87.36666666666666,69.5,73.18633909333803,30,0.6802076177391039,1.0,0.22385466758262726,4,45.25
raw,rbio1.1,1929039.764060902,0.6304347826086957,129.99620770960976,14.64197611050789,598,1,False,False,120.87901573648153,-60481.59696052886,9.23529618831073,71508.30122006466,1.0,3.115112197455965e-06,1.0,420.0214280248093,,,,[],[],16,736.2749359104927,77.78174593052029,1067.731239591687,"[9, 53, 105, 155, 187, 224, 259, 290, 333, 377, 433, 464, 493, 526, 562, 595]","[773.5748186180831, 951.7657274770929, 692.9646455628167, 715.5920625607861, 760.8468965567251, 1067.731239591687, 892.3687578574231, 808.9301576774105, 656.1950929411161, 816.0012254892758, 633.5676759431465, 156.97770542341357, 984.2926394116743, 931.9667376038697, 859.8418459228418, 77.78174593052029]","[2, 49, 97, 150, 150, 150, 249, 267, 331, 297, 398, 462, 398, 525, 546, 594]","[31, 150, 150, 182, 188, 398, 398, 398, 351, 398, 447, 471, 597, 597, 597, 597]",136451666.0,1067.731239591687,-1067.731239591687,0.0,,,,SWT,txu.059172014718829,68225833.0,,0.0,-6.0,70.0,0.0,-10.5,,312.731239591687,376.4028428872369,19168.601025432115,376.4028428872369,,0.0,376.4028428872369,,,74.78174593052029,0.0,-15.0,312.731239591687,312.731239591687,,123.02142802480932,0.0,1.0,0.5655917361979278,0.19285713431201132,0.08695652173913043,1.0,2.687656870374997e-11,0.06816407529335516,0.0,0.0,0.0,,0.6136871638790158,1.0,0.0,,,,,0.4,,0.07552545232736853,1.0,1.0,0.22445987327239295,0.22445987327239295,1.0,1.5148394800001563,0.5189653850533684,90,1.4140070439613723,0.8317688493890425,28,0,0.40044974557460916,0.6640972278369374,33,0,0.4064864846108495,0.7113513480689866,29,30.077677215281547,0.7162483281577212,45.0,35.838701767682394,0.6458600131354644,47,rbio,0.4375943905070118,0.6578235687825006,0.4963368560103415,1,35.5,,,0.07099486550535317,0.008851892228401326,1.0,0.5655917361979279,0.4227795355110822,0.08510638297872336,1.0,0.6171254573560276,0.0,0.08539228456202874,0.2352249877625361,0.2352249877625361,0.2352249877625361,,0.0,0.7371524126253974,1.0,0.2118214513224469,,,,,0.8571428571428571,,0.4872699016495642,0.8202247191011236,0.7191011235955056,0.36038096057597213,0.36038096057597213,0.768361581920904,2.2500564848949707,0.6425450210939154,101,1.7990323993085318,0.8925269205282953,30,50.204581464244875,0.7631859364894109,65.5,46.25954198473282,0.7271118361692337,60,87.36666666666666,69.5,73.18633909333803,30,0.6802076177391039,1.0,0.22385466758262726,4,46.0
raw,bior1.1,1929039.764060902,0.6304347826086957,129.99620770960976,14.64197611050789,598,1,False,False,120.87901573648153,-60481.59696052886,9.23529618831073,71508.30122006466,1.0,3.115112197455965e-06,1.0,420.0214280248093,,,,[],[],16,736.2749359104927,77.78174593052029,1067.731239591687,"[9, 53, 105, 155, 187, 224, 259, 290, 333, 377, 433, 464, 493, 526, 562, 595]","[773.5748186180831, 951.7657274770929, 692.9646455628167, 715.5920625607861, 760.8468965567251, 1067.731239591687, 892.3687578574231, 808.9301576774105, 656.1950929411161, 816.0012254892758, 633.5676759431465, 156.97770542341357, 984.2926394116743, 931.9667376038697, 859.8418459228418, 77.78174593052029]","[2, 49, 97, 150, 150, 150, 249, 267, 331, 297, 398, 462, 398, 525, 546, 594]","[31, 150, 150, 182, 188, 398, 398, 398, 351, 398, 447, 471, 597, 597, 597, 597]",136451666.0,1067.731239591687,-1067.731239591687,0.0,,,,SWT,txu.059172014718829,68225833.0,,0.0,-6.0,70.0,0.0,-10.5,,312.731239591687,376.4028428872369,19168.601025432115,376.4028428872369,,0.0,376.4028428872369,,,74.78174593052029,0.0,-15.0,312.731239591687,312.731239591687,,123.02142802480932,0.0,1.0,0.5655917361979278,0.19285713431201132,0.08695652173913043,1.0,2.687656870374997e-11,0.06816407529335516,0.0,0.0,0.0,,0.6136871638790158,1.0,0.0,,,,,0.4,,0.07552545232736853,1.0,1.0,0.22445987327239295,0.22445987327239295,1.0,1.5148394800001563,0.5189653850533684,89,1.4140070439613723,0.8317688493890425,26,0,0.40044974557460916,0.6640972278369374,35,0,0.4064864846108495,0.7113513480689866,28,29.916550603303182,0.7177683905348756,44.5,35.09288847966203,0.6489785348900794,44,bior,0.6384573894282631,0.8222350820376183,0.3064093027889303,2,33.5,,,0.07099486550535317,0.008851892228401326,1.0,0.5655917361979279,0.4227795355110822,0.08510638297872336,1.0,0.6171254573560276,0.0,0.08539228456202874,0.2352249877625361,0.2352249877625361,0.2352249877625361,,0.0,0.7371524126253974,1.0,0.2118214513224469,,,,,0.8571428571428571,,0.4872699016495642,0.8202247191011236,0.7191011235955056,0.36038096057597213,0.36038096057597213,0.768361581920904,2.2500564848949707,0.6425450210939154,102,1.7990323993085318,0.8925269205282953,29,51.61879502661797,0.7565151177989718,65.5,45.16030534351145,0.7237764268240142,61,84.4,85.5,44.010657016619085,30,0.6571101442637968,0.6013507105539218,0.3596176858491657,3,46.5
smoothed,sym11,65059.606429360676,0.6705685618729097,25.1368876963752,11.870327374431305,598,1,False,False,121.2028224196089,,9.014844997283383,51700.48117420397,1.0,8.804804678999712e-05,0.9481365774833805,428.54419837733883,,,,[],[],13,537.5476400051361,120.02692434235098,876.041915830591,"[7, 54, 90, 141, 226, 270, 306, 356, 393, 432, 486, 529, 566]","[629.3370819718929, 876.041915830591, 275.00604100817327, 549.6188987746896, 770.0623964198918, 409.97135354042985, 360.5666595558625, 612.0122259795005, 120.02692434235098, 428.7440768464939, 814.7291726758533, 606.3055327626596, 535.6970403583798]","[0, 49, 85, 100, 150, 250, 299, 299, 391, 398, 398, 499, 549]","[49, 398, 150, 150, 398, 299, 351, 398, 398, 449, 597, 597, 597]",111374708.2802737,746.2175882588236,-746.2175882588236,0.0,,,,SWT,txu.059172014718829,55698731.44027375,,0.0,-59.0,57.0,0.0,-27.5,,227.41758825882368,391.14764000513617,3259.8806799332306,391.14764000513605,,0.0,391.14764000513617,,,115.02692434235098,0.0,-50.0,357.2419158305911,227.41758825882368,,126.64419837733885,0.6252672045436578,0.9149049792595133,0.18728733590574534,0.046245985245204055,0.5777777777777778,0.955949821339115,0.3252765492998036,0.42406512375076544,0.8537425551560132,0.8537425551560132,0.8537425551560119,,0.9642613120176708,0.7637326920440624,0.7280243158766266,,,,,1.0,,0.4620517668430108,0.04827586206896552,0.1780821917808219,0.5403647456232644,0.5403647456232644,0.4827586206896552,3.0899563079285426,1.0,1,1.7819099396651232,0.6956479825673683,15,0,0.57954726945241,1.0,1,0,0.5311797361730876,0.7188802354833445,11,7.118052168020874,0.9328485644526333,7.0,1.8539325842696628,0.9334054143017884,4,sym,0.3775829929004878,0.6346964899812167,0.5452829579752935,2,3.5,0.6167282360138835,0.0,0.08464151532719465,0.851730155295849,0.6774442529412774,0.18140383485398448,0.005356206247068507,0.5957446808510638,0.955949821339115,0.030344209893150786,,0.1382804243532531,0.2640042558234867,0.2640042558234867,0.26400425582348647,,0.0,0.8044891750201654,0.0866007681108546,0.27493552136076194,,,,,0.23809523809523814,,0.07175052176794422,0.2247191011235955,0.3258426966292135,0.17264211617291012,0.17264211617291012,0.576271186440678,1.2325813094476523,0.3519862673651842,109,1.4135735583355378,0.701295015835382,63,32.526911934581186,0.8465711701199001,86.0,79.84883720930233,0.7204553963807048,62,99.42105263157895,110.0,57.971862503332275,38,0.7740590312511298,0.7921131623949381,0.22052472940572765,5,47.75
raw,db1,1929039.764060902,0.6304347826086957,129.99620770960976,14.64197611050789,598,1,False,False,120.87901573648153,-60481.59696052886,9.23529618831073,71508.30122006466,1.0,3.115112197455965e-06,1.0,420.0214280248093,,,,[],[],16,736.2749359104927,77.78174593052029,1067.731239591687,"[9, 53, 105, 155, 187, 224, 259, 290, 333, 377, 433, 464, 493, 526, 562, 595]","[773.5748186180831, 951.7657274770929, 692.9646455628167, 715.5920625607861, 760.8468965567251, 1067.731239591687, 892.3687578574231, 808.9301576774105, 656.1950929411161, 816.0012254892758, 633.5676759431465, 156.97770542341357, 984.2926394116743, 931.9667376038697, 859.8418459228418, 77.78174593052029]","[2, 49, 97, 150, 150, 150, 249, 267, 331, 297, 398, 462, 398, 525, 546, 594]","[31, 150, 150, 182, 188, 398, 398, 398, 351, 398, 447, 471, 597, 597, 597, 597]",136451666.0,1067.731239591687,-1067.731239591687,0.0,,,,SWT,txu.059172014718829,68225833.0,,0.0,-6.0,70.0,0.0,-10.5,,312.731239591687,376.4028428872369,19168.601025432115,376.4028428872369,,0.0,376.4028428872369,,,74.78174593052029,0.0,-15.0,312.731239591687,312.731239591687,,123.02142802480932,0.0,1.0,0.5655917361979278,0.19285713431201132,0.08695652173913043,1.0,2.687656870374997e-11,0.06816407529335516,0.0,0.0,0.0,,0.6136871638790158,1.0,0.0,,,,,0.4,,0.07552545232736853,1.0,1.0,0.22445987327239295,0.22445987327239295,1.0,1.5148394800001563,0.5189653850533684,92,1.4140070439613723,0.8317688493890425,27,0,0.40044974557460916,0.6640972278369374,34,0,0.4064864846108495,0.7113513480689866,30,30.966379618332308,0.7078643432232801,45.75,36.14946710610795,0.6381302848191872,49,db,0.8936084142394821,0.6843627668132815,0.16916527998837808,3,37.5,,,0.07099486550535317,0.008851892228401326,1.0,0.5655917361979279,0.4227795355110822,0.08510638297872336,1.0,0.6171254573560276,0.0,0.08539228456202874,0.2352249877625361,0.2352249877625361,0.2352249877625361,,0.0,0.7371524126253974,1.0,0.2118214513224469,,,,,0.8571428571428571,,0.4872699016495642,0.8202247191011236,0.7191011235955056,0.36038096057597213,0.36038096057597213,0.768361581920904,2.2500564848949707,0.6425450210939154,103,1.7990323993085318,0.8925269205282953,28,53.033008588991066,0.7498442991085328,65.5,44.03053435114504,0.7204410174787947,63,118.36842105263158,113.5,63.686700255812326,76,0.9215768985091536,0.8701992891677452,0.0938363842932689,6,48.75
raw,coif13,1830634.0508493136,0.6655518394648829,139.95525751099566,7.584692639953038,598,1,False,False,132.40162620362534,,9.22522065911325,71508.30122006468,1.0,3.1339143824955635e-06,0.01960536422855284,419.5348809788119,,,,[],[],17,851.8564512933702,333.559778740282,1256.5450437236495,"[3, 34, 66, 99, 153, 196, 236, 269, 302, 333, 366, 408, 440, 472, 502, 533, 573]","[501.46595080002925, 1147.5479191306617, 1256.5450437236495, 707.2535600213494, 892.179474123134, 1016.0280464216862, 1128.6148019968796, 818.1305974374997, 676.0239721265827, 431.557746470809, 985.1135187319717, 786.6913706182615, 521.3556961390764, 1149.1289098220248, 333.559778740282, 1170.254908129824, 960.1083775535725]","[0, 13, 60, 97, 110, 162, 213, 263, 285, 330, 274, 397, 439, 274, 501, 511, 559]","[4, 60, 511, 110, 162, 274, 274, 274, 312, 343, 471, 412, 460, 482, 503, 559, 596]",136222029.09367213,1083.4081542114484,-1083.4081542114484,0.0,,,,SWT,txu.059172014718829,67996196.09367213,,0.0,-68.5,69.0,0.0,-59.5,,328.4081542114484,491.98435827011446,16467.440328012708,491.98435827011446,,0.0,491.98435827011446,,,330.559778740282,0.0,-73.0,501.54504372364954,328.4081542114484,,122.53488097881188,0.5227246802248857,0.17869558562016313,0.5480327636232246,0.1620419735036996,0.5434782608695653,0.1442190570289074,2.6877694612539033e-11,0.4106259792598532,0.2949820827685089,0.2949820827685089,0.29498208276850896,,0.6003957430038451,0.5691384962283221,0.3396808991958511,,,,,0.2,,0.061791721861186505,0.14383561643835618,0.09375,0.26628902853761155,0.26628902853761155,0.27941176470588236,1.4403316244142732,0.49343990959927964,98,0.8941510511731658,0.5259712065724504,75,0,0.2940110375767177,0.48758156838878997,100,0,0.29988461727104626,0.5247980802243308,74,14.174507634012077,0.8662782298678106,86.75,85.01426282677504,0.5239410017263582,91,coif,0.9937654673519892,0.5954621649402658,0.1257255233715278,4,69.25,,,0.5566087773613444,0.009038485958431708,0.17869558562016316,0.5480327636232246,0.400742369364649,0.5319148936170212,0.1673021800659896,0.6171254573560282,,0.4215225960328408,0.4608199137216551,0.4608199137216551,0.4608199137216551,,0.0,0.7281089183814606,0.8449128495158883,0.4795506494641191,,,,,0.8095238095238095,,0.4796529294026035,0.11797752808988762,0.06741573033707865,0.39487914215111414,0.39487914215111414,0.21468926553672318,2.350545734161389,0.6712415748129286,90,1.2778361092775832,0.6339536341823184,114,16.97056274847714,0.9199501757147305,102.0,100.58823529411764,0.7194090501215162,64,128.44117647058823,122.5,52.71316963643363,34,1.0,0.7202596862948154,0.08392209411155538,7,49.75
raw,haar,1929039.764060902,0.6304347826086957,129.99620770960976,14.64197611050789,598,1,False,False,120.87901573648153,-60481.59696052886,9.23529618831073,71508.30122006466,1.0,3.115112197455965e-06,1.0,420.0214280248093,,,,[],[],16,736.2749359104927,77.78174593052029,1067.731239591687,"[9, 53, 105, 155, 187, 224, 259, 290, 333, 377, 433, 464, 493, 526, 562, 595]","[773.5748186180831, 951.7657274770929, 692.9646455628167, 715.5920625607861, 760.8468965567251, 1067.731239591687, 892.3687578574231, 808.9301576774105, 656.1950929411161, 816.0012254892758, 633.5676759431465, 156.97770542341357, 984.2926394116743, 931.9667376038697, 859.8418459228418, 77.78174593052029]","[2, 49, 97, 150, 150, 150, 249, 267, 331, 297, 398, 462, 398, 525, 546, 594]","[31, 150, 150, 182, 188, 398, 398, 398, 351, 398, 447, 471, 597, 597, 597, 597]",136451666.0,1067.731239591687,-1067.731239591687,0.0,,,,SWT,txu.059172014718829,68225833.0,,0.0,-6.0,70.0,0.0,-10.5,,312.731239591687,376.4028428872369,19168.601025432115,376.4028428872369,,0.0,376.4028428872369,,,74.78174593052029,0.0,-15.0,312.731239591687,312.731239591687,,123.02142802480932,0.0,1.0,0.5655917361979278,0.19285713431201132,0.08695652173913043,1.0,2.687656870374997e-11,0.06816407529335516,0.0,0.0,0.0,,0.6136871638790158,1.0,0.0,,,,,0.4,,0.07552545232736853,1.0,1.0,0.22445987327239295,0.22445987327239295,1.0,1.5148394800001563,0.5189653850533684,91,1.4140070439613723,0.8317688493890425,25,0,0.40044974557460916,0.6640972278369374,36,0,0.4064864846108495,0.7113513480689866,31,30.5,0.7122641509433962,45.75,36.027969249435046,0.6403301886792453,48,haar,0.7378640776699029,,,7,37.75,,,0.07099486550535317,0.008851892228401326,1.0,0.5655917361979279,0.4227795355110822,0.08510638297872336,1.0,0.6171254573560276,0.0,0.08539228456202874,0.2352249877625361,0.2352249877625361,0.2352249877625361,,0.0,0.7371524126253974,1.0,0.2118214513224469,,,,,0.8571428571428571,,0.4872699016495642,0.8202247191011236,0.7191011235955056,0.36038096057597213,0.36038096057597213,0.768361581920904,2.2500564848949707,0.6425450210939154,104,1.7990323993085318,0.8925269205282953,27,54.44722215136416,0.7431734804180936,65.5,42.87022900763359,0.7171056081335752,65,73.0,73.0,11.313708498984761,2,0.5683535607968857,0.15458770911543818,0.5557761947075486,1,49.0
raw,db33,1827585.1740061648,0.6739130434782609,145.2562236258352,7.470183682902881,598,1,False,False,130.1062182281801,,9.238079786153335,71508.30122006465,1.0,3.1549980191444847e-06,-0.01362067673059111,416.25521677605457,,,,[],[],16,910.0991002960762,382.6842679046464,1342.043598420302,"[4, 47, 97, 152, 198, 231, 267, 296, 340, 380, 420, 456, 486, 519, 554, 592]","[382.6842679046464, 1140.4854813357774, 1066.598010775255, 966.930855320399, 835.2703390325092, 1264.9016404102888, 721.8800034174571, 1101.586690481959, 843.3215812743846, 1005.0667521680377, 566.2511729700402, 1241.6886920726467, 847.8308905887407, 1342.043598420302, 387.48566562213443, 847.5599629426417]","[2, 10, 75, 126, 176, 75, 265, 265, 325, 325, 409, 325, 473, 499, 549, 574]","[10, 574, 126, 176, 226, 499, 277, 325, 375, 424, 424, 499, 499, 574, 574, 594]",136190359.21930906,1132.8422828075506,-1132.8422828075506,0.0,,,,SWT,txu.059172014718829,67964526.21930906,,0.0,-78.0,70.0,0.0,-69.0,,377.84228280755065,550.2270072728204,16387.41439526278,550.2270072728205,,0.0,550.2270072728204,,,379.6842679046464,0.0,-64.5,587.043598420302,377.84228280755065,,119.25521677605457,0.418593207294196,0.16536939399080375,0.5704428082576981,0.16108723594690388,0.6521739130434784,0.1152162334456896,2.6875442794960907e-11,0.47639889144392,0.4436264213711033,0.4436264213711033,0.4436264213711036,,0.5108023571089323,0.5563735786288965,0.4934950023162293,,,,,0.4,,0.05989766430155727,0.013698630136986314,0.2265625,0.39818920727817897,0.39818920727817897,0.13970588235294118,1.723710720240535,0.5905221044609663,62,0.8975206792914595,0.527953340759682,71,0,0.3574422989256524,0.5927746051819159,64,0,0.2975546845722351,0.5207206980014114,76,6.4485140407177015,0.9391649618800217,68.25,67.80070804754938,0.6476485186758599,45,db,0.8936084142394821,0.6843627668132815,0.16916527998837808,3,34.5,,,0.45987010434624326,0.009247720916849722,0.16536939399080375,0.5704428082576981,0.400059597975065,0.6382978723404255,0.1390816545120665,0.6171254573560273,,0.48607946849867734,0.5744993895954839,0.5744993895954839,0.5744993895954841,,0.0,0.6671495012322348,0.840318160319175,0.6007836260276783,,,,,0.8571428571428571,,0.47860245124582257,0.011235955056179775,0.16292134831460675,0.5036625083734155,0.5036625083734155,0.10734463276836159,2.539506963695254,0.7252029300197234,56,1.2830101807731995,0.6365205685523446,109,37.476659402887016,0.8232233047033631,82.5,73.98787878787878,0.7170361806535683,66,118.36842105263158,113.5,63.686700255812326,76,0.9215768985091536,0.8701992891677452,0.0938363842932689,6,51.0
raw,db6,1843304.8954635551,0.6822742474916388,145.66023732426063,7.084325993112066,598,1,False,False,131.7601169922227,,9.233199349910906,71508.30122006465,1.0,3.2128709455146552e-06,-0.11119237508011517,418.35620328624873,,,,[],[],16,847.9443254684818,87.08024142391821,1503.4518655132101,"[12, 57, 108, 138, 170, 210, 241, 273, 311, 357, 398, 441, 490, 519, 565, 596]","[1051.130749127338, 1503.4518655132101, 1124.3565937943495, 111.87531091812707, 659.6077836403542, 1180.975808708573, 87.08024142391821, 1029.950856102477, 877.9908203988621, 1163.8960080014601, 503.54582029873137, 560.6360223492518, 1317.2133795500113, 1046.419051143935, 991.9387472966788, 357.0401492284327]","[5, 52, 102, 134, 156, 204, 240, 253, 302, 253, 387, 430, 253, 502, 553, 588]","[52, 253, 253, 139, 179, 253, 244, 354, 354, 476, 476, 476, 553, 553, 584, 597]",137038966.54351652,1225.7545690863133,-1225.7545690863133,0.0,,,,SWT,txu.059172014718829,68813133.54351652,,0.0,-69.0,70.0,0.0,-73.5,,470.75456908631327,488.072232445226,17381.89079250429,488.5627648865086,,0.0,488.072232445226,,,84.08024142391821,0.0,-78.0,748.4518655132101,470.75456908631327,,121.35620328624873,0.4936225337670189,0.12046449180431319,0.561937503528412,0.16600977274646755,0.7608695652173915,0.03004644877510873,2.6875442794960907e-11,0.08061385620578165,0.28499772653252015,0.28499772653252015,0.28624964195096514,,0.5681967985915624,0.71500227346748,0.7838726341627025,,,,,0.4,,0.11064971652461272,0.13698630136986303,0.015625,0.646097838731831,0.646097838731831,0.0735294117647059,1.8183245447223744,0.622935637711093,47,0.9007054989578835,0.5298267640928727,70,0,0.3594940546118841,0.596177192593902,63,0,0.3047071879807982,0.5332375789663968,70,10.847426730181986,0.8976657855643209,62.5,60.86330935251799,0.6540215720274434,41,db,0.8936084142394821,0.6843627668132815,0.16916527998837808,3,31.5,,,0.5295727338771709,0.009822054441194994,0.1204644918043132,0.561937503528412,0.40357990286617745,0.7446808510638296,0.056209168741093385,0.6171254573560273,,0.0976118882241244,0.45318412755909354,0.45318412755909354,0.4541415611885551,,0.0,0.7062007287914909,0.8974160259956738,0.8296530464648564,,,,,0.8571428571428571,,0.5067504460103344,0.11235955056179774,0.011235955056179775,0.7081226971509897,0.7081226971509897,0.056497175141242945,2.557211842298023,0.7302588838020625,49,1.2840620256397726,0.6370424045459581,108,41.71930009000631,0.8032108486320457,78.5,67.41401273885351,0.7164639148820606,67,118.36842105263158,113.5,63.686700255812326,76,0.9215768985091536,0.8701992891677452,0.0938363842932689,6,51.75
raw,db8,1837625.2403526655,0.6638795986622074,142.61043837577725,7.75308716767131,598,1,False,False,131.81558691855545,,9.233343007299965,71508.30122006465,1.0,3.138388194379408e-06,0.08053032762858173,418.4188320454167,,,,[],[],14,976.640819806935,562.6553743423068,1356.0879323217516,"[13, 58, 95, 146, 176, 229, 276, 312, 359, 399, 429, 482, 526, 571]","[1352.1975397505573, 1081.0464614295422, 776.190923850388, 1039.1309430078284, 562.6553743423068, 1144.7131755728378, 873.8270471842783, 911.5064114408051, 1306.578404925401, 626.5369782520137, 1073.389974074654, 787.5585766819163, 1356.0879323217516, 781.5517344628072]","[5, 56, 72, 103, 167, 154, 255, 284, 154, 397, 404, 404, 404, 554]","[404, 154, 154, 154, 204, 356, 356, 356, 404, 404, 476, 489, 554, 584]",136974860.72476003,1173.099886368575,-1173.099886368575,0.0,,,,SWT,txu.059172014718829,68749027.72476003,,0.0,-70.0,72.0,0.0,-61.0,,418.09988636857497,616.7687267836793,17276.02852270291,616.7687267836791,,0.0,616.7687267836793,,,559.6553743423068,0.0,-74.5,601.0879323217516,418.09988636857497,,121.4188320454167,0.49613893398614206,0.19829281018248485,0.5621878602198758,0.16423122270231014,0.5217391304347827,0.19740011364283883,2.6875442794960907e-11,0.7173626954600335,0.6134512843458528,0.6134512843458528,0.6134512843458522,,0.5699076818531899,0.6981162078576544,0.5187611209148303,,,,,0.8,,0.10681578560212189,0.12328767123287672,0.0703125,0.5056045750851214,0.5056045750851214,0.2573529411764706,2.3071877980558058,0.7904141790708682,5,0.9186826054082252,0.5404015325930736,68,0,0.4795342576646414,0.7952492783107515,6,0,0.30571286731361574,0.5349975177988274,69,36.37764881535547,0.6568146338174012,37.0,10.10444707655863,0.6538790150219081,42,db,0.8936084142394821,0.6843627668132815,0.16916527998837808,3,32.25,,,0.5319104826011796,0.009082884268793112,0.19829281018248485,0.5621878602198758,0.4023079898923444,0.5106382978723404,0.21904877511222184,0.6171254573560273,,0.722588223367515,0.7043772012552235,0.7043772012552235,0.7043772012552232,,0.0,0.7073648152404783,0.8913379434206676,0.6206978387154385,,,,,0.9523809523809523,,0.5046240794338761,0.10112359550561796,0.050561797752808973,0.5922522692487884,0.5922522692487884,0.1977401129943503,2.8852981371217945,0.8239499607342956,9,1.3022466333628286,0.6460640608198042,103,66.46803743153546,0.6864715215493611,56.0,16.55357142857143,0.7111602890765674,68,118.36842105263158,113.5,63.686700255812326,76,0.9215768985091536,0.8701992891677452,0.0938363842932689,6,52.5
smoothed,rbio5.5,55966.11699949132,0.6638795986622074,22.392621537392216,11.57302235971925,598,1,False,False,122.22563603564444,,8.98772629833142,53095.53059706109,1.0,0.00010155041505589478,0.9469021587222388,426.74514821476464,,,,[],[],15,560.7195075368713,198.3906818952342,866.5286041989461,"[21, 53, 89, 140, 170, 225, 269, 305, 355, 394, 431, 493, 528, 559, 593]","[778.6604469443357, 866.5286041989461, 301.0920371745616, 600.1289879318367, 565.7314137837703, 754.4506889192168, 504.5654352557684, 198.3906818952342, 644.3371699392803, 298.0247774728074, 474.618516940566, 659.2346278229013, 755.3838100715167, 657.546314486299, 352.09910021603037]","[0, 50, 85, 98, 151, 151, 250, 298, 298, 384, 399, 151, 151, 548, 583]","[50, 151, 98, 151, 201, 399, 399, 316, 399, 399, 448, 498, 596, 596, 596]",113394505.85180366,737.5268259875651,-737.5268259875651,0.0,,,,SWT,txu.059172014718829,57718529.0118037,,0.0,-49.0,55.0,0.0,-40.0,,218.72682598756512,414.31950753687136,1837.2073869469295,414.3195075368714,,0.0,414.31950753687136,,,193.3906818952342,0.0,-53.5,347.7286041989462,218.72682598756512,,124.84514821476466,0.943700858928598,0.8555721045243406,0.04831655611561961,0.02866339951745288,0.48888888888888893,0.9549013682226009,0.7682789282348697,0.739879241396801,1.0,1.0,0.9999999999999999,,0.9241811713684156,0.04337166180952501,0.6923045380124185,,,,,0.6000000000000001,,0.8934855042276397,0.18620689655172412,0.13013698630136986,0.48050515570589114,0.48050515570589114,0.3103448275862069,2.9245406262129467,0.946466659968248,2,2.0087036091154995,0.7841870019085222,2,0,0.5653947425777257,0.975580030101675,2,0,0.6314287783737279,0.8545538129119319,2,0.0,1.0,2.0,2.0,0.9905660377358491,1,rbio,0.602964079377041,1.0,0.2779251444360713,3,1.5,0.9631081225574529,0.0,0.1277474176397725,0.9857282652852841,0.64284483207076,0.1341431419587472,0.0033197925991537702,0.5106382978723404,0.954901368222601,0.07167075863608197,,0.24126203674943913,0.3092316931246827,0.3092316931246827,0.3092316931246828,,0.0,0.771050065845348,0.0049179762318363185,0.2614460876484258,,,,,0.1428571428571429,,0.13874646894751416,0.3370786516853932,0.28651685393258425,0.15351746683136547,0.15351746683136547,0.4350282485875706,1.2066824783283234,0.3445903797065445,113,1.4033652412913327,0.696230516842066,66,33.23401871576773,0.8432357607746805,89.5,83.32960893854748,0.7105329747269629,69,87.36666666666666,69.5,73.18633909333803,30,0.6802076177391039,1.0,0.22385466758262726,4,52.75
raw,rbio1.3,1923440.691922651,0.6438127090301003,136.2208245102211,14.496122103033786,598,1,False,False,123.7874436425779,,9.238655324287553,71517.17848020261,1.0,2.9144185915259806e-06,0.9918933224059042,417.1930009000631,,,,[],[],16,762.1174790541697,61.87184335382301,1167.0797423483966,"[11, 53, 88, 134, 165, 224, 257, 290, 333, 377, 414, 451, 493, 526, 562, 595]","[762.2611101190981, 1042.8941139025094, 539.0805323070942, 344.6261674807935, 790.54538136656, 1167.0797423483966, 939.3029704586802, 879.4640591007687, 669.8952868266056, 878.4033989289885, 649.6543552151406, 515.6576201802898, 1032.4642888800079, 1035.4694927000505, 885.2093016979092, 61.87184335382301]","[0, 47, 84, 112, 148, 47, 249, 273, 331, 348, 409, 447, 348, 496, 546, 594]","[47, 148, 148, 136, 199, 496, 348, 348, 348, 398, 447, 453, 496, 546, 597, 597]",136462283.203125,1109.5389280293414,-1109.5389280293414,0.0,,,,SWT,txu.059172014718829,68236450.203125,,0.0,-46.5,70.0,0.0,-28.5,,354.5389280293414,402.24538603091395,18755.120335133284,402.35115483887483,,0.0,402.24538603091395,,,58.87184335382301,0.0,-42.0,412.0797423483966,354.5389280293414,,120.19300090006311,0.13194119956640393,0.9830259701635515,0.571445818433774,0.19110381834399873,0.26086956521739135,0.992923726892509,0.0006868501806376569,0.046862263450937636,0.06595420708323924,0.06595420708323924,0.06622414560377943,,0.5364206063302345,0.934045792916761,0.1787305165811653,,,,,0.4,,0.07616042781260374,0.4452054794520548,0.578125,0.3360111787017227,0.3360111787017227,0.7352941176470589,1.4799734617420472,0.5070207157801623,95,1.5124648172731538,0.8896851866312668,16,0,0.3429285086688943,0.5687052482115692,78,0,0.4474281355426095,0.7829992371995665,20,40.18602576352465,0.6208865494007109,52.25,29.444927356264746,0.5639810105494121,76,rbio,0.4375943905070118,0.6578235687825006,0.4963368560103415,1,57.25,,,0.19356891735392528,0.006860199856219218,0.9830259701635516,0.571445818433774,0.4215256684443277,0.25531914893617014,0.9931145963949508,0.6173884347945211,,0.06448431037116839,0.2856651172917326,0.2856651172917326,0.2858715595270821,,0.0,0.6845801801301831,0.9762600047824208,0.3526930104857791,,,,,0.8571428571428571,,0.4876220703964641,0.3651685393258427,0.4157303370786517,0.45238179504764175,0.45238179504764175,0.5649717514124294,2.241977563041073,0.6402379363394316,105,1.8927589327504823,0.939026057673846,15,63.63961030678928,0.6998131589302392,60.0,26.249999999999996,0.7083971455028555,70,87.36666666666666,69.5,73.18633909333803,30,0.6802076177391039,1.0,0.22385466758262726,4,53.5
raw,coif5,1840912.6492173586,0.6588628762541806,143.0234266011881,7.845315439675154,598,1,False,False,131.76710268452922,,9.228561413148952,71508.30122006465,1.0,3.1249749889680715e-06,0.08545081352775814,418.39380918256836,,,,[],[],15,934.608451066558,434.2795719211519,1278.2192045314246,"[26, 56, 114, 143, 183, 230, 262, 296, 326, 360, 400, 448, 491, 525, 581]","[1278.2192045314246, 998.1478111945826, 859.9427088506325, 521.2330706097101, 1009.1667683052026, 1149.113908685445, 1272.8576987263918, 996.2947688418006, 434.2795719211519, 1079.6320462127799, 622.447326936381, 519.0336588247523, 1194.3502496480405, 1229.7764876823358, 854.6314850277395]","[4, 53, 101, 136, 53, 53, 53, 282, 323, 282, 398, 431, 405, 405, 551]","[405, 155, 155, 155, 203, 254, 405, 353, 335, 405, 405, 475, 501, 551, 583]",135954142.81176713,1184.1186131565619,-1184.1186131565619,0.0,,,,SWT,txu.059172014718829,67728309.81176713,,0.0,-69.5,71.0,0.0,-78.5,,429.1186131565619,574.7363580433023,16929.87323400163,574.7363580433022,,0.0,574.7363580433023,,,431.2795719211519,0.0,-74.0,523.2192045314246,429.1186131565619,,121.39380918256836,0.4939394405814506,0.2090260458876147,0.5538548110156735,0.16526065513567273,0.45652173913043487,0.20169517800675157,2.6875442794960907e-11,0.5454799843553064,0.5061781132539365,0.5061781132539365,0.5061781132539362,,0.5692241109542294,0.6429010596545723,0.37867327301273035,,,,,0.6000000000000001,,0.045770438304884344,0.13013698630136988,0.078125,0.5350047501080011,0.5350047501080011,0.0,1.9123168368716805,0.6551362416241282,37,0.8964419596483019,0.5273187997931187,72,0,0.39848962089720763,0.6608465993152254,38,0,0.29718540996921056,0.5200744674461184,78,21.792582836062977,0.7944095958861983,56.25,49.967384907451354,0.6318746092638539,51,coif,0.9937654673519892,0.5954621649402658,0.1257255233715278,4,39.25,,,0.5298671419349341,0.008949771014982844,0.2090260458876147,0.5538548110156734,0.4030441786051555,0.4468085106382978,0.22322798798402238,0.6171254573560273,,0.5538833585317128,0.6223373605206517,0.6223373605206517,0.6223373605206515,,0.0,0.706899713010391,0.8714634363611748,0.5102836020685996,,,,,0.9047619047619048,,0.47076723934850384,0.10674157303370785,0.056179775280898875,0.6164997724519818,0.6164997724519818,0.0,2.6307724331394504,0.7512654637306958,36,1.2803749786192975,0.6352132052917965,110,52.32590180780452,0.7531797084537523,73.0,54.24657534246575,0.7044200429061214,71,128.44117647058823,122.5,52.71316963643363,34,1.0,0.7202596862948154,0.08392209411155538,7,55.0
raw,sym17,1846860.636837161,0.657190635451505,138.51569951406188,13.866403157256668,598,1,False,False,126.63553998222645,,9.221208236210979,71508.30122009193,1.0,3.1229657186157755e-06,0.9535846388128866,413.9538840342417,,,,[],[],18,786.8685446243175,40.83494982064627,1239.8905998775738,"[18, 53, 88, 125, 155, 187, 224, 257, 290, 320, 354, 384, 414, 452, 493, 526, 566, 596]","[879.4374542062233, 1149.6214517443395, 608.8736390726222, 685.1453967558436, 842.7588804094557, 701.9833579276751, 1239.8905998775738, 999.3306004177194, 922.3045981978153, 890.4436891510021, 978.6827157817893, 142.31430305364194, 704.9153959697819, 518.6228897831865, 1158.998310533195, 846.9860489747, 852.4895215605032, 40.83494982064627]","[0, 47, 85, 98, 148, 186, 47, 249, 273, 297, 349, 382, 409, 448, 409, 523, 547, 594]","[47, 148, 148, 131, 200, 200, 497, 409, 349, 349, 409, 385, 419, 453, 497, 569, 569, 597]",136506199.4868446,1172.6453662216152,-1172.6453662216152,0.0,,,,SWT,txu.059172014718829,68280366.4868446,,0.0,-50.0,68.0,0.0,-36.5,,417.6453662216152,426.99645160106166,16785.366196762287,427.25266697898275,,0.0,426.99645160106166,,,37.83494982064627,0.0,-45.5,484.8905998775738,417.6453662216152,,116.9538840342417,0.26114544999538575,0.9097412633577044,0.5410401757086662,0.16712323190086478,0.4347826086956523,0.95948429324708,2.898652177445616e-11,0.01869590946904376,0.12912279289418205,0.12912279289418205,0.12977669456319996,,0.44793488664153114,0.6198507763337702,0.3097191255466746,,,,,0.0,,0.07878689763109278,0.3972602739726028,0.5234375,0.504391824090459,0.504391824090459,0.6176470588235294,1.2675172188208665,0.4342358185218923,106,1.5359768576066912,0.9035157985921712,14,0,0.3150098826393377,0.522405600487632,97,0,0.46761671756204864,0.8183292557335851,15,50.36533199202271,0.5248553585658235,58.0,25.342362855332034,0.4888427736225344,104,sym,1.0,1.0,0.0,5,79.25,,,0.31360032940098154,0.008929830925632265,0.9097412633577044,0.5410401757086662,0.4043761824811162,0.42553191489361697,0.9605771302068107,0.6171254573568357,,0.03683870883921721,0.33397487327831965,0.33397487327831965,0.3344749609352449,,0.0,0.6243744200244093,0.86316656433436,0.4559354221935058,,,,,0.7619047619047619,,0.4890787574753443,0.32584269662921345,0.3764044943820225,0.5912520648756898,0.5912520648756898,0.47457627118644063,2.2344593109637323,0.6380909611536731,106,1.9166057861904033,0.9508568388611125,12,66.46803743153546,0.6864715215493611,59.0,21.559322033898308,0.7040848173784542,72,99.42105263157895,110.0,57.971862503332275,38,0.7740590312511298,0.7921131623949381,0.22052472940572765,5,55.25
raw,coif16,1828609.2294806319,0.6672240802675585,140.9966020784532,7.540473891765177,598,1,False,False,132.1868768779347,,9.224846314187777,71508.30122006468,1.0,3.131124323251203e-06,0.01696875385834191,408.24118353639585,,,,[],[],16,843.6188960897455,171.06790372966395,1538.829560982814,"[22, 56, 96, 142, 172, 207, 240, 285, 319, 349, 393, 431, 467, 509, 542, 573]","[970.6214964143574, 1086.7008385655436, 584.1024082588718, 654.9725752053399, 1074.169257049794, 677.1952658935536, 944.6932494390467, 1044.036994254676, 174.43893778885138, 1221.64999794305, 759.6669748428462, 737.123784652454, 1043.220350948771, 1538.829560982814, 171.06790372966395, 815.4127414662927]","[16, 16, 90, 137, 64, 197, 210, 210, 314, 64, 387, 415, 464, 464, 539, 564]","[40, 64, 164, 164, 210, 210, 265, 314, 321, 464, 464, 464, 468, 515, 543, 595]",136707643.92395666,1307.5424816728375,-1307.5424816728375,0.0,,,,SWT,txu.059172014718829,68481810.92395666,,0.0,-78.0,70.0,0.0,-78.0,,552.5424816728375,483.7468030664897,17451.097662564072,483.7468030664896,,0.0,483.7468030664897,,,168.06790372966395,0.0,-69.0,783.829560982814,552.5424816728375,,111.24118353639585,0.5129825499220143,0.17354954702945521,0.5473803797979178,0.1614079127967783,0.5652173913043479,0.1419175747211314,2.6877694612539033e-11,0.19306516575320276,0.2739585550630937,0.2739585550630937,0.2739585550630934,,0.2918761719184628,0.7260414449369065,0.847518019964014,,,,,0.4,,0.0908345412239686,0.013698630136986314,0.15625,0.8643244080139898,0.8643244080139898,0.00735294117647059,1.8068125527590098,0.6189917707727965,50,0.8952726259125682,0.5266309564191577,73,0,0.3769400997376624,0.6251093378450441,50,0,0.30035076508550324,0.5256138388996305,73,13.279056191361393,0.8747258849871566,61.5,59.349593495934954,0.6472686028709368,46,coif,0.9937654673519892,0.5954621649402658,0.1257255233715278,4,35.5,,,0.5475582882890608,0.00901079728499754,0.17354954702945521,0.5473803797979178,0.40028892694284024,0.553191489361702,0.16506277602685748,0.6171254573560282,,0.20798414646857155,0.44474164506347147,0.44474164506347147,0.44474164506347125,,0.0,0.518191935731049,0.9013895386718169,0.8798169742757571,,,,,0.8571428571428571,,0.4957605958232115,0.011235955056179775,0.11235955056179775,0.888102899091051,0.888102899091051,0.005649717514124297,2.5718300433067993,0.7344333800151999,45,1.2790869963581046,0.6345742179996724,113,48.08326112068523,0.7731921645250697,79.0,64.36708860759494,0.7002753275455538,73,128.44117647058823,122.5,52.71316963643363,34,1.0,0.7202596862948154,0.08392209411155538,7,56.5
raw,db25,1825723.2494740852,0.6755852842809364,146.01602533491615,7.372487672123857,598,1,False,False,130.63588399740354,,9.235429143302468,71508.30122006465,1.0,3.163370333378759e-06,-0.040974314940806326,410.8347367744976,,,,[],[],15,956.0115728912458,420.611109849919,1374.096909449551,"[26, 60, 91, 123, 158, 190, 244, 288, 346, 386, 426, 460, 506, 539, 595]","[1045.7100518396678, 722.0606487742431, 1153.9081188084172, 705.78758243528, 978.467799477461, 1138.6163440072548, 997.0029672929834, 949.7221611237433, 992.2118831267413, 947.9706117283536, 420.611109849919, 1099.7403113072812, 1374.096909449551, 914.9796457554635, 899.2874483923276]","[5, 57, 5, 116, 116, 168, 240, 268, 268, 369, 418, 268, 168, 517, 566]","[37, 69, 168, 141, 168, 268, 268, 317, 418, 418, 430, 465, 566, 566, 597]",136244100.8633125,1233.583691540087,-1233.583691540087,0.0,,,,SWT,txu.059172014718829,68018267.86331251,,0.0,-74.0,71.0,0.0,-65.0,,478.5836915400871,596.1394798679901,16608.826406631313,596.1394798679901,,0.0,596.1394798679901,,,417.611109849919,0.0,-74.0,619.096909449551,478.5836915400871,,113.83473677449763,0.44262156186132057,0.15399984007464163,0.5658234414520975,0.1605041854105432,0.673913043478261,0.09133939707070436,2.6875442794960907e-11,0.5271792433034359,0.5608022236290271,0.5608022236290271,0.5608022236290271,,0.3627264790642055,0.5916909561779251,0.5511597348429359,,,,,0.6000000000000001,,0.06311175242595957,0.06849315068493152,0.078125,0.6669875090944231,0.6669875090944231,0.1985294117647059,2.0083829365718717,0.6880473065123234,24,0.8944511622648378,0.5261477425087281,74,0,0.43267124409571633,0.7175326665682438,21,0,0.2983144956249206,0.5220503673436109,75,30.04995840263344,0.7165098263902505,48.5,34.44339779464731,0.6294813282894649,54,db,0.8936084142394821,0.6843627668132815,0.16916527998837808,3,41.25,,,0.48219256911255987,0.009330808139886237,0.15399984007464163,0.5658234414520975,0.3996426349865713,0.6595744680851063,0.11584885205289452,0.6171254573560273,,0.5359209699604174,0.6641125152012222,0.6641125152012222,0.6641125152012223,,0.0,0.5663985459099968,0.8530305316930467,0.6462337312204572,,,,,0.9047619047619048,,0.48038504193399295,0.056179775280898875,0.056179775280898875,0.725351245914268,0.725351245914268,0.15254237288135591,2.7252911699508924,0.7782570277851925,23,1.2796094664374644,0.6348334232319842,112,62.932503525602726,0.7031485682754588,67.5,38.162962962962965,0.6923761709301822,74,118.36842105263158,113.5,63.686700255812326,76,0.9215768985091536,0.8701992891677452,0.0938363842932689,6,57.0
raw,db12,1829720.1721415597,0.6705685618729097,146.48667302444449,7.364319709700505,598,1,False,False,131.13002689670097,,9.234679074069696,71508.30122006466,1.0,3.111566000546291e-06,-0.029064791642842046,417.27883862071747,,,,[],[],16,913.8525749751705,104.74310138809568,1334.0331130180377,"[21, 62, 93, 123, 178, 215, 246, 278, 316, 366, 401, 440, 473, 503, 536, 574]","[1006.6379963070535, 1168.0108383170023, 104.74310138809568, 881.0375738269704, 1031.0770081917099, 1277.009357669557, 418.02518845697614, 1334.0331130180377, 874.4304529325192, 941.7289898106317, 703.4551081631187, 780.1806568213169, 964.0538046792445, 1265.3876979150482, 973.8438412125465, 897.9864708929002]","[10, 10, 92, 106, 157, 10, 240, 10, 309, 309, 400, 408, 309, 309, 526, 558]","[46, 157, 94, 157, 208, 258, 249, 309, 356, 408, 408, 456, 479, 506, 558, 593]",136928514.04582956,1141.3741772874687,-1141.3741772874687,0.0,,,,SWT,txu.059172014718829,68702681.04582956,,0.0,-69.0,70.0,0.0,-60.0,,386.3741772874687,553.9804819519147,16327.358800397273,553.9804819519147,,0.0,553.9804819519147,,,101.74310138809568,0.0,-78.0,579.0331130180377,386.3741772874687,,120.27883862071747,0.4650384169443922,0.15304927834323648,0.5645162699051506,0.16175579784966843,0.6086956521739132,0.10173515272500605,2.687656870374997e-11,0.10426270746317151,0.45320587509941224,0.45320587509941224,0.45320587509941224,,0.5387655085993325,0.5467941249005881,0.47908393265452887,,,,,0.4,,0.1040439628728746,0.13698630136986303,0.015625,0.42095401448438063,0.42095401448438063,0.2720588235294118,1.6715623649787055,0.5726567189691963,68,0.8786494479369873,0.5168526164335219,79,0,0.3427961439754835,0.5684857374566518,79,0,0.29354150970974907,0.5136976419920608,79,5.5,0.9481132075471698,76.25,75.92932862190813,0.6143867924528301,58,db,0.8936084142394821,0.6843627668132815,0.16916527998837808,3,44.25,,,0.5030179425839558,0.008816699610766476,0.15304927834323648,0.5645162699051506,0.400537713595556,0.5957446808510638,0.12596420124476837,0.6171254573560276,,0.12082350869053109,0.5818255164377796,0.5818255164377796,0.5818255164377796,,0.0,0.6861756536594877,0.8368700681389437,0.5894251300568281,,,,,0.8571428571428571,,0.5030867770341996,0.11235955056179774,0.011235955056179775,0.5224375576791727,0.5224375576791727,0.2090395480225989,2.4736684579410193,0.706401533542505,73,1.2634406871954558,0.6268118496621483,121,33.94112549695428,0.839900351429461,97.0,91.0618556701031,0.6911765908090701,75,118.36842105263158,113.5,63.686700255812326,76,0.9215768985091536,0.8701992891677452,0.0938363842932689,6,57.75
raw,coif14,1829903.0048361176,0.6655518394648829,140.24925024545914,7.607392969468632,598,1,False,False,131.66088766787897,,9.22507257302886,71508.30122006465,1.0,3.0949896782612564e-06,0.03562706184936962,421.1062189063615,,,,[],[],16,919.2033299166268,559.0577903328968,1289.4886204081758,"[2, 35, 67, 119, 152, 192, 221, 272, 304, 347, 391, 421, 465, 499, 540, 575]","[875.2898468309892, 559.0577903328968, 1153.3029553735753, 601.0171570261173, 902.0748168849858, 1003.0790394240025, 899.2693912294635, 979.4204919569627, 1289.4886204081758, 1175.3016355217383, 663.4337803277001, 689.4727258107599, 845.5343469090751, 1263.0476165037062, 950.0630931075341, 858.399971018345]","[1, 32, 61, 111, 111, 111, 212, 212, 212, 311, 389, 413, 462, 363, 510, 510]","[61, 39, 212, 121, 162, 212, 234, 302, 510, 363, 470, 462, 470, 510, 560, 593]",136705574.1400292,1089.1413135801527,-1089.1413135801527,0.0,,,,SWT,txu.059172014718829,68479741.14002919,,0.0,-78.0,70.0,0.0,-69.0,,334.14131358015266,559.3312368933709,16241.746721333971,559.3312368933709,,0.0,559.3312368933709,,,556.0577903328968,0.0,-73.5,534.4886204081758,334.14131358015266,,124.1062189063615,0.48912098292622563,0.18133737844552192,0.5477746888915145,0.16181305081496836,0.5434782608695653,0.1582043064352869,2.6875442794960907e-11,0.7125458804427004,0.4668618375756446,0.4668618375756446,0.46686183757564453,,0.6433213221518281,0.5331381624243555,0.3989472425777494,,,,,0.4,,0.09071075513471286,0.013698630136986314,0.0859375,0.28158624863546666,0.28158624863546666,0.13970588235294118,1.7775374480336867,0.6089624797509825,55,0.8910056187311134,0.5241209521947725,76,0,0.3558402418013673,0.5901177881734608,67,0,0.2973898097728512,0.5204321671024895,77,10.21028892833107,0.9036765195440465,68.75,67.50815692283852,0.6275458069418345,56,coif,0.9937654673519892,0.5954621649402658,0.1257255233715278,4,43.0,,,0.5253907700328853,0.008652195442828803,0.18133737844552192,0.5477746888915145,0.4005786575035415,0.5319148936170212,0.18091020299238822,0.6171254573560273,,0.7178604638318681,0.5922692553076545,0.5922692553076545,0.5922692553076545,,0.0,0.7573155195107364,0.8319546503329494,0.5262631099762891,,,,,0.8571428571428571,,0.49569194184687626,0.011235955056179775,0.06179775280898875,0.40749537294001387,0.40749537294001387,0.10734463276836159,2.5886406691332127,0.7392339634666588,41,1.27517221149373,0.6326320345899273,119,55.154328932550705,0.739838071072874,80.0,60.987500000000004,0.6812397902534182,76,128.44117647058823,122.5,52.71316963643363,34,1.0,0.7202596862948154,0.08392209411155538,7,58.75
smoothed,bior3.7,41141.771788156046,0.6622073578595318,19.315968766528705,11.401533700522545,598,1,False,False,121.26530746049457,,8.978550782566314,53079.559335186466,1.0,8.556095381100238e-05,0.9146073067149427,427.82884673132145,,,,[],[],16,521.8907379719232,17.221451001675007,896.5715547347038,"[21, 53, 88, 140, 170, 225, 269, 305, 355, 394, 431, 462, 492, 521, 559, 593]","[757.0435735787768, 896.5715547347038, 291.0784521368933, 609.2678547329158, 553.999639486022, 492.6277427235849, 751.8363777845959, 217.83436026711803, 645.3875113125132, 239.3780532588433, 466.32330141004866, 17.221451001675007, 763.4438739594165, 676.8246915953455, 657.2273031134966, 314.1860664548211]","[0, 50, 85, 98, 151, 151, 151, 298, 298, 382, 397, 447, 151, 497, 548, 583]","[50, 151, 98, 151, 200, 250, 397, 316, 397, 397, 447, 463, 596, 596, 596, 596]",113001331.16053519,806.6006068164025,-806.6006068164025,0.0,,,,SWT,txu.059172014718829,57325354.32053523,,0.0,-57.5,54.0,0.0,-53.0,,287.8006068164026,375.4907379719232,1897.7481924492295,375.4907379719231,,0.0,375.4907379719232,,,12.221451001675007,0.0,-53.0,377.77155473470384,287.8006068164026,,125.92884673132147,0.6447207389918366,0.8213482783824394,0.0012962848587973752,0.0,0.46666666666666673,0.9274717476592381,0.7632072032557187,0.009748341782287173,0.7549184753784918,0.7549184753784918,0.754918475378491,,0.9483243497347359,0.07402609050925985,0.8051072676058675,,,,,0.4,,0.8095024215217254,0.06896551724137931,0.136986301369863,0.9562664370989847,0.9562664370989847,0.13103448275862067,2.590139848313565,0.8382448132575548,4,1.7156894293569678,0.669795854255481,26,0,0.504065538190479,0.8697574205927144,9,0,0.5222046362967976,0.7067336465358107,14,9.429563439877091,0.9110418543407821,13.25,8.492546986390149,0.893020927170391,10,bior,0.2997739261492087,0.49731107751799014,0.6409649284401568,1,7.75,0.552926170559684,0.0,0.08727491209292679,0.8270481327061523,0.6228875222358953,0.11815265386423249,0.0,0.4893617021276595,0.9274717476592382,0.07119763050059547,,0.0031787684553551687,0.23344471831239505,0.23344471831239505,0.2334447183123949,,0.0,0.7911928688430584,0.008393926782403194,0.3040455951035416,,,,,0.09523809523809523,,0.12570500814973057,0.24157303370786515,0.29213483146067415,0.3055193046235436,0.3055193046235436,0.288135593220339,1.0970234415627063,0.3132752244805676,130,1.3023181858283746,0.6460995590697269,102,19.79898987322333,0.9066085383338522,116.0,114.3103448275862,0.6797193635065488,77,84.4,85.5,44.010657016619085,30,0.6571101442637968,0.6013507105539218,0.3596176858491657,3,58.5
smoothed,db1,116253.32810330295,0.6705685618729097,31.13618845947912,12.265846439797201,598,1,False,False,119.19445489418828,-59638.72998896797,9.036463859432462,51700.48117420388,1.0,9.191051059730652e-05,1.0,426.95107448043746,,,,[],[],16,489.97196635368846,130.10764773832477,733.6939961591618,"[22, 54, 89, 140, 169, 226, 270, 306, 356, 394, 432, 463, 493, 522, 560, 589]","[689.5705330131211, 733.6939961591618, 254.558441227157, 573.6050208985273, 534.57272657703, 436.42630534833717, 657.6093065034893, 416.9101581875885, 617.4456413320934, 130.10764773832477, 418.0415290374869, 195.72715703243634, 698.621499812309, 656.7607783660654, 581.2417741353421, 244.6589462905455]","[1, 51, 85, 99, 152, 152, 152, 299, 299, 383, 400, 448, 400, 498, 548, 584]","[47, 148, 99, 148, 201, 251, 396, 350, 396, 396, 448, 471, 595, 595, 595, 595]",111351953.67999993,733.6939961591618,-733.6939961591618,0.0,,,,SWT,txu.059172014718829,55675976.839999974,,0.0,10.0,54.0,0.0,10.0,,214.89399615916182,343.5719663536885,2408.4485383409847,343.57196635368854,,0.0,343.5719663536885,,,125.10764773832477,0.0,10.0,214.89399615916182,214.89399615916182,,125.05107448043748,0.0,0.9938383372570423,0.2980739977715923,0.14523086965031576,0.5777777777777778,1.0,0.3252765492997759,0.46469149063197007,0.553451848959702,0.553451848959702,0.5534518489597019,,0.9287688998616181,0.33261576750775945,0.19354838709677424,,,,,0.4,,0.45719132816480657,1.0,0.9999999999999999,0.45410567375134997,0.45410567375134997,1.0,2.3352185720693424,0.7557448518211688,25,1.793921084725837,0.7003370684991633,14,0,0.5563588511763158,0.9599887369014715,6,0,0.5070013238985781,0.6861580107336998,22,8.539125638299666,0.9194422109594371,16.75,12.362857907412364,0.8807116715174544,13,db,0.9102447150279618,0.7868127372464527,0.12678487830649093,4,10.75,0.7158130594321201,0.0,0.0,0.8900614198481012,0.7234735155763602,0.21907977227937345,0.01682062750233837,0.5957446808510638,1.0,0.030344209893148177,1.0,0.1515279916197508,0.17114485231679477,0.17114485231679477,0.17114485231679483,,0.0,0.7748776360949416,0.03771578885127985,0.07309278763706004,,,,,0.09523809523809523,,0.0709957599940308,1.0,1.0,0.14508304828830587,0.14508304828830587,1.0,1.173958208270257,0.3352453623988013,116,1.869488291488787,0.9274811439791273,19,68.58935777509511,0.6764652935137023,67.5,32.65185185185185,0.679034533549304,78,118.36842105263158,113.5,63.686700255812326,76,0.9215768985091536,0.8701992891677452,0.0938363842932689,6,60.0
smoothed,bior1.1,116253.32810330295,0.6705685618729097,31.13618845947912,12.265846439797201,598,1,False,False,119.19445489418828,-59638.72998896797,9.036463859432462,51700.48117420388,1.0,9.191051059730652e-05,1.0,426.95107448043746,,,,[],[],16,489.97196635368846,130.10764773832477,733.6939961591618,"[22, 54, 89, 140, 169, 226, 270, 306, 356, 394, 432, 463, 493, 522, 560, 589]","[689.5705330131211, 733.6939961591618, 254.558441227157, 573.6050208985273, 534.57272657703, 436.42630534833717, 657.6093065034893, 416.9101581875885, 617.4456413320934, 130.10764773832477, 418.0415290374869, 195.72715703243634, 698.621499812309, 656.7607783660654, 581.2417741353421, 244.6589462905455]","[1, 51, 85, 99, 152, 152, 152, 299, 299, 383, 400, 448, 400, 498, 548, 584]","[47, 148, 99, 148, 201, 251, 396, 350, 396, 396, 448, 471, 595, 595, 595, 595]",111351953.67999993,733.6939961591618,-733.6939961591618,0.0,,,,SWT,txu.059172014718829,55675976.839999974,,0.0,10.0,54.0,0.0,10.0,,214.89399615916182,343.5719663536885,2408.4485383409847,343.57196635368854,,0.0,343.5719663536885,,,125.10764773832477,0.0,10.0,214.89399615916182,214.89399615916182,,125.05107448043748,0.0,0.9938383372570423,0.2980739977715923,0.14523086965031576,0.5777777777777778,1.0,0.3252765492997759,0.46469149063197007,0.553451848959702,0.553451848959702,0.5534518489597019,,0.9287688998616181,0.33261576750775945,0.19354838709677424,,,,,0.4,,0.45719132816480657,1.0,0.9999999999999999,0.45410567375134997,0.45410567375134997,1.0,2.3352185720693424,0.7557448518211688,26,1.793921084725837,0.7003370684991633,13,0,0.5563588511763158,0.9599887369014715,5,0,0.5070013238985781,0.6861580107336998,23,9.604686356149273,0.9093897513570823,16.75,11.14631873252563,0.875685441716277,15,bior,0.2997739261492087,0.49731107751799014,0.6409649284401568,1,11.5,0.7158130594321201,0.0,0.0,0.8900614198481012,0.7234735155763602,0.21907977227937345,0.01682062750233837,0.5957446808510638,1.0,0.030344209893148177,1.0,0.1515279916197508,0.17114485231679477,0.17114485231679477,0.17114485231679483,,0.0,0.7748776360949416,0.03771578885127985,0.07309278763706004,,,,,0.09523809523809523,,0.0709957599940308,1.0,1.0,0.14508304828830587,0.14508304828830587,1.0,1.173958208270257,0.3352453623988013,117,1.869488291488787,0.9274811439791273,20,68.58935777509511,0.6764652935137023,68.5,34.160583941605836,0.6766760429832662,79,84.4,85.5,44.010657016619085,30,0.6571101442637968,0.6013507105539218,0.3596176858491657,3,60.0
raw,coif9,1834395.5973451394,0.6688963210702341,143.26267867898872,7.448523053360386,598,1,False,False,130.6497505153256,,9.226199801600476,71508.30122006466,1.0,3.1252928351823187e-06,-0.020141867468963633,419.21038801791633,,,,[],[],16,892.3711474301186,448.1821404925081,1331.1010750923492,"[16, 63, 103, 149, 179, 216, 249, 279, 315, 367, 396, 441, 472, 502, 537, 580]","[1216.9137587347227, 984.0402606419451, 785.3123881087475, 875.8322356523481, 1003.2813471183604, 1238.8291649669268, 448.1821404925081, 1079.2609188013432, 511.61623597686776, 1130.3046666039593, 686.8939470785515, 583.6412404342182, 933.9553206977484, 1331.1010750923492, 479.78667995784355, 988.9869785234589]","[8, 47, 93, 93, 47, 47, 248, 259, 307, 47, 394, 427, 409, 47, 532, 557]","[47, 93, 107, 156, 210, 307, 250, 307, 338, 475, 409, 471, 475, 505, 557, 592]",136177860.3459457,1040.4576162743522,-1040.4576162743522,0.0,,,,SWT,txu.059172014718829,67952027.34594569,,0.0,-73.5,70.0,0.0,-73.5,,285.4576162743522,532.4990544068628,16671.061641118104,532.4990544068629,,0.0,532.4990544068628,,,445.1821404925081,0.0,-69.0,576.1010750923492,285.4576162743522,,122.21038801791633,0.4432506181994921,0.16284859817245198,0.5497391490391128,0.16321987930178655,0.5869565217391306,0.10952392286405582,2.687656870374997e-11,0.5640941712370726,0.39838191629346154,0.39838191629346154,0.3983819162934618,,0.5915312918684953,0.6016180837065388,0.47380912087022664,,,,,0.4,,0.0591501531081324,0.07534246575342467,0.15625,0.15168837122263273,0.15168837122263273,0.0735294117647059,1.6493667782292705,0.5650527837826742,77,0.8657560363857937,0.5092682566975256,82,0,0.3209890849738749,0.5323213807794751,94,0,0.2879340984775581,0.5038846723357265,85,7.14142842854285,0.932628033692992,84.5,84.05985796978776,0.5677291111861187,75,coif,0.9937654673519892,0.5954621649402658,0.1257255233715278,4,57.25,,,0.4827769656806076,0.00895292533510933,0.162848598172452,0.5497391490391128,0.40158473737754896,0.5744680851063829,0.13354288357933508,0.6171254573560276,,0.5721533978028723,0.5398975226710524,0.5398975226710524,0.5398975226710526,,0.0,0.7220775381722949,0.8566037678894298,0.5852676365601295,,,,,0.8571428571428571,,0.478187868184896,0.06179775280898875,0.11235955056179775,0.3003633849091753,0.3003633849091753,0.056497175141242945,2.4703398573343236,0.7054509904066324,74,1.2509446398332154,0.6206123733907466,127,37.476659402887016,0.8232233047033631,100.5,93.51243781094527,0.674583350464889,80,128.44117647058823,122.5,52.71316963643363,34,1.0,0.7202596862948154,0.08392209411155538,7,61.75
smoothed,haar,116253.32810330295,0.6705685618729097,31.13618845947912,12.265846439797201,598,1,False,False,119.19445489418828,-59638.72998896797,9.036463859432462,51700.48117420388,1.0,9.191051059730652e-05,1.0,426.95107448043746,,,,[],[],16,489.97196635368846,130.10764773832477,733.6939961591618,"[22, 54, 89, 140, 169, 226, 270, 306, 356, 394, 432, 463, 493, 522, 560, 589]","[689.5705330131211, 733.6939961591618, 254.558441227157, 573.6050208985273, 534.57272657703, 436.42630534833717, 657.6093065034893, 416.9101581875885, 617.4456413320934, 130.10764773832477, 418.0415290374869, 195.72715703243634, 698.621499812309, 656.7607783660654, 581.2417741353421, 244.6589462905455]","[1, 51, 85, 99, 152, 152, 152, 299, 299, 383, 400, 448, 400, 498, 548, 584]","[47, 148, 99, 148, 201, 251, 396, 350, 396, 396, 448, 471, 595, 595, 595, 595]",111351953.67999993,733.6939961591618,-733.6939961591618,0.0,,,,SWT,txu.059172014718829,55675976.839999974,,0.0,10.0,54.0,0.0,10.0,,214.89399615916182,343.5719663536885,2408.4485383409847,343.57196635368854,,0.0,343.5719663536885,,,125.10764773832477,0.0,10.0,214.89399615916182,214.89399615916182,,125.05107448043748,0.0,0.9938383372570423,0.2980739977715923,0.14523086965031576,0.5777777777777778,1.0,0.3252765492997759,0.46469149063197007,0.553451848959702,0.553451848959702,0.5534518489597019,,0.9287688998616181,0.33261576750775945,0.19354838709677424,,,,,0.4,,0.45719132816480657,1.0,0.9999999999999999,0.45410567375134997,0.45410567375134997,1.0,2.3352185720693424,0.7557448518211688,27,1.793921084725837,0.7003370684991633,12,0,0.5563588511763158,0.9599887369014715,4,0,0.5070013238985781,0.6861580107336998,24,10.688779163215974,0.8991624607243776,16.75,9.707865168539326,0.8705717963999247,16,haar,0.20497362471740768,,,7,13.75,0.7158130594321201,0.0,0.0,0.8900614198481012,0.7234735155763602,0.21907977227937345,0.01682062750233837,0.5957446808510638,1.0,0.030344209893148177,1.0,0.1515279916197508,0.17114485231679477,0.17114485231679477,0.17114485231679483,,0.0,0.7748776360949416,0.03771578885127985,0.07309278763706004,,,,,0.09523809523809523,,0.0709957599940308,1.0,1.0,0.14508304828830587,0.14508304828830587,1.0,1.173958208270257,0.3352453623988013,118,1.869488291488787,0.9274811439791273,21,68.58935777509511,0.6764652935137023,69.5,35.65467625899281,0.6743175524172285,81,73.0,73.0,11.313708498984761,2,0.5683535607968857,0.15458770911543818,0.5557761947075486,1,61.0
smoothed,rbio1.1,116253.32810330295,0.6705685618729097,31.13618845947912,12.265846439797201,598,1,False,False,119.19445489418828,-59638.72998896797,9.036463859432462,51700.48117420388,1.0,9.191051059730652e-05,1.0,426.95107448043746,,,,[],[],16,489.97196635368846,130.10764773832477,733.6939961591618,"[22, 54, 89, 140, 169, 226, 270, 306, 356, 394, 432, 463, 493, 522, 560, 589]","[689.5705330131211, 733.6939961591618, 254.558441227157, 573.6050208985273, 534.57272657703, 436.42630534833717, 657.6093065034893, 416.9101581875885, 617.4456413320934, 130.10764773832477, 418.0415290374869, 195.72715703243634, 698.621499812309, 656.7607783660654, 581.2417741353421, 244.6589462905455]","[1, 51, 85, 99, 152, 152, 152, 299, 299, 383, 400, 448, 400, 498, 548, 584]","[47, 148, 99, 148, 201, 251, 396, 350, 396, 396, 448, 471, 595, 595, 595, 595]",111351953.67999993,733.6939961591618,-733.6939961591618,0.0,,,,SWT,txu.059172014718829,55675976.839999974,,0.0,10.0,54.0,0.0,10.0,,214.89399615916182,343.5719663536885,2408.4485383409847,343.57196635368854,,0.0,343.5719663536885,,,125.10764773832477,0.0,10.0,214.89399615916182,214.89399615916182,,125.05107448043748,0.0,0.9938383372570423,0.2980739977715923,0.14523086965031576,0.5777777777777778,1.0,0.3252765492997759,0.46469149063197007,0.553451848959702,0.553451848959702,0.5534518489597019,,0.9287688998616181,0.33261576750775945,0.19354838709677424,,,,,0.4,,0.45719132816480657,1.0,0.9999999999999999,0.45410567375134997,0.45410567375134997,1.0,2.3352185720693424,0.7557448518211688,28,1.793921084725837,0.7003370684991633,11,0,0.5563588511763158,0.9599887369014715,3,0,0.5070013238985781,0.6861580107336998,25,11.786291472158096,0.8888085710173764,16.75,8.000692700666725,0.865394851546424,18,rbio,0.602964079377041,1.0,0.2779251444360713,3,14.25,0.7158130594321201,0.0,0.0,0.8900614198481012,0.7234735155763602,0.21907977227937345,0.01682062750233837,0.5957446808510638,1.0,0.030344209893148177,1.0,0.1515279916197508,0.17114485231679477,0.17114485231679477,0.17114485231679483,,0.0,0.7748776360949416,0.03771578885127985,0.07309278763706004,,,,,0.09523809523809523,,0.0709957599940308,1.0,1.0,0.14508304828830587,0.14508304828830587,1.0,1.173958208270257,0.3352453623988013,119,1.869488291488787,0.9274811439791273,22,68.58935777509511,0.6764652935137023,70.5,37.13475177304964,0.6719590618511908,82,87.36666666666666,69.5,73.18633909333803,30,0.6802076177391039,1.0,0.22385466758262726,4,62.5
smoothed,bior1.5,116253.32810330295,0.6705685618729097,31.13618845947912,12.153504385498522,598,1,False,False,120.08551743190696,,9.026702152416217,52322.69228593782,1.0,9.523509558258015e-05,0.9986258142924112,425.87936576520156,,,,[],[],16,508.10711463582874,134.13484182805132,780.7630009905824,"[22, 54, 89, 140, 169, 224, 270, 306, 356, 394, 432, 463, 493, 522, 560, 589]","[697.7994881791798, 780.7630009905824, 274.7728563343273, 588.6177817465941, 540.2063788852647, 447.7079730712994, 691.3106786074475, 440.4037809925114, 636.9750467449892, 134.13484182805132, 430.266742371595, 205.94264031189078, 750.5750657056449, 673.3214401523232, 594.8071757906678, 242.1089424608915]","[0, 49, 85, 99, 150, 150, 150, 299, 299, 383, 397, 447, 397, 498, 548, 584]","[49, 397, 99, 150, 201, 251, 397, 350, 397, 397, 447, 471, 596, 596, 596, 596]",112096118.16963382,742.6112755825314,-742.6112755825314,0.0,,,,SWT,txu.059172014718829,56420141.32963386,,0.0,-39.5,54.0,0.0,5.5,,223.8112755825315,361.7071146358287,2118.28616582674,361.70711463582876,,0.0,361.7071146358287,,,129.13484182805132,0.0,-26.0,261.9630009905825,223.8112755825315,,123.97936576520158,0.2774154505989884,0.9714183419480119,0.24804976768100315,0.14523086965031576,0.5777777777777778,0.9988328358794075,0.5228616657707328,0.48092150292021474,0.6679182572446637,0.6679182572446637,0.6679182572446636,,0.9048928362947045,0.185694006461057,0.3702791052701445,,,,,0.4,,0.6161466965230717,0.3172413793103448,0.5068493150684931,0.5155254517640142,0.5155254517640142,0.9379310344827587,2.420114661710792,0.7832197029780004,13,1.9428347305917977,0.758472148739456,3,0,0.5169841034395207,0.8920482084714115,7,0,0.5678357802493076,0.768489254432844,4,4.5,0.9575471698113207,6.75,4.980615735461801,0.9469339622641509,2,bior,0.2997739261492087,0.49731107751799014,0.6409649284401568,1,1.75,0.8010995326882231,0.0,0.03755332751061533,0.9230547507773923,0.7103995012617913,0.20206770845414043,0.01682062750233837,0.5957446808510638,0.9988328358794076,0.048776415531284534,,0.1568203225868124,0.20654149355665466,0.20654149355665466,0.20654149355665477,,0.0,0.7549576886260513,0.021056115262094555,0.13983444870774825,,,,,0.09523809523809523,,0.09567942411125158,0.4438202247191011,0.5955056179775281,0.16470616496433246,0.16470616496433246,0.9491525423728814,1.136438076155816,0.324530798456623,123,1.481207865126419,0.7348494085107631,44,55.86143571373726,0.7365026617276544,83.5,64.81437125748502,0.6713173685996763,83,84.4,85.5,44.010657016619085,30,0.6571101442637968,0.6013507105539218,0.3596176858491657,3,63.0
smoothed,bior3.5,41141.771788156046,0.6622073578595318,19.315968766528705,11.40128253726494,598,1,False,False,121.34584011822528,,8.978953707424344,53086.787238997385,1.0,8.240895877265158e-05,0.914753980539131,427.0800662252867,,,,[],[],16,521.9608142219605,19.373068522993037,890.720315173782,"[21, 53, 88, 139, 170, 225, 269, 305, 355, 394, 431, 462, 492, 521, 559, 593]","[768.4560284348998, 890.720315173782, 289.9938822265406, 609.855291977794, 553.0878757006615, 495.2542749800209, 746.1026153146399, 220.91949339372565, 645.3669679270242, 244.24683561963508, 464.7227299936007, 19.373068522993037, 757.3726820669735, 680.8427361100225, 650.2117542324978, 314.8464758765566]","[0, 50, 85, 98, 151, 151, 151, 298, 298, 382, 399, 447, 151, 497, 548, 583]","[50, 151, 98, 151, 200, 250, 399, 316, 399, 399, 447, 463, 548, 548, 596, 596]",113009975.73349312,796.533139492561,-796.533139492561,0.0,,,,SWT,txu.059172014718829,57333998.89349316,,0.0,-48.5,54.0,0.0,-57.5,,277.733139492561,375.5608142219605,1896.626972448632,375.5608142219605,,0.0,375.5608142219605,,,14.373068522993037,0.0,-53.0,371.920315173782,277.733139492561,,125.18006622528674,0.6697930572485307,0.8212981539736197,0.0033610882557587873,0.0,0.46666666666666673,0.9275963250173618,0.7655024470875775,0.01841958484446729,0.7553607864378258,0.7553607864378258,0.7553607864378253,,0.9316426425641304,0.07345836832122704,0.7831375282092137,,,,,0.4,,0.811348923602877,0.19310344827586207,0.136986301369863,0.8869244798917671,0.8869244798917671,0.06896551724137931,2.5467161849656628,0.824191649063459,6,1.7009236872917732,0.6640313885829381,29,0,0.4971329089017354,0.8577952741826487,10,0,0.5157856164880729,0.6980463677158133,17,10.082988974836116,0.9048774625015461,15.5,11.111945905334334,0.8793255237036033,14,bior,0.2997739261492087,0.49731107751799014,0.6409649284401568,1,10.75,0.47206719365506755,0.0,0.09066891547994449,0.7957675921729908,0.6228582926473344,0.11885484492468568,0.0,0.4893617021276595,0.9275963250173618,0.07141174787468774,,0.0060063133373841615,0.23358149491016067,0.23358149491016067,0.23358149491016067,,0.0,0.7772752174011197,0.00832955193231577,0.29574880937337555,,,,,0.09523809523809523,,0.12599174547501654,0.3426966292134831,0.29213483146067415,0.2833651164963787,0.2833651164963787,0.23728813559322035,1.078079959391123,0.30786556466391624,135,1.2944212603545076,0.6421817760561799,107,19.79898987322333,0.9066085383338522,121.0,119.38016528925621,0.6679269106763601,84,84.4,85.5,44.010657016619085,30,0.6571101442637968,0.6013507105539218,0.3596176858491657,3,63.75
smoothed,bior1.3,116253.32810330295,0.6705685618729097,31.13618845947912,12.176152008558216,598,1,False,False,119.93666509878334,,9.028443473824678,52217.10349548314,1.0,9.444301600042999e-05,0.9992706156451795,425.52802208329956,,,,[],[],16,504.8565640976653,133.71389232237624,769.314500261434,"[22, 54, 89, 140, 169, 226, 270, 306, 356, 394, 432, 463, 493, 522, 560, 589]","[701.3792162589364, 769.314500261434, 269.8673030398459, 586.5097196551819, 540.7068779038232, 443.6211168469103, 684.161166137044, 434.57015004772245, 634.7344021321044, 133.71389232237624, 427.33998321009005, 205.11399955268772, 738.6790989665268, 670.5670382687327, 593.1034903897464, 244.32307056948184]","[0, 49, 85, 99, 150, 150, 150, 299, 299, 383, 397, 447, 397, 498, 548, 584]","[49, 397, 99, 150, 201, 251, 397, 350, 397, 397, 447, 471, 596, 596, 596, 596]",111969833.97625004,741.560559099862,-741.560559099862,0.0,,,,SWT,txu.059172014718829,56293857.13625008,,0.0,-39.5,54.0,0.0,10.0,,222.760559099862,358.45656409766525,2170.2949744373554,358.45656409766525,,0.0,358.45656409766525,,,128.71389232237624,0.0,-26.0,250.51450026143402,222.760559099862,,123.62802208329958,0.23107309490763187,0.9759381062155323,0.2569732338999324,0.14523086965031576,0.5777777777777778,0.9993804976690074,0.4893316097068421,0.4792250324999622,0.6474012568174464,0.6474012568174464,0.647401256817446,,0.8970654257645224,0.21202831605744465,0.3272932430638521,,,,,0.4,,0.5891720816942704,0.3172413793103448,0.5068493150684931,0.5082884044476904,0.5082884044476904,1.0,2.3849326053926956,0.7718337632390395,17,1.9168168286450078,0.7483149008353777,5,0,0.5125103581871073,0.8843288290726604,8,0,0.5570606614812232,0.7539065823355082,8,5.196152422706632,0.9509796941254092,9.5,7.8612716763005785,0.9306785263079875,5,bior,0.2997739261492087,0.49731107751799014,0.6409649284401568,1,4.0,0.7807801020227457,0.0,0.03128002998110388,0.9151941173774423,0.7130351602758785,0.20510236938912788,0.01682062750233837,0.5957446808510638,0.9993804976690074,0.045648483126928985,,0.15626713243634593,0.20019698677670641,0.20019698677670641,0.20019698677670641,,0.0,0.7484272316207877,0.02404220118256556,0.12360100680327257,,,,,0.09523809523809523,,0.09149062357558904,0.4438202247191011,0.5955056179775281,0.16239398754407436,0.16239398754407436,1.0,1.127823376803578,0.3220707125813745,125,1.479034303477624,0.7337710720195898,45,56.568542494923804,0.7331672523824349,85.0,66.17647058823529,0.6661119280780099,85,84.4,85.5,44.010657016619085,30,0.6571101442637968,0.6013507105539218,0.3596176858491657,3,64.5
smoothed,bior3.9,41141.771788156046,0.6622073578595318,19.315968766528705,11.401222776202422,598,1,False,False,121.21985135894232,,8.978297826089458,53072.60314812263,1.0,8.761649447540322e-05,0.9143861435678046,428.56720772718495,,,,[],[],16,488.7015215584273,15.740288013379313,900.1803176098125,"[21, 53, 88, 140, 170, 225, 269, 305, 355, 394, 431, 462, 492, 521, 559, 593]","[748.4646557987483, 900.1803176098125, 291.64617463704235, 609.8419668301689, 25.729084097225495, 490.6155634312705, 756.6291194082193, 216.0599555564035, 645.3187211819871, 236.21819356752087, 467.12064155932427, 15.740288013379313, 769.69493916041, 673.6400892088537, 659.4162159427349, 312.90841893173695]","[0, 50, 85, 98, 167, 151, 151, 298, 298, 382, 397, 447, 151, 497, 548, 583]","[50, 151, 98, 151, 200, 250, 397, 316, 397, 397, 447, 463, 596, 596, 596, 596]",112993011.5608068,812.9500990025751,-812.9500990025751,0.0,,,,SWT,txu.059172014718829,57317034.72080684,,0.0,-57.5,54.0,0.0,-53.0,,294.1500990025752,342.30152155842734,2428.775655065163,342.3085899011412,,0.0,342.30152155842734,,,10.740288013379313,0.0,-53.0,381.38031760981255,294.1500990025752,,126.66720772718497,0.6305688423955831,0.8212862275160728,0.0,0.0,0.46666666666666673,0.9272839028223202,0.7609982439406535,0.0037791004282990426,0.5454329868927685,0.5454329868927685,0.5454776012400233,,0.9647739258387112,0.34290826601554425,0.8186571452147013,,,,,0.4,,0.8077253345230293,0.06896551724137931,0.136986301369863,1.0,1.0,0.13103448275862067,2.5658712168449997,0.8303907761612069,5,1.725619167107898,0.6736723700546778,23,0,0.4874115765610472,0.841021263065534,13,0,0.5265576739625467,0.7126248967645317,12,7.41057802513857,0.9300888865552965,13.25,9.907496893552397,0.9025444432776483,8,bior,0.2997739261492087,0.49731107751799014,0.6409649284401568,1,6.25,0.6056575083590772,0.0,0.08535919035995201,0.8474474107151668,0.6228513378431724,0.1177118178790787,0.0,0.4893617021276595,0.9272839028223202,0.07099156238641369,,0.0012323003747082006,0.16866516602290366,0.16866516602290366,0.168678962193043,,0.0,0.8049168519007506,0.038882870326040875,0.30916265312415664,,,,,0.09523809523809523,,0.12542905006768565,0.24157303370786515,0.29213483146067415,0.31949182024038636,0.31949182024038636,0.288135593220339,1.0682580624456988,0.30506074130843747,137,1.3074635589025358,0.6486522557230032,101,25.45584412271571,0.8799252635720957,119.0,116.27731092436974,0.6593022544275573,86,84.4,85.5,44.010657016619085,30,0.6571101442637968,0.6013507105539218,0.3596176858491657,3,65.25
raw,db34,1827031.7843092345,0.6739130434782609,147.0021790465185,7.189189125539971,598,1,False,False,130.64672730705598,,9.239223405645285,71508.30122006465,1.0,3.1088497112665996e-06,-0.08627860781770172,401.7306501583789,,,,[],[],16,877.6765429341624,350.70799425881034,1512.3125387907767,"[5, 61, 107, 154, 183, 212, 251, 295, 337, 379, 419, 457, 487, 520, 553, 591]","[528.1613258204968, 1091.863037215397, 518.3352901814575, 749.3007842109448, 1118.2659924681284, 350.70799425881034, 950.3834263353237, 1512.3125387907767, 824.8717592037083, 1085.274955977702, 491.58851668233046, 1159.0783202327968, 821.1520151439089, 1167.1230815224417, 715.8261164831476, 958.5795324192281]","[1, 30, 95, 127, 76, 210, 229, 76, 326, 377, 408, 377, 473, 498, 544, 575]","[30, 76, 127, 161, 229, 229, 276, 575, 351, 452, 426, 575, 498, 575, 575, 596]",136697555.1047548,1204.7978213017263,-1204.7978213017263,0.0,,,,SWT,txu.059172014718829,68471722.1047548,,0.0,-64.5,70.0,0.0,-64.5,,449.79782130172634,517.8044499109067,16906.1753130534,517.8044499109067,,0.0,517.8044499109067,,,347.70799425881034,0.0,-69.0,757.3125387907767,449.79782130172634,,104.73065015837892,0.4431134699742274,0.1326681327559731,0.5724358334280354,0.16091394527155556,0.6521739130434784,0.051793535573491506,2.6875442794960907e-11,0.43358577166888657,0.3608789901091352,0.3608789901091352,0.3608789901091352,,0.11402237553650951,0.6391210098908652,0.7998132137206511,,,,,0.4,,0.09023116641869007,0.1986301369863014,0.15625,0.5901810286836014,0.5901810286836014,0.2058823529411765,1.7491976011425519,0.5992535965667326,58,0.8607967894531857,0.506351052619521,85,0,0.3786096467755493,0.6278780786717191,46,0,0.28758554715337675,0.5032747075184092,86,19.956202043475106,0.8117339429860839,68.75,64.13018673734122,0.5815745186628533,69,db,0.8936084142394821,0.6843627668132815,0.16916527998837808,3,52.5,,,0.48264955427514983,0.008789743033779718,0.1326681327559731,0.5724358334280353,0.39993567081375525,0.6382978723404255,0.07736966771651954,0.6171254573560273,,0.4440578972864031,0.5112162218394936,0.5112162218394936,0.5112162218394936,,0.0,0.39718005905147186,0.8701028201506067,0.8422170693259192,,,,,0.8571428571428571,,0.4954259533779095,0.16292134831460672,0.11235955056179775,0.662005861802164,0.662005861802164,0.1581920903954802,2.562600915339163,0.731797832745852,48,1.2463356199323468,0.6183257695806335,128,56.568542494923804,0.7331672523824349,88.0,69.81818181818183,0.6590364563798967,87,118.36842105263158,113.5,63.686700255812326,76,0.9215768985091536,0.8701992891677452,0.0938363842932689,6,66.75
raw,coif8,1835646.5341418844,0.6655518394648829,143.00794216551358,7.308604957234486,598,1,False,False,133.11604460114813,,9.22659814771755,71508.30122006466,1.0,3.1115507893751696e-06,-0.04829608474535626,415.4175200156354,,,,[],[],15,923.7213209712771,122.56284815221898,1375.463317660403,"[11, 49, 96, 146, 180, 219, 248, 278, 319, 361, 401, 445, 494, 524, 573]","[756.6333349220207, 1375.463317660403, 764.0861151504054, 1015.3581167623055, 982.3299518143157, 881.3824143478305, 122.56284815221898, 1270.0670181286064, 682.2722940313785, 1198.6098584579343, 641.2395345662007, 796.6085434022607, 1194.0454760497755, 1307.090390070343, 868.0706010531558]","[7, 7, 92, 105, 105, 207, 247, 105, 305, 356, 398, 412, 476, 504, 554]","[22, 504, 105, 157, 228, 228, 249, 504, 339, 504, 412, 456, 504, 554, 591]",136793218.21022934,1167.5269740865351,-1167.5269740865351,0.0,,,,SWT,txu.059172014718829,68567385.21022934,,0.0,-69.5,71.0,0.0,-74.0,,412.5269740865351,563.8492279480213,17093.180185430843,563.8492279480212,,0.0,563.8492279480213,,,119.56284815221898,0.0,-69.5,620.4633176604029,412.5269740865351,,118.41752001563538,0.5551343611263391,0.14656537099597738,0.5504333605696277,0.1636116026814022,0.5434782608695653,0.08494826554169042,2.687656870374997e-11,0.12812161488381532,0.47839245652293416,0.47839245652293416,0.47839245652293383,,0.48791827981344077,0.668950112839887,0.553617938425373,,,,,0.6000000000000001,,0.09595242145192638,0.13013698630136988,0.1484375,0.4907349263832624,0.4907349263832624,0.06617647058823531,1.849595784902188,0.6336487802026074,45,0.8628726231362561,0.5075721312566212,84,0,0.378282753331384,0.6273359656289034,48,0,0.29202446025878265,0.5110428054528695,81,20.85665361461421,0.8032391168432622,64.5,59.43006878480183,0.5973742754027631,60,coif,0.9937654673519892,0.5954621649402658,0.1257255233715278,4,46.0,,,0.5867175373261275,0.008816548654420109,0.14656537099597738,0.5504333605696277,0.40186487458837616,0.5319148936170212,0.10963010958750974,0.6171254573560276,,0.14424130170565963,0.6010875845541734,0.6010875845541734,0.6010875845541732,,0.0,0.6515791552742504,0.8808397055241315,0.6481712345524164,,,,,0.9047619047619048,,0.49859906362011597,0.10674157303370785,0.10674157303370786,0.5799886737345408,0.5799886737345408,0.05084745762711865,2.5492638336266547,0.7279891837151167,52,1.2462167501949761,0.6182667965234054,129,54.44722215136416,0.7431734804180936,90.5,74.12154696132596,0.6581433439826317,88,128.44117647058823,122.5,52.71316963643363,34,1.0,0.7202596862948154,0.08392209411155538,7,67.75
raw,db13,1829315.2423854657,0.6638795986622074,144.27354200133217,7.522347587876771,598,1,False,False,131.4789396329038,,9.234099408479958,71508.30122006465,1.0,3.1312893740722936e-06,-0.0026540965382039565,418.1920482390279,,,,[],[],16,936.3078701633483,355.29543438680525,1442.591723925322,"[22, 63, 99, 143, 177, 216, 247, 280, 337, 367, 396, 441, 472, 502, 538, 575]","[1196.700600819086, 1244.366917583657, 792.1997263618377, 462.93180254653794, 1038.3619394015013, 1104.5553190654261, 355.29543438680525, 1442.0340936720575, 790.4424444761866, 1197.373859200608, 646.8668552367423, 532.2285905938224, 916.7829297180823, 1442.591723925322, 791.9143008061384, 1026.2793848197623]","[9, 9, 94, 107, 159, 210, 242, 9, 308, 308, 394, 435, 409, 9, 522, 558]","[47, 259, 159, 144, 210, 259, 248, 409, 359, 409, 409, 457, 478, 515, 558, 594]",135996536.3519595,1248.589602872949,-1248.589602872949,0.0,,,,SWT,txu.059172014718829,67770703.3519595,,0.0,-73.5,70.0,0.0,-73.5,,493.58960287294894,576.4357771400926,15968.074077386427,576.4357771400926,,0.0,576.4357771400926,,,352.29543438680525,0.0,-73.5,687.591723925322,493.58960287294894,,121.19204823902788,0.48086688732253086,0.17144006489485597,0.5635060666698452,0.1616289965172775,0.5217391304347827,0.12478889938630275,2.6875442794960907e-11,0.4397279077362709,0.5105152962628905,0.5105152962628905,0.5105152962628905,,0.5637124350765751,0.4894847037371098,0.6743836711348075,,,,,0.4,,0.04830583848867672,0.07534246575342467,0.0859375,0.707026292889747,0.707026292889747,0.0735294117647059,1.9529698592602498,0.6690634673770938,30,0.8683028486664185,0.5107663815684814,81,0,0.41400160058998126,0.6865713321339519,25,0,0.2891385778932101,0.5059925113131176,83,31.542299641381042,0.7024311354586694,54.75,40.930260874859215,0.5929608507482027,64,db,0.8936084142394821,0.6843627668132815,0.16916527998837808,3,48.75,,,0.517722672836443,0.009012435256769757,0.17144006489485597,0.563506066669845,0.400447032841142,0.5106382978723404,0.14839611532727343,0.6171254573560273,,0.45008647472965646,0.6256543297094006,0.6256543297094006,0.6256543297094007,,0.0,0.7031495639825225,0.8162417345646182,0.7433561944893199,,,,,0.8571428571428571,,0.4721734175811726,0.06179775280898875,0.06179775280898875,0.7583728363494802,0.7583728363494802,0.056497175141242945,2.7354405574531557,0.7811553720936628,20,1.2533250693426274,0.621793340126191,124,73.53910524340094,0.6531174280971654,72.0,34.44444444444444,0.6567473932938658,89,118.36842105263158,113.5,63.686700255812326,76,0.9215768985091536,0.8701992891677452,0.0938363842932689,6,68.25
raw,coif7,1837092.0126915816,0.6622073578595318,142.36711626939345,7.417802369256943,598,1,False,False,132.7545251028664,,9.227098206717148,71508.30122006468,1.0,3.1285742118862812e-06,-0.03198433427265523,422.83170991207646,,,,[],[],16,823.0002539747529,370.88398915676964,1356.3428198385147,"[12, 59, 94, 147, 179, 218, 251, 298, 334, 369, 402, 446, 489, 518, 547, 582]","[1020.9594004303272, 1079.743866398813, 712.3838392410034, 986.7482797712137, 429.43581303964993, 1278.0410824326318, 556.0645474970056, 988.9516019720899, 370.88398915676964, 1241.287936790827, 765.0559707381964, 592.3655500578947, 402.5476022366926, 1356.3428198385147, 518.5810439806784, 868.61072001374]","[6, 55, 91, 106, 176, 55, 234, 280, 321, 280, 396, 415, 477, 477, 545, 555]","[55, 106, 106, 206, 182, 477, 280, 355, 337, 477, 477, 454, 491, 555, 555, 591]",136039334.98355106,1079.3693709355116,-1079.3693709355116,0.0,,,,SWT,txu.059172014718829,67813501.98355106,,0.0,-69.0,70.0,0.0,-69.0,,324.3693709355116,463.12816095149714,17780.995936403953,463.12816095149714,,0.0,463.12816095149714,,,367.88398915676964,0.0,-73.5,601.3428198385147,324.3693709355116,,125.83170991207646,0.538733983393079,0.15927342175050468,0.5513048306520013,0.1640642456479555,0.5000000000000001,0.09918670044505265,2.6877694612539033e-11,0.4605994661260354,0.22133655945426978,0.22133655945426978,0.22133655945426983,,0.6904580324904203,0.7786634405457304,0.5192196701257099,,,,,0.4,,0.05086546568449277,0.13698630136986303,0.0859375,0.25551274399251533,0.25551274399251533,0.13970588235294118,1.6694247019744106,0.5719243819006258,71,0.8545434664069772,0.5026726272982218,88,0,0.3169622089316453,0.5256432963355697,96,0,0.28750902598792444,0.5031407954788677,87,10.472185381603339,0.901205798286761,85.5,84.46113058762977,0.5473010123509277,82,coif,0.9937654673519892,0.5954621649402658,0.1257255233715278,4,62.5,,,0.5714815022042773,0.008985489865111385,0.15927342175050468,0.5513048306520014,0.4021885778564201,0.4893617021276595,0.1234844887959779,0.6171254573560282,,0.47057215019071186,0.40449765772777335,0.40449765772777335,0.4044976577277734,,0.0,0.7893873779394691,0.9203306491686245,0.6210592573669669,,,,,0.8571428571428571,,0.4735930325474853,0.11235955056179774,0.06179775280898875,0.38599150818898986,0.38599150818898986,0.10734463276836159,2.4435430985469724,0.6977986829841941,77,1.2384395142371964,0.6144083932715869,134,40.30508652763321,0.8098816673224849,105.5,97.80094786729858,0.6561200789442614,90,128.44117647058823,122.5,52.71316963643363,34,1.0,0.7202596862948154,0.08392209411155538,7,69.25
raw,db32,1826089.0235995797,0.6822742474916388,145.22042791617596,7.1652287459173944,598,1,False,False,128.09431115991896,,9.238089153625056,71508.30122006465,1.0,3.118133375388757e-06,-0.09307847856058457,417.70528383430235,,,,[],[],15,1004.320479656666,435.60203807063914,1296.6827938906558,"[2, 31, 77, 128, 164, 197, 249, 294, 352, 381, 421, 457, 501, 545, 590]","[631.4687235072254, 1252.678588024074, 1158.2815039062134, 723.8636326555907, 981.5162930144267, 962.6331090471307, 1010.0761175413058, 1296.6827938906558, 1128.244877365486, 1162.5954006394313, 435.60203807063914, 1035.9699944690897, 1224.354680183479, 1134.8853330243435, 925.9541095108987]","[0, 9, 74, 125, 125, 172, 172, 74, 324, 375, 407, 423, 471, 524, 573]","[9, 74, 172, 147, 172, 227, 274, 573, 375, 471, 423, 471, 573, 573, 592]",136722293.09905338,1134.1637811646065,-1134.1637811646065,0.0,,,,SWT,txu.059172014718829,68496460.09905338,,0.0,-71.0,71.0,0.0,-69.5,,379.16378116460646,644.4483866334101,15884.19280515001,644.4483866334101,,0.0,644.4483866334101,,,432.60203807063914,0.0,-78.5,541.6827938906558,379.16378116460646,,120.70528383430235,0.32732278885058125,0.12987969926930013,0.570459133274064,0.16061872539129002,0.7608695652173915,0.04585796678914493,2.6875442794960907e-11,0.5472506378805897,0.6840941002472529,0.6840941002472529,0.6840941002472529,,0.550415076427535,0.4761048218483381,0.4118897460601315,,,,,0.6000000000000001,,0.09171065397756496,0.10958904109589042,0.0078125,0.4017152301787783,0.4017152301787783,0.13235294117647062,1.9838168651598838,0.679631272419015,26,0.864354598362796,0.50844388138988,83,0,0.4130598699689884,0.6850095863676433,26,0,0.2850011255455211,0.49875196970466185,88,34.41293361513953,0.6753496828760421,55.75,39.866484727616246,0.5747031433248135,71,db,0.8936084142394821,0.6843627668132815,0.16916527998837808,3,54.0,,,0.37507941698465025,0.008881874534094947,0.12987969926930013,0.5704591332740638,0.3997245471531775,0.7446808510638296,0.07159420002541356,0.6171254573560273,,0.5556212754038289,0.7584030616507058,0.7584030616507058,0.7584030616507058,,0.0,0.6941020296721161,0.8114256910383829,0.5364641135872873,,,,,0.9047619047619048,,0.49624650360666367,0.08988764044943819,0.005617977528089874,0.5065705608428406,0.5065705608428406,0.1016949152542373,2.7127908381495067,0.7746873280843526,26,1.2515682506089327,0.6209217560374811,126,70.71067811865476,0.6664590654780436,76.0,43.10526315789473,0.6539842497201539,91,118.36842105263158,113.5,63.686700255812326,76,0.9215768985091536,0.8701992891677452,0.0938363842932689,6,69.75
raw,coif6,1838805.3122590042,0.6605351170568562,141.66962151622704,7.599329759764318,598,1,False,False,132.08993850591173,,9.227734614726277,71508.30122006466,1.0,3.1114310053466733e-06,0.03760896296263332,423.9399042497671,,,,[],[],15,972.774330012493,275.21490140052913,1404.885428221301,"[13, 51, 95, 146, 176, 229, 276, 312, 359, 399, 429, 479, 526, 563, 596]","[1339.5129799763574, 934.1996472408241, 817.1213642709321, 926.0419961515643, 937.1329011693553, 1067.2678836509933, 932.1649898173836, 865.4403512681157, 1404.885428221301, 685.8996976451557, 1046.8578066667992, 1087.4728259255426, 1396.5445321902357, 875.857644592305, 275.21490140052913]","[5, 44, 90, 103, 154, 154, 255, 302, 154, 397, 404, 404, 404, 553, 590]","[404, 154, 154, 154, 207, 354, 354, 354, 404, 404, 476, 503, 553, 590, 597]",136918423.99675804,1318.3622473318335,-1318.3622473318335,0.0,,,,SWT,txu.059172014718829,68692590.99675804,,0.0,-74.0,71.0,0.0,-69.5,,563.3622473318335,612.9022369892373,16357.385049812605,612.902236989237,,0.0,612.9022369892373,,,272.21490140052913,0.0,-78.5,649.885428221301,563.3622473318335,,126.9399042497671,0.5085849284228132,0.18039900750550597,0.5524139208605243,0.16460075516513584,0.47826086956521746,0.15993429672868512,2.687656870374997e-11,0.33250786426393164,0.6035833983885741,0.6035833983885741,0.6035833983885734,,0.7207315229470959,0.5515836048408498,0.6065490735058393,,,,,0.6000000000000001,,0.10344051451365938,0.06849315068493152,0.0078125,0.8931937148043019,0.8931937148043019,0.13235294117647062,2.2655084149581257,0.7761353347552499,6,0.8746002875712893,0.514470757394876,80,0,0.48004348547907905,0.796093770743679,5,0,0.29202768261067985,0.5110484445686897,80,43.014532428006234,0.5942025242640921,42.75,10.212765957446807,0.5954503187358197,62,coif,0.9937654673519892,0.5954621649402658,0.1257255233715278,4,47.5,,,0.543472875336739,0.008815359912333565,0.18039900750550597,0.5524139208605243,0.4025722574822638,0.4680851063829787,0.1825935299671843,0.6171254573560276,,0.3448487645176701,0.6968304886514878,0.6968304886514878,0.6968304886514874,,0.0,0.8099854869949321,0.8385940253496339,0.6898904197799939,,,,,0.9047619047619048,,0.5027520937945704,0.056179775280898875,0.005617977528089874,0.911912573976568,0.911912573976568,0.1016949152542373,2.9044016319283408,0.8294053151024384,8,1.2585406017318956,0.6243808438665897,123,81.31727983645297,0.6164279252997502,65.5,15.02290076335878,0.6537328305744035,92,128.44117647058823,122.5,52.71316963643363,34,1.0,0.7202596862948154,0.08392209411155538,7,70.75
raw,db5,1849933.8870958774,0.6538461538461539,138.56431395830023,7.645554498457843,598,1,False,False,132.21742206850527,,9.232025298070992,71508.30122006465,1.0,2.9954248853251307e-06,0.027707318093948954,419.59755065678127,,,,[],[],16,888.2651481798193,38.03690255331901,1291.8447677210452,"[16, 58, 92, 128, 158, 194, 227, 260, 315, 358, 387, 418, 454, 489, 522, 568]","[1125.8081324628042, 1291.8447677210452, 664.2491312026852, 847.5596279559181, 927.7979912440219, 876.7334137463633, 780.4990166449766, 891.1081881719826, 975.9106588468863, 1125.4859729170207, 38.03690255331901, 988.0394260208856, 537.947900667987, 1232.8308148160413, 1187.0731146392902, 721.3173112658836]","[2, 53, 88, 103, 152, 184, 205, 205, 205, 205, 386, 403, 451, 53, 521, 550]","[53, 205, 103, 152, 205, 205, 252, 265, 353, 475, 388, 475, 473, 521, 550, 588]",135781146.3779722,1058.881780251348,-1058.881780251348,0.0,,,,SWT,txu.059172014718829,67555313.37797219,,0.0,-78.0,70.0,0.0,-69.0,,303.8817802513479,528.3930551565636,16736.75762912289,529.1011774586377,,0.0,528.3930551565636,,,35.03690255331901,0.0,-73.5,536.8447677210452,303.8817802513479,,122.59755065678127,0.514368236352961,0.18577849695083518,0.559891442854647,0.1680856018470376,0.39130434782608703,0.15129120682028319,2.6875442794960907e-11,0.01494959637080423,0.3879027647899797,0.3879027647899797,0.38971000352386115,,0.6021077440792906,0.6120972352100207,0.4031860123094051,,,,,0.4,,0.03542416413082707,0.013698630136986314,0.0859375,0.20084773926908123,0.20084773926908123,0.13970588235294118,1.4587910018990786,0.49976386541818035,96,0.8468043132965298,0.49812018429207633,91,0,0.27673698401659,0.4589346502434762,105,0,0.2815313332398181,0.4926798331696816,91,6.601767440112787,0.9377191750932756,95.75,95.42326597487711,0.5172086441504113,92,db,0.8936084142394821,0.6843627668132815,0.16916527998837808,3,69.75,,,0.5488455980982099,0.007664109959437948,0.1857784969508352,0.5598914428546471,0.405064412100623,0.38297872340425526,0.17418357157382117,0.6171254573560273,,0.03316165929299489,0.5318833294517389,0.5318833294517389,0.5332654604765591,,0.0,0.7292737653919354,0.8603757032606333,0.5296040173515639,,,,,0.8571428571428571,,0.4650290108724685,0.011235955056179775,0.06179775280898875,0.3409070868852892,0.3409070868852892,0.10734463276836159,2.289191656991658,0.6537207894131511,95,1.2306130389990722,0.6105255616752472,138,30.405591591021544,0.8565773981555588,116.5,112.53218884120173,0.6535245481343832,93,118.36842105263158,113.5,63.686700255812326,76,0.9215768985091536,0.8701992891677452,0.0938363842932689,6,71.25
smoothed,db2,75179.98488633211,0.6705685618729097,26.042043289681587,11.749327585093592,598,1,False,False,120.9467181509725,,9.018149137121151,51700.48117420387,1.0,9.973169799147298e-05,0.9508114943372111,424.8772547250471,,,,[],[],16,531.0280782717432,225.7806270539724,798.1335012674178,"[8, 55, 89, 140, 170, 225, 269, 327, 357, 394, 431, 465, 494, 528, 560, 593]","[761.6551486359156, 798.1335012674178, 263.65653103191823, 564.4108102545192, 567.3905193314441, 739.0083226042625, 475.73607258342884, 452.9980333468237, 610.8302680351059, 297.23163871880433, 448.8613025977827, 225.7806270539724, 608.8976612173358, 716.302130651057, 606.89369323529, 358.6629917828124]","[0, 50, 85, 98, 151, 151, 251, 299, 299, 384, 399, 448, 50, 50, 548, 584]","[50, 151, 98, 151, 201, 399, 299, 350, 399, 399, 448, 471, 499, 548, 596, 596]",112377168.75581661,703.0940282428637,-703.0940282428637,0.0,,,,SWT,txu.059172014718829,56701191.91581665,,0.0,-35.0,54.0,0.0,-35.0,,184.29402824286376,384.6280782717432,1751.5507476521088,384.6280782717432,,0.0,384.6280782717432,,,220.7806270539724,0.0,-30.5,279.3335012674179,184.29402824286376,,122.97725472504715,0.5455339893352282,0.8907571681278712,0.20421952319849176,0.06581409748520947,0.5777777777777778,0.9582217609758887,0.32527654929977357,0.8502635776359446,0.8125920333293728,0.8125920333293728,0.8125920333293724,,0.8825673045940815,0.0,0.43550039048640965,,,,,0.4,,0.6761797941463811,0.3793103448275862,0.44520547945205474,0.24334147680489293,0.24334147680489293,0.3793103448275862,2.3991858900160934,0.7764465419332965,15,1.8525773685294216,0.7232361637814597,8,0,0.4915197526378631,0.8481098584111691,11,0,0.5605066188120733,0.7585702214933465,7,3.593976442141304,0.9660945618665915,10.25,9.402187738488934,0.9346982243295221,3,db,0.9102447150279618,0.7868127372464527,0.12678487830649093,4,3.25,0.9164520842963461,0.0,0.07384814553567286,0.9676792353344743,0.6633626787014545,0.18716207341964292,0.007622583414027551,0.5957446808510638,0.9582217609758886,0.030344209893147955,,0.27725649137964836,0.2512792102860705,0.2512792102860705,0.2512792102860705,,0.0,0.7363313594807503,0.0,0.16446501071467928,,,,,0.09523809523809523,,0.10500176932648345,0.4943820224719101,0.5449438202247191,0.07774561136437902,0.07774561136437902,0.4915254237288136,1.0836584580887298,0.30945860758856686,132,1.441592410586792,0.7151955881242197,54,55.154328932550705,0.739838071072874,93.0,76.64516129032258,0.6505794128949276,94,118.36842105263158,113.5,63.686700255812326,76,0.9215768985091536,0.8701992891677452,0.0938363842932689,6,72.0
smoothed,sym2,75179.98488628468,0.6705685618729097,26.042043289726642,11.749327585093726,598,1,False,False,120.94671815097182,,9.018149137121153,51700.4811742021,1.0,9.973169799152692e-05,0.9508114943372097,424.8772547250288,,,,[],[],16,531.0280782717102,225.7806270539562,798.1335012674137,"[8, 55, 89, 140, 170, 225, 269, 327, 357, 394, 431, 465, 494, 528, 560, 593]","[761.6551486358829, 798.1335012674137, 263.65653103187185, 564.4108102544731, 567.3905193314135, 739.0083226042219, 475.73607258336045, 452.9980333467766, 610.8302680351037, 297.2316387187439, 448.86130259774853, 225.7806270539562, 608.897661217396, 716.3021306509684, 606.8936932352685, 358.66299178276404]","[0, 50, 85, 98, 151, 151, 251, 299, 299, 384, 399, 448, 50, 50, 548, 584]","[50, 151, 98, 151, 201, 399, 299, 350, 399, 399, 448, 471, 499, 548, 596, 596]",112377168.75581565,703.094028242825,-703.094028242825,0.0,,,,SWT,txu.059172014718829,56701191.915815696,,0.0,-35.0,54.0,0.0,-35.0,,184.294028242825,384.62807827171025,1751.5507476526363,384.62807827171025,,0.0,384.62807827171025,,,220.7806270539562,0.0,-30.5,279.3335012674138,184.294028242825,,122.97725472502884,0.545533989335016,0.8907571681278977,0.20421952319850087,0.06581409748511777,0.5777777777777778,0.9582217609758875,0.3252765492992098,0.8502635776358796,0.8125920333291647,0.8125920333291647,0.8125920333291642,,0.8825673045936737,2.6711965972481266e-13,0.4355003904863943,,,,,0.4,,0.6761797941461773,0.3793103448275862,0.44520547945205474,0.24334147680462592,0.24334147680462592,0.3793103448275862,2.3991858900156,0.7764465419331369,16,1.8525773685295217,0.7232361637814988,7,0,0.49151975263775777,0.8481098584109874,12,0,0.5605066188121421,0.7585702214934397,6,4.645786621588784,0.9561718243246341,10.25,8.784313725490197,0.9297368555585435,6,sym,0.3775829929004878,0.6346964899812167,0.5452829579752935,2,5.0,0.9164520842977298,0.0,0.07384814553564412,0.9676792353350094,0.6633626787014699,0.187162073419646,0.007622583414016948,0.5957446808510638,0.9582217609758875,0.030344209893095386,,0.27725649137962705,0.25127921028600614,0.25127921028600614,0.25127921028600614,,0.0,0.7363313594804102,3.0309088572266774e-14,0.16446501071467348,,,,,0.09523809523809523,,0.1050017693264518,0.4943820224719101,0.5449438202247191,0.07774561136429373,0.07774561136429373,0.4915254237288136,1.0836584580884576,0.3094586075884891,133,1.4415924105869282,0.7151955881242873,53,56.568542494923804,0.7331672523824349,93.0,75.79569892473118,0.647244003549708,95,99.42105263157895,110.0,57.971862503332275,38,0.7740590312511298,0.7921131623949381,0.22052472940572765,5,72.5
raw,db27,1824154.7601090062,0.6739130434782609,145.19877395314532,7.310967198824229,598,1,False,False,128.66183843396772,,9.236638088881222,71508.30122006465,1.0,3.145395598912811e-06,-0.05983585190071443,407.6503225654084,,,,[],[],16,861.5975337247003,356.6362452578596,1450.4246836096754,"[4, 36, 74, 110, 148, 188, 244, 290, 327, 361, 390, 426, 462, 514, 548, 596]","[626.8297534263857, 1069.5314032600825, 1127.100669150565, 549.962885571367, 572.8727904390425, 1131.0972217211304, 1070.8950104698697, 1045.6443476102606, 790.8522788667325, 501.73519643375516, 982.000705177539, 356.6362452578596, 1234.959568083292, 1450.4246836096754, 565.2697222767495, 709.7480582408987]","[2, 21, 70, 106, 118, 168, 241, 269, 319, 356, 371, 419, 269, 468, 545, 569]","[21, 468, 468, 118, 152, 269, 269, 419, 371, 371, 419, 431, 468, 569, 569, 597]",136215803.53715867,1158.6186214754398,-1158.6186214754398,0.0,,,,SWT,txu.059172014718829,67989970.53715867,,0.0,-69.0,70.0,0.0,-69.0,,403.6186214754398,501.7254407014445,17163.439460404796,501.7254407014445,,0.0,501.7254407014445,,,353.6362452578596,0.0,-69.0,695.4246836096754,403.6186214754398,,110.65032256540837,0.3530687353695538,0.14684028122929618,0.5679303126491898,0.16001302234252995,0.6521739130434784,0.07487526793689585,2.6875442794960907e-11,0.44152312305916686,0.31984284683181813,0.31984284683181813,0.3198428468318182,,0.2757351185327479,0.680157153168182,0.6884753674553077,,,,,0.4,,0.06141939444864183,0.13698630136986303,0.15625,0.4669656533110529,0.4669656533110529,0.13970588235294118,1.6772600838008218,0.574608687399835,66,0.8488161292472036,0.4993036054395315,90,0,0.34812229910745807,0.5773185183417997,74,0,0.2792716475139742,0.4887253831494548,92,12.583057392117917,0.881291911395114,80.5,78.98004382624184,0.5609289745654815,77,db,0.8936084142394821,0.6843627668132815,0.16916527998837808,3,58.5,,,0.3989975334932003,0.00915242606656641,0.1468402812292962,0.5679303126491898,0.3992913844381114,0.6382978723404255,0.09982881263809124,0.6171254573560273,,0.4518484992896239,0.47983280486240504,0.47983280486240504,0.4798328048624051,,0.0,0.5072095490655666,0.8848736420319445,0.7544629672436165,,,,,0.8571428571428571,,0.4794464299685919,0.11235955056179774,0.11235955056179775,0.5603852011529166,0.5603852011529166,0.10734463276836159,2.491352428302253,0.7114515165918476,68,1.2362608620829758,0.6133275313044226,136,48.08326112068523,0.7731921645250697,102.0,90.66666666666667,0.6460300445266858,96,118.36842105263158,113.5,63.686700255812326,76,0.9215768985091536,0.8701992891677452,0.0938363842932689,6,73.5
raw,coif10,1833295.3247383286,0.6638795986622074,141.15086617207533,7.544949499123871,598,1,False,False,130.16713481809091,,9.225877843024191,71508.30122006465,1.0,3.1088304863442935e-06,0.01760792556225302,412.73352851981315,,,,[],[],16,914.8584909386377,378.8413049929056,1326.6786031666863,"[21, 51, 91, 148, 178, 215, 248, 279, 321, 355, 395, 425, 471, 503, 536, 576]","[1156.815335554401, 1266.8006766185636, 698.1290657601683, 378.8413049929056, 1004.6425046444655, 1092.9064303947048, 550.2029675525473, 1211.8973069707822, 848.4249832870903, 1190.2499072147496, 709.9885277740428, 841.8373977777114, 853.8746164016985, 1326.6786031666863, 499.91681439735805, 1006.5294125103287]","[10, 10, 70, 108, 108, 108, 247, 258, 306, 306, 393, 410, 410, 410, 535, 556]","[48, 410, 108, 150, 209, 258, 249, 410, 340, 410, 410, 457, 472, 506, 556, 593]",136676791.57866994,1119.9947873303367,-1119.9947873303367,0.0,,,,SWT,txu.059172014718829,68450958.57866994,,0.0,-69.0,70.0,0.0,-60.0,,364.99478733033675,554.986397915382,16311.264144981797,554.9863979153821,,0.0,554.986397915382,,,375.8413049929056,0.0,-73.5,571.6786031666863,364.99478733033675,,115.73352851981315,0.42135669609496046,0.17407040411222127,0.5491780607130937,0.162875335512556,0.5217391304347827,0.14247550409317766,2.6875442794960907e-11,0.47125353794670927,0.45577312977686407,0.45577312977686407,0.45577312977686435,,0.4145973936014633,0.5442268702231363,0.46585297991282254,,,,,0.4,,0.08898937704198598,0.13698630136986303,0.0859375,0.36390951027656626,0.36390951027656626,0.2720588235294118,1.6906731375263897,0.5792038347295244,65,0.8525618032305801,0.5015069430768118,89,0,0.3553600852506512,0.5893215068977649,68,0,0.28167073299823825,0.4929237827469169,90,13.341664064126334,0.8741352446780535,78.0,76.28119428389827,0.56914309403714,74,coif,0.9937654673519892,0.5954621649402658,0.1257255233715278,4,56.5,,,0.46243739963127184,0.008789552244786003,0.1740704041122213,0.5491780607130936,0.40133834019743275,0.5106382978723404,0.16560565627629042,0.6171254573560273,,0.4810292446530081,0.5837888886651444,0.5837888886651444,0.5837888886651448,,0.0,0.6016915609646727,0.8359459934443895,0.5789967769272488,,,,,0.8571428571428571,,0.4947372348070728,0.11235955056179774,0.06179775280898875,0.4753906677396693,0.4753906677396693,0.2090395480225989,2.5176416061608338,0.7189588749426634,60,1.2384162930872764,0.6143968729112881,135,53.033008588991066,0.7498442991085328,97.5,83.07692307692308,0.6449693193655872,97,128.44117647058823,122.5,52.71316963643363,34,1.0,0.7202596862948154,0.08392209411155538,7,74.5
smoothed,bior2.8,52769.12682248435,0.6454849498327759,20.914712450054136,12.17617407948924,598,1,False,False,120.30060944712062,,8.993236901096518,52490.11518460054,1.0,9.454620218472807e-05,0.9925780724170271,426.063000325948,,,,[],[],16,467.93939311686233,23.673196162782347,797.4871725883154,"[22, 54, 89, 140, 169, 226, 270, 306, 356, 395, 432, 463, 493, 522, 560, 590]","[670.7993079998721, 797.4871725883154, 260.65122956938694, 578.3330638053734, 23.673196162782347, 441.8779070081099, 690.5748542449496, 419.4941794467426, 628.5810798560799, 145.69558022169883, 421.01492513672076, 201.28104403592317, 749.6584336558242, 644.6201986011656, 585.7111602818729, 227.57695725497925]","[1, 51, 86, 99, 168, 149, 149, 299, 299, 383, 397, 448, 397, 498, 549, 584]","[51, 397, 99, 149, 201, 251, 397, 350, 397, 397, 448, 471, 596, 596, 596, 596]",111584259.20575933,752.4950953981148,-752.4950953981148,0.0,,,,SWT,txu.059172014718829,55908282.36575937,,0.0,-35.0,54.0,0.0,1.0,,233.69509539811486,321.53939311686236,2760.9697101302027,321.5393931168623,,0.0,321.53939311686236,,,18.673196162782347,0.0,-21.5,278.68717258831543,233.69509539811486,,124.16300032594802,0.34438027719074377,0.9759425108899271,0.07655584461304213,0.022481905131660092,0.2444444444444445,0.9936961885626938,0.5760273394598331,0.03574954781119877,0.4143854633719671,0.4143854633719671,0.4143854633719664,,0.9089839390198505,0.5111124861440688,0.43307361022957336,,,,,0.4,,0.5068123607901507,0.3793103448275862,0.5684931506849314,0.5836024952397816,0.5836024952397816,0.8758620689655172,2.2270567409102195,0.7207405280119326,39,1.6990938030429452,0.6633170116900923,30,0,0.4686505926045561,0.8086494705554639,17,0,0.5021194594084707,0.6795510646187549,30,9.055385138137417,0.9145718383194583,29.0,26.467065868263475,0.8204934663295405,23,bior,0.2997739261492087,0.49731107751799014,0.6409649284401568,1,17.5,0.7834271649754206,0.0,0.04661825903934585,0.9162181417115944,0.7130377288212906,0.1437466596426245,0.0026038524225124315,0.276595744680851,0.9936961885626937,0.0537361040332856,,0.011657319512733327,0.12814111844476955,0.12814111844476955,0.12814111844476941,,0.0,0.7583709209265245,0.05795579310957555,0.16354854668924645,,,,,0.09523809523809523,,0.07870124937211231,0.4943820224719101,0.6460674157303371,0.18645622350098928,0.18645622350098928,0.8983050847457626,1.054496145767853,0.30113077283812506,142,1.3194600284613571,0.6546038839630847,96,32.526911934581186,0.8465711701199001,119.0,114.5546218487395,0.6426252077014595,98,84.4,85.5,44.010657016619085,30,0.6571101442637968,0.6013507105539218,0.3596176858491657,3,74.25
raw,db29,1826980.8990437575,0.6739130434782609,146.83777903818878,7.2714017305237535,598,1,False,False,128.92737647235944,,9.23640801420753,71508.30122006465,1.0,3.1352283230777098e-06,-0.07230162934895712,410.538213847047,,,,[],[],16,907.18922238062,144.22632206968603,1403.5897791457514,"[2, 34, 64, 94, 131, 165, 200, 246, 280, 328, 384, 418, 460, 509, 550, 587]","[144.22632206968603, 1327.0095653093003, 537.7106460424914, 965.9215821660707, 646.1919455692704, 937.5439133013015, 1029.9781325993472, 985.579759614283, 1292.3989262047144, 1010.566082786901, 1077.4711693478594, 468.0431059302551, 954.3291958593213, 1403.5897791457514, 878.3746692507805, 856.0927628925865]","[1, 23, 60, 70, 120, 120, 120, 243, 243, 322, 373, 413, 421, 470, 539, 570]","[23, 470, 70, 120, 139, 173, 243, 262, 470, 373, 470, 421, 470, 570, 570, 595]",136188807.87872902,1231.5953140040483,-1231.5953140040483,0.0,,,,SWT,txu.059172014718829,67962974.87872902,,0.0,-78.0,70.0,0.0,-64.5,,476.5953140040483,547.3171293573641,16433.972441910082,547.3171293573641,,0.0,547.3171293573641,,,141.22632206968603,0.0,-73.5,648.5897791457514,476.5953140040483,,113.53821384704702,0.3651149020434728,0.14223577669043697,0.5675293535723712,0.16089801085487107,0.6521739130434784,0.06399396117502178,2.6875442794960907e-11,0.15712689904683122,0.4361999583656655,0.4361999583656655,0.4361999583656655,,0.35462610920212134,0.5638000416343348,0.6042181674312105,,,,,0.4,,0.05980488438334507,0.013698630136986314,0.0859375,0.661682118671744,0.661682118671744,0.2058823529411765,1.7067555646392858,0.5847134765690915,64,0.8455567685390754,0.49738633443475017,92,0,0.36264704980117796,0.601406051864592,60,0,0.2788494167723612,0.48798647935163203,93,17.68945071692919,0.8331183894629322,77.25,74.19234208600928,0.5521724022786358,80,db,0.8936084142394821,0.6843627668132815,0.16916527998837808,3,60.75,,,0.41018848418424936,0.00905152556386829,0.14223577669043697,0.5675293535723712,0.3999242754687785,0.6382978723404255,0.08924100919018041,0.6171254573560273,,0.17271032289339358,0.5688198162596191,0.5688198162596191,0.5688198162596192,,0.0,0.5608870472591367,0.8429912907232767,0.6880532496129892,,,,,0.8571428571428571,,0.478550993845822,0.011235955056179775,0.06179775280898875,0.7209756777019023,0.7209756777019023,0.1581920903954802,2.5191814250258044,0.719398598545922,59,1.2327060190139256,0.611563920410811,137,55.154328932550705,0.739838071072874,98.0,82.47959183673468,0.6387869600647389,99,118.36842105263158,113.5,63.686700255812326,76,0.9215768985091536,0.8701992891677452,0.0938363842932689,6,75.75
smoothed,sym7,64852.220147184926,0.6755852842809364,25.551445088537836,11.76455728339018,598,1,False,False,120.83795218483851,,9.013404257793123,51700.481174388435,1.0,8.69306144805738e-05,0.9323606109427341,426.144788544623,,,,[],[],14,502.5914014466711,117.00518877482682,850.8868673897782,"[11, 55, 90, 141, 226, 270, 306, 356, 393, 433, 486, 529, 562, 592]","[636.0998139648934, 850.8868673897782, 261.81521272187246, 556.4818634838967, 770.7889732383661, 404.61408240083, 213.35420885569425, 617.2573996962942, 117.00518877482682, 444.4436689704791, 607.9596831598045, 793.2561731339749, 538.1021357067048, 224.2143487559808]","[0, 49, 85, 100, 150, 252, 299, 299, 385, 398, 398, 398, 550, 585]","[49, 398, 100, 150, 398, 299, 317, 398, 398, 449, 499, 597, 597, 597]",111324612.607807,731.2278702431528,-731.2278702431528,0.0,,,,SWT,txu.059172014718829,55648635.76780704,,0.0,-58.5,56.0,0.0,-40.5,,212.42787024315282,356.1914014466711,3211.7203797466045,356.1914014466712,,0.0,356.1914014466711,,,112.00518877482682,0.0,-49.5,332.08686738977826,212.42787024315282,,124.24478854462302,0.5116717650494392,0.893796544312498,0.1799042128882843,0.045844996481403714,0.6444444444444445,0.9425505100144347,0.3252765493583818,0.41188721419387264,0.6331038808706562,0.6331038808706562,0.6331038808706565,,0.9108060579224472,0.7393470487415024,0.6335742676431214,,,,,0.8,,0.4513512077851357,0.05517241379310345,0.18493150684931506,0.4371196739725841,0.4371196739725841,0.30344827586206896,2.6404468649135446,0.8545256313619716,3,1.743981395599551,0.680840884535303,17,0,0.4842712655565136,0.8356027041833556,14,0,0.516443933354224,0.6989373109343384,15,6.2915286960589585,0.940645955697557,12.25,7.543581616481775,0.912539958980854,7,sym,0.3775829929004878,0.6346964899812167,0.5452829579752935,2,5.75,0.5880624442849065,0.0,0.06926426530803428,0.8406407067965047,0.665135063003835,0.17889300840497885,0.005309763761082248,0.6595744680851063,0.9425505100144347,0.030344209898615415,,0.13430941516870065,0.19577578500544038,0.19577578500544038,0.1957757850054406,,0.0,0.7598911259938329,0.08383564431442925,0.23926683188524667,,,,,0.19047619047619047,,0.07008886662298702,0.23033707865168537,0.3314606741573034,0.1396561603003852,0.1396561603003852,0.42937853107344637,1.0671406872699731,0.30474165427187805,138,1.417141590715956,0.7030651701439224,61,54.44722215136416,0.7431734804180936,99.5,84.60301507537687,0.6369169288882921,100,99.42105263157895,110.0,57.971862503332275,38,0.7740590312511298,0.7921131623949381,0.22052472940572765,5,76.25
smoothed,bior3.3,41141.771788156046,0.6622073578595318,19.315968766528705,11.399569914171707,598,1,False,False,121.45061039973427,,8.979622688262229,53090.144066853856,1.0,7.700382687543934e-05,0.914591185695873,426.93339681090777,,,,[],[],16,490.6160964371756,22.397607294084025,880.1800047167198,"[21, 53, 88, 139, 170, 225, 269, 305, 355, 394, 431, 462, 492, 521, 559, 593]","[783.1340184162485, 880.1800047167198, 287.94713955130953, 612.606379298348, 26.821444093882064, 497.9004011377425, 758.4383140833086, 225.91619717171966, 644.9609339550149, 255.13296548687123, 461.83353587984635, 22.397607294084025, 676.8381915343808, 758.9907412561104, 642.0485379000027, 314.7111312192203]","[0, 50, 85, 98, 167, 151, 151, 298, 298, 383, 399, 447, 151, 151, 548, 583]","[50, 151, 98, 151, 200, 250, 399, 316, 399, 399, 447, 463, 497, 548, 595, 595]",113013990.49960935,778.9797660767777,-778.9797660767777,0.0,,,,SWT,txu.059172014718829,57338013.65960939,,0.0,-44.0,54.0,0.0,-57.5,,260.1797660767777,344.21609643717557,2398.1424570051904,344.2160964371756,,0.0,344.21609643717557,,,17.397607294084025,0.0,-48.5,361.3800047167199,260.1797660767777,,125.03339681090779,0.7024113007767706,0.8209563674364575,0.006789305401064483,0.0,0.46666666666666673,0.927458055277676,0.7665684184443818,0.030608791604157443,0.5575175040058022,0.5575175040058022,0.5575175040058021,,0.9283750678852561,0.32739735270702197,0.7435616620204437,,,,,0.4,,0.8122064875363453,0.2551724137931034,0.19863013698630136,0.7660216520914682,0.7660216520914682,0.06896551724137931,2.442300695523807,0.7903997507204515,12,1.670991486731657,0.6523460197155532,34,0,0.4646342163982901,0.80171927449042,18,0,0.503032250575681,0.6807864045320559,29,10.04572877727976,0.9052289737992476,23.25,19.7254792998055,0.8429446755788691,20,bior,0.2997739261492087,0.49731107751799014,0.6409649284401568,1,15.25,0.3334078906024312,0.0,0.0950843998352397,0.7421268201093725,0.6226589829678367,0.12002070092640893,0.0,0.4893617021276595,0.9274580552776761,0.07151118959177616,,0.00998100634762597,0.17240208171036123,0.17240208171036123,0.17240208171036134,,0.0,0.7745490596418461,0.03712406515688699,0.28080313906178517,,,,,0.09523809523809523,,0.1261249137996312,0.3932584269662921,0.3426966292134831,0.24473765197025116,0.24473765197025116,0.23728813559322035,1.0245001958936475,0.29256487754881055,147,1.280101485026135,0.6350775210236402,111,25.45584412271571,0.8799252635720957,129.0,126.48837209302326,0.6357173487671799,101,84.4,85.5,44.010657016619085,30,0.6571101442637968,0.6013507105539218,0.3596176858491657,3,76.5
raw,coif17,1828032.4308001578,0.6672240802675585,141.00454786279678,7.281934427829433,598,1,False,False,132.80736177569742,,9.224760047775495,71508.30122006465,1.0,3.1571871642237247e-06,-0.06826328835284255,431.6662871170339,,,,[],[],17,946.3691724325415,281.2855844618144,1503.5387581536586,"[14, 44, 95, 137, 171, 208, 241, 274, 307, 336, 370, 404, 436, 468, 508, 537, 583]","[826.3707601176754, 1169.133067221692, 1022.8376988501037, 522.8749558468872, 1140.688189614133, 845.4268402750915, 1367.6833872477443, 865.2132304788995, 1226.5977584454172, 428.7281447999556, 996.5668745745622, 665.6045629938478, 281.2855844618144, 972.9114940930531, 1503.5387581536586, 1239.1151004432634, 1013.6995237354083]","[3, 3, 66, 115, 115, 191, 115, 266, 266, 330, 313, 393, 435, 465, 465, 514, 563]","[16, 115, 115, 140, 217, 217, 514, 278, 465, 339, 465, 465, 437, 478, 514, 563, 596]",136228925.17649832,1137.1259050945723,-1137.1259050945723,0.0,,,,SWT,txu.059172014718829,68003092.17649832,,0.0,-77.5,69.0,0.0,-73.0,,382.1259050945723,586.4970794092858,14860.724068646794,586.4970794092859,,0.0,586.4970794092858,,,278.2855844618144,0.0,-73.0,748.5387581536586,382.1259050945723,,134.6662871170339,0.5411309257342689,0.14346153881669615,0.5472300403430178,0.1612272917381756,0.5652173913043479,0.06751900623299924,2.6875442794960907e-11,0.3406359183298224,0.5361933113754161,0.5361933113754161,0.5361933113754164,,0.9317997174338656,0.31285156583348295,0.7840289562620147,,,,,0.2,,0.062204150962074295,0.020547945205479465,0.09375,0.4096187714550174,0.4096187714550174,0.08088235294117647,1.90166072467333,0.6514855885726324,38,0.855739426076584,0.5033761329862259,87,0,0.3753227202860143,0.6224271106191066,53,0,0.2893980277423402,0.5064465485490952,82,23.423634787681152,0.7790223133237627,65.0,58.07783661425281,0.5829073830769758,68,coif,0.9937654673519892,0.5954621649402658,0.1257255233715278,4,52.0,,,0.5737082739463303,0.009269446091080935,0.14346153881669615,0.5472300403430177,0.4001597575283844,0.553191489361702,0.09267097261604995,0.6171254573560273,,0.3528265433981109,0.6452922340313162,0.6452922340313162,0.6452922340313164,,0.0,0.9535964688339776,0.7526632301061252,0.8297762561902184,,,,,0.8095238095238095,,0.47988166994932074,0.01685393258426965,0.06741573033707865,0.5130889282424578,0.5130889282424578,0.06214689265536724,2.7444712261171547,0.7837342456580179,17,1.2398603059704538,0.6151132693321201,132,81.31727983645297,0.6164279252997502,74.5,30.120805369127513,0.6325064154800638,102,128.44117647058823,122.5,52.71316963643363,34,1.0,0.7202596862948154,0.08392209411155538,7,78.25
raw,db21,1824294.1865252857,0.6688963210702341,144.38899249187318,7.274128196698227,598,1,False,False,131.963235941455,,9.235185094641494,71508.30122006465,1.0,3.151881071085103e-06,-0.0703329738383344,418.4599792511395,,,,[],[],16,922.6632268922135,310.4521520206292,1573.0352167834772,"[23, 69, 105, 135, 171, 206, 241, 274, 307, 361, 394, 430, 466, 508, 544, 582]","[1022.0913452373352, 1125.6501657233819, 697.3978796218956, 310.4521520206292, 1217.126828478509, 723.6668511818949, 849.4339074776204, 1435.9893313431623, 712.1160043589497, 925.1855000754931, 1050.6887274671185, 759.8379769938505, 954.0736868400745, 1573.0352167834772, 617.4551393994817, 788.4109172725426]","[15, 15, 99, 132, 15, 196, 219, 15, 289, 315, 366, 414, 463, 463, 538, 565]","[41, 168, 168, 138, 219, 219, 264, 463, 315, 366, 463, 463, 467, 514, 565, 584]",136242006.61169618,1284.5287354246786,-1284.5287354246786,0.0,,,,SWT,txu.059172014718829,68016173.61169618,,0.0,-73.5,70.0,0.0,-64.5,,529.5287354246786,562.7911338689578,16186.388369724584,562.7911338689578,,0.0,562.7911338689578,,,307.4521520206292,0.0,-73.5,818.0352167834772,529.5287354246786,,121.45997925113949,0.5028370505718546,0.14255307423333646,0.5653981294252105,0.16005668289127617,0.5869565217391306,0.06571238945664969,2.6875442794960907e-11,0.3796871149812106,0.4756920351435012,0.4756920351435012,0.4756920351435012,,0.571031735186979,0.5243079648564991,0.9090548761984898,,,,,0.4,,0.06298650301510937,0.07534246575342467,0.0859375,0.8029191131331255,0.8029191131331255,0.2058823529411765,2.114191618168881,0.7242960602000577,14,0.8601779303588639,0.5059870178581551,86,0,0.4462246317592604,0.740009312575956,15,0,0.28907340690633343,0.5058784620860834,84,40.71342939784529,0.6159110434165539,49.75,24.748201438848923,0.5732857103875222,73,db,0.8936084142394821,0.6843627668132815,0.16916527998837808,3,55.5,,,0.5381330673007504,0.009216788184112201,0.14255307423333646,0.5653981294252104,0.39932260786000917,0.5744680851063829,0.09091308601729065,0.6171254573560273,,0.3911557436440546,0.5990223697606712,0.5990223697606712,0.5990223697606714,,0.0,0.7081296220996901,0.8287762503899916,0.9283190043128253,,,,,0.8571428571428571,,0.48031557637336153,0.06179775280898875,0.06179775280898875,0.8374594902284139,0.8374594902284139,0.1581920903954802,2.8510759900551568,0.8141771970919472,10,1.2450998212199509,0.6177126713287112,131,85.55992052357225,0.5964154692284328,70.5,18.581560283687942,0.631934149708556,103,118.36842105263158,113.5,63.686700255812326,76,0.9215768985091536,0.8701992891677452,0.0938363842932689,6,78.75
smoothed,dmey,66579.23722798747,0.6555183946488294,25.135616385099652,12.131825462230326,598,1,False,False,120.8287129474852,,9.014376570234443,51660.7363441519,1.0,9.134896162117534e-05,0.9859817186304582,427.1545710431609,,,,[],[],15,472.58764970450454,21.6262494586814,791.4110983513785,"[7, 54, 89, 140, 169, 226, 270, 306, 356, 395, 432, 463, 493, 529, 566]","[662.9994263308275, 791.4110983513785, 249.46728137878165, 573.8955330051613, 21.6262494586814, 434.353975777305, 618.0443471639128, 402.2353736490104, 692.4440086297321, 117.17848808981586, 407.9093811496526, 194.912179875023, 762.4002595291347, 610.776291244279, 549.1608519348719]","[1, 49, 85, 99, 168, 149, 149, 299, 149, 383, 397, 447, 397, 498, 549]","[49, 397, 99, 149, 202, 251, 299, 350, 397, 397, 447, 471, 596, 596, 596]",111539127.93358684,739.4982167213793,-739.4982167213793,0.0,,,,SWT,txu.059172014718829,55863151.09358688,,0.0,-40.0,55.0,0.0,-8.5,,220.69821672137937,326.18764970450457,3159.185254432432,326.18764970450457,,0.0,326.18764970450457,,,16.6262494586814,0.0,-35.5,272.6110983513786,220.69821672137937,,125.25457104316092,0.5087953034263051,0.9670919001625914,0.18488686409914143,0.04918424552443445,0.3777777777777778,0.9880935779228802,0.31265545217237933,0.02750013906139695,0.4437245803230155,0.4437245803230155,0.44372458032301515,,0.9333024982154992,0.7127462422306977,0.41025968060827545,,,,,0.6000000000000001,,0.49717220986574207,0.31034482758620685,0.37671232876712324,0.4940835550694652,0.4940835550694652,0.7448275862068965,2.339647134373738,0.7571780637708111,24,1.7317622568176871,0.6760705989820883,20,0,0.4621470909099877,0.7974277772832079,19,0,0.511236576690371,0.6918898549983753,21,2.160246899469287,0.9796203122691577,21.0,20.842311459353574,0.890753552360994,11,dmey,0.14091936699321778,,,6,9.75,0.701407492437459,0.0,0.06887488286674619,0.8844885825512452,0.707876576477282,0.18058749086406864,0.0056965153134595214,0.4042553191489361,0.9880935779228802,0.029166820311452346,,0.008967327625410693,0.1372137032543253,0.1372137032543253,0.13721370325432528,,0.0,0.7786600452345916,0.08081933991866169,0.15493295583886857,,,,,0.1428571428571429,,0.0772042615703471,0.4382022471910112,0.4887640449438202,0.15785565435998464,0.15785565435998464,0.7909604519774011,1.0431646709935647,0.2978948617635593,143,1.3724832755538383,0.6809095110668837,76,47.37615433949868,0.7765275738702893,109.5,99.25114155251143,0.6300090699540126,104,69.0,69.0,49.49747468305833,2,0.537210899931303,0.676321227380042,0.42105600183407527,2,78.5
smoothed,sym13,65090.55976601633,0.6989966555183946,26.3456444993873,12.135978487486152,598,1,False,False,120.51871462794648,,9.014263297218509,51700.48117420339,1.0,9.10633817392832e-05,0.983440292398889,425.7904765636869,,,,[],[],16,483.7491593570701,132.0893904623478,779.2955082543373,"[22, 54, 89, 139, 169, 224, 270, 327, 356, 393, 432, 463, 493, 522, 558, 589]","[634.0977870513634, 736.2560018716966, 255.2978942865294, 573.3472101252397, 528.0149986092189, 436.36408519025986, 674.3438918049887, 393.18563614788155, 587.9615852549043, 132.0893904623478, 408.4201495852127, 199.3128221180124, 779.2955082543373, 620.2961145292707, 555.307964899412, 226.39550952244676]","[0, 47, 84, 99, 148, 148, 148, 299, 299, 383, 396, 447, 396, 498, 548, 584]","[47, 396, 99, 148, 201, 251, 396, 350, 396, 396, 447, 471, 595, 595, 595, 595]",111357025.48993006,715.9734466534734,-715.9734466534734,0.0,,,,SWT,txu.059172014718829,55681048.649930105,,0.0,1.0,54.0,0.0,-8.0,,197.17344665347343,337.3491593570701,2508.0134502868787,337.34915935707016,,0.0,337.3491593570701,,,127.08939046234781,0.0,-30.5,260.4955082543373,197.17344665347343,,123.89047656368695,0.4122831958474832,0.96792071540311,0.18430639232276944,0.04630583462420265,0.9555555555555557,0.9859350184965675,0.3252765492996211,0.4726781205401445,0.5141743997063688,0.5141743997063688,0.5141743997063688,,0.9029125181395905,0.3830297894045252,0.3647690876668473,,,,,0.4,,0.45827467926112625,0.8758620689655173,0.44520547945205474,0.33205138283730296,0.33205138283730296,0.7517241379310344,2.2343255686967054,0.72309293272647,38,1.9346747812740512,0.7552865487523943,4,0,0.48407212307697006,0.8352590868633539,15,0,0.5714580870535624,0.7733915588528061,3,16.268579122549905,0.8465228384665103,15.0,5.914396887159533,0.8525067022521231,19,sym,0.3775829929004878,0.6346964899812167,0.5452829579752935,2,14.75,0.6940814348791889,0.0,0.05581017873140825,0.8816544749583421,0.7083598924713004,0.18039008606862245,0.005363137997272893,0.9574468085106382,0.9859350184965675,0.030344209893133745,,0.1541322957961627,0.15899902018256773,0.15899902018256773,0.15899902018256784,,0.0,0.75330549694416,0.04343230860393371,0.13775361221721785,,,,,0.09523809523809523,,0.07116399007558619,0.898876404494382,0.5449438202247191,0.10608770071602733,0.10608770071602733,0.7966101694915254,1.0764008855754728,0.3073860742477698,136,1.588622358382789,0.7881393475485833,34,72.12489168102785,0.6597882467876045,85.0,54.4,0.6294224252805947,105,99.42105263157895,110.0,57.971862503332275,38,0.7740590312511298,0.7921131623949381,0.22052472940572765,5,80.0
smoothed,coif3,65061.360478996925,0.657190635451505,24.63305125956464,10.31319043672887,598,1,False,False,120.217716212707,,9.013427438472124,51700.48117420387,1.0,8.480243886219481e-05,0.6920717518385385,424.23657896987135,,,,[],[],16,507.0096214870099,200.6388337533112,830.7798525338094,"[11, 56, 91, 141, 172, 227, 272, 309, 358, 393, 434, 464, 495, 531, 562, 592]","[754.2529050656834, 830.7798525338094, 246.8685299020546, 589.1151253980048, 569.9204299548184, 450.65443251234814, 610.6010271066225, 200.6388337533112, 688.0347758346094, 223.72246109516885, 456.8875047205275, 226.18089995896827, 720.5084928219409, 635.8069332649526, 562.0974760876024, 346.08426378173584]","[0, 51, 86, 101, 152, 152, 152, 301, 152, 392, 399, 450, 399, 500, 551, 586]","[51, 399, 101, 152, 203, 252, 301, 318, 399, 399, 450, 473, 551, 551, 597, 597]",111468969.67066823,777.632561723596,-777.632561723596,0.0,,,,SWT,txu.059172014718829,55792992.83066827,,0.0,-62.0,54.0,0.0,-62.0,,258.8325617235961,360.6096214870099,2135.8460562078417,360.6096214870099,,0.0,360.6096214870099,,,195.6388337533112,0.0,-39.5,311.97985253380944,258.8325617235961,,122.33657896987137,0.3185730380767127,0.604148664033248,0.18002300313860448,0.046249376762655954,0.4000000000000001,0.7384612567383291,0.32527654929977357,0.7489395279063362,0.6609910407197038,0.6609910407197038,0.6609910407197034,,0.8682940092117721,0.19458533856667592,0.5580781489436698,,,,,0.4,,0.48218623205982764,0.006896551724137931,0.32191780821917804,0.7567424775381556,0.7567424775381556,0.006896551724137917,2.3681033967650285,0.7663873403933557,20,1.3167327569484586,0.5140453316758006,58,0,0.4722834830394106,0.8149179677537806,16,0,0.3932749588143424,0.5322446918608207,60,23.74166520416516,0.7760220263758004,38.5,27.32090284592738,0.7064072396029946,42,coif,1.0,0.7343071281019431,0.07970786156941707,5,32.75,0.5334677824654159,0.0,0.04312477048093494,0.8195205962371868,0.4962295623220323,0.17893340617455175,0.005356599052343758,0.42553191489361697,0.7384612567383291,0.030344209893147955,,0.24421644208279764,0.20439937866200003,0.20439937866200003,0.20439937866200003,,0.0,0.7244230608859368,0.02206431642710488,0.2107560193990533,,,,,0.09523809523809523,,0.07487713763329584,0.19101123595505615,0.4438202247191011,0.24177303160188507,0.24177303160188507,0.1864406779661017,1.008860372989963,0.2880986384099197,152,1.1264113026321412,0.5588295194533147,157,3.5355339059327378,0.9833229532739022,154.5,154.45954692556634,0.6272746841841209,106,128.44117647058823,122.5,52.71316963643363,34,1.0,0.7202596862948154,0.08392209411155538,7,81.25
smoothed,bior2.6,52769.12682248435,0.6454849498327759,20.914712450054136,12.180100107930834,598,1,False,False,120.27980893010883,,8.99354507644818,52479.493368091,1.0,9.215043131635166e-05,0.9930647315215793,425.89041430865757,,,,[],[],16,456.22545059170284,23.843585418893213,794.7159303076287,"[22, 54, 89, 140, 169, 226, 270, 306, 356, 395, 432, 463, 493, 522, 560, 590]","[677.7118551081672, 794.7159303076287, 259.48388189985974, 580.0366542578747, 23.843585418893213, 443.1253134593204, 692.408351399805, 213.85394985358812, 627.754208590165, 149.75803470206438, 422.70401437593574, 201.76049040019333, 645.6453912221164, 750.1483157146555, 586.6202050897423, 230.03702766723598]","[1, 51, 86, 99, 168, 149, 149, 299, 299, 383, 397, 448, 397, 397, 549, 584]","[51, 397, 99, 149, 201, 251, 397, 317, 397, 397, 448, 471, 498, 596, 596, 596]",111583418.03052962,749.2492404909201,-749.2492404909201,0.0,,,,SWT,txu.059172014718829,55907441.19052966,,0.0,-39.5,54.0,0.0,1.0,,230.44924049092015,309.82545059170286,2948.3927905327546,309.82545059170286,,0.0,309.82545059170286,,,18.843585418893213,0.0,-26.0,275.91593030762874,230.44924049092015,,123.99041430865759,0.3379044300360739,0.976726024595397,0.07813510064624994,0.022481905131660092,0.2444444444444445,0.9941095322924794,0.5726543478616585,0.03643623428789944,0.3404487683501803,0.3404487683501803,0.34044876835018,,0.9051389812799299,0.6060128992987374,0.4226683841099162,,,,,0.4,,0.5066326836887094,0.3172413793103448,0.5068493150684931,0.5612459357560953,0.5612459357560953,0.8758620689655172,2.179641093523604,0.7053954413306254,43,1.6787891195562166,0.655390173307415,33,0,0.44804534150481856,0.7730954231363352,25,0,0.49355294940089894,0.6679574470310785,33,7.371114795831994,0.9304611811713963,33.5,32.29403732362312,0.8072117226611699,27,bior,0.2997739261492087,0.49731107751799014,0.6409649284401568,1,20.5,0.721967810199228,0.0,0.04574163299496758,0.8924424038552219,0.7134946276412849,0.14428372746724993,0.0026038524225124315,0.276595744680851,0.9941095322924794,0.05342144635125112,,0.011881236293618203,0.10527754905913911,0.10527754905913911,0.10527754905913908,,0.0,0.7551630489092351,0.06871668989826196,0.1596190539433347,,,,,0.09523809523809523,,0.07867334789720565,0.4438202247191011,0.5955056179775281,0.17931348561723387,0.17931348561723387,0.8983050847457626,1.0228144689262766,0.29208348720279953,148,1.3126464669145415,0.6512235740211699,99,34.64823227814083,0.8365649420842414,123.5,118.63967611336031,0.6270088861364603,107,84.4,85.5,44.010657016619085,30,0.6571101442637968,0.6013507105539218,0.3596176858491657,3,81.0
smoothed,sym15,65426.39826267665,0.6655518394648829,24.920471459849235,11.84280510548083,598,1,False,False,120.98566711137829,,9.015203376744036,51700.48117420209,1.0,8.872778885350032e-05,0.9444735159014299,426.9335225010272,,,,[],[],14,488.0615717047903,16.35763392333172,848.1550487346698,"[11, 54, 90, 141, 171, 226, 270, 306, 356, 393, 432, 486, 529, 566]","[631.1946625373555, 848.1550487346698, 273.98612753390955, 563.7679081572552, 16.35763392333172, 761.2233506319611, 408.9437829610316, 210.14776262072763, 597.9752854912833, 139.15138408415976, 425.9801030418781, 602.1829367124493, 807.5595561511245, 546.2364612859262]","[0, 49, 85, 100, 170, 150, 250, 299, 299, 383, 398, 398, 398, 549]","[49, 398, 100, 150, 202, 398, 299, 317, 398, 398, 449, 499, 597, 597]",111382701.78115098,721.6726972477384,-721.6726972477384,0.0,,,,SWT,txu.059172014718829,55706724.94115102,,0.0,-58.5,56.0,0.0,-27.0,,202.87269724773842,341.6615717047903,3415.1379961329358,341.6627821641236,,0.0,341.6615717047903,,,11.357633923331719,0.0,-45.0,329.3550487346698,202.87269724773842,,125.03352250102722,0.5576600107354744,0.909412386618088,0.1891238647597288,0.04695519032024749,0.5111111111111112,0.9528386013443482,0.3252765492992075,0.006267068845362683,0.5413937168471818,0.5413937168471818,0.5414013570897703,,0.9283778680726938,0.8423461873563315,0.6233170660182756,,,,,0.8,,0.46375919832371026,0.05517241379310345,0.2465753424657534,0.37130625976993853,0.37130625976993853,0.4896551724137931,2.514665231790975,0.8138190256407756,7,1.736925220058567,0.6780861918482813,18,0,0.4548181085075356,0.7847817296029611,21,0,0.5158179445340327,0.698090119372192,16,6.027713773341708,0.9431347757231914,15.5,12.964630225080386,0.8984541803144259,9,sym,0.3775829929004878,0.6346964899812167,0.5452829579752935,2,7.25,0.6341658420840566,0.0,0.0754896274793099,0.8584759461079539,0.674241297997341,0.18202839511256858,0.005438346321136794,0.5319148936170212,0.9528386013443482,0.03034420989309522,,0.0020435845601326497,0.16741609570771906,0.16741609570771906,0.16741845831287067,,0.0,0.77455139585554,0.09551486744016391,0.23539324000798395,,,,,0.19047619047619047,,0.07201566327029199,0.23033707865168537,0.38202247191011235,0.11862931280054745,0.11862931280054745,0.5819209039548022,1.0412881907313576,0.2973589983051277,144,1.384506903533222,0.686874613006205,71,51.61879502661797,0.7565151177989718,107.5,95.10697674418606,0.6247198230504294,108,99.42105263157895,110.0,57.971862503332275,38,0.7740590312511298,0.7921131623949381,0.22052472940572765,5,82.25
raw,coif12,1831433.851579233,0.6655518394648829,140.9428355295256,7.338991199301118,598,1,False,False,131.44914097635024,,9.225399107689691,71508.30122006463,1.0,3.122827013705773e-06,-0.04211654679819099,414.4839942187284,,,,[],[],16,936.0262447659485,466.0299733659847,1307.8214632301942,"[19, 65, 100, 140, 176, 223, 255, 302, 332, 366, 397, 426, 469, 498, 539, 577]","[1230.4100004862803, 1188.2471189753292, 808.5259905463752, 543.705763691826, 1043.2394498441, 901.8254444848574, 907.2912227164084, 1283.489404580421, 638.3486977124968, 1016.0404665652102, 631.9048225199886, 466.0299733659847, 790.6528906805091, 1172.7983041765199, 1307.8214632301942, 1046.0889026786751]","[12, 50, 97, 135, 109, 212, 212, 212, 321, 310, 391, 410, 410, 483, 212, 558]","[558, 558, 212, 143, 212, 232, 260, 508, 342, 483, 410, 437, 470, 508, 558, 591]",136659339.70707172,1108.4391130699971,-1108.4391130699971,0.0,,,,SWT,txu.059172014718829,68433506.70707172,,0.0,-64.5,70.0,0.0,-64.5,,353.4391130699971,576.1541517426926,15972.580083744824,576.1541517426928,,0.0,576.1541517426926,,,463.0299733659847,0.0,-69.0,552.8214632301942,353.4391130699971,,117.48399421872841,0.4795150675016222,0.15010162610743272,0.5483437521180542,0.1622924263209469,0.5434782608695653,0.09034234933060212,2.687431688617184e-11,0.5879906832259372,0.5097965442547485,0.5097965442547485,0.5097965442547489,,0.4624163589476324,0.4902034557452515,0.43192849923548354,,,,,0.4,,0.08794564542021402,0.1986301369863014,0.15625,0.33307665160801575,0.33307665160801575,0.2058823529411765,1.7413562194014176,0.5965672355704917,59,0.8427618292252635,0.4957422524854491,93,0,0.37262786203444825,0.6179580157724848,54,0,0.28201049746787116,0.49351837056877446,89,20.089383597645135,0.8104775132297629,73.75,69.61810985425234,0.5573613981243154,78,coif,0.9937654673519892,0.5954621649402658,0.1257255233715278,4,59.5,,,0.5164668252819073,0.008928454411866682,0.15010162610743272,0.5483437521180542,0.40092147829028,0.5319148936170212,0.11487869784886323,0.6171254573560269,,0.5956081001357449,0.6251046461335782,0.6251046461335782,0.6251046461335784,,0.0,0.6342276262898588,0.8165004469347688,0.5522582289823441,,,,,0.8571428571428571,,0.49415836260509616,0.16292134831460672,0.11235955056179775,0.44996157288742866,0.44996157288742866,0.1581920903954802,2.5718572239458286,0.7344411419466872,44,1.2278797943055235,0.609169558042227,140,67.88225099390856,0.6798007028589219,92.0,66.95652173913044,0.6229192193539892,109,128.44117647058823,122.5,52.71316963643363,34,1.0,0.7202596862948154,0.08392209411155538,7,83.5
raw,db4,1855519.5854524833,0.637123745819398,134.05834020739556,7.947737420233684,598,1,False,False,132.37035260504047,,9.232426524373313,71508.30122006465,1.0,3.3520536928819318e-06,0.13657269896459306,412.5927461758092,,,,[],[],17,864.9403303808398,45.077671217075476,1466.0863455032058,"[23, 55, 84, 122, 157, 186, 227, 261, 292, 322, 357, 388, 417, 479, 523, 567, 596]","[991.9986607493306, 1403.0682988593892, 551.9321208460786, 434.90994912923827, 1078.4282060603107, 914.2705199840208, 893.8834506138252, 1099.2862985634267, 755.9381342419348, 537.1998596273897, 920.0406841768059, 45.077671217075476, 1178.6809109994906, 1053.0347558950236, 1466.0863455032058, 1121.966323627164, 258.18342638056686]","[3, 52, 78, 109, 151, 183, 222, 222, 285, 315, 300, 386, 222, 450, 450, 551, 594]","[52, 551, 109, 125, 222, 222, 251, 402, 402, 328, 402, 390, 450, 499, 551, 586, 597]",137258101.0199027,1207.8259747378092,-1207.8259747378092,0.0,,,,SWT,txu.059172014718829,69032268.0199027,,0.0,-68.5,69.0,0.0,-64.0,,452.82597473780925,505.068237357584,16245.014383525724,505.3385546189966,,0.0,505.068237357584,,,42.077671217075476,0.0,-73.0,711.0863455032058,452.82597473780925,,115.59274617580922,0.5213059494723038,0.22094559327624083,0.560590673783427,0.16983472989527842,0.17391304347826092,0.24631918320764673,2.6875442794960907e-11,0.02437650068893643,0.32837418609167457,0.32837418609167457,0.3290640779702819,,0.4107515221665372,0.5336593864474584,0.7166511007887544,,,,,0.2,,0.12375533566337114,0.14383561643835618,0.09375,0.5982607499372434,0.5982607499372434,0.21323529411764708,1.5811752782280935,0.5416912141096459,86,0.8222647333319015,0.48368513725405965,97,0,0.33159633616708434,0.5499122175579392,87,0,0.270415596162862,0.4732272932850084,97,6.075908711186061,0.9426801064982447,91.75,91.44797605922193,0.5385570343811978,86,db,0.8936084142394821,0.6843627668132815,0.16916527998837808,3,65.25,,,0.5552907692077302,0.011203310286323764,0.22094559327624086,0.560590673783427,0.40631528421679486,0.17021276595744678,0.2666483424014781,0.6171254573560273,,0.0424142746874631,0.48635735994926366,0.48635735994926366,0.48688497201916814,,0.0,0.5990748267184758,0.8321422631686268,0.7766704758502982,,,,,0.8095238095238095,,0.5140190564949342,0.11797752808988762,0.06741573033707865,0.6686695318934519,0.6686695318934519,0.16384180790960454,2.4541425250892366,0.7008255442194136,76,1.2075631851000526,0.5990901838982675,146,49.49747468305833,0.7665213458346305,111.0,99.96396396396396,0.6214682200871265,110,118.36842105263158,113.5,63.686700255812326,76,0.9215768985091536,0.8701992891677452,0.0938363842932689,6,84.0
raw,db31,1824797.1821461348,0.6672240802675585,146.62836635088908,7.380059903923914,598,1,False,False,127.95793253944315,,9.238300693877527,71508.30122006465,1.0,3.143192059007163e-06,-0.04014106786823026,418.6084527018621,,,,[],[],16,910.9959228230455,284.30201553971955,1243.7653623168844,"[2, 32, 76, 113, 163, 202, 235, 266, 316, 351, 386, 419, 456, 500, 538, 589]","[467.53522850535296, 1243.7653623168844, 927.0217404902507, 624.5936088996646, 1158.0863077598322, 955.8733132060459, 799.0264742919892, 1006.4835690786795, 769.0361759942725, 875.6494178788745, 1173.4591584778257, 284.30201553971955, 1020.4319507990584, 1037.6790673751007, 1225.7259552298613, 1007.2654193253148]","[1, 10, 73, 109, 73, 173, 223, 245, 297, 297, 374, 414, 423, 470, 470, 572]","[10, 470, 122, 122, 470, 245, 245, 374, 322, 374, 470, 423, 470, 522, 572, 593]",136177887.62098795,1107.2215454244822,-1107.2215454244822,0.0,,,,SWT,txu.059172014718829,67952054.62098795,,0.0,-78.0,70.0,0.0,-64.5,,352.2215454244822,551.1238297997897,16373.065234831272,551.1238297997895,,0.0,551.1238297997897,,,281.30201553971955,0.0,-69.0,488.7653623168844,352.2215454244822,,121.60845270186212,0.32113595549532686,0.1548810725531218,0.5708277917751483,0.16021419296296288,0.5652173913043479,0.09206673373645013,2.6875442794960907e-11,0.3446746261061522,0.44591525255663317,0.44591525255663317,0.4459152525566326,,0.575087711147737,0.5540847474433671,0.3166899230241485,,,,,0.4,,0.05915178432710727,0.013698630136986314,0.15625,0.32982793670936145,0.32982793670936145,0.2058823529411765,1.607335706389674,0.5506534552271235,84,0.817704072576596,0.4810023956332917,98,0,0.33020867187252134,0.5476109449978449,91,0,0.26633473397917623,0.46608578446355836,98,6.701989754294367,0.9367736815632607,92.75,92.37462235649548,0.5308868407816303,87,db,0.8936084142394821,0.6843627668132815,0.16916527998837808,3,66.0,,,0.36933181703135615,0.009130558037430458,0.1548810725531218,0.5708277917751483,0.3994352496742476,0.553191489361702,0.11655657014465515,0.6171254573560273,,0.3567905816957258,0.576249830493407,0.576249830493407,0.5762498304934066,,0.0,0.7108893116467409,0.839494303224968,0.46142965523242635,,,,,0.8571428571428571,,0.47818877288807854,0.011235955056179775,0.11235955056179775,0.4472822274464549,0.4472822274464549,0.1581920903954802,2.4364310459255085,0.6957677055254692,80,1.2063482835221608,0.5984874530277855,147,47.37615433949868,0.7765275738702893,113.5,103.6123348017621,0.6205751076898616,111,118.36842105263158,113.5,63.686700255812326,76,0.9215768985091536,0.8701992891677452,0.0938363842932689,6,84.75
smoothed,sym12,65360.554191586,0.6622073578595318,25.192560457160372,11.818848389482406,598,1,False,False,120.31807747006962,,9.014293981828887,51700.481174204084,1.0,9.604110504064152e-05,0.9403158597200918,425.3819407724609,,,,[],[],15,502.87017962980514,198.15074825451114,778.3650565941921,"[8, 53, 89, 140, 225, 269, 327, 357, 394, 431, 462, 493, 528, 560, 593]","[726.938914260451, 778.3650565941921, 243.39618094920763, 571.3729404499295, 713.0489239659717, 457.8102982466684, 389.798906320271, 595.3309983972438, 247.00551078497034, 444.63805614275475, 198.15074825451114, 559.7922568389456, 712.1011620140761, 605.195080506821, 300.10766072106185]","[0, 50, 85, 98, 151, 250, 298, 298, 392, 399, 448, 399, 151, 548, 583]","[50, 151, 98, 151, 399, 298, 350, 399, 399, 448, 471, 498, 596, 596, 596]",111340184.33170082,713.2892821888055,-713.2892821888055,0.0,,,,SWT,txu.059172014718829,55664207.49170086,,0.0,-49.0,55.0,0.0,-31.0,,194.48928218880553,356.4701796298051,2704.9473055529234,356.47017962980505,,0.0,356.4701796298051,,,193.15074825451114,0.0,-49.0,259.56505659419213,194.48928218880553,,123.48194077246092,0.3498186154131966,0.9046313679367273,0.18446363674807648,0.04682787846339166,0.46666666666666673,0.9493072976102032,0.32527654929984057,0.7389122837954196,0.6348634880619017,0.6348634880619017,0.6348634880619011,,0.893810953150894,0.4827459192896409,0.36127550647234336,,,,,0.6000000000000001,,0.45467736637237666,0.18620689655172412,0.1917808219178082,0.3135635932613331,0.3135635932613331,0.43448275862068964,2.3794264579125883,0.7700518132917283,18,1.7064032614850866,0.666170584648943,28,0,0.4583740104586179,0.7909173843433278,20,0,0.5060960402933765,0.6849328312944855,27,4.9916597106239795,0.9529088706544908,23.25,22.433234421364986,0.8667846240064907,17,sym,0.3775829929004878,0.6346964899812167,0.5452829579752935,2,13.25,0.8217763102089095,0.0,0.04735443900315213,0.931053624892433,0.6714532908717037,0.18044356119846733,0.005423601072237855,0.4893617021276595,0.9493072976102033,0.030344209893154228,,0.24094672832164876,0.19631991131642362,0.19631991131642362,0.1963199113164235,,0.0,0.7457120049955639,0.05473926656324357,0.13643427501078056,,,,,0.1428571428571429,,0.07060537501283276,0.3370786516853932,0.33707865168539325,0.10018100317217948,0.10018100317217948,0.536723163841808,1.0246930209896554,0.29261994230216837,146,1.3769332586794574,0.6831172143506257,73,51.61879502661797,0.7565151177989718,109.5,97.33333333333334,0.6200028419183539,112,99.42105263157895,110.0,57.971862503332275,38,0.7740590312511298,0.7921131623949381,0.22052472940572765,5,85.25
raw,db30,1825692.9637630924,0.6638795986622074,143.80588868692408,7.278270964421168,598,1,False,False,131.0910387302863,,9.23751232101063,71508.30122006465,1.0,3.094573414559688e-06,-0.058821667014861814,414.36713103765646,,,,[],[],16,925.0807230896432,311.82447281216133,1329.876847131448,"[1, 33, 86, 126, 164, 201, 234, 264, 293, 350, 383, 417, 455, 508, 543, 588]","[450.1785597844324, 1329.876847131448, 938.8827190145445, 548.2616835923441, 1296.0807973398328, 1064.6664947008674, 867.9296349093636, 439.14936468333093, 1198.1566904657916, 1013.7569697126254, 1072.5361638153986, 311.82447281216133, 1300.7188668691206, 1283.715577229034, 922.6886387824508, 762.8680885915462]","[0, 8, 72, 120, 72, 174, 226, 263, 174, 323, 323, 414, 174, 174, 523, 577]","[8, 174, 120, 129, 174, 244, 244, 266, 422, 353, 422, 422, 471, 577, 577, 591]",136722640.93471265,1127.2664960080992,-1127.2664960080992,0.0,,,,SWT,txu.059172014718829,68496807.93471265,,0.0,-69.0,70.0,0.0,-73.5,,372.26649600809924,565.2086300663875,16147.708430565708,565.2086300663875,,0.0,565.2086300663875,,,308.82447281216133,0.0,-73.5,574.8768471314479,372.26649600809924,,117.36713103765646,0.46326971384714044,0.1430351964879969,0.5694538671626389,0.16049470162119828,0.5217391304347827,0.07576054419840766,2.6875442794960907e-11,0.38152451902235607,0.48186186308735957,0.48186186308735957,0.48186186308735957,,0.4592239076991529,0.5181381369126408,0.47160670322130815,,,,,0.4,,0.09173145673643883,0.13698630136986303,0.0859375,0.38331188878682143,0.38331188878682143,0.0735294117647059,1.6688061527747569,0.5717124745481895,72,0.8287761863028853,0.4875154037075795,96,0,0.34506337882587057,0.5722456708706107,77,0,0.27625045053986297,0.4834382884447601,94,12.0381338531629,0.8864326994984633,84.75,83.45353003583081,0.5434521988058354,84,db,0.8936084142394821,0.6843627668132815,0.16916527998837808,3,63.75,,,0.5013748083252124,0.008648064423131374,0.1430351964879969,0.569453867162639,0.39963585274575186,0.5106382978723404,0.10069021019438756,0.6171254573560273,,0.39295917691793014,0.6037409000019386,0.6037409000019386,0.6037409000019387,,0.0,0.6320554797029122,0.8265554415537086,0.5835317382140232,,,,,0.8571428571428571,,0.49625804118834205,0.11235955056179774,0.06179775280898875,0.49139258727623203,0.49139258727623203,0.056497175141242945,2.498584256539579,0.7135166981810632,64,1.214754425840599,0.602657866145349,145,57.27564927611035,0.7298318430372153,104.5,88.80382775119617,0.6184536573676642,113,118.36842105263158,113.5,63.686700255812326,76,0.9215768985091536,0.8701992891677452,0.0938363842932689,6,86.25
smoothed,db5,64618.03587194178,0.6605351170568562,24.412621122872192,9.576003033925813,598,1,False,False,119.9878899195854,,9.014275579177177,51700.48117420387,1.0,8.375522228043775e-05,0.5323874140962208,426.3128294938822,,,,[],[],15,514.0317047853704,221.47664738878194,759.8442110989884,"[11, 56, 92, 143, 172, 228, 272, 310, 360, 397, 434, 495, 531, 562, 592]","[713.1451037363089, 759.8442110989884, 221.47664738878194, 604.3218226152827, 556.0213416884043, 448.0605081561325, 600.2137340912398, 398.0062722734099, 681.7806503765005, 233.61672179085417, 454.9312551138102, 598.1215161240178, 730.7185921076124, 392.89991974825386, 317.31727547095903]","[2, 2, 88, 101, 152, 152, 152, 301, 152, 392, 402, 402, 2, 551, 586]","[52, 402, 101, 152, 203, 254, 301, 353, 402, 402, 450, 501, 551, 597, 597]",111430736.4350492,719.8157462364526,-719.8157462364526,0.0,,,,SWT,txu.059172014718829,55754759.59504925,,0.0,-62.5,55.0,0.0,-62.5,,201.01574623645263,367.6317047853704,2537.5244282194435,367.63170478537046,,0.0,367.6317047853704,,,216.47664738878194,0.0,-44.5,241.0442110989884,201.01574623645263,,124.41282949388221,0.24702097302294207,0.4570288858175208,0.18436933167603442,0.04539219284344831,0.44444444444444453,0.6028334237575779,0.32527654929977357,0.8329180906050131,0.7053134052979262,0.7053134052979262,0.7053134052979262,,0.9145497583601859,0.3979724741175472,0.29173500232808797,,,,,0.6000000000000001,,0.4740195187376962,0.0,0.2534246575342466,0.35851608986737127,0.35851608986737127,0.0,2.332544770421769,0.7548795316091281,29,1.1642071287657416,0.4545001531158404,61,0,0.4398394598207533,0.7589362990810727,29,0,0.3516211318193372,0.475871846814649,63,19.070046320517072,0.8200939026366314,45.5,39.51320687821308,0.6954243098088817,43,db,0.9102447150279618,0.7868127372464527,0.12678487830649093,4,33.25,0.506603253692956,0.0,0.03343887112953486,0.8091279717774129,0.4104380150966016,0.1804114902620088,0.005257320080588657,0.4680851063829787,0.6028334237575779,0.030344209893147955,,0.2716004230709969,0.2181052585038132,0.2181052585038132,0.21810525850381332,,0.0,0.7630145184177983,0.04512668150071597,0.11017257695256477,,,,,0.1428571428571429,,0.07360895518266747,0.18539325842696627,0.3876404494382022,0.11454295813719242,0.11454295813719242,0.1807909604519774,0.9701578288762509,0.27704641496980725,163,1.0323723631148258,0.5121753929743276,164,0.7071067811865476,0.9966645906547804,163.5,163.49847094801223,0.6127190877802204,114,118.36842105263158,113.5,63.686700255812326,76,0.9215768985091536,0.8701992891677452,0.0938363842932689,6,87.0
smoothed,bior2.4,52769.12682248435,0.6454849498327759,20.914712450054136,12.186123496111044,598,1,False,False,120.2415316392977,,8.994184660759588,52450.66555108188,1.0,8.826178731335485e-05,0.9935894753167878,424.03867842542536,,,,[],[],16,457.18762335658164,24.452636376907435,790.7950784486666,"[22, 54, 89, 140, 169, 226, 270, 306, 356, 395, 432, 463, 493, 522, 560, 590]","[686.9166728749805, 790.7950784486666, 257.4509499039485, 581.6704576214364, 24.452636376907435, 445.02428186582756, 694.3943270860282, 210.08363439921447, 626.4546236661483, 156.10266078169514, 424.6485580241988, 201.98284233724618, 643.316910688756, 752.6245705167404, 587.1947293494565, 231.88903976405464]","[1, 51, 86, 99, 168, 149, 149, 299, 299, 383, 397, 448, 397, 397, 549, 584]","[51, 397, 99, 149, 201, 251, 397, 317, 397, 397, 448, 471, 498, 596, 596, 596]",111569331.64068359,744.205580403238,-744.205580403238,0.0,,,,SWT,txu.059172014718829,55893354.80068363,,0.0,-39.5,54.0,0.0,1.0,,225.405580403238,310.78762335658166,2932.998026294694,310.78762335658155,,0.0,310.78762335658166,,,19.452636376907435,0.0,-26.0,271.9950784486666,225.405580403238,,122.13867842542538,0.3259875202473821,0.9779281063588812,0.08141267420002965,0.022481905131660092,0.2444444444444445,0.9945552232401357,0.5634999829299914,0.03889077318334394,0.3465218623680413,0.3465218623680413,0.3465218623680402,,0.8638850817560697,0.5982178642183578,0.40794670118146803,,,,,0.4,,0.5036237961134438,0.3172413793103448,0.5068493150684931,0.526506586650927,0.526506586650927,0.8758620689655172,2.1385577476122677,0.6920996721296434,47,1.644163683554036,0.6418725907605893,36,0,0.44033971601353433,0.759799483534092,28,0,0.47906515446607373,0.648350167752285,40,7.932002689527196,0.9251697859478566,37.75,36.44027382509038,0.7845188552380793,31,bior,0.2997739261492087,0.49731107751799014,0.6409649284401568,1,23.5,0.622211379176065,0.0,0.0441284581871372,0.853851325863417,0.7141956105793476,0.1453983531274115,0.0026038524225124315,0.276595744680851,0.9945552232401357,0.052567459270033756,,0.012681619680612127,0.10715554220478762,0.10715554220478762,0.10715554220478737,,0.0,0.7207446654475259,0.06783279945800175,0.1540594682495972,,,,,0.09523809523809523,,0.07820610749481202,0.4438202247191011,0.5955056179775281,0.16821454773765743,0.16821454773765743,0.8983050847457626,0.9996406526225774,0.2854657776538848,156,1.3013997752141448,0.6456439218073775,105,36.062445840513924,0.8298941233938022,130.5,125.51724137931035,0.6071640428289766,115,84.4,85.5,44.010657016619085,30,0.6571101442637968,0.6013507105539218,0.3596176858491657,3,87.0
smoothed,bior3.1,41141.771788156046,0.6622073578595318,19.315968766528705,11.387774325995455,598,1,False,False,121.40006054204903,,8.980274138792712,53082.878741093475,1.0,6.400712499822488e-05,0.912697354153878,425.2540182055896,,,,[],[],16,493.42574103804645,26.481148955436254,856.1295353216123,"[21, 53, 88, 139, 168, 225, 269, 305, 355, 394, 431, 462, 492, 521, 560, 593]","[794.5758900193234, 856.1295353216123, 286.87322112738235, 614.3697268339318, 31.607673119038736, 492.8887818260828, 758.796286891284, 231.78960287295035, 648.9118930948946, 284.0801493416954, 458.2405495479421, 26.481148955436254, 660.5437996454133, 783.2268261812792, 648.841182416776, 317.4555894137005]","[0, 50, 85, 98, 167, 151, 151, 298, 298, 382, 399, 447, 151, 151, 548, 583]","[50, 151, 98, 151, 201, 250, 399, 316, 399, 399, 447, 463, 497, 595, 595, 595]",113005301.16999999,742.8510289755274,-742.8510289755274,0.0,,,,SWT,txu.059172014718829,57329324.33000003,,0.0,-39.5,54.0,0.0,-53.0,,224.0510289755274,347.0257410380465,2353.1881433912567,347.0257410380465,,0.0,347.0257410380465,,,21.481148955436254,0.0,-53.0,337.3295353216123,224.0510289755274,,123.35401820558963,0.6866735596487814,0.8186023332928792,0.01012768783513171,0.0,0.46666666666666673,0.9258495301605423,0.764261291153511,0.047065890484088935,0.5752515705276433,0.5752515705276433,0.5752515705276429,,0.8909610301309161,0.3046350390907702,0.6532589937607856,,,,,0.4,,0.8103504253241824,0.3172413793103448,0.136986301369863,0.5171768074607977,0.5171768074607977,0.13103448275862067,2.299949312377497,0.7443306905266069,33,1.5649383069802159,0.6109434331444219,43,0,0.43010945791560645,0.7421473287623267,32,0,0.45902263359468903,0.6212253150093975,43,6.075908711186061,0.9426801064982447,37.75,37.01487670674547,0.7932740155132734,29,bior,0.2997739261492087,0.49731107751799014,0.6409649284401568,1,22.0,0.0,0.0,0.09295400462624692,0.6131469661054345,0.6212862495811472,0.12115600625621695,0.0,0.4893617021276595,0.9258495301605423,0.07129596364045843,,0.015347386389946704,0.17788601712689592,0.17788601712689592,0.1778860171268959,,0.0,0.7433342965978107,0.03454301309026436,0.24670069133194258,,,,,0.09523809523809523,,0.12583669191257651,0.4438202247191011,0.29213483146067415,0.16523375960176215,0.16523375960176215,0.288135593220339,0.9753203439954756,0.2785206661312552,161,1.2397829224677652,0.6150748782173292,133,19.79898987322333,0.9066085383338522,147.0,145.66666666666669,0.606606155959379,116,84.4,85.5,44.010657016619085,30,0.6571101442637968,0.6013507105539218,0.3596176858491657,3,87.75
smoothed,rbio1.3,69003.98169044286,0.6655518394648829,24.7543181817997,12.230722794909571,598,1,False,False,120.11304336068454,,9.01961336246143,51415.386576586825,1.0,8.776378281550652e-05,0.9897668188851034,425.0242085017041,,,,[],[],16,455.0596738869483,27.86000717875004,785.082981481894,"[22, 54, 89, 139, 169, 224, 270, 306, 356, 388, 432, 463, 493, 522, 560, 589]","[646.8259280903944, 785.082981481894, 250.17437918380057, 566.7814404600773, 27.86000717875004, 435.118157803142, 591.9544418703184, 388.99711800024954, 684.3379428323408, 115.13466164669961, 416.98086886570707, 183.90079611709135, 651.687287211052, 734.153615566933, 563.6524929533268, 238.31266292939625]","[0, 47, 85, 99, 168, 148, 148, 299, 148, 383, 396, 447, 396, 396, 548, 584]","[47, 396, 99, 148, 201, 251, 299, 350, 396, 396, 447, 470, 498, 595, 595, 595]",111010980.54125004,741.9848231685739,-741.9848231685739,0.0,,,,SWT,txu.059172014718829,55335003.70125008,,0.0,-8.0,54.0,0.0,1.0,,223.18482316857398,308.6596738869483,2967.045217808827,308.6596738869484,,0.0,308.6596738869483,,,22.86000717875004,0.0,-35.0,266.282981481894,223.18482316857398,,123.12420850170412,0.28598512737446785,0.9868287453590421,0.21172300032648345,0.05387257531332434,0.5111111111111112,0.9913084514189949,0.2347438535424976,0.052622832963027055,0.3330905559893282,0.3330905559893282,0.33309055598932824,,0.8858412144382201,0.6154574300952368,0.3864994026284346,,,,,0.4,,0.3843586256840301,0.7517241379310345,0.3835616438356164,0.5112106191369317,0.5112106191369317,0.8758620689655172,2.1048319263268054,0.6811850125278474,54,1.6883867204113976,0.6591370246626794,32,0,0.4505080175188643,0.7773447331475317,22,0,0.4856261000285263,0.6572295239658895,38,13.403979508588733,0.8735473631265214,36.5,32.911286280585045,0.764603870242506,34,rbio,0.602964079377041,1.0,0.2779251444360713,3,26.25,0.6094359357822888,0.0,0.038713392236335645,0.8489091068271866,0.7193859364510948,0.18971382947028892,0.00623951728801847,0.5319148936170212,0.991308451418995,0.02189864832971805,,0.01715941081982128,0.10300215659242185,0.10300215659242185,0.10300215659242193,,0.0,0.7390628027075767,0.06978761907275416,0.1459599802505488,,,,,0.09523809523809523,,0.05968580561279219,0.797752808988764,0.4943820224719101,0.16332761123427322,0.16332761123427322,0.8983050847457626,1.0173986506851294,0.2905369006751457,150,1.4139437823151608,0.7014786894971603,62,62.22539674441618,0.7064839776206784,106.0,87.73584905660377,0.6032419888103392,117,87.36666666666666,69.5,73.18633909333803,30,0.6802076177391039,1.0,0.22385466758262726,4,88.75
smoothed,bior2.2,52769.12682248435,0.6454849498327759,20.914712450054136,12.197705465927662,598,1,False,False,120.120078954912,,8.995873041831146,52353.54385187944,1.0,7.968011868219985e-05,0.9939229391912913,423.026631844852,,,,[],[],16,457.63508936655114,27.01147904132631,784.7824610998897,"[22, 54, 89, 140, 169, 226, 270, 306, 356, 395, 432, 463, 493, 522, 560, 590]","[699.61144930597, 784.7824610998897, 253.63920241161463, 582.6913430367744, 27.01147904132631, 448.09356723791524, 695.1566765844949, 205.13167722221732, 622.7489421909925, 168.7510333301695, 425.7489929524203, 200.46477246638622, 637.6688952740285, 753.386920015207, 586.3329429598851, 230.9410747355264]","[1, 51, 86, 99, 168, 149, 149, 299, 299, 383, 397, 448, 397, 397, 549, 584]","[51, 397, 99, 149, 201, 251, 397, 317, 397, 397, 448, 471, 498, 596, 596, 596]",111503014.55749997,735.143565060594,-735.143565060594,0.0,,,,SWT,txu.059172014718829,55827037.717500016,,0.0,-39.5,54.0,0.0,1.0,,216.34356506059407,311.23508936655116,2925.8385701351817,311.23508936655116,,0.0,311.23508936655116,,,22.01147904132631,0.0,-26.0,265.98246109988975,216.34356506059407,,121.126631844852,0.28817552643202393,0.980239508892678,0.09006484569663907,0.022481905131660092,0.2444444444444445,0.9948384506581512,0.532658678609188,0.04920317605291186,0.34934620249440534,0.34934620249440534,0.34934620249440507,,0.8413382011093737,0.5945927218610711,0.3853710341165536,,,,,0.4,,0.4894583037623056,0.3172413793103448,0.5068493150684931,0.4640899072729219,0.4640899072729219,0.8758620689655172,2.0877701116256464,0.6756633115713064,55,1.560265425513401,0.6091191655466008,45,0,0.42907564148504207,0.7403634942331067,33,0,0.4443708605453164,0.6013961134365624,45,9.0,0.9150943396226415,44.5,43.04347826086956,0.7476415094339623,36,bior,0.2997739261492087,0.49731107751799014,0.6409649284401568,1,27.25,0.4020635244977462,0.0,0.03900990338237939,0.7686864603757296,0.7155434837344065,0.14834075310959274,0.0026038524225124315,0.276595744680851,0.9948384506581511,0.04969035357734386,,0.016044318862975582,0.10802891768402317,0.10802891768402317,0.10802891768402317,,0.0,0.7019336635078296,0.06742173925863804,0.14553385631713658,,,,,0.09523809523809523,,0.0760063940855582,0.4438202247191011,0.5955056179775281,0.14827292922981797,0.14827292922981797,0.8983050847457626,0.9784851591650756,0.27942443732258326,160,1.2755571217006678,0.6328229943090575,118,29.698484809834994,0.8599128075007784,139.0,135.8273381294964,0.6021262150711439,118,84.4,85.5,44.010657016619085,30,0.6571101442637968,0.6013507105539218,0.3596176858491657,3,89.25
smoothed,rbio3.1,558329.0371126641,0.6722408026755853,72.59868857976188,9.88284630601154,598,1,False,False,122.40646971093595,,9.173437401422614,53825.23852370219,1.0,6.658699768873877e-05,0.6782748349365026,423.83980464321655,,,,[],[],17,498.52275909147806,33.94112549695444,948.4776809445754,"[21, 53, 88, 138, 168, 223, 256, 290, 320, 353, 393, 430, 461, 492, 527, 559, 588]","[620.6276218474327, 948.4776809445754, 313.14223804846256, 616.6324685337288, 33.94112549695444, 847.2907005567806, 478.6405801851741, 338.562726832119, 111.61680541029642, 678.8578652781448, 165.35692078047413, 478.6405801851739, 216.79893911179548, 941.0177044030575, 758.6195101959875, 648.7704717386574, 277.89296500631326]","[0, 46, 84, 98, 167, 147, 250, 283, 315, 297, 382, 395, 446, 395, 497, 547, 583]","[46, 395, 98, 147, 200, 395, 297, 297, 324, 395, 395, 446, 469, 594, 594, 594, 594]",113893163.46999997,786.9744921215679,-786.9744921215679,0.0,,,,SWT,txu.059172014718829,58217186.63000001,,0.0,-61.5,53.0,0.0,-61.5,,268.17449212156794,352.1227590914781,1773.1130954448727,352.1227590914781,,0.0,352.1227590914781,,,28.94112549695444,0.0,-61.5,429.6776809445754,268.17449212156794,,121.93980464321658,1.0,0.5182653013674761,1.0,1.0,0.6000000000000001,0.7267428504895068,1.0,0.07713037415219004,0.6074232043330587,0.6074232043330587,0.6074232043330583,,0.8594544720220014,0.010917949431430207,1.0,,,,,0.2,,1.0,0.013793103448275862,0.02054794520547945,0.8210871351418499,0.8210871351418499,0.013793103448275862,2.419633786483896,0.7830640777267106,14,2.5615109715243927,1.0,1,0,0.44400538873270184,0.7661245460654555,27,0,0.7388987900271663,1.0,1,12.446552400832395,0.8825796943317699,10.75,1.8971141781681307,0.8905822999960736,12,rbio,0.602964079377041,1.0,0.2779251444360713,3,9.75,0.06618216836034785,0.0,0.13536855077657406,0.638749738725356,0.4461474683073492,0.45778829270789223,0.11581991860848007,0.6170212765957446,0.7267428504895067,0.0932874194542162,,0.025150903177216938,0.1878345059191318,0.1878345059191318,0.1878345059191318,,0.0,0.7170481803502045,0.001238002270698646,0.37764606945814355,,,,,0.04761904761904767,,0.15528675987580962,0.19662921348314605,0.19662921348314605,0.2623306233824338,0.2623306233824338,0.192090395480226,1.0039296224510788,0.2866905718879079,154,1.3615486921089617,0.675484700433642,79,53.033008588991066,0.7498442991085328,116.5,104.42918454935622,0.6001579986108702,119,87.36666666666666,69.5,73.18633909333803,30,0.6802076177391039,1.0,0.22385466758262726,4,90.25
raw,coif11,1832315.3059296187,0.6655518394648829,140.13043532808913,7.416073761461365,598,1,False,False,130.04882200429444,,9.225615082122447,71508.30122006468,1.0,3.146439856724863e-06,-0.02810398484373809,416.0032479807745,,,,[],[],15,919.8285465775991,413.08072344260023,1470.264791876846,"[14, 46, 101, 137, 177, 235, 280, 316, 365, 398, 442, 474, 504, 540, 578]","[413.08072344260023, 1231.3290802293038, 1002.790654178151, 521.9715302463203, 1107.294806390444, 944.641668015628, 1044.4413266768809, 539.2275362257188, 1265.2429140450624, 778.0598974957652, 810.6312059631515, 938.6525411504625, 1470.264791876846, 988.7139306129932, 741.0855921146604]","[9, 9, 49, 133, 49, 213, 213, 308, 359, 392, 409, 409, 409, 520, 559]","[15, 359, 159, 142, 359, 272, 359, 341, 409, 409, 469, 484, 559, 559, 590]",136248470.21569145,1211.8534154250126,-1211.8534154250126,0.0,,,,SWT,txu.059172014718829,68022637.21569145,,0.0,-78.5,71.0,0.0,-69.5,,456.8534154250126,559.9564535543434,17151.571801336013,559.9564535543433,,0.0,559.9564535543434,,,410.08072344260023,0.0,-69.5,715.264791876846,456.8534154250126,,119.00324798077452,0.4159894203431142,0.15907225182171222,0.5487201382182049,0.16256844848130578,0.5434782608695653,0.10257383555592874,2.6877694612539033e-11,0.5170967884564558,0.4684574881623693,0.4684574881623693,0.46845748816236904,,0.5039191104978852,0.6782641456779167,0.7241682334897498,,,,,0.6000000000000001,,0.06337306716340156,0.00684931506849315,0.1484375,0.6090067701786327,0.6090067701786327,0.13235294117647062,2.087205032111142,0.7150507875427007,16,0.8343053091266657,0.4907678288980386,94,0,0.4284176504553391,0.7104785985456358,22,0,0.27605747933095837,0.48310058882917706,95,43.660622991432454,0.5881073302695051,56.75,30.97913607379739,0.5263649858894696,89,coif,0.9937654673519892,0.5954621649402658,0.1257255233715278,4,67.75,,,0.45745117289955806,0.009162789328062526,0.15907225182171222,0.5487201382182048,0.40111887288593906,0.5319148936170212,0.12678026214290056,0.6171254573560282,,0.5260249241554588,0.5934895690046437,0.5934895690046437,0.5934895690046434,,0.0,0.662466134292671,0.8841922603467851,0.7825953185927854,,,,,0.9047619047619048,,0.4805299717553345,0.005617977528089874,0.10674157303370786,0.6775322056707982,0.6775322056707982,0.1016949152542373,2.7613325141247134,0.7885492966272797,14,1.2206752905597653,0.6055952958195969,143,91.21677477306463,0.5697321944666762,78.5,25.5031847133758,0.5997245877993759,120,128.44117647058823,122.5,52.71316963643363,34,1.0,0.7202596862948154,0.08392209411155538,7,91.75
raw,bior3.1,1313166.1696320977,0.6505016722408027,115.45026108081268,7.885792594230374,598,1,False,False,139.23469380114796,,8.910753506347318,83742.60786722181,1.0,2.223148059101062e-06,0.33925202207202293,416.5742824665247,,,,[],[],14,1036.0629573199749,522.1983579062653,1470.4285514774258,"[17, 55, 105, 156, 186, 223, 256, 312, 363, 395, 433, 486, 530, 587]","[1151.5233931622927, 1164.7816453095404, 981.8177656775213, 594.853579673183, 959.3671253748485, 1245.5685950601035, 1072.6809870599923, 1145.8665389128, 1060.8369484751179, 522.1983579062653, 859.8418459228417, 1470.4285514774258, 1175.9185771132281, 1099.197491354488]","[1, 50, 100, 151, 181, 50, 249, 288, 314, 384, 401, 401, 496, 550]","[50, 181, 181, 158, 199, 401, 401, 401, 401, 401, 448, 550, 550, 597]",151083896.75,1245.9221484506968,-1245.9221484506968,0.0,,,,SWT,txu.059172014718829,82858063.75,,0.0,-74.5,72.0,0.0,-65.5,,490.9221484506968,676.1908642967192,16444.11859752035,676.1908642967193,,0.0,676.1908642967192,,,519.1983579062653,0.0,-74.5,715.4285514774258,490.9221484506968,,119.57428246652472,0.8327076554417342,0.21373664960028133,0.0,0.0,0.34782608695652184,0.42323682016833497,0.9465910958359146,0.663194686091553,0.7651058618800555,0.7651058618800555,0.7651058618800557,,0.5195185468664343,0.565418452515227,0.724462841231131,,,,,0.8,,0.950624827479891,0.06164383561643836,0.0703125,0.6999089890134709,0.6999089890134709,0.1911764705882353,2.9189605388505364,1.0,1,1.0651158875769977,0.6265387573982338,43,0,0.5886776945754301,0.9762504018975464,2,0,0.3948711868575411,0.6910245770006967,32,21.268129521265696,0.7993572686673047,19.5,2.5731650303880316,0.8076975022581807,16,bior,0.6384573894282631,0.8222350820376183,0.3064093027889303,2,12.5,,,0.8445845529437234,0.0,0.21373664960028135,0.0,0.2848596090892666,0.34042553191489355,0.43879395024077084,0.9795510902445106,,0.6694216969600628,0.8203588326448108,0.8203588326448108,0.820358832644811,,0.0,0.673080004271852,0.8435738322816032,0.7828275220948164,,,,,0.9523809523809523,,0.9726156473144243,0.050561797752808973,0.050561797752808973,0.7525029104594537,0.7525029104594537,0.14689265536723164,3.2966423972098675,0.9414168812536218,2,1.2275553891479891,0.609008615784395,141,98.2878425849301,0.5363781010144806,71.5,3.944055944055944,0.5995569750355422,121,84.4,85.5,44.010657016619085,30,0.6571101442637968,0.6013507105539218,0.3596176858491657,3,91.5
raw,coif15,1829230.69943606,0.6655518394648829,140.6107660217932,7.46372928548693,598,1,False,False,129.49426136057053,,9.224949271291237,71508.30122006465,1.0,3.1552092114954782e-06,-0.01557293456949656,428.8613330197627,,,,[],[],16,957.3100681627059,480.30517436468153,1408.648454047125,"[4, 42, 97, 139, 171, 210, 239, 271, 306, 348, 394, 430, 466, 500, 536, 574]","[1015.8607716159095, 1268.7669202809413, 1103.7447973441513, 711.7482900118172, 981.3009399904365, 830.275825019318, 859.7008465246277, 974.2598560063614, 1156.1086511057915, 842.0896571190111, 647.7229918270199, 480.30517436468153, 1070.167295538441, 1408.648454047125, 1034.9624198523811, 931.2981999552817]","[0, 15, 63, 113, 163, 209, 163, 63, 63, 313, 388, 413, 463, 463, 511, 555]","[15, 463, 163, 163, 209, 216, 263, 275, 463, 463, 413, 433, 467, 511, 594, 594]",136186027.51998356,1084.446618608179,-1084.446618608179,0.0,,,,SWT,txu.059172014718829,67960194.51998356,,0.0,-78.0,70.0,0.0,-69.0,,329.44661860817905,597.4379751394501,15632.038909396706,597.4379751394503,,0.0,597.4379751394501,,,477.30517436468153,0.0,-73.5,653.6484540471249,329.44661860817905,,131.8613330197627,0.39083170664772626,0.1646182515558994,0.5475598066965537,0.16160252239808134,0.5434782608695653,0.11351211859913438,2.6875442794960907e-11,0.6071037886784066,0.5641161864056139,0.5641161864056139,0.5641161864056141,,0.8551743926085205,0.43588381359438644,0.6133188539362983,,,,,0.4,,0.05963860145339276,0.013698630136986314,0.0859375,0.2690598600144567,0.2690598600144567,0.13970588235294118,1.977372268654943,0.6774234328750524,27,0.8333977792734052,0.49023398780788535,95,0,0.38863783871476354,0.6445086160628537,41,0,0.27451466668483376,0.48040066669845904,96,35.96641952340173,0.6606941554396063,64.75,48.561214145794175,0.5249225494179164,90,coif,0.9937654673519892,0.5954621649402658,0.1257255233715278,4,68.5,,,0.4340795277043964,0.00924981679924014,0.16461825155589943,0.5475598066965537,0.40042810012919106,0.5319148936170212,0.13742350504134188,0.6171254573560273,,0.614367833742615,0.6666469511242409,0.6666469511242409,0.6666469511242411,,0.0,0.9014605316376543,0.7969482742696553,0.6952262154945387,,,,,0.8571428571428571,,0.4784587703625005,0.011235955056179775,0.06179775280898875,0.39716435797238137,0.39716435797238137,0.10734463276836159,2.7508346854030608,0.7855514485187202,16,1.2203492501032591,0.6054335422654502,144,90.50966799187809,0.5730676038118958,80.0,28.799999999999997,0.597854556622929,122,128.44117647058823,122.5,52.71316963643363,34,1.0,0.7202596862948154,0.08392209411155538,7,93.25
raw,coif4,1843643.4335933293,0.6588628762541806,144.01074985845406,7.2829678631690715,598,1,False,False,131.02311529327693,,9.229679758722309,71508.30122006465,1.0,3.144860026641387e-06,-0.052194444665418824,417.70222417456114,,,,[],[],16,886.976241357467,31.884095533849177,1490.5589756820045,"[12, 57, 108, 144, 182, 228, 273, 311, 357, 386, 417, 446, 490, 531, 565, 596]","[1142.3736920185631, 1490.5589756820045, 1118.603638637357, 681.3539189361966, 860.8385800991506, 1148.1192790849966, 1037.3582039710725, 854.1057462461893, 1180.0126923629648, 31.884095533849177, 958.077673394595, 243.47402687287786, 1271.3022246881105, 988.3703530133389, 847.7316264831708, 337.45513469503516]","[3, 52, 101, 126, 153, 204, 253, 300, 253, 384, 402, 442, 253, 500, 558, 592]","[52, 253, 204, 153, 204, 253, 300, 352, 474, 387, 474, 474, 558, 558, 583, 597]",136970118.32675532,1240.0585990857824,-1240.0585990857824,0.0,,,,SWT,txu.059172014718829,68744285.32675532,,0.0,-69.0,70.0,0.0,-73.5,,485.05859908578236,527.1041483342112,16757.38013828053,528.009017372373,,0.0,527.1041483342112,,,28.884095533849177,0.0,-78.0,735.5589756820045,485.05859908578236,,120.70222417456114,0.4601883585421304,0.14358180676539944,0.5558037904555343,0.16611578393797535,0.45652173913043487,0.08154540917476762,2.6875442794960907e-11,0.006711586313884077,0.38461327323337074,0.38461327323337074,0.38692264037244567,,0.5503314930912682,0.6153867267666296,0.7606779931181519,,,,,0.4,,0.10653216039134214,0.13698630136986303,0.015625,0.6842638622306082,0.6842638622306082,0.0735294117647059,1.8289949760117883,0.6265911963071731,46,0.8003922381514649,0.4708189636185087,99,0,0.3707469702940178,0.6148387854458707,57,0,0.26625098400473113,0.4659392220082794,99,27.789386463180506,0.737835976762448,75.25,67.24383135807265,0.5139651581925448,93,coif,0.9937654673519892,0.5954621649402658,0.1257255233715278,4,70.75,,,0.4985122134256557,0.00914711102325555,0.14358180676539947,0.5558037904555343,0.40365571575111325,0.4468085106382978,0.10631903903661877,0.6171254573560273,,0.02507595733823631,0.5293676085062782,0.5293676085062782,0.531133754788325,,0.0,0.694045159497925,0.8615597446929502,0.8113715279492657,,,,,0.8571428571428571,,0.5044667758254816,0.11235955056179774,0.011235955056179775,0.7395997470773784,0.7395997470773784,0.056497175141242945,2.582561110002687,0.7374978335179266,42,1.1862778373096146,0.5885302040318264,149,75.66042558696059,0.6431112000615067,95.5,65.52879581151832,0.5963197509741496,123,128.44117647058823,122.5,52.71316963643363,34,1.0,0.7202596862948154,0.08392209411155538,7,94.0
raw,bior3.3,1313166.1696320977,0.6505016722408027,115.45026108081268,8.11615398029575,598,1,False,False,133.37621650488174,,8.965473550034217,80087.88207633687,1.0,2.8981029449731573e-06,0.32836965912152816,413.45859321192165,,,,[],[],18,834.4780729955932,156.04962777310624,1373.4002428464842,"[4, 36, 72, 105, 156, 186, 225, 258, 291, 333, 363, 395, 433, 464, 494, 530, 566, 595]","[337.5330025820159, 1116.9193550579762, 519.3699307815192, 926.9286017879156, 944.8272421867001, 796.3569152244371, 1262.097216070339, 1065.9855697256326, 1015.9798620435964, 874.4038261979024, 988.9772218370351, 516.5636007436851, 832.1983901958304, 156.04962777310624, 1373.4002428464842, 1009.0855709270272, 1051.2468127552754, 232.68232518419836]","[1, 15, 65, 60, 60, 181, 50, 249, 266, 314, 314, 384, 401, 462, 401, 524, 550, 593]","[5, 50, 76, 149, 181, 199, 401, 401, 401, 348, 401, 401, 448, 470, 550, 550, 585, 597]",146712844.70410156,1194.1707709026064,-1194.1707709026064,0.0,,,,SWT,txu.059172014718829,78487011.70410156,,0.0,-72.5,68.0,0.0,-59.0,,439.17077090260636,474.60597997233737,15928.394686079324,474.6059799723374,,0.0,474.60597997233737,,,153.04962777310624,0.0,-72.5,618.4002428464842,439.17077090260636,,116.45859321192165,0.5669370924232481,0.24054538189331415,0.09536250925907108,0.0,0.34782608695652184,0.4137376669827405,0.6638181532368985,0.1729571552181372,0.2506297465974886,0.2506297465974886,0.2506297465974888,,0.4344046045666098,0.4831554534175503,0.5499064136715448,,,,,0.0,,0.6892084392695781,0.08904109589041097,0.1015625,0.5618259248932321,0.5618259248932321,0.286764705882353,1.656935044688627,0.5676455788405811,74,0.9322423743629629,0.5483778672723311,65,0,0.3344672469639368,0.5546732741514978,84,0,0.3326038415359706,0.5820567226879485,51,14.011899704655802,0.8678122669372095,68.5,66.21339849906734,0.6107929259214349,59,bior,0.6384573894282631,0.8222350820376183,0.3064093027889303,2,44.75,,,0.5976823353020166,0.006698282645972775,0.24054538189331418,0.09536250925907105,0.2848596090892666,0.34042553191489355,0.4295510193087006,0.8712845291719121,,0.18824790203984476,0.4269003552837029,0.4269003552837029,0.426900355283703,,0.0,0.6151684044138457,0.8139635421798994,0.6452458903585634,,,,,0.7619047619047619,,0.8276294486408906,0.07303370786516852,0.07303370786516854,0.63862027074875,0.63862027074875,0.22033898305084745,2.5105728844084942,0.7169402714107276,62,1.1722569058527568,0.5815742099202488,153,64.34671708797582,0.6964777495850197,107.5,88.24186046511628,0.5947011389434533,124,84.4,85.5,44.010657016619085,30,0.6571101442637968,0.6013507105539218,0.3596176858491657,3,93.75
raw,bior3.5,1313166.1696320977,0.6505016722408027,115.45026108081268,8.12237128956051,598,1,False,False,131.98038306533394,,8.971242796922311,79599.08329471546,1.0,3.07376732223753e-06,0.3213276438190949,416.80353974323765,,,,[],[],18,815.515396481195,144.65581733406515,1379.476941747306,"[4, 36, 72, 105, 156, 186, 225, 258, 291, 333, 363, 395, 432, 464, 494, 530, 566, 595]","[361.27356033318165, 1108.080520293144, 516.9530619005104, 882.3725881655712, 936.52702391535, 502.6645330759869, 1282.6999874799892, 1074.5758122627035, 1055.298866067778, 861.4632196750156, 947.3242130077649, 519.878163780497, 839.1617347089993, 144.65581733406515, 1379.476941747306, 950.0311061544946, 1084.5167392372755, 232.3232475218769]","[1, 15, 65, 97, 149, 185, 50, 249, 266, 314, 314, 384, 401, 462, 50, 524, 550, 593]","[5, 50, 76, 149, 181, 199, 484, 448, 448, 348, 448, 448, 448, 470, 550, 550, 585, 597]",146128241.36128235,1201.2832707524321,-1201.2832707524321,0.0,,,,SWT,txu.059172014718829,77902408.36128235,,0.0,-72.5,68.0,0.0,-63.5,,446.28327075243214,455.6433034579392,16269.72286333849,455.6433034579392,,0.0,455.6433034579392,,,141.65581733406515,0.0,-68.0,624.476941747306,446.28327075243214,,119.80353974323765,0.5036149320139075,0.24126893275619474,0.10541677498538887,0.0,0.34782608695652184,0.4075907315793341,0.6259988809504177,0.15770195142473914,0.20223403388725966,0.20223403388725966,0.20223403388725966,,0.5257813635427543,0.5376006302165577,0.5608385515852059,,,,,0.0,,0.6542454846282859,0.08904109589041097,0.171875,0.5808035022902017,0.5808035022902017,0.22058823529411767,1.6710848884763025,0.5724931413887365,69,0.9011205065450931,0.5300708862029959,69,0,0.33471295848744687,0.5550807568466771,83,0,0.3188166198916807,0.5579290848104411,64,8.180260794538684,0.9228277283534086,71.25,70.59816054316946,0.625328958516327,57,bior,0.6384573894282631,0.8222350820376183,0.3064093027889303,2,43.25,,,0.5388557231544457,0.008441583827095755,0.24126893275619474,0.1054167749853889,0.2848596090892666,0.34042553191489355,0.4235698862258334,0.8568044925917089,,0.17327474343961916,0.3898885235034968,0.3898885235034968,0.3898885235034968,,0.0,0.6773412301479308,0.833560900619785,0.6538623669532956,,,,,0.7619047619047619,,0.8082383694413802,0.07303370786516852,0.12359550561797752,0.6542718397738925,0.6542718397738925,0.1694915254237288,2.509415394870751,0.716609728980154,63,1.1524087080784815,0.5717272217035166,154,64.34671708797582,0.6964777495850197,108.5,89.41935483870967,0.5923426483774155,125,84.4,85.5,44.010657016619085,30,0.6571101442637968,0.6013507105539218,0.3596176858491657,3,94.5
raw,bior3.7,1313166.1696320977,0.6505016722408027,115.45026108081268,8.106404931572397,598,1,False,False,131.42289340789455,,8.970028358698746,79555.297657014,1.0,3.146237868470526e-06,0.31707379239699607,415.9009255329267,,,,[],[],18,810.7182042702532,136.44416004385505,1378.1931527877616,"[4, 36, 72, 105, 156, 186, 225, 258, 291, 333, 363, 395, 432, 464, 494, 530, 566, 595]","[366.9169491703367, 1095.3738321512408, 520.4424163474669, 865.549886002564, 928.7296006879957, 466.0550117009076, 1300.2436071035027, 1058.4685032884752, 1094.7440651742465, 856.6294819129984, 921.243694596054, 524.2013379914013, 826.6514171636779, 136.44416004385505, 1378.1931527877616, 918.48794617123, 1098.942425370796, 235.61018920004864]","[1, 15, 65, 98, 149, 185, 50, 249, 249, 330, 330, 384, 401, 461, 484, 524, 550, 593]","[5, 50, 75, 149, 181, 199, 484, 266, 484, 348, 448, 448, 448, 470, 550, 550, 585, 597]",146075873.7385914,1204.0959019127058,-1204.0959019127058,0.0,,,,SWT,txu.059172014718829,77850040.7385914,,0.0,-72.5,68.0,0.0,-63.5,,449.0959019127058,450.8461112469974,16356.072323135442,450.8461112469975,,0.0,450.8461112469974,,,133.44416004385505,0.0,-68.0,623.1931527877616,449.0959019127058,,118.90092553292669,0.4783243432411083,0.2394108183199647,0.10330033156655771,0.0,0.34782608695652184,0.4038775686871299,0.6226111045959524,0.14670734113927605,0.18999084997383844,0.18999084997383844,0.1899908499738388,,0.501123880867963,0.5513742121191565,0.5585289821648951,,,,,0.0,,0.6511135716152909,0.08904109589041097,0.171875,0.5883081668470002,0.5883081668470002,0.22058823529411767,1.6516068140885551,0.565820192532971,76,0.8885198638434318,0.5226587434373128,77,0,0.3312100859076163,0.5492716684518436,89,0,0.31362146476674785,0.5488375633418087,66,9.41629792788369,0.9111670006803425,77.0,76.14351677001986,0.59237595317036,65,bior,0.6384573894282631,0.8222350820376183,0.3064093027889303,2,49.25,,,0.5153606363301224,0.009160784787541343,0.2394108183199647,0.10330033156655774,0.2848596090892666,0.34042553191489355,0.4199568790996595,0.8555073992693779,,0.16248340654360507,0.38052524237628454,0.38052524237628454,0.3805252423762848,,0.0,0.6605642576380911,0.8385186551430704,0.6520420138795249,,,,,0.7619047619047619,,0.8065013545379189,0.07303370786516852,0.12359550561797752,0.6604612375491863,0.6604612375491863,0.1694915254237288,2.4925385069156802,0.7117902231589048,66,1.1414388117687624,0.5662848918290844,155,62.932503525602726,0.7031485682754588,110.5,92.57918552036199,0.5909610765905595,126,84.4,85.5,44.010657016619085,30,0.6571101442637968,0.6013507105539218,0.3596176858491657,3,95.25
smoothed,rbio4.4,71873.82576972872,0.6505016722408027,24.904033979893146,12.141320927195542,598,1,False,False,120.56887595724942,,9.011099370064358,52097.14107650306,1.0,9.005411557445584e-05,0.9859058940550449,425.4597419700321,,,,[],[],16,452.03659434452106,17.132466054367228,807.8600129584131,"[7, 54, 90, 140, 169, 226, 270, 306, 356, 395, 432, 463, 493, 529, 560, 590]","[669.1675324722332, 807.8600129584131, 240.79451713167362, 575.8866666864799, 17.132466054367228, 453.80200468903683, 612.3300169704357, 212.0367200181978, 705.0774213956047, 142.4952551071067, 419.71548890713035, 203.877904049162, 607.1415193461704, 754.9456833613408, 563.7753345146151, 246.54696585037]","[1, 48, 85, 99, 168, 149, 149, 299, 149, 383, 397, 448, 397, 397, 549, 584]","[48, 397, 99, 149, 202, 251, 299, 317, 397, 397, 448, 471, 498, 596, 596, 596]",111458368.17449407,745.4880350606823,-745.4880350606823,0.0,,,,SWT,txu.059172014718829,55782391.334494114,,0.0,-39.5,54.0,0.0,-12.5,,226.6880350606823,305.6365943445211,3015.414490487663,305.6365943445211,,0.0,305.6365943445211,,,12.132466054367228,0.0,-30.5,289.06001295841315,226.6880350606823,,123.55974197003212,0.4278999760196646,0.9689869009377349,0.16809273013379628,0.05942152106604928,0.31111111111111117,0.9880291763479017,0.4512371622125443,0.009389723161953384,0.31400931927718184,0.31400931927718184,0.31400931927718156,,0.8955442472002787,0.639948885210334,0.4720206739006828,,,,,0.4,,0.4799217263584862,0.3172413793103448,0.44520547945205474,0.5353397830364869,0.5353397830364869,0.6896551724137931,2.117454704206534,0.685270111675476,50,1.724127376346433,0.673089983026846,24,0,0.42410898739416303,0.731793608129473,34,0,0.5053711295241616,0.6839517621967972,28,11.430952132988164,0.8921608289340739,34.0,31.54755329724954,0.7857030559764709,30,rbio,0.602964079377041,1.0,0.2779251444360713,3,23.25,0.6681904583644905,0.0,0.05792419963111279,0.871638472143138,0.7089816287718453,0.17487620098733123,0.006882195733461938,0.34042553191489355,0.9880291763479018,0.04209475042465177,,0.0030618290226517297,0.09710163345701198,0.09710163345701198,0.09710163345701195,,0.0,0.7471581029385987,0.07256474102551924,0.178256752201577,,,,,0.09523809523809523,,0.07452548988021426,0.4438202247191011,0.5449438202247191,0.17103668172942071,0.17103668172942071,0.7457627118644068,0.9791014194953307,0.2796004217965559,159,1.343356760630758,0.6664594107351665,87,50.91168824543142,0.7598505271441914,123.0,112.46341463414635,0.5898309239494541,127,87.36666666666666,69.5,73.18633909333803,30,0.6802076177391039,1.0,0.22385466758262726,4,96.25
raw,sym18,1836067.6846046268,0.657190635451505,143.11718960467132,7.324937355079091,598,1,False,False,125.64541166155246,,9.224810614094661,71508.30122016252,1.0,3.0889605595226106e-06,-0.054825274184074305,410.2272271015196,,,,[],[],16,860.6711846329163,82.97883782264518,1387.9591940987493,"[16, 57, 104, 154, 186, 225, 258, 289, 327, 361, 395, 432, 485, 525, 561, 594]","[820.3269563537738, 1157.794069420107, 853.1157370965619, 889.2204430063771, 534.5473934695733, 1127.808684340191, 1090.4297896434205, 863.7531241585776, 768.3543389382135, 967.3353239173954, 480.17748593691573, 770.350031781305, 1387.9591940987493, 1127.8397123798145, 848.7478317630389, 82.97883782264518]","[1, 37, 98, 147, 181, 201, 248, 287, 298, 287, 377, 410, 287, 495, 545, 590]","[24, 287, 147, 201, 201, 287, 287, 350, 350, 410, 400, 448, 495, 545, 596, 596]",136255244.87389082,1260.8143810595056,-1260.8143810595056,0.0,,,,SWT,txu.059172014718829,68029411.87389082,,0.0,-78.0,70.0,0.0,-78.0,,505.81438105950565,500.7990916096605,17178.26104587334,500.7990916096604,,0.0,500.7990916096605,,,79.97883782264518,0.0,-78.0,632.9591940987493,505.81438105950565,,113.22722710151959,0.21622815358224,0.14846608399739616,0.5473181640131527,0.16374348343111028,0.4347826086956523,0.0792489729396799,3.444830531020628e-11,0.07512247576627495,0.31747865924040297,0.31747865924040297,0.31747865924040286,,0.34613061887819807,0.6825213407595973,0.5760983421454907,,,,,0.4,,0.06377823430834564,0.013698630136986314,0.015625,0.7396444551526044,0.7396444551526044,0.00735294117647059,1.6027925374020953,0.5490970213777752,85,0.7150915528631535,0.420642089919502,101,0,0.3294323193712702,0.5463234587411978,92,0,0.2271124952419543,0.39744686667341994,102,8.04155872120988,0.924136238479152,95.0,94.47513481723666,0.5139549116924063,94,sym,1.0,1.0,0.0,5,71.75,,,0.27187193040555113,0.008592362197284598,0.14846608399739614,0.5473181640131527,0.4019591878392761,0.42553191489361697,0.1040845449616093,0.6171254573589268,,0.09222203494071607,0.47802473326824885,0.47802473326824885,0.4780247332682488,,0.0,0.5551067083047558,0.8857246234112344,0.6658898065302243,,,,,0.8571428571428571,,0.4807546846915625,0.011235955056179775,0.011235955056179775,0.7852743426614464,0.7852743426614464,0.005649717514124297,2.4119707963283092,0.688782631284487,85,1.106554380991164,0.5489782031956393,159,52.32590180780452,0.7531797084537523,122.0,110.77868852459018,0.5888540051702724,128,99.42105263157895,110.0,57.971862503332275,38,0.7740590312511298,0.7921131623949381,0.22052472940572765,5,97.25
smoothed,sym5,64896.495983914065,0.6789297658862876,25.37149570878582,11.858196076257697,598,1,False,False,121.24973215455006,,9.01395025067629,51700.481174399145,1.0,9.05340862964619e-05,0.9453389776796967,424.1885645540284,,,,[],[],16,461.47534626355434,21.768311550328804,847.6058660216736,"[7, 54, 89, 139, 169, 224, 270, 306, 354, 386, 432, 462, 493, 528, 558, 589]","[589.6338841609162, 847.6058660216736, 269.55425667214405, 554.2257982340406, 21.768311550328804, 590.8556462547712, 428.92633111112946, 372.9451168597616, 758.6974325255668, 108.04796165445447, 421.2832915366799, 185.51151392319645, 642.4641619145608, 788.427102733137, 563.7993654359063, 239.85949962860244]","[0, 47, 83, 99, 168, 148, 249, 299, 148, 383, 396, 447, 396, 396, 548, 582]","[47, 396, 99, 148, 201, 299, 299, 349, 396, 396, 447, 470, 498, 595, 595, 595]",111315853.96588388,751.816065165169,-751.816065165169,0.0,,,,SWT,txu.059172014718829,55639877.12588392,,0.0,-17.0,54.0,0.0,-21.5,,233.01606516516904,315.07534626355437,2864.3944597831305,315.07534626355437,,0.0,315.07534626355437,,,16.768311550328804,0.0,-39.5,328.80586602167364,233.01606516516904,,122.28856455402843,0.6398716623738527,0.9124839477958938,0.18270217369266972,0.04593060538884918,0.688888888888889,0.9535736809844279,0.32527654936178285,0.028072664110292134,0.3735853433634334,0.3735853433634334,0.3735853433634331,,0.8672243200056505,0.5634809108407497,0.6212550412182223,,,,,0.4,,0.44948034029199346,0.6275862068965518,0.32191780821917804,0.5789255209978261,0.5789255209978261,0.5655172413793104,2.194992972625051,0.7103637572456614,42,1.8450148875606276,0.7202838121995754,9,0,0.4482094403365268,0.7733785731749219,24,0,0.553653848117519,0.7492959192654294,9,15.684387141358123,0.8520340835720932,21.0,13.90344827586207,0.8269604380124617,22,sym,0.3775829929004878,0.6346964899812167,0.5452829579752935,2,17.0,0.6805032764537876,0.0,0.08661849961854573,0.8764017231767747,0.6760324506828428,0.1798445290520434,0.005319678977774717,0.702127659574468,0.9535736809844277,0.03034420989893266,,0.009154018306346351,0.11552442825484041,0.11552442825484041,0.11552442825484038,,0.0,0.7235306125669638,0.06389392545709904,0.2346145244471186,,,,,0.09523809523809523,,0.06979834567182,0.696629213483146,0.4438202247191011,0.1849619684872095,0.1849619684872095,0.6440677966101696,1.0075754236251415,0.2877316974809846,153,1.4615258614463422,0.7250848716735402,50,72.8319984622144,0.6564528374423849,101.5,75.36945812807882,0.5888396262683623,129,99.42105263157895,110.0,57.971862503332275,38,0.7740590312511298,0.7921131623949381,0.22052472940572765,5,98.0
raw,bior3.9,1313166.1696320977,0.6505016722408027,115.45026108081268,8.087341529577621,598,1,False,False,131.2586084525507,,8.967360980604436,79631.62088240904,1.0,3.182045754594356e-06,0.3142072943634445,416.51452969927914,,,,[],[],18,808.0527377666871,136.11380427868215,1370.910371577757,"[4, 36, 72, 105, 156, 186, 225, 258, 291, 333, 363, 395, 432, 464, 494, 530, 566, 595]","[365.8837377237055, 1083.6876668943435, 526.0394315129677, 863.6071765851484, 922.1605510694142, 443.71861161123513, 1301.0334700646772, 1055.018800596598, 1111.8206033073184, 855.9361426527591, 921.6297893997952, 528.4592567425182, 815.4682627426405, 136.11380427868215, 1370.910371577757, 898.5592006499573, 1105.633149232106, 239.26925315874342]","[1, 15, 65, 98, 149, 185, 50, 249, 249, 330, 330, 384, 401, 461, 448, 524, 550, 593]","[5, 50, 75, 149, 181, 201, 448, 266, 448, 348, 448, 448, 448, 470, 550, 550, 585, 597]",146167156.31616396,1205.3004089412784,-1205.3004089412784,0.0,,,,SWT,txu.059172014718829,77941323.31616396,,0.0,-72.5,68.0,0.0,-63.5,,450.3004089412784,448.1806447434313,16404.050720199633,448.18064474343123,,0.0,448.1806447434313,,,133.11380427868215,0.0,-68.0,615.9103715777569,450.3004089412784,,119.51452969927914,0.47087153547738647,0.2371922796603328,0.09865179967444948,0.0,0.34782608695652184,0.40137541873580207,0.6285163747224912,0.14626502690656176,0.18318816307215674,0.18318816307215674,0.18318816307215663,,0.5178862295305248,0.5590272348835487,0.5454270710973542,,,,,0.0,,0.6565728435445595,0.08904109589041097,0.171875,0.591522033397801,0.591522033397801,0.22058823529411767,1.6550236143718882,0.566990746309857,75,0.8839898804425663,0.5199940473191567,78,0,0.33137794951136795,0.5495500498346217,88,0,0.31206192788956916,0.5461083738067459,67,8.679477710861024,0.9181181348031979,77.0,76.27349712909613,0.5958515202317877,61,bior,0.6384573894282631,0.8222350820376183,0.3064093027889303,2,46.25,,,0.5084369396512234,0.009516143860025639,0.2371922796603328,0.09865179967444948,0.2848596090892666,0.34042553191489355,0.4175222200590118,0.8577683768683264,,0.16204927001896327,0.3753227174178033,0.3753227174178033,0.3753227174178032,,0.0,0.6719693741465843,0.8412733349711123,0.6417153686294081,,,,,0.7619047619047619,,0.8095291642707694,0.07303370786516852,0.12359550561797752,0.6631118421603674,0.6631118421603674,0.1694915254237288,2.492216715749761,0.7116983297718359,67,1.1357434487683251,0.5634593369352288,156,62.932503525602726,0.7031485682754588,111.5,93.73991031390135,0.5886025860245219,130,84.4,85.5,44.010657016619085,30,0.6571101442637968,0.6013507105539218,0.3596176858491657,3,98.25
smoothed,sym19,65706.8730736964,0.6688963210702341,24.965250959480514,11.761987753496506,598,1,False,False,120.79453219041189,,9.014973773803877,51700.48117422285,1.0,8.917293870143561e-05,0.9331388392798162,429.48959277284985,,,,[],[],14,484.2864902162025,18.508015621664754,807.8210436703768,"[11, 55, 90, 141, 171, 226, 270, 312, 356, 393, 432, 486, 529, 566]","[640.2786818626811, 807.8210436703768, 267.61252019194046, 574.2767681654773, 18.508015621664754, 748.624547594955, 415.9027893487905, 201.32238118987044, 584.3086471837746, 154.99506107674767, 424.24262089255217, 594.3065232558421, 793.5236099988857, 554.2876529732757]","[0, 49, 85, 100, 170, 150, 252, 299, 299, 383, 398, 398, 398, 549]","[49, 597, 100, 150, 202, 398, 299, 317, 398, 398, 449, 499, 597, 597]",111383058.20920722,698.049624783407,-698.049624783407,0.0,,,,SWT,txu.059172014718829,55707081.36920726,,0.0,-58.5,56.0,0.0,-36.0,,179.24962478340706,337.88649021620245,3467.989136973165,337.88649021620245,,0.0,337.88649021620245,,,13.508015621664754,0.0,-45.0,289.0210436703768,179.24962478340706,,127.58959277284987,0.4981537718570563,0.8932837457125237,0.18794725596693435,0.04749749835802133,0.5555555555555556,0.9432114979636285,0.32527654930579936,0.014933331411995376,0.5175659536406767,0.5175659536406767,0.5175659536406764,,0.9853232819000902,0.8691070061981769,0.4718743553140452,,,,,0.8,,0.4638353322346427,0.05517241379310345,0.2465753424657534,0.20859700755856883,0.20859700755856883,0.36551724137931035,2.3720763724488605,0.7676731112224245,19,1.7264318145533113,0.6739896232128517,22,0,0.41614867871575245,0.7180582165609269,39,0,0.5120639082050269,0.6930095367813505,19,9.604686356149273,0.9093897513570823,24.75,22.68104347826087,0.8379495926596732,21,sym,0.3775829929004878,0.6346964899812167,0.5452829579752935,2,16.25,0.6455853909206963,0.0,0.0674343541601738,0.862893633221115,0.6648360292108236,0.18162825814206243,0.005501156393932449,0.5744680851063829,0.9432114979636285,0.030344209893710117,,0.004869505387271933,0.16004779614799747,0.16004779614799747,0.16004779614799747,,0.0,0.8220613067274433,0.09854931586841781,0.17820149556244463,,,,,0.19047619047619047,,0.0720274858586373,0.23033707865168537,0.38202247191011235,0.06664503764158483,0.06664503764158483,0.480225988700565,0.9910533142012539,0.2830135051957881,158,1.3907742381943669,0.6899839316083501,69,62.932503525602726,0.7031485682754588,113.5,96.05286343612335,0.5838856048924463,131,99.42105263157895,110.0,57.971862503332275,38,0.7740590312511298,0.7921131623949381,0.22052472940572765,5,99.5
smoothed,rbio1.5,67541.33062309961,0.6739130434782609,25.53894751008725,12.199111995121424,598,1,False,False,120.33084008303987,,9.01976990022696,51411.24954552871,1.0,8.556977970900794e-05,0.9855860960021221,424.33091239983764,,,,[],[],16,453.52503120090444,28.367135323382172,784.7548397412497,"[22, 54, 89, 139, 169, 224, 270, 306, 354, 388, 432, 463, 493, 522, 560, 589]","[638.6256991373217, 784.7548397412497, 248.27182000067046, 567.8851899513355, 28.367135323382172, 435.25405488765136, 585.8689041347317, 381.97024436220823, 688.017107803202, 112.21453161126834, 414.31264562107356, 186.40992033595793, 746.4418055987404, 646.614900910384, 554.4181203327687, 236.9735794625242]","[0, 47, 85, 99, 168, 148, 148, 299, 148, 383, 396, 447, 396, 498, 548, 584]","[47, 396, 99, 148, 201, 251, 299, 350, 396, 396, 447, 470, 595, 595, 595, 595]",111006032.65210453,732.8929767585988,-732.8929767585988,0.0,,,,SWT,txu.059172014718829,55330055.81210457,,0.0,-3.5,54.0,0.0,-3.5,,214.09297675859887,307.12503120090446,2991.599500785529,307.12503120090435,,0.0,307.12503120090446,,,23.367135323382172,0.0,-30.5,265.95483974124977,214.09297675859887,,122.43091239983767,0.353792013326464,0.9805202085658593,0.2125251839187308,0.05104448737418006,0.6222222222222222,0.9877575559903725,0.23343012617883319,0.05466661228821301,0.32340411540779596,0.32340411540779596,0.32340411540779496,,0.8703956166152955,0.627890325735415,0.3852673237753885,,,,,0.4,,0.38330174437260517,0.8137931034482758,0.44520547945205474,0.44858847153859005,0.44858847153859005,0.8137931034482759,2.0689850603979565,0.6695839210053333,57,1.7295443016493488,0.675204721305594,21,0,0.44411350656240606,0.7663111017364129,26,0,0.49930554765911095,0.6757428140337779,31,16.028620235898867,0.8487866015481239,33.75,29.43719535916154,0.7651951875665148,33,rbio,0.602964079377041,1.0,0.2779251444360713,3,25.5,0.5531525836962248,0.0,0.0478923121203298,0.8271357213149368,0.7157071711703172,0.18998663323850593,0.005911968373089133,0.6382978723404255,0.9877575559903725,0.021776094094095422,,0.017825852497154848,0.10000680217104299,0.10000680217104299,0.10000680217104277,,0.0,0.7261764449377547,0.07119740331205371,0.14549469051443345,,,,,0.09523809523809523,,0.05952168593836771,0.848314606741573,0.5449438202247191,0.14332034731071694,0.14332034731071694,0.847457627118644,1.0007897351942727,0.28579391932064974,155,1.449014622508525,0.7188778586339442,51,73.53910524340094,0.6531174280971654,103.0,76.74757281553399,0.5836341857466959,132,87.36666666666666,69.5,73.18633909333803,30,0.6802076177391039,1.0,0.22385466758262726,4,100.0
smoothed,bior5.5,81170.09902354599,0.6270903010033445,25.806317140276153,11.921575131299493,598,1,False,False,120.20758179999069,,9.039288937902993,50676.15967177664,1.0,8.717011454705338e-05,0.9319946352573383,425.43338916969833,,,,[],[],15,494.53398991880744,206.0832015893845,726.5109471277146,"[21, 57, 89, 140, 170, 225, 269, 327, 357, 394, 431, 485, 521, 560, 593]","[719.1646521293953, 726.5109471277146, 206.0832015893845, 533.1621526294001, 500.74945531156163, 430.9141359522661, 557.7280927239871, 364.82008770029563, 693.9510550471425, 238.23508240699937, 408.7123375295024, 506.1441698803061, 677.400535601415, 559.9440408747599, 294.4899022779821]","[0, 50, 85, 98, 151, 151, 151, 298, 151, 392, 399, 399, 50, 548, 583]","[50, 151, 98, 151, 201, 250, 298, 349, 399, 399, 448, 498, 548, 597, 597]",110127545.71691187,692.7584799326299,-692.7584799326299,0.0,,,,SWT,txu.059172014718829,54451568.87691191,,0.0,-49.0,55.0,0.0,-40.0,,173.95847993262998,348.1339899188074,2829.9901512178885,348.1339899188076,,0.0,348.1339899188074,,,201.0832015893845,0.0,-53.5,207.7109471277147,173.95847993262998,,123.53338916969835,0.3154178805526969,0.9251324446174849,0.31255121729873264,0.07739619654067519,0.0,0.9422396687019073,0.0,0.7708808982283197,0.5822466756623206,0.5822466756623206,0.5822466756623212,,0.8949571463145714,0.5460605211527265,0.1665780821466522,,,,,0.6000000000000001,,0.19565477071739573,0.18620689655172412,0.13013698630136986,0.17215305119718174,0.17215305119718174,0.3103448275862069,2.059476112011681,0.6665065479169577,59,1.3998363265183333,0.5464885148179827,57,0,0.39279108389201955,0.6777550419021928,48,0,0.3958679764562565,0.5357539920206149,58,5.066228051190222,0.9522053957434885,55.5,55.120923373102436,0.7143102450415555,40,bior,0.2997739261492087,0.49731107751799014,0.6409649284401568,1,30.25,0.5942064039385547,0.0,0.04269766137943712,0.8430175162286442,0.683408305415366,0.2240031340614862,0.00896402118394693,0.04255319148936171,0.9422396687019073,0.0,,0.2513711497658538,0.18004912533127732,0.18004912533127732,0.18004912533127765,,0.0,0.7466682810393794,0.06191860196566179,0.06290755798055894,,,,,0.1428571428571429,,0.03038259539894883,0.3370786516853932,0.28651685393258425,0.05500149168692409,0.05500149168692409,0.4350282485875706,0.916902730017119,0.2618384418146814,172,1.1861602582308683,0.5884718712896745,150,15.556349186104045,0.9266209944051695,161.0,160.24844720496893,0.5835935160705092,133,84.4,85.5,44.010657016619085,30,0.6571101442637968,0.6013507105539218,0.3596176858491657,3,100.5
smoothed,db38,65084.63816554138,0.7023411371237458,28.241426921812437,7.48485187464702,598,1,False,False,120.56029699074988,,9.017768516124256,51700.481174203866,1.0,9.243331270535327e-05,-0.10086750972217692,209.36912956743032,0.018394648829431436,23580.735034051253,51.0,"[0.0, 0.0016722408026755853, 0.0033444816053511705, 0.005016722408026756, 0.006688963210702341, 0.008361204013377926, 0.010033444816053512, 0.011705685618729096, 0.013377926421404682, 0.015050167224080268, 0.016722408026755852, 0.018394648829431436, 0.020066889632107024, 0.021739130434782608, 0.023411371237458192, 0.02508361204013378, 0.026755852842809364, 0.028428093645484948, 0.030100334448160536, 0.03177257525083612, 0.033444816053511704, 0.03511705685618729, 0.03678929765886287, 0.038461538461538464, 0.04013377926421405, 0.04180602006688963, 0.043478260869565216, 0.0451505016722408, 0.046822742474916385, 0.048494983277591976, 0.05016722408026756, 0.051839464882943144, 0.05351170568561873, 0.05518394648829431, 0.056856187290969896, 0.05852842809364548, 0.06020066889632107, 0.061872909698996656, 0.06354515050167224, 0.06521739130434782, 0.06688963210702341, 0.06856187290969899, 0.07023411371237458, 0.07190635451505016, 0.07357859531772575, 0.07525083612040134, 0.07692307692307693, 0.07859531772575251, 0.0802675585284281, 0.08193979933110368, 0.08361204013377926, 0.08528428093645485, 0.08695652173913043, 0.08862876254180602, 0.0903010033444816, 0.09197324414715718, 0.09364548494983277, 0.09531772575250835, 0.09698996655518395, 0.09866220735785954, 0.10033444816053512, 0.1020066889632107, 0.10367892976588629, 0.10535117056856187, 0.10702341137123746, 0.10869565217391304, 0.11036789297658862, 0.11204013377926421, 0.11371237458193979, 0.11538461538461538, 0.11705685618729096, 0.11872909698996656, 0.12040133779264214, 0.12207357859531773, 0.12374581939799331, 0.1254180602006689, 0.12709030100334448, 0.12876254180602006, 0.13043478260869565, 0.13210702341137123, 0.13377926421404682, 0.1354515050167224, 0.13712374581939799, 0.13879598662207357, 0.14046822742474915, 0.14214046822742474, 0.14381270903010032, 0.1454849498327759, 0.1471571906354515, 0.14882943143812707, 0.1505016722408027, 0.15217391304347827, 0.15384615384615385, 0.15551839464882944, 0.15719063545150502, 0.1588628762541806, 0.1605351170568562, 0.16220735785953178, 0.16387959866220736, 0.16555183946488294, 0.16722408026755853, 0.1688963210702341, 0.1705685618729097, 0.17224080267558528, 0.17391304347826086, 0.17558528428093645, 0.17725752508361203, 0.17892976588628762, 0.1806020066889632, 0.18227424749163879, 0.18394648829431437, 0.18561872909698995, 0.18729096989966554, 0.18896321070234112, 0.1906354515050167, 0.1923076923076923, 0.1939799331103679, 0.1956521739130435, 0.19732441471571907, 0.19899665551839466, 0.20066889632107024, 0.20234113712374582, 0.2040133779264214, 0.205685618729097, 0.20735785953177258, 0.20903010033444816, 0.21070234113712374, 0.21237458193979933, 0.2140468227424749, 0.2157190635451505, 0.21739130434782608, 0.21906354515050167, 0.22073578595317725, 0.22240802675585283, 0.22408026755852842, 0.225752508361204, 0.22742474916387959, 0.22909698996655517, 0.23076923076923075, 0.23244147157190634, 0.23411371237458192, 0.23578595317725753, 0.23745819397993312, 0.2391304347826087, 0.2408026755852843, 0.24247491638795987, 0.24414715719063546, 0.24581939799331104, 0.24749163879598662, 0.2491638795986622, 0.2508361204013378, 0.2525083612040134, 0.25418060200668896, 0.25585284280936454, 0.25752508361204013, 0.2591973244147157, 0.2608695652173913, 0.2625418060200669, 0.26421404682274247, 0.26588628762541805, 0.26755852842809363, 0.2692307692307692, 0.2709030100334448, 0.2725752508361204, 0.27424749163879597, 0.27591973244147155, 0.27759197324414714, 0.2792642140468227, 0.2809364548494983, 0.2826086956521739, 0.2842809364548495, 0.28595317725752506, 0.28762541806020064, 0.28929765886287623, 0.2909698996655518, 0.2926421404682274, 0.294314381270903, 0.29598662207357856, 0.29765886287625415, 0.29933110367892973, 0.3010033444816054, 0.30267558528428096, 0.30434782608695654, 0.3060200668896321, 0.3076923076923077, 0.3093645484949833, 0.3110367892976589, 0.31270903010033446, 0.31438127090301005, 0.31605351170568563, 0.3177257525083612, 0.3193979933110368, 0.3210702341137124, 0.32274247491638797, 0.32441471571906355, 0.32608695652173914, 0.3277591973244147, 0.3294314381270903, 0.3311036789297659, 0.33277591973244147, 0.33444816053511706, 0.33612040133779264, 0.3377926421404682, 0.3394648829431438, 0.3411371237458194, 0.342809364548495, 0.34448160535117056, 0.34615384615384615, 0.34782608695652173, 0.3494983277591973, 0.3511705685618729, 0.3528428093645485, 0.35451505016722407, 0.35618729096989965, 0.35785953177257523, 0.3595317725752508, 0.3612040133779264, 0.362876254180602, 0.36454849498327757, 0.36622073578595316, 0.36789297658862874, 0.3695652173913043, 0.3712374581939799, 0.3729096989966555, 0.3745819397993311, 0.37625418060200666, 0.37792642140468224, 0.37959866220735783, 0.3812709030100334, 0.382943143812709, 0.3846153846153846, 0.3862876254180602, 0.3879598662207358, 0.3896321070234114, 0.391304347826087, 0.39297658862876256, 0.39464882943143814, 0.3963210702341137, 0.3979933110367893, 0.3996655518394649, 0.4013377926421405, 0.40301003344481606, 0.40468227424749165, 0.40635451505016723, 0.4080267558528428, 0.4096989966555184, 0.411371237458194, 0.41304347826086957, 0.41471571906354515, 0.41638795986622074, 0.4180602006688963, 0.4197324414715719, 0.4214046822742475, 0.4230769230769231, 0.42474916387959866, 0.42642140468227424, 0.4280936454849498, 0.4297658862876254, 0.431438127090301, 0.4331103678929766, 0.43478260869565216, 0.43645484949832775, 0.43812709030100333, 0.4397993311036789, 0.4414715719063545, 0.4431438127090301, 0.44481605351170567, 0.44648829431438125, 0.44816053511705684, 0.4498327759197324, 0.451505016722408, 0.4531772575250836, 0.45484949832775917, 0.45652173913043476, 0.45819397993311034, 0.4598662207357859, 0.4615384615384615, 0.4632107023411371, 0.4648829431438127, 0.46655518394648826, 0.46822742474916385, 0.46989966555183943, 0.47157190635451507, 0.47324414715719065, 0.47491638795986624, 0.4765886287625418, 0.4782608695652174, 0.479933110367893, 0.4816053511705686, 0.48327759197324416, 0.48494983277591974, 0.4866220735785953, 0.4882943143812709, 0.4899665551839465, 0.4916387959866221, 0.49331103678929766, 0.49498327759197325, 0.49665551839464883, 0.4983277591973244]","[243359.28402672455, 5686.18652903568, 4435.287915620608, 4993.387664610165, 10023.55902078876, 6248.702915215089, 3930.4321405457304, 7253.747751422, 4442.674149024331, 6936.97257264784, 7372.288004403251, 3811.2970233858077, 23580.735034051253, 8212.10162175921, 9743.507242432976, 9591.582384859672, 2069.4775819732436, 5169.274339623659, 3763.6615192998265, 3963.730655167087, 2006.313178984541, 1344.5096695675304, 5900.044481185832, 2932.856910237329, 21831.76057320699, 3049.7001772079257, 3025.595398544296, 2197.0496823206577, 7829.876342067082, 2500.0888268881918, 4425.048224060007, 1569.7975965202525, 2140.48461608058, 829.5704371185502, 3622.6457988079333, 5425.872277970025, 22416.963715466776, 4847.540612452579, 8245.267948181148, 1959.6056463074424, 4116.4061089874795, 6541.741787634104, 781.8007512395768, 6476.178128981074, 3880.3078789521364, 1514.8868959673807, 2229.151315340158, 3403.3865620727947, 16313.538771012563, 2621.4101756576692, 5734.6936443352115, 2410.4254143446665, 626.4602788726327, 6352.505224172624, 3958.6136815104555, 2918.879010954836, 2422.798142902529, 1980.945303723352, 4908.908117918773, 3444.314609123196, 8406.748364112218, 5204.690480111581, 3485.0269504402568, 3823.4390208535424, 1775.0903540796924, 4682.509156437416, 2930.1665620380213, 2862.8260581602976, 4027.3091735774606, 3752.328883417769, 2341.8725614261552, 2712.960377265206, 6525.624758976731, 2128.504943787856, 395.4976487279106, 1758.7028972552382, 2368.6367497305923, 1735.2185012231685, 994.2672078728699, 2453.461687173772, 2554.9986535965254, 1043.6056352434057, 1149.2585083270872, 3464.596467164591, 1937.0961379227722, 2733.7431439740785, 1585.4958077046426, 2009.066127695877, 2219.5424549540276, 2197.4902702599425, 1617.6239112739663, 3151.5428530717845, 2237.56069337375, 1996.2170130775296, 514.4913466037515, 1094.9444615219368, 1755.3424911421303, 433.3387877548747, 1457.4403943087516, 138.94580946782966, 388.52408629326663, 139.0358120615502, 1960.9533453422935, 576.2635171515748, 807.4240649113386, 1631.133020749598, 746.9022436846898, 488.83722553213846, 517.1145053650487, 847.8710621015928, 134.8137344280885, 849.0097868754888, 487.8447680386956, 620.3521126690653, 672.4928460638394, 505.1829764801055, 588.446398033484, 268.83611169666165, 693.5144193474991, 322.2340736918352, 658.6228163445088, 562.1168946841258, 173.1745098371886, 976.2395326028615, 635.3753283521014, 664.1391528863703, 681.1734673037813, 205.96137926006892, 491.5736923637814, 524.4914336057449, 1499.4395538970225, 1104.7776413332238, 725.2243537079661, 914.0915391045911, 156.05823467334682, 734.3219671858453, 673.567777724779, 610.6332792027788, 383.7498785628205, 675.3805805781287, 642.4453086210074, 1026.784314328556, 1058.5976916039806, 316.0411790691327, 3153.2257246232134, 649.4823041829158, 1329.8228554638645, 694.4430271829185, 1167.5617865233064, 1331.9025515927403, 995.133334934786, 547.1609576820168, 351.32681321810287, 402.66231912372916, 559.0901670522227, 595.8545310582003, 392.7651239849634, 272.84798907493143, 899.8151959506787, 2416.3348680882277, 830.2887498424685, 912.3401254298834, 303.63081938003893, 1769.6016410807583, 772.2642269323436, 3312.326863383868, 1373.3542335490956, 1735.3706325579706, 592.379984912958, 1685.9119350521532, 349.32724792764, 486.433589096367, 861.6195171174959, 312.5722031208505, 361.96404926274744, 893.5849547630633, 1337.1420288664958, 1026.3458661097422, 1790.14744089253, 793.3625854946011, 1583.6894379407377, 1147.2414930133998, 1534.3334882559154, 1316.422394238761, 1178.6247778967718, 621.6267014354594, 1004.0633615076151, 950.7952475326513, 947.9008401127519, 634.1951753416236, 744.3191866701953, 1238.053558286776, 1201.5384747229684, 765.3461560152342, 575.457539619401, 622.0385873218627, 560.0503316427855, 823.0328344649103, 1441.4607607710502, 701.8968889787217, 1255.1532112468224, 511.72936210175556, 1164.4200478169705, 1273.845976129935, 883.1748735120435, 1260.3364766167933, 1254.89738394188, 1308.882962162081, 559.9223061100333, 534.4834927148873, 387.66454497723174, 326.7850256096779, 376.3893967509095, 926.8517153117775, 1457.7657193811278, 603.0434097846088, 76.29110532583323, 274.8569127422367, 1003.7947523144845, 853.6444299402756, 911.6866105257427, 385.9228963100514, 932.9898216893943, 198.2923400669978, 86.68851513493829, 1117.610246118816, 29.706126699898245, 320.9882208185766, 426.031442982554, 206.40121719742024, 356.13398754948173, 157.0736480419817, 362.5700138079936, 216.98579537477548, 352.89197230206554, 451.28604938455567, 142.92694029915143, 425.4546710886061, 116.99113394760255, 282.3132903577154, 209.58497980283875, 379.91750925406495, 180.57577235663845, 210.72312380470845, 377.5371438483297, 104.78476745953296, 525.5119082633199, 416.30837434088215, 316.4284981368054, 204.85169216932937, 380.8082176063131, 189.13970935309032, 117.91924221029761, 572.7294359844631, 668.7229544503082, 874.7590767532615, 317.30957511852995, 598.2143572073925, 709.2361108715352, 742.2242971739564, 342.56627629794025, 204.6942879865347, 1012.1532458198448, 426.32469069238863, 670.9333488131479, 441.73457858002797, 718.1698952785331, 565.2085093812656, 1264.2081784882614, 658.619716439843, 594.2943119822903, 520.8288266659525, 209.41556142089308, 1553.6338603873087, 1680.7173827312897, 694.7758293361404, 1351.3363081450866, 1660.4629897649577, 2084.0177794113465, 1873.4651625631716, 1073.195748767667, 641.7292093848812, 3005.1604120091056, 699.8827587120824, 1245.3000042258284, 1786.8594683725578, 672.8678260430703, 1827.6471014385697, 1423.8684552084244, 1621.0668988940347, 426.06461004871903, 1296.1052211872338, 1188.5768613126015, 695.8742098013408, 616.2332323789491, 924.742153083759, 1481.4600097365524, 943.5400082885366, 1597.8294946500741]",16,452.6527035880609,122.32378849136438,783.5508071024069,"[6, 38, 84, 118, 169, 199, 254, 299, 350, 387, 422, 462, 493, 522, 557, 588]","[188.7767094251812, 783.5508071024069, 735.4802614794612, 278.5272057685938, 562.2739612983903, 539.9027817992919, 420.5290022620853, 594.6656957753327, 164.93442346174157, 641.3623192186031, 192.55749633913348, 436.53615349135606, 307.8266666251534, 590.5533209013261, 682.6426639695527, 122.32378849136438]","[1, 28, 79, 115, 129, 179, 230, 179, 328, 179, 414, 429, 477, 79, 79, 577]","[28, 79, 179, 129, 179, 230, 280, 328, 352, 429, 429, 477, 501, 527, 577, 596]",111348138.76385008,685.1679507545921,-685.1679507545921,824743.0396262931,0.09773923268014376,0.131354602562238,0.4983277591973244,SWT,txu.059172014718829,55672161.92385012,,0.0,-62.0,54.0,0.0,-44.0,,166.36795075459213,306.25270358806085,3005.556742591026,306.25270358806097,,824743.0396262931,306.25270358806085,,,117.32378849136438,0.0,-57.5,264.75080710240695,166.36795075459213,,92.53087043256966,0.4252290772259198,0.039699867987238124,0.20226901676613535,0.046294384998753664,1.0,0.06497858929988942,0.32527654929977123,0.4333217258743167,0.31789811087248493,0.31789811087248493,0.3178981108724854,,0.2042675050166738,0.6349574810238477,0.3807465238619639,,,,,0.4,,0.4563764526765199,0.006896551724137931,0.07534246575342465,0.11987156544582864,0.11987156544582864,0.25517241379310346,2.117201625798013,0.6851882081197942,51,1.0505397930603955,0.41012504132871386,63,0,0.3355585518017924,0.5790011781417721,74,0,0.35412151602136677,0.47925578008910685,62,9.39858145324779,0.9113341372335114,62.5,61.42185,0.6608557478620387,49,db,0.9102447150279618,0.7868127372464527,0.12678487830649093,4,37.75,0.7292246425932267,0.9928596937937846,0.05756264393213265,0.8952497314833046,0.16707643192979182,0.1864987520679962,0.005361811902585278,0.9999999999999999,0.06497858929988937,0.03034420989314779,,0.14129884486940525,0.09830417106623657,0.09830417106623657,0.09830417106623679,,0.9928596937937846,0.17042164250107317,0.07199875839703629,0.14378742819632193,,,,,0.09523809523809523,,0.07086922061975254,0.19101123595505615,0.24157303370786515,0.03829798463935241,0.03829798463935241,0.3898305084745763,1.1297567091659837,0.3226228112028638,124,0.9201489734450119,0.45649968839460797,168,31.11269837220809,0.8532419888103392,146.0,142.68493150684932,0.5822813717636601,134,118.36842105263158,113.5,63.686700255812326,76,0.9215768985091536,0.8701992891677452,0.0938363842932689,6,102.0
raw,sym10,1839275.7461101424,0.6521739130434783,141.33989053563357,7.28276306762252,598,1,False,False,125.62338009069475,,9.22909056844015,71508.30122006516,1.0,3.0594112506301737e-06,-0.0689937534777828,413.1253678200262,,,,[],[],16,861.5229703786476,107.87823714953447,1370.7174296000196,"[16, 57, 104, 154, 186, 225, 258, 289, 327, 361, 405, 435, 485, 525, 561, 594]","[795.4016101278742, 1197.3544197821561, 817.4668676922164, 863.5369049291676, 540.5403408484121, 1140.5636891833556, 1082.2583010863734, 903.0445549596458, 780.2247573186689, 981.9177845267641, 822.310948723401, 424.5495758943925, 1370.7174296000196, 1116.38657741958, 840.2155268167998, 107.87823714953447]","[1, 37, 98, 147, 181, 201, 248, 287, 298, 287, 400, 434, 287, 495, 548, 590]","[24, 287, 147, 201, 201, 287, 287, 350, 350, 410, 410, 446, 495, 548, 596, 596]",136183371.4635944,1263.23259265026,-1263.23259265026,0.0,,,,SWT,txu.059172014718829,67957538.4635944,,0.0,-78.0,70.0,0.0,-78.0,,508.2325926502599,501.65087735539186,17164.632473941638,501.65087735539174,,0.0,501.65087735539186,,,104.87823714953447,0.0,-78.0,615.7174296000196,508.2325926502599,,116.12536782002621,0.21522868858563313,0.14355797330495682,0.5547769882099205,0.1647480687132967,0.36956521739130443,0.06688138734911277,2.691484960257815e-11,0.10846034926321746,0.31965254952481426,0.31965254952481426,0.3196525495248139,,0.42530160216137214,0.680347450475186,0.545079963507463,,,,,0.4,,0.059479752585695836,0.013698630136986314,0.015625,0.7460967291202322,0.7460967291202322,0.00735294117647059,1.638171426613242,0.561217393935151,78,0.6850445609272054,0.40296738878070903,103,0,0.33617834258009277,0.5575109182449473,82,0,0.21639404622587707,0.3786895808952848,103,13.379088160259652,0.8737821871673618,91.5,90.02295709210168,0.5052873199987753,95,sym,1.0,1.0,0.0,5,72.5,,,0.27094342229195567,0.008299113526747282,0.14355797330495682,0.5547769882099205,0.402677607350682,0.36170212765957444,0.0920505523333574,0.6171254573560423,,0.12494354256685498,0.4796872702371124,0.4796872702371124,0.47968727023711216,,0.0,0.6089747137145995,0.8849421389081558,0.6414417858729728,,,,,0.8571428571428571,,0.4783706699429031,0.011235955056179775,0.011235955056179775,0.7905957917200381,0.7905957917200381,0.005649717514124297,2.438538854261992,0.6963696289710004,79,1.076986097448476,0.5343089348345992,161,57.982756057296896,0.7264964336919958,120.0,105.99166666666667,0.5802293489214696,135,99.42105263157895,110.0,57.971862503332275,38,0.7740590312511298,0.7921131623949381,0.22052472940572765,5,102.5
smoothed,db7,64683.79403909605,0.6638795986622074,25.077570072261405,8.376408220547848,598,1,False,False,120.28153659321644,,9.01430338688777,51700.481174203866,1.0,8.609648533803578e-05,0.2109391100545275,204.8856035487897,0.018394648829431436,23580.73231488639,50.0,"[0.0, 0.0016722408026755853, 0.0033444816053511705, 0.005016722408026756, 0.006688963210702341, 0.008361204013377926, 0.010033444816053512, 0.011705685618729096, 0.013377926421404682, 0.015050167224080268, 0.016722408026755852, 0.018394648829431436, 0.020066889632107024, 0.021739130434782608, 0.023411371237458192, 0.02508361204013378, 0.026755852842809364, 0.028428093645484948, 0.030100334448160536, 0.03177257525083612, 0.033444816053511704, 0.03511705685618729, 0.03678929765886287, 0.038461538461538464, 0.04013377926421405, 0.04180602006688963, 0.043478260869565216, 0.0451505016722408, 0.046822742474916385, 0.048494983277591976, 0.05016722408026756, 0.051839464882943144, 0.05351170568561873, 0.05518394648829431, 0.056856187290969896, 0.05852842809364548, 0.06020066889632107, 0.061872909698996656, 0.06354515050167224, 0.06521739130434782, 0.06688963210702341, 0.06856187290969899, 0.07023411371237458, 0.07190635451505016, 0.07357859531772575, 0.07525083612040134, 0.07692307692307693, 0.07859531772575251, 0.0802675585284281, 0.08193979933110368, 0.08361204013377926, 0.08528428093645485, 0.08695652173913043, 0.08862876254180602, 0.0903010033444816, 0.09197324414715718, 0.09364548494983277, 0.09531772575250835, 0.09698996655518395, 0.09866220735785954, 0.10033444816053512, 0.1020066889632107, 0.10367892976588629, 0.10535117056856187, 0.10702341137123746, 0.10869565217391304, 0.11036789297658862, 0.11204013377926421, 0.11371237458193979, 0.11538461538461538, 0.11705685618729096, 0.11872909698996656, 0.12040133779264214, 0.12207357859531773, 0.12374581939799331, 0.1254180602006689, 0.12709030100334448, 0.12876254180602006, 0.13043478260869565, 0.13210702341137123, 0.13377926421404682, 0.1354515050167224, 0.13712374581939799, 0.13879598662207357, 0.14046822742474915, 0.14214046822742474, 0.14381270903010032, 0.1454849498327759, 0.1471571906354515, 0.14882943143812707, 0.1505016722408027, 0.15217391304347827, 0.15384615384615385, 0.15551839464882944, 0.15719063545150502, 0.1588628762541806, 0.1605351170568562, 0.16220735785953178, 0.16387959866220736, 0.16555183946488294, 0.16722408026755853, 0.1688963210702341, 0.1705685618729097, 0.17224080267558528, 0.17391304347826086, 0.17558528428093645, 0.17725752508361203, 0.17892976588628762, 0.1806020066889632, 0.18227424749163879, 0.18394648829431437, 0.18561872909698995, 0.18729096989966554, 0.18896321070234112, 0.1906354515050167, 0.1923076923076923, 0.1939799331103679, 0.1956521739130435, 0.19732441471571907, 0.19899665551839466, 0.20066889632107024, 0.20234113712374582, 0.2040133779264214, 0.205685618729097, 0.20735785953177258, 0.20903010033444816, 0.21070234113712374, 0.21237458193979933, 0.2140468227424749, 0.2157190635451505, 0.21739130434782608, 0.21906354515050167, 0.22073578595317725, 0.22240802675585283, 0.22408026755852842, 0.225752508361204, 0.22742474916387959, 0.22909698996655517, 0.23076923076923075, 0.23244147157190634, 0.23411371237458192, 0.23578595317725753, 0.23745819397993312, 0.2391304347826087, 0.2408026755852843, 0.24247491638795987, 0.24414715719063546, 0.24581939799331104, 0.24749163879598662, 0.2491638795986622, 0.2508361204013378, 0.2525083612040134, 0.25418060200668896, 0.25585284280936454, 0.25752508361204013, 0.2591973244147157, 0.2608695652173913, 0.2625418060200669, 0.26421404682274247, 0.26588628762541805, 0.26755852842809363, 0.2692307692307692, 0.2709030100334448, 0.2725752508361204, 0.27424749163879597, 0.27591973244147155, 0.27759197324414714, 0.2792642140468227, 0.2809364548494983, 0.2826086956521739, 0.2842809364548495, 0.28595317725752506, 0.28762541806020064, 0.28929765886287623, 0.2909698996655518, 0.2926421404682274, 0.294314381270903, 0.29598662207357856, 0.29765886287625415, 0.29933110367892973, 0.3010033444816054, 0.30267558528428096, 0.30434782608695654, 0.3060200668896321, 0.3076923076923077, 0.3093645484949833, 0.3110367892976589, 0.31270903010033446, 0.31438127090301005, 0.31605351170568563, 0.3177257525083612, 0.3193979933110368, 0.3210702341137124, 0.32274247491638797, 0.32441471571906355, 0.32608695652173914, 0.3277591973244147, 0.3294314381270903, 0.3311036789297659, 0.33277591973244147, 0.33444816053511706, 0.33612040133779264, 0.3377926421404682, 0.3394648829431438, 0.3411371237458194, 0.342809364548495, 0.34448160535117056, 0.34615384615384615, 0.34782608695652173, 0.3494983277591973, 0.3511705685618729, 0.3528428093645485, 0.35451505016722407, 0.35618729096989965, 0.35785953177257523, 0.3595317725752508, 0.3612040133779264, 0.362876254180602, 0.36454849498327757, 0.36622073578595316, 0.36789297658862874, 0.3695652173913043, 0.3712374581939799, 0.3729096989966555, 0.3745819397993311, 0.37625418060200666, 0.37792642140468224, 0.37959866220735783, 0.3812709030100334, 0.382943143812709, 0.3846153846153846, 0.3862876254180602, 0.3879598662207358, 0.3896321070234114, 0.391304347826087, 0.39297658862876256, 0.39464882943143814, 0.3963210702341137, 0.3979933110367893, 0.3996655518394649, 0.4013377926421405, 0.40301003344481606, 0.40468227424749165, 0.40635451505016723, 0.4080267558528428, 0.4096989966555184, 0.411371237458194, 0.41304347826086957, 0.41471571906354515, 0.41638795986622074, 0.4180602006688963, 0.4197324414715719, 0.4214046822742475, 0.4230769230769231, 0.42474916387959866, 0.42642140468227424, 0.4280936454849498, 0.4297658862876254, 0.431438127090301, 0.4331103678929766, 0.43478260869565216, 0.43645484949832775, 0.43812709030100333, 0.4397993311036789, 0.4414715719063545, 0.4431438127090301, 0.44481605351170567, 0.44648829431438125, 0.44816053511705684, 0.4498327759197324, 0.451505016722408, 0.4531772575250836, 0.45484949832775917, 0.45652173913043476, 0.45819397993311034, 0.4598662207357859, 0.4615384615384615, 0.4632107023411371, 0.4648829431438127, 0.46655518394648826, 0.46822742474916385, 0.46989966555183943, 0.47157190635451507, 0.47324414715719065, 0.47491638795986624, 0.4765886287625418, 0.4782608695652174, 0.479933110367893, 0.4816053511705686, 0.48327759197324416, 0.48494983277591974, 0.4866220735785953, 0.4882943143812709, 0.4899665551839465, 0.4916387959866221, 0.49331103678929766, 0.49498327759197325, 0.49665551839464883, 0.4983277591973244]","[243359.28402672458, 5686.18652903568, 4435.287915620268, 4993.387664600305, 10023.5590205922, 6248.702914490233, 3930.4321386034317, 7253.747739253699, 4442.674127609793, 6936.97248809059, 7372.287799020438, 3811.2967998692257, 23580.73231488639, 8212.099864054791, 9743.503558029503, 9591.57624614085, 2069.475423071062, 5169.265838251283, 3763.6520484747375, 3963.7157991593276, 2006.30224978473, 1344.4992603396515, 5899.980887459819, 2932.8137338463757, 21831.32936265683, 3049.6207030858986, 3025.4930050485573, 2196.954565506363, 7829.448906285371, 2499.9191050193044, 4424.679664789373, 1569.639289201768, 2140.22664868636, 829.4525037738312, 3622.046260238416, 5424.840917926448, 22412.137827449642, 4846.376117759089, 8243.09288015892, 1959.0479806707137, 4115.167731393625, 6539.710705687548, 781.5575889391521, 6474.237839964215, 3879.248932701007, 1514.5427387931713, 2228.798521037425, 3403.177171100886, 16314.649383579559, 2622.0287990934758, 5737.262834046797, 2412.13742402244, 627.1049578841036, 6361.468785084681, 3965.987366252625, 2925.8570328565047, 2430.0697262340977, 1988.2764104023638, 4930.97278917773, 3462.8740556212606, 8460.43339308496, 5243.6774197714685, 3515.364196956495, 3861.787138794276, 1795.4405492481565, 4743.412135764332, 2973.0998090466387, 2909.762709516814, 4100.716616597694, 3827.8940953062065, 2393.662339903781, 2778.455100109018, 6696.599250204559, 2188.6806141716274, 407.4934380143676, 1815.6029635743084, 2449.9065872148176, 1797.9855419846322, 1031.9552844395307, 2550.3115146151054, 2659.3545093732114, 1087.4101039203754, 1198.4769426592147, 3614.8195527521234, 2021.4225171796202, 2852.1213545487576, 1653.0805047417275, 2092.3627506157545, 2307.78399614251, 2279.823823248617, 1673.4987515153005, 3249.014089743375, 2297.0299528493274, 2039.0266364925294, 522.4638312686803, 1104.4796984434274, 1757.2394387419045, 430.14495165364514, 1433.2304030479127, 135.24952691913296, 374.02756884554805, 132.25973557071856, 1841.4896356540069, 533.6329175409562, 736.3018866769224, 1462.3467386267102, 656.9735318088684, 420.86324115151007, 434.64000213638, 693.9238651758272, 107.19099158276795, 654.7259286918351, 364.6226657062994, 449.5844852777685, 473.36226415602977, 346.3136271448487, 394.19852850976076, 176.58682181243398, 447.7713625465835, 204.57451371907385, 409.93666617780934, 340.6531572163253, 101.13790027533577, 543.2113239121915, 333.76091076831466, 328.115152670467, 317.6087553996855, 91.62179989397254, 212.27885183041113, 224.887848238636, 655.6385735386594, 507.65245991731535, 361.9100303997907, 513.1346237812018, 102.13331313193243, 577.3288400735538, 639.1719893304787, 659.4274573677885, 414.5083094013513, 653.6778277190097, 539.4313793171045, 759.9365304714345, 712.8094781533138, 200.36876683689633, 1946.4757985178267, 403.3123473487648, 858.3219488636882, 482.1245853176668, 905.6341043766737, 1207.2209290836547, 1116.2573981707005, 823.4190539773487, 804.1635773538236, 1658.5680454373692, 2650.379609222663, 1647.8166788964481, 730.0221659569795, 391.3152480306416, 1086.5587580960491, 2609.0740741806703, 838.9496638651376, 895.0599603009259, 298.45868383766475, 1791.665457924944, 825.2159000588937, 3813.017401488165, 1728.3995701610531, 2399.9581228104207, 891.6874162674577, 2688.0227638101437, 566.9169553745141, 772.9300387333069, 1306.7287914856952, 448.221011945855, 492.02877001387185, 1162.0396413558065, 1683.2161566367865, 1265.6844460997065, 2185.8678815994617, 967.3805978248532, 1939.4814363140058, 1415.0002832458088, 1905.58995613732, 1641.9425598604523, 1469.9858280797662, 771.4058012316493, 1233.9904491829857, 1153.0843225505319, 1131.796977548787, 744.797051855869, 859.8428654782292, 1407.9361259848172, 1346.6500652718817, 846.3815501692668, 628.600903551615, 671.7336485482547, 598.2528279067355, 870.0133890683553, 1508.277305652361, 727.1447364125661, 1287.7313925910314, 520.1107218678609, 1172.959865017611, 1272.4650977974816, 875.4050875942332, 1240.4822815131954, 1227.386098575037, 1273.1456287685955, 542.0555391464667, 515.3660521683165, 372.57810738551433, 313.2576882526588, 360.1109055404434, 885.5854415957195, 1391.7826596114983, 575.5954582567847, 72.83302244887184, 262.5583681782507, 959.812683579646, 817.291758886728, 874.2173619463595, 370.7174702296499, 897.9737891198889, 191.24688689667852, 83.79001976700353, 1082.6513473307891, 28.841851384339396, 312.35182351520723, 415.4919268157165, 201.73346811663606, 348.81465583022646, 154.15743720326017, 356.5265017774779, 213.75920469495588, 348.2415982911195, 446.0523591693156, 141.47889527954175, 421.7185533106794, 116.10817052877005, 280.49886628792837, 208.44952751832787, 378.202137067625, 179.90501295179908, 210.0887731828375, 376.63242130239905, 104.58922129070129, 524.7693486244997, 415.8795175475347, 316.203594397665, 204.7598757993031, 380.71832992037224, 189.12683199748574, 117.9264966626665, 572.8200640668118, 668.87484270646, 874.9977356810768, 317.4046138695694, 598.4003610579755, 709.4562463636, 742.4475204129252, 342.66373625927537, 204.74827126344377, 1012.3963307379232, 426.41644943478383, 671.0608568534634, 441.8076724206857, 718.2719771936736, 565.276619095852, 1264.335655576155, 658.6745678615727, 594.3346537066909, 520.8572573479514, 209.424627250817, 1553.6864373507076, 1680.7611804982237, 694.7895519467957, 1351.3562017053964, 1660.4808868995665, 2084.0339138048034, 1873.475368030483, 1073.1997710754401, 641.7308242192015, 3005.16535427837, 699.883488836851, 1245.300801231093, 1786.860144054179, 672.8679700625378, 1827.647312189985, 1423.868538712333, 1621.0669440549511, 426.0646152421723, 1296.105227434708, 1188.576863306465, 695.8742101452218, 616.2332324504323, 924.7421531018967, 1481.4600097394784, 943.5400082886111, 1597.829494650074]",17,451.5560132650006,17.916428626979837,766.7977900740029,"[13, 58, 94, 143, 173, 229, 262, 296, 331, 360, 398, 435, 468, 497, 532, 564, 594]","[749.9042361184158, 766.7977900740029, 274.72343496930876, 585.5361894071933, 519.8299703529169, 421.521546585652, 343.4626670826482, 582.1296017058868, 172.16546716310972, 692.7338033544971, 262.3130844082841, 423.9037182169821, 17.916428626979837, 600.8020244254461, 701.2674631123069, 424.5302996208225, 136.91450028055766]","[4, 53, 90, 102, 155, 155, 155, 155, 316, 155, 390, 403, 452, 403, 403, 552, 589]","[53, 403, 102, 155, 205, 256, 287, 303, 355, 403, 403, 475, 469, 502, 552, 589, 595]",111464913.78780611,700.9071334971231,-700.9071334971231,830674.3085469546,0.09937455854848412,0.13227816790240202,0.4983277591973244,SWT,txu.059172014718829,55788936.94780615,,0.0,-48.0,53.0,0.0,-61.5,,182.1071334971232,305.15601326500064,2571.5477744949894,305.1560132650007,,830674.3085469546,305.15601326500064,,,12.916428626979837,0.0,-57.0,247.99779007400298,182.1071334971232,,97.01439645121027,0.3384423052347211,0.21762690713225663,0.18451183332156368,0.0455193386019832,0.48888888888888893,0.32981142605317304,0.32527654929977123,0.01254917411056422,0.3109759616665032,0.3109759616665032,0.3109759616665033,,0.30415374341626655,0.4151999661186322,0.31784371251924165,,,,,0.2,,0.4813198854881395,0.2,0.0821917808219178,0.2282787448388589,0.2282787448388589,0.013793103448275862,1.8451910682115529,0.5971576567205701,85,0.9747144589877201,0.3805232418769041,66,0,0.29443578270668436,0.5080444654409025,92,0,0.3120926941829793,0.4223754300254097,72,11.87083260208258,0.8880110131879002,78.75,77.40735648848283,0.5725432424430067,70,db,0.9102447150279618,0.7868127372464527,0.12678487830649093,4,53.5,0.5666643049314768,1.0,0.04581444438110711,0.8323627716679316,0.2708329503708936,0.1804599517192777,0.005272046091993554,0.5106382978723404,0.329811426053173,0.03034420989314779,,0.004092072241035222,0.09616362314720919,0.09616362314720919,0.09616362314720928,,1.0,0.2537573488334282,0.04708013204101508,0.12003242873487574,,,,,0.04761904761904767,,0.07474260548124889,0.348314606741573,0.24719101123595505,0.07293319171075777,0.07293319171075777,0.192090395480226,1.0817706766758028,0.30891951687865227,134,0.8671365074703479,0.4301994099648455,171,26.16295090390226,0.8765898542268762,152.5,150.25573770491803,0.5786251157926834,136,118.36842105263158,113.5,63.686700255812326,76,0.9215768985091536,0.8701992891677452,0.0938363842932689,6,103.5
smoothed,sym10,65165.92019026703,0.6722408026755853,25.12908013077581,11.217131365549747,598,1,False,False,120.73112227335893,,9.013865357268642,51700.48117420395,1.0,8.884996230908812e-05,0.8502579914647268,427.1859740809765,,,,[],[],15,524.2678008071706,204.62472222827517,780.7006355716926,"[8, 53, 88, 138, 168, 223, 269, 305, 355, 393, 431, 492, 527, 559, 591]","[653.7332993722672, 780.7006355716926, 250.75796127951122, 557.5948097954184, 541.947194062545, 432.85962936111997, 585.0752269820904, 411.8730455188122, 729.4051582544305, 204.62472222827517, 399.0433026688796, 651.3303336114476, 769.9435043558306, 634.5377070399254, 260.59048200531345]","[0, 49, 84, 98, 150, 200, 150, 298, 150, 382, 398, 150, 150, 547, 583]","[49, 597, 98, 150, 200, 250, 298, 349, 398, 398, 447, 497, 597, 597, 597]",111354452.98497485,710.029484479914,-710.029484479914,0.0,,,,SWT,txu.059172014718829,55678476.14497489,,0.0,-62.5,55.0,0.0,-62.5,,191.22948447991405,377.8678008071706,2383.98298789244,377.8678008071706,,0.0,377.8678008071706,,,199.62472222827517,0.0,-62.5,261.90063557169265,191.22948447991405,,125.28597408097653,0.4784122947249063,0.7845472824341839,0.18226713427279462,0.04645154668887117,0.6000000000000001,0.8728166806402946,0.325276549299799,0.765003074258191,0.7699221489512302,0.7699221489512302,0.7699221489512299,,0.9340021108214437,0.3202278009849787,0.37004494087025847,,,,,0.6000000000000001,,0.45772518586489985,0.0,0.00684931506849315,0.29111099957882536,0.29111099957882536,0.0,2.320560206942734,0.7510009772592547,30,1.639038687519804,0.6398718200860909,38,0,0.4230560582586405,0.7299767949185034,35,0,0.4908839348346693,0.6643452952692228,36,3.4034296427770228,0.9678921731813488,34.75,34.48325531148722,0.8200309922510518,24,sym,0.3775829929004878,0.6346964899812167,0.5452829579752935,2,18.5,0.6372999906165046,0.0,0.06476197901060579,0.8596884009764076,0.6014273595023156,0.17969658237972072,0.005380014356743096,0.6170212765957446,0.8728166806402946,0.030344209893150398,,0.24945449133925604,0.23808432969438303,0.23808432969438303,0.23808432969438303,,0.0,0.7792437363577087,0.0363110991903815,0.13974601744252424,,,,,0.1428571428571429,,0.07107866102651303,0.18539325842696627,0.1853932584269663,0.09300758314743729,0.09300758314743729,0.1807909604519774,0.9698847353129061,0.27696842807899,164,1.3388026949174012,0.6642000705206222,89,53.033008588991066,0.7498442991085328,126.5,115.38339920948617,0.5765730929504929,137,99.42105263157895,110.0,57.971862503332275,38,0.7740590312511298,0.7921131623949381,0.22052472940572765,5,104.0
smoothed,sym9,64729.97903247227,0.6839464882943144,25.738557998215754,11.883017702080682,598,1,False,False,121.28223135642733,,9.014461044216509,51700.481174203844,1.0,9.055033360518072e-05,0.9494426349596894,425.34313495845583,,,,[],[],16,459.13481960885935,25.678571549894855,821.011980130691,"[7, 54, 89, 139, 169, 224, 270, 306, 354, 392, 432, 463, 493, 528, 558, 589]","[590.0300842260818, 821.011980130691, 271.18882291932846, 560.1367016542674, 25.678571549894855, 589.9716202238375, 423.8565358725438, 376.5464673328271, 741.8856441641185, 109.7409836217011, 413.27365689976614, 191.12020738053815, 800.9088090142856, 632.3428327628085, 562.7439990831338, 235.72019690592577]","[0, 47, 83, 99, 168, 148, 249, 299, 148, 383, 396, 447, 396, 498, 548, 582]","[47, 396, 99, 148, 201, 299, 299, 349, 396, 396, 447, 470, 595, 595, 595, 595]",111351113.6477676,726.6800516579436,-726.6800516579436,0.0,,,,SWT,txu.059172014718829,55675136.807767645,,0.0,-12.5,54.0,0.0,-17.0,,207.88005165794368,312.7348196088593,2901.8428862582505,312.7348196088593,,0.0,312.7348196088593,,,20.678571549894855,0.0,-35.0,302.211980130691,207.88005165794368,,123.44313495845586,0.6499896735697597,0.9174375756958635,0.18531975415704552,0.04560863893181101,0.7555555555555556,0.9570591207717615,0.32527654929976435,0.04383141981692307,0.3588122808281795,0.3588122808281795,0.3588122808281792,,0.8929464177890194,0.5824426691089845,0.5214025678258682,,,,,0.4,,0.4570118952104225,0.6896551724137931,0.3835616438356164,0.40579554531363693,0.40579554531363693,0.6275862068965516,2.1181393947872915,0.6854916975208812,49,1.8803561561946327,0.7340808519260822,6,0,0.4324310617339327,0.7461532208451586,30,0,0.5646458676272476,0.7641721373051481,5,21.11081871142535,0.8008413329110816,22.5,9.514563106796118,0.7942885909838426,28,sym,0.3775829929004878,0.6346964899812167,0.5452829579752935,2,21.5,0.6809200730364193,0.0,0.0879881601308768,0.8765629621992825,0.6789211132887251,0.1807347065889491,0.005282388848925901,0.7659574468085106,0.9570591207717615,0.030344209893147123,,0.014292680517278139,0.11095612911442704,0.11095612911442704,0.11095612911442704,,0.0,0.7449907177973926,0.06604402698852163,0.19690563034482222,,,,,0.09523809523809523,,0.07096789643192955,0.747191011235955,0.4943820224719101,0.12964835741769407,0.12964835741769407,0.6949152542372882,0.9966973914200608,0.2846252752735438,157,1.491070863380588,0.739742589679903,43,80.61017305526642,0.6197633346449698,100.0,67.51,0.5740326107187113,138,99.42105263157895,110.0,57.971862503332275,38,0.7740590312511298,0.7921131623949381,0.22052472940572765,5,104.75
smoothed,db34,64942.2662696972,0.6889632107023411,27.6120499988483,7.371939008925197,598,1,False,False,120.88906490488377,,9.017907919950314,51700.48117420387,1.0,9.143853273290232e-05,-0.14365313197728746,214.12683813461706,0.018394648829431436,23580.73503405126,51.0,"[0.0, 0.0016722408026755853, 0.0033444816053511705, 0.005016722408026756, 0.006688963210702341, 0.008361204013377926, 0.010033444816053512, 0.011705685618729096, 0.013377926421404682, 0.015050167224080268, 0.016722408026755852, 0.018394648829431436, 0.020066889632107024, 0.021739130434782608, 0.023411371237458192, 0.02508361204013378, 0.026755852842809364, 0.028428093645484948, 0.030100334448160536, 0.03177257525083612, 0.033444816053511704, 0.03511705685618729, 0.03678929765886287, 0.038461538461538464, 0.04013377926421405, 0.04180602006688963, 0.043478260869565216, 0.0451505016722408, 0.046822742474916385, 0.048494983277591976, 0.05016722408026756, 0.051839464882943144, 0.05351170568561873, 0.05518394648829431, 0.056856187290969896, 0.05852842809364548, 0.06020066889632107, 0.061872909698996656, 0.06354515050167224, 0.06521739130434782, 0.06688963210702341, 0.06856187290969899, 0.07023411371237458, 0.07190635451505016, 0.07357859531772575, 0.07525083612040134, 0.07692307692307693, 0.07859531772575251, 0.0802675585284281, 0.08193979933110368, 0.08361204013377926, 0.08528428093645485, 0.08695652173913043, 0.08862876254180602, 0.0903010033444816, 0.09197324414715718, 0.09364548494983277, 0.09531772575250835, 0.09698996655518395, 0.09866220735785954, 0.10033444816053512, 0.1020066889632107, 0.10367892976588629, 0.10535117056856187, 0.10702341137123746, 0.10869565217391304, 0.11036789297658862, 0.11204013377926421, 0.11371237458193979, 0.11538461538461538, 0.11705685618729096, 0.11872909698996656, 0.12040133779264214, 0.12207357859531773, 0.12374581939799331, 0.1254180602006689, 0.12709030100334448, 0.12876254180602006, 0.13043478260869565, 0.13210702341137123, 0.13377926421404682, 0.1354515050167224, 0.13712374581939799, 0.13879598662207357, 0.14046822742474915, 0.14214046822742474, 0.14381270903010032, 0.1454849498327759, 0.1471571906354515, 0.14882943143812707, 0.1505016722408027, 0.15217391304347827, 0.15384615384615385, 0.15551839464882944, 0.15719063545150502, 0.1588628762541806, 0.1605351170568562, 0.16220735785953178, 0.16387959866220736, 0.16555183946488294, 0.16722408026755853, 0.1688963210702341, 0.1705685618729097, 0.17224080267558528, 0.17391304347826086, 0.17558528428093645, 0.17725752508361203, 0.17892976588628762, 0.1806020066889632, 0.18227424749163879, 0.18394648829431437, 0.18561872909698995, 0.18729096989966554, 0.18896321070234112, 0.1906354515050167, 0.1923076923076923, 0.1939799331103679, 0.1956521739130435, 0.19732441471571907, 0.19899665551839466, 0.20066889632107024, 0.20234113712374582, 0.2040133779264214, 0.205685618729097, 0.20735785953177258, 0.20903010033444816, 0.21070234113712374, 0.21237458193979933, 0.2140468227424749, 0.2157190635451505, 0.21739130434782608, 0.21906354515050167, 0.22073578595317725, 0.22240802675585283, 0.22408026755852842, 0.225752508361204, 0.22742474916387959, 0.22909698996655517, 0.23076923076923075, 0.23244147157190634, 0.23411371237458192, 0.23578595317725753, 0.23745819397993312, 0.2391304347826087, 0.2408026755852843, 0.24247491638795987, 0.24414715719063546, 0.24581939799331104, 0.24749163879598662, 0.2491638795986622, 0.2508361204013378, 0.2525083612040134, 0.25418060200668896, 0.25585284280936454, 0.25752508361204013, 0.2591973244147157, 0.2608695652173913, 0.2625418060200669, 0.26421404682274247, 0.26588628762541805, 0.26755852842809363, 0.2692307692307692, 0.2709030100334448, 0.2725752508361204, 0.27424749163879597, 0.27591973244147155, 0.27759197324414714, 0.2792642140468227, 0.2809364548494983, 0.2826086956521739, 0.2842809364548495, 0.28595317725752506, 0.28762541806020064, 0.28929765886287623, 0.2909698996655518, 0.2926421404682274, 0.294314381270903, 0.29598662207357856, 0.29765886287625415, 0.29933110367892973, 0.3010033444816054, 0.30267558528428096, 0.30434782608695654, 0.3060200668896321, 0.3076923076923077, 0.3093645484949833, 0.3110367892976589, 0.31270903010033446, 0.31438127090301005, 0.31605351170568563, 0.3177257525083612, 0.3193979933110368, 0.3210702341137124, 0.32274247491638797, 0.32441471571906355, 0.32608695652173914, 0.3277591973244147, 0.3294314381270903, 0.3311036789297659, 0.33277591973244147, 0.33444816053511706, 0.33612040133779264, 0.3377926421404682, 0.3394648829431438, 0.3411371237458194, 0.342809364548495, 0.34448160535117056, 0.34615384615384615, 0.34782608695652173, 0.3494983277591973, 0.3511705685618729, 0.3528428093645485, 0.35451505016722407, 0.35618729096989965, 0.35785953177257523, 0.3595317725752508, 0.3612040133779264, 0.362876254180602, 0.36454849498327757, 0.36622073578595316, 0.36789297658862874, 0.3695652173913043, 0.3712374581939799, 0.3729096989966555, 0.3745819397993311, 0.37625418060200666, 0.37792642140468224, 0.37959866220735783, 0.3812709030100334, 0.382943143812709, 0.3846153846153846, 0.3862876254180602, 0.3879598662207358, 0.3896321070234114, 0.391304347826087, 0.39297658862876256, 0.39464882943143814, 0.3963210702341137, 0.3979933110367893, 0.3996655518394649, 0.4013377926421405, 0.40301003344481606, 0.40468227424749165, 0.40635451505016723, 0.4080267558528428, 0.4096989966555184, 0.411371237458194, 0.41304347826086957, 0.41471571906354515, 0.41638795986622074, 0.4180602006688963, 0.4197324414715719, 0.4214046822742475, 0.4230769230769231, 0.42474916387959866, 0.42642140468227424, 0.4280936454849498, 0.4297658862876254, 0.431438127090301, 0.4331103678929766, 0.43478260869565216, 0.43645484949832775, 0.43812709030100333, 0.4397993311036789, 0.4414715719063545, 0.4431438127090301, 0.44481605351170567, 0.44648829431438125, 0.44816053511705684, 0.4498327759197324, 0.451505016722408, 0.4531772575250836, 0.45484949832775917, 0.45652173913043476, 0.45819397993311034, 0.4598662207357859, 0.4615384615384615, 0.4632107023411371, 0.4648829431438127, 0.46655518394648826, 0.46822742474916385, 0.46989966555183943, 0.47157190635451507, 0.47324414715719065, 0.47491638795986624, 0.4765886287625418, 0.4782608695652174, 0.479933110367893, 0.4816053511705686, 0.48327759197324416, 0.48494983277591974, 0.4866220735785953, 0.4882943143812709, 0.4899665551839465, 0.4916387959866221, 0.49331103678929766, 0.49498327759197325, 0.49665551839464883, 0.4983277591973244]","[243359.28402672458, 5686.186529035682, 4435.287915620611, 4993.387664610169, 10023.559020788764, 6248.702915215089, 3930.4321405457304, 7253.747751422001, 4442.674149024334, 6936.972572647844, 7372.288004403254, 3811.2970233858073, 23580.73503405126, 8212.101621759211, 9743.50724243298, 9591.582384859672, 2069.477581973245, 5169.274339623657, 3763.6615192998274, 3963.730655167087, 2006.3131789845413, 1344.50966956753, 5900.0444811858315, 2932.856910237326, 21831.76057320699, 3049.7001772079257, 3025.595398544292, 2197.049682320659, 7829.876342067081, 2500.088826888189, 4425.048224060007, 1569.7975965202493, 2140.484616080581, 829.5704371185485, 3622.645798807933, 5425.872277970021, 22416.963715466783, 4847.540612452583, 8245.267948181163, 1959.6056463074485, 4116.406108987483, 6541.7417876340605, 781.8007512395499, 6476.178128980378, 3880.307878951098, 1514.8868959665117, 2229.1513153378082, 3403.386562067141, 16313.538770979685, 2621.4101756548257, 5734.69364435468, 2410.4254143822714, 626.4602788990046, 6352.505224752105, 3958.613682183611, 2918.8790117613203, 2422.7981438293873, 1980.9453045360106, 4908.908118870701, 3444.3146072069835, 8406.748344993954, 5204.690451497626, 3485.026913115264, 3823.438952114357, 1775.090307369878, 4682.509003199472, 2930.1664710323703, 2862.826026832683, 4027.309344691693, 3752.329435276967, 2341.873308174771, 2712.9619040736607, 6525.630355559674, 2128.507362400977, 395.4981487773369, 1758.7046991771165, 2368.6370325145954, 1735.2153908850835, 994.2622287840494, 2453.4380692372824, 2554.959472738598, 1043.5835597472462, 1149.229546523458, 3464.5112856575474, 1937.066005722199, 2733.7594466673527, 1585.56444279845, 2009.2617658536815, 2219.9082444752444, 2198.0082370950845, 1618.0967717704766, 3152.5163036106915, 2238.128847323242, 1996.4077139101692, 514.3936106306396, 1094.2801220820875, 1753.3640836142565, 432.6103299848465, 1454.304478634184, 138.6150987557666, 387.6754458138329, 138.84227813283889, 1961.1715419630843, 577.6043396410048, 811.533292989687, 1644.235144050343, 754.8130035235054, 494.732038568481, 523.1652410322718, 855.4323053390947, 135.27423920433804, 845.0595122851036, 480.7153264810101, 604.6747934343157, 648.9784333127043, 484.1255983886977, 563.0140784927223, 258.76102942580445, 677.5867016332975, 322.3629945625094, 678.6497427534073, 597.0029853441785, 188.48167283007143, 1076.57604452887, 699.9448203877002, 720.8455730779689, 720.2856091897327, 210.49016955643438, 483.1207187277137, 494.35938139330125, 1354.0971312474048, 956.6502509724094, 604.3542868322885, 740.4420785694301, 125.93183821865632, 621.8070013936309, 645.8153377795552, 687.5825089808833, 475.430834688986, 838.4627714800404, 764.6785469566495, 1163.64540099525, 1149.0285335855185, 331.32664234147904, 3218.6865606601928, 650.1939468250549, 1314.3246093784135, 682.0112449602593, 1147.339475216334, 1320.6044748317258, 1007.223503729567, 576.2169070844102, 399.0902832170044, 514.7432740131878, 537.2415535362006, 441.6660604580856, 302.5493288709611, 220.9116784040732, 759.2307622686072, 2114.3157572153928, 752.0899187921344, 855.6673899619057, 295.24877211016434, 1787.5149277938337, 811.8323909406254, 3626.0640072362435, 1561.7316557027434, 2032.1752757765908, 701.2754385018335, 1960.0966107449142, 386.38119433055385, 501.736431617046, 829.9941016445634, 286.5711234467255, 323.81223495554644, 797.3192411210945, 1208.6080650683064, 948.5268310013762, 1698.9410134215436, 773.6565227978174, 1583.1587562202558, 1170.2922478832475, 1587.2586359714473, 1371.3907442623695, 1228.005035002307, 644.0761107149657, 1030.6468480688857, 965.3958294572305, 952.5105695673396, 631.9539362077154, 737.533386500113, 1223.4096402489697, 1187.023005623791, 757.2746719865444, 570.8697302410317, 618.89922500036, 558.757082763426, 822.9417939826337, 1443.4593526920066, 703.4267678566681, 1258.1385383218592, 512.8306830241471, 1166.3789061674759, 1275.282973846559, 883.7111669782823, 1260.5760531679455, 1254.7774492801148, 1308.5505301022013, 559.7493371856706, 534.3272500284409, 387.573171593264, 326.73117253249546, 376.3527464786544, 926.811593958165, 1457.7570262097895, 603.0527901820814, 76.29298102244793, 274.86383922091244, 1003.8159856405038, 853.6575205498932, 911.6953867576837, 385.9248289335925, 932.9914940516663, 198.29231639350508, 86.6884263160878, 1117.6088330623315, 29.706092944917234, 320.9879455288259, 426.03120321917817, 206.40115138263488, 356.1339351724381, 157.07364136815826, 362.5700177755618, 216.9858021139599, 352.8919838506693, 451.286061259722, 142.92694286874385, 425.4546756452685, 116.99113459078849, 282.31329099974096, 209.58497991943986, 379.91750918039213, 180.57577228256324, 210.72312372409152, 377.5371437440137, 104.78476744171593, 525.5119082153794, 416.30837432335755, 316.4284981318724, 204.85169216863454, 380.8082176067238, 189.1397093534729, 117.91924221049068, 572.7294359850722, 668.7229544506928, 874.7590767534964, 317.3095751185644, 598.2143572074133, 709.2361108715397, 742.2242971739537, 342.5662762979414, 204.6942879865347, 1012.1532458198445, 426.32469069239124, 670.933348813147, 441.7345785800297, 718.1698952785315, 565.2085093812663, 1264.2081784882614, 658.6197164398418, 594.294311982291, 520.828826665949, 209.41556142089226, 1553.6338603873135, 1680.71738273129, 694.7758293361384, 1351.336308145085, 1660.4629897649593, 2084.017779411345, 1873.465162563172, 1073.1957487676702, 641.7292093848781, 3005.160412009103, 699.882758712084, 1245.3000042258275, 1786.8594683725578, 672.8678260430717, 1827.6471014385706, 1423.8684552084255, 1621.0668988940379, 426.0646100487168, 1296.105221187235, 1188.5768613126031, 695.8742098013422, 616.2332323789492, 924.742153083764, 1481.4600097365526, 943.5400082885376, 1597.8294946500744]",17,450.22586791965887,121.1208496215965,805.507764311555,"[3, 35, 80, 115, 166, 197, 252, 284, 318, 352, 381, 419, 457, 489, 519, 554, 586]","[121.1208496215965, 805.507764311555, 730.6040370587602, 266.55982128823837, 580.939197053563, 587.0547680382073, 410.56222082846136, 298.2143305368844, 574.4976981326843, 133.76793288769113, 726.0149989608159, 184.38919239466208, 444.59641243484737, 296.97353755727636, 603.65888225607, 696.5388910285384, 192.83922024434816]","[0, 26, 75, 111, 125, 177, 227, 276, 227, 342, 26, 416, 424, 474, 424, 424, 574]","[26, 75, 177, 125, 177, 227, 276, 288, 325, 356, 424, 424, 474, 496, 524, 574, 594]",111358546.58586389,709.9780104682471,-709.9780104682471,825186.9483369571,0.09783965022999629,0.13139041252546196,0.4983277591973244,SWT,txu.059172014718829,55682569.74586393,,0.0,-52.5,53.0,0.0,-48.0,,191.17801046824718,303.8258679196589,2594.1602453657997,303.82586791965883,,825186.9483369571,303.8258679196589,,,116.1208496215965,0.0,-61.5,286.707764311555,191.17801046824718,,87.77316186538292,0.5275847427165248,0.017165956393614956,0.20298339684931332,0.04601910386677364,0.8222222222222223,0.028638636921104466,0.32527654929977357,0.42847375674162824,0.3025802784435447,0.3025802784435447,0.30258027844354407,,0.09827289046509213,0.4266496382906972,0.4631886496382096,,,,,0.2,,0.458599589100063,0.13793103448275862,0.02054794520547945,0.29075646068642336,0.29075646068642336,0.2,1.9724066972593115,0.6383283453550129,67,0.9746427956673264,0.3804952649050346,67,0,0.32775409000262823,0.5655346979933309,78,0,0.33419948656738097,0.4522939962523065,64,6.164414002968976,0.941845150915387,69.0,68.6150374397374,0.645450877344486,56,db,0.9102447150279618,0.7868127372464527,0.12678487830649093,4,43.0,0.703705284269721,0.9933940894120149,0.07141838203336764,0.8853774902928138,0.15393598838029676,0.18674169592837128,0.005329928864284933,0.8297872340425532,0.028638636921104355,0.030344209893147955,,0.13971800458952022,0.09356741180923522,0.09356741180923522,0.09356741180923508,,0.9933940894120149,0.08198968017464148,0.04837842713175483,0.17492137295349502,,,,,0.04761904761904767,,0.07121444427172643,0.297752808988764,0.19662921348314605,0.09289431087135777,0.09289431087135777,0.3446327683615819,1.0849845872338553,0.30983730816130717,131,0.8309441994650829,0.4122438638484074,173,29.698484809834994,0.8599128075007784,152.0,149.09868421052633,0.5714658377126534,139,118.36842105263158,113.5,63.686700255812326,76,0.9215768985091536,0.8701992891677452,0.0938363842932689,6,105.75
smoothed,rbio6.8,70753.28972151257,0.657190635451505,25.43726715592807,12.17247625149617,598,1,False,False,120.46412618113357,,9.017964059123175,51625.50118639771,1.0,8.784293959502387e-05,0.9859244048356329,425.10918086472213,,,,[],[],16,445.9687124637536,18.668772014779847,802.3825313919409,"[7, 54, 89, 140, 169, 226, 270, 306, 356, 395, 432, 463, 493, 529, 560, 590]","[653.298387563013, 802.3825313919409, 240.1961068726435, 571.0153132906813, 18.668772014779847, 436.8268515453691, 695.5791353241143, 211.4185381179546, 603.7652495069673, 136.48412899332294, 412.31264704249776, 198.09616652222968, 614.8039077854992, 753.878303959191, 551.628040819509, 235.14531867034478]","[1, 48, 85, 99, 168, 149, 149, 299, 299, 383, 397, 448, 397, 397, 549, 584]","[48, 397, 99, 149, 202, 251, 397, 317, 397, 397, 448, 471, 498, 596, 596, 596]",111227206.56158419,739.8855616293974,-739.8855616293974,0.0,,,,SWT,txu.059172014718829,55551229.72158423,,0.0,-44.0,54.0,0.0,-8.0,,221.0855616293975,299.5687124637536,3112.5006005799423,299.5687124637536,,0.0,299.5687124637536,,,13.668772014779847,0.0,-26.0,283.58253139194096,221.0855616293975,,123.20918086472216,0.3952881164573488,0.9752045389276394,0.20327108412527864,0.057254924702712554,0.4000000000000001,0.9880448984725223,0.30146641581889466,0.015581196445947354,0.27570973473654303,0.27570973473654303,0.2757097347365428,,0.8877342713033991,0.689107782500614,0.4514542894085718,,,,,0.4,,0.4305450363360174,0.2551724137931034,0.5068493150684931,0.49675148069288577,0.49675148069288577,0.7517241379310344,2.0674814027204946,0.6690972935169109,58,1.6932166582087305,0.6610226062006959,31,0,0.4139200405588388,0.7142127353130912,40,0,0.49149956805654116,0.6651784719236997,34,12.093386622447824,0.8859114469580394,40.75,38.494403601845,0.7507387423469443,35,rbio,0.602964079377041,1.0,0.2779251444360713,3,27.0,0.6114665659479336,0.0,0.05350957946403294,0.8496946622674841,0.7126073872504868,0.18683953160303468,0.006631260719002857,0.42553191489361697,0.9880448984725223,0.02812302398385641,,0.005080763155951712,0.08525818808353833,0.08525818808353833,0.0852581880835383,,0.0,0.7406421917557047,0.0781389403614503,0.1704899379351663,,,,,0.09523809523809523,,0.06685794367323283,0.3932584269662921,0.5955056179775281,0.15870803477367726,0.15870803477367726,0.7966101694915254,0.9660979954821433,0.27588705485979803,165,1.3719410359707644,0.6806404978876572,77,62.22539674441618,0.7064839776206784,121.0,104.99999999999999,0.5678646303197732,140,87.36666666666666,69.5,73.18633909333803,30,0.6802076177391039,1.0,0.22385466758262726,4,106.0
smoothed,sym17,65311.19764033008,0.6705685618729097,25.785173924033728,11.972659075474056,598,1,False,False,120.8836407813889,,9.013721092556564,51700.48117420825,1.0,9.276207910368252e-05,0.9615950793885594,423.52426054826105,,,,[],[],16,455.9319250859846,21.498975534507736,803.412651253585,"[7, 54, 89, 139, 169, 224, 270, 306, 354, 388, 432, 463, 493, 522, 558, 589]","[605.2691022064264, 803.412651253585, 262.34752304521567, 547.4234116433436, 21.498975534507736, 596.9040273526425, 444.71703733317884, 381.72962085977395, 716.5212360698002, 105.4113587884247, 426.0249607609866, 186.74098350681336, 643.9665426252506, 751.2696347801684, 569.673634266765, 232.0001013488714]","[1, 47, 84, 99, 168, 148, 249, 299, 148, 383, 397, 447, 397, 397, 548, 582]","[47, 397, 148, 148, 201, 299, 299, 350, 397, 397, 447, 470, 498, 596, 596, 596]",111346482.63624802,754.2234042757359,-754.2234042757359,0.0,,,,SWT,txu.059172014718829,55670505.79624806,,0.0,-35.0,54.0,0.0,-12.5,,235.42340427573595,309.53192508598454,2953.089198624247,309.53192508598454,,0.0,309.53192508598454,,,16.498975534507736,0.0,-35.0,284.612651253585,235.42340427573595,,121.62426054826108,0.5258960445615287,0.9353272180343525,0.18152784439870154,0.04673244581343081,0.5777777777777778,0.9673807949359888,0.3252765493011645,0.026987211870084987,0.3385960782118431,0.3385960782118431,0.33859607821184284,,0.8524246226214921,0.6083908938726622,0.4553220963359763,,,,,0.4,,0.45602269974057613,0.3793103448275862,0.3835616438356164,0.5955066133638149,0.5955066133638149,0.6896551724137931,2.1113336689316426,0.6832891661005547,53,1.8025669107447877,0.7037123521169436,10,0,0.4305650764587299,0.7429334916296868,31,0,0.5371971562877342,0.7270240032034477,10,20.54263858417414,0.80620152279081,26.0,15.928259815802228,0.7804592519614428,32,sym,0.3775829929004878,0.6346964899812167,0.5452829579752935,2,24.5,0.7376585754789295,0.0,0.07118978541142675,0.8985124240078017,0.6893532938843078,0.1794451672854625,0.005412548070486772,0.5957446808510638,0.9673807949359887,0.03034420989327774,,0.00880007079219225,0.10470463855082571,0.10470463855082571,0.10470463855082571,,0.0,0.7111831335270586,0.06898633418455558,0.17195060001872361,,,,,0.09523809523809523,,0.07081428747253327,0.4943820224719101,0.4943820224719101,0.19025949186879326,0.19025949186879326,0.7457627118644068,0.9705693552448551,0.2771639338947634,162,1.4343393711064598,0.7115972465966635,56,74.95331880577403,0.6464466094067263,109.0,83.22935779816514,0.5661478330052498,141,99.42105263157895,110.0,57.971862503332275,38,0.7740590312511298,0.7921131623949381,0.22052472940572765,5,107.0
raw,sym8,1842593.1911482166,0.6438127090301003,141.84517585242716,7.232067425656653,598,1,False,False,125.70776717309666,,9.230173210068806,71508.30122018914,1.0,3.0435623808486926e-06,-0.0851516112951213,410.99946318135073,,,,[],[],16,877.5272559944037,111.49502380560921,1407.7470562344656,"[16, 57, 104, 154, 188, 225, 258, 289, 327, 361, 405, 435, 485, 525, 565, 594]","[880.5969617786302, 1210.3750043272935, 819.7234449719682, 877.7779182043438, 678.1628868167122, 1123.131786091405, 1075.7252762414628, 896.8510350694396, 766.3557106396056, 978.0321006955603, 822.180401069367, 429.32153686257163, 1407.7470562344656, 1117.8473089178024, 845.1126441842234, 111.49502380560921]","[1, 37, 96, 147, 187, 201, 248, 287, 298, 287, 400, 434, 287, 495, 545, 590]","[37, 287, 147, 201, 201, 287, 287, 350, 350, 410, 410, 446, 495, 545, 596, 596]",136146376.21214342,1279.544393416253,-1279.544393416253,0.0,,,,SWT,txu.059172014718829,67920543.21214342,,0.0,-78.0,70.0,0.0,-78.0,,524.5443934162529,517.655162971148,16908.56390408954,517.655162971148,,0.0,517.655162971148,,,108.49502380560921,0.0,-78.0,652.7470562344656,524.5443934162529,,113.99946318135073,0.219056919244773,0.1376581742236096,0.556663745152728,0.16578690679479288,0.26086956521739135,0.0527772844758507,3.650759248540458e-11,0.11330287475641027,0.36049798651808285,0.36049798651808285,0.36049798651808285,,0.36722645089786604,0.6395020134819175,0.6116972160431107,,,,,0.4,,0.057267204001580044,0.013698630136986314,0.015625,0.7896198880737135,0.7896198880737135,0.00735294117647059,1.6765363989839133,0.5743607618772811,67,0.6349960461732579,0.3735270859842693,104,0,0.349029004728287,0.5788221794026718,73,0,0.19897322787795055,0.3482031487864134,104,19.782146833277054,0.8133759732709712,87.0,83.58622956207378,0.49631062814491955,98,sym,1.0,1.0,0.0,5,74.75,,,0.27449986823032646,0.008141828630174708,0.1376581742236096,0.556663745152728,0.40342052242237614,0.25531914893617014,0.07832688179459069,0.6171254573597151,,0.12969653723131108,0.5109248398134839,0.5109248398134839,0.510924839813484,,0.0,0.5694603306324721,0.8702399611129422,0.6939480752934055,,,,,0.8571428571428571,,0.4771435509746257,0.011235955056179775,0.011235955056179775,0.8264910860615297,0.8264910860615297,0.005649717514124297,2.480967987804067,0.7084860485763783,71,1.0277381426160583,0.5098762867701236,165,66.46803743153546,0.6864715215493611,118.0,99.27966101694915,0.5649338739822277,142,99.42105263157895,110.0,57.971862503332275,38,0.7740590312511298,0.7921131623949381,0.22052472940572765,5,107.75
smoothed,sym8,65007.83531845687,0.6705685618729097,25.135709888577686,11.179289293095964,598,1,False,False,120.67600006410409,,9.013675240519595,51700.4811743261,1.0,8.854050746972603e-05,0.8436706407523129,425.94599353889646,,,,[],[],15,522.9943572652529,201.07857752390163,777.3343738988433,"[8, 53, 88, 138, 168, 223, 269, 305, 355, 393, 430, 492, 527, 559, 591]","[649.914101179203, 777.3343738988433, 251.3619438383157, 559.6925018660789, 543.7086212265817, 434.5920803929705, 582.3932972141067, 408.9779767166952, 722.9843561878599, 201.07857752390163, 398.9602977387871, 655.1122209984377, 766.6655254011463, 631.1968562221541, 260.94262857371285]","[0, 49, 84, 98, 150, 200, 150, 298, 150, 382, 398, 150, 150, 547, 583]","[49, 597, 98, 150, 200, 250, 298, 349, 398, 398, 447, 497, 597, 597, 597]",111333843.18986797,710.3211348380883,-710.3211348380883,0.0,,,,SWT,txu.059172014718829,55657866.349868014,,0.0,-62.5,55.0,0.0,-62.5,,191.5211348380883,376.59435726525294,2403.084641021206,376.59435726525305,,0.0,376.59435726525294,,,196.07857752390163,0.0,-62.5,258.53437389884334,191.5211348380883,,124.04599353889648,0.46125103850422017,0.7769951765714751,0.18129287393260943,0.046145883958156074,0.5777777777777778,0.8672217167581723,0.32527654933858774,0.7507117411747675,0.761884359233208,0.761884359233208,0.7618843592332083,,0.9063772032103093,0.32989979426330696,0.3574055862645496,,,,,0.6000000000000001,,0.45332288285442823,0.0,0.00684931506849315,0.2931198073559408,0.2931198073559408,0.0,2.29234503340784,0.741869724023571,34,1.6152106526942378,0.6305694844371493,40,0,0.41843061434982404,0.7219956617950796,37,0,0.4831653098988284,0.6538991759359416,39,2.6457513110645907,0.9750400819710887,37.5,37.35531212227922,0.8106332485327141,26,sym,0.3775829929004878,0.6346964899812167,0.5452829579752935,2,20.0,0.6293614623496286,0.0,0.06243888462650604,0.8566173572317088,0.5970234183420593,0.179365259357665,0.0053446125241500275,0.5957446808510638,0.8672217167581723,0.030344209896768837,,0.24479433068782047,0.23559879037089881,0.23559879037089881,0.23559879037089904,,0.0,0.75619610512216,0.037407820668709846,0.1349728148551906,,,,,0.1428571428571429,,0.07039504165602539,0.18539325842696627,0.1853932584269663,0.09364938080066096,0.09364938080066096,0.1807909604519774,0.9528025549301082,0.27209029722846284,170,1.3236101025060094,0.6566627978595001,95,53.033008588991066,0.7498442991085328,132.5,121.8867924528302,0.5624221495542664,143,99.42105263157895,110.0,57.971862503332275,38,0.7740590312511298,0.7921131623949381,0.22052472940572765,5,108.5
raw,db9,1837041.059598547,0.6354515050167224,134.75720894230858,7.4184461777414,598,1,False,False,132.33428440504719,,9.232589176038445,71508.30122006466,1.0,3.1186683224282336e-06,-0.03389397035588606,410.86281927993787,,,,[],[],15,889.1789926461054,293.6665153819913,1547.7118241413416,"[12, 50, 96, 147, 177, 218, 277, 314, 360, 412, 446, 487, 518, 550, 582]","[1069.4576198993655, 921.0750161691035, 648.8022657647052, 993.674902991422, 773.5007695776944, 1288.7848828553942, 884.2535280687916, 935.2050019087787, 1126.4349234786541, 839.4052498540334, 293.6665153819913, 514.3590176125508, 1547.7118241413416, 604.430026654549, 896.923345333204]","[6, 45, 91, 55, 155, 55, 227, 227, 355, 403, 441, 475, 55, 545, 555]","[55, 55, 106, 208, 180, 505, 305, 355, 475, 454, 454, 490, 555, 555, 591]",135939708.59048817,1160.0135321273744,-1160.0135321273744,0.0,,,,SWT,txu.059172014718829,67713875.59048817,,0.0,-74.0,71.0,0.0,-65.0,,405.01353212737445,529.3068996228496,17611.31511030842,529.3068996228495,,0.0,529.3068996228496,,,290.6665153819913,0.0,-74.0,792.7118241413416,405.01353212737445,,113.86281927993787,0.519669711020823,0.15934834615342905,0.5608741324555528,0.1640482899914768,0.15217391304347833,0.09751978988841442,2.687656870374997e-11,0.3572127804208489,0.39023503862371994,0.39023503862371994,0.39023503862371967,,0.36349363283095026,0.7515976921204006,0.8634974402741633,,,,,0.6000000000000001,,0.044907181140761504,0.06849315068493152,0.078125,0.47068755495152825,0.47068755495152825,0.1985294117647059,1.9527660614727858,0.6689936487602431,31,0.7138486134053268,0.4199109490619569,102,0,0.3884240367864986,0.6441540515527348,42,0,0.23623345465429307,0.41340854564501284,101,37.797707161502096,0.6434178569669613,69.0,52.789600453386235,0.4962372303702731,99,db,0.8936084142394821,0.6843627668132815,0.16916527998837808,3,75.0,,,0.553770695285047,0.008887183372575935,0.15934834615342905,0.5608741324555528,0.4021771673220087,0.1489361702127659,0.12186254009761283,0.6171254573560276,,0.36909692487216395,0.5336669942014787,0.5336669942014787,0.5336669942014785,,0.0,0.5669205179955195,0.9105884239703654,0.8924116105845192,,,,,0.9047619047619048,,0.47028846150461756,0.056179775280898875,0.056179775280898875,0.5634548026732873,0.5634548026732873,0.15254237288135591,2.6401649918770187,0.7539476816628551,35,1.1011016882446876,0.5462730406496673,160,88.38834764831844,0.5830738318475546,97.5,57.43589743589743,0.561584085735098,144,118.36842105263158,113.5,63.686700255812326,76,0.9215768985091536,0.8701992891677452,0.0938363842932689,6,109.5
smoothed,db23,64922.31698746393,0.6638795986622074,26.459129640203273,7.6090934490358455,598,1,False,False,120.5928567875894,,9.017584738934197,51700.48117420387,1.0,9.157649895984673e-05,-0.05382695075779567,426.9417535202291,,,,[],[],15,469.6153326026308,50.232273423505376,762.3286564878338,"[26, 72, 107, 158, 188, 243, 274, 309, 344, 377, 411, 458, 510, 546, 576]","[707.4408203834619, 762.3286564878338, 297.5290224032623, 569.7129892838883, 50.232273423505376, 451.11012632287486, 313.6690824105118, 562.9079753396426, 394.6363014908469, 684.1212224032802, 187.66420048725956, 468.60641298042805, 626.2629820819993, 643.2237767495513, 324.7841467911167]","[17, 67, 102, 117, 186, 219, 268, 168, 316, 168, 399, 415, 168, 168, 565]","[168, 168, 117, 168, 219, 268, 279, 316, 367, 415, 415, 465, 516, 565, 597]",111356946.27344353,697.7582881110505,-697.7582881110505,0.0,,,,SWT,txu.059172014718829,55680969.433443576,,0.0,-58.0,55.0,0.0,-62.5,,178.9582881110506,323.21533260263084,3203.7700109605375,323.21533260263095,,0.0,323.21533260263084,,,45.232273423505376,0.0,-49.0,243.5286564878338,178.9582881110506,,125.04175352022912,0.43536595351607654,0.06449463903155572,0.2013272437313938,0.0459805312189712,0.48888888888888893,0.10493247059310484,0.32527654929977357,0.1427853997473151,0.4249637487244938,0.4249637487244938,0.42496374872449416,,0.9285612428413145,0.7353214331080957,0.3010633877359746,,,,,0.6000000000000001,,0.45825775842444083,0.06206896551724138,0.1917808219178082,0.20659036036344025,0.20659036036344025,0.0,1.9849260277200327,0.6423799659001312,65,0.8727729911663062,0.3407258453579476,80,0,0.34052739841283697,0.5875748474056087,73,0,0.2966888556619124,0.4015284091221808,82,7.702813338860896,0.9273319496333878,75.0,74.37934968965992,0.6098923899110336,64,db,0.9102447150279618,0.7868127372464527,0.12678487830649093,4,49.0,0.7072445690155345,0.0,0.05893485818493258,0.8867466733345484,0.18153527489972301,0.18617847721425246,0.005325461383355962,0.5106382978723404,0.10493247059310468,0.030344209893147955,,0.04655989036276406,0.13141225953468738,0.13141225953468738,0.1314122595346876,,0.0,0.774704386558878,0.08337917386396443,0.11369540503624387,,,,,0.1428571428571429,,0.0711613624936829,0.23595505617977525,0.33707865168539325,0.06600393027663295,0.06600393027663295,0.1807909604519774,0.8307151567968551,0.23722599478296486,185,0.7467435850379196,0.3704706778123186,186,0.7071067811865476,0.9966645906547804,185.5,185.49865229110512,0.5608322953273902,145,118.36842105263158,113.5,63.686700255812326,76,0.9215768985091536,0.8701992891677452,0.0938363842932689,6,110.25
smoothed,rbio2.6,93667.22067501889,0.6387959866220736,27.85905056823618,12.179224278094571,598,1,False,False,120.15275622311195,,9.03726446019308,51187.397153014754,1.0,7.417858043976597e-05,0.9771526051794172,425.502886646937,,,,[],[],15,467.46564139199717,17.331850119489673,770.9284162467751,"[7, 54, 90, 140, 169, 226, 270, 328, 358, 395, 432, 486, 529, 561, 590]","[653.6213347430318, 770.9284162467751, 221.0531807695436, 558.5312168478657, 17.331850119489673, 587.5275667210695, 427.47919485763623, 369.0895761875705, 694.9439921229662, 192.47004642159584, 405.7105258997874, 578.6243741906062, 749.1909594241895, 541.9136550628093, 243.5687312650208]","[1, 48, 84, 99, 168, 149, 251, 299, 149, 394, 397, 397, 397, 549, 582]","[48, 596, 99, 149, 202, 299, 299, 350, 397, 397, 449, 498, 596, 596, 596]",110665011.65776724,711.0549781905634,-711.0549781905634,0.0,,,,SWT,txu.059172014718829,54989034.81776728,,0.0,-49.0,55.0,0.0,-31.0,,192.2549781905634,321.06564139199713,3236.015379120043,321.0656413919971,,0.0,321.06564139199713,,,12.331850119489673,0.0,-40.0,252.12841624677515,192.2549781905634,,123.60288664693701,0.2983489752061596,0.9765512360805965,0.30217670609844616,0.10155982640814999,0.1555555555555556,0.9805945736909294,0.16234508733419395,0.010193261743635496,0.41139521165080895,0.41139521165080895,0.4113952116508083,,0.8965054459231315,0.7516486578772591,0.33335303829815494,,,,,0.6000000000000001,,0.3104588198204614,0.18620689655172412,0.3150684931506849,0.29817431935059335,0.29817431935059335,0.43448275862068964,2.015590468402938,0.6523038734337826,63,1.4749811121543805,0.575824631848677,53,0,0.3778967763759569,0.6520551407877666,51,0,0.4047578804878393,0.5477852798662155,57,5.291502622129181,0.9500801639421775,56.0,55.63851630210483,0.7108891385748624,41,rbio,0.602964079377041,1.0,0.2779251444360713,3,31.5,0.26093108352868294,0.0,0.04038706839933385,0.7140889474059018,0.7133927013244847,0.2204750068644207,0.011762650828483295,0.1914893617021276,0.9805945736909293,0.015144754258476278,,0.003323849287549807,0.1272164378421668,0.1272164378421668,0.12721643784216669,,0.0,0.7479600369765416,0.08523054178477951,0.12588946465522818,,,,,0.1428571428571429,,0.0482101442047872,0.3370786516853932,0.4382022471910112,0.09526425603825936,0.09526425603825936,0.536723163841808,0.8992583248690461,0.2567997573397949,177,1.245388730243327,0.6178560034227001,130,33.23401871576773,0.8432357607746805,153.5,149.90228013029315,0.5595895785005478,146,87.36666666666666,69.5,73.18633909333803,30,0.6802076177391039,1.0,0.22385466758262726,4,110.5
smoothed,rbio2.8,94497.36727098876,0.6454849498327759,28.242157560118397,12.170322095044048,598,1,False,False,120.23774270944946,,9.03778903164867,51193.982504981366,1.0,7.272558106812865e-05,0.9774347458879418,425.2629433571003,,,,[],[],15,469.3907936956048,17.793472075762338,778.5688120502605,"[7, 54, 90, 140, 169, 226, 270, 328, 358, 395, 432, 486, 529, 558, 590]","[654.9330903281992, 778.5688120502605, 222.82867307125463, 562.1722298171053, 17.793472075762338, 587.1384508312271, 429.79213837676156, 373.9245223840285, 696.3841438674373, 188.56499052710592, 404.96280708972523, 585.6187927322454, 754.7557309693156, 543.0171887622032, 240.4068625514412]","[1, 48, 84, 99, 168, 149, 251, 299, 149, 394, 397, 397, 397, 549, 582]","[48, 397, 99, 149, 202, 299, 299, 350, 397, 397, 449, 498, 596, 596, 596]",110750419.19539039,711.1664562676999,-711.1664562676999,0.0,,,,SWT,txu.059172014718829,55074442.35539043,,0.0,-49.0,55.0,0.0,-31.0,,192.36645626769996,322.9907936956048,3207.1380945659275,322.99079369560485,,0.0,322.9907936956048,,,12.793472075762338,0.0,-40.0,259.7688120502605,192.36645626769996,,123.36294335710033,0.32480790867508,0.9747746360043488,0.3048648920017589,0.10316494442173643,0.2444444444444445,0.9808342097969738,0.1644362867852924,0.012053646382642946,0.42354649192528615,0.42354649192528615,0.42354649192528615,,0.8911598691267968,0.7370268395340517,0.36204055022484416,,,,,0.6000000000000001,,0.3287020802723806,0.18620689655172412,0.3150684931506849,0.29894214980940587,0.29894214980940587,0.43448275862068964,2.040873556844728,0.6604862183999285,62,1.5093051187235682,0.5892245379785973,49,0,0.3823509939505657,0.6597408254754322,49,0,0.4151230277228723,0.5618131107070968,51,6.238322424070967,0.9411479016597079,52.75,52.251243571368356,0.7217531961128728,39,rbio,0.602964079377041,1.0,0.2779251444360713,3,30.0,0.22365689965334368,0.0,0.043968775878115395,0.699669316287783,0.7123566933098546,0.22138919565010384,0.011948555466173877,0.276595744680851,0.9808342097969738,0.015339836858833333,,0.00393048907689833,0.13097399881507593,0.13097399881507593,0.13097399881507604,,0.0,0.7435001892015729,0.08357255239544209,0.136723190776876,,,,,0.1428571428571429,,0.051043081009936236,0.3370786516853932,0.4382022471910112,0.09550957158918139,0.09550957158918139,0.536723163841808,0.9066946607830831,0.2589233398581997,175,1.2762822357284844,0.6331827342395489,116,41.71930009000631,0.8032108486320457,145.5,139.51890034364263,0.5584450469575323,147,87.36666666666666,69.5,73.18633909333803,30,0.6802076177391039,1.0,0.22385466758262726,4,111.25
smoothed,coif2,65792.94904892321,0.6638795986622074,24.398633575308125,11.403679005474384,598,1,False,False,120.5262822905321,,9.0135833227583,51700.48117420387,1.0,0.00010298851159267789,0.8810658814411096,428.0432115504191,,,,[],[],16,501.068378166825,161.4976391889449,772.996095241914,"[10, 55, 90, 141, 170, 225, 258, 293, 328, 357, 394, 432, 494, 529, 561, 593]","[711.8556543228916, 772.996095241914, 259.1278386297897, 533.2551155204984, 521.0692839161011, 438.7492930441849, 345.47740705838385, 598.5647512203833, 161.4976391889449, 741.9239034328975, 298.6705517533055, 431.6815371622557, 697.0548479484523, 603.8347441491663, 587.8699215507645, 313.46546652926537]","[1, 50, 87, 99, 151, 151, 251, 151, 316, 151, 393, 399, 151, 499, 549, 584]","[50, 151, 99, 151, 201, 251, 264, 300, 351, 399, 399, 448, 549, 549, 597, 597]",111421412.73218827,702.509376149725,-702.509376149725,0.0,,,,SWT,txu.059172014718829,55745435.89218831,,0.0,-44.0,54.0,0.0,-53.0,,183.70937614972502,354.66837816682505,2230.9059493307996,354.668378166825,,0.0,354.66837816682505,,,156.4976391889449,0.0,-39.5,254.196095241914,183.70937614972502,,126.1432115504191,0.4146392443146809,0.8217764148203648,0.18082183795163537,0.04766392932219597,0.48888888888888893,0.898983350554716,0.32527654929977357,0.5911964307020554,0.6234907802846497,0.6234907802846497,0.623490780284649,,0.9531000765479289,0.24271827455530304,0.34111658450168436,,,,,0.4,,0.472027952836114,0.2551724137931034,0.32191780821917804,0.23931455333750518,0.23931455333750518,0.13103448275862067,2.082623815775271,0.673997820108799,56,1.7169600213208902,0.6702918864716406,25,0,0.4038256980961965,0.6967951009030801,45,0,0.522256276894032,0.7068035351293926,13,19.36276495407272,0.8173324060936535,34.75,25.47731072831201,0.7447511087072041,37,coif,1.0,0.7343071281019431,0.07970786156941707,5,29.0,1.0,0.0,0.05612911359797217,1.0,0.6231371860668137,0.17920507110173783,0.005520432414657106,0.5106382978723404,0.898983350554716,0.030344209893147955,,0.1927791009799147,0.1928031096350517,0.1928031096350517,0.1928031096350516,,0.0,0.7951772872534871,0.02752218050895988,0.12882133736404777,,,,,0.09523809523809523,,0.07329969136673159,0.3932584269662921,0.4438202247191011,0.0764590422558146,0.0764590422558146,0.288135593220339,0.9537806160223051,0.27236960056566156,169,1.359070140805759,0.6742550540065575,80,62.932503525602726,0.7031485682754588,124.5,108.59437751004016,0.5579422086660313,148,128.44117647058823,122.5,52.71316963643363,34,1.0,0.7202596862948154,0.08392209411155538,7,112.75
smoothed,db3,67857.05699098317,0.6404682274247492,23.878984096336268,11.382016025881454,598,1,False,False,120.47790748805241,,9.014727393795834,51700.48117420387,1.0,8.495166099436377e-05,0.8653144170841391,425.02279236632546,,,,[],[],16,490.89136325476983,207.9325073663153,765.4621528123139,"[11, 56, 90, 141, 171, 226, 271, 308, 358, 395, 433, 464, 495, 529, 562, 592]","[691.7890797342128, 765.4621528123139, 226.27882790196372, 560.095728920458, 541.0355837000221, 569.6118325155546, 425.2593914401224, 396.04559498936663, 701.5634437891708, 212.00071162768234, 435.6996383622411, 207.9325073663153, 569.0945177791202, 719.5759616738986, 581.3295305716662, 251.48730889220855]","[2, 49, 86, 100, 150, 150, 252, 301, 150, 394, 398, 449, 398, 150, 550, 585]","[49, 150, 100, 150, 202, 301, 301, 351, 398, 398, 449, 473, 500, 597, 597, 597]",110854771.27487946,701.9280586489638,-701.9280586489638,0.0,,,,SWT,txu.059172014718829,55178794.4348795,,0.0,-62.0,54.0,0.0,-57.5,,183.12805864896382,344.4913632547698,2393.7381879236827,344.4913632547698,,0.0,344.4913632547698,,,202.9325073663153,0.0,-62.0,246.66215281231393,183.12805864896382,,123.12279236632548,0.3995786654445413,0.8174531548988233,0.18668467246677656,0.05165495555282994,0.1777777777777778,0.8856048501506447,0.32527654929977357,0.7783337934242269,0.5592549479704084,0.5592549479704084,0.559254947970408,,0.8858096650649259,0.3251672807512005,0.31282877469927217,,,,,0.4,,0.3509919415398757,0.006896551724137931,0.0136986301369863,0.2353105976289896,0.2353105976289896,0.06896551724137931,1.9442052829142569,0.6292015449945378,70,1.4461677228667964,0.5645760408381779,55,0,0.35273854625008055,0.6086449972982678,67,0,0.42266580544600363,0.5720212445204625,47,10.688779163215974,0.8991624607243776,59.75,58.25002252184619,0.6677416077206794,46,db,0.9102447150279618,0.7868127372464527,0.12678487830649093,4,35.5,0.5372958179768615,0.0,0.054090384862465084,0.8210014833886456,0.6206161167569967,0.18119888319615174,0.00598267274785344,0.21276595744680843,0.8856048501506448,0.030344209893147955,,0.2538014121303581,0.17293935444924569,0.17293935444924569,0.17293935444924566,,0.0,0.7390364808703553,0.03687119403282957,0.11813855717858729,,,,,0.09523809523809523,,0.05450440134424686,0.19101123595505615,0.19101123595505617,0.07517981115833905,0.07517981115833905,0.23728813559322035,0.8598881962246672,0.24555689285612683,182,1.1799740154977743,0.5854027836076898,151,21.920310216782973,0.8966023102981935,166.5,165.05705705705705,0.5556124759038137,149,118.36842105263158,113.5,63.686700255812326,76,0.9215768985091536,0.8701992891677452,0.0938363842932689,6,113.25
smoothed,coif1,74323.36625142233,0.6304347826086957,24.22731201357686,12.296721283475723,598,1,False,False,119.60635944071888,,9.017910129278718,51700.48117420387,1.0,8.592614862757679e-05,0.9874538469219265,425.49595955783866,,,,[],[],15,443.40190146877336,22.559849793014223,730.808974963446,"[22, 54, 89, 140, 169, 226, 270, 306, 356, 395, 432, 486, 522, 561, 590]","[656.9243838069684, 730.808974963446, 215.73319981821106, 551.8183473202901, 22.559849793014223, 429.5369135810498, 587.3118743764301, 193.17417646960513, 659.1871501618375, 147.58637240907115, 401.6865861925155, 566.8320752876766, 713.324212717099, 552.952161294309, 221.59224384007715]","[1, 51, 86, 99, 168, 149, 149, 299, 149, 383, 397, 397, 397, 549, 584]","[51, 397, 99, 149, 202, 251, 299, 317, 397, 397, 449, 498, 596, 596, 596]",110354898.67457008,707.3916828230244,-707.3916828230244,0.0,,,,SWT,txu.059172014718829,54678921.834570125,,0.0,-49.0,55.0,0.0,-8.5,,188.59168282302448,297.0019014687733,3596.9714779684,297.0019014687734,,0.0,297.0019014687733,,,17.559849793014223,0.0,-35.5,212.008974963446,188.59168282302448,,123.59595955783868,0.12823868195840632,1.0,0.2029947186347585,0.06415779484138412,0.04444444444444445,0.9893439295407307,0.32527654929977357,0.031262645799571054,0.25950839848217694,0.25950839848217694,0.25950839848217705,,0.8963511207624848,0.9344163449616513,0.18271595353055856,,,,,0.6000000000000001,,0.2442179225948555,0.18620689655172412,0.37671232876712324,0.2729425443229539,0.2729425443229539,0.7448275862068965,1.9262214808010512,0.6233814620156747,73,1.484362214077972,0.5794869631944642,51,0,0.36807473888448694,0.6351073644644473,57,0,0.41459384127260357,0.5610969281156363,52,10.177589760514683,0.9039850022592955,58.25,57.07672792021134,0.6772283501862515,45,coif,1.0,0.7343071281019431,0.07970786156941707,5,35.0,0.5622946114613315,0.0,0.017359484530207456,0.8306723424918165,0.7270666326039328,0.18674554620125422,0.007430750576628675,0.08510638297872336,0.9893439295407307,0.030344209893147955,,0.01019421707999471,0.08024822144271837,0.08024822144271837,0.08024822144271848,,0.0,0.7478312825407613,0.1059548374084105,0.06900196167811223,,,,,0.1428571428571429,,0.03792380990335642,0.3370786516853932,0.4887640449438202,0.0872029103067829,0.0872029103067829,0.7909604519774011,0.8884379915117372,0.253709812099758,180,1.2296554850229489,0.6100505048047442,139,28.991378028648448,0.8632482168459978,159.5,156.86520376175548,0.55544486313998,150,128.44117647058823,122.5,52.71316963643363,34,1.0,0.7202596862948154,0.08392209411155538,7,114.25
smoothed,bior4.4,62029.6952501,0.637123745819398,23.11826343039988,12.257527638279287,598,1,False,False,119.87657045233868,,9.016907126438921,51351.49405747505,1.0,8.39168198480474e-05,0.9898839100887497,424.00242805347443,,,,[],[],16,436.7063245030377,23.46507766147215,752.2784374768686,"[22, 54, 89, 140, 169, 226, 270, 306, 356, 395, 432, 463, 493, 522, 560, 590]","[662.5732037700275, 752.2784374768686, 228.11549296628334, 564.3922937346578, 23.46507766147215, 429.81648188673637, 677.3044888515406, 201.7865474464552, 599.8360134081544, 140.23076480489038, 403.44849923516324, 193.48048804548688, 595.7528297151698, 737.3423835351531, 552.5872168475673, 224.89097266297716]","[1, 48, 86, 99, 168, 149, 149, 299, 299, 383, 397, 448, 397, 397, 549, 584]","[48, 397, 99, 149, 202, 251, 397, 317, 397, 397, 448, 471, 498, 596, 596, 596]",110811646.47608756,713.8659385241053,-713.8659385241053,0.0,,,,SWT,txu.059172014718829,55135669.6360876,,0.0,-44.0,54.0,0.0,1.0,,195.06593852410538,290.3063245030377,3260.6988079513967,290.3063245030378,,0.0,290.3063245030377,,,18.46507766147215,0.0,-30.5,233.47843747686863,195.06593852410538,,122.10242805347445,0.21236376451123518,0.9921781620699968,0.19785479333726663,0.04038754405299959,0.13333333333333336,0.9914079027893433,0.21445458099134945,0.034910808540525834,0.21724689420663354,0.21724689420663354,0.217246894206634,,0.8630774778122741,0.7641469456502384,0.2633276754563333,,,,,0.4,,0.3417803782728418,0.2551724137931034,0.44520547945205474,0.3175354441389553,0.3175354441389553,0.8758620689655172,1.8543860667171737,0.6001334264691673,80,1.4670401500100907,0.5727245232672314,54,0,0.3686863212560468,0.6361626405459612,56,0,0.4115911050831816,0.5570331290812495,54,12.701705922171767,0.880172585639889,61.0,59.35230618253189,0.6523504437633407,53,bior,0.2997739261492087,0.49731107751799014,0.6409649284401568,1,40.0,0.5107487595799285,0.0,0.028747375039343548,0.810731673306816,0.7225053996663902,0.18499757852519977,0.004677682065014843,0.17021276595744678,0.9914079027893432,0.020005914450818174,,0.011383820901848862,0.06717962492159607,0.06717962492159607,0.06717962492159626,,0.0,0.7200708764834871,0.08664774093375616,0.09944466161563392,,,,,0.09523809523809523,,0.05307396753111818,0.3932584269662921,0.5449438202247191,0.10144997703879438,0.10144997703879438,0.8983050847457626,0.8956519025609984,0.25576987710631877,178,1.2528352178778324,0.6215503174771505,125,37.476659402887016,0.8232233047033631,151.5,146.86468646864685,0.5543003315969646,151,84.4,85.5,44.010657016619085,30,0.6571101442637968,0.6013507105539218,0.3596176858491657,3,114.0
smoothed,db24,64895.15306068156,0.6739130434782609,25.98343222438933,7.56972607343552,598,1,False,False,120.59683038764864,,9.01761575836921,51700.48117420387,1.0,9.234888543974384e-05,-0.06888532686668379,196.2214774127495,0.018394648829431436,23580.735034051257,50.0,"[0.0, 0.0016722408026755853, 0.0033444816053511705, 0.005016722408026756, 0.006688963210702341, 0.008361204013377926, 0.010033444816053512, 0.011705685618729096, 0.013377926421404682, 0.015050167224080268, 0.016722408026755852, 0.018394648829431436, 0.020066889632107024, 0.021739130434782608, 0.023411371237458192, 0.02508361204013378, 0.026755852842809364, 0.028428093645484948, 0.030100334448160536, 0.03177257525083612, 0.033444816053511704, 0.03511705685618729, 0.03678929765886287, 0.038461538461538464, 0.04013377926421405, 0.04180602006688963, 0.043478260869565216, 0.0451505016722408, 0.046822742474916385, 0.048494983277591976, 0.05016722408026756, 0.051839464882943144, 0.05351170568561873, 0.05518394648829431, 0.056856187290969896, 0.05852842809364548, 0.06020066889632107, 0.061872909698996656, 0.06354515050167224, 0.06521739130434782, 0.06688963210702341, 0.06856187290969899, 0.07023411371237458, 0.07190635451505016, 0.07357859531772575, 0.07525083612040134, 0.07692307692307693, 0.07859531772575251, 0.0802675585284281, 0.08193979933110368, 0.08361204013377926, 0.08528428093645485, 0.08695652173913043, 0.08862876254180602, 0.0903010033444816, 0.09197324414715718, 0.09364548494983277, 0.09531772575250835, 0.09698996655518395, 0.09866220735785954, 0.10033444816053512, 0.1020066889632107, 0.10367892976588629, 0.10535117056856187, 0.10702341137123746, 0.10869565217391304, 0.11036789297658862, 0.11204013377926421, 0.11371237458193979, 0.11538461538461538, 0.11705685618729096, 0.11872909698996656, 0.12040133779264214, 0.12207357859531773, 0.12374581939799331, 0.1254180602006689, 0.12709030100334448, 0.12876254180602006, 0.13043478260869565, 0.13210702341137123, 0.13377926421404682, 0.1354515050167224, 0.13712374581939799, 0.13879598662207357, 0.14046822742474915, 0.14214046822742474, 0.14381270903010032, 0.1454849498327759, 0.1471571906354515, 0.14882943143812707, 0.1505016722408027, 0.15217391304347827, 0.15384615384615385, 0.15551839464882944, 0.15719063545150502, 0.1588628762541806, 0.1605351170568562, 0.16220735785953178, 0.16387959866220736, 0.16555183946488294, 0.16722408026755853, 0.1688963210702341, 0.1705685618729097, 0.17224080267558528, 0.17391304347826086, 0.17558528428093645, 0.17725752508361203, 0.17892976588628762, 0.1806020066889632, 0.18227424749163879, 0.18394648829431437, 0.18561872909698995, 0.18729096989966554, 0.18896321070234112, 0.1906354515050167, 0.1923076923076923, 0.1939799331103679, 0.1956521739130435, 0.19732441471571907, 0.19899665551839466, 0.20066889632107024, 0.20234113712374582, 0.2040133779264214, 0.205685618729097, 0.20735785953177258, 0.20903010033444816, 0.21070234113712374, 0.21237458193979933, 0.2140468227424749, 0.2157190635451505, 0.21739130434782608, 0.21906354515050167, 0.22073578595317725, 0.22240802675585283, 0.22408026755852842, 0.225752508361204, 0.22742474916387959, 0.22909698996655517, 0.23076923076923075, 0.23244147157190634, 0.23411371237458192, 0.23578595317725753, 0.23745819397993312, 0.2391304347826087, 0.2408026755852843, 0.24247491638795987, 0.24414715719063546, 0.24581939799331104, 0.24749163879598662, 0.2491638795986622, 0.2508361204013378, 0.2525083612040134, 0.25418060200668896, 0.25585284280936454, 0.25752508361204013, 0.2591973244147157, 0.2608695652173913, 0.2625418060200669, 0.26421404682274247, 0.26588628762541805, 0.26755852842809363, 0.2692307692307692, 0.2709030100334448, 0.2725752508361204, 0.27424749163879597, 0.27591973244147155, 0.27759197324414714, 0.2792642140468227, 0.2809364548494983, 0.2826086956521739, 0.2842809364548495, 0.28595317725752506, 0.28762541806020064, 0.28929765886287623, 0.2909698996655518, 0.2926421404682274, 0.294314381270903, 0.29598662207357856, 0.29765886287625415, 0.29933110367892973, 0.3010033444816054, 0.30267558528428096, 0.30434782608695654, 0.3060200668896321, 0.3076923076923077, 0.3093645484949833, 0.3110367892976589, 0.31270903010033446, 0.31438127090301005, 0.31605351170568563, 0.3177257525083612, 0.3193979933110368, 0.3210702341137124, 0.32274247491638797, 0.32441471571906355, 0.32608695652173914, 0.3277591973244147, 0.3294314381270903, 0.3311036789297659, 0.33277591973244147, 0.33444816053511706, 0.33612040133779264, 0.3377926421404682, 0.3394648829431438, 0.3411371237458194, 0.342809364548495, 0.34448160535117056, 0.34615384615384615, 0.34782608695652173, 0.3494983277591973, 0.3511705685618729, 0.3528428093645485, 0.35451505016722407, 0.35618729096989965, 0.35785953177257523, 0.3595317725752508, 0.3612040133779264, 0.362876254180602, 0.36454849498327757, 0.36622073578595316, 0.36789297658862874, 0.3695652173913043, 0.3712374581939799, 0.3729096989966555, 0.3745819397993311, 0.37625418060200666, 0.37792642140468224, 0.37959866220735783, 0.3812709030100334, 0.382943143812709, 0.3846153846153846, 0.3862876254180602, 0.3879598662207358, 0.3896321070234114, 0.391304347826087, 0.39297658862876256, 0.39464882943143814, 0.3963210702341137, 0.3979933110367893, 0.3996655518394649, 0.4013377926421405, 0.40301003344481606, 0.40468227424749165, 0.40635451505016723, 0.4080267558528428, 0.4096989966555184, 0.411371237458194, 0.41304347826086957, 0.41471571906354515, 0.41638795986622074, 0.4180602006688963, 0.4197324414715719, 0.4214046822742475, 0.4230769230769231, 0.42474916387959866, 0.42642140468227424, 0.4280936454849498, 0.4297658862876254, 0.431438127090301, 0.4331103678929766, 0.43478260869565216, 0.43645484949832775, 0.43812709030100333, 0.4397993311036789, 0.4414715719063545, 0.4431438127090301, 0.44481605351170567, 0.44648829431438125, 0.44816053511705684, 0.4498327759197324, 0.451505016722408, 0.4531772575250836, 0.45484949832775917, 0.45652173913043476, 0.45819397993311034, 0.4598662207357859, 0.4615384615384615, 0.4632107023411371, 0.4648829431438127, 0.46655518394648826, 0.46822742474916385, 0.46989966555183943, 0.47157190635451507, 0.47324414715719065, 0.47491638795986624, 0.4765886287625418, 0.4782608695652174, 0.479933110367893, 0.4816053511705686, 0.48327759197324416, 0.48494983277591974, 0.4866220735785953, 0.4882943143812709, 0.4899665551839465, 0.4916387959866221, 0.49331103678929766, 0.49498327759197325, 0.49665551839464883, 0.4983277591973244]","[243359.28402672455, 5686.186529035677, 4435.287915620611, 4993.387664610167, 10023.55902078876, 6248.702915215087, 3930.4321405457304, 7253.747751422, 4442.674149024333, 6936.972572647847, 7372.288004403252, 3811.297023385808, 23580.735034051257, 8212.10162175921, 9743.50724243298, 9591.582384859672, 2069.477581973241, 5169.274339623657, 3763.6615192998265, 3963.7306551670877, 2006.3131789845409, 1344.5096695675297, 5900.044481185834, 2932.8569102373235, 21831.76057320697, 3049.700177207922, 3025.59539854428, 2197.0496823206336, 7829.876342066888, 2500.0888268880744, 4425.0482240596975, 1569.7975965201326, 2140.4846160805946, 829.57043711884, 3622.6457988127418, 5425.872277989859, 22416.96371565953, 4847.5406125406325, 8245.26794847122, 1959.6056464308342, 4116.406109416079, 6541.741788665093, 781.8007514061281, 6476.178130540692, 3880.307879638134, 1514.886895816803, 2229.15131357717, 3403.3865545477975, 16313.538692681546, 2621.4101517406616, 5734.693553763503, 2410.42535330383, 626.4602551802855, 6352.504890789461, 3958.6134168269923, 2918.8787894529946, 2422.797971754621, 1980.945230159759, 4908.9083374408, 3444.315302897888, 8406.752271880376, 5204.695002222158, 3485.0319790049625, 3823.4474372621316, 1775.095905648456, 4682.528606832872, 2930.1816133684306, 2862.842748282606, 4027.3327775952557, 3752.3465753375763, 2341.876626431732, 2712.94994555119, 6525.540949950175, 2128.449593747507, 395.4803129733166, 1758.586195300315, 2368.4168529192816, 1735.007788248426, 994.1191983581857, 2453.044356988473, 2554.5434099993613, 1043.4342524220071, 1149.123153197883, 3464.5008756117404, 1937.3228591571863, 2734.6297872073883, 1586.4430330793484, 2010.937360882465, 2222.450063343851, 2201.2324620380036, 1620.962696909899, 3158.889831801475, 2242.9971670681257, 2000.763021146672, 515.4147693558173, 1095.949216494348, 1754.6576784107333, 432.41907353027193, 1451.2882699125817, 138.03258620385233, 385.02347840587873, 137.46093141885743, 1934.8783505057677, 567.7939040134269, 795.0418450058063, 1606.5564289813965, 736.591803334973, 483.21456183191196, 512.9110652917373, 844.8021549319551, 135.10564940347095, 857.0459458788921, 496.92125494634683, 638.9220439990202, 701.8910741968527, 535.4716864950341, 634.4490454140313, 294.93860677706886, 772.7465493896464, 362.7295052280332, 741.5810212176837, 623.4998517815682, 185.4882772803019, 987.4784038080913, 594.3634170954564, 565.6195943250212, 524.2871519919509, 143.72446387300428, 315.95178108483555, 320.0097175200069, 908.0901106225282, 701.8038074099454, 512.1370467471713, 757.0439894813619, 158.45833514714425, 942.0347402635276, 1090.5876966139028, 1165.8994991580773, 751.3088902636093, 1200.862796220379, 992.8556962188516, 1385.236902416584, 1272.022588592473, 345.98717653922756, 3213.676170579623, 628.798613485408, 1247.0422772637482, 643.3968419660116, 1092.3270023981293, 1291.877959347091, 1036.8817757436648, 646.4794047549835, 516.2120894548061, 835.0884434755277, 998.657923899254, 455.44429224739275, 169.08361133926087, 102.7222535625834, 370.13758335351264, 1131.3268920769503, 441.83278364044696, 549.2499844104196, 206.4518286728532, 1360.602630402688, 673.3170504599123, 3282.9990024269828, 1546.3383922868884, 2201.397312522359, 828.718759726495, 2504.781851596153, 524.7566917863627, 704.9181358676786, 1166.069211770597, 389.16591400750013, 413.97953665270825, 945.3613350148773, 1323.966625217522, 964.769334190223, 1622.312924855549, 703.9107105394739, 1395.393600037664, 1015.8633181659887, 1377.244251587053, 1203.8039912379184, 1099.7028273445678, 591.1625792677889, 970.7122815482296, 931.5564929171857, 938.3860635233395, 632.7762573602575, 747.0387291148827, 1248.0266552639355, 1215.0629058967288, 775.6147449812271, 583.8688432338181, 631.309265249024, 568.0830222962577, 833.7688256015875, 1457.5647005139474, 708.1648839160172, 1263.3625174960655, 513.8855054023871, 1166.8921135280289, 1274.3437502112447, 882.3625383825895, 1258.0684221542497, 1252.0320769734835, 1305.6950940814388, 558.614201875281, 533.3783319963587, 387.00342307976655, 326.3564644125842, 376.03855285797596, 926.2976979212851, 1457.2927793532756, 602.9728202728344, 76.29321024530977, 274.88928115563925, 1003.9595733787082, 853.7965053731726, 911.841662126411, 385.98033764908797, 933.1031039965703, 198.31074719830676, 86.69426712408475, 1117.6592318680089, 29.706899162820946, 320.9923432358661, 426.0330811264339, 206.40085892711454, 356.13230839941764, 157.07272742954646, 362.5679000318938, 216.98468078224508, 352.8905064390343, 451.2846379896934, 142.92662567815705, 425.45405719681764, 116.99103229942465, 282.31315912797623, 209.58493758695573, 379.9174922644892, 180.57577906242798, 210.72313869031146, 377.5371724980843, 104.78477446572046, 525.5119358424857, 416.3083900854121, 316.42850614993966, 204.85169540468382, 380.80822108069844, 189.13971026126154, 117.9192424710178, 572.7294364374189, 668.7229545167753, 874.7590765986148, 317.30957504211256, 598.2143570799532, 709.2361107597573, 742.2242970966752, 342.5662762763721, 204.69428797933583, 1012.1532458014608, 426.32469068872183, 670.9333488106931, 441.734578579444, 718.16989527828, 565.2085093812647, 1264.2081784883596, 658.619716439888, 594.2943119823202, 520.8288266659641, 209.41556142089522, 1553.6338603873237, 1680.7173827312902, 694.7758293361386, 1351.336308145088, 1660.4629897649586, 2084.017779411343, 1873.4651625631718, 1073.195748767671, 641.7292093848806, 3005.160412009103, 699.8827587120832, 1245.3000042258268, 1786.8594683725594, 672.8678260430718, 1827.6471014385716, 1423.8684552084255, 1621.0668988940397, 426.0646100487195, 1296.1052211872338, 1188.5768613126022, 695.8742098013404, 616.2332323789485, 924.7421530837626, 1481.460009736552, 943.540008288533, 1597.8294946500755]",15,453.45518015419117,46.00601466097953,769.7064408072631,"[27, 73, 107, 158, 190, 243, 276, 310, 345, 378, 410, 461, 505, 545, 577]","[769.7064408072631, 728.3551819668726, 228.66804385930072, 559.2553194142887, 46.00601466097953, 391.23639610475743, 304.3482051074894, 527.5531658863605, 413.8693588099037, 677.461851671861, 161.27205599470432, 469.57150939766876, 598.1786167245001, 631.3405765859223, 295.0049653209949]","[17, 67, 103, 118, 188, 220, 220, 220, 317, 167, 400, 416, 167, 67, 566]","[67, 167, 118, 167, 220, 268, 280, 317, 368, 416, 416, 466, 517, 566, 596]",111349165.92672585,687.1040325458576,-687.1040325458576,824853.264367949,0.0977293465937009,0.13131771879699322,0.4983277591973244,SWT,txu.059172014718829,55673189.08672589,,0.0,-53.5,55.0,0.0,-53.5,,168.3040325458577,307.05518015419113,3446.1722976871324,307.0551801541911,,824853.264367949,307.05518015419113,,,41.00601466097953,0.0,-49.0,250.90644080726315,168.3040325458577,,105.67852258725048,0.4366030586622051,0.05663812989258654,0.201486203977979,0.045928008798943466,0.6222222222222222,0.09214264443524256,0.32527654929977357,0.12575313606176886,0.32296322579896414,0.32296322579896414,0.3229632257989635,,0.4971774852548492,0.8580601967149128,0.32876486827440693,,,,,0.6000000000000001,,0.4565958571973705,0.12413793103448276,0.1917808219178082,0.13320676648508878,0.13320676648508878,0.12413793103448276,2.344189647985429,0.7586481536876282,22,0.9226451104744504,0.36019565043103086,72,0,0.36898025498279907,0.6366698187214878,55,0,0.3134194530648192,0.42417101948873953,71,23.338094752285727,0.7798292947897573,55.0,43.663470124626315,0.6304806851307276,57,db,0.9102447150279618,0.7868127372464527,0.12678487830649093,4,43.75,0.727058807229601,0.9929923868848333,0.05910232331572225,0.8944118715019698,0.17695382376516142,0.18623253585454907,0.0053193782409431956,0.6382978723404255,0.09214264443524245,0.030344209893147955,,0.04100595885973843,0.09987046513082287,0.09987046513082287,0.09987046513082273,,0.9929923868848333,0.4147982501904465,0.09729670196778128,0.12415676027975409,,,,,0.1428571428571429,,0.07090329123689754,0.28651685393258425,0.33707865168539325,0.042558472292657135,0.042558472292657135,0.2824858757062147,1.2445811120069625,0.35541303173325944,107,0.792316400419677,0.39308003414637804,175,48.08326112068523,0.7731921645250697,141.0,132.80141843971631,0.554048912451214,152,118.36842105263158,113.5,63.686700255812326,76,0.9215768985091536,0.8701992891677452,0.0938363842932689,6,115.5
smoothed,sym3,67857.05699135961,0.6404682274247492,23.87898409595784,11.382016025925415,598,1,False,False,120.47790748722109,,9.014727393795404,51700.48117441997,1.0,8.495166099385775e-05,0.8653144170838037,425.02279236551993,,,,[],[],16,490.8913632550246,207.93250736688447,765.4621528123279,"[11, 56, 90, 141, 171, 226, 271, 308, 358, 395, 433, 464, 495, 529, 562, 592]","[691.7890797346288, 765.4621528123279, 226.2788279026259, 560.0957289204894, 541.0355837003038, 569.6118325156506, 425.2593914406441, 396.04559498987425, 701.5634437885334, 212.00071162804153, 435.69963836211315, 207.93250736688447, 569.0945177799656, 719.5759616737009, 581.3295305711772, 251.4873088934323]","[2, 49, 86, 100, 150, 150, 252, 301, 150, 394, 398, 449, 398, 150, 550, 585]","[49, 150, 100, 150, 202, 301, 301, 351, 398, 398, 449, 473, 500, 597, 597, 597]",110854771.2744561,701.9280586480202,-701.9280586480202,0.0,,,,SWT,txu.059172014718829,55178794.43445614,,0.0,-62.0,54.0,0.0,-57.5,,183.12805864802021,344.49136325502457,2393.7381879196064,344.49136325502457,,0.0,344.49136325502457,,,202.93250736688447,0.0,-62.0,246.66215281232792,183.12805864802021,,123.12279236551996,0.3995786651857253,0.8174531549075966,0.18668467246457363,0.0516549555535578,0.1777777777777778,0.88560485015036,0.3252765493683955,0.7783337934265206,0.5592549479720165,0.5592549479720165,0.5592549479720161,,0.8858096650469799,0.32516728074913637,0.3128287746993247,,,,,0.4,,0.3509919414494456,0.006896551724137931,0.0136986301369863,0.23531059762249032,0.23531059762249032,0.06896551724137931,1.9442052828585985,0.6292015449765251,71,1.4461677228171188,0.5645760408187841,56,0,0.3527385462423294,0.6086449972848933,68,0,0.4226658054214833,0.5720212444872776,48,10.688779163215974,0.8991624607243776,60.75,59.27606241093287,0.663024626588604,47,sym,0.3775829929004878,0.6346964899812167,0.5452829579752935,2,35.75,0.5372958179638804,0.0,0.05409038482742953,0.8210014833836239,0.6206161167621128,0.18119888319540256,0.005982672747937734,0.21276595744680843,0.88560485015036,0.0303442098995495,,0.25380141213110613,0.17293935444974295,0.17293935444974295,0.17293935444974293,,0.0,0.7390364808553829,0.03687119403259548,0.1181385571786071,,,,,0.09523809523809523,,0.05450440133020429,0.19101123595505615,0.19101123595505617,0.0751798111562626,0.0751798111562626,0.23728813559322035,0.8598881962098938,0.24555689285190802,183,1.179974015490941,0.5854027836042998,152,21.920310216782973,0.8966023102981935,167.5,166.06567164179106,0.553253985337776,153,99.42105263157895,110.0,57.971862503332275,38,0.7740590312511298,0.7921131623949381,0.22052472940572765,5,116.0
smoothed,db25,64868.35498527526,0.6755852842809364,26.687198778135603,7.506671510817653,598,1,False,False,120.78137473338288,,9.017653771615862,51700.48117420387,1.0,9.199961456328936e-05,-0.09233556435012528,208.65468999015025,0.018394648829431436,23580.73503405126,51.0,"[0.0, 0.0016722408026755853, 0.0033444816053511705, 0.005016722408026756, 0.006688963210702341, 0.008361204013377926, 0.010033444816053512, 0.011705685618729096, 0.013377926421404682, 0.015050167224080268, 0.016722408026755852, 0.018394648829431436, 0.020066889632107024, 0.021739130434782608, 0.023411371237458192, 0.02508361204013378, 0.026755852842809364, 0.028428093645484948, 0.030100334448160536, 0.03177257525083612, 0.033444816053511704, 0.03511705685618729, 0.03678929765886287, 0.038461538461538464, 0.04013377926421405, 0.04180602006688963, 0.043478260869565216, 0.0451505016722408, 0.046822742474916385, 0.048494983277591976, 0.05016722408026756, 0.051839464882943144, 0.05351170568561873, 0.05518394648829431, 0.056856187290969896, 0.05852842809364548, 0.06020066889632107, 0.061872909698996656, 0.06354515050167224, 0.06521739130434782, 0.06688963210702341, 0.06856187290969899, 0.07023411371237458, 0.07190635451505016, 0.07357859531772575, 0.07525083612040134, 0.07692307692307693, 0.07859531772575251, 0.0802675585284281, 0.08193979933110368, 0.08361204013377926, 0.08528428093645485, 0.08695652173913043, 0.08862876254180602, 0.0903010033444816, 0.09197324414715718, 0.09364548494983277, 0.09531772575250835, 0.09698996655518395, 0.09866220735785954, 0.10033444816053512, 0.1020066889632107, 0.10367892976588629, 0.10535117056856187, 0.10702341137123746, 0.10869565217391304, 0.11036789297658862, 0.11204013377926421, 0.11371237458193979, 0.11538461538461538, 0.11705685618729096, 0.11872909698996656, 0.12040133779264214, 0.12207357859531773, 0.12374581939799331, 0.1254180602006689, 0.12709030100334448, 0.12876254180602006, 0.13043478260869565, 0.13210702341137123, 0.13377926421404682, 0.1354515050167224, 0.13712374581939799, 0.13879598662207357, 0.14046822742474915, 0.14214046822742474, 0.14381270903010032, 0.1454849498327759, 0.1471571906354515, 0.14882943143812707, 0.1505016722408027, 0.15217391304347827, 0.15384615384615385, 0.15551839464882944, 0.15719063545150502, 0.1588628762541806, 0.1605351170568562, 0.16220735785953178, 0.16387959866220736, 0.16555183946488294, 0.16722408026755853, 0.1688963210702341, 0.1705685618729097, 0.17224080267558528, 0.17391304347826086, 0.17558528428093645, 0.17725752508361203, 0.17892976588628762, 0.1806020066889632, 0.18227424749163879, 0.18394648829431437, 0.18561872909698995, 0.18729096989966554, 0.18896321070234112, 0.1906354515050167, 0.1923076923076923, 0.1939799331103679, 0.1956521739130435, 0.19732441471571907, 0.19899665551839466, 0.20066889632107024, 0.20234113712374582, 0.2040133779264214, 0.205685618729097, 0.20735785953177258, 0.20903010033444816, 0.21070234113712374, 0.21237458193979933, 0.2140468227424749, 0.2157190635451505, 0.21739130434782608, 0.21906354515050167, 0.22073578595317725, 0.22240802675585283, 0.22408026755852842, 0.225752508361204, 0.22742474916387959, 0.22909698996655517, 0.23076923076923075, 0.23244147157190634, 0.23411371237458192, 0.23578595317725753, 0.23745819397993312, 0.2391304347826087, 0.2408026755852843, 0.24247491638795987, 0.24414715719063546, 0.24581939799331104, 0.24749163879598662, 0.2491638795986622, 0.2508361204013378, 0.2525083612040134, 0.25418060200668896, 0.25585284280936454, 0.25752508361204013, 0.2591973244147157, 0.2608695652173913, 0.2625418060200669, 0.26421404682274247, 0.26588628762541805, 0.26755852842809363, 0.2692307692307692, 0.2709030100334448, 0.2725752508361204, 0.27424749163879597, 0.27591973244147155, 0.27759197324414714, 0.2792642140468227, 0.2809364548494983, 0.2826086956521739, 0.2842809364548495, 0.28595317725752506, 0.28762541806020064, 0.28929765886287623, 0.2909698996655518, 0.2926421404682274, 0.294314381270903, 0.29598662207357856, 0.29765886287625415, 0.29933110367892973, 0.3010033444816054, 0.30267558528428096, 0.30434782608695654, 0.3060200668896321, 0.3076923076923077, 0.3093645484949833, 0.3110367892976589, 0.31270903010033446, 0.31438127090301005, 0.31605351170568563, 0.3177257525083612, 0.3193979933110368, 0.3210702341137124, 0.32274247491638797, 0.32441471571906355, 0.32608695652173914, 0.3277591973244147, 0.3294314381270903, 0.3311036789297659, 0.33277591973244147, 0.33444816053511706, 0.33612040133779264, 0.3377926421404682, 0.3394648829431438, 0.3411371237458194, 0.342809364548495, 0.34448160535117056, 0.34615384615384615, 0.34782608695652173, 0.3494983277591973, 0.3511705685618729, 0.3528428093645485, 0.35451505016722407, 0.35618729096989965, 0.35785953177257523, 0.3595317725752508, 0.3612040133779264, 0.362876254180602, 0.36454849498327757, 0.36622073578595316, 0.36789297658862874, 0.3695652173913043, 0.3712374581939799, 0.3729096989966555, 0.3745819397993311, 0.37625418060200666, 0.37792642140468224, 0.37959866220735783, 0.3812709030100334, 0.382943143812709, 0.3846153846153846, 0.3862876254180602, 0.3879598662207358, 0.3896321070234114, 0.391304347826087, 0.39297658862876256, 0.39464882943143814, 0.3963210702341137, 0.3979933110367893, 0.3996655518394649, 0.4013377926421405, 0.40301003344481606, 0.40468227424749165, 0.40635451505016723, 0.4080267558528428, 0.4096989966555184, 0.411371237458194, 0.41304347826086957, 0.41471571906354515, 0.41638795986622074, 0.4180602006688963, 0.4197324414715719, 0.4214046822742475, 0.4230769230769231, 0.42474916387959866, 0.42642140468227424, 0.4280936454849498, 0.4297658862876254, 0.431438127090301, 0.4331103678929766, 0.43478260869565216, 0.43645484949832775, 0.43812709030100333, 0.4397993311036789, 0.4414715719063545, 0.4431438127090301, 0.44481605351170567, 0.44648829431438125, 0.44816053511705684, 0.4498327759197324, 0.451505016722408, 0.4531772575250836, 0.45484949832775917, 0.45652173913043476, 0.45819397993311034, 0.4598662207357859, 0.4615384615384615, 0.4632107023411371, 0.4648829431438127, 0.46655518394648826, 0.46822742474916385, 0.46989966555183943, 0.47157190635451507, 0.47324414715719065, 0.47491638795986624, 0.4765886287625418, 0.4782608695652174, 0.479933110367893, 0.4816053511705686, 0.48327759197324416, 0.48494983277591974, 0.4866220735785953, 0.4882943143812709, 0.4899665551839465, 0.4916387959866221, 0.49331103678929766, 0.49498327759197325, 0.49665551839464883, 0.4983277591973244]","[243359.28402672458, 5686.18652903568, 4435.287915620613, 4993.387664610167, 10023.55902078876, 6248.702915215089, 3930.4321405457285, 7253.747751422003, 4442.674149024333, 6936.972572647847, 7372.288004403253, 3811.297023385808, 23580.73503405126, 8212.101621759211, 9743.50724243298, 9591.582384859674, 2069.477581973242, 5169.274339623658, 3763.6615192998265, 3963.7306551670868, 2006.3131789845404, 1344.5096695675286, 5900.044481185834, 2932.8569102373267, 21831.76057320699, 3049.700177207928, 3025.595398544294, 2197.0496823206627, 7829.876342067136, 2500.0888268882372, 4425.048224060216, 1569.7975965204118, 2140.4846160810275, 829.5704371188672, 3622.64579881019, 5425.872277974579, 22416.963715483358, 4847.540612450562, 8245.267948146547, 1959.605646280839, 4116.406108848946, 6541.741787161068, 781.8007511298464, 6476.178127360888, 3880.3078773560865, 1514.8868950271449, 2229.15131345868, 3403.3865587170985, 16313.538757225868, 2621.4101755131715, 5734.693655702217, 2410.425429182658, 626.4602874333824, 6352.505389019419, 3958.613857484164, 2918.8792156566715, 2422.7983914551146, 1980.9455786370627, 4908.908958227102, 3444.315248253246, 8406.749696974604, 5204.690769012956, 3485.0263565874297, 3823.436815351559, 1775.0881761473343, 4682.498956410246, 2930.156409985758, 2862.8115471276005, 4027.2814368799854, 3752.296283159107, 2341.848984442882, 2712.9321274592794, 6525.566791838835, 2128.4955282872206, 395.4992971335119, 1758.7347468054718, 2368.727763991174, 1735.3324130677404, 994.3660916528993, 2453.800883242184, 2555.455379209186, 1043.8306726746043, 1149.5357790936894, 3465.447733221255, 1937.5164698560977, 2734.1306061194914, 1585.5056350454286, 2008.6600369444755, 2218.44950651712, 2195.5833630578377, 1615.4857328907385, 3145.760481213142, 2232.259299384374, 1990.4955591906964, 512.8236185259588, 1091.2368393594395, 1749.7799411140352, 432.2786983330652, 1455.8677480038273, 139.09073354295415, 390.06589864611186, 140.09894798091855, 1984.269529950532, 585.6830051180835, 823.9604502378537, 1669.6279252087795, 765.5067077606441, 500.3808408913041, 526.9774941061272, 857.1531433081711, 134.72462963431587, 836.1527948078484, 472.5270500277524, 590.6244268553731, 630.1726544198968, 467.53487788636005, 540.8794021501527, 247.26117630000425, 643.7483557343145, 304.3751465756024, 636.9196273960654, 557.6605652759454, 175.75209768256596, 1006.7741678324779, 660.4812800874241, 691.3409281187523, 707.8274524728324, 213.83040997993132, 512.2483511240048, 552.8352074403208, 1615.3133402551325, 1231.9815199926509, 849.7532893928716, 1144.3888917438255, 212.2758418489435, 1096.1806693828612, 1085.0684609674508, 977.0939322924934, 521.2530482909634, 674.2349878166677, 437.2695757271238, 459.5221702018018, 307.7718176747505, 66.51562126927723, 683.243991319528, 184.25245730749006, 506.57047884891426, 348.75325214723784, 765.9896062646075, 1150.3897029625614, 1163.729614673763, 916.9425081747231, 937.4401256728726, 1988.8422860771964, 3218.3709366531075, 1997.3381328995433, 871.429531390914, 454.12198478576454, 1210.6317130206453, 2757.007477879713, 830.755282876462, 821.0195513261472, 250.90650884558693, 1368.2601616627396, 569.46803381949, 2380.2568811556052, 986.8154341140319, 1283.2766199894959, 462.36559039068385, 1404.4038007938727, 308.0823803834878, 445.56342806210483, 805.4109702497391, 295.26169333188, 344.5791528384877, 858.5300416381434, 1300.6751585451148, 1014.1094334432912, 1801.0825357530048, 813.5381669815082, 1653.5964767835633, 1216.1237522927818, 1643.2445655616339, 1415.6228909775082, 1264.1459792671703, 660.9317350818365, 1053.34369986105, 981.638191674229, 962.745338349688, 634.6270468438556, 735.9718166814622, 1214.0038963524712, 1172.7785532890941, 746.0870191072088, 561.764998841471, 609.2079658004761, 550.8362126793643, 813.1887539543384, 1430.3820673045384, 699.1002308695993, 1253.8404942490342, 512.2822616119918, 1167.2685009269896, 1277.8780501490319, 886.1595853098182, 1264.412076580221, 1258.4850650903734, 1311.9767385050504, 560.9475567112723, 535.1888514503106, 388.00056742873244, 326.94582840160257, 376.465449808877, 926.8459708511992, 1457.5590828378297, 602.9125266220168, 76.27235538113045, 274.7905832433185, 1003.5782486941819, 853.4918049679086, 911.560549400602, 385.8845107553597, 932.928569595817, 198.28472044146804, 86.6869452062969, 1117.6055879853125, 29.706258105083325, 320.99107213051064, 426.03587916079624, 206.403295136349, 356.1370816168738, 157.07472982489662, 362.57185158600583, 216.9865471557841, 352.8927410138482, 451.2866030855535, 142.92702274468488, 425.4547435865888, 116.99112745366972, 282.31324559786145, 209.5849409120583, 379.91744421966246, 180.5757472965041, 210.72310218681707, 377.5371173715385, 104.78476280149913, 525.5118946263427, 416.30836865191543, 316.4284961889481, 204.8516917632805, 380.8082176273038, 189.13970951293274, 117.91924232656247, 572.729436467871, 668.7229548653577, 874.759077113068, 317.30957519791133, 598.2143572913583, 709.2361109228187, 742.2242971989359, 342.5662763025924, 204.69428798739432, 1012.1532458202676, 426.324690692075, 670.9333488125844, 441.7345785797554, 718.1698952782591, 565.2085093811489, 1264.2081784881325, 658.6197164398135, 594.2943119822814, 520.8288266659508, 209.41556142089286, 1553.6338603873141, 1680.7173827312888, 694.7758293361401, 1351.3363081450914, 1660.462989764955, 2084.017779411342, 1873.465162563172, 1073.1957487676698, 641.7292093848802, 3005.160412009103, 699.8827587120821, 1245.3000042258293, 1786.859468372559, 672.8678260430733, 1827.647101438574, 1423.8684552084253, 1621.066898894036, 426.06461004871926, 1296.1052211872332, 1188.5768613126017, 695.874209801341, 616.2332323789493, 924.7421530837636, 1481.4600097365546, 943.540008288538, 1597.8294946500748]",15,473.5205462552239,206.7118096860596,774.0052984963124,"[28, 74, 109, 159, 189, 244, 276, 310, 346, 377, 412, 460, 504, 540, 583]","[774.0052984963124, 734.034644776988, 268.24880683704066, 587.6837922295031, 537.0982118505771, 469.7405997334768, 318.90180388168505, 570.9046220637446, 380.40553406893804, 699.9859960845959, 206.7118096860596, 444.8128625988074, 233.7070383857926, 650.2654937379938, 226.30167939684287]","[18, 68, 104, 118, 169, 169, 269, 169, 318, 68, 401, 417, 417, 68, 567]","[68, 169, 118, 169, 220, 269, 281, 318, 368, 417, 417, 467, 509, 567, 588]",111352489.23593496,699.397594017847,-699.397594017847,825564.0206558342,0.09790557224555263,0.13139315646314434,0.4983277591973244,SWT,txu.059172014718829,55676512.395935,,0.0,-58.0,55.0,0.0,-49.0,,180.5975940178471,327.12054625522387,3145.1918061716415,327.12054625522387,,825564.0206558342,327.12054625522387,,,201.7118096860596,0.0,-62.5,255.20529849631248,180.5975940178471,,93.24531000984973,0.49405744672169083,0.04405439171073844,0.20168100427200883,0.0458761937655832,0.6444444444444445,0.0722251939342703,0.32527654929977357,0.7734142544327187,0.4496128871513325,0.4496128871513325,0.4496128871513322,,0.22018414777543238,0.705660754047731,0.34490585552136144,,,,,0.6000000000000001,,0.4573057242319587,0.06206896551724138,0.00684931506849315,0.21788145040447016,0.21788145040447016,0.18620689655172412,2.46829871785975,0.7988134691504614,11,0.930636603367812,0.36331548594303953,69,0,0.4090030333356163,0.7057285141245963,42,0,0.31821426144967635,0.43066014688963955,68,27.35568192045911,0.7419275290522725,47.5,27.79374939898067,0.6469071607525514,54,db,0.9102447150279618,0.7868127372464527,0.12678487830649093,4,41.5,0.7180988674489012,0.9938480246246456,0.06687984056308974,0.8909456916142935,0.16961573243853195,0.18629878285183837,0.005313377027996724,0.6595744680851063,0.07222519393427013,0.030344209893147955,,0.25219723413677253,0.13903455434448342,0.13903455434448342,0.1390345543444834,,0.9938480246246456,0.1837009959735163,0.0800159060399272,0.13025234067074049,,,,,0.1428571428571429,,0.07101352418864137,0.23595505617977525,0.1853932584269663,0.06961134118633969,0.06961134118633969,0.33333333333333337,1.223379359107001,0.34935848116717905,111,0.7897807278212616,0.39182204898913375,176,45.96194077712559,0.7831983925607283,143.5,136.13937282229966,0.553155800053949,154,118.36842105263158,113.5,63.686700255812326,76,0.9215768985091536,0.8701992891677452,0.0938363842932689,6,117.0
smoothed,coif5,65332.48728434867,0.6638795986622074,24.83273360466522,8.638004255851637,598,1,False,False,120.20974781603778,,9.013749145753533,51700.481174203866,1.0,8.861995936010274e-05,0.28651102350268687,428.1534544106128,,,,[],[],16,454.4192790091755,24.44375910526344,799.817195232924,"[12, 58, 94, 143, 173, 229, 274, 311, 360, 391, 435, 467, 497, 532, 564, 594]","[332.70803336802163, 799.817195232924, 267.4156322692158, 601.6951287332156, 512.1867890171493, 593.2645553417477, 437.33968168817813, 427.5206775254876, 687.1483675479445, 261.5959632767884, 424.8521561819325, 24.44375910526344, 637.3052909554522, 690.1945469850803, 432.59663617816193, 140.62405074024582]","[2, 53, 89, 102, 153, 153, 254, 303, 153, 390, 403, 451, 403, 403, 552, 589]","[41, 403, 102, 403, 205, 303, 303, 353, 403, 403, 451, 469, 502, 552, 589, 595]",111408351.81232864,728.8021625019661,-728.8021625019661,0.0,,,,SWT,txu.059172014718829,55732374.97232868,,0.0,-53.0,54.0,0.0,-62.0,,210.00216250196615,308.01927900917553,2977.291535853192,308.01927900917553,,0.0,308.01927900917553,,,19.44375910526344,0.0,-62.0,281.017195232924,210.00216250196615,,126.25345441061285,0.3160922286396953,0.2698333753242919,0.18167160404828095,0.046773610098489585,0.48888888888888893,0.39399840268529956,0.32527654929977123,0.038854996852564216,0.32904847701636886,0.32904847701636886,0.3290484770163686,,0.9555561222069446,0.6206455841562833,0.44182218217870883,,,,,0.4,,0.46923810817635725,0.13103448275862067,0.0136986301369863,0.42041206351049243,0.42041206351049243,0.006896551724137917,1.8954485737682336,0.6134224516070624,76,1.0436357361315214,0.4074297349233833,64,0,0.32704774775071305,0.5643159151793206,79,0,0.3317417902572848,0.4489678352905247,65,7.615773105863909,0.9281530839069443,71.0,70.3906388711182,0.6291708815761137,58,coif,1.0,0.7343071281019431,0.07970786156941707,5,44.75,0.6313996630735611,0.0,0.042788946902693054,0.8574058413654482,0.30127667272889236,0.17949405656031409,0.00541731571463186,0.5106382978723404,0.39399840268529945,0.03034420989314779,,0.012669953627628877,0.10175221766786996,0.10175221766786996,0.10175221766786993,,0.0,0.7972263813334922,0.07037591145756955,0.1668524104992092,,,,,0.09523809523809523,,0.07286646542896114,0.29213483146067415,0.19101123595505617,0.13431821542198416,0.13431821542198416,0.1864406779661017,0.8264638329478127,0.23601195105090825,186,0.9172724904355657,0.4550726220875421,169,12.020815280171307,0.9432980411312675,177.5,177.09295774647885,0.5530169450939356,155,128.44117647058823,122.5,52.71316963643363,34,1.0,0.7202596862948154,0.08392209411155538,7,118.0
smoothed,bior6.8,60326.24230883404,0.6688963210702341,24.44153689121922,12.178558214305921,598,1,False,False,120.39594355224935,,9.009276530241529,51790.39906003479,1.0,8.915342755050126e-05,0.9901273230275365,426.2777295124426,,,,[],[],16,448.8975585970421,22.48904090567521,784.8941976121761,"[7, 54, 89, 140, 169, 226, 270, 306, 356, 395, 432, 463, 493, 529, 560, 590]","[668.6035287303652, 784.8941976121761, 244.42794109560305, 576.5988981985822, 22.48904090567521, 439.9939734810994, 696.5009256589847, 213.67854518005203, 618.0633363439377, 132.45248485522677, 411.7955262259526, 202.3712511040975, 625.9646032912382, 751.1859082643729, 559.8884586345611, 233.45231797074877]","[1, 48, 85, 99, 168, 149, 149, 299, 299, 383, 397, 447, 397, 397, 549, 584]","[48, 397, 99, 149, 202, 251, 397, 317, 397, 397, 447, 471, 498, 596, 596, 596]",111425016.23457658,733.4261494156599,-733.4261494156599,0.0,,,,SWT,txu.059172014718829,55749039.394576624,,0.0,-48.5,54.0,0.0,-8.0,,214.62614941565994,302.49755859704214,3065.639062447326,302.49755859704203,,0.0,302.49755859704214,,,17.48904090567521,0.0,-30.5,266.0941976121761,214.62614941565994,,124.37772951244261,0.3740607458584627,0.9764183103733868,0.15875151977338248,0.03709385711313046,0.5555555555555556,0.9916146454785381,0.3538302597843285,0.03097727859699176,0.2941961839279731,0.2941961839279731,0.2941961839279721,,0.9137677833924216,0.6653797586078428,0.3857905729220432,,,,,0.4,,0.47279766982408267,0.19310344827586207,0.44520547945205474,0.4522608187517201,0.4522608187517201,0.7517241379310344,2.0480176893471547,0.6627982680829921,61,1.749917542586824,0.6831583241454643,16,0,0.40305708788597944,0.6954688756739571,46,0,0.5115512200065263,0.6923156823517314,20,21.453437952924933,0.7976090759158025,35.75,26.554681492872774,0.7301724624862032,38,bior,0.2997739261492087,0.49731107751799014,0.6409649284401568,1,28.75,0.645084866115426,0.0,0.05063606106926447,0.8627000036816568,0.7133151869193799,0.1716994750973273,0.004296207511717359,0.5744680851063829,0.9916146454785382,0.033007911860094885,,0.010101163688760517,0.09097478406686765,0.09097478406686765,0.09097478406686743,,0.0,0.7623621118669363,0.0754483849927034,0.1456922934980149,,,,,0.09523809523809523,,0.07341921822381461,0.3426966292134831,0.5449438202247191,0.14449363220639455,0.14449363220639455,0.7966101694915254,0.9573474288774649,0.2733881695912137,167,1.429624029859433,0.7092578951741618,58,77.07463914933368,0.6364403813710675,112.5,86.09777777777778,0.5528900020062885,156,84.4,85.5,44.010657016619085,30,0.6571101442637968,0.6013507105539218,0.3596176858491657,3,117.75
smoothed,sym6,64977.99266724153,0.6789297658862876,25.296801976834693,11.122480003944746,598,1,False,False,120.62935356621065,,9.013543069641502,51700.48117436923,1.0,8.818066667027153e-05,0.8331579968004379,426.069142466445,,,,[],[],15,520.0326474898959,193.52496849001284,771.0477030652851,"[8, 53, 88, 138, 168, 223, 269, 305, 355, 393, 430, 492, 527, 559, 591]","[643.1783740964587, 771.0477030652851, 251.2091534851, 561.415618746994, 544.9790771060352, 436.7522436954538, 577.1259825322888, 409.19961517814284, 712.6902807570086, 193.52496849001284, 397.70892726373256, 657.7862199646547, 759.5418307156948, 625.1575136049354, 259.1722036466422]","[0, 49, 84, 98, 150, 200, 150, 298, 150, 382, 398, 150, 150, 547, 583]","[49, 150, 98, 150, 200, 250, 298, 348, 398, 398, 446, 497, 597, 597, 597]",111281541.12519798,709.8884527787786,-709.8884527787786,0.0,,,,SWT,txu.059172014718829,55605564.28519802,,0.0,-62.5,55.0,0.0,-62.5,,191.08845277877867,373.63264748989593,2447.510287651561,373.63264748989593,,0.0,373.63264748989593,,,188.52496849001284,0.0,-62.5,252.24770306528512,191.08845277877867,,124.16914246644501,0.44672853454495576,0.7656578015854932,0.18061555935986243,0.04608818212901956,0.688888888888889,0.8582928065203265,0.3252765493522844,0.7202699087949096,0.7431904795310251,0.7431904795310251,0.7431904795310247,,0.9091207767023833,0.3523944209166986,0.3338009263548366,,,,,0.6000000000000001,,0.4421510329861185,0.0,0.00684931506849315,0.29013961185335135,0.29013961185335135,0.0,2.2604267589446034,0.7315400393023542,36,1.6417875208107926,0.6409449497043305,37,0,0.41162913620821456,0.7102598146949183,41,0,0.49145983648384095,0.6651247005909591,35,2.6299556396765835,0.9751890977389002,37.25,37.11729380980353,0.8118870016996388,25,sym,0.3775829929004878,0.6346964899812167,0.5452829579752935,2,19.25,0.6201303694898969,0.0,0.060472994311893354,0.853046280952759,0.5904121322640171,0.17913492060541503,0.0053379295029958584,0.702127659574468,0.8582928065203264,0.030344209898046592,,0.23486776690359512,0.22981805029952368,0.22981805029952368,0.22981805029952368,,0.0,0.7584850854511823,0.03995851931870059,0.12605860781939127,,,,,0.1428571428571429,,0.06866020128815656,0.18539325842696627,0.1853932584269663,0.09269723271486643,0.09269723271486643,0.1807909604519774,0.9413363762839575,0.2688159189852867,171,1.356845357389148,0.6731513056291333,81,63.63961030678928,0.6998131589302392,126.0,109.92857142857143,0.5527367681443649,157,99.42105263157895,110.0,57.971862503332275,38,0.7740590312511298,0.7921131623949381,0.22052472940572765,5,119.0
raw,db26,1824032.6391197394,0.6421404682274248,140.670042647723,7.5529671528191935,598,1,False,False,129.1561891012521,,9.236313027592589,71508.30122006465,1.0,3.1522363957920597e-06,0.01977460587026097,428.8845052227831,,,,[],[],16,913.8503270198461,177.92789455499147,1623.587646528179,"[11, 41, 72, 102, 160, 189, 245, 289, 318, 347, 391, 425, 461, 505, 541, 580]","[829.1132172894486, 1177.416391284982, 1053.9689165232026, 474.91534718519085, 872.1565796227397, 1200.4851439701065, 918.6521227833412, 1061.8016895469552, 177.92789455499147, 987.3092306264141, 758.5645242383812, 363.3517165504052, 1114.8454957646206, 1623.587646528179, 1070.7174866854211, 936.7918291631578]","[0, 19, 69, 96, 117, 167, 239, 270, 316, 320, 390, 419, 270, 167, 517, 568]","[19, 167, 167, 117, 167, 467, 270, 320, 320, 419, 419, 432, 467, 568, 568, 589]",136672430.2396854,1358.3915762353297,-1358.3915762353297,0.0,,,,SWT,txu.059172014718829,68446597.23968539,,0.0,-69.0,70.0,0.0,-64.5,,603.3915762353297,553.9782339965902,16327.394767682463,553.9782339965902,,0.0,553.9782339965902,,,174.92789455499147,0.0,-73.5,868.587646528179,603.3915762353297,,131.8845052227831,0.3754950158736139,0.1750034733874476,0.5673638171192448,0.15997478088479838,0.23913043478260876,0.14436678710253942,2.6875442794960907e-11,0.20225002613166101,0.45320013796626085,0.45320013796626085,0.45320013796626085,,0.8558074074536065,0.5467998620337392,0.9999999999999999,,,,,0.4,,0.0887285415558994,0.13698630136986303,0.0859375,1.0,1.0,0.2058823529411765,2.337691888255977,0.8008645054093612,4,0.7347187765613837,0.4321875156243433,100,0,0.4915708860989093,0.8152105635008086,4,0,0.2373334727395898,0.4153335772942821,100,55.42562584220407,0.47711673733769744,52.0,7.692307692307692,0.4932753498009242,101,db,0.8936084142394821,0.6843627668132815,0.16916527998837808,3,76.5,,,0.4198316632290894,0.00922031444248611,0.1750034733874476,0.5673638171192448,0.3992640364270803,0.2340425531914893,0.1674459253915457,0.6171254573560273,,0.2169991929425557,0.5818211288217034,0.5818211288217034,0.5818211288217036,,0.0,0.9018912354850177,0.8368721332007434,1.0,,,,,0.8571428571428571,,0.49459257078709395,0.11235955056179774,0.06179775280898875,1.0,1.0,0.1581920903954802,2.9973280348320452,0.8559421589171525,5,1.1244771784827288,0.5578699714920563,158,108.18733752154178,0.4896823701814067,81.5,9.69325153374233,0.5526242039586279,158,118.36842105263158,113.5,63.686700255812326,76,0.9215768985091536,0.8701992891677452,0.0938363842932689,6,120.0
raw,sym6,1847634.7756148796,0.6421404682274248,142.35631684627924,7.162675685623205,598,1,False,False,125.91586550557969,,9.231724080046142,71508.30122024965,1.0,3.0169430553764734e-06,-0.10794553324368551,414.99420191637864,,,,[],[],16,877.2547178079096,111.5862488681085,1454.6505578637414,"[16, 57, 104, 154, 188, 225, 258, 289, 327, 361, 405, 435, 485, 525, 565, 594]","[869.0462016191691, 1223.302494181367, 822.5157252094156, 896.3815386631627, 690.4148478835745, 1094.2019082231, 1063.9362790135963, 886.5028769817357, 693.5208741618485, 969.7133433525667, 819.8220704426161, 434.9007985541704, 1454.6505578637414, 1142.5860912097205, 862.9936286986618, 111.5862488681085]","[1, 37, 96, 147, 187, 201, 248, 287, 316, 287, 400, 434, 287, 495, 545, 590]","[37, 287, 147, 201, 201, 287, 287, 350, 350, 410, 410, 446, 495, 545, 596, 596]",136079652.22148457,1297.3487524711268,-1297.3487524711268,0.0,,,,SWT,txu.059172014718829,67853819.22148457,,0.0,-78.0,70.0,0.0,-78.0,,542.3487524711268,517.3826247846539,16912.924515073446,517.3826247846538,,0.0,517.3826247846539,,,108.5862488681085,0.0,-78.0,699.6505578637414,542.3487524711268,,117.99420191637864,0.22849732640013953,0.12958258215638485,0.5593664998036487,0.16736564883119134,0.23913043478260876,0.03288059868482482,4.1189121230333255e-11,0.11342501624076598,0.35980242649172683,0.35980242649172683,0.35980242649172656,,0.47635413803602233,0.6401975735082734,0.6960778241353631,,,,,0.4,,0.05327668994183957,0.013698630136986314,0.015625,0.837125492165302,0.837125492165302,0.00735294117647059,1.7900559496406467,0.6132511645209006,53,0.6184692349347418,0.363805432314554,105,0,0.3692618626415362,0.6123759149210379,58,0,0.1938318700999982,0.3392057726749968,105,28.651643350193137,0.7297014778283666,80.25,72.52036173678593,0.4863130030651267,105,sym,1.0,1.0,0.0,5,80.0,,,0.28327005494938196,0.007877657246886272,0.12958258215638485,0.5593664998036487,0.4045495446194334,0.2340425531914893,0.05896687264951811,0.6171254573615077,,0.12981642050797482,0.5103928928858157,0.5103928928858157,0.5103928928858155,,0.0,0.6437109032203623,0.8704903256071796,0.7604550605160866,,,,,0.8571428571428571,,0.47493034059314954,0.011235955056179775,0.011235955056179775,0.865670862592928,0.865670862592928,0.005649717514124297,2.565594467126391,0.7326526965277983,46,1.0111058384452585,0.5016247515400969,166,84.8528137423857,0.5997508785736523,106.0,72.0377358490566,0.5498754392868261,159,99.42105263157895,110.0,57.971862503332275,38,0.7740590312511298,0.7921131623949381,0.22052472940572765,5,120.5
smoothed,db20,64849.44448721218,0.6672240802675585,25.78241902310514,7.719746793187276,598,1,False,False,120.60269336968142,,9.017159781552891,51700.481174203866,1.0,9.325425482559088e-05,-0.014473967882867754,207.8393655611863,0.018394648829431436,23580.735034051264,50.0,"[0.0, 0.0016722408026755853, 0.0033444816053511705, 0.005016722408026756, 0.006688963210702341, 0.008361204013377926, 0.010033444816053512, 0.011705685618729096, 0.013377926421404682, 0.015050167224080268, 0.016722408026755852, 0.018394648829431436, 0.020066889632107024, 0.021739130434782608, 0.023411371237458192, 0.02508361204013378, 0.026755852842809364, 0.028428093645484948, 0.030100334448160536, 0.03177257525083612, 0.033444816053511704, 0.03511705685618729, 0.03678929765886287, 0.038461538461538464, 0.04013377926421405, 0.04180602006688963, 0.043478260869565216, 0.0451505016722408, 0.046822742474916385, 0.048494983277591976, 0.05016722408026756, 0.051839464882943144, 0.05351170568561873, 0.05518394648829431, 0.056856187290969896, 0.05852842809364548, 0.06020066889632107, 0.061872909698996656, 0.06354515050167224, 0.06521739130434782, 0.06688963210702341, 0.06856187290969899, 0.07023411371237458, 0.07190635451505016, 0.07357859531772575, 0.07525083612040134, 0.07692307692307693, 0.07859531772575251, 0.0802675585284281, 0.08193979933110368, 0.08361204013377926, 0.08528428093645485, 0.08695652173913043, 0.08862876254180602, 0.0903010033444816, 0.09197324414715718, 0.09364548494983277, 0.09531772575250835, 0.09698996655518395, 0.09866220735785954, 0.10033444816053512, 0.1020066889632107, 0.10367892976588629, 0.10535117056856187, 0.10702341137123746, 0.10869565217391304, 0.11036789297658862, 0.11204013377926421, 0.11371237458193979, 0.11538461538461538, 0.11705685618729096, 0.11872909698996656, 0.12040133779264214, 0.12207357859531773, 0.12374581939799331, 0.1254180602006689, 0.12709030100334448, 0.12876254180602006, 0.13043478260869565, 0.13210702341137123, 0.13377926421404682, 0.1354515050167224, 0.13712374581939799, 0.13879598662207357, 0.14046822742474915, 0.14214046822742474, 0.14381270903010032, 0.1454849498327759, 0.1471571906354515, 0.14882943143812707, 0.1505016722408027, 0.15217391304347827, 0.15384615384615385, 0.15551839464882944, 0.15719063545150502, 0.1588628762541806, 0.1605351170568562, 0.16220735785953178, 0.16387959866220736, 0.16555183946488294, 0.16722408026755853, 0.1688963210702341, 0.1705685618729097, 0.17224080267558528, 0.17391304347826086, 0.17558528428093645, 0.17725752508361203, 0.17892976588628762, 0.1806020066889632, 0.18227424749163879, 0.18394648829431437, 0.18561872909698995, 0.18729096989966554, 0.18896321070234112, 0.1906354515050167, 0.1923076923076923, 0.1939799331103679, 0.1956521739130435, 0.19732441471571907, 0.19899665551839466, 0.20066889632107024, 0.20234113712374582, 0.2040133779264214, 0.205685618729097, 0.20735785953177258, 0.20903010033444816, 0.21070234113712374, 0.21237458193979933, 0.2140468227424749, 0.2157190635451505, 0.21739130434782608, 0.21906354515050167, 0.22073578595317725, 0.22240802675585283, 0.22408026755852842, 0.225752508361204, 0.22742474916387959, 0.22909698996655517, 0.23076923076923075, 0.23244147157190634, 0.23411371237458192, 0.23578595317725753, 0.23745819397993312, 0.2391304347826087, 0.2408026755852843, 0.24247491638795987, 0.24414715719063546, 0.24581939799331104, 0.24749163879598662, 0.2491638795986622, 0.2508361204013378, 0.2525083612040134, 0.25418060200668896, 0.25585284280936454, 0.25752508361204013, 0.2591973244147157, 0.2608695652173913, 0.2625418060200669, 0.26421404682274247, 0.26588628762541805, 0.26755852842809363, 0.2692307692307692, 0.2709030100334448, 0.2725752508361204, 0.27424749163879597, 0.27591973244147155, 0.27759197324414714, 0.2792642140468227, 0.2809364548494983, 0.2826086956521739, 0.2842809364548495, 0.28595317725752506, 0.28762541806020064, 0.28929765886287623, 0.2909698996655518, 0.2926421404682274, 0.294314381270903, 0.29598662207357856, 0.29765886287625415, 0.29933110367892973, 0.3010033444816054, 0.30267558528428096, 0.30434782608695654, 0.3060200668896321, 0.3076923076923077, 0.3093645484949833, 0.3110367892976589, 0.31270903010033446, 0.31438127090301005, 0.31605351170568563, 0.3177257525083612, 0.3193979933110368, 0.3210702341137124, 0.32274247491638797, 0.32441471571906355, 0.32608695652173914, 0.3277591973244147, 0.3294314381270903, 0.3311036789297659, 0.33277591973244147, 0.33444816053511706, 0.33612040133779264, 0.3377926421404682, 0.3394648829431438, 0.3411371237458194, 0.342809364548495, 0.34448160535117056, 0.34615384615384615, 0.34782608695652173, 0.3494983277591973, 0.3511705685618729, 0.3528428093645485, 0.35451505016722407, 0.35618729096989965, 0.35785953177257523, 0.3595317725752508, 0.3612040133779264, 0.362876254180602, 0.36454849498327757, 0.36622073578595316, 0.36789297658862874, 0.3695652173913043, 0.3712374581939799, 0.3729096989966555, 0.3745819397993311, 0.37625418060200666, 0.37792642140468224, 0.37959866220735783, 0.3812709030100334, 0.382943143812709, 0.3846153846153846, 0.3862876254180602, 0.3879598662207358, 0.3896321070234114, 0.391304347826087, 0.39297658862876256, 0.39464882943143814, 0.3963210702341137, 0.3979933110367893, 0.3996655518394649, 0.4013377926421405, 0.40301003344481606, 0.40468227424749165, 0.40635451505016723, 0.4080267558528428, 0.4096989966555184, 0.411371237458194, 0.41304347826086957, 0.41471571906354515, 0.41638795986622074, 0.4180602006688963, 0.4197324414715719, 0.4214046822742475, 0.4230769230769231, 0.42474916387959866, 0.42642140468227424, 0.4280936454849498, 0.4297658862876254, 0.431438127090301, 0.4331103678929766, 0.43478260869565216, 0.43645484949832775, 0.43812709030100333, 0.4397993311036789, 0.4414715719063545, 0.4431438127090301, 0.44481605351170567, 0.44648829431438125, 0.44816053511705684, 0.4498327759197324, 0.451505016722408, 0.4531772575250836, 0.45484949832775917, 0.45652173913043476, 0.45819397993311034, 0.4598662207357859, 0.4615384615384615, 0.4632107023411371, 0.4648829431438127, 0.46655518394648826, 0.46822742474916385, 0.46989966555183943, 0.47157190635451507, 0.47324414715719065, 0.47491638795986624, 0.4765886287625418, 0.4782608695652174, 0.479933110367893, 0.4816053511705686, 0.48327759197324416, 0.48494983277591974, 0.4866220735785953, 0.4882943143812709, 0.4899665551839465, 0.4916387959866221, 0.49331103678929766, 0.49498327759197325, 0.49665551839464883, 0.4983277591973244]","[243359.28402672458, 5686.186529035678, 4435.287915620611, 4993.387664610167, 10023.559020788758, 6248.702915215086, 3930.4321405457304, 7253.747751422001, 4442.674149024334, 6936.972572647847, 7372.288004403254, 3811.2970233858114, 23580.735034051264, 8212.10162175921, 9743.507242432976, 9591.58238485967, 2069.4775819732426, 5169.274339623657, 3763.661519299828, 3963.7306551670963, 2006.3131789845474, 1344.5096695675372, 5900.044481185889, 2932.856910237345, 21831.760573206146, 3049.7001772073704, 3025.5953985425217, 2197.049682317203, 7829.876342037526, 2500.08882686743, 4425.048223984844, 1569.7975964691955, 2140.4846159554463, 829.5704370368151, 3622.645798247112, 5425.872276756078, 22416.963708999647, 4847.540610968079, 8245.267946630502, 1959.6056467576745, 4116.406114024969, 6541.741808753607, 781.8007566198795, 6476.178213555453, 3880.3079676940156, 1514.8869529023805, 2229.1514456093555, 3403.386855668147, 16313.54074258426, 2621.4105950791427, 5734.694780598347, 2410.4259557407145, 626.4604176293368, 6352.506248919732, 3958.613700351742, 2918.878132522929, 2422.796150435554, 1980.9420590542713, 4908.894213969326, 3444.299155782257, 8406.69236492181, 5204.641697823308, 3484.9831710174453, 3823.377634516635, 1775.0557091047729, 4682.40424921803, 2930.0964855120997, 2862.760329090827, 4027.236137310118, 3752.2998021110975, 2341.8962533330637, 2713.0620856142245, 6526.122649384467, 2128.777583375215, 395.57424346265606, 1759.1823811742959, 2369.496336672705, 1736.0169876981636, 994.8214214010004, 2455.0430550204883, 2556.808112131165, 1044.369336795617, 1150.0582617724601, 3466.6024609259257, 1937.7910330679551, 2733.7796263724385, 1584.7406300445728, 2006.8069750565976, 2215.2411698951973, 2191.0894277006782, 1611.102772856337, 3134.9729080477878, 2222.9401214823183, 1980.6939951409113, 509.9281436541853, 1084.3597485816788, 1737.8039378325439, 429.1606042437416, 1445.1892913266895, 138.10060116755702, 387.5474347003559, 139.36713720319082, 1977.7587088528617, 585.3997493510276, 826.6910490320662, 1683.3924738077267, 776.5400500809905, 511.3317934013801, 543.1354998072646, 891.9998720965199, 141.6829308648144, 889.0446113638858, 507.8961245595116, 641.11688593875, 689.3043845363588, 513.3967154759337, 592.8313022965687, 268.3425705489688, 684.6085214664394, 313.29814976779187, 626.1064904414299, 516.8806402042794, 152.0322881451543, 808.2640181293202, 492.5001245549256, 482.73811233700917, 470.03368721809954, 137.9286073517567, 328.80933833377867, 361.7265871216535, 1100.8673207201193, 890.5306187076555, 661.2636216318649, 970.8727513192119, 198.5984539445142, 1144.0807679840816, 1279.6777335625059, 1322.3452981062017, 825.5423887435489, 1282.4332713756642, 1034.1792162180373, 1412.5416503859703, 1274.509847009562, 341.88375093790904, 3143.397231850241, 611.1351879266131, 1209.1347663955346, 625.0832607561235, 1068.64277773082, 1280.217784947764, 1048.4994579231784, 673.5148480364486, 561.3676192250044, 964.8796056624265, 1250.8098926584687, 615.4492406241513, 215.59789471877906, 98.68259377177877, 278.5093075726422, 783.2657841003064, 306.0857289688441, 390.8692493347678, 151.85900964559124, 1035.031039308909, 529.351344890148, 2665.633270503516, 1296.1981875161873, 1904.8803713850689, 740.3603505038254, 2310.938843834065, 500.1156386063661, 694.0419208327179, 1185.7579297687507, 408.38901747758683, 447.57678941181223, 1050.1046388572263, 1504.7084184498283, 1115.4635243756632, 1894.3983609619213, 823.1595053356084, 1619.5434974756345, 1160.2525704875125, 1537.0163608431571, 1306.4589327501396, 1158.2009967509164, 604.5536818533477, 966.6279818806872, 907.258218552609, 898.5694236971859, 599.0571329128057, 702.8976218147674, 1172.5137412069796, 1144.1840497483097, 734.1965473626263, 556.7080936481325, 607.0378258753772, 551.1177350990972, 815.9613109723068, 1438.0262918183626, 703.656960056133, 1262.7548054814429, 516.0051827351548, 1175.5666885958938, 1286.4730161603663, 891.6427381246824, 1271.425811965343, 1264.583775172396, 1317.3798984868035, 562.8502576129384, 536.6289313338028, 388.7901590702262, 327.4169501081659, 376.8121032055129, 927.2929329652912, 1457.7462655353365, 602.8270023149173, 76.24690667008517, 274.6655064153353, 1003.0596321309117, 853.0394389519056, 911.0986025171148, 385.7076583651372, 932.5602941645529, 198.2203529235514, 86.66487438710881, 1117.39376048924, 29.702321166480807, 320.9637282897264, 426.01547055496695, 206.3991290876421, 356.13674763822286, 157.0764965605337, 362.57833804514905, 216.99098458404637, 352.8998783382867, 451.2948570990014, 142.9292349926116, 425.46001564584765, 116.99223046655288, 282.3151708957914, 209.58592012739692, 379.91858532612656, 180.57606812839228, 210.72329709958774, 377.5372574674874, 104.78476696080452, 525.5118234909537, 416.3082821313822, 316.42842706504604, 204.85165158032694, 380.80815667758935, 189.13968649461913, 117.91923203791369, 572.7294025147681, 668.7229293172463, 874.759056747693, 317.3095709746877, 598.2143530905201, 709.2361085818194, 742.2242962656491, 342.566276219235, 204.69428802503222, 1012.1532461298056, 426.32469081538164, 670.9333489632543, 441.7345786484154, 718.1698953492903, 565.20850941431, 1264.208178529379, 658.6197164510307, 594.2943119872268, 520.8288266679181, 209.41556142122295, 1553.6338603882195, 1680.7173827315992, 694.7758293361658, 1351.336308145079, 1660.4629897649424, 2084.0177794113306, 1873.465162563166, 1073.1957487676675, 641.7292093848791, 3005.160412009105, 699.8827587120827, 1245.3000042258275, 1786.8594683725612, 672.8678260430707, 1827.647101438572, 1423.8684552084237, 1621.0668988940365, 426.0646100487162, 1296.1052211872325, 1188.5768613126027, 695.8742098013398, 616.2332323789503, 924.7421530837607, 1481.4600097365537, 943.5400082885357, 1597.829494650073]",17,466.1916115411035,153.14921852503562,818.182052076945,"[8, 37, 70, 104, 154, 183, 240, 273, 306, 341, 370, 403, 447, 476, 507, 543, 574]","[251.6392753276153, 818.182052076945, 739.9188570244296, 246.87542788335503, 575.4029827283482, 522.3010774292353, 428.82504313525874, 295.52466539493184, 735.8733385989932, 153.14921852503562, 620.223919367427, 207.0321107226606, 420.14560491853194, 207.20115118871755, 678.8113887199761, 605.9272174980068, 418.2240656592914]","[2, 14, 64, 99, 114, 165, 165, 265, 64, 331, 314, 398, 413, 464, 64, 513, 562]","[14, 64, 165, 114, 165, 216, 265, 278, 413, 346, 413, 413, 464, 486, 562, 562, 597]",111340475.89014077,748.3113681600423,-748.3113681600423,824770.3275620495,0.09769140853816681,0.13129181388926836,0.4983277591973244,SWT,txu.059172014718829,55664499.05014081,,0.0,-57.0,53.0,0.0,-39.0,,229.51136816004237,319.7916115411035,2322.742603801241,319.7916115411035,,824770.3275620495,319.7916115411035,,,148.14921852503562,0.0,-52.5,299.382052076945,229.51136816004237,,94.06063443881368,0.4384283871140575,0.08657762008696579,0.19914953385076078,0.04583962964397588,0.5333333333333334,0.1383569119886534,0.32527654929977123,0.5575514245404867,0.4033537212361297,0.4033537212361297,0.4033537212361294,,0.23834835379228436,0.28921914538331633,0.5107769933292594,,,,,0.2,,0.45473964397345357,0.07586206896551724,0.14383561643835616,0.5547861280466082,0.5547861280466082,0.32413793103448274,2.261273177161672,0.7318139649287124,35,0.9298417352969752,0.3630051737563368,70,0,0.40713314275968704,0.7025020463721107,44,0,0.31465580712906766,0.42584425820686356,70,17.988422202442695,0.8302979037505406,54.75,50.08130081300812,0.6568942348941382,51,db,0.9102447150279618,0.7868127372464527,0.12678487830649093,4,39.25,0.7502844917150235,0.9928925441365429,0.05934941538294076,0.9033967980094335,0.1944127624481034,0.1854378893148469,0.005309142174408199,0.553191489361702,0.13835691198865324,0.03034420989314779,,0.18180803670507018,0.12472975414598965,0.12472975414598965,0.12472975414598962,,0.9928925441365429,0.19885550536974705,0.03279498233279121,0.19289292390044321,,,,,0.04761904761904767,,0.07061504589971684,0.24719101123595505,0.29775280898876405,0.17724962989372697,0.17724962989372697,0.4463276836158192,1.243821334726932,0.35519606335415377,108,0.7896020817286031,0.3917334199866732,177,48.79036790187178,0.7698567551798501,142.5,134.14736842105265,0.5488434719295476,160,118.36842105263158,113.5,63.686700255812326,76,0.9215768985091536,0.8701992891677452,0.0938363842932689,6,121.5
smoothed,db9,64481.99565789591,0.6622073578595318,24.851581547695638,7.675872292399682,598,1,False,False,120.4919909366055,,9.01514605201481,51700.48117420387,1.0,8.655685154073948e-05,-0.0252391107988367,428.7697599153265,,,,[],[],16,449.5260945161466,126.95131769549948,744.8062536487832,"[14, 60, 95, 145, 177, 230, 264, 298, 333, 362, 399, 438, 491, 527, 566, 595]","[744.8062536487832, 596.2873873901427, 283.1750223055381, 705.6519518290709, 514.0263871766717, 439.8891471321966, 579.9196564442739, 376.2005632561596, 126.95131769549948, 734.2775687125959, 281.5676950705487, 245.58477040354126, 261.8109065802522, 657.6731271206878, 486.4675591860898, 158.1281983062936]","[6, 55, 91, 55, 157, 207, 157, 269, 323, 55, 390, 425, 405, 405, 554, 589]","[405, 104, 104, 157, 207, 257, 304, 304, 337, 405, 405, 477, 496, 554, 589, 596]",111427792.02845839,680.6268293569348,-680.6268293569348,0.0,,,,SWT,txu.059172014718829,55751815.18845843,,0.0,-62.0,54.0,0.0,-44.0,,161.8268293569348,303.1260945161466,3055.5824877416544,303.1260945161466,,0.0,303.1260945161466,,,121.95131769549948,0.0,-62.0,226.0062536487833,161.8268293569348,,126.86975991532654,0.403963280509099,0.07782162832604733,0.18883010205614228,0.04512915424376332,0.46666666666666673,0.12921354184939127,0.32527654929977357,0.4519711512990604,0.29816341088518694,0.29816341088518694,0.29816341088518666,,0.9692864849426287,0.6602876798070931,0.23527175162725267,,,,,0.4,,0.4733905862358639,0.006896551724137931,0.0136986301369863,0.08859356518021896,0.08859356518021896,0.25517241379310346,1.8215880935096265,0.5895190455721331,87,0.8268665533281337,0.3228042208369123,86,0,0.3025101741721417,0.5219767051235888,86,0,0.2769218907453147,0.3747764842531863,88,0.9574271077563381,0.9909676687947515,86.75,86.74211185033923,0.5862857211898286,69,db,0.9102447150279618,0.7868127372464527,0.12678487830649093,4,52.75,0.5784742030116342,0.0,0.0546839238494674,0.8369314665702261,0.18930678628519196,0.18192849332789668,0.005226854971382228,0.4893617021276595,0.12921354184939116,0.030344209893147955,,0.14738010531088772,0.09220157637585677,0.09220157637585677,0.09220157637585674,,0.0,0.8086817078640621,0.07487098672231418,0.08884945225656457,,,,,0.09523809523809523,,0.07351129029227732,0.19101123595505615,0.19101123595505617,0.028304919401013484,0.028304919401013484,0.3898305084745763,0.8157377236407163,0.23294891322174655,189,0.7342141445947422,0.3642546347332779,191,1.4142135623730951,0.9933291813095608,190.0,189.99473684210525,0.5485513831076105,161,118.36842105263158,113.5,63.686700255812326,76,0.9215768985091536,0.8701992891677452,0.0938363842932689,6,122.25
smoothed,db36,65144.579121483504,0.6739130434782609,27.127674424371513,7.439478208177284,598,1,False,False,120.75412550043667,,9.017765037054426,51700.48117420387,1.0,9.246451179484785e-05,-0.11782427599219929,210.26778449638775,0.018394648829431436,23580.73503405126,51.0,"[0.0, 0.0016722408026755853, 0.0033444816053511705, 0.005016722408026756, 0.006688963210702341, 0.008361204013377926, 0.010033444816053512, 0.011705685618729096, 0.013377926421404682, 0.015050167224080268, 0.016722408026755852, 0.018394648829431436, 0.020066889632107024, 0.021739130434782608, 0.023411371237458192, 0.02508361204013378, 0.026755852842809364, 0.028428093645484948, 0.030100334448160536, 0.03177257525083612, 0.033444816053511704, 0.03511705685618729, 0.03678929765886287, 0.038461538461538464, 0.04013377926421405, 0.04180602006688963, 0.043478260869565216, 0.0451505016722408, 0.046822742474916385, 0.048494983277591976, 0.05016722408026756, 0.051839464882943144, 0.05351170568561873, 0.05518394648829431, 0.056856187290969896, 0.05852842809364548, 0.06020066889632107, 0.061872909698996656, 0.06354515050167224, 0.06521739130434782, 0.06688963210702341, 0.06856187290969899, 0.07023411371237458, 0.07190635451505016, 0.07357859531772575, 0.07525083612040134, 0.07692307692307693, 0.07859531772575251, 0.0802675585284281, 0.08193979933110368, 0.08361204013377926, 0.08528428093645485, 0.08695652173913043, 0.08862876254180602, 0.0903010033444816, 0.09197324414715718, 0.09364548494983277, 0.09531772575250835, 0.09698996655518395, 0.09866220735785954, 0.10033444816053512, 0.1020066889632107, 0.10367892976588629, 0.10535117056856187, 0.10702341137123746, 0.10869565217391304, 0.11036789297658862, 0.11204013377926421, 0.11371237458193979, 0.11538461538461538, 0.11705685618729096, 0.11872909698996656, 0.12040133779264214, 0.12207357859531773, 0.12374581939799331, 0.1254180602006689, 0.12709030100334448, 0.12876254180602006, 0.13043478260869565, 0.13210702341137123, 0.13377926421404682, 0.1354515050167224, 0.13712374581939799, 0.13879598662207357, 0.14046822742474915, 0.14214046822742474, 0.14381270903010032, 0.1454849498327759, 0.1471571906354515, 0.14882943143812707, 0.1505016722408027, 0.15217391304347827, 0.15384615384615385, 0.15551839464882944, 0.15719063545150502, 0.1588628762541806, 0.1605351170568562, 0.16220735785953178, 0.16387959866220736, 0.16555183946488294, 0.16722408026755853, 0.1688963210702341, 0.1705685618729097, 0.17224080267558528, 0.17391304347826086, 0.17558528428093645, 0.17725752508361203, 0.17892976588628762, 0.1806020066889632, 0.18227424749163879, 0.18394648829431437, 0.18561872909698995, 0.18729096989966554, 0.18896321070234112, 0.1906354515050167, 0.1923076923076923, 0.1939799331103679, 0.1956521739130435, 0.19732441471571907, 0.19899665551839466, 0.20066889632107024, 0.20234113712374582, 0.2040133779264214, 0.205685618729097, 0.20735785953177258, 0.20903010033444816, 0.21070234113712374, 0.21237458193979933, 0.2140468227424749, 0.2157190635451505, 0.21739130434782608, 0.21906354515050167, 0.22073578595317725, 0.22240802675585283, 0.22408026755852842, 0.225752508361204, 0.22742474916387959, 0.22909698996655517, 0.23076923076923075, 0.23244147157190634, 0.23411371237458192, 0.23578595317725753, 0.23745819397993312, 0.2391304347826087, 0.2408026755852843, 0.24247491638795987, 0.24414715719063546, 0.24581939799331104, 0.24749163879598662, 0.2491638795986622, 0.2508361204013378, 0.2525083612040134, 0.25418060200668896, 0.25585284280936454, 0.25752508361204013, 0.2591973244147157, 0.2608695652173913, 0.2625418060200669, 0.26421404682274247, 0.26588628762541805, 0.26755852842809363, 0.2692307692307692, 0.2709030100334448, 0.2725752508361204, 0.27424749163879597, 0.27591973244147155, 0.27759197324414714, 0.2792642140468227, 0.2809364548494983, 0.2826086956521739, 0.2842809364548495, 0.28595317725752506, 0.28762541806020064, 0.28929765886287623, 0.2909698996655518, 0.2926421404682274, 0.294314381270903, 0.29598662207357856, 0.29765886287625415, 0.29933110367892973, 0.3010033444816054, 0.30267558528428096, 0.30434782608695654, 0.3060200668896321, 0.3076923076923077, 0.3093645484949833, 0.3110367892976589, 0.31270903010033446, 0.31438127090301005, 0.31605351170568563, 0.3177257525083612, 0.3193979933110368, 0.3210702341137124, 0.32274247491638797, 0.32441471571906355, 0.32608695652173914, 0.3277591973244147, 0.3294314381270903, 0.3311036789297659, 0.33277591973244147, 0.33444816053511706, 0.33612040133779264, 0.3377926421404682, 0.3394648829431438, 0.3411371237458194, 0.342809364548495, 0.34448160535117056, 0.34615384615384615, 0.34782608695652173, 0.3494983277591973, 0.3511705685618729, 0.3528428093645485, 0.35451505016722407, 0.35618729096989965, 0.35785953177257523, 0.3595317725752508, 0.3612040133779264, 0.362876254180602, 0.36454849498327757, 0.36622073578595316, 0.36789297658862874, 0.3695652173913043, 0.3712374581939799, 0.3729096989966555, 0.3745819397993311, 0.37625418060200666, 0.37792642140468224, 0.37959866220735783, 0.3812709030100334, 0.382943143812709, 0.3846153846153846, 0.3862876254180602, 0.3879598662207358, 0.3896321070234114, 0.391304347826087, 0.39297658862876256, 0.39464882943143814, 0.3963210702341137, 0.3979933110367893, 0.3996655518394649, 0.4013377926421405, 0.40301003344481606, 0.40468227424749165, 0.40635451505016723, 0.4080267558528428, 0.4096989966555184, 0.411371237458194, 0.41304347826086957, 0.41471571906354515, 0.41638795986622074, 0.4180602006688963, 0.4197324414715719, 0.4214046822742475, 0.4230769230769231, 0.42474916387959866, 0.42642140468227424, 0.4280936454849498, 0.4297658862876254, 0.431438127090301, 0.4331103678929766, 0.43478260869565216, 0.43645484949832775, 0.43812709030100333, 0.4397993311036789, 0.4414715719063545, 0.4431438127090301, 0.44481605351170567, 0.44648829431438125, 0.44816053511705684, 0.4498327759197324, 0.451505016722408, 0.4531772575250836, 0.45484949832775917, 0.45652173913043476, 0.45819397993311034, 0.4598662207357859, 0.4615384615384615, 0.4632107023411371, 0.4648829431438127, 0.46655518394648826, 0.46822742474916385, 0.46989966555183943, 0.47157190635451507, 0.47324414715719065, 0.47491638795986624, 0.4765886287625418, 0.4782608695652174, 0.479933110367893, 0.4816053511705686, 0.48327759197324416, 0.48494983277591974, 0.4866220735785953, 0.4882943143812709, 0.4899665551839465, 0.4916387959866221, 0.49331103678929766, 0.49498327759197325, 0.49665551839464883, 0.4983277591973244]","[243359.28402672458, 5686.186529035678, 4435.287915620612, 4993.387664610163, 10023.559020788764, 6248.702915215088, 3930.432140545729, 7253.747751422002, 4442.674149024334, 6936.972572647842, 7372.288004403254, 3811.297023385807, 23580.73503405126, 8212.101621759206, 9743.507242432983, 9591.582384859674, 2069.4775819732436, 5169.2743396236565, 3763.6615192998265, 3963.7306551670863, 2006.3131789845386, 1344.5096695675293, 5900.044481185835, 2932.856910237344, 21831.760573206986, 3049.700177207927, 3025.595398544294, 2197.0496823206586, 7829.876342067084, 2500.088826888189, 4425.048224060009, 1569.79759652025, 2140.4846160805796, 829.5704371185516, 3622.6457988079337, 5425.872277970022, 22416.96371546678, 4847.540612452577, 8245.267948181145, 1959.6056463074426, 4116.406108987484, 6541.74178763414, 781.8007512395851, 6476.178128981236, 3880.307878952302, 1514.886895967452, 2229.151315340172, 3403.3865620721094, 16313.538771000105, 2621.4101756524165, 5734.6936443105515, 2410.425414325801, 626.4602788652013, 6352.505224086729, 3958.6136814883016, 2918.879011030572, 2422.798143154049, 1980.9453042335597, 4908.908120437244, 3444.314612106064, 8406.74837447296, 5204.690487254175, 3485.0269532209322, 3823.4390158856872, 1775.0903433803464, 4682.509088252735, 2930.1664813250054, 2862.825932224705, 4027.308933431274, 3752.3286396881986, 2341.872459430241, 2712.9604532989624, 6525.625914764724, 2128.505851304324, 395.49795644315793, 1758.7049919823794, 2368.6404295889383, 1735.2213798633463, 994.2683994080585, 2453.4611689585518, 2554.991130244892, 1043.5981057237798, 1149.2437379583505, 3464.530503989125, 1937.0495042705822, 2733.6740864904887, 1585.46556780503, 2009.0626788146087, 2219.6085899246427, 2197.65750872971, 1617.8401175962558, 3152.1511510537894, 2238.093058301083, 1996.707875967009, 514.5896679243893, 1094.9990778502533, 1755.0067573520937, 433.11075992698636, 1456.099063744328, 138.76450511760288, 387.91114261758963, 138.81153350200276, 1958.4363734023925, 575.9805210522843, 808.0640242092328, 1635.1891992170836, 750.1693720546555, 491.8199433444361, 520.8469920535017, 854.0212194313652, 135.5993304883885, 851.3456513665539, 486.9234939770982, 615.5783583028519, 663.1031535662144, 495.2307308580013, 574.5111724011115, 262.24122689887764, 679.0019642175948, 318.370345371571, 659.991698734545, 573.0197207023415, 179.47301366809327, 1023.8705623900537, 669.4197851932543, 697.3031603856738, 707.7656924782394, 210.6965697877754, 493.46292403128336, 515.6624918764488, 1442.5057846034726, 1039.828559535417, 668.3564817463227, 827.1590379207416, 139.74800767972724, 663.7190993613392, 639.0340001859062, 631.4434217870848, 424.08956955141, 754.8649665637075, 704.4582820794969, 1097.780907447452, 1106.3827681312541, 324.31467741389946, 3190.660070025877, 650.501001265195, 1322.903083638259, 688.4481760137535, 1157.5821002639177, 1326.268086786295, 1001.1939480389881, 561.7513572183854, 375.2270397928725, 456.28431294477195, 527.5274178753233, 513.7729558745568, 347.38954152097, 247.29955394417718, 832.0543616207796, 2274.681981754549, 795.236003816128, 889.332254520357, 301.4843540224237, 1791.7511123401027, 798.0845943669156, 3493.962322555619, 1475.6030161280516, 1887.5772408574037, 644.3405474317161, 1801.673576662192, 360.8104913151803, 482.90999687054006, 828.5072769971136, 295.3037667450478, 340.55341331635236, 845.358979875004, 1279.2980967849135, 995.8536791131997, 1762.7340182407152, 792.0498366354284, 1599.4146131962948, 1168.2839789915345, 1569.4060042387277, 1347.1193378113876, 1202.4781140108607, 630.7831027193859, 1012.3043904661711, 952.7067012739695, 945.1542825295844, 630.3623233209782, 738.8090745663498, 1229.061015658051, 1194.237586998392, 762.0333104186128, 574.04507264859, 621.5517604148334, 560.3225218067602, 824.0815587097308, 1443.7763365785393, 703.0025368939032, 1256.7916054537898, 512.2010121778055, 1165.0339343226597, 1274.0900616044896, 883.1307550607422, 1260.0953733267347, 1254.5886263462623, 1308.5714755690137, 559.8142323544864, 534.412065101042, 387.6350475170138, 326.7752902545957, 376.39004279007537, 926.8693912553919, 1457.8025421184932, 603.0579270936227, 76.29255784287851, 274.86044525384307, 1003.8019946873036, 853.6469435779222, 911.6868030920888, 385.9224338151412, 932.9882739007887, 198.29203200419218, 86.68841188335664, 1117.609376567149, 29.70611403430102, 320.98816396667775, 426.031431042548, 206.40122618683773, 356.13401068186914, 157.07365740819577, 362.57002975743194, 216.98580135176886, 352.8919774407283, 451.2860521046806, 142.92694048485978, 425.45467074914103, 116.99113378705005, 282.3132900097835, 209.5849796213318, 379.9175090591512, 180.57577231013133, 210.7231237828316, 377.5371438385324, 104.78476746012103, 525.5119082704249, 416.30837434582406, 316.4284981392843, 204.85169217020888, 380.8082176070731, 189.13970935323317, 117.91924221031923, 572.7294359844631, 668.7229544502734, 874.7590767532246, 317.3095751185199, 598.2143572073885, 709.2361108715278, 742.224297173956, 342.56627629794457, 204.69428798653618, 1012.1532458198446, 426.3246906923919, 670.9333488131447, 441.734578580031, 718.1698952785331, 565.208509381268, 1264.2081784882612, 658.6197164398438, 594.2943119822908, 520.8288266659506, 209.41556142089132, 1553.633860387311, 1680.7173827312884, 694.7758293361381, 1351.3363081450839, 1660.4629897649572, 2084.0177794113447, 1873.4651625631711, 1073.1957487676693, 641.7292093848815, 3005.1604120091065, 699.882758712083, 1245.300004225827, 1786.8594683725587, 672.86782604307, 1827.6471014385681, 1423.8684552084258, 1621.0668988940336, 426.064610048718, 1296.1052211872318, 1188.5768613126004, 695.8742098013399, 616.2332323789499, 924.742153083763, 1481.4600097365549, 943.5400082885377, 1597.8294946500735]",15,470.82653568140785,155.24290248275793,775.2496921024745,"[4, 37, 82, 118, 167, 197, 253, 298, 335, 385, 421, 470, 521, 556, 587]","[184.5015063577024, 775.2496921024745, 578.0647331148815, 241.85928840076184, 761.3327092535409, 618.5629755903893, 415.4322066284658, 563.9502183006165, 175.76781480710446, 659.516220535116, 195.1892932918015, 434.1130729291816, 703.8209013950511, 599.7945000312718, 155.24290248275793]","[0, 27, 76, 113, 76, 178, 229, 229, 326, 178, 410, 425, 76, 526, 575]","[27, 76, 127, 127, 178, 326, 278, 326, 351, 425, 425, 475, 575, 575, 596]",111354013.001204,692.7567741156969,-692.7567741156969,824995.0351640434,0.0977977175906625,0.13137681219893102,0.4983277591973244,SWT,txu.059172014718829,55678036.16120404,,0.0,-62.5,55.0,0.0,-58.0,,173.95677411569693,324.4265356814078,3185.6019647788826,324.4265356814078,,824995.0351640434,324.4265356814078,,,150.24290248275793,0.0,-58.0,256.4496921024745,173.95677411569693,,91.63221550361223,0.48557391395461746,0.030644689178593643,0.20225118814359938,0.046410282972197604,0.6222222222222222,0.05057636616341987,0.32527654929977357,0.5659891892978941,0.4326086857260746,0.4326086857260746,0.43260868572607425,,0.18424682038149776,0.7261221654130553,0.34957819938108453,,,,,0.6000000000000001,,0.45763120424747394,0.0,0.0684931506849315,0.17214130199741082,0.17214130199741082,0.06206896551724138,2.3419512314758375,0.7579237368070891,23,0.9066272786950703,0.35394237572034415,73,0,0.37662676083425284,0.6498637482842629,52,0,0.3116225266457463,0.4217391215842825,73,23.66960075708925,0.7767018796501014,55.25,44.39201728740308,0.6277377322778809,59,db,0.9102447150279618,0.7868127372464527,0.12678487830649093,4,45.25,0.7300250012315471,0.993163056417568,0.06573143702694544,0.8955593526507426,0.16179598758832875,0.18649268897289312,0.005375235196436456,0.6382978723404255,0.05057636616341976,0.030344209893147955,,0.184559448282913,0.13377631634751774,0.13377631634751774,0.13377631634751774,,0.993163056417568,0.15371826151424317,0.08233605543162958,0.1320168329645218,,,,,0.1428571428571429,,0.07106406692565509,0.18539325842696627,0.23595505617977527,0.05499773791370288,0.05499773791370288,0.23163841807909605,1.1588364288510373,0.3309270601067797,122,0.7690861708997658,0.38155516932207534,180,41.012193308819754,0.8065462579772653,151.0,145.43046357615896,0.5471410535169345,162,118.36842105263158,113.5,63.686700255812326,76,0.9215768985091536,0.8701992891677452,0.0938363842932689,6,123.0
smoothed,sym20,65922.19571844711,0.6521739130434783,24.834985534216944,11.821143353250907,598,1,False,False,120.40052605592038,,9.014586635953433,51700.48117413084,1.0,9.49292533300175e-05,0.940509983559784,427.79392787988587,,,,[],[],16,491.7988783685452,16.74121207055066,759.4557994577634,"[8, 53, 89, 140, 170, 225, 269, 327, 357, 394, 431, 462, 493, 528, 560, 593]","[734.716081322833, 759.4557994577634, 238.58583983922966, 564.0905904200303, 525.1172672914583, 589.6337201056034, 448.7321510791437, 398.3983464278107, 703.086782942846, 259.0207518175581, 439.36141542418517, 16.74121207055066, 554.5751514852899, 708.0933984128858, 603.2146236309318, 325.95892216860386]","[0, 50, 85, 98, 151, 151, 250, 298, 151, 392, 399, 448, 151, 50, 548, 583]","[50, 151, 98, 151, 201, 298, 298, 350, 399, 399, 448, 463, 498, 597, 597, 597]",111333565.90498398,697.8305059821436,-697.8305059821436,0.0,,,,SWT,txu.059172014718829,55657589.06498402,,0.0,-48.5,54.0,0.0,-30.5,,179.0305059821436,345.3988783685452,2379.2179461032765,345.3988783685453,,0.0,345.3988783685452,,,11.74121207055066,0.0,-48.5,240.65579945776346,179.0305059821436,,125.8939278798859,0.3754874216157281,0.9050893716401969,0.1859633536765716,0.04791383236155794,0.33333333333333337,0.9494721766213798,0.32527654927658073,0.007812928792551938,0.5649830508743416,0.5649830508743416,0.564983050874342,,0.9475464100719274,0.3178150542009667,0.2902766271500609,,,,,0.4,,0.4532636541200705,0.19310344827586207,0.19863013698630136,0.2070877772773317,0.2070877772773317,0.4413793103448276,1.8855638287023007,0.6102234597505855,78,1.6538473699052114,0.6456530494269102,35,0,0.3572634851413504,0.6164527105423407,65,0,0.48947371470099876,0.6624367522418094,37,21.187653637594387,0.8001164751170341,53.75,47.73065564087419,0.6465205017094604,55,sym,0.3775829929004878,0.6346964899812167,0.5452829579752935,2,41.75,0.7932536790826418,0.0,0.05082918809895356,0.9200195585065807,0.6717203715241638,0.18095357964475106,0.005549376164336012,0.36170212765957444,0.9494721766213798,0.030344209890984408,,0.002547663196916905,0.17471066540862135,0.17471066540862135,0.17471066540862157,,0.0,0.7905438289720729,0.03603751430010632,0.10962182729878756,,,,,0.09523809523809523,,0.07038584421777541,0.3426966292134831,0.3426966292134831,0.06616285091187049,0.06616285091187049,0.5423728813559322,0.9028726857950751,0.2578319045916736,176,1.3241457304694775,0.6569285309152064,94,57.982756057296896,0.7264964336919958,135.0,122.54814814814814,0.5448519904309035,163,99.42105263157895,110.0,57.971862503332275,38,0.7740590312511298,0.7921131623949381,0.22052472940572765,5,123.5
smoothed,db30,64883.26179340597,0.6789297658862876,27.03126016389312,7.285923879185918,598,1,False,False,120.56363850986314,,9.017892700929313,51700.48117420387,1.0,9.212716052985374e-05,-0.1773714453211148,212.46120023838046,0.018394648829431436,23580.735034051257,50.0,"[0.0, 0.0016722408026755853, 0.0033444816053511705, 0.005016722408026756, 0.006688963210702341, 0.008361204013377926, 0.010033444816053512, 0.011705685618729096, 0.013377926421404682, 0.015050167224080268, 0.016722408026755852, 0.018394648829431436, 0.020066889632107024, 0.021739130434782608, 0.023411371237458192, 0.02508361204013378, 0.026755852842809364, 0.028428093645484948, 0.030100334448160536, 0.03177257525083612, 0.033444816053511704, 0.03511705685618729, 0.03678929765886287, 0.038461538461538464, 0.04013377926421405, 0.04180602006688963, 0.043478260869565216, 0.0451505016722408, 0.046822742474916385, 0.048494983277591976, 0.05016722408026756, 0.051839464882943144, 0.05351170568561873, 0.05518394648829431, 0.056856187290969896, 0.05852842809364548, 0.06020066889632107, 0.061872909698996656, 0.06354515050167224, 0.06521739130434782, 0.06688963210702341, 0.06856187290969899, 0.07023411371237458, 0.07190635451505016, 0.07357859531772575, 0.07525083612040134, 0.07692307692307693, 0.07859531772575251, 0.0802675585284281, 0.08193979933110368, 0.08361204013377926, 0.08528428093645485, 0.08695652173913043, 0.08862876254180602, 0.0903010033444816, 0.09197324414715718, 0.09364548494983277, 0.09531772575250835, 0.09698996655518395, 0.09866220735785954, 0.10033444816053512, 0.1020066889632107, 0.10367892976588629, 0.10535117056856187, 0.10702341137123746, 0.10869565217391304, 0.11036789297658862, 0.11204013377926421, 0.11371237458193979, 0.11538461538461538, 0.11705685618729096, 0.11872909698996656, 0.12040133779264214, 0.12207357859531773, 0.12374581939799331, 0.1254180602006689, 0.12709030100334448, 0.12876254180602006, 0.13043478260869565, 0.13210702341137123, 0.13377926421404682, 0.1354515050167224, 0.13712374581939799, 0.13879598662207357, 0.14046822742474915, 0.14214046822742474, 0.14381270903010032, 0.1454849498327759, 0.1471571906354515, 0.14882943143812707, 0.1505016722408027, 0.15217391304347827, 0.15384615384615385, 0.15551839464882944, 0.15719063545150502, 0.1588628762541806, 0.1605351170568562, 0.16220735785953178, 0.16387959866220736, 0.16555183946488294, 0.16722408026755853, 0.1688963210702341, 0.1705685618729097, 0.17224080267558528, 0.17391304347826086, 0.17558528428093645, 0.17725752508361203, 0.17892976588628762, 0.1806020066889632, 0.18227424749163879, 0.18394648829431437, 0.18561872909698995, 0.18729096989966554, 0.18896321070234112, 0.1906354515050167, 0.1923076923076923, 0.1939799331103679, 0.1956521739130435, 0.19732441471571907, 0.19899665551839466, 0.20066889632107024, 0.20234113712374582, 0.2040133779264214, 0.205685618729097, 0.20735785953177258, 0.20903010033444816, 0.21070234113712374, 0.21237458193979933, 0.2140468227424749, 0.2157190635451505, 0.21739130434782608, 0.21906354515050167, 0.22073578595317725, 0.22240802675585283, 0.22408026755852842, 0.225752508361204, 0.22742474916387959, 0.22909698996655517, 0.23076923076923075, 0.23244147157190634, 0.23411371237458192, 0.23578595317725753, 0.23745819397993312, 0.2391304347826087, 0.2408026755852843, 0.24247491638795987, 0.24414715719063546, 0.24581939799331104, 0.24749163879598662, 0.2491638795986622, 0.2508361204013378, 0.2525083612040134, 0.25418060200668896, 0.25585284280936454, 0.25752508361204013, 0.2591973244147157, 0.2608695652173913, 0.2625418060200669, 0.26421404682274247, 0.26588628762541805, 0.26755852842809363, 0.2692307692307692, 0.2709030100334448, 0.2725752508361204, 0.27424749163879597, 0.27591973244147155, 0.27759197324414714, 0.2792642140468227, 0.2809364548494983, 0.2826086956521739, 0.2842809364548495, 0.28595317725752506, 0.28762541806020064, 0.28929765886287623, 0.2909698996655518, 0.2926421404682274, 0.294314381270903, 0.29598662207357856, 0.29765886287625415, 0.29933110367892973, 0.3010033444816054, 0.30267558528428096, 0.30434782608695654, 0.3060200668896321, 0.3076923076923077, 0.3093645484949833, 0.3110367892976589, 0.31270903010033446, 0.31438127090301005, 0.31605351170568563, 0.3177257525083612, 0.3193979933110368, 0.3210702341137124, 0.32274247491638797, 0.32441471571906355, 0.32608695652173914, 0.3277591973244147, 0.3294314381270903, 0.3311036789297659, 0.33277591973244147, 0.33444816053511706, 0.33612040133779264, 0.3377926421404682, 0.3394648829431438, 0.3411371237458194, 0.342809364548495, 0.34448160535117056, 0.34615384615384615, 0.34782608695652173, 0.3494983277591973, 0.3511705685618729, 0.3528428093645485, 0.35451505016722407, 0.35618729096989965, 0.35785953177257523, 0.3595317725752508, 0.3612040133779264, 0.362876254180602, 0.36454849498327757, 0.36622073578595316, 0.36789297658862874, 0.3695652173913043, 0.3712374581939799, 0.3729096989966555, 0.3745819397993311, 0.37625418060200666, 0.37792642140468224, 0.37959866220735783, 0.3812709030100334, 0.382943143812709, 0.3846153846153846, 0.3862876254180602, 0.3879598662207358, 0.3896321070234114, 0.391304347826087, 0.39297658862876256, 0.39464882943143814, 0.3963210702341137, 0.3979933110367893, 0.3996655518394649, 0.4013377926421405, 0.40301003344481606, 0.40468227424749165, 0.40635451505016723, 0.4080267558528428, 0.4096989966555184, 0.411371237458194, 0.41304347826086957, 0.41471571906354515, 0.41638795986622074, 0.4180602006688963, 0.4197324414715719, 0.4214046822742475, 0.4230769230769231, 0.42474916387959866, 0.42642140468227424, 0.4280936454849498, 0.4297658862876254, 0.431438127090301, 0.4331103678929766, 0.43478260869565216, 0.43645484949832775, 0.43812709030100333, 0.4397993311036789, 0.4414715719063545, 0.4431438127090301, 0.44481605351170567, 0.44648829431438125, 0.44816053511705684, 0.4498327759197324, 0.451505016722408, 0.4531772575250836, 0.45484949832775917, 0.45652173913043476, 0.45819397993311034, 0.4598662207357859, 0.4615384615384615, 0.4632107023411371, 0.4648829431438127, 0.46655518394648826, 0.46822742474916385, 0.46989966555183943, 0.47157190635451507, 0.47324414715719065, 0.47491638795986624, 0.4765886287625418, 0.4782608695652174, 0.479933110367893, 0.4816053511705686, 0.48327759197324416, 0.48494983277591974, 0.4866220735785953, 0.4882943143812709, 0.4899665551839465, 0.4916387959866221, 0.49331103678929766, 0.49498327759197325, 0.49665551839464883, 0.4983277591973244]","[243359.28402672458, 5686.186529035681, 4435.287915620612, 4993.387664610166, 10023.559020788767, 6248.702915215087, 3930.4321405457326, 7253.747751422002, 4442.674149024334, 6936.9725726478455, 7372.288004403254, 3811.2970233858086, 23580.735034051257, 8212.101621759208, 9743.50724243298, 9591.582384859674, 2069.477581973243, 5169.274339623657, 3763.6615192998256, 3963.7306551670895, 2006.3131789845406, 1344.509669567528, 5900.044481185837, 2932.8569102373303, 21831.76057320699, 3049.700177207925, 3025.5953985442934, 2197.0496823206586, 7829.876342067084, 2500.0888268881904, 4425.0482240600095, 1569.7975965202502, 2140.4846160805782, 829.5704371185487, 3622.6457988079237, 5425.87227797001, 22416.963715466845, 4847.540612452693, 8245.267948181792, 1959.6056463078553, 4116.406108989469, 6541.7417876405825, 781.8007512409874, 6476.178128999622, 3880.3078789666843, 1514.8868959721742, 2229.1513153361043, 3403.3865620153533, 16313.538770170917, 2621.410175342873, 5734.693642960631, 2410.4254133194545, 626.4602784491819, 6352.505218144307, 3958.6136770823314, 2918.879008276741, 2422.7981432215015, 1980.9453092191457, 4908.908157342693, 3444.3146679751612, 8406.748624452539, 5204.690739841081, 3485.027202288153, 3823.4393767342312, 1775.0905354640047, 4682.509542378148, 2930.166586943863, 2862.8256217556495, 4027.3074130645564, 3752.325588968633, 2341.8690751886684, 2712.9542907533014, 6525.604849368519, 2128.497015344787, 395.49608304576753, 1758.6970704081841, 2368.6338431674503, 1735.2235895447836, 994.2769220721383, 2453.510027089577, 2555.0822899079417, 1043.655915441638, 1149.33246388928, 3464.8676003237138, 1937.2615203567973, 2733.9606696060905, 1585.5803036887075, 2009.0624866993799, 2219.3343764422566, 2196.988570883582, 1616.966471166966, 3149.5863191656604, 2235.653962308144, 1994.0904217448071, 513.8704166617537, 1093.624976234632, 1753.6329852411088, 433.1554401260757, 1458.2053459748022, 139.21134956788916, 389.965910856045, 139.8426853258189, 1976.5298853831555, 581.881430587111, 816.0711768398984, 1647.8204644138918, 752.6685420234847, 490.1671513243423, 514.563876332874, 835.194567812341, 131.24324562041068, 816.6652157666512, 464.50170954545933, 587.1707887891405, 637.0487186838066, 483.22539784969956, 574.1031844578971, 270.1399533655741, 723.2215446090046, 349.9296690379294, 742.875446107057, 652.233179613661, 203.38551380375105, 1136.8982409351236, 718.1456534124801, 714.8465959303763, 688.1240832374402, 193.40297852025535, 426.8845251085152, 420.8373975530685, 1116.1317933706184, 772.0087072280492, 488.33407975177306, 623.6733316646892, 116.87165346896735, 662.0966302098012, 774.4761091109668, 866.218644851701, 591.5483136126912, 1002.2552927369351, 873.7221841607131, 1276.0337874154914, 1217.2186653731253, 341.37268440537525, 3245.941910501841, 645.5951770215844, 1292.239090338911, 667.8325593706227, 1126.0809881365037, 1309.1927800561625, 1019.1869902502211, 604.7514888969956, 446.49954039169677, 639.847726388136, 665.5497599660225, 357.061461464339, 220.67177568896437, 167.5573251434543, 602.5835748437161, 1746.1399544973249, 643.8363917815365, 758.0036971196774, 270.5995523495097, 1696.234429568037, 798.6380036296142, 3702.9750394153284, 1656.9669765020642, 2238.7169962549906, 799.3998053638711, 2293.222184865478, 457.20859228533976, 587.9331583830535, 940.5593960098748, 308.2149934410937, 328.212661767899, 766.1531121507385, 1117.4148835230485, 858.8190357162648, 1530.8259224036328, 702.335193994763, 1459.9992125322594, 1101.4582816825198, 1527.1993320103336, 1347.9965827806013, 1230.0260175239819, 654.876309436359, 1058.7677893298314, 997.0363547302453, 984.399889738106, 651.0586511446953, 755.4263584006226, 1244.1244295232602, 1198.2941553210694, 759.4795999167471, 569.6014272782604, 615.3951021848792, 554.5913356981761, 816.4825151179847, 1433.0680900534078, 699.2822720268308, 1252.7458649715763, 511.45999388814806, 1164.9136991859355, 1275.0878498970678, 884.2394018255894, 1261.8569924697604, 1256.23327848166, 1309.997374980251, 560.2696326040705, 534.7005725369899, 387.7530076025692, 326.8156518874351, 376.3900787767395, 926.8023218166779, 1457.6497184997447, 602.9919196998671, 76.28513436014242, 274.83922401306313, 1003.7463869297045, 853.6164850970141, 911.6686472817314, 385.9191257069778, 932.9870857947485, 198.29258339199535, 86.68880234584452, 1117.6146704529606, 29.7062373513959, 320.9892001464653, 426.032398779288, 206.40152445686255, 356.13430022573726, 157.0737167057113, 362.570069077584, 216.9857935304394, 352.89194321608136, 451.28600327072337, 142.92692699569736, 425.4546403428278, 116.99112810939815, 282.313281615032, 209.5849762217232, 379.9175062029071, 180.57577185566402, 210.72312377696213, 377.5371441947221, 104.78476757674542, 525.511908762012, 416.3083746222829, 316.42849827138997, 204.8516922184267, 380.8082176520405, 189.1397093628471, 117.91924221228379, 572.7294359855017, 668.7229544481916, 874.7590767499843, 317.3095751176195, 598.2143572063165, 709.2361108708299, 742.2242971735972, 342.56627629787044, 204.6942879865159, 1012.1532458198218, 426.3246906923876, 670.933348813148, 441.7345785800302, 718.1698952785315, 565.2085093812665, 1264.2081784882635, 658.6197164398432, 594.2943119822921, 520.8288266659506, 209.41556142089334, 1553.6338603873128, 1680.7173827312868, 694.7758293361345, 1351.3363081450843, 1660.4629897649565, 2084.0177794113442, 1873.4651625631711, 1073.1957487676682, 641.7292093848794, 3005.1604120091038, 699.8827587120853, 1245.300004225828, 1786.8594683725578, 672.867826043072, 1827.6471014385706, 1423.8684552084248, 1621.0668988940365, 426.06461004871755, 1296.1052211872336, 1188.576861312603, 695.8742098013412, 616.2332323789501, 924.7421530837621, 1481.4600097365528, 943.5400082885357, 1597.829494650072]",16,469.75461243984626,142.93128612816292,785.6297514477797,"[29, 77, 113, 162, 194, 247, 281, 315, 349, 378, 415, 457, 487, 516, 551, 588]","[785.6297514477797, 585.3987523116374, 271.3227025834311, 765.8899791126844, 548.2549219318206, 404.05040238870174, 317.4808358323323, 592.8855967203477, 142.93128612816292, 732.9496868105671, 184.08899808379493, 465.86528428745476, 271.5784208005848, 656.9540309675771, 594.4422381478938, 196.35091148276928]","[22, 72, 108, 72, 173, 224, 224, 173, 338, 72, 405, 420, 471, 420, 521, 572]","[72, 122, 122, 173, 224, 273, 296, 321, 354, 420, 420, 471, 492, 572, 572, 592]",111360537.2042836,707.2949287224544,-707.2949287224544,825219.1422583922,0.09783836251659098,0.13138064779338252,0.4983277591973244,SWT,txu.059172014718829,55684560.364283636,,0.0,-48.5,54.0,0.0,-62.0,,188.49492872245446,323.3546124398463,2731.92620096246,323.3546124398463,,825219.1422583922,323.3546124398463,,,137.93128612816292,0.0,-62.0,266.8297514477797,188.49492872245446,,89.43879976161952,0.42626939593673036,0.0,0.20290540641105562,0.04590501661009263,0.688888888888889,0.0,0.32527654929977357,0.5163720910723653,0.42584286272260025,0.42584286272260025,0.4258428627225999,,0.1353808058199203,0.49640650108843815,0.3885523682497112,,,,,0.4,,0.45902479009873054,0.19310344827586207,0.0136986301369863,0.27227612858148326,0.27227612858148326,0.006896551724137917,2.1648821134887863,0.7006190048493238,44,0.8743634571024023,0.3413467546391401,79,0,0.3616632585053091,0.6240444525724875,60,0,0.301327011949711,0.407805529007068,77,16.391054470858997,0.8453674106522736,65.0,61.50139017608897,0.6160799317412311,63,db,0.9102447150279618,0.7868127372464527,0.12678487830649093,4,48.25,0.7213708384511469,0.9934328457827173,0.05770347036836083,0.8922114635233274,0.1439258185956941,0.18671517321505826,0.005316715287501883,0.702127659574468,0.0,0.030344209893147955,,0.1683801564394376,0.1316841094447715,0.1316841094447715,0.13168410944477144,,0.9934328457827173,0.11294904340788992,0.05628825993349035,0.14673527464815658,,,,,0.09523809523809523,,0.07128047235710544,0.3426966292134831,0.19101123595505617,0.0869899959285036,0.0869899959285036,0.1864406779661017,1.122266136651791,0.320483740425553,126,0.7603346633632494,0.3772134153466887,182,39.59797974644666,0.8132170766677045,154.0,148.9090909090909,0.543400991164041,164,118.36842105263158,113.5,63.686700255812326,76,0.9215768985091536,0.8701992891677452,0.0938363842932689,6,124.5
smoothed,rbio2.4,95406.41816417861,0.6488294314381271,28.747901276507676,12.198148257309022,598,1,False,False,119.93289667487556,,9.037691027552762,51196.638836773775,1.0,7.632583081690048e-05,0.9753646554530345,428.0791307672991,,,,[],[],15,461.978198142164,16.663413240399223,753.0422054593787,"[7, 54, 90, 140, 169, 226, 270, 328, 358, 395, 432, 486, 529, 561, 590]","[651.5193493505201, 753.0422054593787, 212.86344793275407, 551.096928169883, 16.663413240399223, 584.863486680232, 420.60700082797945, 358.72189922200926, 688.7595699234479, 200.84484236127395, 405.9411642444322, 562.2007143432031, 733.1084233559916, 545.155021499225, 244.28550552173144]","[1, 48, 84, 99, 168, 149, 251, 299, 149, 394, 397, 397, 397, 549, 582]","[48, 596, 99, 149, 202, 299, 299, 350, 397, 397, 449, 498, 596, 596, 596]",110411345.78849612,706.0417015973853,-706.0417015973853,0.0,,,,SWT,txu.059172014718829,54735368.94849616,,0.0,-49.0,55.0,0.0,-31.0,,187.24170159738537,315.57819814216396,3318.32702786754,315.57819814216407,,0.0,315.57819814216396,,,11.663413240399223,0.0,-40.0,234.24220545937874,187.24170159738537,,126.17913076729911,0.2298998674716552,0.9803278763411366,0.30436266637305304,0.10492262670461218,0.288888888888889,0.9790759792545788,0.16527981339015466,0.007499391391265514,0.37675927100649936,0.37675927100649936,0.3767592710064998,,0.9539003028531824,0.7933266062750866,0.26619540687641063,,,,,0.6000000000000001,,0.256275165196271,0.18620689655172412,0.3150684931506849,0.2636442434328057,0.2636442434328057,0.43448275862068964,1.9586636899912055,0.6338807072984998,69,1.5299117277786947,0.5972692464667531,47,0,0.364701421386695,0.6292867564215877,59,0,0.42109659921144105,0.5698975352171832,49,10.132456102380443,0.904410791486977,56.0,54.69960910151693,0.688054452347262,44,rbio,0.602964079377041,1.0,0.2779251444360713,3,33.75,0.31601507526744915,0.0,0.03112121188336439,0.7353983567290667,0.7155950144002324,0.22121840052872485,0.01215213008511612,0.31914893617021267,0.9790759792545788,0.015418527279041916,,0.002445423983003181,0.11650590727376095,0.11650590727376095,0.11650590727376114,,0.0,0.7958449210080714,0.08995646537314433,0.10052764911468773,,,,,0.1428571428571429,,0.03979614003996679,0.3370786516853932,0.4382022471910112,0.08423217923024665,0.08423217923024665,0.536723163841808,0.8943599830001786,0.25540094570969324,179,1.3014555216123225,0.645671578430524,104,53.033008588991066,0.7498442991085328,141.5,131.56183745583039,0.5411957344599267,165,87.36666666666666,69.5,73.18633909333803,30,0.6802076177391039,1.0,0.22385466758262726,4,124.75
smoothed,db28,64968.51208574403,0.6755852842809364,26.257884639060162,7.359982085088202,598,1,False,False,120.52591795442055,,9.017870787445023,51700.48117420387,1.0,9.262774311486289e-05,-0.14836378773463196,210.45409369856915,0.018394648829431436,23580.73503405126,50.0,"[0.0, 0.0016722408026755853, 0.0033444816053511705, 0.005016722408026756, 0.006688963210702341, 0.008361204013377926, 0.010033444816053512, 0.011705685618729096, 0.013377926421404682, 0.015050167224080268, 0.016722408026755852, 0.018394648829431436, 0.020066889632107024, 0.021739130434782608, 0.023411371237458192, 0.02508361204013378, 0.026755852842809364, 0.028428093645484948, 0.030100334448160536, 0.03177257525083612, 0.033444816053511704, 0.03511705685618729, 0.03678929765886287, 0.038461538461538464, 0.04013377926421405, 0.04180602006688963, 0.043478260869565216, 0.0451505016722408, 0.046822742474916385, 0.048494983277591976, 0.05016722408026756, 0.051839464882943144, 0.05351170568561873, 0.05518394648829431, 0.056856187290969896, 0.05852842809364548, 0.06020066889632107, 0.061872909698996656, 0.06354515050167224, 0.06521739130434782, 0.06688963210702341, 0.06856187290969899, 0.07023411371237458, 0.07190635451505016, 0.07357859531772575, 0.07525083612040134, 0.07692307692307693, 0.07859531772575251, 0.0802675585284281, 0.08193979933110368, 0.08361204013377926, 0.08528428093645485, 0.08695652173913043, 0.08862876254180602, 0.0903010033444816, 0.09197324414715718, 0.09364548494983277, 0.09531772575250835, 0.09698996655518395, 0.09866220735785954, 0.10033444816053512, 0.1020066889632107, 0.10367892976588629, 0.10535117056856187, 0.10702341137123746, 0.10869565217391304, 0.11036789297658862, 0.11204013377926421, 0.11371237458193979, 0.11538461538461538, 0.11705685618729096, 0.11872909698996656, 0.12040133779264214, 0.12207357859531773, 0.12374581939799331, 0.1254180602006689, 0.12709030100334448, 0.12876254180602006, 0.13043478260869565, 0.13210702341137123, 0.13377926421404682, 0.1354515050167224, 0.13712374581939799, 0.13879598662207357, 0.14046822742474915, 0.14214046822742474, 0.14381270903010032, 0.1454849498327759, 0.1471571906354515, 0.14882943143812707, 0.1505016722408027, 0.15217391304347827, 0.15384615384615385, 0.15551839464882944, 0.15719063545150502, 0.1588628762541806, 0.1605351170568562, 0.16220735785953178, 0.16387959866220736, 0.16555183946488294, 0.16722408026755853, 0.1688963210702341, 0.1705685618729097, 0.17224080267558528, 0.17391304347826086, 0.17558528428093645, 0.17725752508361203, 0.17892976588628762, 0.1806020066889632, 0.18227424749163879, 0.18394648829431437, 0.18561872909698995, 0.18729096989966554, 0.18896321070234112, 0.1906354515050167, 0.1923076923076923, 0.1939799331103679, 0.1956521739130435, 0.19732441471571907, 0.19899665551839466, 0.20066889632107024, 0.20234113712374582, 0.2040133779264214, 0.205685618729097, 0.20735785953177258, 0.20903010033444816, 0.21070234113712374, 0.21237458193979933, 0.2140468227424749, 0.2157190635451505, 0.21739130434782608, 0.21906354515050167, 0.22073578595317725, 0.22240802675585283, 0.22408026755852842, 0.225752508361204, 0.22742474916387959, 0.22909698996655517, 0.23076923076923075, 0.23244147157190634, 0.23411371237458192, 0.23578595317725753, 0.23745819397993312, 0.2391304347826087, 0.2408026755852843, 0.24247491638795987, 0.24414715719063546, 0.24581939799331104, 0.24749163879598662, 0.2491638795986622, 0.2508361204013378, 0.2525083612040134, 0.25418060200668896, 0.25585284280936454, 0.25752508361204013, 0.2591973244147157, 0.2608695652173913, 0.2625418060200669, 0.26421404682274247, 0.26588628762541805, 0.26755852842809363, 0.2692307692307692, 0.2709030100334448, 0.2725752508361204, 0.27424749163879597, 0.27591973244147155, 0.27759197324414714, 0.2792642140468227, 0.2809364548494983, 0.2826086956521739, 0.2842809364548495, 0.28595317725752506, 0.28762541806020064, 0.28929765886287623, 0.2909698996655518, 0.2926421404682274, 0.294314381270903, 0.29598662207357856, 0.29765886287625415, 0.29933110367892973, 0.3010033444816054, 0.30267558528428096, 0.30434782608695654, 0.3060200668896321, 0.3076923076923077, 0.3093645484949833, 0.3110367892976589, 0.31270903010033446, 0.31438127090301005, 0.31605351170568563, 0.3177257525083612, 0.3193979933110368, 0.3210702341137124, 0.32274247491638797, 0.32441471571906355, 0.32608695652173914, 0.3277591973244147, 0.3294314381270903, 0.3311036789297659, 0.33277591973244147, 0.33444816053511706, 0.33612040133779264, 0.3377926421404682, 0.3394648829431438, 0.3411371237458194, 0.342809364548495, 0.34448160535117056, 0.34615384615384615, 0.34782608695652173, 0.3494983277591973, 0.3511705685618729, 0.3528428093645485, 0.35451505016722407, 0.35618729096989965, 0.35785953177257523, 0.3595317725752508, 0.3612040133779264, 0.362876254180602, 0.36454849498327757, 0.36622073578595316, 0.36789297658862874, 0.3695652173913043, 0.3712374581939799, 0.3729096989966555, 0.3745819397993311, 0.37625418060200666, 0.37792642140468224, 0.37959866220735783, 0.3812709030100334, 0.382943143812709, 0.3846153846153846, 0.3862876254180602, 0.3879598662207358, 0.3896321070234114, 0.391304347826087, 0.39297658862876256, 0.39464882943143814, 0.3963210702341137, 0.3979933110367893, 0.3996655518394649, 0.4013377926421405, 0.40301003344481606, 0.40468227424749165, 0.40635451505016723, 0.4080267558528428, 0.4096989966555184, 0.411371237458194, 0.41304347826086957, 0.41471571906354515, 0.41638795986622074, 0.4180602006688963, 0.4197324414715719, 0.4214046822742475, 0.4230769230769231, 0.42474916387959866, 0.42642140468227424, 0.4280936454849498, 0.4297658862876254, 0.431438127090301, 0.4331103678929766, 0.43478260869565216, 0.43645484949832775, 0.43812709030100333, 0.4397993311036789, 0.4414715719063545, 0.4431438127090301, 0.44481605351170567, 0.44648829431438125, 0.44816053511705684, 0.4498327759197324, 0.451505016722408, 0.4531772575250836, 0.45484949832775917, 0.45652173913043476, 0.45819397993311034, 0.4598662207357859, 0.4615384615384615, 0.4632107023411371, 0.4648829431438127, 0.46655518394648826, 0.46822742474916385, 0.46989966555183943, 0.47157190635451507, 0.47324414715719065, 0.47491638795986624, 0.4765886287625418, 0.4782608695652174, 0.479933110367893, 0.4816053511705686, 0.48327759197324416, 0.48494983277591974, 0.4866220735785953, 0.4882943143812709, 0.4899665551839465, 0.4916387959866221, 0.49331103678929766, 0.49498327759197325, 0.49665551839464883, 0.4983277591973244]","[243359.28402672455, 5686.18652903568, 4435.287915620612, 4993.387664610166, 10023.55902078876, 6248.702915215087, 3930.43214054573, 7253.747751422, 4442.674149024334, 6936.972572647847, 7372.288004403252, 3811.2970233858105, 23580.73503405126, 8212.101621759213, 9743.50724243298, 9591.582384859672, 2069.4775819732417, 5169.274339623657, 3763.6615192998265, 3963.7306551670854, 2006.3131789845393, 1344.5096695675275, 5900.044481185835, 2932.8569102373335, 21831.760573206986, 3049.7001772079275, 3025.5953985442925, 2197.049682320658, 7829.876342067082, 2500.08882688819, 4425.048224060015, 1569.797596520257, 2140.484616080596, 829.5704371185643, 3622.645798808065, 5425.872277970397, 22416.963715469214, 4847.540612453205, 8245.26794818151, 1959.6056463067498, 4116.4061089813085, 6541.741787606723, 781.8007512319826, 6476.178128852252, 3880.307878809534, 1514.8868958743255, 2229.1513151358063, 3403.386561674189, 16313.53876919553, 2621.4101756036735, 5734.6936457735965, 2410.4254164030235, 626.460280126122, 6352.50524925655, 3958.613708980933, 2918.8790432637024, 2422.7981817886416, 1980.9453450139877, 4908.908231569095, 3444.3146739101894, 8406.748374235236, 5204.690276847324, 3485.026553797819, 3823.438118942589, 1775.0896160815842, 4682.506085955923, 2930.1638037460684, 2862.822537552101, 4027.3033878230776, 3752.323542119844, 2341.8702427439375, 2712.9607078996464, 6525.639161076068, 2128.5167512237495, 395.50173436611755, 1758.731973567272, 2368.6930622737273, 1735.272569631709, 994.3041337191678, 2453.5584288093096, 2555.088229133613, 1043.6270906342143, 1149.249768801553, 3464.4149561539666, 1936.8727328820592, 2733.208574533349, 1585.0379858827416, 2008.2897272129649, 2218.4873642141883, 2196.3091415723065, 1616.7331706660298, 3149.9994166572933, 2236.8253351191465, 1996.1317579498534, 514.6910323564134, 1096.0125895600702, 1758.3581273882994, 434.4632782353906, 1462.6277847533606, 139.57497747376667, 390.6118933105814, 139.85809094721773, 1972.5436246256352, 579.1871059540607, 809.9167176779525, 1630.5782786400855, 742.8697148677317, 482.9339626043113, 506.74919382663273, 823.6407801385459, 129.8897763631676, 813.0398972753173, 466.1972676069532, 595.0341806032561, 652.1869491279409, 499.3558704444143, 597.4982246696143, 282.18703443358015, 755.1444826933491, 363.65516321814954, 765.3316940645009, 663.8980353837758, 204.006826519073, 1121.6474412278549, 696.0499646642238, 680.2952452059621, 643.0848034443716, 177.67515438261353, 386.44403934908377, 377.23087011046556, 999.682999382513, 701.7754228126902, 460.8199770439127, 624.6411679389882, 124.81902384303203, 738.3524514693083, 874.497133738842, 968.9066047662801, 649.1395378615655, 1076.7559157557848, 920.2281698774757, 1320.9646623033968, 1242.0761504446073, 344.33074795937523, 3244.978735066058, 641.3083730855709, 1278.7628063188947, 660.1027998737868, 1115.0736580027385, 1303.4464208130285, 1025.1195070750566, 618.8095634555249, 469.95981632203006, 704.5145055328653, 765.3945919959061, 360.4034757744512, 189.30900289179155, 142.20716294796537, 521.8470110988587, 1544.4328849330757, 580.4252307206542, 695.4711756016267, 252.49691267454318, 1609.4083342432393, 770.6839656083049, 3635.9098789528575, 1656.265239035486, 2278.9400698408845, 828.7298490343472, 2419.245037791653, 489.8388650490465, 637.2076525360003, 1024.7927975753635, 334.71840302624304, 351.82667491944574, 803.7305720040496, 1141.6374380575414, 854.7182801691455, 1490.84170164822, 673.960822380846, 1390.5126929879805, 1047.7432456974204, 1457.9200148803927, 1295.6882634779731, 1192.7064429087236, 641.105697199964, 1046.3304522944406, 993.8248555788934, 988.3205053866976, 657.222369916219, 765.2666274133165, 1262.3590902472788, 1215.7298277562527, 769.395655218607, 575.6501735875084, 620.1380527810217, 557.2227286071221, 818.168773217686, 1432.906896749286, 698.1045126401317, 1249.4342612062608, 509.8971177206776, 1161.3832591361297, 1271.6493482936608, 882.3112517768765, 1259.8467111748414, 1254.950994778665, 1309.3129764138253, 560.1963348828024, 534.7775635242058, 387.8727442808773, 326.9402611387591, 376.5347749750739, 927.1192509562528, 1458.0507132425803, 603.1129506403731, 76.2951020867981, 274.8590029160125, 1003.7741145762493, 853.6145005935527, 911.6506603619733, 385.9085630112839, 932.960749304407, 198.28762570462928, 86.68708190706543, 1117.5987006803139, 29.705961910604994, 320.98751239420943, 426.0313910611783, 206.4014215545181, 356.13449449194036, 157.07387369841908, 362.57045968399007, 216.98599963266085, 352.8922037052647, 451.28623700775154, 142.92697401417877, 425.45471951100734, 116.99113851658072, 282.3132900177674, 209.58497586057877, 379.9175004582692, 180.5757685927351, 210.72312042258204, 377.53713966939756, 104.78476673238704, 525.511906188247, 416.3083735078887, 316.42849786659565, 204.85169211794718, 380.8082176141545, 189.13970937415604, 117.91924222410408, 572.7294360369723, 668.7229544913807, 874.7590767854098, 317.3095751248414, 598.214357213203, 709.2361108745012, 742.2242971750675, 342.56627629806405, 204.69428798652638, 1012.1532458197152, 426.32469069234605, 670.9333488131008, 441.734578580014, 718.1698952785202, 565.2085093812661, 1264.2081784882591, 658.6197164398412, 594.2943119822927, 520.8288266659542, 209.41556142089405, 1553.6338603873112, 1680.7173827312915, 694.775829336142, 1351.3363081450864, 1660.462989764958, 2084.0177794113433, 1873.4651625631718, 1073.1957487676698, 641.7292093848811, 3005.1604120091047, 699.8827587120837, 1245.300004225827, 1786.8594683725591, 672.867826043072, 1827.64710143857, 1423.8684552084253, 1621.066898894038, 426.064610048717, 1296.1052211872327, 1188.5768613126013, 695.8742098013416, 616.2332323789495, 924.742153083763, 1481.460009736551, 943.5400082885365, 1597.8294946500744]",16,440.75691438095384,48.64210786700448,775.251210797414,"[1, 31, 77, 111, 162, 192, 247, 279, 313, 347, 377, 414, 461, 514, 551, 580]","[80.08341699356646, 775.251210797414, 724.0317448261405, 245.51720707321778, 572.7157264452603, 48.64210786700448, 419.418962923437, 366.25369701057974, 582.578546250131, 395.3395012817132, 711.1456154654533, 167.01499871450346, 496.7327070145649, 668.3543770215238, 574.2010910985099, 224.82971931224137]","[0, 20, 70, 106, 120, 190, 223, 172, 172, 319, 70, 407, 419, 70, 519, 570]","[8, 70, 172, 120, 172, 223, 272, 302, 319, 371, 419, 419, 469, 570, 570, 591]",111357827.03685406,749.7464999790695,-749.7464999790695,825081.2002361406,0.09780078473821771,0.13136016510169077,0.4983277591973244,SWT,txu.059172014718829,55681850.1968541,,0.0,-57.5,54.0,0.0,-53.0,,230.94649997906959,294.35691438095387,3195.8893699047385,294.35691438095387,,825081.2002361406,294.35691438095387,,,43.64210786700448,0.0,-57.5,256.4512107974141,230.94649997906959,,91.44590630143082,0.4145258151643403,0.014779724647993375,0.20279310994709152,0.046069851086990604,0.6444444444444445,0.02463764320237216,0.32527654929977357,0.1363768666725893,0.24281362614326207,0.24281362614326207,0.24281362614326182,,0.1800961306547606,0.7313311236408055,0.3495839016483902,,,,,0.4,,0.4584458916588352,0.06896551724137931,0.07534246575342465,0.5646709228992355,0.5646709228992355,0.13103448275862067,2.1416399826345356,0.6930971732963619,46,0.875664240096358,0.34185457326979063,77,0,0.3588150593161963,0.6191299281855398,63,0,0.3008424445002019,0.4071497322240048,78,14.98888477061141,0.8585954266923452,66.0,63.071912335438704,0.6179769586291914,62,db,0.9102447150279618,0.7868127372464527,0.12678487830649093,4,47.5,0.7342124182086094,0.9932667854858811,0.05611375885827475,0.8971792676125008,0.15254447925774262,0.18667698382945758,0.005335806403200083,0.6595744680851063,0.024637643202372106,0.030344209893147955,,0.04447017672346047,0.07508566872602462,0.07508566872602462,0.0750856687260246,,0.9932667854858811,0.1502553154098929,0.08292670683136633,0.13201898640335677,,,,,0.09523809523809523,,0.07119057709407697,0.24157303370786515,0.24157303370786515,0.18040774099389564,0.18040774099389564,0.288135593220339,1.1112740789097724,0.3173447561284363,127,0.7593435190844576,0.3767216938238916,183,39.59797974644666,0.8132170766677045,155.0,149.941935483871,0.5410425005980032,166,118.36842105263158,113.5,63.686700255812326,76,0.9215768985091536,0.8701992891677452,0.0938363842932689,6,126.0
smoothed,sym16,65685.29643544658,0.6622073578595318,25.142971869810662,11.828743511276475,598,1,False,False,120.37207670199929,,9.014484915828284,51700.481174196124,1.0,9.532007920777471e-05,0.9415925800955219,427.9585429978819,,,,[],[],16,492.154321371109,16.591753284444167,761.6961526097305,"[8, 53, 89, 140, 170, 225, 269, 327, 357, 394, 431, 462, 493, 528, 560, 593]","[732.763337398763, 761.6961526097305, 240.04743800897808, 565.9694834168678, 525.4142177475186, 706.1099417799072, 449.96234271829314, 398.64348439553413, 590.1719263069722, 258.0432419566188, 440.00269525954707, 16.591753284444167, 557.394062697579, 706.5443743237903, 603.0357713296105, 322.07891870359015]","[0, 50, 85, 98, 151, 151, 250, 298, 298, 392, 399, 448, 151, 50, 548, 583]","[50, 151, 98, 151, 201, 399, 298, 350, 399, 399, 448, 463, 498, 597, 597, 597]",111334579.51137874,698.7262546643445,-698.7262546643445,0.0,,,,SWT,txu.059172014718829,55658602.67137878,,0.0,-48.5,54.0,0.0,-30.5,,179.92625466434458,345.754321371109,2373.530858062256,345.754321371109,,0.0,345.754321371109,,,11.591753284444167,0.0,-48.5,242.8961526097305,179.92625466434458,,126.05854299788194,0.3666302539050585,0.9066061278393323,0.18544208511802332,0.04745577915939356,0.46666666666666673,0.9503916795871092,0.32527654929731287,0.00721059429338225,0.5672265552130168,0.5672265552130168,0.5672265552130165,,0.9512137881248189,0.31493543551376635,0.29868851567260735,,,,,0.4,,0.45348016294317695,0.19310344827586207,0.19863013698630136,0.2132574488334049,0.2132574488334049,0.4413793103448276,1.8945782292354585,0.6131407827269744,77,1.708319535382461,0.666918687592353,27,0,0.3591223970307068,0.6196602347381027,62,0,0.5064685977583621,0.6854370376486085,26,25.573423705088842,0.7587412858010487,48.0,38.235573302909295,0.6529555485609018,52,sym,0.3775829929004878,0.6346964899812167,0.5452829579752935,2,39.5,0.8032796404939998,0.0,0.04963020614197514,0.9238981320962742,0.6726048539687796,0.18077630847092085,0.005496324479742992,0.4893617021276595,0.9503916795871092,0.030344209892918472,,0.0023512521612460147,0.17540442805380246,0.17540442805380246,0.17540442805380244,,0.0,0.7936035451584293,0.035710990121194386,0.11279854393604724,,,,,0.09523809523809523,,0.07041946517140013,0.3426966292134831,0.3426966292134831,0.06813401050760562,0.06813401050760562,0.5423728813559322,0.907198377502495,0.2590671854337542,174,1.3767967669711494,0.6830494987696608,74,70.71067811865476,0.6664590654780436,124.0,103.83870967741935,0.5407767025503425,167,99.42105263157895,110.0,57.971862503332275,38,0.7740590312511298,0.7921131623949381,0.22052472940572765,5,126.5
smoothed,coif17,66472.52415427285,0.6588628762541806,25.281415034938128,7.661563433000744,598,1,False,False,120.00164933006957,,9.014699126708017,51700.481174203866,1.0,9.262606545187439e-05,-0.0351436142894146,427.06876426803075,,,,[],[],16,465.4397921160917,144.12843341222998,743.3827822639958,"[23, 70, 105, 156, 187, 241, 274, 308, 342, 372, 410, 447, 481, 510, 544, 578]","[694.8059465870754, 743.3827822639958, 257.3745670149424, 532.4922683640847, 511.5484933746586, 464.26878194784194, 307.2816897164112, 595.0185213775355, 144.12843341222998, 689.7031254035587, 154.54381469560917, 479.3116295212418, 260.44512940553744, 648.5656979105567, 573.7117945756833, 390.4539982865052]","[14, 14, 102, 115, 166, 166, 268, 166, 332, 166, 399, 414, 463, 166, 515, 564]","[65, 166, 115, 166, 217, 268, 279, 315, 347, 414, 414, 463, 486, 564, 564, 597]",111347458.5096711,709.3937301466744,-709.3937301466744,0.0,,,,SWT,txu.059172014718829,55671481.66967115,,0.0,-62.0,54.0,0.0,-62.0,,190.5937301466745,319.0397921160917,2800.9633261425324,319.0397921160918,,0.0,319.0397921160917,,,139.12843341222998,0.0,-57.5,224.5827822639958,190.5937301466745,,125.16876426803077,0.25130470496976465,0.07496602307114542,0.18653981672560332,0.0489779119952288,0.4222222222222223,0.1208011554865841,0.32527654929977123,0.521196719510516,0.3986083467886144,0.3986083467886144,0.39860834678861484,,0.9313908518993371,0.5313629839747915,0.2299270216710162,,,,,0.4,,0.4562311487079728,0.006896551724137931,0.07534246575342465,0.2867320978797455,0.2867320978797455,0.006896551724137917,1.8738585823339489,0.6064353005658367,79,0.8057006746980182,0.31454117653789865,93,0,0.32856890207271133,0.5669406438290399,77,0,0.2705322205548543,0.3661289261888058,97,9.983319421247959,0.9058177413089815,86.5,85.63988785218837,0.5448900027299625,82,coif,1.0,0.7343071281019431,0.07970786156941707,5,62.75,0.734169380668515,0.0,0.034018753715091554,0.8971626184095438,0.1876415663123623,0.18114962116633482,0.005672617780900724,0.4468085106382978,0.12080115548658404,0.03034420989314779,,0.1699533857158125,0.12326233397107389,0.12326233397107389,0.12326233397107407,,0.0,0.7770651468925628,0.0602520267067968,0.08683103599627665,,,,,0.09523809523809523,,0.07084665683727978,0.19101123595505615,0.24157303370786515,0.09160855987294456,0.09160855987294456,0.1864406779661017,0.8147047741090966,0.23265393548094795,190,0.7245320213056377,0.35945118834358464,194,2.8284271247461903,0.9866583626191218,192.0,191.97916666666666,0.5404989926303156,168,128.44117647058823,122.5,52.71316963643363,34,1.0,0.7202596862948154,0.08392209411155538,7,127.75
smoothed,sym14,65535.02169747405,0.6672240802675585,25.226901691789593,11.83207240273373,598,1,False,False,120.35667884273258,,9.014404791711284,51700.481174202665,1.0,9.559125368626423e-05,0.9420933593945213,427.88839922948074,,,,[],[],16,492.38741832226356,16.81067906634479,765.1777667505534,"[8, 53, 89, 140, 170, 225, 269, 327, 357, 394, 431, 462, 493, 528, 560, 593]","[731.5604815208388, 765.1777667505534, 241.22317840897654, 567.425732382838, 524.3327900969534, 708.8974816253412, 451.72746868847366, 397.56692673999447, 591.4520506397815, 256.154354286877, 441.1315919891158, 16.81067906634479, 558.7519528440498, 705.0744844156126, 603.5792357632732, 317.3325179371931]","[0, 50, 85, 98, 151, 151, 250, 298, 298, 392, 399, 448, 151, 50, 548, 583]","[50, 151, 98, 151, 201, 399, 298, 350, 399, 399, 448, 463, 498, 597, 597, 597]",111336444.0566324,698.8466460171996,-698.8466460171996,0.0,,,,SWT,txu.059172014718829,55660467.21663244,,0.0,-48.5,54.0,0.0,-30.5,,180.0466460171997,345.9874183222636,2369.801306843783,345.9874183222636,,0.0,345.9874183222636,,,11.81067906634479,0.0,-48.5,246.3777667505534,180.0466460171997,,125.98839922948076,0.3618364219506019,0.907270471493379,0.18503148610517275,0.047165217600654785,0.5333333333333334,0.9508170162988068,0.32527654929939004,0.008092888032222662,0.5686978291373177,0.5686978291373177,0.5686978291373173,,0.9496510901180188,0.313047002398942,0.31176098596837715,,,,,0.4,,0.45387843440297565,0.19310344827586207,0.19863013698630136,0.21408667149380806,0.21408667149380806,0.4413793103448276,1.9015085582701148,0.6153836393708931,74,1.7358531666154424,0.6776676679945707,19,0,0.36025400846180644,0.621612813053533,61,0,0.5151208310554625,0.6971466701637494,18,28.786570943178813,0.7284285760077471,43.0,28.965757922584757,0.6613840993246283,48,sym,0.3775829929004878,0.6346964899812167,0.5452829579752935,2,36.5,0.8102361523623617,0.0,0.048981272057633925,0.9265892798178736,0.6729922598679817,0.18063667340606246,0.005462671663659102,0.553191489361702,0.9508170162988068,0.030344209893112206,,0.002638953143425299,0.1758593925804642,0.1758593925804642,0.17585939258046418,,0.0,0.7922997765485846,0.03549685792550156,0.11773531096135309,,,,,0.09523809523809523,,0.0704813114559433,0.3426966292134831,0.3426966292134831,0.0683989403647624,0.0683989403647624,0.5423728813559322,0.9095404840661627,0.25973601704818644,173,1.4032572802397505,0.696176955747256,67,74.95331880577403,0.6464466094067263,120.0,96.59166666666667,0.5402044367788348,169,99.42105263157895,110.0,57.971862503332275,38,0.7740590312511298,0.7921131623949381,0.22052472940572765,5,128.0
raw,sym4,1856697.5160339836,0.6421404682274248,141.44524382649502,7.056280687428459,598,1,False,False,126.13126000974285,,9.234137293475065,71508.30122014304,1.0,2.9624394903471265e-06,-0.14461200287687206,416.30327059690313,,,,[],[],15,882.5304097639405,101.74406074778699,1480.889316092221,"[16, 57, 112, 154, 188, 225, 269, 311, 361, 405, 435, 485, 525, 565, 594]","[851.6747203286872, 1233.3389828796637, 835.7592605958646, 922.6172698588815, 710.7923265773882, 1087.511995143244, 1048.4155519821113, 726.7842650804267, 915.8171526485155, 808.9638448234782, 442.82958092285645, 1480.889316092221, 1189.1960421709077, 881.6217766070757, 101.74406074778699]","[1, 37, 96, 147, 187, 198, 248, 298, 347, 400, 434, 287, 495, 545, 590]","[37, 287, 147, 198, 198, 287, 287, 347, 410, 410, 446, 495, 545, 596, 596]",135935031.1341535,1315.040008011272,-1315.040008011272,0.0,,,,SWT,txu.059172014718829,67709198.13415349,,0.0,-78.5,71.0,0.0,-78.5,,560.040008011272,522.6583167406848,17711.04385354089,522.6583167406848,,0.0,522.6583167406848,,,98.74406074778699,0.0,-78.5,725.889316092221,560.040008011272,,119.30327059690313,0.23826872530596344,0.11720066749334679,0.5635720901587401,0.17020359181503214,0.23913043478260876,0.0008746443341888233,3.29407134416494e-11,0.10024728379104986,0.37326681650322513,0.37326681650322513,0.37326681650322513,,0.5121150843422236,0.7675054003583641,0.7432820263376729,,,,,0.6000000000000001,,0.04462743985006446,0.00684931506849315,0.0078125,0.8843293133746476,0.8843293133746476,0.0,1.9949772022910888,0.6834546667344448,25,0.6046908907345785,0.35570052396151675,106,0,0.4050641518576314,0.671749659770116,28,0,0.18989287913183162,0.3323125384807053,106,45.9156835950419,0.5668331736316803,66.25,42.291251068680545,0.47091658681584014,106,sym,1.0,1.0,0.0,5,80.75,,,0.2923477347040877,0.0073367614160367856,0.11720066749334679,0.5635720901587401,0.4065790722742796,0.2340425531914893,0.027824220278510226,0.6171254573583496,,0.1168823240099438,0.5206901219216292,0.5206901219216292,0.5206901219216292,,0.0,0.668042681975635,0.9163143500968864,0.797660400099385,,,,,0.9047619047619048,,0.4701333119876808,0.005617977528089874,0.005617977528089874,0.9046017466807215,0.9046017466807215,0.0,2.6546302350949116,0.7580784979650083,30,0.996898222879895,0.4945761406459976,167,96.87362902255701,0.5430489197049198,98.5,50.86294416243655,0.5392131390977429,170,99.42105263157895,110.0,57.971862503332275,38,0.7740590312511298,0.7921131623949381,0.22052472940572765,5,128.75
smoothed,db18,64928.37245980448,0.6538461538461539,25.079123030427372,7.73219102170044,598,1,False,False,120.46277741128566,,9.016950709295525,51700.48117420387,1.0,9.388306559421678e-05,-0.010250996275222876,425.44289927100897,,,,[],[],16,446.49005625481857,157.23296634135932,733.3944596560004,"[22, 68, 102, 140, 181, 238, 270, 305, 339, 369, 406, 444, 476, 506, 541, 588]","[725.5933351925987, 722.1596006674667, 244.7639202348882, 235.84848610631406, 564.1083390750778, 273.9056390351808, 318.89399052477313, 733.3944596560004, 157.23296634135932, 628.2308705640955, 206.02064161913495, 417.8849205566425, 261.83238200051693, 585.3592148588815, 660.7961825845542, 407.8159510596129]","[12, 62, 97, 113, 163, 214, 214, 62, 312, 312, 404, 411, 462, 411, 411, 561]","[62, 163, 113, 146, 214, 252, 275, 411, 344, 411, 411, 462, 483, 512, 561, 597]",111336168.58213247,700.5363918472266,-700.5363918472266,0.0,,,,SWT,txu.059172014718829,55660191.742132515,,0.0,-53.0,54.0,0.0,-44.0,,181.73639184722663,300.0900562548186,3104.159099922903,300.0900562548186,,0.0,300.0900562548186,,,152.23296634135932,0.0,-62.0,214.59445965600048,181.73639184722663,,123.54289927100899,0.3948682025015116,0.08906110275631318,0.19807813530431384,0.04599223969044092,0.3555555555555556,0.14194369135588458,0.32527654929977357,0.5740093542464588,0.2790003806312691,0.2790003806312691,0.2790003806312688,,0.8951690171150908,0.6848841198813531,0.19242371276995474,,,,,0.4,,0.4538195923711144,0.13103448275862067,0.0136986301369863,0.2257251779093513,0.2257251779093513,0.25517241379310346,1.8522492351227586,0.5994418854305668,82,0.8529672914578115,0.3329938075378214,83,0,0.3259108547190128,0.5623542235423736,80,0,0.28964887750451884,0.3920007468057562,83,1.4142135623730951,0.9866583626191218,82.0,81.98148008732967,0.6065367284793721,65,db,0.9102447150279618,0.7868127372464527,0.12678487830649093,4,49.75,0.7664155435723573,0.0,0.0534527363203804,0.9096371443603535,0.19586098255348197,0.18507353187403452,0.005326817457568606,0.38297872340425526,0.14194369135588447,0.030344209893147955,,0.18717468766563206,0.08627576008503823,0.08627576008503823,0.0862757600850382,,0.0,0.7468450461583325,0.07766001307330433,0.07266805879811619,,,,,0.09523809523809523,,0.07047217406747103,0.29213483146067415,0.19101123595505617,0.07211734796434374,0.07211734796434374,0.3898305084745763,0.8108461221422998,0.23155202642842243,192,0.723750378263426,0.3590634035223187,195,2.1213203435596424,0.9899937719643414,193.5,193.48837209302326,0.5386289614538688,171,118.36842105263158,113.5,63.686700255812326,76,0.9215768985091536,0.8701992891677452,0.0938363842932689,6,129.75
smoothed,coif14,66336.97291561449,0.6605351170568562,25.196140071903883,7.7193526274399185,598,1,False,False,119.98622658982936,,9.01456471843311,51700.48117420387,1.0,9.275953710783932e-05,-0.013598549505491166,216.0095132765489,0.018394648829431436,23580.735034051264,50.0,"[0.0, 0.0016722408026755853, 0.0033444816053511705, 0.005016722408026756, 0.006688963210702341, 0.008361204013377926, 0.010033444816053512, 0.011705685618729096, 0.013377926421404682, 0.015050167224080268, 0.016722408026755852, 0.018394648829431436, 0.020066889632107024, 0.021739130434782608, 0.023411371237458192, 0.02508361204013378, 0.026755852842809364, 0.028428093645484948, 0.030100334448160536, 0.03177257525083612, 0.033444816053511704, 0.03511705685618729, 0.03678929765886287, 0.038461538461538464, 0.04013377926421405, 0.04180602006688963, 0.043478260869565216, 0.0451505016722408, 0.046822742474916385, 0.048494983277591976, 0.05016722408026756, 0.051839464882943144, 0.05351170568561873, 0.05518394648829431, 0.056856187290969896, 0.05852842809364548, 0.06020066889632107, 0.061872909698996656, 0.06354515050167224, 0.06521739130434782, 0.06688963210702341, 0.06856187290969899, 0.07023411371237458, 0.07190635451505016, 0.07357859531772575, 0.07525083612040134, 0.07692307692307693, 0.07859531772575251, 0.0802675585284281, 0.08193979933110368, 0.08361204013377926, 0.08528428093645485, 0.08695652173913043, 0.08862876254180602, 0.0903010033444816, 0.09197324414715718, 0.09364548494983277, 0.09531772575250835, 0.09698996655518395, 0.09866220735785954, 0.10033444816053512, 0.1020066889632107, 0.10367892976588629, 0.10535117056856187, 0.10702341137123746, 0.10869565217391304, 0.11036789297658862, 0.11204013377926421, 0.11371237458193979, 0.11538461538461538, 0.11705685618729096, 0.11872909698996656, 0.12040133779264214, 0.12207357859531773, 0.12374581939799331, 0.1254180602006689, 0.12709030100334448, 0.12876254180602006, 0.13043478260869565, 0.13210702341137123, 0.13377926421404682, 0.1354515050167224, 0.13712374581939799, 0.13879598662207357, 0.14046822742474915, 0.14214046822742474, 0.14381270903010032, 0.1454849498327759, 0.1471571906354515, 0.14882943143812707, 0.1505016722408027, 0.15217391304347827, 0.15384615384615385, 0.15551839464882944, 0.15719063545150502, 0.1588628762541806, 0.1605351170568562, 0.16220735785953178, 0.16387959866220736, 0.16555183946488294, 0.16722408026755853, 0.1688963210702341, 0.1705685618729097, 0.17224080267558528, 0.17391304347826086, 0.17558528428093645, 0.17725752508361203, 0.17892976588628762, 0.1806020066889632, 0.18227424749163879, 0.18394648829431437, 0.18561872909698995, 0.18729096989966554, 0.18896321070234112, 0.1906354515050167, 0.1923076923076923, 0.1939799331103679, 0.1956521739130435, 0.19732441471571907, 0.19899665551839466, 0.20066889632107024, 0.20234113712374582, 0.2040133779264214, 0.205685618729097, 0.20735785953177258, 0.20903010033444816, 0.21070234113712374, 0.21237458193979933, 0.2140468227424749, 0.2157190635451505, 0.21739130434782608, 0.21906354515050167, 0.22073578595317725, 0.22240802675585283, 0.22408026755852842, 0.225752508361204, 0.22742474916387959, 0.22909698996655517, 0.23076923076923075, 0.23244147157190634, 0.23411371237458192, 0.23578595317725753, 0.23745819397993312, 0.2391304347826087, 0.2408026755852843, 0.24247491638795987, 0.24414715719063546, 0.24581939799331104, 0.24749163879598662, 0.2491638795986622, 0.2508361204013378, 0.2525083612040134, 0.25418060200668896, 0.25585284280936454, 0.25752508361204013, 0.2591973244147157, 0.2608695652173913, 0.2625418060200669, 0.26421404682274247, 0.26588628762541805, 0.26755852842809363, 0.2692307692307692, 0.2709030100334448, 0.2725752508361204, 0.27424749163879597, 0.27591973244147155, 0.27759197324414714, 0.2792642140468227, 0.2809364548494983, 0.2826086956521739, 0.2842809364548495, 0.28595317725752506, 0.28762541806020064, 0.28929765886287623, 0.2909698996655518, 0.2926421404682274, 0.294314381270903, 0.29598662207357856, 0.29765886287625415, 0.29933110367892973, 0.3010033444816054, 0.30267558528428096, 0.30434782608695654, 0.3060200668896321, 0.3076923076923077, 0.3093645484949833, 0.3110367892976589, 0.31270903010033446, 0.31438127090301005, 0.31605351170568563, 0.3177257525083612, 0.3193979933110368, 0.3210702341137124, 0.32274247491638797, 0.32441471571906355, 0.32608695652173914, 0.3277591973244147, 0.3294314381270903, 0.3311036789297659, 0.33277591973244147, 0.33444816053511706, 0.33612040133779264, 0.3377926421404682, 0.3394648829431438, 0.3411371237458194, 0.342809364548495, 0.34448160535117056, 0.34615384615384615, 0.34782608695652173, 0.3494983277591973, 0.3511705685618729, 0.3528428093645485, 0.35451505016722407, 0.35618729096989965, 0.35785953177257523, 0.3595317725752508, 0.3612040133779264, 0.362876254180602, 0.36454849498327757, 0.36622073578595316, 0.36789297658862874, 0.3695652173913043, 0.3712374581939799, 0.3729096989966555, 0.3745819397993311, 0.37625418060200666, 0.37792642140468224, 0.37959866220735783, 0.3812709030100334, 0.382943143812709, 0.3846153846153846, 0.3862876254180602, 0.3879598662207358, 0.3896321070234114, 0.391304347826087, 0.39297658862876256, 0.39464882943143814, 0.3963210702341137, 0.3979933110367893, 0.3996655518394649, 0.4013377926421405, 0.40301003344481606, 0.40468227424749165, 0.40635451505016723, 0.4080267558528428, 0.4096989966555184, 0.411371237458194, 0.41304347826086957, 0.41471571906354515, 0.41638795986622074, 0.4180602006688963, 0.4197324414715719, 0.4214046822742475, 0.4230769230769231, 0.42474916387959866, 0.42642140468227424, 0.4280936454849498, 0.4297658862876254, 0.431438127090301, 0.4331103678929766, 0.43478260869565216, 0.43645484949832775, 0.43812709030100333, 0.4397993311036789, 0.4414715719063545, 0.4431438127090301, 0.44481605351170567, 0.44648829431438125, 0.44816053511705684, 0.4498327759197324, 0.451505016722408, 0.4531772575250836, 0.45484949832775917, 0.45652173913043476, 0.45819397993311034, 0.4598662207357859, 0.4615384615384615, 0.4632107023411371, 0.4648829431438127, 0.46655518394648826, 0.46822742474916385, 0.46989966555183943, 0.47157190635451507, 0.47324414715719065, 0.47491638795986624, 0.4765886287625418, 0.4782608695652174, 0.479933110367893, 0.4816053511705686, 0.48327759197324416, 0.48494983277591974, 0.4866220735785953, 0.4882943143812709, 0.4899665551839465, 0.4916387959866221, 0.49331103678929766, 0.49498327759197325, 0.49665551839464883, 0.4983277591973244]","[243359.2840267246, 5686.186529035682, 4435.287915620613, 4993.387664610172, 10023.55902078876, 6248.702915215085, 3930.432140545733, 7253.747751421998, 4442.674149024336, 6936.972572647844, 7372.288004403249, 3811.29702338581, 23580.735034051264, 8212.101621759213, 9743.507242432976, 9591.58238485967, 2069.4775819732426, 5169.2743396236565, 3763.661519299825, 3963.7306551670895, 2006.3131789845413, 1344.5096695675263, 5900.044481185835, 2932.8569102373317, 21831.76057320699, 3049.700177207926, 3025.595398544296, 2197.0496823206554, 7829.876342067087, 2500.0888268881927, 4425.048224060007, 1569.7975965202497, 2140.48461608059, 829.5704371185627, 3622.645798808034, 5425.872277970308, 22416.963715468726, 4847.540612453136, 8245.267948181807, 1959.605646307132, 4116.406108983755, 6541.7417876161935, 781.8007512343921, 6476.178128890282, 3880.307878848738, 1514.886895897821, 2229.151315181383, 3403.3865617436254, 16313.538769290768, 2621.410175496994, 5734.693644928273, 2410.425415547927, 626.4602796796263, 6352.505241191027, 3958.6137008800565, 2918.8790345392867, 2422.798172355264, 1980.9453364912995, 4908.908214988929, 3444.3146746666057, 8406.748444824858, 5204.69039947944, 3485.0267221406875, 3823.4384427485484, 1775.0898522093532, 4682.506975626308, 2930.1645252990375, 2862.8233492369354, 4027.304483330881, 3752.324175329539, 2341.870051445492, 2712.959236542676, 6525.630851944226, 2128.511826500142, 395.50028860068164, 1758.7228099188778, 2368.6770216440345, 1735.2587204789315, 994.2958785757464, 2453.541185503532, 2555.079750775945, 1043.6309501265052, 1149.2667329272133, 3464.5197369675943, 1936.9693183420943, 2733.406361138125, 1585.1888722234962, 2008.5193186360964, 2218.762885008118, 2196.5682708055883, 1616.8757974209109, 3150.087031464056, 2236.6721991839063, 1995.7281492346985, 514.5008940910104, 1095.4000265708169, 1757.0376246996734, 434.06466208587887, 1461.1316465741372, 139.43160742827564, 390.2642376626326, 139.7774609522872, 1972.4179810616417, 579.5649372697375, 811.1716931036359, 1634.7743119197796, 745.5680983771557, 485.1538998873295, 509.43629736896673, 828.2246802095544, 130.5659127363498, 816.3621902820256, 467.20429207616513, 594.7413218440894, 649.8094711470184, 495.88385160942903, 591.5194475428134, 278.6848484521365, 744.6852550366492, 358.51964713930863, 755.2805866461869, 656.6744334569391, 202.4934599524118, 1118.4757718030771, 697.9984878871614, 686.6667985853079, 653.8582196845755, 182.07592044818617, 399.21014288238496, 392.60443796840326, 1045.9899365021827, 734.7385840075628, 478.978379060647, 638.9451440140274, 125.14704509438755, 728.2724089220078, 854.9395946441635, 945.0204956686183, 634.1799489944739, 1055.712750358041, 906.0975185456991, 1306.24799983196, 1233.0779293607152, 343.00513430323906, 3241.5356512306616, 641.9825527441213, 1281.8622342847925, 662.0711532972133, 1117.9973791339887, 1304.9962219452277, 1023.5254519300605, 615.1202487941532, 464.12389690890365, 690.2368890370674, 750.6148250868595, 372.09707795414766, 203.9946187690784, 151.93348060333477, 549.9138190782902, 1609.5293306531228, 599.4871736905942, 712.8115797279477, 257.0057318308447, 1627.5918327100983, 774.6139016518239, 3633.0194900160786, 1645.731424019858, 2252.7371437605702, 815.443182329837, 2371.584765570946, 478.99146470387257, 622.5955444645923, 1002.6427818318199, 328.7329734490433, 347.6787475969297, 800.5339938415183, 1146.5701883234153, 864.6510452372412, 1515.8100423481715, 686.9103909060639, 1417.2255067835883, 1065.898336027059, 1478.709366035146, 1309.4554675833413, 1200.9416786773288, 643.3094641573781, 1046.7992917645379, 991.9070047014849, 984.7288649103078, 654.1584812781574, 761.3941569430812, 1256.1503123073912, 1210.4328508661952, 766.6907123207606, 574.1898679500512, 619.1767591051031, 556.8552069162764, 818.2218108714139, 1433.7501534075816, 698.7388495972493, 1250.7420286062936, 510.4269139168559, 1162.4615667004546, 1272.6121499843434, 882.8067383186473, 1260.3130683345305, 1255.204733209794, 1309.4024899216731, 560.180786530275, 534.7304982180402, 387.82708634119456, 326.89973798835837, 376.4917964957632, 927.0310951288384, 1457.945280681961, 603.0828877741924, 76.29279492873668, 274.8549456906866, 1003.7704020769297, 853.6173335071966, 911.6570683552873, 385.9117674564335, 932.968196115673, 198.2889686137351, 86.68753360620433, 1117.6027862372139, 29.706030642234676, 320.9879211121897, 426.03162211649266, 206.40143841458536, 356.1344343941016, 157.0738309713884, 362.57035688628275, 216.9859462000322, 352.8921366563398, 451.286176976385, 142.9269619097419, 425.4546989595856, 116.99113576005446, 282.313287647246, 209.58497581455336, 379.91750174146773, 180.57576936963437, 210.72312124305216, 377.5371407978389, 104.78476694682018, 525.5119068554671, 416.3083738046017, 316.42849797884844, 204.85169214814405, 380.80821762965354, 189.13970937304995, 117.9192422217004, 572.7294360252471, 668.7229544810051, 874.7590767765723, 317.30957512297846, 598.2143572113615, 709.2361108734734, 742.2242971746263, 342.5662762979979, 204.6942879865181, 1012.1532458197292, 426.3246906923547, 670.9333488131111, 441.7345785800167, 718.1698952785216, 565.2085093812672, 1264.2081784882582, 658.6197164398401, 594.2943119822926, 520.8288266659529, 209.41556142089047, 1553.6338603873146, 1680.7173827312884, 694.7758293361385, 1351.3363081450868, 1660.4629897649556, 2084.017779411341, 1873.4651625631705, 1073.1957487676707, 641.7292093848787, 3005.1604120091047, 699.8827587120865, 1245.3000042258252, 1786.859468372557, 672.8678260430657, 1827.6471014385695, 1423.8684552084278, 1621.066898894035, 426.0646100487186, 1296.1052211872368, 1188.5768613125974, 695.8742098013394, 616.2332323789516, 924.7421530837617, 1481.4600097365578, 943.5400082885377, 1597.8294946500719]",15,466.67581260216383,44.58598575513753,739.3303956348158,"[22, 67, 103, 154, 238, 270, 305, 336, 369, 407, 444, 473, 506, 542, 573]","[710.7239732168791, 739.3303956348158, 264.54613875936036, 534.9232247958446, 444.6353541733922, 366.90352032221455, 587.0628629635773, 44.58598575513753, 686.3232351687984, 181.28739363556275, 435.24901618519306, 279.51419098400584, 673.166624335131, 628.3900900916317, 423.49518301091285]","[11, 11, 97, 112, 163, 264, 163, 334, 163, 398, 410, 460, 410, 512, 561]","[62, 410, 112, 163, 264, 275, 312, 338, 410, 410, 460, 483, 561, 561, 597]",111358016.83895002,704.6854684224087,-704.6854684224087,825199.612487979,0.09782483322699449,0.13136702646085244,0.4983277591973244,SWT,txu.059172014718829,55682039.998950064,,0.0,-58.0,55.0,0.0,-49.0,,185.88546842240874,320.2758126021638,3247.862810967543,320.27581260216385,,825199.612487979,320.2758126021638,,,39.58598575513753,0.0,-62.5,220.53039563481582,185.88546842240874,,85.89048672345109,0.24650312679528175,0.08649895680933661,0.18585103652980278,0.048715818846873135,0.44444444444444453,0.13910044826249068,0.32527654929977357,0.12003027143742111,0.40640992764178235,0.40640992764178235,0.4064099276417824,,0.05632971063873615,0.7576475251178074,0.2147114631127639,,,,,0.6000000000000001,,0.4584864338541421,0.06206896551724138,0.00684931506849315,0.2543028808281786,0.2543028808281786,0.18620689655172412,2.1272655433944108,0.6884451854338665,48,0.8279403261078658,0.3232234159103158,85,0,0.3455716973946317,0.5962787085877361,70,0,0.2767479682454411,0.37454110357288073,89,18.565200420859092,0.8248565998032161,73.0,68.82346968476487,0.5680886772600986,71,coif,1.0,0.7343071281019431,0.07970786156941707,5,54.5,0.7375933649755257,0.9934093350394426,0.03336877103617137,0.8984871971267183,0.19436689068035418,0.1809153832254151,0.0056422621737903245,0.4680851063829787,0.13910044826249063,0.030344209893147955,,0.0391398300402505,0.1256748300273481,0.1256748300273481,0.1256748300273482,,0.9934093350394426,0.046996225894470944,0.08591076212396143,0.08108494011214246,,,,,0.1428571428571429,,0.0711968727602244,0.23595505617977525,0.1853932584269663,0.08124769028816889,0.08124769028816889,0.33333333333333337,1.061932728891219,0.30325442595170143,140,0.7444676533721291,0.36934155402234037,187,33.23401871576773,0.8432357607746805,163.5,160.12232415902142,0.5360046728401704,172,128.44117647058823,122.5,52.71316963643363,34,1.0,0.7202596862948154,0.08392209411155538,7,130.75
smoothed,db10,64729.651306569445,0.6605351170568562,24.62416730432931,7.5772637216356875,598,1,False,False,120.46647905117413,,9.015186191995808,51700.48117420387,1.0,9.777359481708055e-05,-0.06953893207151167,430.10505317669475,,,,[],[],17,452.87281070929936,71.823994858383,758.3935006927766,"[15, 62, 97, 146, 176, 231, 263, 299, 328, 362, 401, 438, 471, 500, 534, 567, 596]","[758.3935006927766, 742.3250793400457, 310.14531366835706, 577.5154878345149, 534.69462151114, 451.99091583775316, 281.57466446490804, 619.0926621873899, 79.6332822081311, 692.4242881716864, 248.6546901781901, 396.1548026330605, 296.36824541389944, 639.1905203924684, 588.2537046765343, 410.60200798885, 71.823994858383]","[7, 56, 92, 107, 157, 209, 258, 157, 322, 157, 389, 404, 454, 157, 506, 555, 588]","[56, 157, 107, 157, 209, 258, 270, 306, 331, 404, 404, 454, 476, 555, 555, 588, 597]",111291766.38265969,699.5860326820616,-699.5860326820616,0.0,,,,SWT,txu.059172014718829,55615789.54265973,,0.0,-57.0,53.0,0.0,-52.5,,180.78603268206166,306.4728107092993,2549.162217941911,306.4728107092994,,0.0,306.4728107092993,,,66.823994858383,0.0,-61.5,239.59350069277662,180.78603268206166,,128.20505317669478,0.39602063799750475,0.058142411066220645,0.18903580087930102,0.045608005262104116,0.44444444444444453,0.09158750509716429,0.32527654929977357,0.22980228952334628,0.3192873948868275,0.3192873948868275,0.3192873948868276,,0.9990348170553164,0.4038651904814934,0.2862879975981252,,,,,0.2,,0.4443351731715554,0.07586206896551724,0.02054794520547945,0.21917936430573584,0.21917936430573584,0.13793103448275862,1.62795988544434,0.5268553090110515,98,0.8754030416406605,0.3417526028083711,78,0,0.27959249531703645,0.48243259877871864,99,0,0.30204196133682293,0.4087731167156439,76,12.446552400832395,0.8825796943317699,87.75,86.42388888638443,0.5273747528262622,87,db,0.9102447150279618,0.7868127372464527,0.12678487830649093,4,66.25,0.8662203366480705,0.0,0.05360873984333647,0.9482469313589126,0.17783103151325164,0.18199844665855291,0.005282315457352055,0.4680851063829787,0.09158750509716412,0.030344209893147955,,0.0749346181350055,0.09873378171422281,0.09873378171422281,0.0987337817142229,,0.0,0.8335009252912188,0.04579486523658738,0.10811553702597443,,,,,0.04761904761904767,,0.06899936934066761,0.24719101123595505,0.19662921348314605,0.07002601406117037,0.07002601406117037,0.2937853107344633,0.7897432467214163,0.22552571214543377,196,0.7369024298758944,0.365588333328373,190,4.242640687119285,0.9799875439286826,193.0,192.95336787564767,0.5348050927190583,173,118.36842105263158,113.5,63.686700255812326,76,0.9215768985091536,0.8701992891677452,0.0938363842932689,6,131.25
smoothed,sym18,65733.63587362753,0.6605351170568562,24.788070131345403,11.128157392994826,598,1,False,False,120.65924839102797,,9.01400148582869,51700.48117421856,1.0,8.979824941216175e-05,0.8361744832370154,426.2812360287888,,,,[],[],16,492.12215612748986,14.802570244653282,799.6174859593749,"[8, 53, 88, 138, 168, 223, 269, 305, 355, 393, 430, 461, 492, 527, 559, 588]","[633.950718547171, 799.6174859593749, 257.8266567679386, 552.0653383474573, 533.9705571517696, 445.8771152366229, 582.172522612303, 414.7579082159744, 733.5169549325772, 190.5520232775266, 408.2054736202733, 14.802570244653282, 650.9977794090289, 766.1802140669158, 643.4117716424421, 246.04940800780935]","[0, 49, 84, 98, 150, 150, 150, 298, 150, 382, 398, 447, 398, 398, 547, 583]","[49, 597, 98, 150, 200, 250, 298, 349, 398, 398, 447, 462, 497, 597, 597, 597]",111370119.39888243,738.5237508232461,-738.5237508232461,0.0,,,,SWT,txu.059172014718829,55694142.558882475,,0.0,-62.0,54.0,0.0,-62.0,,219.72375082324618,345.7221561274898,2374.0455019601623,345.73927144629715,,0.0,345.7221561274898,,,9.802570244653282,0.0,-62.0,280.81748595937495,219.72375082324618,,124.3812360287888,0.4560357222520128,0.7667908326366427,0.18296473013368034,0.04754924518499382,0.44444444444444453,0.8608548581554031,0.32527654930443844,0.0,0.5670235328913124,0.5670235328913124,0.5671315622848436,,0.9138459033199633,0.31519602198174,0.4410723306900994,,,,,0.4,,0.46107157047236585,0.006896551724137931,0.0136986301369863,0.48737170089257376,0.48737170089257376,0.006896551724137917,1.9343340105402944,0.6260069132942016,72,1.562860541133905,0.6101322846194267,44,0,0.3489733059934699,0.602148132495215,69,0,0.4681928796203119,0.6336360079884532,42,15.945218719101975,0.8495734083103588,56.75,53.391395373181204,0.6570980249098963,50,sym,0.3775829929004878,0.6346964899812167,0.5452829579752935,2,38.0,0.6616266548508798,0.0,0.06173289482360321,0.8690992448400101,0.5910728489134811,0.1799338183209459,0.00550714970722066,0.4680851063829787,0.860854858155403,0.030344209893583163,,0.0,0.17534164711751968,0.17534164711751968,0.1753750532297887,,0.0,0.7624272878055304,0.035740538402315336,0.16656923203185853,,,,,0.09523809523809523,,0.07159831024950469,0.19101123595505615,0.19101123595505617,0.15571127185182157,0.15571127185182157,0.1864406779661017,0.8518553181042513,0.24326295673675497,184,1.270327505034042,0.6302285031476971,120,45.254833995939045,0.7865338019059479,152.0,145.26315789473685,0.5347763349152381,174,99.42105263157895,110.0,57.971862503332275,38,0.7740590312511298,0.7921131623949381,0.22052472940572765,5,131.75
smoothed,db16,64804.03304994745,0.6672240802675585,25.549302703618306,7.667567348198685,598,1,False,False,120.65130490989586,,9.016486136009288,51700.48117420389,1.0,9.420337654753357e-05,-0.03387648827013779,422.424710022321,,,,[],[],16,482.73783155996347,144.7845021205664,759.1361830981139,"[21, 67, 101, 151, 180, 236, 269, 304, 338, 368, 405, 443, 475, 505, 540, 587]","[759.1361830981139, 751.8774149373937, 250.6485136417436, 563.9403969220931, 539.2417384750786, 417.89650593625134, 318.22009745282173, 713.7055937626195, 144.7845021205664, 608.4750421530287, 267.5834084164368, 402.9736632422346, 245.52489688953386, 693.2438692914479, 663.1394008709242, 383.414077749128]","[10, 61, 97, 111, 162, 212, 212, 162, 327, 309, 396, 410, 460, 61, 510, 560]","[61, 162, 111, 162, 212, 262, 273, 410, 342, 410, 410, 460, 481, 510, 560, 595]",111331801.74654847,695.48038635418,-695.48038635418,0.0,,,,SWT,txu.059172014718829,55655824.906548515,,0.0,-57.5,54.0,0.0,-57.5,,176.6803863541801,336.33783155996343,2524.1946950405845,336.33783155996355,,0.0,336.33783155996343,,,139.7845021205664,0.0,-62.0,240.3361830981139,176.6803863541801,,120.52471002232102,0.4535626697957481,0.07616421863035949,0.1956974122477836,0.04575182501244413,0.5333333333333334,0.12187738850065322,0.3252765492997782,0.5238407448445312,0.5077910463015582,0.5077910463015582,0.5077910463015586,,0.8279282852500082,0.39122305359154685,0.2890765586764841,,,,,0.4,,0.4528868255319494,0.06896551724137931,0.0136986301369863,0.19090079703373408,0.19090079703373408,0.06896551724137931,1.8531413636493625,0.5997306042465302,81,0.9270766291961114,0.36192569132131985,71,0,0.32945065769909393,0.5684620997531022,76,0,0.3157869954339923,0.42737516923309904,69,5.377421934967226,0.9492696043871016,74.25,73.96335584123194,0.624398953136947,60,db,0.9102447150279618,0.7868127372464527,0.12678487830649093,4,46.0,0.7746325666518382,0.0,0.06139812129660421,0.9128159246682324,0.18834028304610342,0.18426390396942605,0.005298972649130734,0.553191489361702,0.1218773885006531,0.030344209893148455,,0.17081555740763793,0.15702508500138496,0.15702508500138496,0.15702508500138518,,0.0,0.6907456877876204,0.04436135482563225,0.10916862615666062,,,,,0.09523809523809523,,0.07032732772729752,0.24157303370786515,0.19101123595505617,0.06099124312964829,0.06099124312964829,0.23728813559322035,0.803076531404177,0.22933327686447483,194,0.7822150570285927,0.3880686063847054,178,11.313708498984761,0.946633450476487,186.0,185.65591397849465,0.5346374799552246,175,118.36842105263158,113.5,63.686700255812326,76,0.9215768985091536,0.8701992891677452,0.0938363842932689,6,132.75
smoothed,db29,64916.88995700544,0.6755852842809364,26.313292353818596,7.324785959757674,598,1,False,False,120.65065291767284,,9.017862319758256,51700.48117420387,1.0,9.412008519030763e-05,-0.1630256137474289,212.24186130406682,0.018394648829431436,23580.735034051264,51.0,"[0.0, 0.0016722408026755853, 0.0033444816053511705, 0.005016722408026756, 0.006688963210702341, 0.008361204013377926, 0.010033444816053512, 0.011705685618729096, 0.013377926421404682, 0.015050167224080268, 0.016722408026755852, 0.018394648829431436, 0.020066889632107024, 0.021739130434782608, 0.023411371237458192, 0.02508361204013378, 0.026755852842809364, 0.028428093645484948, 0.030100334448160536, 0.03177257525083612, 0.033444816053511704, 0.03511705685618729, 0.03678929765886287, 0.038461538461538464, 0.04013377926421405, 0.04180602006688963, 0.043478260869565216, 0.0451505016722408, 0.046822742474916385, 0.048494983277591976, 0.05016722408026756, 0.051839464882943144, 0.05351170568561873, 0.05518394648829431, 0.056856187290969896, 0.05852842809364548, 0.06020066889632107, 0.061872909698996656, 0.06354515050167224, 0.06521739130434782, 0.06688963210702341, 0.06856187290969899, 0.07023411371237458, 0.07190635451505016, 0.07357859531772575, 0.07525083612040134, 0.07692307692307693, 0.07859531772575251, 0.0802675585284281, 0.08193979933110368, 0.08361204013377926, 0.08528428093645485, 0.08695652173913043, 0.08862876254180602, 0.0903010033444816, 0.09197324414715718, 0.09364548494983277, 0.09531772575250835, 0.09698996655518395, 0.09866220735785954, 0.10033444816053512, 0.1020066889632107, 0.10367892976588629, 0.10535117056856187, 0.10702341137123746, 0.10869565217391304, 0.11036789297658862, 0.11204013377926421, 0.11371237458193979, 0.11538461538461538, 0.11705685618729096, 0.11872909698996656, 0.12040133779264214, 0.12207357859531773, 0.12374581939799331, 0.1254180602006689, 0.12709030100334448, 0.12876254180602006, 0.13043478260869565, 0.13210702341137123, 0.13377926421404682, 0.1354515050167224, 0.13712374581939799, 0.13879598662207357, 0.14046822742474915, 0.14214046822742474, 0.14381270903010032, 0.1454849498327759, 0.1471571906354515, 0.14882943143812707, 0.1505016722408027, 0.15217391304347827, 0.15384615384615385, 0.15551839464882944, 0.15719063545150502, 0.1588628762541806, 0.1605351170568562, 0.16220735785953178, 0.16387959866220736, 0.16555183946488294, 0.16722408026755853, 0.1688963210702341, 0.1705685618729097, 0.17224080267558528, 0.17391304347826086, 0.17558528428093645, 0.17725752508361203, 0.17892976588628762, 0.1806020066889632, 0.18227424749163879, 0.18394648829431437, 0.18561872909698995, 0.18729096989966554, 0.18896321070234112, 0.1906354515050167, 0.1923076923076923, 0.1939799331103679, 0.1956521739130435, 0.19732441471571907, 0.19899665551839466, 0.20066889632107024, 0.20234113712374582, 0.2040133779264214, 0.205685618729097, 0.20735785953177258, 0.20903010033444816, 0.21070234113712374, 0.21237458193979933, 0.2140468227424749, 0.2157190635451505, 0.21739130434782608, 0.21906354515050167, 0.22073578595317725, 0.22240802675585283, 0.22408026755852842, 0.225752508361204, 0.22742474916387959, 0.22909698996655517, 0.23076923076923075, 0.23244147157190634, 0.23411371237458192, 0.23578595317725753, 0.23745819397993312, 0.2391304347826087, 0.2408026755852843, 0.24247491638795987, 0.24414715719063546, 0.24581939799331104, 0.24749163879598662, 0.2491638795986622, 0.2508361204013378, 0.2525083612040134, 0.25418060200668896, 0.25585284280936454, 0.25752508361204013, 0.2591973244147157, 0.2608695652173913, 0.2625418060200669, 0.26421404682274247, 0.26588628762541805, 0.26755852842809363, 0.2692307692307692, 0.2709030100334448, 0.2725752508361204, 0.27424749163879597, 0.27591973244147155, 0.27759197324414714, 0.2792642140468227, 0.2809364548494983, 0.2826086956521739, 0.2842809364548495, 0.28595317725752506, 0.28762541806020064, 0.28929765886287623, 0.2909698996655518, 0.2926421404682274, 0.294314381270903, 0.29598662207357856, 0.29765886287625415, 0.29933110367892973, 0.3010033444816054, 0.30267558528428096, 0.30434782608695654, 0.3060200668896321, 0.3076923076923077, 0.3093645484949833, 0.3110367892976589, 0.31270903010033446, 0.31438127090301005, 0.31605351170568563, 0.3177257525083612, 0.3193979933110368, 0.3210702341137124, 0.32274247491638797, 0.32441471571906355, 0.32608695652173914, 0.3277591973244147, 0.3294314381270903, 0.3311036789297659, 0.33277591973244147, 0.33444816053511706, 0.33612040133779264, 0.3377926421404682, 0.3394648829431438, 0.3411371237458194, 0.342809364548495, 0.34448160535117056, 0.34615384615384615, 0.34782608695652173, 0.3494983277591973, 0.3511705685618729, 0.3528428093645485, 0.35451505016722407, 0.35618729096989965, 0.35785953177257523, 0.3595317725752508, 0.3612040133779264, 0.362876254180602, 0.36454849498327757, 0.36622073578595316, 0.36789297658862874, 0.3695652173913043, 0.3712374581939799, 0.3729096989966555, 0.3745819397993311, 0.37625418060200666, 0.37792642140468224, 0.37959866220735783, 0.3812709030100334, 0.382943143812709, 0.3846153846153846, 0.3862876254180602, 0.3879598662207358, 0.3896321070234114, 0.391304347826087, 0.39297658862876256, 0.39464882943143814, 0.3963210702341137, 0.3979933110367893, 0.3996655518394649, 0.4013377926421405, 0.40301003344481606, 0.40468227424749165, 0.40635451505016723, 0.4080267558528428, 0.4096989966555184, 0.411371237458194, 0.41304347826086957, 0.41471571906354515, 0.41638795986622074, 0.4180602006688963, 0.4197324414715719, 0.4214046822742475, 0.4230769230769231, 0.42474916387959866, 0.42642140468227424, 0.4280936454849498, 0.4297658862876254, 0.431438127090301, 0.4331103678929766, 0.43478260869565216, 0.43645484949832775, 0.43812709030100333, 0.4397993311036789, 0.4414715719063545, 0.4431438127090301, 0.44481605351170567, 0.44648829431438125, 0.44816053511705684, 0.4498327759197324, 0.451505016722408, 0.4531772575250836, 0.45484949832775917, 0.45652173913043476, 0.45819397993311034, 0.4598662207357859, 0.4615384615384615, 0.4632107023411371, 0.4648829431438127, 0.46655518394648826, 0.46822742474916385, 0.46989966555183943, 0.47157190635451507, 0.47324414715719065, 0.47491638795986624, 0.4765886287625418, 0.4782608695652174, 0.479933110367893, 0.4816053511705686, 0.48327759197324416, 0.48494983277591974, 0.4866220735785953, 0.4882943143812709, 0.4899665551839465, 0.4916387959866221, 0.49331103678929766, 0.49498327759197325, 0.49665551839464883, 0.4983277591973244]","[243359.28402672458, 5686.186529035681, 4435.28791562061, 4993.387664610167, 10023.559020788764, 6248.702915215089, 3930.432140545731, 7253.747751422004, 4442.674149024332, 6936.972572647843, 7372.288004403252, 3811.2970233858096, 23580.735034051264, 8212.10162175921, 9743.50724243298, 9591.582384859676, 2069.4775819732445, 5169.2743396236565, 3763.661519299825, 3963.7306551670854, 2006.3131789845386, 1344.5096695675281, 5900.044481185833, 2932.856910237336, 21831.76057320699, 3049.7001772079293, 3025.5953985442943, 2197.04968232066, 7829.876342067085, 2500.0888268881904, 4425.048224060011, 1569.7975965202509, 2140.484616080578, 829.5704371185482, 3622.6457988078982, 5425.872277969879, 22416.963715465314, 4847.540612451886, 8245.267948178827, 1959.605646306484, 4116.406108984507, 6541.74178762898, 781.8007512394528, 6476.178128995884, 3880.3078789858987, 1514.8868960017355, 2229.151315450446, 3403.386562397478, 16313.538773712673, 2621.410176333954, 5734.693646361224, 2410.425415299859, 626.4602790419017, 6352.505222677932, 3958.6136757522345, 2918.8789996924124, 2422.798123474974, 1980.9452750370365, 4908.908002602284, 3444.314490259753, 8406.747981802313, 5204.690210400926, 3485.0267924770783, 3823.4389707684404, 1775.0904657103779, 4682.510116132923, 2930.1678413264895, 2862.828279569654, 4027.3141062689792, 3752.3354592222295, 2341.8778886304153, 2712.967513859823, 6525.641464255476, 2128.5085461043655, 395.49747315748056, 1758.6951989963545, 2368.6116533250506, 1735.184866753373, 994.2367920540622, 2453.3553604628564, 2554.856373108985, 1043.5384623637033, 1149.1842476370014, 3464.4221135687685, 1937.0678944640708, 2733.877651526, 1585.7265406691379, 2009.6175372952357, 2220.4944717389562, 2198.7913907399115, 1618.8138348343275, 3154.1253165264484, 2239.338274537448, 1997.4310245230279, 514.6016053481485, 1094.4902599883833, 1753.1056426025054, 432.336178925936, 1452.444010373965, 138.32639410251173, 386.5045099928241, 138.28205282867137, 1951.3178728098685, 574.2356312690862, 806.4654908147509, 1634.3724355070808, 751.1893426809324, 493.5616132162289, 523.9706964137799, 861.4548307614062, 137.180599317706, 864.0024948160847, 495.8186037851318, 628.927252775566, 679.4909810111355, 508.4099475323201, 589.563183020832, 267.9658722465113, 686.8523669085399, 316.3615539855461, 638.6647134945424, 535.9043048655951, 161.6315945905867, 890.5153474632916, 568.0695062774494, 586.6577124327328, 601.5953298594501, 184.39659165920656, 452.513759584041, 503.3810708708833, 1521.194367770088, 1201.6621645114978, 858.6328848111232, 1197.344085752632, 229.80502225699047, 1227.0498836290471, 1255.460283719347, 1168.7919054932147, 645.2831071440205, 865.5679711471759, 583.6930571508132, 637.3773180459327, 431.4922202008586, 80.929053384612, 572.3731838101706, 140.1938354154705, 424.2853161763116, 316.63183913543736, 732.6720050585208, 1137.2642919266477, 1174.104952605593, 935.7346049950578, 961.0215096942082, 2036.5860681053073, 3275.380378326403, 2010.6593622628345, 863.6651395174988, 440.9968185379121, 1146.2318143101634, 2532.149947246147, 736.5386114726346, 700.0213573859903, 205.6283629896918, 1085.416333634575, 446.54064135657944, 1918.3203759451574, 857.4163947865181, 1241.4687449154317, 497.8181386786355, 1638.2628437996414, 375.89558519095067, 551.6330882486426, 990.5396240611003, 355.96772308894197, 404.10800457370823, 975.4031954868482, 1429.0458814828748, 1077.3448279558697, 1852.3316836764955, 811.9591758463067, 1607.4553090749182, 1157.0040139991643, 1539.057622701808, 1313.8989928363062, 1170.6824943579675, 614.6284346041618, 988.9245001114497, 933.9339214493049, 929.9975405052268, 622.5073285566089, 732.0398755095874, 1221.43410056574, 1189.9330598869676, 760.9931410612276, 574.3300526394179, 622.7663570685611, 561.994928248679, 827.0331009286149, 1449.2135473917924, 705.5267453315606, 1260.7331002392311, 513.4818370109125, 1167.1144079162016, 1275.4704509023368, 883.541601817292, 1260.066094129488, 1254.1334819300698, 1307.8423205817446, 559.463203025225, 534.0901434750581, 387.4349353525006, 326.644828649312, 376.2860790156579, 926.7168241810901, 1457.6939921065755, 603.0522022100517, 76.29494449284952, 274.8746721615081, 1003.859359787517, 853.6919649679267, 911.7261193296134, 385.9347018483222, 933.0079059063988, 198.29444101071246, 86.68889458913054, 1117.6107422507978, 29.706076424723825, 320.987399102905, 426.0303222803852, 206.40074768265677, 356.13336343801893, 157.07345565625755, 362.5697324716318, 216.98570064038302, 352.89189997569275, 451.28602100438434, 142.92694217142153, 425.45469037286915, 116.99114001016243, 282.3133031963496, 209.58498703562293, 379.91751817880964, 180.57577497158184, 210.72312549441907, 377.53714530504743, 104.78476761195259, 525.5119083869671, 416.30837422839454, 316.4284980114119, 204.8516920969536, 380.8082175080695, 189.13970932178182, 117.9192421990466, 572.7294359561265, 668.7229544351392, 874.7590767456529, 317.3095751178026, 598.2143572074895, 709.2361108720901, 742.2242971744893, 342.56627629810885, 204.69428798659283, 1012.1532458199899, 426.3246906924192, 670.9333488131625, 441.7345785800332, 718.1698952785339, 565.2085093812689, 1264.2081784882607, 658.6197164398428, 594.2943119822932, 520.8288266659507, 209.41556142089377, 1553.633860387314, 1680.7173827312902, 694.7758293361375, 1351.3363081450777, 1660.4629897649593, 2084.0177794113424, 1873.4651625631705, 1073.1957487676684, 641.7292093848793, 3005.1604120091038, 699.8827587120829, 1245.3000042258261, 1786.859468372561, 672.8678260430715, 1827.6471014385688, 1423.8684552084253, 1621.0668988940345, 426.06461004872085, 1296.1052211872313, 1188.5768613126022, 695.8742098013414, 616.2332323789499, 924.7421530837638, 1481.4600097365508, 943.5400082885373, 1597.8294946500719]",15,461.79219384785097,71.45089568048331,827.5070342536229,"[30, 76, 112, 161, 190, 248, 292, 330, 379, 410, 454, 486, 516, 550, 581]","[827.5070342536229, 720.8115941293439, 305.453920986397, 587.8770063690471, 535.1499105310746, 562.0753660106939, 445.4754820715833, 170.41740839279026, 665.3107062813368, 160.0225727380145, 437.04878602444325, 71.45089568048331, 581.8039665886492, 663.2864279116595, 193.19182974862503]","[21, 71, 107, 122, 173, 173, 272, 321, 173, 404, 421, 470, 71, 71, 569]","[71, 173, 122, 173, 223, 321, 321, 337, 421, 421, 470, 487, 520, 569, 591]",111344474.93208458,746.3326888023263,-746.3326888023263,825258.008473088,0.09781692459993335,0.13134460604136242,0.4983277591973244,SWT,txu.059172014718829,55668498.09208462,,0.0,-58.0,55.0,0.0,-49.0,,227.53268880232633,315.392193847851,3321.1170922822357,315.392193847851,,825258.008473088,315.392193847851,,,66.45089568048331,0.0,-58.0,308.70703425362296,227.53268880232633,,89.65813869593316,0.4533596843613058,0.007755667897984653,0.20274971697182026,0.04597003786226591,0.6444444444444445,0.012184626721410963,0.32527654929977357,0.22829866091565304,0.3755852390568102,0.3755852390568102,0.37558523905680985,,0.14026734846338362,0.7947393365808423,0.5457896476851478,,,,,0.6000000000000001,,0.45559384918495216,0.06206896551724138,0.0684931506849315,0.5411575266381268,0.5411575266381268,0.18620689655172412,2.4775597866899783,0.8018106211834739,10,0.8895321929659697,0.3472685469063582,75,0,0.4189338840377237,0.7228640459880983,36,0,0.30802957482633087,0.4168765451828739,75,31.843366656181317,0.699590880602063,49.0,25.89928057553957,0.6186633648293334,61,db,0.9102447150279618,0.7868127372464527,0.12678487830649093,4,46.75,0.7724958710516415,0.9934796345352958,0.061370643452515014,0.9119893374927872,0.14844846508690246,0.186662226899395,0.005324246043636377,0.6595744680851063,0.012184626721410907,0.030344209893147955,,0.07444431041976007,0.11614285938617608,0.11614285938617608,0.11614285938617605,,0.9934796345352958,0.11702591615073066,0.09011665693085347,0.20611531519924103,,,,,0.1428571428571429,,0.07074769265927949,0.23595505617977525,0.23595505617977527,0.1728954032224005,0.1728954032224005,0.33333333333333337,1.2051111340991554,0.3441416534556016,114,0.757911631687114,0.3760113130382061,184,49.49747468305833,0.7665213458346305,149.0,140.7785234899329,0.5318455785776925,176,118.36842105263158,113.5,63.686700255812326,76,0.9215768985091536,0.8701992891677452,0.0938363842932689,6,133.5
smoothed,coif16,66432.48488254438,0.6622073578595318,25.19719132716048,7.714268711911135,598,1,False,False,119.96263326514187,,9.014657978505504,51700.48117420389,1.0,9.147752559052853e-05,-0.015349793332986248,205.29359391297012,0.018394648829431436,23580.735034051268,50.0,"[0.0, 0.0016722408026755853, 0.0033444816053511705, 0.005016722408026756, 0.006688963210702341, 0.008361204013377926, 0.010033444816053512, 0.011705685618729096, 0.013377926421404682, 0.015050167224080268, 0.016722408026755852, 0.018394648829431436, 0.020066889632107024, 0.021739130434782608, 0.023411371237458192, 0.02508361204013378, 0.026755852842809364, 0.028428093645484948, 0.030100334448160536, 0.03177257525083612, 0.033444816053511704, 0.03511705685618729, 0.03678929765886287, 0.038461538461538464, 0.04013377926421405, 0.04180602006688963, 0.043478260869565216, 0.0451505016722408, 0.046822742474916385, 0.048494983277591976, 0.05016722408026756, 0.051839464882943144, 0.05351170568561873, 0.05518394648829431, 0.056856187290969896, 0.05852842809364548, 0.06020066889632107, 0.061872909698996656, 0.06354515050167224, 0.06521739130434782, 0.06688963210702341, 0.06856187290969899, 0.07023411371237458, 0.07190635451505016, 0.07357859531772575, 0.07525083612040134, 0.07692307692307693, 0.07859531772575251, 0.0802675585284281, 0.08193979933110368, 0.08361204013377926, 0.08528428093645485, 0.08695652173913043, 0.08862876254180602, 0.0903010033444816, 0.09197324414715718, 0.09364548494983277, 0.09531772575250835, 0.09698996655518395, 0.09866220735785954, 0.10033444816053512, 0.1020066889632107, 0.10367892976588629, 0.10535117056856187, 0.10702341137123746, 0.10869565217391304, 0.11036789297658862, 0.11204013377926421, 0.11371237458193979, 0.11538461538461538, 0.11705685618729096, 0.11872909698996656, 0.12040133779264214, 0.12207357859531773, 0.12374581939799331, 0.1254180602006689, 0.12709030100334448, 0.12876254180602006, 0.13043478260869565, 0.13210702341137123, 0.13377926421404682, 0.1354515050167224, 0.13712374581939799, 0.13879598662207357, 0.14046822742474915, 0.14214046822742474, 0.14381270903010032, 0.1454849498327759, 0.1471571906354515, 0.14882943143812707, 0.1505016722408027, 0.15217391304347827, 0.15384615384615385, 0.15551839464882944, 0.15719063545150502, 0.1588628762541806, 0.1605351170568562, 0.16220735785953178, 0.16387959866220736, 0.16555183946488294, 0.16722408026755853, 0.1688963210702341, 0.1705685618729097, 0.17224080267558528, 0.17391304347826086, 0.17558528428093645, 0.17725752508361203, 0.17892976588628762, 0.1806020066889632, 0.18227424749163879, 0.18394648829431437, 0.18561872909698995, 0.18729096989966554, 0.18896321070234112, 0.1906354515050167, 0.1923076923076923, 0.1939799331103679, 0.1956521739130435, 0.19732441471571907, 0.19899665551839466, 0.20066889632107024, 0.20234113712374582, 0.2040133779264214, 0.205685618729097, 0.20735785953177258, 0.20903010033444816, 0.21070234113712374, 0.21237458193979933, 0.2140468227424749, 0.2157190635451505, 0.21739130434782608, 0.21906354515050167, 0.22073578595317725, 0.22240802675585283, 0.22408026755852842, 0.225752508361204, 0.22742474916387959, 0.22909698996655517, 0.23076923076923075, 0.23244147157190634, 0.23411371237458192, 0.23578595317725753, 0.23745819397993312, 0.2391304347826087, 0.2408026755852843, 0.24247491638795987, 0.24414715719063546, 0.24581939799331104, 0.24749163879598662, 0.2491638795986622, 0.2508361204013378, 0.2525083612040134, 0.25418060200668896, 0.25585284280936454, 0.25752508361204013, 0.2591973244147157, 0.2608695652173913, 0.2625418060200669, 0.26421404682274247, 0.26588628762541805, 0.26755852842809363, 0.2692307692307692, 0.2709030100334448, 0.2725752508361204, 0.27424749163879597, 0.27591973244147155, 0.27759197324414714, 0.2792642140468227, 0.2809364548494983, 0.2826086956521739, 0.2842809364548495, 0.28595317725752506, 0.28762541806020064, 0.28929765886287623, 0.2909698996655518, 0.2926421404682274, 0.294314381270903, 0.29598662207357856, 0.29765886287625415, 0.29933110367892973, 0.3010033444816054, 0.30267558528428096, 0.30434782608695654, 0.3060200668896321, 0.3076923076923077, 0.3093645484949833, 0.3110367892976589, 0.31270903010033446, 0.31438127090301005, 0.31605351170568563, 0.3177257525083612, 0.3193979933110368, 0.3210702341137124, 0.32274247491638797, 0.32441471571906355, 0.32608695652173914, 0.3277591973244147, 0.3294314381270903, 0.3311036789297659, 0.33277591973244147, 0.33444816053511706, 0.33612040133779264, 0.3377926421404682, 0.3394648829431438, 0.3411371237458194, 0.342809364548495, 0.34448160535117056, 0.34615384615384615, 0.34782608695652173, 0.3494983277591973, 0.3511705685618729, 0.3528428093645485, 0.35451505016722407, 0.35618729096989965, 0.35785953177257523, 0.3595317725752508, 0.3612040133779264, 0.362876254180602, 0.36454849498327757, 0.36622073578595316, 0.36789297658862874, 0.3695652173913043, 0.3712374581939799, 0.3729096989966555, 0.3745819397993311, 0.37625418060200666, 0.37792642140468224, 0.37959866220735783, 0.3812709030100334, 0.382943143812709, 0.3846153846153846, 0.3862876254180602, 0.3879598662207358, 0.3896321070234114, 0.391304347826087, 0.39297658862876256, 0.39464882943143814, 0.3963210702341137, 0.3979933110367893, 0.3996655518394649, 0.4013377926421405, 0.40301003344481606, 0.40468227424749165, 0.40635451505016723, 0.4080267558528428, 0.4096989966555184, 0.411371237458194, 0.41304347826086957, 0.41471571906354515, 0.41638795986622074, 0.4180602006688963, 0.4197324414715719, 0.4214046822742475, 0.4230769230769231, 0.42474916387959866, 0.42642140468227424, 0.4280936454849498, 0.4297658862876254, 0.431438127090301, 0.4331103678929766, 0.43478260869565216, 0.43645484949832775, 0.43812709030100333, 0.4397993311036789, 0.4414715719063545, 0.4431438127090301, 0.44481605351170567, 0.44648829431438125, 0.44816053511705684, 0.4498327759197324, 0.451505016722408, 0.4531772575250836, 0.45484949832775917, 0.45652173913043476, 0.45819397993311034, 0.4598662207357859, 0.4615384615384615, 0.4632107023411371, 0.4648829431438127, 0.46655518394648826, 0.46822742474916385, 0.46989966555183943, 0.47157190635451507, 0.47324414715719065, 0.47491638795986624, 0.4765886287625418, 0.4782608695652174, 0.479933110367893, 0.4816053511705686, 0.48327759197324416, 0.48494983277591974, 0.4866220735785953, 0.4882943143812709, 0.4899665551839465, 0.4916387959866221, 0.49331103678929766, 0.49498327759197325, 0.49665551839464883, 0.4983277591973244]","[243359.28402672458, 5686.186529035679, 4435.287915620613, 4993.38766461017, 10023.559020788764, 6248.702915215089, 3930.432140545732, 7253.747751422, 4442.674149024334, 6936.972572647844, 7372.288004403248, 3811.297023385808, 23580.735034051268, 8212.101621759213, 9743.50724243298, 9591.58238485968, 2069.4775819732395, 5169.274339623659, 3763.6615192998247, 3963.73065516709, 2006.3131789845447, 1344.5096695675286, 5900.044481185833, 2932.8569102373253, 21831.76057320699, 3049.700177207932, 3025.5953985442975, 2197.049682320659, 7829.876342067083, 2500.0888268881895, 4425.048224060013, 1569.7975965202506, 2140.484616080582, 829.5704371185498, 3622.6457988079333, 5425.872277970022, 22416.96371546674, 4847.540612452556, 8245.26794818105, 1959.6056463073924, 4116.406108987279, 6541.741787633598, 781.8007512395031, 6476.178128980927, 3880.3078789532065, 1514.8868959690606, 2229.151315346829, 3403.386562095465, 16313.538771223975, 2621.410175716065, 5734.693644526493, 2410.4254144434913, 626.4602788929196, 6352.505224058232, 3958.6136809019413, 2918.8790096720795, 2422.798140584983, 1980.9453001931288, 4908.90810348703, 3444.3145942791975, 8406.74831801433, 5204.690451124924, 3485.0269400965817, 3823.439039258422, 1775.0903916872487, 4682.509391210081, 2930.166841167831, 2862.82650995999, 4027.310114185587, 3752.330039812822, 2341.8733849936375, 2712.9612250612795, 6525.625500557549, 2128.504206695694, 395.4971811800486, 1758.6985076383655, 2368.6264957360313, 1735.207065399458, 994.258297879233, 2453.435214648716, 2554.970550258892, 1043.5972281930094, 1149.2584468894188, 3464.6484661820928, 1937.1710923665178, 2733.9380723410045, 1585.671472286194, 2009.3706415924473, 2219.949614274045, 2197.9103977912414, 1617.8749993942736, 3151.7131547187128, 2237.2670382093816, 1995.3984648334445, 514.0931772692854, 1093.6441293328685, 1752.565280310258, 432.5358282156348, 1454.721432436064, 138.74122171838374, 388.3137053500972, 139.17544519880195, 1967.1127831106426, 579.5480775559694, 814.154767042332, 1648.3066643726693, 755.5829483929776, 494.17669344964423, 521.1696082292481, 849.6233942251387, 133.96683768936978, 834.9589914441895, 474.41523415061954, 597.0747464874534, 642.5761867169227, 481.8362618379801, 564.54444850004, 261.811822930823, 691.9328554901251, 331.7469246673212, 701.6418187359448, 617.5132049073835, 194.19936574321082, 1100.7439744403357, 708.1922954080404, 720.4819753879625, 710.6183677867394, 204.97427384426186, 464.6343124652876, 470.1127726075952, 1275.8100462256903, 896.1158090104155, 566.3284399015587, 701.9213290136748, 122.95746740554894, 637.3725826031146, 695.0970770719837, 756.3436009500571, 519.6722775149476, 899.7539547786406, 804.6839431169092, 1204.0882749119946, 1173.0941744722757, 334.7863439624293, 3227.373874959143, 648.4313953644294, 1306.3809017039437, 676.983542388416, 1139.8353183227969, 1316.571651900098, 1011.4793767558847, 586.5094200999988, 416.6350194633509, 563.2017599850317, 589.8360816826664, 416.64341103799234, 277.3573332971383, 204.01857121745124, 708.4705385366686, 1992.7002940952032, 715.710296204902, 822.2932387688576, 286.67523732626194, 1755.0533601499037, 806.858395294851, 3652.1268390384403, 1595.5965963808958, 2107.0094124915395, 737.2447407563719, 2082.8456246575834, 412.3783328054958, 532.8192585713919, 868.2708624023741, 293.35025440852854, 324.0816986944616, 783.4492704457886, 1173.514921433586, 915.9479927327989, 1640.2338329653853, 749.6346978727782, 1543.4568993449648, 1149.575158420023, 1571.6326709820162, 1368.212958893859, 1233.130822578541, 649.9193975203776, 1043.0514190889403, 977.9413414969657, 964.100702189823, 638.2766192841664, 742.7574338743731, 1228.2776075132515, 1188.4055202002305, 756.4799150302068, 569.4290040678085, 616.8797532656629, 556.8716168710944, 820.4550797194296, 1440.0153387269288, 702.2767740311895, 1257.001701090089, 512.6845235292973, 1166.578874066222, 1275.8622596801151, 884.223967918571, 1261.3119245423181, 1255.4119212051273, 1309.0547163092458, 559.8920535343242, 534.4005394883076, 387.59043450847753, 326.7250807787343, 376.33234692892324, 926.7490218322804, 1457.6617699052001, 603.0200745948072, 76.28996026223429, 274.8569274359838, 1003.8028387456395, 853.6538195104986, 911.6964474879939, 385.9263546929002, 932.995970457742, 198.29319848476803, 86.68873150355743, 1117.6115673280487, 29.70613698699084, 320.9881843410593, 426.0313098483674, 206.40114461219474, 356.1338777958538, 157.0736113562498, 362.5699565886432, 216.98577470454987, 352.8919546086901, 451.2860398234881, 142.92693961114603, 425.4546723513671, 116.9911345991698, 282.31329190576486, 209.5849807060896, 379.91751037098925, 180.5757726784396, 210.72312400627777, 377.5371440142474, 104.78476747564142, 525.5119082727847, 416.30837432740293, 316.4284981238335, 204.851692162496, 380.80821759783134, 189.1397093506383, 117.91924220950455, 572.7294359827544, 668.7229544495626, 874.7590767530208, 317.30957511853325, 598.214357207451, 709.2361108715861, 742.2242971739959, 342.56627629795105, 204.69428798653868, 1012.1532458198521, 426.32469069239255, 670.933348813146, 441.73457858003167, 718.1698952785329, 565.2085093812675, 1264.208178488261, 658.6197164398458, 594.2943119822899, 520.8288266659541, 209.4155614208942, 1553.6338603873112, 1680.7173827312859, 694.7758293361412, 1351.3363081450868, 1660.4629897649588, 2084.01777941134, 1873.4651625631718, 1073.195748767672, 641.7292093848779, 3005.160412009105, 699.8827587120816, 1245.3000042258288, 1786.8594683725578, 672.8678260430643, 1827.6471014385709, 1423.8684552084235, 1621.0668988940338, 426.0646100487231, 1296.1052211872325, 1188.576861312604, 695.8742098013396, 616.2332323789501, 924.7421530837619, 1481.4600097365503, 943.5400082885367, 1597.8294946500712]",15,474.10438228795016,72.47568941787051,737.605046490689,"[5, 35, 69, 105, 156, 185, 240, 285, 321, 371, 409, 446, 501, 543, 579]","[72.47568941787051, 714.1244227122181, 737.605046490689, 260.39068688998134, 564.3035102921788, 558.986401216768, 682.7686485796322, 438.3035029187285, 187.32385725820637, 599.9661965679097, 165.7453550446998, 440.83801438138096, 613.3285916747147, 678.2111902631798, 397.1946206110948]","[0, 15, 15, 99, 114, 166, 166, 266, 314, 314, 398, 413, 413, 413, 563]","[6, 64, 413, 114, 166, 216, 413, 314, 332, 413, 413, 462, 513, 563, 595]",111359367.2844719,715.2900933504244,-715.2900933504244,825304.4574918316,0.09785903350627535,0.13139067724268175,0.4983277591973244,SWT,txu.059172014718829,55683390.44447194,,0.0,-58.0,55.0,0.0,-40.0,,196.49009335042444,327.7043822879501,3136.4342656807476,327.7043822879501,,825304.4574918316,327.7043822879501,,,67.47568941787051,0.0,-53.5,218.80504649068905,196.49009335042444,,96.60640608702985,0.23915779184711622,0.08548436469582776,0.1863289512338514,0.04890049463712091,0.46666666666666673,0.13761302996773384,0.3252765492997782,0.2324286865812002,0.45329797495176316,0.45329797495176316,0.4532979749517628,,0.29506432972449137,0.7012264324635402,0.20823326807903791,,,,,0.6000000000000001,,0.45877489234466107,0.06206896551724138,0.13013698630136986,0.3273446324726688,0.3273446324726688,0.3103448275862069,2.3576949894930994,0.7630188761709904,21,0.8238868512425448,0.3216409612925599,87,0,0.4004264753452381,0.6909297937398349,47,0,0.27426667836091007,0.37118301188560127,93,34.11744421846396,0.6781373186937363,62.0,43.8872786625779,0.5466158291581888,80,coif,1.0,0.7343071281019431,0.07970786156941707,5,61.25,0.7047055785391854,0.9935355517801963,0.03237444368926968,0.8857644571657435,0.19377524060939627,0.18107791077323682,0.0056636513087857665,0.4893617021276595,0.13761302996773372,0.030344209893148455,,0.07579104154579658,0.1401741002843237,0.1401741002843237,0.1401741002843237,,0.9935355517801963,0.24617399478698987,0.07951309182332783,0.07863847522047257,,,,,0.1428571428571429,,0.07124166654457578,0.23595505617977525,0.28651685393258425,0.10458393247461328,0.10458393247461328,0.4350282485875706,1.2210282188368833,0.34868706981168673,112,0.7480051724585695,0.3710965702286879,185,51.61879502661797,0.7565151177989718,148.5,139.52861952861954,0.5280217098428821,177,128.44117647058823,122.5,52.71316963643363,34,1.0,0.7202596862948154,0.08392209411155538,7,134.5
smoothed,coif11,66139.02713202332,0.6588628762541806,24.851115340064172,7.555489833722255,598,1,False,False,120.15166715541974,,9.014387172197429,51700.48117420388,1.0,9.143009314818194e-05,-0.07365304804167214,426.9896504009888,,,,[],[],16,476.51841224462237,74.08266746306737,761.8480655715249,"[18, 64, 99, 137, 179, 235, 268, 302, 332, 366, 404, 441, 472, 503, 538, 584]","[725.0429564477283, 761.8480655715249, 303.4373835642165, 556.4848133274504, 564.0255715680261, 423.4447403334154, 347.45533811202466, 681.7581443529833, 74.08266746306737, 599.6386245991263, 197.4286158737894, 416.4279981588679, 296.96530956376904, 568.3780887811204, 661.4720720273762, 446.40420616947233]","[8, 8, 96, 108, 160, 211, 211, 160, 327, 310, 394, 407, 458, 407, 8, 558]","[60, 407, 160, 160, 211, 259, 274, 407, 334, 407, 407, 458, 480, 508, 558, 594]",111358149.42529216,706.1687879816631,-706.1687879816631,0.0,,,,SWT,txu.059172014718829,55682172.585292205,,0.0,-57.5,54.0,0.0,-57.5,,187.3687879816631,330.1184122446224,2623.705404086042,330.11841224462245,,0.0,330.1184122446224,,,69.08266746306737,0.0,-62.0,243.04806557152494,187.3687879816631,,125.08965040098883,0.29800991459954984,0.0537970172782396,0.18494119425214933,0.04833308362336183,0.4222222222222223,0.08809318222521922,0.3252765492997759,0.2389049757392068,0.4685349795978573,0.4685349795978573,0.4685349795978573,,0.9296283135419796,0.44160963021511274,0.29925890561252494,,,,,0.4,,0.45851475462347185,0.06896551724137931,0.0136986301369863,0.2645195796357191,0.2645195796357191,0.06896551724137931,1.8457261263967784,0.5973308171577751,83,0.7836017395830033,0.30591387204430764,97,0,0.32361268949447014,0.5583887743966739,81,0,0.2655202431040447,0.35934588970470854,101,9.983319421247959,0.9058177413089815,90.5,89.67777383689226,0.5260220782016606,88,coif,1.0,0.7343071281019431,0.07970786156941707,5,67.25,0.7034887813318398,0.0,0.04034117025639166,0.8852937354744475,0.17529705504254206,0.1806059672709805,0.0055979338113546495,0.4468085106382978,0.08809318222521917,0.030344209893148177,,0.07790284929146223,0.14488586502918402,0.14488586502918402,0.1448858650291841,,0.0,0.7755946502425572,0.050074762518576066,0.11301394945491561,,,,,0.09523809523809523,,0.07120127060073084,0.24157303370786515,0.19101123595505617,0.08451184198703776,0.08451184198703776,0.23728813559322035,0.8213264786970835,0.23454488503831622,187,0.7020690163886106,0.3483069551368275,199,8.48528137423857,0.9599750878573652,193.0,192.8134715025907,0.5247988646833996,178,128.44117647058823,122.5,52.71316963643363,34,1.0,0.7202596862948154,0.08392209411155538,7,135.25
smoothed,coif7,65689.2370337523,0.6521739130434783,24.426875542509165,7.705399838381048,598,1,False,False,120.00738307894231,,9.014026764140834,51700.48117420389,1.0,8.961416588595539e-05,-0.017502039016500933,422.20347089927486,,,,[],[],16,471.75968480225686,79.88181661570991,762.7621135813491,"[14, 60, 95, 145, 177, 231, 264, 298, 360, 400, 438, 468, 499, 535, 566, 595]","[717.375919616083, 762.7621135813491, 289.2817409640295, 614.5897408462496, 553.2080299089146, 433.3444111832367, 585.3016626261449, 356.8780372732664, 661.3815777569486, 288.00847288724543, 399.1321809508977, 79.88181661570991, 668.349773718004, 591.969434859421, 451.6754861735963, 95.01455787501311]","[6, 6, 91, 104, 155, 207, 155, 269, 155, 388, 405, 454, 405, 504, 554, 587]","[55, 405, 104, 405, 207, 257, 304, 304, 405, 405, 454, 471, 554, 554, 587, 597]",111377341.45900261,710.8312832976427,-710.8312832976427,0.0,,,,SWT,txu.059172014718829,55701364.619002655,,0.0,-57.5,54.0,0.0,-44.0,,192.03128329764274,325.3596848022569,2699.8450431638903,325.3596848022569,,0.0,325.3596848022569,,,74.88181661570991,0.0,-62.0,243.96211358134917,192.03128329764274,,120.30347089927488,0.2530897991240153,0.0837144121684128,0.18309426978293286,0.047463398446583954,0.33333333333333337,0.1357850208954332,0.3252765492997782,0.26227615177684915,0.4384985867401763,0.4384985867401763,0.43849858674017594,,0.8229994092501756,0.4801624231284276,0.30269089576824926,,,,,0.4,,0.4626142203067775,0.06896551724137931,0.0136986301369863,0.296633570203522,0.296633570203522,0.25517241379310346,1.8455193734038942,0.5972639058579766,84,0.7562636757495793,0.29524124009491,104,0,0.3318228374686348,0.5725552598706234,75,0,0.25233263670845735,0.34149824050893374,105,14.89966442575134,0.8594371280589497,92.0,90.13619479983491,0.4957562998785314,104,coif,1.0,0.7343071281019431,0.07970786156941707,5,79.25,0.6569043106171691,0.0,0.034260399323752196,0.8672723916461045,0.19274310905180356,0.17997787170821428,0.005497206944965222,0.36170212765957444,0.13578502089543304,0.030344209893148455,,0.08552379230025153,0.1355976604104452,0.1355976604104452,0.1355976604104452,,0.0,0.6866334960637971,0.05444632015109807,0.11431002704764393,,,,,0.09523809523809523,,0.07183786334391348,0.24157303370786515,0.19101123595505617,0.0947719992887277,0.0947719992887277,0.3898305084745763,0.8085374518346388,0.2308927431519832,193,0.6899757854278913,0.3423073221159009,202,6.363961030678928,0.9699813158930239,197.5,197.39746835443037,0.5191887711540591,179,128.44117647058823,122.5,52.71316963643363,34,1.0,0.7202596862948154,0.08392209411155538,7,136.0
smoothed,coif13,66279.61631439731,0.6605351170568562,25.08148161445476,7.687504387654222,598,1,False,False,119.91754573116559,,9.014511396836085,51700.48117420387,1.0,9.293752702719872e-05,-0.025596010000092793,424.84065785481147,,,,[],[],17,453.8757154303867,60.769866978254186,749.570224987696,"[4, 34, 66, 101, 139, 179, 237, 270, 303, 333, 367, 406, 444, 474, 504, 540, 586]","[207.17630881966332, 724.7562262534278, 749.570224987696, 299.59006068339045, 566.3587473243326, 556.4386419754136, 420.51981963542704, 310.12727110561065, 617.0986556807993, 60.769866978254186, 683.4606389608836, 221.38111504798462, 400.3681190102815, 276.5924997756248, 570.7997904697645, 660.6822380560415, 390.19693755197875]","[0, 12, 62, 98, 110, 161, 213, 263, 161, 328, 161, 395, 409, 460, 409, 409, 561]","[12, 62, 409, 110, 161, 213, 263, 276, 311, 336, 409, 409, 460, 484, 511, 561, 594]",111349452.5238155,722.4038028548587,-722.4038028548587,0.0,,,,SWT,txu.059172014718829,55673475.68381554,,0.0,-57.0,53.0,0.0,-57.0,,203.6038028548587,307.4757154303867,2532.112837683426,307.4757154303867,,0.0,307.4757154303867,,,55.769866978254186,0.0,-52.5,230.770224987696,203.6038028548587,,122.94065785481149,0.2251206417875348,0.08014303434509351,0.18557778802582955,0.04860491781534601,0.44444444444444453,0.12891040964529843,0.32527654929977357,0.18525300102791634,0.3256175830655455,0.3256175830655455,0.3256175830655452,,0.881751981187941,0.3952323517345999,0.25315910826669796,,,,,0.2,,0.45665707504179875,0.07586206896551724,0.14383561643835616,0.3763419149245209,0.3763419149245209,0.07586206896551724,1.609710931486184,0.5209494151602773,100,0.8148137439016208,0.3180988693625283,92,0,0.29314332337826826,0.5058143465247402,93,0,0.27252964670454416,0.36883217347605124,96,3.593976442141304,0.9660945618665915,95.25,95.1499228491597,0.533754828103107,84,coif,1.0,0.7343071281019431,0.07970786156941707,5,64.25,0.7421593882730327,0.0,0.030474255028670835,0.900253577092192,0.19066049288078224,0.18082245783743162,0.005629417625345273,0.4680851063829787,0.12891040964529837,0.030344209893147955,,0.060407852851180555,0.1006912765225256,0.1006912765225256,0.1006912765225256,,0.0,0.7356511301215447,0.04481597501197593,0.09560454218444711,,,,,0.04761904761904767,,0.0709127975576054,0.24719101123595505,0.29775280898876405,0.12023816343198784,0.12023816343198784,0.24293785310734464,0.7524615642277688,0.2148792418789704,202,0.7377764734646868,0.366021959444841,189,9.192388155425117,0.9566396785121457,195.5,195.28388746803068,0.5172349335956955,180,128.44117647058823,122.5,52.71316963643363,34,1.0,0.7202596862948154,0.08392209411155538,7,136.75
smoothed,db12,64678.61117167518,0.6688963210702341,25.115574893218444,7.541394065725308,598,1,False,False,120.523958915595,,9.015728739243931,51700.48117420388,1.0,9.572538791803093e-05,-0.08162645282215149,426.8827721490301,,,,[],[],16,416.4939367295875,96.37173226900717,774.0193403136433,"[19, 63, 98, 144, 176, 233, 267, 300, 335, 364, 401, 441, 471, 501, 536, 568]","[774.0193403136433, 743.7239726380229, 298.8758537528772, 96.37173226900717, 660.3974575904609, 413.3185032963133, 288.199322176911, 537.6752634258592, 133.04259485491536, 708.5573207753044, 203.8554144058632, 389.77323270412546, 145.62395074666347, 704.9608068139817, 172.0595500179286, 393.448671891523]","[8, 58, 93, 108, 159, 210, 258, 210, 324, 159, 391, 406, 456, 58, 533, 556]","[58, 159, 108, 145, 307, 258, 271, 307, 340, 406, 406, 456, 472, 556, 556, 590]",111313678.52461904,702.5600182778577,-702.5600182778577,0.0,,,,SWT,txu.059172014718829,55637701.684619084,,0.0,-62.0,54.0,0.0,-53.0,,183.76001827785774,270.09393672958754,3584.0970123265997,270.09393672958754,,0.0,270.09393672958754,,,91.37173226900717,0.0,-62.0,255.21934031364333,183.76001827785774,,124.9827721490301,0.4139159055165603,0.050983938468691314,0.19181610439895996,0.04550931734320835,0.5555555555555556,0.08132097383493953,0.3252765492997759,0.3287322320457057,0.08966925352264643,0.08966925352264643,0.08966925352264626,,0.9272472263105245,0.9278974460836249,0.34495857854939715,,,,,0.4,,0.4490156606782642,0.006896551724137931,0.0136986301369863,0.2396633624439967,0.2396633624439967,0.13103448275862067,1.7880132133104343,0.5786532349090365,89,0.9023922172547888,0.3522890306879154,74,0,0.2851876862495463,0.49208701564413937,97,0,0.3097569347903003,0.419214294259315,74,11.445523142259598,0.8920233665824566,83.5,82.35153077666774,0.5521437587629264,79,db,0.9102447150279618,0.7868127372464527,0.12678487830649093,4,60.25,0.8136771339047112,0.0,0.056031196273150126,0.9279204339671068,0.17365663397567277,0.18294396247847267,0.005270885430617905,0.5744680851063829,0.08132097383493947,0.030344209893148177,,0.10719398979056036,0.027728575088034363,0.027728575088034363,0.027728575088034335,,0.0,0.773608094442163,0.10521564992049098,0.1302722513150481,,,,,0.09523809523809523,,0.06972618708022363,0.19101123595505615,0.19101123595505617,0.07657048391216398,0.07657048391216398,0.288135593220339,0.7610778033905446,0.21733976747544423,201,0.7679402009458142,0.3809866364627385,181,14.142135623730951,0.9332918130956087,191.0,190.4764397905759,0.5161742084345968,181,118.36842105263158,113.5,63.686700255812326,76,0.9215768985091536,0.8701992891677452,0.0938363842932689,6,137.25
smoothed,coif4,65139.29964791761,0.6622073578595318,25.073040476433576,9.305294940922478,598,1,False,False,120.15763925220426,,9.013579968653806,51700.48117420387,1.0,9.892598731321573e-05,0.4605876822073604,426.67124126567717,,,,[],[],16,443.35765136566545,106.44463231940716,745.9377400689266,"[10, 57, 92, 144, 188, 229, 261, 295, 330, 359, 392, 435, 496, 530, 563, 595]","[720.8369670486228, 745.9377400689266, 255.6779345639451, 572.8721444149783, 164.98754578204773, 422.03801923177696, 609.6289757994797, 398.2562112233572, 108.25122311078945, 744.7800409321295, 229.15390651694395, 400.0764819883041, 570.3143175922485, 640.1844917975824, 404.28178946010786, 106.44463231940716]","[1, 1, 88, 103, 183, 205, 154, 266, 320, 154, 391, 401, 401, 401, 551, 594]","[53, 401, 103, 154, 205, 253, 302, 302, 333, 401, 401, 450, 501, 551, 585, 597]",111262905.93958618,703.2501990987918,-703.2501990987918,0.0,,,,SWT,txu.059172014718829,55586929.09958622,,0.0,-62.0,54.0,0.0,-62.0,,184.4501990987918,296.95765136566547,3154.277578149353,296.95765136566547,,0.0,296.95765136566547,,,101.44463231940716,0.0,-53.0,227.13774006892663,184.4501990987918,,124.77124126567719,0.299869213863482,0.4030039330681682,0.18080464971860336,0.04640007492200019,0.46666666666666673,0.5418503481324698,0.32527654929977357,0.3693270700281365,0.25922909829172947,0.25922909829172947,0.2592290982917292,,0.9225346353373441,0.7102612734323339,0.23952016113477348,,,,,0.4,,0.4381705114285721,0.006896551724137931,0.136986301369863,0.24441713888160332,0.24441713888160332,0.006896551724137917,1.7728820513443784,0.5737563494976698,90,1.2476178033961236,0.4870632284091479,60,0,0.2998076419211796,0.5173135268231965,89,0,0.3949568008906923,0.5345208386065585,59,17.33012790874128,0.8365082272760257,74.5,71.4759429057567,0.5668390192983902,74,coif,1.0,0.7343071281019431,0.07970786156941707,5,56.75,0.8957829714543748,0.0,0.040592860903210105,0.9596833263236486,0.37893386017358743,0.17919922578803976,0.005374052900893461,0.4893617021276595,0.5418503481324698,0.030344209893147955,,0.12043127601941155,0.08016185297193626,0.08016185297193626,0.08016185297193623,,0.0,0.7696763506534505,0.08053756566844089,0.09045384740852841,,,,,0.09523809523809523,,0.06804207899286935,0.19101123595505615,0.29213483146067415,0.07808927659923082,0.07808927659923082,0.1864406779661017,0.7675636629119343,0.2191919239750523,198,1.0443523156779875,0.5181188268854585,163,24.748737341529164,0.8832606729173152,180.5,178.80332409972297,0.5159227892888463,182,128.44117647058823,122.5,52.71316963643363,34,1.0,0.7202596862948154,0.08392209411155538,7,138.25
smoothed,db11,64838.94861764274,0.6622073578595318,25.11582979942374,7.524284908666927,598,1,False,False,120.43900547768041,,9.015292354912697,51700.48117420387,1.0,8.890833795229593e-05,-0.08282391444415929,430.14837669067,,,,[],[],14,525.4559219255809,262.935105094515,726.3549952153264,"[14, 61, 96, 145, 177, 233, 277, 313, 364, 400, 448, 500, 535, 567]","[726.3549952153264, 725.3974986669527, 266.6393972590611, 541.7660368000046, 714.1654919103923, 423.2969636315529, 590.2789570077281, 451.29689895096305, 583.8299240135957, 262.935105094515, 391.67878295573644, 551.0589101140389, 683.4261424280933, 444.25780291017406]","[6, 57, 93, 106, 57, 208, 208, 305, 305, 399, 405, 405, 57, 555]","[57, 158, 106, 158, 405, 257, 405, 357, 405, 405, 455, 505, 555, 591]",111399724.70562609,683.1107146843686,-683.1107146843686,0.0,,,,SWT,txu.059172014718829,55723747.86562613,,0.0,-54.0,56.0,0.0,-58.5,,164.3107146843687,379.05592192558095,2891.6170930418666,379.055921925581,,0.0,379.05592192558095,,,257.935105094515,0.0,-63.0,207.55499521532647,164.3107146843687,,128.24837669067,0.38746726104840934,0.04756948051360943,0.18957983668909625,0.04581933550629471,0.46666666666666673,0.08030391025082895,0.32527654929977357,1.0,0.777421395988867,0.777421395988867,0.7774213959888668,,1.0,0.5772649076562076,0.16599252709666565,,,,,0.8,,0.46739533693038615,0.11724137931034483,0.0,0.10570188692015312,0.10570188692015312,0.05517241379310345,2.4900450176893267,0.8058512061481585,9,0.8030195582173826,0.31349448319539847,94,0,0.4484489684395743,0.7737918752741171,23,0,0.2726850695843727,0.36904251741208993,95,45.68278304423524,0.5690303486392903,55.25,22.75908557850057,0.5239019667724754,90,db,0.9102447150279618,0.7868127372464527,0.12678487830649093,4,68.5,0.6387975167003028,0.0,0.052450881601491674,0.8602677234852611,0.17166552418434938,0.18218346043892875,0.005306791709033726,0.4893617021276595,0.08030391025082884,0.030344209893147955,,0.326082991994702,0.24040333455299168,0.24040333455299168,0.2404033345529918,,0.0,0.834306183390071,0.06545691303677348,0.06268642541748015,,,,,0.19047619047619047,,0.07258030745298197,0.28089887640449435,0.1797752808988764,0.03377088825496327,0.03377088825496327,0.22598870056497175,1.0126668006805493,0.28918563385966034,151,0.7105639510192712,0.3525214194504812,196,31.81980515339464,0.8499065794651196,173.5,170.58213256484152,0.5157551765250126,183,118.36842105263158,113.5,63.686700255812326,76,0.9215768985091536,0.8701992891677452,0.0938363842932689,6,138.75
smoothed,db4,65576.22531489855,0.6739130434782609,25.023024284667976,10.347262518849199,598,1,False,False,120.64453455631345,,9.014210588698498,51700.48117420387,1.0,0.00010286974344488718,0.6979739767943443,427.20870189232073,,,,[],[],17,472.590730378918,105.62842761374691,779.8053616233562,"[10, 57, 91, 142, 171, 227, 260, 294, 324, 357, 395, 435, 467, 496, 530, 561, 591]","[755.6068515953378, 779.8053616233562, 267.0995112209643, 545.9896748976688, 494.286022917603, 451.1851847137513, 327.3704594866613, 589.897375015315, 105.62842761374691, 744.6248467773152, 304.92690854555286, 399.2173102510505, 231.0228542132636, 562.6524177326482, 689.6458684882565, 505.4344189357248, 279.64892241339]","[1, 52, 87, 100, 153, 153, 253, 153, 319, 153, 393, 400, 449, 400, 153, 550, 585]","[52, 153, 100, 153, 204, 253, 264, 300, 326, 400, 400, 449, 472, 500, 550, 597, 597]",111441943.05833356,702.7346424235343,-702.7346424235343,0.0,,,,SWT,txu.059172014718829,55765966.2183336,,0.0,-61.5,53.0,0.0,-61.5,,183.93464242353434,326.19073037891803,2213.9575835583937,326.190730378918,,0.0,326.19073037891803,,,100.62842761374691,0.0,-48.0,261.0053616233563,183.93464242353434,,125.30870189232076,0.4514548483912173,0.6109483965650719,0.1840362855547249,0.04724488626264059,0.6222222222222222,0.7434743093134202,0.32527654929977357,0.3660376799199263,0.44374402509014493,0.44374402509014493,0.44374402509014427,,0.9345084523867188,0.23413658381239572,0.3666834419726703,,,,,0.2,,0.4764132810806069,0.013793103448275862,0.2054794520547945,0.24086612572569896,0.24086612572569896,0.013793103448275862,1.716084132713546,0.5553748861465234,91,1.593121273322704,0.6219459104540217,41,0,0.3082539616563664,0.5318875230792179,84,0,0.4977013382942366,0.6735717327077205,32,29.81051268708183,0.7187687482350771,62.0,50.93334281346653,0.5669315439288594,73,db,0.9102447150279618,0.7868127372464527,0.12678487830649093,4,55.75,0.9969532087448216,0.0,0.061112788567777035,0.9988213395592909,0.5001947638856784,0.18029822911111842,0.00547189888160593,0.6382978723404255,0.7434743093134202,0.030344209893147955,,0.1193586618510886,0.13721971619258716,0.13721971619258716,0.13721971619258705,,0.0,0.7796661802565252,0.026549090031404765,0.13847656059636218,,,,,0.04761904761904767,,0.0739806747808108,0.19662921348314605,0.348314606741573,0.07695475694235335,0.07695475694235335,0.192090395480226,0.811383578904284,0.2317055070938122,191,1.2758287173846867,0.6329577369960593,117,52.32590180780452,0.7531797084537523,154.0,145.1103896103896,0.5133823070570649,184,118.36842105263158,113.5,63.686700255812326,76,0.9215768985091536,0.8701992891677452,0.0938363842932689,6,139.5
smoothed,coif12,66214.19285857888,0.6605351170568562,24.99955405582599,7.637596252416734,598,1,False,False,120.16811492450185,,9.014452561221534,51700.481174203866,1.0,9.22158213801963e-05,-0.043747411950787254,209.63612731767094,0.018394648829431436,23580.73503405126,50.0,"[0.0, 0.0016722408026755853, 0.0033444816053511705, 0.005016722408026756, 0.006688963210702341, 0.008361204013377926, 0.010033444816053512, 0.011705685618729096, 0.013377926421404682, 0.015050167224080268, 0.016722408026755852, 0.018394648829431436, 0.020066889632107024, 0.021739130434782608, 0.023411371237458192, 0.02508361204013378, 0.026755852842809364, 0.028428093645484948, 0.030100334448160536, 0.03177257525083612, 0.033444816053511704, 0.03511705685618729, 0.03678929765886287, 0.038461538461538464, 0.04013377926421405, 0.04180602006688963, 0.043478260869565216, 0.0451505016722408, 0.046822742474916385, 0.048494983277591976, 0.05016722408026756, 0.051839464882943144, 0.05351170568561873, 0.05518394648829431, 0.056856187290969896, 0.05852842809364548, 0.06020066889632107, 0.061872909698996656, 0.06354515050167224, 0.06521739130434782, 0.06688963210702341, 0.06856187290969899, 0.07023411371237458, 0.07190635451505016, 0.07357859531772575, 0.07525083612040134, 0.07692307692307693, 0.07859531772575251, 0.0802675585284281, 0.08193979933110368, 0.08361204013377926, 0.08528428093645485, 0.08695652173913043, 0.08862876254180602, 0.0903010033444816, 0.09197324414715718, 0.09364548494983277, 0.09531772575250835, 0.09698996655518395, 0.09866220735785954, 0.10033444816053512, 0.1020066889632107, 0.10367892976588629, 0.10535117056856187, 0.10702341137123746, 0.10869565217391304, 0.11036789297658862, 0.11204013377926421, 0.11371237458193979, 0.11538461538461538, 0.11705685618729096, 0.11872909698996656, 0.12040133779264214, 0.12207357859531773, 0.12374581939799331, 0.1254180602006689, 0.12709030100334448, 0.12876254180602006, 0.13043478260869565, 0.13210702341137123, 0.13377926421404682, 0.1354515050167224, 0.13712374581939799, 0.13879598662207357, 0.14046822742474915, 0.14214046822742474, 0.14381270903010032, 0.1454849498327759, 0.1471571906354515, 0.14882943143812707, 0.1505016722408027, 0.15217391304347827, 0.15384615384615385, 0.15551839464882944, 0.15719063545150502, 0.1588628762541806, 0.1605351170568562, 0.16220735785953178, 0.16387959866220736, 0.16555183946488294, 0.16722408026755853, 0.1688963210702341, 0.1705685618729097, 0.17224080267558528, 0.17391304347826086, 0.17558528428093645, 0.17725752508361203, 0.17892976588628762, 0.1806020066889632, 0.18227424749163879, 0.18394648829431437, 0.18561872909698995, 0.18729096989966554, 0.18896321070234112, 0.1906354515050167, 0.1923076923076923, 0.1939799331103679, 0.1956521739130435, 0.19732441471571907, 0.19899665551839466, 0.20066889632107024, 0.20234113712374582, 0.2040133779264214, 0.205685618729097, 0.20735785953177258, 0.20903010033444816, 0.21070234113712374, 0.21237458193979933, 0.2140468227424749, 0.2157190635451505, 0.21739130434782608, 0.21906354515050167, 0.22073578595317725, 0.22240802675585283, 0.22408026755852842, 0.225752508361204, 0.22742474916387959, 0.22909698996655517, 0.23076923076923075, 0.23244147157190634, 0.23411371237458192, 0.23578595317725753, 0.23745819397993312, 0.2391304347826087, 0.2408026755852843, 0.24247491638795987, 0.24414715719063546, 0.24581939799331104, 0.24749163879598662, 0.2491638795986622, 0.2508361204013378, 0.2525083612040134, 0.25418060200668896, 0.25585284280936454, 0.25752508361204013, 0.2591973244147157, 0.2608695652173913, 0.2625418060200669, 0.26421404682274247, 0.26588628762541805, 0.26755852842809363, 0.2692307692307692, 0.2709030100334448, 0.2725752508361204, 0.27424749163879597, 0.27591973244147155, 0.27759197324414714, 0.2792642140468227, 0.2809364548494983, 0.2826086956521739, 0.2842809364548495, 0.28595317725752506, 0.28762541806020064, 0.28929765886287623, 0.2909698996655518, 0.2926421404682274, 0.294314381270903, 0.29598662207357856, 0.29765886287625415, 0.29933110367892973, 0.3010033444816054, 0.30267558528428096, 0.30434782608695654, 0.3060200668896321, 0.3076923076923077, 0.3093645484949833, 0.3110367892976589, 0.31270903010033446, 0.31438127090301005, 0.31605351170568563, 0.3177257525083612, 0.3193979933110368, 0.3210702341137124, 0.32274247491638797, 0.32441471571906355, 0.32608695652173914, 0.3277591973244147, 0.3294314381270903, 0.3311036789297659, 0.33277591973244147, 0.33444816053511706, 0.33612040133779264, 0.3377926421404682, 0.3394648829431438, 0.3411371237458194, 0.342809364548495, 0.34448160535117056, 0.34615384615384615, 0.34782608695652173, 0.3494983277591973, 0.3511705685618729, 0.3528428093645485, 0.35451505016722407, 0.35618729096989965, 0.35785953177257523, 0.3595317725752508, 0.3612040133779264, 0.362876254180602, 0.36454849498327757, 0.36622073578595316, 0.36789297658862874, 0.3695652173913043, 0.3712374581939799, 0.3729096989966555, 0.3745819397993311, 0.37625418060200666, 0.37792642140468224, 0.37959866220735783, 0.3812709030100334, 0.382943143812709, 0.3846153846153846, 0.3862876254180602, 0.3879598662207358, 0.3896321070234114, 0.391304347826087, 0.39297658862876256, 0.39464882943143814, 0.3963210702341137, 0.3979933110367893, 0.3996655518394649, 0.4013377926421405, 0.40301003344481606, 0.40468227424749165, 0.40635451505016723, 0.4080267558528428, 0.4096989966555184, 0.411371237458194, 0.41304347826086957, 0.41471571906354515, 0.41638795986622074, 0.4180602006688963, 0.4197324414715719, 0.4214046822742475, 0.4230769230769231, 0.42474916387959866, 0.42642140468227424, 0.4280936454849498, 0.4297658862876254, 0.431438127090301, 0.4331103678929766, 0.43478260869565216, 0.43645484949832775, 0.43812709030100333, 0.4397993311036789, 0.4414715719063545, 0.4431438127090301, 0.44481605351170567, 0.44648829431438125, 0.44816053511705684, 0.4498327759197324, 0.451505016722408, 0.4531772575250836, 0.45484949832775917, 0.45652173913043476, 0.45819397993311034, 0.4598662207357859, 0.4615384615384615, 0.4632107023411371, 0.4648829431438127, 0.46655518394648826, 0.46822742474916385, 0.46989966555183943, 0.47157190635451507, 0.47324414715719065, 0.47491638795986624, 0.4765886287625418, 0.4782608695652174, 0.479933110367893, 0.4816053511705686, 0.48327759197324416, 0.48494983277591974, 0.4866220735785953, 0.4882943143812709, 0.4899665551839465, 0.4916387959866221, 0.49331103678929766, 0.49498327759197325, 0.49665551839464883, 0.4983277591973244]","[243359.28402672455, 5686.186529035675, 4435.287915620613, 4993.387664610168, 10023.559020788764, 6248.702915215088, 3930.4321405457295, 7253.747751422005, 4442.67414902433, 6936.972572647845, 7372.288004403251, 3811.2970233858105, 23580.73503405126, 8212.101621759211, 9743.507242432972, 9591.582384859674, 2069.4775819732426, 5169.274339623658, 3763.661519299826, 3963.730655167086, 2006.3131789845431, 1344.509669567528, 5900.044481185836, 2932.856910237327, 21831.760573206975, 3049.7001772079207, 3025.5953985442793, 2197.0496823206395, 7829.876342066929, 2500.088826888097, 4425.048224059755, 1569.7975965201383, 2140.4846160805146, 829.5704371187, 3622.645798810972, 5425.872277983328, 22416.963715600523, 4847.540612515206, 8245.267948391902, 1959.6056463989921, 4116.406109312954, 6541.741788440174, 781.8007513754347, 6476.178130355941, 3880.30787971238, 1514.886896029399, 2229.1513144515925, 3403.3865574620586, 16313.538719373577, 2621.410159199944, 5734.693580003611, 2410.4253697784047, 626.4602610978149, 6352.504966368187, 3958.6134688431353, 2918.8788225675767, 2422.7979806110466, 1980.9452024167024, 4908.908106916184, 3444.314953302811, 8406.750724307, 5204.693441513419, 3485.0304099325385, 3823.4450309198496, 1775.0944505826837, 4682.523986609453, 2930.1784685546354, 2862.8398990415953, 4027.3302025774374, 3752.347079848294, 2341.8801014914416, 2712.959618025372, 6525.583389623252, 2128.471621620115, 395.4862542057738, 1758.6218080954486, 2368.477243601836, 1735.0596812626873, 994.1512771310637, 2453.1204056165416, 2554.605320880253, 1043.4446182444817, 1149.1072140274407, 3464.3319732276336, 1937.137911180889, 2734.210131905547, 1586.0934378576285, 2010.3511220961334, 2221.650715927978, 2200.3193910499317, 1620.2423172862939, 3157.518452186883, 2242.1699950010543, 2000.294980504528, 515.4055461590772, 1096.2626318618063, 1755.8451749122996, 432.913538374008, 1453.7014341436966, 138.3358764538177, 386.06103554666817, 137.8856373295596, 1941.2743550887637, 569.6463208582584, 797.3359222077744, 1609.959486021824, 737.2819647820257, 482.90709117714636, 511.6156617504938, 840.9150039356828, 134.2017229606439, 849.6781246063273, 491.89080582125274, 631.8331095882443, 693.9067382183905, 529.6501041034174, 628.399083004985, 292.76913037571103, 769.3861868012093, 362.52925942091287, 744.5327191776832, 629.2218830737037, 188.25948027159424, 1008.3313670075123, 610.6839565961252, 584.5872308340676, 544.5320865028598, 149.69527985946922, 328.82767138181424, 331.12503784046703, 929.1795074295975, 707.6609941991311, 509.0541173712494, 744.4441515552012, 154.89239466536307, 919.1307990686475, 1065.1160863153493, 1141.6708189478425, 738.2300044080916, 1184.334366637278, 982.7565299550911, 1375.7772724922122, 1267.1169777803855, 345.5254999156102, 3215.859536989917, 630.1407489572919, 1250.7565700799707, 645.4226475356229, 1095.1254230784928, 1293.303844582985, 1035.444863556201, 643.1697880745331, 510.8875667837676, 821.0322868762723, 976.5031477927897, 449.4947410633803, 174.96596494150245, 110.23555282504124, 396.6384808054045, 1199.4294931064517, 463.6548836557977, 571.3636792890726, 213.1474126770408, 1395.2752612502989, 686.1974007635073, 3326.319339187964, 1558.0659939538457, 2206.3672244164877, 826.4176657559394, 2486.0686759601554, 518.5969540445476, 694.0259790823569, 1144.5620503285797, 381.182966547603, 405.1063388312365, 925.5154112399052, 1298.757425562131, 949.7510162431855, 1604.8328607478097, 700.3088336144182, 1396.4456002670006, 1022.0835021744012, 1391.556630137843, 1219.7090473991657, 1115.6697095429377, 599.7198882276207, 983.6937884965696, 942.3114437632106, 947.1165784622616, 637.1498321171638, 750.4551542804919, 1251.067806463682, 1215.7936556394534, 774.9360660767015, 582.7189707521935, 629.6127345801918, 566.3460213583018, 831.1614605584979, 1453.257463187315, 706.3187961277764, 1260.6480538776136, 513.0419272343674, 1165.5643643719081, 1273.4803397500182, 882.1088393080114, 1258.0911159475081, 1252.3276826610663, 1306.1811368355386, 558.8588350915886, 533.6171690928688, 387.164940533296, 326.4743946525265, 376.1485391097085, 926.5022478287303, 1457.5166638782066, 603.030404949131, 76.29692918037895, 274.8930922985993, 1003.9496059717552, 853.7758270487308, 911.8134115422707, 385.9678895788008, 933.075208123574, 198.305692352966, 86.69251192669536, 1117.6424441743063, 29.7065917475333, 320.99025571689714, 426.03156221018435, 206.40055265085425, 356.1322605157906, 157.07282786184425, 362.56826088525077, 216.9849136653231, 352.89085463946793, 451.28500791704033, 142.92671563184808, 425.4542487508064, 116.99106738111826, 282.31321109822943, 209.58495885966153, 379.9175101055968, 180.57578159138524, 210.72313792002316, 377.53716821493714, 104.7847730888473, 525.5119295902277, 416.3083861529763, 316.4285039872373, 204.85169446734616, 380.8082199970951, 189.13970995179687, 117.91924237004403, 572.7294362127623, 668.7229544229269, 874.7590765818726, 317.309575051163, 598.214357103437, 709.2361107841447, 742.224297115271, 342.56627628194127, 204.69428798130562, 1012.1532458067696, 426.3246906898451, 670.9333488115016, 441.73457857965604, 718.1698952783981, 565.2085093812873, 1264.2081784883524, 658.6197164398828, 594.2943119823137, 520.8288266659594, 209.41556142089402, 1553.6338603873196, 1680.71738273129, 694.7758293361363, 1351.3363081450887, 1660.4629897649595, 2084.017779411346, 1873.465162563169, 1073.1957487676693, 641.7292093848795, 3005.160412009105, 699.8827587120829, 1245.300004225829, 1786.8594683725596, 672.867826043071, 1827.6471014385731, 1423.868455208428, 1621.0668988940372, 426.0646100487205, 1296.1052211872313, 1188.5768613126033, 695.8742098013407, 616.2332323789451, 924.7421530837609, 1481.4600097365471, 943.5400082885382, 1597.829494650074]",16,483.3897135959561,156.53448086944366,757.7623779184839,"[21, 65, 101, 151, 180, 236, 269, 304, 338, 368, 405, 443, 475, 505, 540, 583]","[698.2710249204828, 757.7623779184839, 245.49421322088568, 542.8363617525816, 566.5771844156541, 459.84496053559127, 358.19470797062064, 595.089643534007, 156.53448086944366, 689.2131286161257, 207.1674100681472, 426.481789238766, 287.10424938525045, 682.2812384635748, 660.7349778602136, 400.647668765469]","[10, 10, 96, 110, 162, 162, 262, 162, 327, 162, 396, 408, 458, 408, 510, 560]","[61, 408, 110, 162, 212, 262, 273, 309, 342, 408, 408, 458, 481, 510, 560, 595]",111350158.62780389,710.3928501054372,-710.3928501054372,824972.4541036941,0.09775469802765896,0.1313255316828125,0.4983277591973244,SWT,txu.059172014718829,55674181.78780393,,0.0,-57.5,54.0,0.0,-53.0,,191.59285010543726,336.9897135959561,2513.7645824647025,336.9897135959561,,824972.4541036941,336.9897135959561,,,151.53448086944366,0.0,-57.5,238.96237791848398,191.59285010543726,,92.26387268232904,0.30313061609704794,0.07018291598254289,0.18527628273429372,0.04847841923310158,0.44444444444444453,0.11349352313694272,0.32527654929977123,0.5711943849304104,0.5119056305401143,0.5119056305401143,0.511905630540114,,0.19831919540013332,0.38594183640861,0.2839183111865304,,,,,0.4,,0.4568079005933239,0.06896551724137931,0.07534246575342465,0.29361376247291837,0.29361376247291837,0.13103448275862067,2.2085317280432526,0.7147452934452063,40,0.8203056758857514,0.3202428898430896,89,0,0.3791736255496138,0.6542583246192828,50,0,0.276741003753914,0.37453167807155213,90,26.01762223314549,0.7545507336495708,67.25,59.39382704606544,0.5600583856927099,76,coif,1.0,0.7343071281019431,0.07970786156941707,5,58.25,0.7236452791031677,0.9931358724055948,0.041034352197067414,0.8930913377899747,0.18485234135122602,0.1807199229807439,0.005614766569845608,0.4680851063829787,0.11349352313694261,0.03034420989314779,,0.1862567740486817,0.15829744485197778,0.15829744485197778,0.15829744485197778,,0.9931358724055948,0.16545893100727482,0.04376250987717456,0.10722063426678727,,,,,0.09523809523809523,,0.07093621876880818,0.24157303370786515,0.24157303370786515,0.09380719542010116,0.09380719542010116,0.288135593220339,1.1694752446336831,0.3339651696641909,121,0.7290855923473707,0.3617102831441268,192,50.204581464244875,0.7631859364894109,156.5,148.44728434504793,0.5124891946597998,185,128.44117647058823,122.5,52.71316963643363,34,1.0,0.7202596862948154,0.08392209411155538,7,140.5
smoothed,db6,64573.297756036,0.6755852842809364,25.34913876844165,8.798592092292232,598,1,False,False,120.51180711963727,,9.01415162325811,51700.48117420387,1.0,0.00010213758986770278,0.32454790991547344,425.54197368286043,,,,[],[],16,434.02479784179707,108.18085186378642,783.0929628340014,"[14, 47, 93, 144, 189, 229, 261, 295, 330, 359, 392, 435, 497, 532, 563, 595]","[329.94417295380885, 783.0929628340014, 264.1633727306397, 749.1985567918687, 157.38776847012082, 422.40539946575507, 609.1491984512585, 401.94695098340463, 108.18085186378642, 750.0860334975505, 229.48504368730352, 393.42811192365247, 546.9350664457567, 630.329748804608, 413.2910827180796, 155.37244384715774]","[3, 3, 89, 54, 185, 154, 154, 266, 320, 54, 391, 402, 402, 402, 551, 590]","[42, 54, 103, 154, 205, 254, 302, 302, 335, 402, 402, 452, 502, 551, 590, 597]",111232411.49509552,708.5798637800807,-708.5798637800807,0.0,,,,SWT,txu.059172014718829,55556434.65509556,,0.0,-62.0,54.0,0.0,-62.0,,189.77986378008075,287.6247978417971,3303.603234531247,287.624797841797,,0.0,287.6247978417971,,,103.18085186378642,0.0,-62.0,264.2929628340014,189.77986378008075,,123.64197368286045,0.41013267391551844,0.30188173479360786,0.1837341149658655,0.045305690102748174,0.6444444444444445,0.4263050180393116,0.32527654929977357,0.3763242159099927,0.2003214894149419,0.2003214894149419,0.20032148941494096,,0.8973762464877654,0.7858713127871286,0.37902744892811574,,,,,0.4,,0.43165682295725355,0.006896551724137931,0.0136986301369863,0.28112640928405586,0.28112640928405586,0.006896551724137917,1.8160419130711396,0.5877241397916675,88,1.270550473101693,0.49601601836808445,59,0,0.29739767116456367,0.5131551589321822,90,0,0.41440641269647294,0.5608432687800678,53,19.226717521892983,0.8186158724349719,72.5,68.6202573207005,0.5673268041420143,72,db,0.9102447150279618,0.7868127372464527,0.12678487830649093,4,55.0,0.9781710760105135,0.0,0.055519065694064944,0.9915554145280134,0.3199653791574578,0.1801954680024622,0.005247301340201349,0.6595744680851063,0.4263050180393116,0.030344209893147955,,0.12271292628399064,0.06194575334104066,0.06194575334104066,0.06194575334104041,,0.0,0.7486865512721151,0.08911109872945511,0.14313822630445014,,,,,0.09523809523809523,,0.06703058941531789,0.19101123595505615,0.19101123595505617,0.0898175882198069,0.0898175882198069,0.1864406779661017,0.7660609449201953,0.21876279520864925,200,1.0453124346394562,0.5185951562836116,162,26.870057685088806,0.8732544448816566,181.0,179.00552486187846,0.5097404299879982,186,118.36842105263158,113.5,63.686700255812326,76,0.9215768985091536,0.8701992891677452,0.0938363842932689,6,141.0
smoothed,db35,65007.532197989145,0.6655518394648829,27.341732876445462,7.429455970755714,598,1,False,False,120.76404980330412,,9.017867172599697,51700.48117420387,1.0,9.31580911476187e-05,-0.12208646850975995,208.7663084590809,0.018394648829431436,23580.73503405126,50.0,"[0.0, 0.0016722408026755853, 0.0033444816053511705, 0.005016722408026756, 0.006688963210702341, 0.008361204013377926, 0.010033444816053512, 0.011705685618729096, 0.013377926421404682, 0.015050167224080268, 0.016722408026755852, 0.018394648829431436, 0.020066889632107024, 0.021739130434782608, 0.023411371237458192, 0.02508361204013378, 0.026755852842809364, 0.028428093645484948, 0.030100334448160536, 0.03177257525083612, 0.033444816053511704, 0.03511705685618729, 0.03678929765886287, 0.038461538461538464, 0.04013377926421405, 0.04180602006688963, 0.043478260869565216, 0.0451505016722408, 0.046822742474916385, 0.048494983277591976, 0.05016722408026756, 0.051839464882943144, 0.05351170568561873, 0.05518394648829431, 0.056856187290969896, 0.05852842809364548, 0.06020066889632107, 0.061872909698996656, 0.06354515050167224, 0.06521739130434782, 0.06688963210702341, 0.06856187290969899, 0.07023411371237458, 0.07190635451505016, 0.07357859531772575, 0.07525083612040134, 0.07692307692307693, 0.07859531772575251, 0.0802675585284281, 0.08193979933110368, 0.08361204013377926, 0.08528428093645485, 0.08695652173913043, 0.08862876254180602, 0.0903010033444816, 0.09197324414715718, 0.09364548494983277, 0.09531772575250835, 0.09698996655518395, 0.09866220735785954, 0.10033444816053512, 0.1020066889632107, 0.10367892976588629, 0.10535117056856187, 0.10702341137123746, 0.10869565217391304, 0.11036789297658862, 0.11204013377926421, 0.11371237458193979, 0.11538461538461538, 0.11705685618729096, 0.11872909698996656, 0.12040133779264214, 0.12207357859531773, 0.12374581939799331, 0.1254180602006689, 0.12709030100334448, 0.12876254180602006, 0.13043478260869565, 0.13210702341137123, 0.13377926421404682, 0.1354515050167224, 0.13712374581939799, 0.13879598662207357, 0.14046822742474915, 0.14214046822742474, 0.14381270903010032, 0.1454849498327759, 0.1471571906354515, 0.14882943143812707, 0.1505016722408027, 0.15217391304347827, 0.15384615384615385, 0.15551839464882944, 0.15719063545150502, 0.1588628762541806, 0.1605351170568562, 0.16220735785953178, 0.16387959866220736, 0.16555183946488294, 0.16722408026755853, 0.1688963210702341, 0.1705685618729097, 0.17224080267558528, 0.17391304347826086, 0.17558528428093645, 0.17725752508361203, 0.17892976588628762, 0.1806020066889632, 0.18227424749163879, 0.18394648829431437, 0.18561872909698995, 0.18729096989966554, 0.18896321070234112, 0.1906354515050167, 0.1923076923076923, 0.1939799331103679, 0.1956521739130435, 0.19732441471571907, 0.19899665551839466, 0.20066889632107024, 0.20234113712374582, 0.2040133779264214, 0.205685618729097, 0.20735785953177258, 0.20903010033444816, 0.21070234113712374, 0.21237458193979933, 0.2140468227424749, 0.2157190635451505, 0.21739130434782608, 0.21906354515050167, 0.22073578595317725, 0.22240802675585283, 0.22408026755852842, 0.225752508361204, 0.22742474916387959, 0.22909698996655517, 0.23076923076923075, 0.23244147157190634, 0.23411371237458192, 0.23578595317725753, 0.23745819397993312, 0.2391304347826087, 0.2408026755852843, 0.24247491638795987, 0.24414715719063546, 0.24581939799331104, 0.24749163879598662, 0.2491638795986622, 0.2508361204013378, 0.2525083612040134, 0.25418060200668896, 0.25585284280936454, 0.25752508361204013, 0.2591973244147157, 0.2608695652173913, 0.2625418060200669, 0.26421404682274247, 0.26588628762541805, 0.26755852842809363, 0.2692307692307692, 0.2709030100334448, 0.2725752508361204, 0.27424749163879597, 0.27591973244147155, 0.27759197324414714, 0.2792642140468227, 0.2809364548494983, 0.2826086956521739, 0.2842809364548495, 0.28595317725752506, 0.28762541806020064, 0.28929765886287623, 0.2909698996655518, 0.2926421404682274, 0.294314381270903, 0.29598662207357856, 0.29765886287625415, 0.29933110367892973, 0.3010033444816054, 0.30267558528428096, 0.30434782608695654, 0.3060200668896321, 0.3076923076923077, 0.3093645484949833, 0.3110367892976589, 0.31270903010033446, 0.31438127090301005, 0.31605351170568563, 0.3177257525083612, 0.3193979933110368, 0.3210702341137124, 0.32274247491638797, 0.32441471571906355, 0.32608695652173914, 0.3277591973244147, 0.3294314381270903, 0.3311036789297659, 0.33277591973244147, 0.33444816053511706, 0.33612040133779264, 0.3377926421404682, 0.3394648829431438, 0.3411371237458194, 0.342809364548495, 0.34448160535117056, 0.34615384615384615, 0.34782608695652173, 0.3494983277591973, 0.3511705685618729, 0.3528428093645485, 0.35451505016722407, 0.35618729096989965, 0.35785953177257523, 0.3595317725752508, 0.3612040133779264, 0.362876254180602, 0.36454849498327757, 0.36622073578595316, 0.36789297658862874, 0.3695652173913043, 0.3712374581939799, 0.3729096989966555, 0.3745819397993311, 0.37625418060200666, 0.37792642140468224, 0.37959866220735783, 0.3812709030100334, 0.382943143812709, 0.3846153846153846, 0.3862876254180602, 0.3879598662207358, 0.3896321070234114, 0.391304347826087, 0.39297658862876256, 0.39464882943143814, 0.3963210702341137, 0.3979933110367893, 0.3996655518394649, 0.4013377926421405, 0.40301003344481606, 0.40468227424749165, 0.40635451505016723, 0.4080267558528428, 0.4096989966555184, 0.411371237458194, 0.41304347826086957, 0.41471571906354515, 0.41638795986622074, 0.4180602006688963, 0.4197324414715719, 0.4214046822742475, 0.4230769230769231, 0.42474916387959866, 0.42642140468227424, 0.4280936454849498, 0.4297658862876254, 0.431438127090301, 0.4331103678929766, 0.43478260869565216, 0.43645484949832775, 0.43812709030100333, 0.4397993311036789, 0.4414715719063545, 0.4431438127090301, 0.44481605351170567, 0.44648829431438125, 0.44816053511705684, 0.4498327759197324, 0.451505016722408, 0.4531772575250836, 0.45484949832775917, 0.45652173913043476, 0.45819397993311034, 0.4598662207357859, 0.4615384615384615, 0.4632107023411371, 0.4648829431438127, 0.46655518394648826, 0.46822742474916385, 0.46989966555183943, 0.47157190635451507, 0.47324414715719065, 0.47491638795986624, 0.4765886287625418, 0.4782608695652174, 0.479933110367893, 0.4816053511705686, 0.48327759197324416, 0.48494983277591974, 0.4866220735785953, 0.4882943143812709, 0.4899665551839465, 0.4916387959866221, 0.49331103678929766, 0.49498327759197325, 0.49665551839464883, 0.4983277591973244]","[243359.28402672458, 5686.186529035681, 4435.287915620611, 4993.387664610165, 10023.559020788762, 6248.702915215089, 3930.432140545732, 7253.747751422, 4442.674149024332, 6936.972572647844, 7372.288004403252, 3811.2970233858086, 23580.73503405126, 8212.10162175921, 9743.507242432977, 9591.582384859674, 2069.4775819732445, 5169.274339623659, 3763.6615192998265, 3963.7306551670877, 2006.3131789845413, 1344.5096695675286, 5900.044481185831, 2932.856910237326, 21831.760573206993, 3049.700177207927, 3025.595398544294, 2197.049682320658, 7829.876342067083, 2500.0888268881904, 4425.048224060008, 1569.7975965202515, 2140.4846160805796, 829.5704371185495, 3622.6457988079337, 5425.872277970021, 22416.963715466773, 4847.540612452578, 8245.267948181137, 1959.6056463074385, 4116.406108987455, 6541.741787634047, 781.8007512395681, 6476.178128981022, 3880.30787895223, 1514.886895967569, 2229.151315341004, 3403.3865620758465, 16313.538771042216, 2621.4101756659943, 5734.6936443618515, 2410.4254143568, 626.4602788735422, 6352.5052240978075, 3958.613681336083, 2918.879010638348, 2422.7981423725273, 1980.945302968099, 4908.908115085562, 3444.314606597793, 8406.748358398634, 5204.690479583393, 3485.026955663979, 3823.4390391776597, 1775.09037273716, 4682.509246106239, 2930.166651143647, 2862.8261792712174, 4027.309374780372, 3752.329049523477, 2341.872586782944, 2712.960187187891, 6525.6233154345, 2128.503959038499, 395.49733212329676, 1758.7007696977553, 2368.6329347165993, 1735.2153035201898, 994.265574412006, 2453.460121047828, 2555.002804579598, 1043.6114778033782, 1149.2718110966362, 3464.66381755978, 1937.151043050853, 2733.842506701541, 1585.5594026867432, 2009.1360607331683, 2219.574506876897, 2197.4304397850383, 1617.4703782771437, 3150.9465103203934, 2236.8818273275147, 1995.378699489434, 514.229881850723, 1094.370742202537, 1754.6174161062593, 433.28687149183685, 1458.0215388833194, 139.10606956652882, 389.3402742510242, 139.46993998094425, 1968.8210297398443, 578.8441964130623, 810.7910615782962, 1635.594392879991, 746.8353367794085, 486.70476512757847, 512.037303650372, 834.4857701981805, 131.9577006909254, 828.1114678367068, 475.8616202368394, 608.1520717422673, 666.4482181547864, 509.0800768892642, 605.950880880988, 283.67916110767874, 749.4929704037238, 354.83134658756035, 731.0337202597088, 618.425093229138, 184.8044404055483, 987.3267214255196, 597.0563981111065, 573.7654023886488, 543.0915294798408, 154.7842401193419, 361.3799225909548, 394.88795518573, 1209.1844682831459, 990.4170957256789, 743.7514992908146, 1096.5729062486869, 222.82956488996928, 1258.42342620731, 1359.2033430224033, 1333.3005816200832, 774.7695242333967, 1094.1867719328611, 778.8228496695228, 902.693367094557, 653.416082057157, 129.01570113685315, 768.7803893484654, 103.5817723747258, 306.2020683093965, 267.51395885332687, 681.4178333476802, 1117.2987102714092, 1189.4894800193317, 962.3593939691868, 991.7968198966515, 2089.0469273345616, 3310.477444483994, 1985.3778122519982, 825.7844017200895, 404.414294169505, 997.9716311524381, 2072.83532314126, 563.8499921034282, 506.096470352244, 146.96669606491122, 840.2925035656311, 409.1041234375895, 2118.7218128139407, 1086.2844817764305, 1679.921888228485, 679.3052130204956, 2176.538089188317, 477.32171483957296, 663.6528519553203, 1125.1979228829434, 381.7666042487412, 410.2281793121098, 942.1522154588636, 1324.146325027431, 968.4056439221258, 1637.5278950444804, 716.5188411898962, 1435.8747989159615, 1057.6232474012345, 1448.8920535506393, 1275.729896963606, 1169.020020852587, 627.5511991692914, 1024.8683544008156, 975.089981370907, 971.8013174203058, 647.7553430928972, 756.0376924827447, 1250.0795958002539, 1206.7040564517029, 765.4136985808774, 573.9035896773531, 619.4686324560078, 557.5558644276073, 819.7372989525401, 1436.957319402132, 700.4191952606358, 1253.701420563339, 511.52474511889693, 1164.5598713644458, 1274.3730038265442, 883.6380514800021, 1260.9771914846644, 1255.4243404317713, 1309.279951576524, 560.0282153433528, 534.5342034871863, 387.67509676427466, 326.7803074997849, 376.37629652280106, 926.8145403257429, 1457.712734058706, 603.0263166242903, 76.28962220497128, 274.85373114694045, 1003.7891324951835, 853.6430430431176, 911.6871924905573, 385.92353033680905, 932.9915410258129, 198.29265944347782, 86.68862000451684, 1117.6111407889443, 29.706140443374522, 320.98829182475174, 426.03147283145137, 206.40121496260045, 356.1339717843569, 157.0736401946411, 362.5699984695881, 216.98578877629114, 352.8919655442788, 451.2860446412205, 142.92693961416398, 425.45467045089157, 116.99113395947485, 282.31329054958724, 209.5849799565101, 379.91750947333725, 180.57577242548624, 210.72312385080224, 377.53714388926505, 104.78476746414775, 525.5119082695087, 416.30837434027865, 316.42849813521406, 204.85169216837576, 380.8082176051008, 189.139709352746, 117.9192422101886, 572.7294359842491, 668.7229544502245, 874.7590767532399, 317.3095751185308, 598.2143572074009, 709.2361108715402, 742.2242971739606, 342.5662762979407, 204.69428798653686, 1012.1532458198436, 426.32469069238886, 670.9333488131485, 441.7345785800282, 718.1698952785334, 565.2085093812681, 1264.2081784882619, 658.6197164398423, 594.2943119822916, 520.8288266659513, 209.4155614208923, 1553.6338603873116, 1680.7173827312897, 694.7758293361397, 1351.3363081450839, 1660.4629897649595, 2084.0177794113415, 1873.46516256317, 1073.1957487676684, 641.7292093848796, 3005.1604120091038, 699.882758712082, 1245.3000042258298, 1786.8594683725596, 672.8678260430711, 1827.6471014385706, 1423.8684552084264, 1621.066898894037, 426.0646100487157, 1296.1052211872336, 1188.5768613126015, 695.8742098013398, 616.233232378949, 924.7421530837632, 1481.4600097365517, 943.5400082885373, 1597.829494650072]",15,487.49985704712583,129.1864750855093,766.0963502659059,"[3, 35, 81, 117, 166, 198, 252, 296, 334, 382, 420, 469, 520, 555, 592]","[129.1864750855093, 766.0963502659059, 730.5365103166614, 279.72492583282605, 678.0523901956632, 581.2319270102888, 427.1025752084935, 580.0568870781011, 426.7583890403279, 669.0750965948886, 199.27041243045812, 409.99617234101015, 566.5708063139851, 667.3457398790667, 201.49319811370123]","[1, 25, 76, 112, 126, 176, 228, 176, 325, 176, 417, 426, 176, 176, 576]","[25, 76, 176, 126, 176, 228, 277, 325, 377, 426, 426, 476, 525, 576, 596]",111347399.23605737,677.7678335905248,-677.7678335905248,825807.5209044527,0.09791483980762247,0.1313547209575337,0.4983277591973244,SWT,txu.059172014718829,55671422.39605741,,0.0,-58.0,55.0,0.0,-58.0,,158.96783359052483,341.09985704712585,2935.502144293113,341.09985704712574,,825807.5209044527,341.09985704712585,,,124.1864750855093,0.0,-58.0,247.29635026590597,158.96783359052483,,93.13369154091907,0.4886636577552066,0.028644560932939656,0.20277458553798583,0.04614529786393441,0.5111111111111112,0.046956274530912,0.32527654929977357,0.4609790687467351,0.5378482559364937,0.5378482559364937,0.5378482559364925,,0.21769745561594633,0.5994858074840838,0.3152100056566393,,,,,0.6000000000000001,,0.4562184877180484,0.06206896551724138,0.0684931506849315,0.06890158548831288,0.06890158548831288,0.06206896551724138,2.306178364284566,0.7463465934347114,31,0.8659286232660589,0.3380538412258809,81,0,0.37251406706639295,0.642767357731434,54,0,0.2996737020048388,0.4055679966586777,79,23.613202521753237,0.7772339384740261,61.25,52.78403459171795,0.5997018748973904,67,db,0.9102447150279618,0.7868127372464527,0.12678487830649093,4,51.25,0.7478175790068473,0.9941411602689203,0.06614969116750208,0.9024424653439225,0.1606296311750372,0.18667068411371063,0.005344544642764987,0.5319148936170212,0.04695627453091189,0.030344209893147955,,0.15031743398386677,0.16631972682739954,0.16631972682739954,0.16631972682739932,,0.9941411602689203,0.1816263333286695,0.06797657340126317,0.11903781969010901,,,,,0.1428571428571429,,0.07084469075317756,0.23595505617977525,0.23595505617977527,0.022013492965109738,0.022013492965109738,0.23163841807909605,1.1704773382684563,0.33425133593602274,120,0.7266491912531199,0.36050154806706025,193,51.61879502661797,0.7565151177989718,156.5,147.98722044728436,0.5091537853145802,187,118.36842105263158,113.5,63.686700255812326,76,0.9215768985091536,0.8701992891677452,0.0938363842932689,6,141.75
smoothed,coif9,65950.17355958735,0.6555183946488294,24.596640284762056,7.559130109440499,598,1,False,False,120.0677606900701,,9.014231090699077,51700.48117420387,1.0,9.151158416937563e-05,-0.07176085360896799,424.3203185752925,,,,[],[],15,466.5335304847773,153.64403288691682,735.7929985435114,"[18, 62, 97, 135, 175, 233, 278, 314, 365, 402, 440, 470, 500, 536, 568]","[682.4474042662829, 735.7929985435114, 267.5437587257181, 234.95453102961676, 558.2068411727064, 436.67342451118884, 596.4335085634734, 390.4041653889308, 695.59655009612, 212.3693487865674, 416.01576115689414, 153.64403288691682, 563.2208992632774, 650.5712611682051, 404.1284717122501]","[7, 7, 92, 106, 158, 208, 158, 306, 158, 392, 405, 456, 405, 405, 557]","[57, 405, 106, 138, 208, 257, 306, 357, 405, 405, 456, 473, 507, 557, 591]",111366988.8619525,693.3813877152729,-693.3813877152729,0.0,,,,SWT,txu.059172014718829,55691012.02195254,,0.0,-62.5,55.0,0.0,-53.5,,174.58138771527297,320.13353048477734,3249.9970427283406,320.13353048477734,,0.0,320.13353048477734,,,148.64403288691682,0.0,-62.5,216.99299854351148,174.58138771527297,,122.42031857529253,0.27188722521712605,0.05452350358860747,0.18414134881800204,0.04796792851398869,0.3777777777777778,0.08970031686418445,0.32527654929977357,0.5595455780366438,0.40551186368955944,0.40551186368955944,0.40551186368955916,,0.8701596020857312,0.7587281789808883,0.20142954371273272,,,,,0.6000000000000001,,0.46040288007153546,0.0,0.00684931506849315,0.17644346937472893,0.17644346937472893,0.12413793103448276,2.0142743586206775,0.6518779419153066,64,0.759110553689194,0.2963526458125753,103,0,0.3433783705872429,0.5924941565365096,71,0,0.25710674281335,0.34795935016201235,104,20.984120980716188,0.8020365945215454,85.5,81.57666562758722,0.4977164104683199,102,coif,1.0,0.7343071281019431,0.07970786156941707,5,77.75,0.7055792924273401,0.0,0.036804979652306356,0.886102456034132,0.17572069886093586,0.18033395865532775,0.005555641576307585,0.4042553191489361,0.08970031686418439,0.030344209893147955,,0.1824582962435938,0.12539712019086796,0.12539712019086796,0.12539712019086796,,0.0,0.7259795365563692,0.08603329904765167,0.07606907545586084,,,,,0.1428571428571429,,0.0714944714837997,0.18539325842696627,0.1853932584269663,0.056372245200061066,0.056372245200061066,0.2824858757062147,0.8206506703662176,0.23435189553732957,188,0.6849693885008181,0.3398235736108821,205,12.020815280171307,0.9432980411312675,196.5,196.1323155216285,0.5082056243392186,188,128.44117647058823,122.5,52.71316963643363,34,1.0,0.7202596862948154,0.08392209411155538,7,142.75
smoothed,coif15,66387.58071988347,0.6605351170568562,25.160430405531933,7.702024352916483,598,1,False,False,120.0545239763027,,9.014613356339122,51700.48117420387,1.0,9.315577222374011e-05,-0.020658293411519802,425.15985944575255,,,,[],[],17,421.94550921451,17.343203128931805,784.5955702967096,"[6, 36, 68, 103, 153, 184, 239, 272, 307, 341, 370, 408, 445, 475, 508, 541, 580]","[247.35085251170574, 784.5955702967096, 761.1902381253246, 274.37619625721214, 536.9985062714454, 17.343203128931805, 428.1561134717366, 592.2338190409474, 299.6322918583318, 128.38129845481205, 675.8599173287051, 194.20723497535528, 428.145757969893, 105.96346306851711, 649.9716786162699, 590.9523613571821, 457.7151539135914]","[0, 13, 63, 100, 112, 181, 164, 164, 296, 330, 164, 397, 412, 473, 412, 513, 563]","[13, 412, 412, 112, 164, 215, 265, 313, 313, 345, 412, 412, 461, 484, 563, 563, 596]",111344025.86694065,739.8505776586571,-739.8505776586571,0.0,,,,SWT,txu.059172014718829,55668049.02694069,,0.0,-57.0,53.0,0.0,-57.0,,221.05057765865718,275.54550921451005,3074.9263433533297,275.5455092145101,,0.0,275.54550921451005,,,12.343203128931805,0.0,-48.0,265.7955702967097,221.05057765865718,,123.25985944575257,0.2677662249968341,0.08304076979331387,0.18610028328525474,0.048813670839105046,0.44444444444444453,0.13310425739674137,0.32527654929977357,0.010239015556004344,0.12407878313585335,0.12407878313585335,0.12407878313585352,,0.8888633141160226,0.6700823106797124,0.38466931233628004,,,,,0.2,,0.4554979277638628,0.07586206896551724,0.2054794520547945,0.4965105206853704,0.4965105206853704,0.07586206896551724,1.6362098161062915,0.529525227236362,97,0.833068834202176,0.32522555767403355,84,0,0.28878752408106756,0.4982984810780505,95,0,0.27953803638550584,0.3783170850438507,86,6.454972243679028,0.9391040354369903,90.5,90.15453226244415,0.542665225265665,83,coif,1.0,0.7343071281019431,0.07970786156941707,5,63.5,0.7477580910285793,0.0,0.03624712582473549,0.9024194522390492,0.192350280688838,0.1810001461833717,0.005653595383566301,0.4680851063829787,0.13310425739674125,0.030344209893147955,,0.003338768827582189,0.03836909218995027,0.03836909218995027,0.03836909218995033,,0.0,0.7415841591555886,0.07598161425700956,0.1452688538449631,,,,,0.04761904761904767,,0.07073279733259583,0.24719101123595505,0.348314606741573,0.15863105002227104,0.15863105002227104,0.24293785310734464,0.7429556973900576,0.2121646667344099,206,0.7429504420850545,0.3685888427769154,188,12.727922061357855,0.9399626317860479,197.0,196.58883248730967,0.5053586743835901,189,128.44117647058823,122.5,52.71316963643363,34,1.0,0.7202596862948154,0.08392209411155538,7,143.5
smoothed,coif8,65830.49350915874,0.6521739130434783,24.603409722726642,7.579573503068625,598,1,False,False,120.2441112575443,,9.014136373398134,51700.48117420389,1.0,9.398212490635366e-05,-0.06622716029934264,427.56856320732993,,,,[],[],14,469.45324635576935,67.32680442575332,754.3545642310488,"[15, 62, 97, 176, 232, 276, 334, 363, 401, 447, 501, 534, 567, 596]","[754.3545642310488, 721.0262968950642, 279.05065050150523, 640.5194902350537, 479.38097876839856, 542.3747987311186, 156.2183286460737, 682.4258472725454, 202.98294655724982, 415.18541545006127, 656.0700969695454, 597.8035080885702, 377.6257222087828, 67.32680442575332]","[5, 56, 92, 158, 209, 209, 306, 158, 390, 404, 404, 506, 556, 589]","[404, 404, 107, 306, 258, 306, 337, 404, 404, 455, 556, 556, 589, 597]",111332447.6705808,677.9387791938177,-677.9387791938177,0.0,,,,SWT,txu.059172014718829,55656470.830580845,,0.0,-58.5,56.0,0.0,-49.5,,159.13877919381775,323.0532463557694,3675.654551019229,323.05324635576926,,0.0,323.0532463557694,,,62.32680442575332,0.0,-63.0,235.55456423104886,159.13877919381775,,125.66856320732995,0.3267906355484539,0.058603371916675195,0.18365596649214017,0.047736522873415704,0.33333333333333337,0.09440035722240481,0.3252765492997782,0.21167814294437867,0.4239406839983623,0.4239406839983623,0.42394068399836127,,0.942525623013666,0.974256988519343,0.27112294059098696,,,,,0.8,,0.45302479649659605,0.05517241379310345,0.0,0.07007901197771682,0.07007901197771682,0.1793103448275862,2.15492614792805,0.6973969639631177,45,0.7807865760684138,0.30481484746628135,100,0,0.353271421742412,0.6095644658566046,66,0,0.26734418443114527,0.3618143486489078,99,26.814175355583846,0.7470360815510958,77.5,69.5957820738137,0.5079520030396989,97,coif,1.0,0.7343071281019431,0.07970786156941707,5,74.0,0.7689567387629608,0.0,0.04423717474154979,0.9106202134295567,0.17809983659881168,0.18016889154500443,0.005528840193850859,0.36170212765957444,0.09440035722240464,0.030344209893148455,,0.06902464219118522,0.13109589549724965,0.13109589549724965,0.1310958954972494,,0.0,0.7863549552838807,0.11047242631100496,0.10238851285412001,,,,,0.19047619047619047,,0.07034875279135444,0.23033707865168537,0.1797752808988764,0.022389671097408637,0.022389671097408637,0.327683615819209,0.8651703259733977,0.2470653021754499,181,0.6807446621900977,0.3377276236070737,206,17.67766952966369,0.9166147663695109,193.5,192.69250645994833,0.5019394586564536,190,128.44117647058823,122.5,52.71316963643363,34,1.0,0.7202596862948154,0.08392209411155538,7,144.25
smoothed,db19,64917.55045987073,0.677257525083612,26.480563192911127,7.716865844180697,598,1,False,False,120.7013809121566,,9.017072334451377,51700.481174203866,1.0,9.136388499570747e-05,-0.014053787204669686,428.8380791250362,,,,[],[],18,413.23371854918787,43.892693259223506,783.277617027644,"[5, 36, 69, 105, 141, 171, 204, 239, 271, 307, 340, 370, 402, 446, 477, 508, 544, 580]","[43.892693259223506, 783.277617027644, 730.0343297309, 267.44323409137286, 197.77066350969437, 571.9077072417134, 71.74965186750694, 528.6641983118582, 444.7258844196916, 359.4076132490691, 157.47785616589545, 670.6813116489465, 216.21874170591138, 427.0125341022217, 266.40454815979433, 684.8029354145906, 588.2597352453708, 428.47567873397713]","[1, 13, 63, 99, 113, 164, 202, 216, 265, 276, 312, 164, 397, 412, 461, 63, 513, 562]","[7, 63, 164, 113, 146, 312, 216, 312, 312, 312, 345, 412, 412, 461, 484, 562, 562, 596]",111365597.09452485,734.6000554550766,-734.6000554550766,0.0,,,,SWT,txu.059172014718829,55689620.25452489,,0.0,-61.0,52.0,0.0,-52.0,,215.80005545507663,266.8337185491879,2809.7930661146183,266.8337185491879,,0.0,266.8337185491879,,,38.892693259223506,0.0,-47.5,264.4776170276441,215.80005545507663,,126.93807912503621,0.4691528850088406,0.08600267187530752,0.19870140793184113,0.04597131496808341,0.6666666666666667,0.13871379229169445,0.32527654929977123,0.11723623035637741,0.06909123234907821,0.06909123234907821,0.06909123234907799,,0.970808534516995,0.5358338632795148,0.37972077287607425,,,,,0.0,,0.4601055951201392,0.020689655172413793,0.21232876712328766,0.4603463619903611,0.4603463619903611,0.14482758620689656,1.5069932653845395,0.48770698197826745,105,0.9774837311150926,0.38160435070609033,65,0,0.2646344950453104,0.4566227967830001,102,0,0.3290344517277926,0.44530381720573037,66,21.97726097583591,0.7926673492845668,84.5,80.21841609050911,0.49774876898190606,101,db,0.9102447150279618,0.7868127372464527,0.12678487830649093,4,76.75,0.7017903257801357,0.0,0.06350854613629545,0.8846366827913357,0.1940774866799444,0.18528549223206128,0.00532439395792822,0.6808510638297871,0.13871379229169428,0.03034420989314779,,0.03822874076478765,0.021365198759376286,0.021365198759376286,0.02136519875937623,,0.0,0.8099515632353821,0.0607589862568505,0.1434000573682579,,,,,0.0,,0.07144830706693753,0.20224719101123595,0.3539325842696629,0.1470768971333403,0.1470768971333403,0.2994350282485876,0.7478125001077325,0.21355161609573806,205,0.8361586301871023,0.4148308210351823,172,23.33452377915607,0.8899314916077544,188.5,187.05570291777187,0.500390274105764,191,118.36842105263158,113.5,63.686700255812326,76,0.9215768985091536,0.8701992891677452,0.0938363842932689,6,144.75
smoothed,db13,64725.59889221693,0.6555183946488294,24.888677969083307,7.56977661927786,598,1,False,False,120.41197738744374,,9.016060347514,51700.48117420387,1.0,8.973760862548933e-05,-0.0668175752222182,429.15534769256953,,,,[],[],15,487.66117974403227,233.76199588742475,778.2445451995626,"[18, 64, 97, 137, 175, 234, 266, 301, 365, 402, 440, 470, 502, 537, 568]","[730.8311956479197, 718.6270816460549, 267.5046650581005, 233.76199588742475, 535.1763156060139, 420.1003896553924, 327.4339877815573, 607.3413886589165, 778.2445451995626, 285.97499621945656, 409.01553374444705, 316.29706032231536, 574.1104894764032, 670.1317537470932, 440.36629750982695]","[8, 59, 95, 107, 160, 209, 209, 160, 59, 393, 407, 457, 407, 407, 557]","[59, 160, 107, 142, 209, 261, 272, 309, 407, 407, 457, 480, 507, 557, 592]",111383238.9072624,698.4637510469487,-698.4637510469487,0.0,,,,SWT,txu.059172014718829,55707262.06726244,,0.0,-58.0,55.0,0.0,-58.0,,179.66375104694873,341.26117974403223,2933.0823038395156,341.2611797440323,,0.0,341.26117974403223,,,228.76199588742475,0.0,-58.0,259.44454519956264,179.66375104694873,,127.25534769256956,0.3790525768770466,0.05664821727753977,0.1935154432926827,0.04560016977460429,0.3777777777777778,0.09389888852684403,0.32527654929977357,0.8824293266308585,0.5388665012467844,0.5388665012467844,0.5388665012467844,,0.9778768025813658,0.5982605375849788,0.36082302048082465,,,,,0.6000000000000001,,0.4638739297844083,0.06206896551724138,0.0684931506849315,0.21144939582278363,0.21144939582278363,0.06206896551724138,2.300175557379931,0.7444039100093075,32,0.7840651023347132,0.30609476635116833,96,0,0.4076928662778514,0.703467840790732,43,0,0.2664800804073143,0.36064490022715684,100,35.2550232827418,0.667405440728851,67.75,53.38851526125194,0.5141272486663122,94,db,0.9102447150279618,0.7868127372464527,0.12678487830649093,4,71.5,0.6600710204322456,0.0,0.051311797999971716,0.8684974429455306,0.1769597061310343,0.18352186765898942,0.005281407951827577,0.4042553191489361,0.09389888852684397,0.030344209893147955,,0.2877451950516604,0.16663460054871704,0.16663460054871704,0.16663460054871715,,0.0,0.8158486629873453,0.0678376382535198,0.13626339545459865,,,,,0.1428571428571429,,0.07203347954707959,0.23595505617977525,0.23595505617977527,0.06755635236015112,0.06755635236015112,0.23163841807909605,0.959970380069307,0.2741372015556131,166,0.687919600795251,0.34128721812060137,204,26.870057685088806,0.8732544448816566,185.0,183.04864864864865,0.5003064677238471,192,118.36842105263158,113.5,63.686700255812326,76,0.9215768985091536,0.8701992891677452,0.0938363842932689,6,145.5
smoothed,db14,64890.964444870944,0.6521739130434783,24.767136645124015,7.6007838517449136,598,1,False,False,120.85605355628782,,9.016191401522748,51700.48117420387,1.0,9.512481909646242e-05,-0.058767435741798865,218.5379468958121,0.018394648829431436,23580.735034051082,51.0,"[0.0, 0.0016722408026755853, 0.0033444816053511705, 0.005016722408026756, 0.006688963210702341, 0.008361204013377926, 0.010033444816053512, 0.011705685618729096, 0.013377926421404682, 0.015050167224080268, 0.016722408026755852, 0.018394648829431436, 0.020066889632107024, 0.021739130434782608, 0.023411371237458192, 0.02508361204013378, 0.026755852842809364, 0.028428093645484948, 0.030100334448160536, 0.03177257525083612, 0.033444816053511704, 0.03511705685618729, 0.03678929765886287, 0.038461538461538464, 0.04013377926421405, 0.04180602006688963, 0.043478260869565216, 0.0451505016722408, 0.046822742474916385, 0.048494983277591976, 0.05016722408026756, 0.051839464882943144, 0.05351170568561873, 0.05518394648829431, 0.056856187290969896, 0.05852842809364548, 0.06020066889632107, 0.061872909698996656, 0.06354515050167224, 0.06521739130434782, 0.06688963210702341, 0.06856187290969899, 0.07023411371237458, 0.07190635451505016, 0.07357859531772575, 0.07525083612040134, 0.07692307692307693, 0.07859531772575251, 0.0802675585284281, 0.08193979933110368, 0.08361204013377926, 0.08528428093645485, 0.08695652173913043, 0.08862876254180602, 0.0903010033444816, 0.09197324414715718, 0.09364548494983277, 0.09531772575250835, 0.09698996655518395, 0.09866220735785954, 0.10033444816053512, 0.1020066889632107, 0.10367892976588629, 0.10535117056856187, 0.10702341137123746, 0.10869565217391304, 0.11036789297658862, 0.11204013377926421, 0.11371237458193979, 0.11538461538461538, 0.11705685618729096, 0.11872909698996656, 0.12040133779264214, 0.12207357859531773, 0.12374581939799331, 0.1254180602006689, 0.12709030100334448, 0.12876254180602006, 0.13043478260869565, 0.13210702341137123, 0.13377926421404682, 0.1354515050167224, 0.13712374581939799, 0.13879598662207357, 0.14046822742474915, 0.14214046822742474, 0.14381270903010032, 0.1454849498327759, 0.1471571906354515, 0.14882943143812707, 0.1505016722408027, 0.15217391304347827, 0.15384615384615385, 0.15551839464882944, 0.15719063545150502, 0.1588628762541806, 0.1605351170568562, 0.16220735785953178, 0.16387959866220736, 0.16555183946488294, 0.16722408026755853, 0.1688963210702341, 0.1705685618729097, 0.17224080267558528, 0.17391304347826086, 0.17558528428093645, 0.17725752508361203, 0.17892976588628762, 0.1806020066889632, 0.18227424749163879, 0.18394648829431437, 0.18561872909698995, 0.18729096989966554, 0.18896321070234112, 0.1906354515050167, 0.1923076923076923, 0.1939799331103679, 0.1956521739130435, 0.19732441471571907, 0.19899665551839466, 0.20066889632107024, 0.20234113712374582, 0.2040133779264214, 0.205685618729097, 0.20735785953177258, 0.20903010033444816, 0.21070234113712374, 0.21237458193979933, 0.2140468227424749, 0.2157190635451505, 0.21739130434782608, 0.21906354515050167, 0.22073578595317725, 0.22240802675585283, 0.22408026755852842, 0.225752508361204, 0.22742474916387959, 0.22909698996655517, 0.23076923076923075, 0.23244147157190634, 0.23411371237458192, 0.23578595317725753, 0.23745819397993312, 0.2391304347826087, 0.2408026755852843, 0.24247491638795987, 0.24414715719063546, 0.24581939799331104, 0.24749163879598662, 0.2491638795986622, 0.2508361204013378, 0.2525083612040134, 0.25418060200668896, 0.25585284280936454, 0.25752508361204013, 0.2591973244147157, 0.2608695652173913, 0.2625418060200669, 0.26421404682274247, 0.26588628762541805, 0.26755852842809363, 0.2692307692307692, 0.2709030100334448, 0.2725752508361204, 0.27424749163879597, 0.27591973244147155, 0.27759197324414714, 0.2792642140468227, 0.2809364548494983, 0.2826086956521739, 0.2842809364548495, 0.28595317725752506, 0.28762541806020064, 0.28929765886287623, 0.2909698996655518, 0.2926421404682274, 0.294314381270903, 0.29598662207357856, 0.29765886287625415, 0.29933110367892973, 0.3010033444816054, 0.30267558528428096, 0.30434782608695654, 0.3060200668896321, 0.3076923076923077, 0.3093645484949833, 0.3110367892976589, 0.31270903010033446, 0.31438127090301005, 0.31605351170568563, 0.3177257525083612, 0.3193979933110368, 0.3210702341137124, 0.32274247491638797, 0.32441471571906355, 0.32608695652173914, 0.3277591973244147, 0.3294314381270903, 0.3311036789297659, 0.33277591973244147, 0.33444816053511706, 0.33612040133779264, 0.3377926421404682, 0.3394648829431438, 0.3411371237458194, 0.342809364548495, 0.34448160535117056, 0.34615384615384615, 0.34782608695652173, 0.3494983277591973, 0.3511705685618729, 0.3528428093645485, 0.35451505016722407, 0.35618729096989965, 0.35785953177257523, 0.3595317725752508, 0.3612040133779264, 0.362876254180602, 0.36454849498327757, 0.36622073578595316, 0.36789297658862874, 0.3695652173913043, 0.3712374581939799, 0.3729096989966555, 0.3745819397993311, 0.37625418060200666, 0.37792642140468224, 0.37959866220735783, 0.3812709030100334, 0.382943143812709, 0.3846153846153846, 0.3862876254180602, 0.3879598662207358, 0.3896321070234114, 0.391304347826087, 0.39297658862876256, 0.39464882943143814, 0.3963210702341137, 0.3979933110367893, 0.3996655518394649, 0.4013377926421405, 0.40301003344481606, 0.40468227424749165, 0.40635451505016723, 0.4080267558528428, 0.4096989966555184, 0.411371237458194, 0.41304347826086957, 0.41471571906354515, 0.41638795986622074, 0.4180602006688963, 0.4197324414715719, 0.4214046822742475, 0.4230769230769231, 0.42474916387959866, 0.42642140468227424, 0.4280936454849498, 0.4297658862876254, 0.431438127090301, 0.4331103678929766, 0.43478260869565216, 0.43645484949832775, 0.43812709030100333, 0.4397993311036789, 0.4414715719063545, 0.4431438127090301, 0.44481605351170567, 0.44648829431438125, 0.44816053511705684, 0.4498327759197324, 0.451505016722408, 0.4531772575250836, 0.45484949832775917, 0.45652173913043476, 0.45819397993311034, 0.4598662207357859, 0.4615384615384615, 0.4632107023411371, 0.4648829431438127, 0.46655518394648826, 0.46822742474916385, 0.46989966555183943, 0.47157190635451507, 0.47324414715719065, 0.47491638795986624, 0.4765886287625418, 0.4782608695652174, 0.479933110367893, 0.4816053511705686, 0.48327759197324416, 0.48494983277591974, 0.4866220735785953, 0.4882943143812709, 0.4899665551839465, 0.4916387959866221, 0.49331103678929766, 0.49498327759197325, 0.49665551839464883, 0.4983277591973244]","[243359.28402672458, 5686.186529035678, 4435.287915620611, 4993.38766461017, 10023.559020788762, 6248.702915215086, 3930.432140545729, 7253.747751422, 4442.674149024337, 6936.972572647849, 7372.288004403258, 3811.297023385811, 23580.735034051082, 8212.101621758784, 9743.507242430802, 9591.582384852269, 2069.477581968441, 5169.274339591272, 3763.661519241421, 3963.7306550255325, 2006.3131788299202, 1344.5096693564535, 5900.044479396055, 2932.8569086007933, 21831.760551824307, 3049.700172198863, 3025.5953905821116, 2197.0496734835965, 7829.876296321931, 2500.0888068773115, 4425.04817896224, 1569.7975781685209, 2140.4845922279856, 829.5704319632231, 3622.6458236110852, 5425.872461040673, 22416.965570283835, 4847.541414121835, 8245.270397694574, 1959.6066216844315, 4116.4093690098825, 6541.749695518251, 781.8021436447372, 6476.194596111945, 3880.321561978637, 1514.8941022081272, 2229.1652377478613, 3403.413717124069, 16313.700378482767, 2621.4414375617016, 5734.773149098015, 2410.462673959841, 626.4705101781935, 6352.606722856826, 3958.6680459332315, 2918.9046032946003, 2422.7983238096513, 1980.9185063630043, 4908.744273537255, 3444.1047375971298, 8405.926885176834, 5203.934617173574, 3484.3131295178177, 3822.3776927970916, 1774.444017688203, 4680.334851783703, 2928.4749963332274, 2860.819804457304, 4023.9615023202336, 3748.7142015180902, 2339.3205275342766, 2709.701898774043, 6517.235406205276, 2125.6756370094363, 394.97729508940563, 1756.545683121267, 2366.1687275883532, 1733.9331621483675, 993.9673606631601, 2454.1884220040242, 2557.736313280118, 1045.7346040973907, 1152.9509330572384, 3480.515931494499, 1949.072829146423, 2755.51283273203, 1601.209940089455, 2033.149076505541, 2250.9185510238503, 2233.2804423168545, 1647.3069546220963, 3215.266884068801, 2286.292145560611, 2041.9291152980597, 526.5574950639583, 1120.4734444085063, 1794.6231903917687, 442.24344556853833, 1483.321187253804, 140.88387198555, 392.04781810410526, 139.46103818746369, 1952.7625564282082, 568.9047250235558, 788.9382700461092, 1574.458681783351, 710.6889447666524, 457.4695260247272, 474.89203410018035, 762.6607240078981, 118.64342491308136, 731.0919468697721, 411.75832222583824, 515.103667272274, 552.4894805334733, 413.78132819124914, 484.87593460494577, 224.98925202554295, 594.7211970802268, 284.9986138837531, 602.3354467501977, 530.2489502365229, 167.258902242922, 955.5001795233655, 623.8800490696068, 649.8742548618, 663.3155148835469, 200.4406325286155, 482.59243197440384, 526.540583125516, 1566.0619347795823, 1225.3343243795298, 874.6685515011856, 1231.1400572709545, 241.37504857421493, 1334.6650172521877, 1436.520306650085, 1432.9613885838608, 866.6800628891689, 1309.2799765439559, 1030.8100608368734, 1380.1230536200803, 1225.698027545682, 325.00189421956696, 2966.8343580815103, 575.3698939880081, 1141.2632577380464, 594.7782164681938, 1031.4907445077145, 1262.5919165122184, 1065.6250892490955, 712.759279785374, 626.5517508776215, 1153.803901260247, 1632.0329418661684, 890.2490311218794, 343.294057471415, 159.419670931977, 384.71312925421324, 817.8353114138906, 242.51705694602555, 253.43264866238565, 88.01032066920585, 574.3983668822821, 293.51862373205404, 1510.9779067064887, 759.7497672177246, 1160.966905197742, 470.44409976727866, 1532.9792217070922, 346.5791026036795, 502.66868666169745, 897.7918892069245, 323.3033677304655, 370.489334539791, 908.7476451696898, 1360.733048529256, 1053.2296983342826, 1865.095887480576, 843.3632354187232, 1722.0135376985484, 1275.729451457719, 1739.8719765921235, 1514.5338950161895, 1366.863166424794, 721.6931771581117, 1159.620245648294, 1086.891953105285, 1068.84318777007, 704.0690296695379, 813.1166273797629, 1331.4024798345224, 1273.2628514804358, 800.2256518828549, 594.487651217634, 635.7773715809255, 567.0427296447868, 826.4358130275233, 1437.0499454008518, 695.47236632997, 1237.3683327436186, 502.4556455378125, 1139.930730505021, 1244.6279425470552, 862.0611072805068, 1230.0425798674096, 1225.477086361, 1279.742178294311, 548.3692822760949, 524.4951911343236, 381.24786015960024, 322.10024036327064, 371.82347548952964, 917.5743034643233, 1446.0642381512012, 599.2917146039596, 75.93893190426904, 273.97096706260197, 1001.7427732254879, 852.7287627634586, 911.4164791943821, 386.03924690940846, 933.6804107162901, 198.49873748750423, 86.79471638398454, 1119.0787449750542, 29.74556099946548, 321.40035365453247, 426.542526165505, 206.62589612519162, 356.47672725574637, 157.20410591918733, 362.8239230671267, 217.11098756485612, 353.05576024658393, 451.4503094364949, 142.96660361701706, 425.54179703022027, 117.00812178236195, 282.3408743594615, 209.59774961178607, 379.93018931860325, 180.5782150735457, 210.72310807028916, 377.53383362425444, 104.78332840988368, 525.5035116359113, 416.30157511052005, 316.4236068067337, 204.84885210288164, 380.803676183514, 189.13783565216028, 117.91830134490502, 572.7258589179507, 668.7197733537233, 874.7559921027088, 317.3087682859387, 598.2132917719349, 709.2352535213113, 742.2237093627201, 342.56610578841804, 204.69422717571047, 1012.1530784334659, 426.3246554175711, 670.9333261756424, 441.7345755556081, 718.1698997415654, 565.2085156796957, 1264.2081932674982, 658.619723152153, 594.2943167390662, 520.8288297088354, 209.41556226321273, 1553.6338644758682, 1680.7173854918326, 694.7758300166226, 1351.3363088991462, 1660.462990268661, 2084.0177797385118, 1873.4651627075557, 1073.1957488059984, 641.7292093948399, 3005.1604120279303, 699.8827587137068, 1245.3000042267902, 1786.8594683729607, 672.8678260431055, 1827.6471014385863, 1423.8684552084233, 1621.0668988940338, 426.0646100487169, 1296.1052211872322, 1188.5768613126031, 695.8742098013405, 616.2332323789492, 924.7421530837632, 1481.460009736553, 943.5400082885401, 1597.8294946500728]",16,484.05652932227423,146.85604252032977,769.0029531632688,"[17, 65, 100, 150, 180, 235, 267, 302, 336, 366, 403, 441, 471, 503, 539, 585]","[769.0029531632688, 731.97604626208, 276.423086952513, 577.9435896042472, 624.6217079170802, 461.0928732349277, 315.6222433244289, 538.4691073559986, 146.85604252032977, 692.5632647232147, 247.36616480338301, 383.0355703138321, 270.79769973422253, 694.9272390399242, 601.1679149129915, 413.03896529394507]","[9, 59, 95, 109, 160, 212, 260, 212, 325, 160, 392, 408, 458, 59, 508, 558]","[59, 408, 109, 408, 308, 260, 273, 308, 342, 408, 408, 458, 481, 558, 558, 591]",111325639.30024216,693.5373109600386,-693.5373109600386,823814.7693615817,0.09739083887997674,0.13113205019947716,0.4983277591973244,SWT,txu.059172014718829,55649662.4602422,,0.0,-62.0,54.0,0.0,-57.5,,174.7373109600386,337.6565293222742,2503.0955308436123,337.6565293222742,,823814.7693615817,337.6565293222742,,,141.85604252032977,0.0,-57.5,250.20295316326883,174.7373109600386,,83.36205310418788,0.5173072843362505,0.06283630072320212,0.19418703442700483,0.04591990996107284,0.33333333333333337,0.10073627150603104,0.32527654929977357,0.5321892687534042,0.5161144740517346,0.5161144740517346,0.5161144740517343,,0.0,0.38053963405106,0.3261234723707864,,,,,0.4,,0.45157051181871277,0.006896551724137931,0.07534246575342465,0.1775174259735792,0.1775174259735792,0.06896551724137931,2.0513459142317334,0.6638753787450551,60,0.8561670736789918,0.33424298517428336,82,0,0.3424498599713965,0.5908920255891518,72,0,0.29723340798770903,0.40226538735674605,81,10.21028892833107,0.9036765195440465,73.75,72.60008197841235,0.6039609012814572,66,db,0.9102447150279618,0.7868127372464527,0.12678487830649093,4,50.5,0.7982705803150044,0.991742203755679,0.07002713738676336,0.9219603619690693,0.18056823014868872,0.18375026000447597,0.005318440234200195,0.36170212765957444,0.10073627150603093,0.030344209893147955,,0.1735378690625826,0.15959895265717294,0.15959895265717294,0.15959895265717294,,0.991742203755679,0.0,0.04314994624263646,0.12315924749886895,,,,,0.09523809523809523,,0.0701229216357889,0.19101123595505615,0.24157303370786515,0.05671536554868689,0.05671536554868689,0.23728813559322035,1.0604592364519339,0.30283364307943217,141,0.6975845816388024,0.34608215988628355,200,41.71930009000631,0.8032108486320457,170.5,165.39589442815247,0.4994827828065889,193,118.36842105263158,113.5,63.686700255812326,76,0.9215768985091536,0.8701992891677452,0.0938363842932689,6,146.25
smoothed,db17,64826.383873058716,0.6521739130434783,24.989433723598413,7.702218089441977,598,1,False,False,120.51646303983865,,9.0167603857635,51700.48117420387,1.0,9.152102129770337e-05,-0.019084084329148196,425.582783825906,,,,[],[],17,445.76277359218875,30.011718759541736,757.3579877664266,"[2, 34, 68, 103, 153, 182, 238, 271, 303, 333, 368, 406, 445, 477, 506, 540, 572]","[30.011718759541736, 757.3579877664266, 737.7456974985911, 287.909997477842, 554.5630970121967, 609.9901093561538, 461.6962660777747, 324.9154252145147, 535.2190356808127, 63.58298594650978, 682.7820383839065, 255.61012405162205, 407.47708312509656, 279.47633905766, 625.5362635611889, 578.6126801016288, 385.48030199574146]","[0, 12, 62, 98, 112, 163, 213, 263, 213, 328, 163, 395, 411, 461, 62, 511, 561]","[3, 62, 163, 112, 163, 311, 263, 275, 311, 336, 411, 411, 461, 482, 561, 561, 594]",111369867.45618823,687.9998126894267,-687.9998126894267,0.0,,,,SWT,txu.059172014718829,55693890.61618827,,0.0,-52.5,53.0,0.0,-52.5,,169.19981268942672,299.3627735921888,2670.0328489327912,299.36277359218866,,0.0,299.3627735921888,,,25.011718759541736,0.0,-57.0,238.55798776642666,169.19981268942672,,123.68278382590603,0.41158220651951216,0.08307943360465209,0.1971028152970869,0.04579504112507839,0.33333333333333337,0.13444131129644943,0.32527654929977357,0.06129445509469811,0.27440987864562255,0.27440987864562255,0.2744098786456216,,0.8982854352959543,0.46506721957344427,0.2823999412475165,,,,,0.2,,0.4610177548921817,0.13793103448275862,0.0821917808219178,0.13937665473844704,0.13937665473844704,0.13793103448275862,1.504091553136416,0.48676790324738767,106,0.8237381435874945,0.32158290663001765,88,0,0.25520677342033277,0.44035540649077165,103,0,0.2795540095119625,0.37833870251930507,85,10.535653752852738,0.900607040067427,95.5,94.62742755640424,0.49983182192050596,100,db,0.9102447150279618,0.7868127372464527,0.12678487830649093,4,76.0,0.7058213856198147,0.0,0.055715286821970966,0.8861961105201259,0.19237282713525442,0.18474184848414676,0.005303977935778581,0.36170212765957444,0.13444131129644937,0.030344209893147955,,0.019987079309964045,0.08485623138372453,0.08485623138372453,0.0848562313837243,,0.0,0.7494450931166562,0.05273465291952717,0.10664722782733527,,,,,0.04761904761904767,,0.0715899534024271,0.297752808988764,0.24719101123595505,0.04452970112140234,0.04452970112140234,0.2937853107344633,0.7226861393368588,0.2063763215553932,210,0.7036150882334131,0.349073984537236,198,8.48528137423857,0.9599750878573652,204.0,203.82352941176467,0.4988554684569845,194,118.36842105263158,113.5,63.686700255812326,76,0.9215768985091536,0.8701992891677452,0.0938363842932689,6,147.0
smoothed,sym4,65792.7137917067,0.6705685618729097,25.37994068535042,11.02691785471637,598,1,False,False,120.5317164734168,,9.013842492353202,51700.481174270804,1.0,8.773423502500447e-05,0.8132026018340345,424.93207739043527,,,,[],[],16,482.0572690482923,116.63356536130169,754.3316081945546,"[8, 53, 88, 138, 168, 223, 256, 290, 326, 355, 393, 430, 492, 527, 559, 591]","[628.1203284943487, 754.3316081945546, 248.28219666115479, 561.003393918567, 542.7610218839067, 438.05745287019454, 328.09435306727653, 564.6296089911785, 116.63356536130169, 694.5507317600001, 175.73997726747422, 399.50315509929146, 654.3350789151475, 744.092540172525, 613.3146059864099, 249.46668612934556]","[0, 49, 84, 98, 150, 150, 150, 150, 315, 150, 382, 395, 150, 150, 547, 583]","[49, 150, 98, 150, 200, 250, 261, 298, 328, 395, 395, 446, 497, 597, 597, 597]",111115325.46328053,707.2207827144027,-707.2207827144027,0.0,,,,SWT,txu.059172014718829,55439348.62328057,,0.0,-62.0,54.0,0.0,-62.0,,188.42078271440278,335.6572690482923,2535.083695227323,335.6572690482923,,0.0,335.6572690482923,,,111.63356536130169,0.0,-62.0,235.53160819455468,188.42078271440278,,123.03207739043529,0.41633107427024785,0.74658655573018,0.18214996216456855,0.04766347444398786,0.5777777777777778,0.8413436992137866,0.3252765493210279,0.41038953307055687,0.5034954350877747,0.5034954350877747,0.5034954350877743,,0.8837886713937597,0.3967366254224187,0.2710367472068149,,,,,0.4,,0.4066469581007403,0.006896551724137931,0.0136986301369863,0.2717654311883832,0.2717654311883832,0.006896551724137917,1.8275122535683248,0.5914362765839429,86,1.5681205660569117,0.6121857698402519,42,0,0.3233404957613095,0.5579191082494798,82,0,0.4682258789103696,0.6336806680833174,41,24.595053703268604,0.767971191478598,62.75,55.537971123195206,0.5879950297015633,68,sym,0.3775829929004878,0.6346964899812167,0.5452829579752935,2,51.5,0.6086779383613801,0.0,0.05635813416721767,0.8486158732252238,0.5792909104317985,0.17965673490220693,0.005520379730700076,0.5957446808510638,0.8413436992137866,0.030344209895130758,,0.13382104682695584,0.1556967458727413,0.1556967458727413,0.1556967458727413,,0.0,0.7373503533539093,0.04498654680780334,0.10235596226137414,,,,,0.09523809523809523,,0.06314688853681807,0.19101123595505615,0.19101123595505617,0.08682683228879007,0.08682683228879007,0.1864406779661017,0.8025096146084919,0.22917138334451773,195,1.2986283417772575,0.6442689721667679,106,62.932503525602726,0.7031485682754588,150.5,137.3421926910299,0.49662145394905016,195,99.42105263157895,110.0,57.971862503332275,38,0.7740590312511298,0.7921131623949381,0.22052472940572765,5,147.5
smoothed,rbio3.9,136763.71679504705,0.6638795986622074,35.04338963929379,11.359374798039681,598,1,False,False,120.63539735345705,,9.060879923623277,51154.00066865635,1.0,6.411760421982505e-05,0.8582583861135884,424.6331213531805,,,,[],[],16,482.4935694140175,27.80684253712377,762.5854517650109,"[21, 55, 88, 138, 168, 225, 269, 326, 355, 393, 431, 461, 492, 521, 559, 588]","[744.7900699312489, 705.6551212619493, 231.095245075111, 557.9981354157051, 534.0452816283666, 422.80381595529076, 595.8790614552323, 406.74003867386307, 706.1836365382597, 195.91073117146084, 388.257821546654, 27.80684253712377, 586.2773938181575, 762.5854517650109, 589.7645881885517, 264.1038756622943]","[0, 49, 85, 98, 150, 200, 150, 298, 49, 382, 398, 447, 49, 49, 547, 583]","[49, 150, 98, 150, 200, 250, 298, 349, 398, 398, 447, 463, 497, 597, 597, 597]",110698362.99536519,709.3482781772966,-709.3482781772966,0.0,,,,SWT,txu.059172014718829,55022386.15536523,,0.0,-62.0,54.0,0.0,-62.0,,190.54827817729665,336.09356941401745,2528.10288937572,336.0935694140174,,0.0,336.09356941401745,,,22.80684253712377,0.0,-57.5,243.78545176501098,190.54827817729665,,122.73312135318054,0.44861015327687603,0.8129346669187687,0.42319502537006903,0.18488843677713762,0.48888888888888893,0.8796118128652651,0.15173992756247762,0.05240857391127296,0.5062492992978158,0.5062492992978158,0.5062492992978151,,0.8771283790515108,0.3932019414440808,0.3020275809225863,,,,,0.4,,0.3175827476979276,0.006896551724137931,0.07534246575342465,0.28641903716504935,0.28641903716504935,0.006896551724137917,1.7004880930580724,0.5503275527536674,92,1.5353320748949115,0.5993853206028679,46,0,0.3015380509635084,0.5202993213106138,88,0,0.42408788310757345,0.5739458351149573,46,25.45584412271571,0.7598505271441914,68.0,60.872180451127825,0.5591705465909637,77,rbio,0.602964079377041,1.0,0.2779251444360713,3,58.5,0.0028341532011048054,0.0,0.06072770631274746,0.614243366869804,0.6179812019982213,0.2616304902720221,0.02141376369917719,0.5106382978723404,0.8796118128652651,0.01415542627047317,,0.017089544587163386,0.1565483279650478,0.1565483279650478,0.1565483279650477,,0.0,0.7317936302695854,0.04458574381646624,0.11405952880336609,,,,,0.09523809523809523,,0.04931639588246789,0.19101123595505615,0.24157303370786515,0.09150853953536053,0.09150853953536053,0.1864406779661017,0.7711432243995295,0.22021413360711903,197,1.2765643849425292,0.6333227126908751,115,57.982756057296896,0.7264964336919958,156.0,145.22435897435898,0.49532368854411113,196,87.36666666666666,69.5,73.18633909333803,30,0.6802076177391039,1.0,0.22385466758262726,4,148.0
smoothed,rbio3.3,168741.00829957702,0.6505016722408027,38.29777389428774,11.153005370546536,598,1,False,False,120.21211812561538,,9.069034856272639,51335.42394587768,1.0,6.73152807329115e-05,0.8295837049393199,421.99690759474913,,,,[],[],16,487.50510281354116,19.42775881310041,756.5556422783993,"[21, 53, 88, 138, 168, 223, 269, 326, 359, 393, 431, 461, 492, 521, 559, 592]","[714.4032392849161, 694.564474655251, 242.1796531390101, 571.2627296858469, 549.6827146075099, 421.1307017877956, 712.7282800969806, 438.9630509258439, 583.4205469048732, 216.81219736394274, 380.40135119145054, 19.42775881310041, 756.5556422783993, 638.2390001163602, 598.1637232926126, 262.14658087276524]","[0, 49, 85, 98, 150, 200, 49, 298, 298, 382, 395, 447, 49, 497, 547, 583]","[49, 150, 98, 150, 200, 250, 395, 349, 395, 395, 447, 463, 594, 594, 594, 594]",110915345.23492184,713.0553169832793,-713.0553169832793,0.0,,,,SWT,txu.059172014718829,55239368.394921884,,0.0,-62.0,54.0,0.0,-62.0,,194.25531698327939,341.1051028135412,2447.9183549833415,341.1051028135412,,0.0,341.1051028135412,,,14.42775881310041,0.0,-57.5,237.75564227839936,194.25531698327939,,120.09690759474915,0.31683017964952287,0.7717497195256712,0.46498528055248817,0.2467176689498708,0.31111111111111117,0.8552569830549942,0.20935146596850865,0.01863999241875197,0.5378813664482426,0.5378813664482426,0.5378813664482422,,0.818397488486321,0.35260104305895396,0.27938736227266703,,,,,0.4,,0.36393068863891226,0.006896551724137931,0.07534246575342465,0.31195210501431875,0.31195210501431875,0.006896551724137917,1.6912275728557828,0.5473305782726601,93,1.4896976871962146,0.5815699029817833,50,0,0.3039760302300448,0.5245060174595578,85,0,0.4076084272602417,0.5516431110210042,55,21.422340363897373,0.7979024493971946,70.75,65.89871355222523,0.5652248096042576,75,rbio,0.602964079377041,1.0,0.2779251444360713,3,57.0,0.08486500926976703,0.0,0.042888842261437514,0.6459772524129344,0.593964578250524,0.27584237293665576,0.028574820337048,0.34042553191489355,0.8552569830549941,0.019529858019159296,,0.006078184498665207,0.16632996564700792,0.16632996564700792,0.16632996564700792,,0.0,0.682794085115042,0.03998194850592074,0.10550953921855113,,,,,0.09523809523809523,,0.05651361745810879,0.19101123595505615,0.24157303370786515,0.0996661458588449,0.0996661458588449,0.1864406779661017,0.7524282785790065,0.21486973654964658,203,1.2013321211850965,0.5959988597565965,148,38.890872965260115,0.816552486012924,175.5,171.19088319088317,0.49436114866683933,197,87.36666666666666,69.5,73.18633909333803,30,0.6802076177391039,1.0,0.22385466758262726,4,148.75
smoothed,db8,64478.49299268912,0.6722408026755853,25.018120964148853,7.941213612048326,598,1,False,False,120.64619233386628,,9.014819877055242,51700.48117420387,1.0,0.00010023084262088494,0.058665595182545355,426.15528445954624,,,,[],[],16,446.6022665213619,23.89584195843213,746.8895758386963,"[15, 59, 95, 146, 178, 231, 263, 297, 332, 361, 390, 437, 469, 498, 533, 565]","[726.8973181626686, 586.2901377839137, 228.83248375167693, 730.1984899915174, 23.89584195843213, 425.4928735240454, 338.2097090456146, 609.2762292580579, 102.5529267935583, 746.8895758386963, 225.9446558352056, 421.9966093670471, 298.2096924412699, 612.3552510230428, 637.9030583806858, 430.6914111863585]","[5, 54, 90, 54, 177, 206, 155, 155, 321, 54, 389, 402, 453, 402, 402, 554]","[54, 105, 105, 155, 206, 255, 268, 304, 337, 402, 402, 476, 476, 504, 554, 588]",111257525.332258,696.4037818860845,-696.4037818860845,0.0,,,,SWT,txu.059172014718829,55581548.49225804,,0.0,-62.0,54.0,0.0,-53.0,,177.60378188608456,300.20226652136193,3102.3637356582094,300.202266521362,,0.0,300.20226652136193,,,18.89584195843213,0.0,-62.0,228.0895758386963,177.60378188608456,,124.25528445954626,0.45197096604552955,0.13077553929867647,0.18715860636383527,0.04512238171581912,0.6000000000000001,0.20047797272617196,0.32527654929977357,0.03664683359351062,0.2797086354513614,0.2797086354513614,0.2797086354513615,,0.9110398911724129,0.6839750492902787,0.24309403357539502,,,,,0.4,,0.43702120044725634,0.006896551724137931,0.0136986301369863,0.19726089251743345,0.19726089251743345,0.13103448275862067,1.6674676809717601,0.5396411841465822,96,1.0592759489806483,0.41353558925037814,62,0,0.2731369576058367,0.47129366663035516,100,0,0.3587548489052166,0.48552637214634853,61,21.140403654298247,0.8005622296764316,79.75,75.55845982876812,0.5241018695551969,89,db,0.9102447150279618,0.7868127372464527,0.12678487830649093,4,67.75,0.9292567757919273,0.0,0.0611826546666715,0.9726327690876237,0.22018637303469077,0.18136005696516533,0.005226070577746961,0.6170212765957446,0.20047797272617196,0.030344209893147955,,0.011949909145303889,0.0864947749222191,0.0864947749222191,0.08649477492221919,,0.0,0.7600862145201615,0.07755693222803722,0.09180350628847392,,,,,0.09523809523809523,,0.06786360621449114,0.19101123595505615,0.19101123595505617,0.06302324161263809,0.06302324161263809,0.288135593220339,0.7392193003745425,0.2110976698322137,207,0.8746868984045849,0.4339452720026329,170,26.16295090390226,0.8765898542268762,188.5,186.68435013262598,0.49371945541532486,198,118.36842105263158,113.5,63.686700255812326,76,0.9215768985091536,0.8701992891677452,0.0938363842932689,6,150.0
smoothed,rbio3.7,136877.94503973573,0.6605351170568562,35.19227366860771,11.350060765093417,598,1,False,False,120.56814889341712,,9.060377476638669,51150.90951277833,1.0,6.507371806686556e-05,0.8566851367850212,425.131595165092,,,,[],[],16,481.34328049597895,26.394469679353733,754.9069233811717,"[21, 55, 88, 138, 168, 225, 269, 326, 355, 393, 431, 461, 492, 521, 559, 588]","[741.1545251278525, 698.649811704915, 231.9190952549249, 559.8868731299219, 535.5767457002485, 416.8591795175482, 694.5644746552512, 412.4702837364297, 597.6054956344963, 200.74045088896366, 386.24836123183076, 26.394469679353733, 593.3219925999388, 754.9069233811717, 590.1551693051531, 261.0386363876635]","[0, 49, 85, 98, 150, 200, 49, 298, 298, 382, 398, 447, 49, 49, 547, 583]","[49, 150, 98, 150, 200, 250, 398, 349, 398, 398, 447, 463, 497, 597, 597, 597]",110694665.97293502,707.031029610477,-707.031029610477,0.0,,,,SWT,txu.059172014718829,55018689.13293506,,0.0,-62.0,54.0,0.0,-62.0,,188.2310296104771,334.9432804959789,2546.507512064337,334.9432804959789,,0.0,334.9432804959789,,,21.394469679353733,0.0,-57.5,236.10692338117178,188.2310296104771,,123.23159516509202,0.427673618461004,0.811075874356473,0.4206202171398542,0.18510930115711613,0.44444444444444453,0.8782755741320944,0.15075832118697174,0.04671656395931473,0.4989888435855493,0.4989888435855493,0.4989888435855489,,0.8882336283141525,0.4025209980584215,0.27319689200849584,,,,,0.4,,0.31679305459861695,0.006896551724137931,0.07534246575342465,0.2704584637864438,0.2704584637864438,0.006896551724137917,1.6812638125117936,0.5441060147672075,95,1.5154121849074544,0.5916087035167413,48,0,0.2969653442980159,0.5124091854985463,91,0,0.41816486873531966,0.5659298328529478,50,25.468935326524086,0.759727025221471,71.0,64.1553482115939,0.544957852233377,81,rbio,0.602964079377041,1.0,0.2779251444360713,3,61.5,0.027361599004599335,0.0,0.05789355793643958,0.6237318836925703,0.6168972641903717,0.26075485856573044,0.02143934419368984,0.4680851063829787,0.8782755741320946,0.014063854744782445,,0.015233476951565211,0.15430316495228683,0.15430316495228683,0.1543031649522868,,0.0,0.7410588083974955,0.04564244528974021,0.10317173245518937,,,,,0.09523809523809523,,0.049193766999779676,0.19101123595505615,0.24157303370786515,0.08640926689454956,0.08640926689454956,0.1864406779661017,0.7661817755262003,0.21879730061098268,199,1.2598929064865785,0.6250517425112038,122,54.44722215136416,0.7431734804180936,160.5,151.26479750778816,0.4930490043599902,199,87.36666666666666,69.5,73.18633909333803,30,0.6802076177391039,1.0,0.22385466758262726,4,150.25
smoothed,db15,64902.460738973816,0.6588628762541806,24.595849791775994,7.580773537146348,598,1,False,False,120.5506077357429,,9.016298584771544,51700.481174203866,1.0,8.974913706122914e-05,-0.06324167508450901,427.06840022525375,,,,[],[],16,430.5149890729955,18.03784554958645,737.4022815466161,"[19, 66, 99, 149, 179, 236, 268, 302, 338, 367, 404, 444, 474, 504, 538, 584]","[731.293425413906, 737.4022815466161, 293.8840314951797, 18.03784554958645, 545.0815385610576, 424.1158150049873, 348.2632213809019, 635.3404928302474, 125.82853432733776, 727.8349302097998, 250.6507308502645, 404.7365308311368, 18.70029453624454, 640.3490781365648, 573.9311332490663, 412.7899412450306]","[11, 60, 96, 111, 161, 211, 261, 161, 310, 161, 401, 409, 473, 60, 511, 559]","[60, 161, 111, 150, 211, 261, 274, 310, 341, 409, 409, 458, 475, 559, 559, 594]",111374748.67661144,683.3276318924131,-683.3276318924131,0.0,,,,SWT,txu.059172014718829,55698771.83661148,,0.0,-62.0,54.0,0.0,-62.0,,164.52763189241318,284.1149890729955,3359.760174832072,284.28567180125503,,0.0,284.1149890729955,,,13.03784554958645,0.0,-62.0,218.60228154661615,164.52763189241318,,125.16840022525378,0.42221251112651864,0.0588428615589216,0.1947362989655412,0.04594213845522507,0.4222222222222223,0.09693607798130188,0.32527654929977123,0.013038496974573488,0.17816808888678437,0.17816808888678437,0.17924541334844218,,0.9313827415720056,0.8143060008981335,0.20747194341719877,,,,,0.4,,0.46206039560027357,0.006896551724137931,0.0136986301369863,0.10719595323036693,0.10719595323036693,0.006896551724137917,1.578513776995868,0.5108531058984709,101,0.8181926575339666,0.3194179789310245,91,0,0.24038165397534617,0.41477488834081255,106,0,0.278316927763253,0.376664478978265,87,8.770214744615247,0.9172621250507995,96.25,95.65209521152144,0.5046216285631355,98,db,0.9102447150279618,0.7868127372464527,0.12678487830649093,4,74.5,0.6603667624965223,0.0,0.057154295750934975,0.8686118516603463,0.17823949278373782,0.18393705195248988,0.005321014736583696,0.4468085106382978,0.09693607798130188,0.03034420989314779,,0.004251632104582792,0.05509521978724927,0.05509521978724927,0.055428362654572405,,0.0,0.7770583803963208,0.09233534964480489,0.07835096395434746,,,,,0.09523809523809523,,0.07175186169970127,0.19101123595505615,0.19101123595505617,0.03424823021997331,0.03424823021997331,0.1864406779661017,0.6879943211151422,0.1964694346746847,212,0.7089380926432628,0.35171480675684014,197,10.606601717798213,0.9499688598217065,204.5,204.2249388753056,0.49267310915613627,200,118.36842105263158,113.5,63.686700255812326,76,0.9215768985091536,0.8701992891677452,0.0938363842932689,6,151.5
smoothed,db21,64857.1668829092,0.6688963210702341,25.8776304557072,7.645571036366407,598,1,False,False,120.38030798518857,,9.017248355390109,51700.48117420387,1.0,9.122833244015757e-05,-0.04017042717064455,427.7163648412902,,,,[],[],17,425.4548894886823,37.71694513732439,752.6581364982983,"[6, 36, 71, 106, 156, 187, 241, 273, 308, 342, 371, 408, 447, 479, 509, 544, 576]","[156.24903118841513, 741.5795238995368, 752.6581364982983, 284.8343844150003, 565.9640205950114, 37.71694513732439, 457.86947912012545, 342.76242577801645, 663.0966156098875, 175.34757961618658, 572.9659823929528, 167.33809937322633, 453.98339824589107, 241.50417188000654, 644.7764091132294, 617.1477358231668, 356.9391826213233]","[2, 14, 65, 101, 115, 186, 166, 266, 166, 315, 315, 397, 414, 463, 65, 514, 563]","[7, 65, 166, 115, 166, 217, 266, 278, 414, 347, 414, 414, 463, 486, 563, 563, 597]",111361266.70638023,713.9869602025317,-713.9869602025317,0.0,,,,SWT,txu.059172014718829,55685289.866380274,,0.0,-61.5,53.0,0.0,-52.5,,195.18696020253174,279.0548894886823,3015.2668786924014,279.0548894886823,,0.0,279.0548894886823,,,32.71694513732439,0.0,-52.5,233.85813649829834,195.18696020253174,,125.81636484129024,0.3691929080828526,0.07177443591564692,0.19960343376863438,0.045854561171132055,0.5555555555555556,0.11653163383204879,0.32527654929977357,0.09234732118678424,0.14622947906846945,0.14622947906846945,0.14622947906846923,,0.9458184218474917,0.6398741429730026,0.2647533372264798,,,,,0.2,,0.45918061354382167,0.013793103448275862,0.14383561643835616,0.31836900830923204,0.31836900830923204,0.13793103448275862,1.5648206675219634,0.5064216162237563,102,0.8849909147979119,0.34549565652308756,76,0,0.26486400299805624,0.45701880926523075,101,0,0.2977627546527195,0.4029817867772824,80,13.671747023210555,0.8710212544980136,89.75,88.17796598239148,0.5121615706452332,96,db,0.9102447150279618,0.7868127372464527,0.12678487830649093,4,73.0,0.6983129595961122,0.0,0.04997710892416467,0.8832914531330838,0.18578042158052666,0.18559224999884244,0.0053108715426681274,0.5744680851063829,0.11653163383204873,0.030344209893147955,,0.030112890795282343,0.04521878939708315,0.04521878939708315,0.045218789397083126,,0.0,0.7891021577116009,0.07255626589380015,0.09998305717950648,,,,,0.04761904761904767,,0.07130466967500634,0.19662921348314605,0.29775280898876405,0.10171629397284326,0.10171629397284326,0.2937853107344633,0.7341332539567565,0.20964525571517278,209,0.7754379538688777,0.38470638399473184,179,21.213203435596427,0.8999377196434131,194.0,192.840206185567,0.49242169001038577,201,118.36842105263158,113.5,63.686700255812326,76,0.9215768985091536,0.8701992891677452,0.0938363842932689,6,152.25
smoothed,coif10,66051.92782536233,0.6555183946488294,24.596876475024082,7.554411849948606,598,1,False,False,120.13086342908758,,9.01431392532688,51700.48117420388,1.0,9.324661507874326e-05,-0.0750715838902408,209.46689818872136,0.018394648829431436,23580.735034051257,50.0,"[0.0, 0.0016722408026755853, 0.0033444816053511705, 0.005016722408026756, 0.006688963210702341, 0.008361204013377926, 0.010033444816053512, 0.011705685618729096, 0.013377926421404682, 0.015050167224080268, 0.016722408026755852, 0.018394648829431436, 0.020066889632107024, 0.021739130434782608, 0.023411371237458192, 0.02508361204013378, 0.026755852842809364, 0.028428093645484948, 0.030100334448160536, 0.03177257525083612, 0.033444816053511704, 0.03511705685618729, 0.03678929765886287, 0.038461538461538464, 0.04013377926421405, 0.04180602006688963, 0.043478260869565216, 0.0451505016722408, 0.046822742474916385, 0.048494983277591976, 0.05016722408026756, 0.051839464882943144, 0.05351170568561873, 0.05518394648829431, 0.056856187290969896, 0.05852842809364548, 0.06020066889632107, 0.061872909698996656, 0.06354515050167224, 0.06521739130434782, 0.06688963210702341, 0.06856187290969899, 0.07023411371237458, 0.07190635451505016, 0.07357859531772575, 0.07525083612040134, 0.07692307692307693, 0.07859531772575251, 0.0802675585284281, 0.08193979933110368, 0.08361204013377926, 0.08528428093645485, 0.08695652173913043, 0.08862876254180602, 0.0903010033444816, 0.09197324414715718, 0.09364548494983277, 0.09531772575250835, 0.09698996655518395, 0.09866220735785954, 0.10033444816053512, 0.1020066889632107, 0.10367892976588629, 0.10535117056856187, 0.10702341137123746, 0.10869565217391304, 0.11036789297658862, 0.11204013377926421, 0.11371237458193979, 0.11538461538461538, 0.11705685618729096, 0.11872909698996656, 0.12040133779264214, 0.12207357859531773, 0.12374581939799331, 0.1254180602006689, 0.12709030100334448, 0.12876254180602006, 0.13043478260869565, 0.13210702341137123, 0.13377926421404682, 0.1354515050167224, 0.13712374581939799, 0.13879598662207357, 0.14046822742474915, 0.14214046822742474, 0.14381270903010032, 0.1454849498327759, 0.1471571906354515, 0.14882943143812707, 0.1505016722408027, 0.15217391304347827, 0.15384615384615385, 0.15551839464882944, 0.15719063545150502, 0.1588628762541806, 0.1605351170568562, 0.16220735785953178, 0.16387959866220736, 0.16555183946488294, 0.16722408026755853, 0.1688963210702341, 0.1705685618729097, 0.17224080267558528, 0.17391304347826086, 0.17558528428093645, 0.17725752508361203, 0.17892976588628762, 0.1806020066889632, 0.18227424749163879, 0.18394648829431437, 0.18561872909698995, 0.18729096989966554, 0.18896321070234112, 0.1906354515050167, 0.1923076923076923, 0.1939799331103679, 0.1956521739130435, 0.19732441471571907, 0.19899665551839466, 0.20066889632107024, 0.20234113712374582, 0.2040133779264214, 0.205685618729097, 0.20735785953177258, 0.20903010033444816, 0.21070234113712374, 0.21237458193979933, 0.2140468227424749, 0.2157190635451505, 0.21739130434782608, 0.21906354515050167, 0.22073578595317725, 0.22240802675585283, 0.22408026755852842, 0.225752508361204, 0.22742474916387959, 0.22909698996655517, 0.23076923076923075, 0.23244147157190634, 0.23411371237458192, 0.23578595317725753, 0.23745819397993312, 0.2391304347826087, 0.2408026755852843, 0.24247491638795987, 0.24414715719063546, 0.24581939799331104, 0.24749163879598662, 0.2491638795986622, 0.2508361204013378, 0.2525083612040134, 0.25418060200668896, 0.25585284280936454, 0.25752508361204013, 0.2591973244147157, 0.2608695652173913, 0.2625418060200669, 0.26421404682274247, 0.26588628762541805, 0.26755852842809363, 0.2692307692307692, 0.2709030100334448, 0.2725752508361204, 0.27424749163879597, 0.27591973244147155, 0.27759197324414714, 0.2792642140468227, 0.2809364548494983, 0.2826086956521739, 0.2842809364548495, 0.28595317725752506, 0.28762541806020064, 0.28929765886287623, 0.2909698996655518, 0.2926421404682274, 0.294314381270903, 0.29598662207357856, 0.29765886287625415, 0.29933110367892973, 0.3010033444816054, 0.30267558528428096, 0.30434782608695654, 0.3060200668896321, 0.3076923076923077, 0.3093645484949833, 0.3110367892976589, 0.31270903010033446, 0.31438127090301005, 0.31605351170568563, 0.3177257525083612, 0.3193979933110368, 0.3210702341137124, 0.32274247491638797, 0.32441471571906355, 0.32608695652173914, 0.3277591973244147, 0.3294314381270903, 0.3311036789297659, 0.33277591973244147, 0.33444816053511706, 0.33612040133779264, 0.3377926421404682, 0.3394648829431438, 0.3411371237458194, 0.342809364548495, 0.34448160535117056, 0.34615384615384615, 0.34782608695652173, 0.3494983277591973, 0.3511705685618729, 0.3528428093645485, 0.35451505016722407, 0.35618729096989965, 0.35785953177257523, 0.3595317725752508, 0.3612040133779264, 0.362876254180602, 0.36454849498327757, 0.36622073578595316, 0.36789297658862874, 0.3695652173913043, 0.3712374581939799, 0.3729096989966555, 0.3745819397993311, 0.37625418060200666, 0.37792642140468224, 0.37959866220735783, 0.3812709030100334, 0.382943143812709, 0.3846153846153846, 0.3862876254180602, 0.3879598662207358, 0.3896321070234114, 0.391304347826087, 0.39297658862876256, 0.39464882943143814, 0.3963210702341137, 0.3979933110367893, 0.3996655518394649, 0.4013377926421405, 0.40301003344481606, 0.40468227424749165, 0.40635451505016723, 0.4080267558528428, 0.4096989966555184, 0.411371237458194, 0.41304347826086957, 0.41471571906354515, 0.41638795986622074, 0.4180602006688963, 0.4197324414715719, 0.4214046822742475, 0.4230769230769231, 0.42474916387959866, 0.42642140468227424, 0.4280936454849498, 0.4297658862876254, 0.431438127090301, 0.4331103678929766, 0.43478260869565216, 0.43645484949832775, 0.43812709030100333, 0.4397993311036789, 0.4414715719063545, 0.4431438127090301, 0.44481605351170567, 0.44648829431438125, 0.44816053511705684, 0.4498327759197324, 0.451505016722408, 0.4531772575250836, 0.45484949832775917, 0.45652173913043476, 0.45819397993311034, 0.4598662207357859, 0.4615384615384615, 0.4632107023411371, 0.4648829431438127, 0.46655518394648826, 0.46822742474916385, 0.46989966555183943, 0.47157190635451507, 0.47324414715719065, 0.47491638795986624, 0.4765886287625418, 0.4782608695652174, 0.479933110367893, 0.4816053511705686, 0.48327759197324416, 0.48494983277591974, 0.4866220735785953, 0.4882943143812709, 0.4899665551839465, 0.4916387959866221, 0.49331103678929766, 0.49498327759197325, 0.49665551839464883, 0.4983277591973244]","[243359.28402672458, 5686.186529035678, 4435.287915620613, 4993.387664610164, 10023.559020788762, 6248.702915215087, 3930.432140545729, 7253.747751422003, 4442.674149024333, 6936.972572647845, 7372.288004403248, 3811.29702338581, 23580.735034051257, 8212.101621759213, 9743.507242432977, 9591.582384859676, 2069.4775819732426, 5169.27433962366, 3763.6615192998274, 3963.7306551670927, 2006.3131789845509, 1344.5096695675356, 5900.044481185883, 2932.8569102373526, 21831.76057320654, 3049.700177207568, 3025.595398543083, 2197.049682318221, 7829.876342045853, 2500.088826873044, 4425.048224004418, 1569.7975964819768, 2140.4846159854505, 829.5704370553913, 3622.6457983657315, 5425.872276985863, 22416.963709988402, 4847.5406110796275, 8245.267946226832, 1959.6056463272348, 4116.406111699706, 6541.7418009265, 781.8007548468054, 6476.178187828484, 3880.3079423651575, 1514.8869375508523, 2229.1514123975344, 3403.386785187972, 16313.540301559913, 2621.4105094642264, 5734.694577958191, 2410.425880139475, 626.4604081324571, 6352.506383247403, 3958.6140484491157, 2918.8787105024485, 2422.7970371623264, 1980.94326120957, 4908.89879645539, 3444.3038156379353, 8406.708008560046, 5204.654370929719, 3484.993718263455, 3823.3912116222814, 1775.062595635111, 4682.422184592403, 2930.1057578622526, 2862.76487286634, 4027.2311320118906, 3752.2784422043096, 2341.867871788793, 2713.0056014076827, 6525.914064507753, 2128.680722236724, 395.5500806155633, 1759.045267913606, 2369.2717109795108, 1735.8263983874951, 994.7016544465303, 2454.739939348842, 2556.513302824621, 1044.273473112055, 1150.002275802307, 3466.6649896236113, 1938.0074013878677, 2734.419804935242, 1585.3517541094868, 2007.937672386098, 2216.9284383688364, 2193.2159066369936, 1612.9971734483515, 3139.233506466812, 2226.2686483758107, 1983.7928175207214, 510.7095051223607, 1085.8481190512969, 1739.6463325201692, 429.4079334609947, 1445.0624642117157, 137.9725733428524, 386.8032785741054, 138.9451719224115, 1969.4661307506576, 582.2713548284727, 821.4011004161074, 1671.1526311617931, 770.4248056454595, 507.1728571449208, 538.8007168726992, 885.4286732344432, 140.7965188833434, 884.9275493003042, 506.63300630106085, 641.2226562795455, 691.5795663118956, 516.9293788594753, 599.2622905187851, 272.39930505004077, 698.0050735442074, 320.82341043783816, 643.7674649149322, 533.2929358290182, 157.22153533916915, 836.3046843668997, 508.6239556856166, 496.1453255154772, 479.3612554690084, 139.28251233737026, 328.5619236155286, 358.04583149873184, 1081.8421641276893, 871.2255194565363, 645.6643947343069, 948.0131411462417, 194.20505785256128, 1121.4058762063748, 1257.8944673615572, 1303.8184276466088, 816.4780794926477, 1272.0888175755476, 1028.6306773027513, 1408.3820613488276, 1273.4183429645798, 342.1771609520245, 3150.192783014709, 612.9791906942712, 1213.2263138031121, 627.0917048593935, 1071.2555280446763, 1281.5018245950823, 1047.231551323348, 670.6145165067528, 556.655923612491, 951.9054821843348, 1227.2189153619165, 601.975810012292, 212.62669235571337, 100.47632497222523, 294.44275762651097, 839.381819918765, 327.00630243582475, 414.3805830838907, 159.70618544345322, 1080.5008464676773, 548.9215032524504, 2747.326231426216, 1328.3616006499528, 1941.7585760539796, 750.8822553709797, 2332.4949306995227, 502.4621087030411, 694.2569409383623, 1181.2602559159423, 405.29595178464234, 442.6656570387881, 1035.4928455950806, 1480.1647655623365, 1095.311942329527, 1858.2533026816768, 807.2994268493909, 1589.4708105943262, 1140.5600735649527, 1514.6748156270605, 1291.5714728424937, 1149.2022916558683, 602.1729571452057, 966.4303672705877, 910.1150938396493, 903.8738353599332, 603.8065436734962, 709.3548371887464, 1183.9111917631215, 1155.2001089465202, 740.8314320265852, 561.2091246902077, 611.2285251597815, 554.2084693799405, 819.4659110067606, 1442.397477430774, 704.9921259564713, 1263.8982398166052, 516.0490740779486, 1174.9127981074469, 1285.15833643456, 890.4618469311647, 1269.5408376512141, 1262.6620677857823, 1315.4551952845275, 562.1003279147448, 536.0074555069805, 388.41693500953204, 327.16935615691705, 376.6006589838441, 926.9359120352763, 1457.4048126996636, 602.7595881755399, 76.24552813367904, 274.6789143083186, 1003.151967225335, 853.1380666723559, 911.2113703034094, 385.7541921661083, 932.662853251803, 198.23916951685743, 86.6716360135919, 1117.4620628698954, 29.703673276591214, 320.97398957922496, 426.0243410650781, 206.4016305182627, 356.1387748664679, 157.07669177051793, 362.577762612443, 216.99029797513884, 352.8985267145686, 451.2931063791805, 142.9287274707846, 425.45872805869095, 116.99194560486661, 282.3146455611232, 209.58563657945896, 379.91823067323725, 180.57595854457614, 210.7232199765337, 377.5371827097958, 104.78475774664099, 525.5118123786691, 416.30828844244814, 316.4284369896027, 204.85165881893707, 380.8081691147403, 189.1396916078704, 117.91923447988273, 572.7294110477974, 668.722936093937, 874.7590624577176, 317.3095722352169, 598.214354447234, 709.2361094304106, 742.224296684917, 342.56627629448406, 204.69428803505127, 1012.1532461065108, 426.32469079657756, 670.9333489348426, 441.73457863395106, 718.1698953332074, 565.2085094063882, 1264.2081785190842, 658.619716448114, 594.294311985893, 520.8288266673644, 209.41556142112745, 1553.6338603879317, 1680.717382731488, 694.7758293361534, 1351.336308145075, 1660.4629897649404, 2084.017779411333, 1873.465162563165, 1073.195748767671, 641.7292093848806, 3005.160412009102, 699.8827587120835, 1245.3000042258257, 1786.859468372561, 672.867826043076, 1827.6471014385706, 1423.8684552084255, 1621.0668988940336, 426.06461004871807, 1296.1052211872318, 1188.5768613125974, 695.8742098013399, 616.2332323789516, 924.7421530837624, 1481.4600097365544, 943.5400082885338, 1597.8294946500737]",16,458.6735642552324,52.99317178550166,756.1429435195155,"[17, 63, 98, 136, 176, 234, 267, 302, 332, 364, 403, 441, 473, 503, 538, 585]","[732.7234602975902, 756.1429435195155, 290.47360458911123, 243.25549236600602, 643.9368134177477, 558.7361526286504, 465.9543231577792, 304.02128315735547, 52.99317178550166, 707.1208567278339, 198.3611680682667, 428.31827578585177, 286.37662502174794, 651.2237194047059, 612.9938698970426, 406.1452682590117]","[9, 9, 94, 108, 159, 210, 260, 272, 325, 159, 392, 406, 456, 406, 508, 558]","[59, 406, 108, 140, 308, 308, 308, 308, 334, 406, 406, 456, 479, 558, 558, 593]",111341344.0097645,697.8539413011767,-697.8539413011767,824871.2139513522,0.0977114847300208,0.13129641997071534,0.4983277591973244,SWT,txu.059172014718829,55665367.16976455,,0.0,-62.0,54.0,0.0,-57.5,,179.0539413011768,312.2735642552324,2909.2229719162815,312.2735642552324,,824871.2139513522,312.2735642552324,,,47.99317178550166,0.0,-62.0,237.34294351951553,179.0539413011768,,92.43310181127862,0.2915330682837454,0.05358188509733619,0.18456583794411047,0.04816467401140758,0.3777777777777778,0.08688834932884992,0.3252765492997759,0.15391210815605655,0.3559009043778484,0.3559009043778484,0.3559009043778481,,0.20208936670016253,0.5861795257253613,0.2778377958794955,,,,,0.4,,0.45492507646383995,0.006896551724137931,0.0136986301369863,0.20724919333533948,0.20724919333533948,0.06896551724137931,1.9815610249401134,0.6412909528382685,66,0.7769779302538432,0.30332797278297513,102,0,0.30931464447769613,0.533717715157134,83,0,0.26473458112204096,0.3582826020222712,102,17.327723451163457,0.8365309108380806,88.25,85.45629731589814,0.5019918705133799,99,coif,1.0,0.7343071281019431,0.07970786156941707,5,75.5,0.7500885072333245,0.9930139953337987,0.03946440895701862,0.903320980818092,0.17517160268745074,0.18047831742093784,0.005578428623805198,0.4042553191489361,0.08688834932884992,0.030344209893148177,,0.05018812073173909,0.11005583924536783,0.11005583924536783,0.11005583924536783,,0.9930139953337987,0.16860440823532907,0.0664677546312814,0.10492435156080546,,,,,0.09523809523809523,,0.07064384111032465,0.19101123595505615,0.19101123595505617,0.06621442202205938,0.06621442202205938,0.23728813559322035,1.0654761477232195,0.30426631438358615,139,0.6895621029157488,0.34210208802518594,203,45.254833995939045,0.7865338019059479,171.0,165.01169590643272,0.48996501416052113,202,128.44117647058823,122.5,52.71316963643363,34,1.0,0.7202596862948154,0.08392209411155538,7,153.25
smoothed,coif6,65522.96707988127,0.6605351170568562,24.926631969241352,8.011556582006689,598,1,False,False,120.31360981236696,,9.01389875182487,51700.48117420388,1.0,9.641222160407302e-05,0.08575926043648714,425.75708139497294,,,,[],[],17,431.02166486746063,29.167917293236883,769.8897737365185,"[15, 59, 93, 146, 178, 230, 263, 297, 332, 361, 390, 437, 469, 498, 533, 565, 596]","[729.9198617487064, 729.7503692534168, 214.05084920187386, 591.3033342389267, 29.167917293236883, 425.0459970428679, 347.80730762396627, 589.7157701791823, 131.17371940448498, 769.8897737365185, 267.2631825208946, 442.2292995550431, 303.34333268222304, 613.3809622011028, 646.835854096405, 464.25877940171745, 32.23199256626526]","[3, 54, 90, 103, 177, 155, 155, 155, 321, 54, 389, 402, 453, 402, 402, 554, 595]","[54, 155, 103, 155, 206, 255, 268, 304, 335, 402, 402, 476, 476, 504, 554, 588, 597]",111315701.65826502,700.5613525239538,-700.5613525239538,0.0,,,,SWT,txu.059172014718829,55639724.818265066,,0.0,-61.5,53.0,0.0,-52.5,,181.76135252395386,284.6216648674606,2920.6316972531695,284.62166486746065,,0.0,284.6216648674606,,,24.167917293236883,0.0,-61.5,251.0897737365185,181.76135252395386,,123.85708139497297,0.3484276947738,0.14481381789643843,0.1824382659162393,0.047141909568147046,0.44444444444444453,0.22348996725144465,0.3252765492997759,0.05789384716226628,0.18136615252845112,0.18136615252845112,0.18136615252845123,,0.9021685238436523,0.5919562568820222,0.3294532312505984,,,,,0.2,,0.44944780700937065,0.013793103448275862,0.02054794520547945,0.22589710021332382,0.22589710021332382,0.13793103448275862,1.5184897527643646,0.49142758066450976,104,0.9528800702933206,0.37199921487209076,68,0,0.246605627153095,0.42551425940821425,105,0,0.31841616405331047,0.4309333948721226,67,21.36976056643281,0.798398485222332,86.0,82.01687765104244,0.49353886525267543,105,coif,1.0,0.7343071281019431,0.07970786156941707,5,80.0,0.831296663276194,0.0,0.04716615209195178,0.9347366023602595,0.22837266624346408,0.17975478022575503,0.005459972129231133,0.4680851063829787,0.22348996725144454,0.030344209893148177,,0.01887819890075576,0.056084162421882355,0.056084162421882355,0.05608416242188244,,0.0,0.7526847779026518,0.06712278663468801,0.12441671785207331,,,,,0.04761904761904767,,0.06979329368377335,0.19662921348314605,0.19662921348314605,0.07217227573417984,0.07217227573417984,0.2937853107344633,0.709147428071327,0.20251009349663335,211,0.8129695156702635,0.4033263539797546,174,26.16295090390226,0.8765898542268762,192.5,190.72207792207791,0.4842854931511739,203,128.44117647058823,122.5,52.71316963643363,34,1.0,0.7202596862948154,0.08392209411155538,7,154.0
smoothed,db27,64924.93126153671,0.6605351170568562,26.75125068601822,7.403225824234116,598,1,False,False,120.66749352955374,,9.017839327215306,51700.48117420387,1.0,9.24868521420206e-05,-0.13216607289561905,208.3758130802848,0.018394648829431436,23580.73503405126,51.0,"[0.0, 0.0016722408026755853, 0.0033444816053511705, 0.005016722408026756, 0.006688963210702341, 0.008361204013377926, 0.010033444816053512, 0.011705685618729096, 0.013377926421404682, 0.015050167224080268, 0.016722408026755852, 0.018394648829431436, 0.020066889632107024, 0.021739130434782608, 0.023411371237458192, 0.02508361204013378, 0.026755852842809364, 0.028428093645484948, 0.030100334448160536, 0.03177257525083612, 0.033444816053511704, 0.03511705685618729, 0.03678929765886287, 0.038461538461538464, 0.04013377926421405, 0.04180602006688963, 0.043478260869565216, 0.0451505016722408, 0.046822742474916385, 0.048494983277591976, 0.05016722408026756, 0.051839464882943144, 0.05351170568561873, 0.05518394648829431, 0.056856187290969896, 0.05852842809364548, 0.06020066889632107, 0.061872909698996656, 0.06354515050167224, 0.06521739130434782, 0.06688963210702341, 0.06856187290969899, 0.07023411371237458, 0.07190635451505016, 0.07357859531772575, 0.07525083612040134, 0.07692307692307693, 0.07859531772575251, 0.0802675585284281, 0.08193979933110368, 0.08361204013377926, 0.08528428093645485, 0.08695652173913043, 0.08862876254180602, 0.0903010033444816, 0.09197324414715718, 0.09364548494983277, 0.09531772575250835, 0.09698996655518395, 0.09866220735785954, 0.10033444816053512, 0.1020066889632107, 0.10367892976588629, 0.10535117056856187, 0.10702341137123746, 0.10869565217391304, 0.11036789297658862, 0.11204013377926421, 0.11371237458193979, 0.11538461538461538, 0.11705685618729096, 0.11872909698996656, 0.12040133779264214, 0.12207357859531773, 0.12374581939799331, 0.1254180602006689, 0.12709030100334448, 0.12876254180602006, 0.13043478260869565, 0.13210702341137123, 0.13377926421404682, 0.1354515050167224, 0.13712374581939799, 0.13879598662207357, 0.14046822742474915, 0.14214046822742474, 0.14381270903010032, 0.1454849498327759, 0.1471571906354515, 0.14882943143812707, 0.1505016722408027, 0.15217391304347827, 0.15384615384615385, 0.15551839464882944, 0.15719063545150502, 0.1588628762541806, 0.1605351170568562, 0.16220735785953178, 0.16387959866220736, 0.16555183946488294, 0.16722408026755853, 0.1688963210702341, 0.1705685618729097, 0.17224080267558528, 0.17391304347826086, 0.17558528428093645, 0.17725752508361203, 0.17892976588628762, 0.1806020066889632, 0.18227424749163879, 0.18394648829431437, 0.18561872909698995, 0.18729096989966554, 0.18896321070234112, 0.1906354515050167, 0.1923076923076923, 0.1939799331103679, 0.1956521739130435, 0.19732441471571907, 0.19899665551839466, 0.20066889632107024, 0.20234113712374582, 0.2040133779264214, 0.205685618729097, 0.20735785953177258, 0.20903010033444816, 0.21070234113712374, 0.21237458193979933, 0.2140468227424749, 0.2157190635451505, 0.21739130434782608, 0.21906354515050167, 0.22073578595317725, 0.22240802675585283, 0.22408026755852842, 0.225752508361204, 0.22742474916387959, 0.22909698996655517, 0.23076923076923075, 0.23244147157190634, 0.23411371237458192, 0.23578595317725753, 0.23745819397993312, 0.2391304347826087, 0.2408026755852843, 0.24247491638795987, 0.24414715719063546, 0.24581939799331104, 0.24749163879598662, 0.2491638795986622, 0.2508361204013378, 0.2525083612040134, 0.25418060200668896, 0.25585284280936454, 0.25752508361204013, 0.2591973244147157, 0.2608695652173913, 0.2625418060200669, 0.26421404682274247, 0.26588628762541805, 0.26755852842809363, 0.2692307692307692, 0.2709030100334448, 0.2725752508361204, 0.27424749163879597, 0.27591973244147155, 0.27759197324414714, 0.2792642140468227, 0.2809364548494983, 0.2826086956521739, 0.2842809364548495, 0.28595317725752506, 0.28762541806020064, 0.28929765886287623, 0.2909698996655518, 0.2926421404682274, 0.294314381270903, 0.29598662207357856, 0.29765886287625415, 0.29933110367892973, 0.3010033444816054, 0.30267558528428096, 0.30434782608695654, 0.3060200668896321, 0.3076923076923077, 0.3093645484949833, 0.3110367892976589, 0.31270903010033446, 0.31438127090301005, 0.31605351170568563, 0.3177257525083612, 0.3193979933110368, 0.3210702341137124, 0.32274247491638797, 0.32441471571906355, 0.32608695652173914, 0.3277591973244147, 0.3294314381270903, 0.3311036789297659, 0.33277591973244147, 0.33444816053511706, 0.33612040133779264, 0.3377926421404682, 0.3394648829431438, 0.3411371237458194, 0.342809364548495, 0.34448160535117056, 0.34615384615384615, 0.34782608695652173, 0.3494983277591973, 0.3511705685618729, 0.3528428093645485, 0.35451505016722407, 0.35618729096989965, 0.35785953177257523, 0.3595317725752508, 0.3612040133779264, 0.362876254180602, 0.36454849498327757, 0.36622073578595316, 0.36789297658862874, 0.3695652173913043, 0.3712374581939799, 0.3729096989966555, 0.3745819397993311, 0.37625418060200666, 0.37792642140468224, 0.37959866220735783, 0.3812709030100334, 0.382943143812709, 0.3846153846153846, 0.3862876254180602, 0.3879598662207358, 0.3896321070234114, 0.391304347826087, 0.39297658862876256, 0.39464882943143814, 0.3963210702341137, 0.3979933110367893, 0.3996655518394649, 0.4013377926421405, 0.40301003344481606, 0.40468227424749165, 0.40635451505016723, 0.4080267558528428, 0.4096989966555184, 0.411371237458194, 0.41304347826086957, 0.41471571906354515, 0.41638795986622074, 0.4180602006688963, 0.4197324414715719, 0.4214046822742475, 0.4230769230769231, 0.42474916387959866, 0.42642140468227424, 0.4280936454849498, 0.4297658862876254, 0.431438127090301, 0.4331103678929766, 0.43478260869565216, 0.43645484949832775, 0.43812709030100333, 0.4397993311036789, 0.4414715719063545, 0.4431438127090301, 0.44481605351170567, 0.44648829431438125, 0.44816053511705684, 0.4498327759197324, 0.451505016722408, 0.4531772575250836, 0.45484949832775917, 0.45652173913043476, 0.45819397993311034, 0.4598662207357859, 0.4615384615384615, 0.4632107023411371, 0.4648829431438127, 0.46655518394648826, 0.46822742474916385, 0.46989966555183943, 0.47157190635451507, 0.47324414715719065, 0.47491638795986624, 0.4765886287625418, 0.4782608695652174, 0.479933110367893, 0.4816053511705686, 0.48327759197324416, 0.48494983277591974, 0.4866220735785953, 0.4882943143812709, 0.4899665551839465, 0.4916387959866221, 0.49331103678929766, 0.49498327759197325, 0.49665551839464883, 0.4983277591973244]","[243359.28402672458, 5686.186529035679, 4435.287915620611, 4993.387664610166, 10023.55902078876, 6248.702915215088, 3930.432140545731, 7253.747751422001, 4442.67414902433, 6936.972572647846, 7372.288004403254, 3811.2970233858073, 23580.73503405126, 8212.10162175921, 9743.507242432977, 9591.582384859677, 2069.4775819732436, 5169.274339623658, 3763.661519299825, 3963.7306551670868, 2006.31317898454, 1344.5096695675263, 5900.044481185833, 2932.856910237333, 21831.760573206982, 3049.7001772079275, 3025.595398544292, 2197.049682320659, 7829.876342067076, 2500.088826888186, 4425.048224059993, 1569.79759652024, 2140.4846160805523, 829.5704371185375, 3622.645798807934, 5425.872277970388, 22416.963715472753, 4847.540612456237, 8245.267948196064, 1959.6056463149957, 4116.406109018102, 6541.7417877194, 781.8007512556202, 6476.178129162482, 3880.307879067664, 1514.886895986755, 2229.1513152329258, 3403.3865614052806, 16313.538762890685, 2621.410172920239, 5734.693633204334, 2410.4254064441684, 626.4602757012501, 6352.5051790338, 3958.613646518142, 2918.8789844853386, 2422.798129167164, 1980.9453130380778, 4908.90824940892, 3444.3148384744572, 8406.74946270473, 5204.6916490521535, 3485.028170108898, 3823.4409333388726, 1775.0915157570732, 4682.512763983036, 2930.1688391296766, 2862.827686357627, 4027.3091868366882, 3752.3247898549357, 2341.86577803809, 2712.945261989961, 6525.564767449832, 2128.475822593921, 395.49025195772685, 1758.6614603048902, 2368.572563384455, 1735.1705834620334, 994.2444870778847, 2453.4369773447556, 2555.033713150298, 1043.659246906157, 1149.3791015072254, 3465.2020139559777, 1937.596903206103, 2734.6990213443005, 1586.1877435962022, 2010.0719425381592, 2220.690966552228, 2198.4923471836096, 1618.0798443193403, 3151.4214167409677, 2236.373045327468, 1993.8148295507476, 513.4434124830914, 1091.6892290287517, 1748.4854076303773, 431.31000809666807, 1450.0085186029546, 138.26048555810894, 386.98649482177706, 138.75809583066518, 1962.9695998379177, 579.1735754809573, 815.3410453691871, 1655.3067616338662, 761.4140543987808, 500.0051501913257, 529.6706524630487, 867.4513307153231, 137.3658951579256, 859.0515298927911, 488.9287877773045, 614.7075161750531, 658.2950508935465, 488.66921621477195, 563.3050663418775, 255.32094461345253, 655.5861162354198, 304.24526918442416, 622.9248016731677, 533.4302142235389, 164.88651635944524, 931.5839746800863, 607.091002517731, 635.8004118932057, 655.3553679719001, 200.24358570831757, 486.6953328355614, 533.88797618252, 1586.975655500048, 1231.6467550718212, 864.3540361773115, 1184.0240371838413, 223.32301561825338, 1172.3502265180935, 1179.6585060130074, 1080.1256071948205, 586.3012110299719, 772.5152041840817, 510.9101070437741, 546.346067966181, 364.00445770935977, 70.69767780034088, 604.6536346453405, 161.23395351784433, 465.324860659572, 332.77149297420215, 749.420442051139, 1143.8461350302057, 1168.9285492238187, 926.4400879760128, 949.5306309262801, 2013.97023544614, 3250.2105454656044, 2007.0323700121335, 869.3398552279481, 448.7475508969733, 1182.2363141995543, 2654.3538314451607, 786.6945164040068, 763.1717231875682, 228.69868636622786, 1224.4783868894547, 503.30189072555146, 2105.3669984172107, 892.3034613375663, 1213.529758990163, 462.7768644841627, 1480.2299859320758, 336.4498719153846, 495.3551298146317, 899.0382832259229, 327.88458857729, 378.53694918186704, 929.967252492968, 1386.8282632862013, 1063.563722369135, 1857.9431953693681, 825.9380959946882, 1654.0797657687633, 1200.5547849831003, 1604.4797577683728, 1370.7877441856347, 1217.6953270116917, 635.3715472722193, 1013.7936900837517, 948.5365548890577, 935.9822959260596, 621.5743614324149, 726.490108565163, 1207.2735091614484, 1173.7363365601514, 750.4070398640065, 566.9350526379949, 615.9615719228145, 557.2358809442303, 822.1908014368281, 1444.326958184669, 704.6638718919745, 1261.3239086359215, 514.3317433146277, 1169.8592211934786, 1278.812751572704, 885.7964826342995, 1262.900501990626, 1256.4061934759525, 1309.5773208720686, 559.9438761994827, 534.3328447778702, 387.4877318468413, 326.61587723092237, 376.20089436389407, 926.4470779590154, 1457.255836593976, 602.8874747699907, 76.27776852782469, 274.8280680331391, 1003.7431821722273, 853.6327159479833, 911.6957924919266, 385.93171518461025, 933.0155853795358, 198.29771333349498, 86.69055756078323, 1117.6311477434115, 29.706533119109608, 320.99117170609685, 426.0338166052241, 206.4018150502954, 356.1343760695625, 157.0736475248435, 362.569807600609, 216.98562675059097, 352.8917004232828, 451.28575404796135, 142.92686880701729, 425.454522190504, 116.99110767212838, 282.31325346505633, 209.58496584691738, 379.9174990775824, 180.5757715075431, 210.72312499933852, 377.53714727197917, 104.78476838578115, 525.5119119974356, 416.3083764483953, 316.42849917394614, 204.85169256693783, 380.808218003971, 189.13970944725665, 117.91924223342251, 572.7294360120098, 668.7229544417486, 874.7590767272172, 317.30957510963907, 598.2143571951165, 709.2361108622863, 742.2242971684349, 342.56627629662324, 204.69428798616718, 1012.1532458190821, 426.32469069227875, 670.9333488131023, 441.73457858003053, 718.1698952785418, 565.2085093812731, 1264.208178488271, 658.619716439846, 594.2943119822928, 520.8288266659528, 209.4155614208925, 1553.6338603873112, 1680.717382731289, 694.7758293361379, 1351.3363081450802, 1660.4629897649563, 2084.0177794113433, 1873.46516256317, 1073.1957487676702, 641.7292093848804, 3005.160412009105, 699.8827587120832, 1245.3000042258268, 1786.8594683725612, 672.8678260430715, 1827.6471014385702, 1423.8684552084264, 1621.0668988940358, 426.06461004871767, 1296.1052211872327, 1188.5768613126033, 695.8742098013411, 616.2332323789493, 924.7421530837631, 1481.4600097365512, 943.5400082885387, 1597.8294946500703]",15,485.540522079771,131.09604241978508,803.6059338108013,"[30, 75, 110, 160, 190, 246, 278, 312, 342, 375, 413, 460, 513, 548, 581]","[803.6059338108013, 752.989094095852, 283.0635916457953, 561.3878820828746, 530.682296736421, 466.15371154859383, 317.637575383135, 563.168352673183, 131.09604241978508, 717.3789761482728, 198.06621628903298, 461.7500797926503, 655.5609213254041, 580.4629387971966, 260.104218447567]","[20, 70, 105, 120, 170, 170, 271, 170, 337, 70, 411, 418, 418, 519, 568]","[70, 170, 120, 170, 222, 271, 283, 319, 343, 418, 418, 470, 568, 568, 590]",111348047.52220924,725.1167329824868,-725.1167329824868,825386.7004944186,0.09785505394430277,0.1313667689772745,0.4983277591973244,SWT,txu.059172014718829,55672070.68220928,,0.0,-62.5,55.0,0.0,-62.5,,206.31673298248688,339.140522079771,2964.892168803435,339.140522079771,,825386.7004944186,339.140522079771,,,126.09604241978508,0.0,-58.0,284.8059338108013,206.31673298248688,,93.52418691971519,0.4586026900264996,0.02340983591708845,0.2026318908316782,0.045985586011012804,0.44444444444444453,0.038395166287701565,0.32527654929977357,0.46867482430507496,0.5254812196790006,0.5254812196790006,0.5254812196790002,,0.2263971072602552,0.6143672482472217,0.456047817333681,,,,,0.6000000000000001,,0.4563569632372484,0.0,0.0684931506849315,0.39502783450735995,0.39502783450735995,0.0,2.491161297492926,0.8062124668561934,8,0.8183613422430893,0.3194838325272019,90,0,0.41669806656130476,0.7190061769336354,38,0,0.2836680333734302,0.38390647975347325,84,39.0042732701602,0.6320351578286774,55.0,22.944770576254943,0.5565836166501877,78,db,0.9102447150279618,0.7868127372464527,0.12678487830649093,4,59.5,0.7305981041692432,0.9936345592994379,0.06208038153112567,0.8957810592609241,0.1575770493681844,0.1866221570010128,0.005326046828958764,0.4680851063829787,0.03839516628770151,0.030344209893147955,,0.15282688898199007,0.16249544726656065,0.16249544726656065,0.16249544726656062,,0.9936345592994379,0.1888845064888559,0.06966400175690252,0.17222466570103004,,,,,0.1428571428571429,,0.07086619416787626,0.18539325842696627,0.23595505617977527,0.12620816189237458,0.12620816189237458,0.1807909604519774,1.2250135343223736,0.34982514996206565,110,0.6926085567990428,0.34361347942871645,201,64.34671708797582,0.6964777495850197,155.5,142.1864951768489,0.4814935917736419,204,118.36842105263158,113.5,63.686700255812326,76,0.9215768985091536,0.8701992891677452,0.0938363842932689,6,154.5
smoothed,db37,65185.40216957765,0.6404682274247492,25.385685630231325,7.47599386397452,598,1,False,False,120.70719327502675,,9.017756676809613,51700.48117420387,1.0,9.28493700869144e-05,-0.10395219569798285,215.11115510321414,0.018394648829431436,23580.73503405126,50.0,"[0.0, 0.0016722408026755853, 0.0033444816053511705, 0.005016722408026756, 0.006688963210702341, 0.008361204013377926, 0.010033444816053512, 0.011705685618729096, 0.013377926421404682, 0.015050167224080268, 0.016722408026755852, 0.018394648829431436, 0.020066889632107024, 0.021739130434782608, 0.023411371237458192, 0.02508361204013378, 0.026755852842809364, 0.028428093645484948, 0.030100334448160536, 0.03177257525083612, 0.033444816053511704, 0.03511705685618729, 0.03678929765886287, 0.038461538461538464, 0.04013377926421405, 0.04180602006688963, 0.043478260869565216, 0.0451505016722408, 0.046822742474916385, 0.048494983277591976, 0.05016722408026756, 0.051839464882943144, 0.05351170568561873, 0.05518394648829431, 0.056856187290969896, 0.05852842809364548, 0.06020066889632107, 0.061872909698996656, 0.06354515050167224, 0.06521739130434782, 0.06688963210702341, 0.06856187290969899, 0.07023411371237458, 0.07190635451505016, 0.07357859531772575, 0.07525083612040134, 0.07692307692307693, 0.07859531772575251, 0.0802675585284281, 0.08193979933110368, 0.08361204013377926, 0.08528428093645485, 0.08695652173913043, 0.08862876254180602, 0.0903010033444816, 0.09197324414715718, 0.09364548494983277, 0.09531772575250835, 0.09698996655518395, 0.09866220735785954, 0.10033444816053512, 0.1020066889632107, 0.10367892976588629, 0.10535117056856187, 0.10702341137123746, 0.10869565217391304, 0.11036789297658862, 0.11204013377926421, 0.11371237458193979, 0.11538461538461538, 0.11705685618729096, 0.11872909698996656, 0.12040133779264214, 0.12207357859531773, 0.12374581939799331, 0.1254180602006689, 0.12709030100334448, 0.12876254180602006, 0.13043478260869565, 0.13210702341137123, 0.13377926421404682, 0.1354515050167224, 0.13712374581939799, 0.13879598662207357, 0.14046822742474915, 0.14214046822742474, 0.14381270903010032, 0.1454849498327759, 0.1471571906354515, 0.14882943143812707, 0.1505016722408027, 0.15217391304347827, 0.15384615384615385, 0.15551839464882944, 0.15719063545150502, 0.1588628762541806, 0.1605351170568562, 0.16220735785953178, 0.16387959866220736, 0.16555183946488294, 0.16722408026755853, 0.1688963210702341, 0.1705685618729097, 0.17224080267558528, 0.17391304347826086, 0.17558528428093645, 0.17725752508361203, 0.17892976588628762, 0.1806020066889632, 0.18227424749163879, 0.18394648829431437, 0.18561872909698995, 0.18729096989966554, 0.18896321070234112, 0.1906354515050167, 0.1923076923076923, 0.1939799331103679, 0.1956521739130435, 0.19732441471571907, 0.19899665551839466, 0.20066889632107024, 0.20234113712374582, 0.2040133779264214, 0.205685618729097, 0.20735785953177258, 0.20903010033444816, 0.21070234113712374, 0.21237458193979933, 0.2140468227424749, 0.2157190635451505, 0.21739130434782608, 0.21906354515050167, 0.22073578595317725, 0.22240802675585283, 0.22408026755852842, 0.225752508361204, 0.22742474916387959, 0.22909698996655517, 0.23076923076923075, 0.23244147157190634, 0.23411371237458192, 0.23578595317725753, 0.23745819397993312, 0.2391304347826087, 0.2408026755852843, 0.24247491638795987, 0.24414715719063546, 0.24581939799331104, 0.24749163879598662, 0.2491638795986622, 0.2508361204013378, 0.2525083612040134, 0.25418060200668896, 0.25585284280936454, 0.25752508361204013, 0.2591973244147157, 0.2608695652173913, 0.2625418060200669, 0.26421404682274247, 0.26588628762541805, 0.26755852842809363, 0.2692307692307692, 0.2709030100334448, 0.2725752508361204, 0.27424749163879597, 0.27591973244147155, 0.27759197324414714, 0.2792642140468227, 0.2809364548494983, 0.2826086956521739, 0.2842809364548495, 0.28595317725752506, 0.28762541806020064, 0.28929765886287623, 0.2909698996655518, 0.2926421404682274, 0.294314381270903, 0.29598662207357856, 0.29765886287625415, 0.29933110367892973, 0.3010033444816054, 0.30267558528428096, 0.30434782608695654, 0.3060200668896321, 0.3076923076923077, 0.3093645484949833, 0.3110367892976589, 0.31270903010033446, 0.31438127090301005, 0.31605351170568563, 0.3177257525083612, 0.3193979933110368, 0.3210702341137124, 0.32274247491638797, 0.32441471571906355, 0.32608695652173914, 0.3277591973244147, 0.3294314381270903, 0.3311036789297659, 0.33277591973244147, 0.33444816053511706, 0.33612040133779264, 0.3377926421404682, 0.3394648829431438, 0.3411371237458194, 0.342809364548495, 0.34448160535117056, 0.34615384615384615, 0.34782608695652173, 0.3494983277591973, 0.3511705685618729, 0.3528428093645485, 0.35451505016722407, 0.35618729096989965, 0.35785953177257523, 0.3595317725752508, 0.3612040133779264, 0.362876254180602, 0.36454849498327757, 0.36622073578595316, 0.36789297658862874, 0.3695652173913043, 0.3712374581939799, 0.3729096989966555, 0.3745819397993311, 0.37625418060200666, 0.37792642140468224, 0.37959866220735783, 0.3812709030100334, 0.382943143812709, 0.3846153846153846, 0.3862876254180602, 0.3879598662207358, 0.3896321070234114, 0.391304347826087, 0.39297658862876256, 0.39464882943143814, 0.3963210702341137, 0.3979933110367893, 0.3996655518394649, 0.4013377926421405, 0.40301003344481606, 0.40468227424749165, 0.40635451505016723, 0.4080267558528428, 0.4096989966555184, 0.411371237458194, 0.41304347826086957, 0.41471571906354515, 0.41638795986622074, 0.4180602006688963, 0.4197324414715719, 0.4214046822742475, 0.4230769230769231, 0.42474916387959866, 0.42642140468227424, 0.4280936454849498, 0.4297658862876254, 0.431438127090301, 0.4331103678929766, 0.43478260869565216, 0.43645484949832775, 0.43812709030100333, 0.4397993311036789, 0.4414715719063545, 0.4431438127090301, 0.44481605351170567, 0.44648829431438125, 0.44816053511705684, 0.4498327759197324, 0.451505016722408, 0.4531772575250836, 0.45484949832775917, 0.45652173913043476, 0.45819397993311034, 0.4598662207357859, 0.4615384615384615, 0.4632107023411371, 0.4648829431438127, 0.46655518394648826, 0.46822742474916385, 0.46989966555183943, 0.47157190635451507, 0.47324414715719065, 0.47491638795986624, 0.4765886287625418, 0.4782608695652174, 0.479933110367893, 0.4816053511705686, 0.48327759197324416, 0.48494983277591974, 0.4866220735785953, 0.4882943143812709, 0.4899665551839465, 0.4916387959866221, 0.49331103678929766, 0.49498327759197325, 0.49665551839464883, 0.4983277591973244]","[243359.28402672458, 5686.186529035681, 4435.28791562061, 4993.387664610166, 10023.559020788762, 6248.702915215089, 3930.4321405457285, 7253.747751422004, 4442.674149024332, 6936.972572647841, 7372.288004403253, 3811.2970233858077, 23580.73503405126, 8212.101621759208, 9743.507242432977, 9591.582384859674, 2069.4775819732436, 5169.2743396236565, 3763.661519299827, 3963.730655167084, 2006.31317898454, 1344.5096695675302, 5900.044481185834, 2932.856910237327, 21831.760573206986, 3049.7001772079257, 3025.5953985442943, 2197.049682320659, 7829.87634206708, 2500.088826888191, 4425.048224060011, 1569.7975965202502, 2140.484616080579, 829.5704371185489, 3622.645798807933, 5425.872277970022, 22416.96371546678, 4847.5406124525825, 8245.26794818115, 1959.6056463074458, 4116.406108987479, 6541.741787634109, 781.8007512395748, 6476.178128981037, 3880.30787895205, 1514.88689596728, 2229.151315339859, 3403.3865620718557, 16313.538771005258, 2621.4101756562914, 5734.693644334428, 2410.425414348421, 626.4602788764568, 6352.50522427313, 3958.613681642278, 2918.879011128293, 2422.798143117893, 1980.945303925231, 4908.908118173573, 3444.3146086116903, 8406.74835877109, 5204.690471896714, 3485.0269395795654, 3823.4390009445838, 1775.0903410176047, 4682.509117862141, 2930.166546728656, 2862.8260750611003, 4027.3092975137797, 3752.329165411268, 2341.872893774365, 2712.9609896078523, 6525.626750919383, 2128.505655648693, 395.4977418313534, 1758.7027194704517, 2368.6348549295385, 1735.2150968188048, 994.2636355214399, 2453.448186487933, 2554.9802907271364, 1043.5975706799404, 1149.2518807773677, 3464.597731136041, 1937.1199381916451, 2733.827649611938, 1585.5838146994133, 2009.2320459179743, 2219.7752922787213, 2197.7342450372175, 1617.7629957205359, 3151.5858401544615, 2237.2947467115227, 1995.588930627696, 514.2035265453545, 1094.0528096209352, 1753.5666086773142, 432.88069324605874, 1456.2151084860445, 138.90977602250416, 388.8156071986669, 139.337755796477, 1968.5391587874194, 579.4652909055719, 812.9141378530335, 1642.6333835262749, 751.1877180203485, 490.01402938396126, 515.5116186970605, 838.9884712295711, 132.27450285396236, 826.3384214695159, 472.1576082294294, 599.8310321277467, 653.978976196247, 498.0390916968208, 592.8291574911283, 278.55475026499715, 741.3543097310212, 354.6788471495374, 740.1489323019307, 634.9792349561673, 192.38864690706427, 1039.9784880636612, 633.4228667766426, 608.2987858691182, 568.806952462529, 157.99201013286566, 355.73867984340575, 374.7001281522168, 1118.6740043911873, 908.6832242741966, 686.6613544116485, 1027.8989832090174, 212.9359493183158, 1227.2647425713424, 1352.2699528537632, 1351.9664792659992, 799.9196505102743, 1149.4929899922279, 832.4403927679112, 982.5058973473011, 725.9998234593245, 146.98425027535473, 894.397443003685, 105.79559393825296, 270.6602858599735, 251.00778563513836, 664.0187288294732, 1110.572800074573, 1194.5668343224265, 970.80283531184, 1000.7938399876875, 2101.323692465037, 3308.66385324251, 1965.0946558057585, 806.5245123263542, 388.1878284058881, 937.4890475302204, 1899.8277849166893, 505.69896793475425, 453.6043936042116, 138.1322524206072, 859.5387675566509, 446.29802115399184, 2365.1005281539415, 1208.6270325915489, 1841.2932417242034, 730.1135263482234, 2290.2344416715127, 491.56065794644405, 669.2234487306813, 1112.4795892246482, 370.97104212587953, 393.30440834869285, 896.1980337436158, 1258.4873637796754, 926.4952522179036, 1586.8867236795609, 705.6464968331815, 1436.6365532734935, 1071.5631773878633, 1479.4710516581547, 1306.4638429416418, 1195.8431378886737, 639.4342426047816, 1038.5879166599698, 982.3581694768968, 973.7750578438452, 646.2794272147888, 752.136823208383, 1241.8756311034629, 1198.6685890953174, 760.9948001504566, 571.4345505419174, 617.837115653844, 556.9521811174917, 819.8558233151272, 1438.331517287116, 701.3698088832751, 1255.4791755606684, 512.1602418543564, 1165.6526548835627, 1275.1360204929158, 883.8945174129133, 1261.0417385814437, 1255.2922325750696, 1309.038511981309, 559.9146701448778, 534.4375458784446, 387.62151129247013, 326.75074836936653, 376.3583145830737, 926.8002692846136, 1457.720656868775, 603.0360003623371, 76.29107749248861, 274.8584978118163, 1003.8025093226651, 853.6505651584926, 911.6916272908151, 385.9242829132014, 932.9916521645041, 198.29249869168046, 86.68852389815171, 1117.6099830242501, 29.706116764938955, 320.9881228371643, 426.03134682295376, 206.40118790587636, 356.13396078543576, 157.0736432082016, 362.570011667549, 216.98579650847213, 352.89197520924915, 451.2860527053677, 142.92694104338227, 425.4546724144897, 116.99113413225722, 282.31329053708026, 209.5849798339644, 379.91750923434404, 180.5757723382372, 210.72312378597348, 377.5371438258927, 104.78476745604377, 525.5119082550042, 416.30837433834114, 316.4284981363118, 204.85169216935557, 380.8082176065093, 189.13970935317195, 117.9192422103275, 572.7294359845355, 668.7229544503443, 874.7590767532809, 317.3095751185314, 598.214357207394, 709.2361108715338, 742.2242971739562, 342.56627629794184, 204.69428798653558, 1012.1532458198463, 426.32469069238914, 670.9333488131483, 441.73457858003144, 718.1698952785346, 565.2085093812686, 1264.2081784882632, 658.6197164398442, 594.2943119822911, 520.8288266659504, 209.41556142089604, 1553.6338603873096, 1680.7173827312895, 694.775829336141, 1351.3363081450873, 1660.462989764956, 2084.0177794113447, 1873.4651625631707, 1073.195748767669, 641.7292093848804, 3005.1604120091038, 699.8827587120816, 1245.3000042258288, 1786.8594683725598, 672.8678260430726, 1827.6471014385681, 1423.868455208426, 1621.0668988940379, 426.0646100487192, 1296.105221187231, 1188.576861312602, 695.8742098013411, 616.2332323789486, 924.7421530837621, 1481.4600097365537, 943.5400082885359, 1597.829494650072]",17,402.28745263222936,48.429967153383814,751.8993478714701,"[6, 36, 83, 119, 155, 196, 253, 286, 320, 354, 384, 422, 461, 490, 522, 556, 589]","[96.34436734030612, 721.3706580301746, 751.8993478714701, 270.0397296879423, 224.66651072731685, 574.9669236474251, 403.90870223148397, 312.2218052762265, 568.653596231164, 143.7778324334152, 709.4871763286302, 183.98868137929298, 432.85186593828473, 48.429967153383814, 635.5077521597321, 568.175840173259, 192.59593813839217]","[2, 29, 78, 113, 127, 179, 230, 279, 230, 346, 179, 419, 427, 477, 427, 527, 578]","[15, 78, 179, 127, 160, 230, 279, 291, 327, 359, 427, 427, 477, 493, 578, 578, 597]",111352726.49512915,694.2863779992779,-694.2863779992779,826208.288212443,0.09800033100423347,0.13138073744248407,0.4983277591973244,SWT,txu.059172014718829,55676749.655129194,,0.0,-57.0,53.0,0.0,-39.0,,175.48637799927792,255.88745263222935,3409.113305252101,255.88745263222938,,826208.288212443,255.88745263222935,,,43.429967153383814,0.0,-57.0,233.09934787147017,175.48637799927792,,86.78884489678583,0.47096245414278526,0.037932083349823786,0.20220834575861107,0.04648921578982707,0.1777777777777778,0.062358612411487324,0.32527654929977357,0.1355219174667182,0.0,0.0,0.0,,0.07634378400350794,0.839295625747311,0.2619043018699556,,,,,0.2,,0.45735640338036615,0.07586206896551724,0.0821917808219178,0.18267679455253277,0.18267679455253277,0.32413793103448274,1.6885844940393928,0.5464752008650222,94,0.7365313051909651,0.2875378295774562,105,0,0.25417273485878433,0.4385711886779167,104,0,0.25786286413642767,0.3489826585410258,103,5.066228051190222,0.9522053957434885,101.5,101.30113744970392,0.4973291129660839,103,db,0.9102447150279618,0.7868127372464527,0.12678487830649093,4,78.25,0.7398978745613355,0.9946236204869225,0.06375350488748754,0.8993787036516279,0.16604556455733877,0.18647811928563301,0.005384377188949879,0.21276595744680843,0.06235861241148721,0.030344209893147955,,0.04419139232840655,0.0,0.0,0.0,,0.9946236204869225,0.06369409105752266,0.09516895979307388,0.09890713017536784,,,,,0.04761904761904767,,0.07102139398939081,0.24719101123595505,0.24719101123595505,0.058363741607267816,0.058363741607267816,0.4463276836158192,0.9555242321592343,0.2728675222289638,168,0.6066857614340069,0.3009858936332555,211,30.405591591021544,0.8565773981555588,189.5,187.06068601583112,0.48135473681362845,205,118.36842105263158,113.5,63.686700255812326,76,0.9215768985091536,0.8701992891677452,0.0938363842932689,6,155.25
smoothed,db31,64947.86211048609,0.657190635451505,26.49190890920138,7.290234506757299,598,1,False,False,120.70824645594334,,9.017881541369146,51700.48117420387,1.0,9.306230661587382e-05,-0.17680001011990454,213.64092132947286,0.018394648829431436,23580.73503405126,50.0,"[0.0, 0.0016722408026755853, 0.0033444816053511705, 0.005016722408026756, 0.006688963210702341, 0.008361204013377926, 0.010033444816053512, 0.011705685618729096, 0.013377926421404682, 0.015050167224080268, 0.016722408026755852, 0.018394648829431436, 0.020066889632107024, 0.021739130434782608, 0.023411371237458192, 0.02508361204013378, 0.026755852842809364, 0.028428093645484948, 0.030100334448160536, 0.03177257525083612, 0.033444816053511704, 0.03511705685618729, 0.03678929765886287, 0.038461538461538464, 0.04013377926421405, 0.04180602006688963, 0.043478260869565216, 0.0451505016722408, 0.046822742474916385, 0.048494983277591976, 0.05016722408026756, 0.051839464882943144, 0.05351170568561873, 0.05518394648829431, 0.056856187290969896, 0.05852842809364548, 0.06020066889632107, 0.061872909698996656, 0.06354515050167224, 0.06521739130434782, 0.06688963210702341, 0.06856187290969899, 0.07023411371237458, 0.07190635451505016, 0.07357859531772575, 0.07525083612040134, 0.07692307692307693, 0.07859531772575251, 0.0802675585284281, 0.08193979933110368, 0.08361204013377926, 0.08528428093645485, 0.08695652173913043, 0.08862876254180602, 0.0903010033444816, 0.09197324414715718, 0.09364548494983277, 0.09531772575250835, 0.09698996655518395, 0.09866220735785954, 0.10033444816053512, 0.1020066889632107, 0.10367892976588629, 0.10535117056856187, 0.10702341137123746, 0.10869565217391304, 0.11036789297658862, 0.11204013377926421, 0.11371237458193979, 0.11538461538461538, 0.11705685618729096, 0.11872909698996656, 0.12040133779264214, 0.12207357859531773, 0.12374581939799331, 0.1254180602006689, 0.12709030100334448, 0.12876254180602006, 0.13043478260869565, 0.13210702341137123, 0.13377926421404682, 0.1354515050167224, 0.13712374581939799, 0.13879598662207357, 0.14046822742474915, 0.14214046822742474, 0.14381270903010032, 0.1454849498327759, 0.1471571906354515, 0.14882943143812707, 0.1505016722408027, 0.15217391304347827, 0.15384615384615385, 0.15551839464882944, 0.15719063545150502, 0.1588628762541806, 0.1605351170568562, 0.16220735785953178, 0.16387959866220736, 0.16555183946488294, 0.16722408026755853, 0.1688963210702341, 0.1705685618729097, 0.17224080267558528, 0.17391304347826086, 0.17558528428093645, 0.17725752508361203, 0.17892976588628762, 0.1806020066889632, 0.18227424749163879, 0.18394648829431437, 0.18561872909698995, 0.18729096989966554, 0.18896321070234112, 0.1906354515050167, 0.1923076923076923, 0.1939799331103679, 0.1956521739130435, 0.19732441471571907, 0.19899665551839466, 0.20066889632107024, 0.20234113712374582, 0.2040133779264214, 0.205685618729097, 0.20735785953177258, 0.20903010033444816, 0.21070234113712374, 0.21237458193979933, 0.2140468227424749, 0.2157190635451505, 0.21739130434782608, 0.21906354515050167, 0.22073578595317725, 0.22240802675585283, 0.22408026755852842, 0.225752508361204, 0.22742474916387959, 0.22909698996655517, 0.23076923076923075, 0.23244147157190634, 0.23411371237458192, 0.23578595317725753, 0.23745819397993312, 0.2391304347826087, 0.2408026755852843, 0.24247491638795987, 0.24414715719063546, 0.24581939799331104, 0.24749163879598662, 0.2491638795986622, 0.2508361204013378, 0.2525083612040134, 0.25418060200668896, 0.25585284280936454, 0.25752508361204013, 0.2591973244147157, 0.2608695652173913, 0.2625418060200669, 0.26421404682274247, 0.26588628762541805, 0.26755852842809363, 0.2692307692307692, 0.2709030100334448, 0.2725752508361204, 0.27424749163879597, 0.27591973244147155, 0.27759197324414714, 0.2792642140468227, 0.2809364548494983, 0.2826086956521739, 0.2842809364548495, 0.28595317725752506, 0.28762541806020064, 0.28929765886287623, 0.2909698996655518, 0.2926421404682274, 0.294314381270903, 0.29598662207357856, 0.29765886287625415, 0.29933110367892973, 0.3010033444816054, 0.30267558528428096, 0.30434782608695654, 0.3060200668896321, 0.3076923076923077, 0.3093645484949833, 0.3110367892976589, 0.31270903010033446, 0.31438127090301005, 0.31605351170568563, 0.3177257525083612, 0.3193979933110368, 0.3210702341137124, 0.32274247491638797, 0.32441471571906355, 0.32608695652173914, 0.3277591973244147, 0.3294314381270903, 0.3311036789297659, 0.33277591973244147, 0.33444816053511706, 0.33612040133779264, 0.3377926421404682, 0.3394648829431438, 0.3411371237458194, 0.342809364548495, 0.34448160535117056, 0.34615384615384615, 0.34782608695652173, 0.3494983277591973, 0.3511705685618729, 0.3528428093645485, 0.35451505016722407, 0.35618729096989965, 0.35785953177257523, 0.3595317725752508, 0.3612040133779264, 0.362876254180602, 0.36454849498327757, 0.36622073578595316, 0.36789297658862874, 0.3695652173913043, 0.3712374581939799, 0.3729096989966555, 0.3745819397993311, 0.37625418060200666, 0.37792642140468224, 0.37959866220735783, 0.3812709030100334, 0.382943143812709, 0.3846153846153846, 0.3862876254180602, 0.3879598662207358, 0.3896321070234114, 0.391304347826087, 0.39297658862876256, 0.39464882943143814, 0.3963210702341137, 0.3979933110367893, 0.3996655518394649, 0.4013377926421405, 0.40301003344481606, 0.40468227424749165, 0.40635451505016723, 0.4080267558528428, 0.4096989966555184, 0.411371237458194, 0.41304347826086957, 0.41471571906354515, 0.41638795986622074, 0.4180602006688963, 0.4197324414715719, 0.4214046822742475, 0.4230769230769231, 0.42474916387959866, 0.42642140468227424, 0.4280936454849498, 0.4297658862876254, 0.431438127090301, 0.4331103678929766, 0.43478260869565216, 0.43645484949832775, 0.43812709030100333, 0.4397993311036789, 0.4414715719063545, 0.4431438127090301, 0.44481605351170567, 0.44648829431438125, 0.44816053511705684, 0.4498327759197324, 0.451505016722408, 0.4531772575250836, 0.45484949832775917, 0.45652173913043476, 0.45819397993311034, 0.4598662207357859, 0.4615384615384615, 0.4632107023411371, 0.4648829431438127, 0.46655518394648826, 0.46822742474916385, 0.46989966555183943, 0.47157190635451507, 0.47324414715719065, 0.47491638795986624, 0.4765886287625418, 0.4782608695652174, 0.479933110367893, 0.4816053511705686, 0.48327759197324416, 0.48494983277591974, 0.4866220735785953, 0.4882943143812709, 0.4899665551839465, 0.4916387959866221, 0.49331103678929766, 0.49498327759197325, 0.49665551839464883, 0.4983277591973244]","[243359.28402672458, 5686.186529035677, 4435.287915620612, 4993.387664610164, 10023.559020788764, 6248.702915215091, 3930.43214054573, 7253.747751422002, 4442.674149024335, 6936.972572647844, 7372.288004403254, 3811.297023385809, 23580.73503405126, 8212.10162175921, 9743.50724243298, 9591.582384859676, 2069.4775819732426, 5169.2743396236565, 3763.661519299824, 3963.730655167089, 2006.3131789845413, 1344.5096695675286, 5900.044481185833, 2932.85691023733, 21831.760573206986, 3049.700177207926, 3025.5953985442943, 2197.0496823206586, 7829.876342067082, 2500.0888268881895, 4425.04822406001, 1569.797596520252, 2140.4846160805832, 829.5704371185498, 3622.645798807939, 5425.872277970044, 22416.963715466954, 4847.540612452647, 8245.267948181301, 1959.6056463074647, 4116.406108987305, 6541.741787632745, 781.8007512390884, 6476.178128971287, 3880.3078789397805, 1514.8868959583722, 2229.151315318341, 3403.3865620260995, 16313.538770776548, 2621.4101756460955, 5734.693644514367, 2410.425414627847, 626.4602790549054, 6352.505227961729, 3958.6136857573874, 2918.879015974245, 2422.7981488036116, 1980.9453095095178, 4908.908130403668, 3444.314609773941, 8406.74831491774, 5204.690387143914, 3485.026816667709, 3823.438755501351, 1775.0901574412533, 4682.508417585995, 2930.165982544071, 2862.825467786323, 4027.3085957862495, 3752.3290575821143, 2341.873572358171, 2712.9633089656813, 6525.638056155731, 2128.5119371209285, 395.49950535416826, 1758.7133861714979, 2368.6523173052565, 1735.228483270874, 994.2697209190552, 2453.4514684518867, 2554.9597461055705, 1043.5732511113938, 1149.1999793298937, 3464.3444824270923, 1936.9173960401747, 2733.4609837385724, 1585.341514429365, 2008.93481696189, 2219.5450644234625, 2197.726957459727, 1618.034271242863, 3152.897116408937, 2238.9379412216526, 1997.7727878347962, 514.9440866726959, 1095.8983136694967, 1756.5870253359997, 433.49526668815923, 1457.1718156271313, 138.81928159929356, 387.8366533528423, 138.6630449471182, 1954.0063219501737, 573.8208518287893, 803.6644354219166, 1623.4701413433727, 743.6975553985893, 487.18175713850036, 516.1047409777526, 847.9097769164221, 135.17257226781555, 854.080624323522, 492.7540361107403, 629.6454720839597, 686.3857571472472, 518.7247456876895, 607.7226192394008, 278.86467665809016, 720.2283551960785, 333.10833957621145, 671.7699233357424, 559.2235885022327, 165.99637633241477, 893.3390082625606, 554.0963065829025, 556.7488654770194, 559.0150692959932, 169.4558507082193, 415.58451572240693, 465.9546820819561, 1427.3756849248603, 1146.6912030756985, 834.4599830108787, 1185.4648182513502, 231.72694365983423, 1259.486730811599, 1311.0288374941406, 1241.2630488488426, 696.9214688388159, 951.1907721771124, 653.5087743462904, 728.6467238423846, 504.34715146536746, 95.10105342136649, 594.1827687429824, 122.36809034888408, 383.76726363320756, 300.357766852826, 715.7510290865529, 1130.6451978118923, 1179.2578105822392, 944.8218476651931, 971.9023578193217, 2056.6559925488905, 3293.832013222234, 2008.23138808727, 854.4607020594498, 430.95266063731, 1103.1082354352336, 2392.6154586150715, 681.5587229553556, 633.9298183503256, 183.04736712724113, 964.3375394775471, 407.7577498650522, 1858.1341877338073, 888.6144550949939, 1351.3039524463004, 554.417139504612, 1830.4890309901987, 416.54785343229184, 602.6093589259375, 1063.5469284672918, 375.1774522540012, 417.9662971751372, 990.4615366536227, 1426.2433755423601, 1058.7601405524154, 1797.2646118617438, 780.5490304055, 1537.515624999547, 1106.2455006816942, 1477.6552935907512, 1271.4708242502413, 1144.57802696902, 607.582635395461, 987.6364811710339, 940.4823734065623, 941.9186297198818, 632.4500821018007, 744.2847525812441, 1240.4640899150554, 1205.552491383167, 768.567856808591, 578.1070175846645, 624.8831862319579, 562.3910011775158, 825.9208919449242, 1445.3053203113445, 703.1366657458327, 1256.2970571894027, 511.8238716077362, 1163.9984077231131, 1272.9403578283748, 882.4037287555096, 1259.2255027951621, 1253.9182637397337, 1308.0768303110954, 559.681642843079, 534.3479067082895, 387.6227968560603, 326.78464149543225, 376.4139921116938, 926.9418963609467, 1457.9161607508559, 603.0990493082409, 76.29665376212164, 274.87091012399145, 1003.825900698908, 853.6574292173901, 911.6904077399169, 385.9219208687658, 932.9844545153172, 198.29103680627563, 86.68799812135639, 1117.6049995839105, 29.70602909836786, 320.9875667442091, 426.0309826007939, 206.4011280987883, 356.1339710195094, 157.07367057706756, 362.57008857741783, 216.98583828767138, 352.8920279847561, 451.286099376478, 142.92695021848573, 425.4546874196591, 116.9911360373329, 282.31329200975324, 209.58497976324102, 379.91750828781454, 180.57577182919624, 210.72312329145893, 377.5371431991047, 104.78476734711863, 525.5119079498646, 416.308374219757, 316.42849809962945, 204.85169216292877, 380.8082176079937, 189.13970935582645, 117.919242211913, 572.7294359900673, 668.7229544542826, 874.7590767560476, 317.3095751190057, 598.2143572077666, 709.23611087168, 742.2242971739877, 342.5662762979405, 204.69428798653, 1012.1532458198308, 426.3246906923881, 670.9333488131466, 441.7345785800277, 718.1698952785316, 565.2085093812683, 1264.2081784882623, 658.6197164398423, 594.2943119822921, 520.8288266659513, 209.41556142089203, 1553.6338603873114, 1680.7173827312888, 694.7758293361408, 1351.3363081450793, 1660.4629897649586, 2084.017779411342, 1873.4651625631725, 1073.1957487676689, 641.7292093848799, 3005.1604120091024, 699.8827587120844, 1245.3000042258252, 1786.8594683725594, 672.8678260430712, 1827.647101438569, 1423.868455208426, 1621.0668988940363, 426.0646100487164, 1296.1052211872316, 1188.5768613126036, 695.8742098013402, 616.2332323789489, 924.742153083763, 1481.4600097365521, 943.5400082885371, 1597.8294946500753]",16,423.3901536934579,60.00021999251385,780.7903097837715,"[1, 34, 79, 113, 163, 193, 249, 294, 351, 384, 417, 456, 486, 517, 551, 583]","[60.00021999251385, 780.7903097837715, 573.2314528172137, 257.5229715014522, 737.5160305496029, 535.1342160821328, 412.20888115393444, 578.0350654961127, 154.20448293917275, 680.7022960444724, 180.14000483038853, 497.7638926527305, 255.84054632512036, 700.2362683914171, 150.02741381749217, 220.8884067177974]","[0, 23, 73, 108, 73, 174, 225, 174, 322, 73, 406, 422, 472, 73, 549, 571]","[23, 73, 122, 122, 174, 225, 274, 322, 356, 422, 422, 472, 495, 571, 571, 595]",111342872.01896793,697.8488459722236,-697.8488459722236,825276.4740434745,0.09781204818543376,0.1313339250024028,0.4983277591973244,SWT,txu.059172014718829,55666895.17896797,,0.0,-48.5,54.0,0.0,-53.0,,179.0488459722236,276.99015369345784,3473.757540904674,276.99015369345784,,825276.4740434745,276.99015369345784,,,55.00021999251385,0.0,-62.0,261.9903097837715,179.0488459722236,,88.25907867052712,0.4712903420812512,0.0008602677824671723,0.20284821883058884,0.04602992362426589,0.4000000000000001,0.00048534827601021124,0.32527654929977357,0.18215124338776637,0.13319716817363697,0.13319716817363697,0.13319716817363675,,0.10909838844128505,0.872027798638294,0.3703816420169917,,,,,0.4,,0.455251462994194,0.19310344827586207,0.0136986301369863,0.20721409810524205,0.20721409810524205,0.13103448275862067,1.9637763325434978,0.6355353075720291,68,0.7802552113432565,0.30460740555755467,101,0,0.3022845774354715,0.5215874413852171,87,0,0.2740188803166529,0.37084765060527214,94,14.200938936093861,0.8660288779613787,87.5,85.5808592901847,0.5202785899240856,92,db,0.9102447150279618,0.7868127372464527,0.12678487830649093,4,70.0,0.7453603926388664,0.9935018641506775,0.0637978906025348,0.9014918953426245,0.1444274758506271,0.1866957250642891,0.005331182007717067,0.42553191489361697,0.00048534827601021124,0.030344209893147955,,0.05939642243943802,0.04118878583374683,0.04118878583374683,0.04118878583374683,,0.9935018641506775,0.09102146007445588,0.09888050879945437,0.13987317130717009,,,,,0.09523809523809523,,0.07069452461709042,0.3426966292134831,0.19101123595505617,0.0662032093831138,0.0662032093831138,0.288135593220339,1.026799211881101,0.2932214038565146,145,0.6548014640550373,0.3248568144159548,208,44.54772721475249,0.7898692112511675,176.5,170.87818696883852,0.4786610207199234,206,118.36842105263158,113.5,63.686700255812326,76,0.9215768985091536,0.8701992891677452,0.0938363842932689,6,156.0
smoothed,db22,64898.53327422736,0.6404682274247492,25.825983171759205,7.654376591412704,598,1,False,False,120.85390642671862,,9.017448917885782,51700.481174203866,1.0,9.288217600571976e-05,-0.03792343475709424,213.83126687379482,0.018394648829431436,23580.735034051268,50.0,"[0.0, 0.0016722408026755853, 0.0033444816053511705, 0.005016722408026756, 0.006688963210702341, 0.008361204013377926, 0.010033444816053512, 0.011705685618729096, 0.013377926421404682, 0.015050167224080268, 0.016722408026755852, 0.018394648829431436, 0.020066889632107024, 0.021739130434782608, 0.023411371237458192, 0.02508361204013378, 0.026755852842809364, 0.028428093645484948, 0.030100334448160536, 0.03177257525083612, 0.033444816053511704, 0.03511705685618729, 0.03678929765886287, 0.038461538461538464, 0.04013377926421405, 0.04180602006688963, 0.043478260869565216, 0.0451505016722408, 0.046822742474916385, 0.048494983277591976, 0.05016722408026756, 0.051839464882943144, 0.05351170568561873, 0.05518394648829431, 0.056856187290969896, 0.05852842809364548, 0.06020066889632107, 0.061872909698996656, 0.06354515050167224, 0.06521739130434782, 0.06688963210702341, 0.06856187290969899, 0.07023411371237458, 0.07190635451505016, 0.07357859531772575, 0.07525083612040134, 0.07692307692307693, 0.07859531772575251, 0.0802675585284281, 0.08193979933110368, 0.08361204013377926, 0.08528428093645485, 0.08695652173913043, 0.08862876254180602, 0.0903010033444816, 0.09197324414715718, 0.09364548494983277, 0.09531772575250835, 0.09698996655518395, 0.09866220735785954, 0.10033444816053512, 0.1020066889632107, 0.10367892976588629, 0.10535117056856187, 0.10702341137123746, 0.10869565217391304, 0.11036789297658862, 0.11204013377926421, 0.11371237458193979, 0.11538461538461538, 0.11705685618729096, 0.11872909698996656, 0.12040133779264214, 0.12207357859531773, 0.12374581939799331, 0.1254180602006689, 0.12709030100334448, 0.12876254180602006, 0.13043478260869565, 0.13210702341137123, 0.13377926421404682, 0.1354515050167224, 0.13712374581939799, 0.13879598662207357, 0.14046822742474915, 0.14214046822742474, 0.14381270903010032, 0.1454849498327759, 0.1471571906354515, 0.14882943143812707, 0.1505016722408027, 0.15217391304347827, 0.15384615384615385, 0.15551839464882944, 0.15719063545150502, 0.1588628762541806, 0.1605351170568562, 0.16220735785953178, 0.16387959866220736, 0.16555183946488294, 0.16722408026755853, 0.1688963210702341, 0.1705685618729097, 0.17224080267558528, 0.17391304347826086, 0.17558528428093645, 0.17725752508361203, 0.17892976588628762, 0.1806020066889632, 0.18227424749163879, 0.18394648829431437, 0.18561872909698995, 0.18729096989966554, 0.18896321070234112, 0.1906354515050167, 0.1923076923076923, 0.1939799331103679, 0.1956521739130435, 0.19732441471571907, 0.19899665551839466, 0.20066889632107024, 0.20234113712374582, 0.2040133779264214, 0.205685618729097, 0.20735785953177258, 0.20903010033444816, 0.21070234113712374, 0.21237458193979933, 0.2140468227424749, 0.2157190635451505, 0.21739130434782608, 0.21906354515050167, 0.22073578595317725, 0.22240802675585283, 0.22408026755852842, 0.225752508361204, 0.22742474916387959, 0.22909698996655517, 0.23076923076923075, 0.23244147157190634, 0.23411371237458192, 0.23578595317725753, 0.23745819397993312, 0.2391304347826087, 0.2408026755852843, 0.24247491638795987, 0.24414715719063546, 0.24581939799331104, 0.24749163879598662, 0.2491638795986622, 0.2508361204013378, 0.2525083612040134, 0.25418060200668896, 0.25585284280936454, 0.25752508361204013, 0.2591973244147157, 0.2608695652173913, 0.2625418060200669, 0.26421404682274247, 0.26588628762541805, 0.26755852842809363, 0.2692307692307692, 0.2709030100334448, 0.2725752508361204, 0.27424749163879597, 0.27591973244147155, 0.27759197324414714, 0.2792642140468227, 0.2809364548494983, 0.2826086956521739, 0.2842809364548495, 0.28595317725752506, 0.28762541806020064, 0.28929765886287623, 0.2909698996655518, 0.2926421404682274, 0.294314381270903, 0.29598662207357856, 0.29765886287625415, 0.29933110367892973, 0.3010033444816054, 0.30267558528428096, 0.30434782608695654, 0.3060200668896321, 0.3076923076923077, 0.3093645484949833, 0.3110367892976589, 0.31270903010033446, 0.31438127090301005, 0.31605351170568563, 0.3177257525083612, 0.3193979933110368, 0.3210702341137124, 0.32274247491638797, 0.32441471571906355, 0.32608695652173914, 0.3277591973244147, 0.3294314381270903, 0.3311036789297659, 0.33277591973244147, 0.33444816053511706, 0.33612040133779264, 0.3377926421404682, 0.3394648829431438, 0.3411371237458194, 0.342809364548495, 0.34448160535117056, 0.34615384615384615, 0.34782608695652173, 0.3494983277591973, 0.3511705685618729, 0.3528428093645485, 0.35451505016722407, 0.35618729096989965, 0.35785953177257523, 0.3595317725752508, 0.3612040133779264, 0.362876254180602, 0.36454849498327757, 0.36622073578595316, 0.36789297658862874, 0.3695652173913043, 0.3712374581939799, 0.3729096989966555, 0.3745819397993311, 0.37625418060200666, 0.37792642140468224, 0.37959866220735783, 0.3812709030100334, 0.382943143812709, 0.3846153846153846, 0.3862876254180602, 0.3879598662207358, 0.3896321070234114, 0.391304347826087, 0.39297658862876256, 0.39464882943143814, 0.3963210702341137, 0.3979933110367893, 0.3996655518394649, 0.4013377926421405, 0.40301003344481606, 0.40468227424749165, 0.40635451505016723, 0.4080267558528428, 0.4096989966555184, 0.411371237458194, 0.41304347826086957, 0.41471571906354515, 0.41638795986622074, 0.4180602006688963, 0.4197324414715719, 0.4214046822742475, 0.4230769230769231, 0.42474916387959866, 0.42642140468227424, 0.4280936454849498, 0.4297658862876254, 0.431438127090301, 0.4331103678929766, 0.43478260869565216, 0.43645484949832775, 0.43812709030100333, 0.4397993311036789, 0.4414715719063545, 0.4431438127090301, 0.44481605351170567, 0.44648829431438125, 0.44816053511705684, 0.4498327759197324, 0.451505016722408, 0.4531772575250836, 0.45484949832775917, 0.45652173913043476, 0.45819397993311034, 0.4598662207357859, 0.4615384615384615, 0.4632107023411371, 0.4648829431438127, 0.46655518394648826, 0.46822742474916385, 0.46989966555183943, 0.47157190635451507, 0.47324414715719065, 0.47491638795986624, 0.4765886287625418, 0.4782608695652174, 0.479933110367893, 0.4816053511705686, 0.48327759197324416, 0.48494983277591974, 0.4866220735785953, 0.4882943143812709, 0.4899665551839465, 0.4916387959866221, 0.49331103678929766, 0.49498327759197325, 0.49665551839464883, 0.4983277591973244]","[243359.28402672452, 5686.18652903568, 4435.287915620612, 4993.387664610168, 10023.55902078876, 6248.702915215084, 3930.4321405457295, 7253.747751421998, 4442.674149024335, 6936.9725726478455, 7372.288004403251, 3811.297023385809, 23580.735034051268, 8212.101621759211, 9743.50724243298, 9591.582384859672, 2069.477581973243, 5169.274339623657, 3763.6615192998233, 3963.730655167088, 2006.3131789845424, 1344.5096695675297, 5900.04448118584, 2932.8569102373403, 21831.760573207175, 3049.7001772080052, 3025.5953985445017, 2197.049682321024, 7829.876342069988, 2500.0888268901003, 4425.048224066434, 1569.7975965242133, 2140.4846160889997, 829.5704371228715, 3622.6457988256834, 5425.872277967615, 22416.96371506547, 4847.540612158821, 8245.26794693719, 1959.6056456730207, 4116.406106395435, 6541.741780215018, 781.8007497463639, 6476.178109443201, 3880.3078616513385, 1514.8868867146232, 2229.151298427046, 3403.38653451744, 16313.538670136708, 2621.4101770442467, 5734.693733959651, 2410.425520734417, 626.4603368596916, 6352.506295217969, 3958.6147909851024, 2918.880278242007, 2422.7996756273033, 1980.947025909532, 4908.91363401712, 3444.3192692175858, 8406.760842251137, 5204.697796332929, 3485.03029262658, 3823.43877796549, 1775.0869534622761, 4682.486290974339, 2930.139447180491, 2862.782344833173, 4027.2163211211637, 3752.2068230966524, 2341.771198563314, 2712.8126330063556, 6525.203078054716, 2128.352466955811, 395.4689284529988, 1758.5904858603683, 2368.539092661129, 1735.218787105919, 994.3318325261833, 2453.8479432165523, 2555.714823916805, 1044.0587199857591, 1149.9666440563367, 3467.433853114041, 1939.0901965323508, 2737.0987512930456, 1587.692443310054, 2012.0145590247405, 2222.7173069745163, 2200.181377517746, 1618.9149631657053, 3151.862016240994, 2235.5345774254724, 1991.7412875535165, 512.4861542856022, 1088.574390834679, 1741.481360523444, 429.0188030507624, 1440.2231288286648, 137.1171029334492, 383.1932420596364, 137.1992904733233, 1938.6084681893476, 571.5695659639323, 804.6239695367436, 1635.1513699884165, 753.8550338069367, 496.95273196719637, 529.4369738382696, 873.7651608959776, 139.72779505895585, 884.2575048771945, 510.2539144362751, 651.4163539188463, 709.0301030439198, 534.9493416358226, 625.8968084277566, 287.00189254696954, 741.2026164457742, 342.87004510026605, 691.010873404538, 573.2788456614368, 168.60175930455293, 890.1132320840288, 533.8992887766923, 509.9880852743806, 479.2712157354214, 134.87048160877367, 308.24229259375795, 327.3682236597124, 973.6898963091741, 780.3319006692369, 580.7168631595879, 861.3271785892936, 178.7955502184152, 1047.2391601082584, 1191.2383503928543, 1250.8928734922404, 792.5484208684203, 1247.529429659356, 1017.6776323569486, 1403.6742607689573, 1276.7550441932895, 344.65747537823177, 3183.374582177107, 620.6020830348364, 1228.8473086529348, 634.436496470532, 1080.598857857671, 1286.0585110417687, 1042.7093637709077, 660.0795292441042, 538.9414244436498, 900.2256993809542, 1123.6254423547407, 530.8228648035165, 185.50168147379185, 94.88131030018906, 311.44233604542563, 939.6133856421778, 371.41403627063033, 469.77495679285516, 179.72306750963165, 1204.8114222655463, 606.1239653735279, 3003.4306029518307, 1437.4907269107143, 2079.579151195005, 795.6627966017479, 2444.6645259660763, 520.7105787408033, 711.1552721112528, 1195.6947405330477, 405.3262138071561, 437.39351843078674, 1011.1870084109238, 1429.4438164721741, 1047.2689488909002, 1762.0708424221486, 760.9356147430453, 1493.4883482113275, 1071.8198420811482, 1428.409195214867, 1226.1830732867481, 1101.1520900395933, 583.3203419610052, 947.0355654385368, 901.8820666597874, 904.731855683459, 609.4444649178062, 720.5583502963302, 1207.8603363023328, 1181.4628882640989, 758.2612208739283, 574.0582780518089, 624.1596791097469, 564.5309354907017, 832.2502623326267, 1460.2052659105361, 711.3976381700658, 1271.4851319501067, 517.7181856382218, 1175.9412496488428, 1283.8461883286927, 888.2905046466285, 1265.233569818908, 1257.705669455301, 1310.0670878427716, 559.8656069283844, 534.0566871062923, 387.1893427106839, 326.31701814685664, 375.8362884887467, 925.5659235052935, 1455.9742028048308, 602.4219938837321, 76.22857334482474, 274.6874469554419, 1003.3587540385713, 853.4050814675436, 911.5430569589624, 385.8978106217533, 932.9896679760498, 198.30051517083703, 86.69405566509529, 1117.6913988417143, 29.70825456329048, 321.008961480956, 426.05464282334447, 206.41015043711334, 356.145571931693, 157.07726940233093, 362.5755499110184, 216.98780327587124, 352.89369552328793, 451.28691393112945, 142.9269493787364, 425.45426307163194, 116.99096949320545, 282.3128713193972, 209.5846962378288, 379.9170823435074, 180.57561536827225, 210.72299049572072, 377.5369799332837, 104.78473809165604, 525.5118196609226, 416.3083358061181, 316.42848417049606, 204.8516889678098, 380.80821740488386, 189.13971052264793, 117.91924316502019, 572.7294403298968, 668.7229585347866, 874.759080653474, 317.3095760758143, 598.2143583499637, 709.2361116758888, 742.2242976413244, 342.5662764088479, 204.6942880174162, 1012.1532458811829, 426.3246907000228, 670.9333488134428, 441.73457857786707, 718.1698952747896, 565.2085093790449, 1264.2081784850716, 658.6197164388883, 594.2943119818373, 520.8288266657581, 209.4155614208593, 1553.6338603872064, 1680.717382731244, 694.7758293361346, 1351.3363081450782, 1660.4629897649581, 2084.017779411342, 1873.4651625631718, 1073.1957487676682, 641.7292093848807, 3005.160412009106, 699.8827587120848, 1245.3000042258288, 1786.8594683725603, 672.8678260430712, 1827.6471014385727, 1423.8684552084271, 1621.0668988940345, 426.06461004871795, 1296.1052211872343, 1188.5768613126017, 695.8742098013419, 616.2332323789497, 924.7421530837631, 1481.4600097365542, 943.5400082885366, 1597.829494650074]",16,455.8904605471438,56.36481245853389,779.8647738387607,"[5, 38, 71, 106, 156, 186, 242, 274, 307, 343, 372, 409, 459, 509, 544, 575]","[56.36481245853389, 720.5840624228352, 779.8647738387607, 238.99520839443244, 554.9342999342134, 509.0026425662326, 441.62125887047614, 367.1838497687353, 583.2694093532998, 179.90604164865852, 691.415574380746, 206.31256948081796, 480.4553959608346, 558.4878179171404, 619.4086305265886, 306.4410212319946]","[4, 16, 66, 102, 116, 167, 217, 217, 167, 315, 167, 400, 414, 167, 66, 565]","[7, 66, 167, 116, 167, 217, 267, 302, 315, 348, 414, 414, 464, 515, 565, 597]",111344795.78462157,667.7643019856761,-667.7643019856761,824824.2653608293,0.09771245006684927,0.1313048461267777,0.4983277591973244,SWT,txu.059172014718829,55668818.94462161,,0.0,-62.0,54.0,0.0,-57.5,,148.96430198567612,309.4904605471438,2953.7526312456994,309.4904605471438,,824824.2653608293,309.4904605471438,,,51.36481245853389,0.0,-57.5,261.06477383876074,148.96430198567612,,88.06873312620516,0.5166388161965645,0.07353175203438644,0.20063122372528602,0.04593454456223934,0.1777777777777778,0.1184401160043318,0.32527654929977123,0.1675001717893577,0.3383343600963665,0.3383343600963665,0.33833436009636625,,0.10485777506257477,0.6087268185076693,0.36690651793389584,,,,,0.4,,0.45566238407732684,0.006896551724137931,0.07534246575342465,0.0,0.0,0.06896551724137931,1.900619214620572,0.6150958218223859,75,0.7932131935434228,0.30966613157677403,95,0,0.2841879172708432,0.4903619294753308,98,0,0.274871279153089,0.3720012576322978,91,10.242883708539635,0.9033690216175506,89.75,88.78482962673155,0.5283354542050017,85,db,0.9102447150279618,0.7868127372464527,0.12678487830649093,4,64.75,0.7407394536243551,0.9929574766837818,0.06993664782345374,0.8997042710654193,0.18680518433247822,0.185941777184165,0.005320135212516203,0.21276595744680843,0.11844011600433169,0.03034420989314779,,0.05461895717670032,0.10462370701485546,0.10462370701485546,0.10462370701485546,,0.9929574766837818,0.08748349011123124,0.06902442517073704,0.1385608043563096,,,,,0.09523809523809523,,0.07075833522065478,0.19101123595505615,0.24157303370786515,0.0,0.0,0.23728813559322035,1.0180463290862896,0.29072185715722926,149,0.6432264558022045,0.3191142794427319,209,42.42640687119285,0.7998754392868261,179.0,173.97206703910615,0.47776790832265836,207,118.36842105263158,113.5,63.686700255812326,76,0.9215768985091536,0.8701992891677452,0.0938363842932689,6,156.75
smoothed,rbio3.5,141071.47781902115,0.6538461538461539,35.35131877057731,11.313197841687597,598,1,False,False,120.46959353012153,,9.060967138169326,51171.07932510859,1.0,6.619695259883956e-05,0.8512952636273413,423.4412284380399,,,,[],[],16,480.57956503501066,23.512957755971115,743.064265864229,"[21, 56, 88, 138, 168, 225, 269, 326, 355, 393, 431, 461, 492, 521, 559, 592]","[733.5558893659611, 689.1169903042507, 233.82419215038, 563.0288026752332, 539.6340643342417, 407.40620110670284, 682.9828389774574, 422.33775516036803, 591.737337991407, 208.35177521248033, 383.4176035549493, 23.512957755971115, 610.9971589439757, 743.064265864229, 591.6119370231811, 264.69327013938243]","[0, 49, 85, 98, 150, 200, 49, 298, 298, 382, 398, 447, 49, 49, 547, 583]","[49, 150, 98, 150, 200, 250, 398, 349, 398, 398, 447, 463, 497, 597, 597, 597]",110718789.06848204,702.5139016718717,-702.5139016718717,0.0,,,,SWT,txu.059172014718829,55042812.22848208,,0.0,-62.0,54.0,0.0,-62.0,,183.71390167187178,334.1795650350107,2558.7269594398294,334.17956503501074,,0.0,334.1795650350107,,,18.512957755971115,0.0,-57.5,224.26426586422906,183.71390167187178,,121.54122843803992,0.39699027205123216,0.8037191763238881,0.4236419595498744,0.19321764616181034,0.3555555555555556,0.8736976873665377,0.1571633092100344,0.03510377031608636,0.49416838309585925,0.49416838309585925,0.49416838309585925,,0.8505747916799765,0.4087082328534387,0.22873108323377106,,,,,0.4,,0.3219458072387016,0.006896551724137931,0.07534246575342465,0.23934572389440367,0.23934572389440367,0.006896551724137917,1.6256041350343886,0.5260929194575465,99,1.481177882131401,0.5782438172614699,52,0,0.28635972344000404,0.49410934799256906,96,0,0.40752023036611873,0.5515237484028576,56,25.1975527912269,0.7622872378186142,75.75,69.43770699102788,0.5238322981545901,91,rbio,0.602964079377041,1.0,0.2779251444360713,3,69.0,0.05617623671001726,0.0,0.05373999779997317,0.634878913709484,0.6126072733112373,0.2617824820723708,0.022378452052182973,0.38297872340425526,0.8736976873665376,0.014661359549089092,,0.011446742454964243,0.15281252579341933,0.15281252579341933,0.15281252579341942,,0.0,0.7096398081343259,0.04634402490170708,0.0863793945461371,,,,,0.09523809523809523,,0.049993921261699936,0.19101123595505615,0.24157303370786515,0.07646900099377599,0.07646900099377599,0.1864406779661017,0.7363732714247625,0.2102849339103172,208,1.2247656126298092,0.6076245658664,142,46.66904755831214,0.7798629832155088,175.0,168.77714285714285,0.47719564255115066,208,87.36666666666666,69.5,73.18633909333803,30,0.6802076177391039,1.0,0.22385466758262726,4,157.0
smoothed,db26,64878.901958362934,0.6538461538461539,26.39673777799472,7.4668415312809024,598,1,False,False,120.52657285566747,,9.017713761129958,51700.48117420387,1.0,9.204280922313431e-05,-0.10737928005706192,216.30475834337636,0.018394648829431436,23580.735034051264,50.0,"[0.0, 0.0016722408026755853, 0.0033444816053511705, 0.005016722408026756, 0.006688963210702341, 0.008361204013377926, 0.010033444816053512, 0.011705685618729096, 0.013377926421404682, 0.015050167224080268, 0.016722408026755852, 0.018394648829431436, 0.020066889632107024, 0.021739130434782608, 0.023411371237458192, 0.02508361204013378, 0.026755852842809364, 0.028428093645484948, 0.030100334448160536, 0.03177257525083612, 0.033444816053511704, 0.03511705685618729, 0.03678929765886287, 0.038461538461538464, 0.04013377926421405, 0.04180602006688963, 0.043478260869565216, 0.0451505016722408, 0.046822742474916385, 0.048494983277591976, 0.05016722408026756, 0.051839464882943144, 0.05351170568561873, 0.05518394648829431, 0.056856187290969896, 0.05852842809364548, 0.06020066889632107, 0.061872909698996656, 0.06354515050167224, 0.06521739130434782, 0.06688963210702341, 0.06856187290969899, 0.07023411371237458, 0.07190635451505016, 0.07357859531772575, 0.07525083612040134, 0.07692307692307693, 0.07859531772575251, 0.0802675585284281, 0.08193979933110368, 0.08361204013377926, 0.08528428093645485, 0.08695652173913043, 0.08862876254180602, 0.0903010033444816, 0.09197324414715718, 0.09364548494983277, 0.09531772575250835, 0.09698996655518395, 0.09866220735785954, 0.10033444816053512, 0.1020066889632107, 0.10367892976588629, 0.10535117056856187, 0.10702341137123746, 0.10869565217391304, 0.11036789297658862, 0.11204013377926421, 0.11371237458193979, 0.11538461538461538, 0.11705685618729096, 0.11872909698996656, 0.12040133779264214, 0.12207357859531773, 0.12374581939799331, 0.1254180602006689, 0.12709030100334448, 0.12876254180602006, 0.13043478260869565, 0.13210702341137123, 0.13377926421404682, 0.1354515050167224, 0.13712374581939799, 0.13879598662207357, 0.14046822742474915, 0.14214046822742474, 0.14381270903010032, 0.1454849498327759, 0.1471571906354515, 0.14882943143812707, 0.1505016722408027, 0.15217391304347827, 0.15384615384615385, 0.15551839464882944, 0.15719063545150502, 0.1588628762541806, 0.1605351170568562, 0.16220735785953178, 0.16387959866220736, 0.16555183946488294, 0.16722408026755853, 0.1688963210702341, 0.1705685618729097, 0.17224080267558528, 0.17391304347826086, 0.17558528428093645, 0.17725752508361203, 0.17892976588628762, 0.1806020066889632, 0.18227424749163879, 0.18394648829431437, 0.18561872909698995, 0.18729096989966554, 0.18896321070234112, 0.1906354515050167, 0.1923076923076923, 0.1939799331103679, 0.1956521739130435, 0.19732441471571907, 0.19899665551839466, 0.20066889632107024, 0.20234113712374582, 0.2040133779264214, 0.205685618729097, 0.20735785953177258, 0.20903010033444816, 0.21070234113712374, 0.21237458193979933, 0.2140468227424749, 0.2157190635451505, 0.21739130434782608, 0.21906354515050167, 0.22073578595317725, 0.22240802675585283, 0.22408026755852842, 0.225752508361204, 0.22742474916387959, 0.22909698996655517, 0.23076923076923075, 0.23244147157190634, 0.23411371237458192, 0.23578595317725753, 0.23745819397993312, 0.2391304347826087, 0.2408026755852843, 0.24247491638795987, 0.24414715719063546, 0.24581939799331104, 0.24749163879598662, 0.2491638795986622, 0.2508361204013378, 0.2525083612040134, 0.25418060200668896, 0.25585284280936454, 0.25752508361204013, 0.2591973244147157, 0.2608695652173913, 0.2625418060200669, 0.26421404682274247, 0.26588628762541805, 0.26755852842809363, 0.2692307692307692, 0.2709030100334448, 0.2725752508361204, 0.27424749163879597, 0.27591973244147155, 0.27759197324414714, 0.2792642140468227, 0.2809364548494983, 0.2826086956521739, 0.2842809364548495, 0.28595317725752506, 0.28762541806020064, 0.28929765886287623, 0.2909698996655518, 0.2926421404682274, 0.294314381270903, 0.29598662207357856, 0.29765886287625415, 0.29933110367892973, 0.3010033444816054, 0.30267558528428096, 0.30434782608695654, 0.3060200668896321, 0.3076923076923077, 0.3093645484949833, 0.3110367892976589, 0.31270903010033446, 0.31438127090301005, 0.31605351170568563, 0.3177257525083612, 0.3193979933110368, 0.3210702341137124, 0.32274247491638797, 0.32441471571906355, 0.32608695652173914, 0.3277591973244147, 0.3294314381270903, 0.3311036789297659, 0.33277591973244147, 0.33444816053511706, 0.33612040133779264, 0.3377926421404682, 0.3394648829431438, 0.3411371237458194, 0.342809364548495, 0.34448160535117056, 0.34615384615384615, 0.34782608695652173, 0.3494983277591973, 0.3511705685618729, 0.3528428093645485, 0.35451505016722407, 0.35618729096989965, 0.35785953177257523, 0.3595317725752508, 0.3612040133779264, 0.362876254180602, 0.36454849498327757, 0.36622073578595316, 0.36789297658862874, 0.3695652173913043, 0.3712374581939799, 0.3729096989966555, 0.3745819397993311, 0.37625418060200666, 0.37792642140468224, 0.37959866220735783, 0.3812709030100334, 0.382943143812709, 0.3846153846153846, 0.3862876254180602, 0.3879598662207358, 0.3896321070234114, 0.391304347826087, 0.39297658862876256, 0.39464882943143814, 0.3963210702341137, 0.3979933110367893, 0.3996655518394649, 0.4013377926421405, 0.40301003344481606, 0.40468227424749165, 0.40635451505016723, 0.4080267558528428, 0.4096989966555184, 0.411371237458194, 0.41304347826086957, 0.41471571906354515, 0.41638795986622074, 0.4180602006688963, 0.4197324414715719, 0.4214046822742475, 0.4230769230769231, 0.42474916387959866, 0.42642140468227424, 0.4280936454849498, 0.4297658862876254, 0.431438127090301, 0.4331103678929766, 0.43478260869565216, 0.43645484949832775, 0.43812709030100333, 0.4397993311036789, 0.4414715719063545, 0.4431438127090301, 0.44481605351170567, 0.44648829431438125, 0.44816053511705684, 0.4498327759197324, 0.451505016722408, 0.4531772575250836, 0.45484949832775917, 0.45652173913043476, 0.45819397993311034, 0.4598662207357859, 0.4615384615384615, 0.4632107023411371, 0.4648829431438127, 0.46655518394648826, 0.46822742474916385, 0.46989966555183943, 0.47157190635451507, 0.47324414715719065, 0.47491638795986624, 0.4765886287625418, 0.4782608695652174, 0.479933110367893, 0.4816053511705686, 0.48327759197324416, 0.48494983277591974, 0.4866220735785953, 0.4882943143812709, 0.4899665551839465, 0.4916387959866221, 0.49331103678929766, 0.49498327759197325, 0.49665551839464883, 0.4983277591973244]","[243359.2840267246, 5686.186529035679, 4435.287915620609, 4993.387664610166, 10023.559020788762, 6248.702915215089, 3930.4321405457326, 7253.747751422002, 4442.674149024331, 6936.972572647846, 7372.288004403251, 3811.2970233858105, 23580.735034051264, 8212.101621759213, 9743.507242432974, 9591.582384859674, 2069.477581973243, 5169.274339623657, 3763.661519299826, 3963.730655167089, 2006.313178984542, 1344.5096695675293, 5900.044481185837, 2932.8569102373335, 21831.76057320699, 3049.700177207927, 3025.595398544295, 2197.04968232066, 7829.876342067089, 2500.0888268881913, 4425.048224059999, 1569.7975965202313, 2140.4846160804805, 829.5704371184472, 3622.6457988068046, 5425.872277966337, 22416.963715436523, 4847.540612440752, 8245.267948148547, 1959.6056462966205, 4116.406108963289, 6541.741787621549, 781.8007512495168, 6476.178129302548, 3880.3078794485145, 1514.8868963850034, 2229.1513165199276, 3403.3865652266495, 16313.538795332946, 2621.4101814118926, 5734.693660993694, 2410.4254222690583, 626.4602805579225, 6352.505224131536, 3958.613655666445, 2918.8789546560643, 2422.7980428340225, 1980.9451535176506, 4908.907501885922, 3444.3139519005304, 8406.746112725035, 5204.688685951791, 3485.025563627245, 3823.437539234725, 1775.0899045396966, 4682.509564736907, 2930.168718828625, 2862.8312292445976, 4027.3228755849227, 3752.349850228, 2341.8920882709263, 2712.9915193806874, 6525.72011102746, 2128.5412109122694, 395.50464851570615, 1758.7295259527502, 2368.6546676735193, 1735.2062792078525, 994.2367490932894, 2453.3030335308613, 2554.7188677491404, 1043.434786055143, 1149.0019431974374, 3463.623690151499, 1936.4660949719485, 2732.80836173829, 1584.9991838803264, 2008.6235815197274, 2219.4411047250683, 2197.9805469200833, 1618.577704351087, 3154.835110652456, 2241.0580422629496, 2000.4135090366196, 515.8307130891303, 1098.2229276091023, 1760.9518714096369, 434.6942307920879, 1461.4017226462975, 139.21043841167494, 388.77291087416273, 138.88186999170696, 1954.3688154641236, 572.7394306758638, 799.8672136663013, 1609.8916692275868, 734.2367421155985, 478.62533434304135, 504.50877332799445, 825.1656170132422, 131.1366057296171, 827.8518123866364, 478.69888752520455, 615.4542964605073, 678.0384353721115, 520.2739601253347, 621.722573583863, 292.2009144753361, 775.5245021941911, 369.3196633195796, 766.7938439559636, 655.0501323250129, 197.9910017785003, 1070.0878827650074, 652.7817864243084, 627.6542339532192, 584.7737894887543, 159.80429998048055, 345.97582807409003, 339.7650864336774, 920.5099986406963, 673.8861696705162, 468.7444339380794, 672.7194196654586, 139.6046004174358, 835.8195770346421, 982.7965739920817, 1070.5523600020545, 703.0122486281685, 1143.4983179159603, 960.1777543600426, 1357.5332607224484, 1260.412308558249, 345.8749132772909, 3234.223682023802, 635.7057394755739, 1263.6895568586503, 651.955048580824, 1103.820564826538, 1297.6744078733198, 1031.0180999490965, 632.720770152064, 493.20816545121517, 769.7392591063292, 878.1348796474341, 395.7480349604847, 170.53339062819515, 119.70244428404409, 442.85309405987334, 1337.025158102354, 512.4656077872025, 625.3166235756752, 230.94954139724004, 1496.7173813219251, 728.6472230938441, 3495.431005623659, 1619.6230924259182, 2267.6665881556023, 839.3409114445008, 2493.8303926845856, 513.6103884059784, 678.5526655893929, 1105.1126764236924, 363.8471542468532, 383.0391069493521, 869.5764541761749, 1217.7273257416325, 893.1287663277085, 1521.3308298047582, 672.041799027504, 1359.9853414692986, 1010.671661854468, 1395.2636528540918, 1236.850640842312, 1140.5597420765669, 616.0935231862111, 1012.5168216125919, 969.4469246267527, 972.0908787605462, 651.5487348952208, 763.9830102538461, 1267.4875813456333, 1225.8766940200906, 777.9213979307366, 582.7419315792018, 627.7297597406861, 563.420998192166, 825.7706968420889, 1443.0509459286511, 701.4470548188251, 1252.7541411513416, 510.3313582848053, 1160.7575913497665, 1269.7539690487038, 880.5187392356975, 1257.0441389654802, 1252.2528354013707, 1306.83394836115, 559.3368858787179, 534.1682464218511, 387.5780574457302, 326.79994367820547, 376.472275711651, 927.1419184390263, 1458.2640049008962, 603.2394865221113, 76.31252038746459, 274.9182604765023, 1003.9590602608613, 853.7378996249322, 911.7455616766614, 385.9347185225259, 932.996393171147, 198.29084004050583, 86.68720255656535, 1117.590465557995, 29.70562053559617, 320.9835304916451, 426.02655250649025, 206.3994961825984, 356.1319975759892, 157.07311363264634, 362.5693589014428, 216.9856356591866, 352.89194153103756, 451.2861636723058, 142.92699568467333, 425.45484039169963, 116.99117427674769, 282.31336596320784, 209.58501979453095, 379.9175569309886, 180.57578604884458, 210.72313250817305, 377.5371511301915, 104.78476814362553, 525.5119082667176, 416.3083732209377, 316.42849709653234, 204.85169157426347, 380.8082167704057, 189.13970907111647, 117.9192421010218, 572.7294356813519, 668.7229542659499, 874.7590766413589, 317.3095751027795, 598.2143571997882, 709.2361108728967, 742.2242971783178, 342.5662762998326, 204.69428798734316, 1012.153245822316, 426.32469069296565, 670.9333488136028, 441.7345785801671, 718.1698952786231, 565.2085093812934, 1264.2081784882782, 658.6197164398441, 594.2943119822908, 520.8288266659514, 209.41556142089374, 1553.6338603873114, 1680.717382731289, 694.7758293361397, 1351.336308145091, 1660.462989764958, 2084.017779411342, 1873.4651625631707, 1073.1957487676698, 641.7292093848788, 3005.160412009105, 699.8827587120816, 1245.3000042258282, 1786.859468372559, 672.86782604307, 1827.647101438572, 1423.868455208425, 1621.0668988940356, 426.064610048719, 1296.1052211872307, 1188.5768613126031, 695.8742098013405, 616.2332323789474, 924.7421530837611, 1481.4600097365515, 943.5400082885374, 1597.8294946500753]",15,478.9009324532108,151.19962640473256,736.5846481783176,"[31, 74, 109, 159, 188, 245, 277, 311, 341, 376, 408, 461, 513, 547, 579]","[726.7088015016126, 735.0660126061533, 276.385096687569, 579.115601994317, 538.1675912988219, 603.9372253257902, 306.6123362218957, 438.41180091426463, 151.19962640473256, 736.5846481783176, 184.82141496465283, 479.2755689958342, 607.6094204706848, 603.9585697660718, 215.66027146744386]","[19, 69, 105, 119, 169, 169, 269, 269, 318, 69, 402, 418, 418, 418, 567]","[69, 169, 119, 169, 221, 318, 282, 318, 344, 418, 418, 468, 518, 567, 597]",111353679.64760496,702.7943552494996,-702.7943552494996,824936.3539812878,0.0977591469485232,0.13133691671625536,0.4983277591973244,SWT,txu.059172014718829,55677702.807605,,0.0,-58.0,55.0,0.0,-53.5,,183.99435524949968,332.5009324532108,3064.4860132018375,332.5009324532108,,824936.3539812878,332.5009324532108,,,146.19962640473256,0.0,-62.5,217.78464817831764,183.99435524949968,,85.59524165662361,0.41472970626829886,0.03610556115082564,0.2019884227646103,0.0458965867137372,0.3555555555555556,0.05944781958336309,0.32527654929977357,0.549694364919173,0.48357309931436543,0.48357309931436543,0.4835730993143651,,0.0497520931544565,0.6647959198962523,0.20440196280257894,,,,,0.6000000000000001,,0.4575599990974469,0.06206896551724138,0.00684931506849315,0.24127741131418104,0.24127741131418104,0.12413793103448276,2.252464913278603,0.7289633537856138,37,0.7818988085900457,0.3052490570144723,98,0,0.3763751390433738,0.6494295787106286,53,0,0.2697758941271914,0.36510534022835905,98,31.28897569432403,0.7048209840158111,71.5,60.328990739287406,0.5151463410645093,93,db,0.9102447150279618,0.7868127372464527,0.12678487830649093,4,70.75,0.7192069516813666,0.9930924135890228,0.056141359301533855,0.8913743573614334,0.16498044491541086,0.18640332864909942,0.005315738937592102,0.38297872340425526,0.05944781958336287,0.030344209893147955,,0.17924598319547144,0.14953612825053153,0.14953612825053153,0.1495361282505315,,0.9930924135890228,0.041508478955361805,0.075382182666414,0.07719159784192359,,,,,0.1428571428571429,,0.07105300970862088,0.23595505617977525,0.1853932584269663,0.07708615932365614,0.07708615932365614,0.2824858757062147,1.1033887205979303,0.3150929470041635,128,0.6682108168937888,0.33150939521441536,207,55.86143571373726,0.7365026617276544,167.5,158.18507462686566,0.47320416105250646,209,118.36842105263158,113.5,63.686700255812326,76,0.9215768985091536,0.8701992891677452,0.0938363842932689,6,158.25
smoothed,db32,65054.108493700725,0.6488294314381271,25.887976263768447,7.300168812717249,598,1,False,False,120.39693581221144,,9.01789811021403,51700.481174203866,1.0,9.117871273168026e-05,-0.1716988525839878,214.23717671697585,0.018394648829431436,23580.73503405126,50.0,"[0.0, 0.0016722408026755853, 0.0033444816053511705, 0.005016722408026756, 0.006688963210702341, 0.008361204013377926, 0.010033444816053512, 0.011705685618729096, 0.013377926421404682, 0.015050167224080268, 0.016722408026755852, 0.018394648829431436, 0.020066889632107024, 0.021739130434782608, 0.023411371237458192, 0.02508361204013378, 0.026755852842809364, 0.028428093645484948, 0.030100334448160536, 0.03177257525083612, 0.033444816053511704, 0.03511705685618729, 0.03678929765886287, 0.038461538461538464, 0.04013377926421405, 0.04180602006688963, 0.043478260869565216, 0.0451505016722408, 0.046822742474916385, 0.048494983277591976, 0.05016722408026756, 0.051839464882943144, 0.05351170568561873, 0.05518394648829431, 0.056856187290969896, 0.05852842809364548, 0.06020066889632107, 0.061872909698996656, 0.06354515050167224, 0.06521739130434782, 0.06688963210702341, 0.06856187290969899, 0.07023411371237458, 0.07190635451505016, 0.07357859531772575, 0.07525083612040134, 0.07692307692307693, 0.07859531772575251, 0.0802675585284281, 0.08193979933110368, 0.08361204013377926, 0.08528428093645485, 0.08695652173913043, 0.08862876254180602, 0.0903010033444816, 0.09197324414715718, 0.09364548494983277, 0.09531772575250835, 0.09698996655518395, 0.09866220735785954, 0.10033444816053512, 0.1020066889632107, 0.10367892976588629, 0.10535117056856187, 0.10702341137123746, 0.10869565217391304, 0.11036789297658862, 0.11204013377926421, 0.11371237458193979, 0.11538461538461538, 0.11705685618729096, 0.11872909698996656, 0.12040133779264214, 0.12207357859531773, 0.12374581939799331, 0.1254180602006689, 0.12709030100334448, 0.12876254180602006, 0.13043478260869565, 0.13210702341137123, 0.13377926421404682, 0.1354515050167224, 0.13712374581939799, 0.13879598662207357, 0.14046822742474915, 0.14214046822742474, 0.14381270903010032, 0.1454849498327759, 0.1471571906354515, 0.14882943143812707, 0.1505016722408027, 0.15217391304347827, 0.15384615384615385, 0.15551839464882944, 0.15719063545150502, 0.1588628762541806, 0.1605351170568562, 0.16220735785953178, 0.16387959866220736, 0.16555183946488294, 0.16722408026755853, 0.1688963210702341, 0.1705685618729097, 0.17224080267558528, 0.17391304347826086, 0.17558528428093645, 0.17725752508361203, 0.17892976588628762, 0.1806020066889632, 0.18227424749163879, 0.18394648829431437, 0.18561872909698995, 0.18729096989966554, 0.18896321070234112, 0.1906354515050167, 0.1923076923076923, 0.1939799331103679, 0.1956521739130435, 0.19732441471571907, 0.19899665551839466, 0.20066889632107024, 0.20234113712374582, 0.2040133779264214, 0.205685618729097, 0.20735785953177258, 0.20903010033444816, 0.21070234113712374, 0.21237458193979933, 0.2140468227424749, 0.2157190635451505, 0.21739130434782608, 0.21906354515050167, 0.22073578595317725, 0.22240802675585283, 0.22408026755852842, 0.225752508361204, 0.22742474916387959, 0.22909698996655517, 0.23076923076923075, 0.23244147157190634, 0.23411371237458192, 0.23578595317725753, 0.23745819397993312, 0.2391304347826087, 0.2408026755852843, 0.24247491638795987, 0.24414715719063546, 0.24581939799331104, 0.24749163879598662, 0.2491638795986622, 0.2508361204013378, 0.2525083612040134, 0.25418060200668896, 0.25585284280936454, 0.25752508361204013, 0.2591973244147157, 0.2608695652173913, 0.2625418060200669, 0.26421404682274247, 0.26588628762541805, 0.26755852842809363, 0.2692307692307692, 0.2709030100334448, 0.2725752508361204, 0.27424749163879597, 0.27591973244147155, 0.27759197324414714, 0.2792642140468227, 0.2809364548494983, 0.2826086956521739, 0.2842809364548495, 0.28595317725752506, 0.28762541806020064, 0.28929765886287623, 0.2909698996655518, 0.2926421404682274, 0.294314381270903, 0.29598662207357856, 0.29765886287625415, 0.29933110367892973, 0.3010033444816054, 0.30267558528428096, 0.30434782608695654, 0.3060200668896321, 0.3076923076923077, 0.3093645484949833, 0.3110367892976589, 0.31270903010033446, 0.31438127090301005, 0.31605351170568563, 0.3177257525083612, 0.3193979933110368, 0.3210702341137124, 0.32274247491638797, 0.32441471571906355, 0.32608695652173914, 0.3277591973244147, 0.3294314381270903, 0.3311036789297659, 0.33277591973244147, 0.33444816053511706, 0.33612040133779264, 0.3377926421404682, 0.3394648829431438, 0.3411371237458194, 0.342809364548495, 0.34448160535117056, 0.34615384615384615, 0.34782608695652173, 0.3494983277591973, 0.3511705685618729, 0.3528428093645485, 0.35451505016722407, 0.35618729096989965, 0.35785953177257523, 0.3595317725752508, 0.3612040133779264, 0.362876254180602, 0.36454849498327757, 0.36622073578595316, 0.36789297658862874, 0.3695652173913043, 0.3712374581939799, 0.3729096989966555, 0.3745819397993311, 0.37625418060200666, 0.37792642140468224, 0.37959866220735783, 0.3812709030100334, 0.382943143812709, 0.3846153846153846, 0.3862876254180602, 0.3879598662207358, 0.3896321070234114, 0.391304347826087, 0.39297658862876256, 0.39464882943143814, 0.3963210702341137, 0.3979933110367893, 0.3996655518394649, 0.4013377926421405, 0.40301003344481606, 0.40468227424749165, 0.40635451505016723, 0.4080267558528428, 0.4096989966555184, 0.411371237458194, 0.41304347826086957, 0.41471571906354515, 0.41638795986622074, 0.4180602006688963, 0.4197324414715719, 0.4214046822742475, 0.4230769230769231, 0.42474916387959866, 0.42642140468227424, 0.4280936454849498, 0.4297658862876254, 0.431438127090301, 0.4331103678929766, 0.43478260869565216, 0.43645484949832775, 0.43812709030100333, 0.4397993311036789, 0.4414715719063545, 0.4431438127090301, 0.44481605351170567, 0.44648829431438125, 0.44816053511705684, 0.4498327759197324, 0.451505016722408, 0.4531772575250836, 0.45484949832775917, 0.45652173913043476, 0.45819397993311034, 0.4598662207357859, 0.4615384615384615, 0.4632107023411371, 0.4648829431438127, 0.46655518394648826, 0.46822742474916385, 0.46989966555183943, 0.47157190635451507, 0.47324414715719065, 0.47491638795986624, 0.4765886287625418, 0.4782608695652174, 0.479933110367893, 0.4816053511705686, 0.48327759197324416, 0.48494983277591974, 0.4866220735785953, 0.4882943143812709, 0.4899665551839465, 0.4916387959866221, 0.49331103678929766, 0.49498327759197325, 0.49665551839464883, 0.4983277591973244]","[243359.2840267246, 5686.186529035682, 4435.287915620613, 4993.387664610164, 10023.559020788767, 6248.702915215087, 3930.4321405457304, 7253.747751422001, 4442.674149024334, 6936.972572647842, 7372.288004403254, 3811.2970233858096, 23580.73503405126, 8212.101621759208, 9743.50724243298, 9591.582384859674, 2069.4775819732436, 5169.274339623659, 3763.661519299825, 3963.7306551670877, 2006.313178984541, 1344.50966956753, 5900.044481185835, 2932.8569102373363, 21831.760573206986, 3049.700177207928, 3025.5953985442943, 2197.0496823206586, 7829.876342067083, 2500.088826888189, 4425.048224060008, 1569.79759652025, 2140.48461608058, 829.5704371185493, 3622.645798807935, 5425.872277970018, 22416.96371546672, 4847.540612452544, 8245.267948181006, 1959.605646307372, 4116.406108987208, 6541.741787633469, 781.8007512395008, 6476.178128981315, 3880.3078789541714, 1514.8868959700876, 2229.1513153502638, 3403.386562105774, 16313.538771309277, 2621.410175736451, 5734.693644579458, 2410.425414458119, 626.4602788874395, 6352.505223758757, 3958.613680400961, 2918.879008889956, 2422.798139401266, 1980.9452986370054, 4908.908098054819, 3444.3145897826403, 8406.748308893106, 5204.690451438704, 3485.0269501086414, 3823.439070937164, 1775.0904222681527, 4682.509532650957, 2930.1669776526883, 2862.826691764851, 4027.310414801514, 3752.3302982505834, 2341.8734541619406, 2712.9610487300147, 6525.623945010656, 2128.5031214368623, 395.4968317213141, 1758.696162749773, 2368.6222698563543, 1735.2034312074936, 994.2562654820063, 2453.431931872583, 2554.971486187025, 1043.6007712023293, 1149.2675865182953, 3464.6968903228594, 1937.2117042396546, 2734.014087615348, 1585.7232544280694, 2009.4368496757288, 2220.0063670083437, 2197.926363771905, 1617.8352071238144, 3151.489116327536, 2236.9749538261594, 1995.0043767597524, 513.9586338983133, 1093.3072069110208, 1752.0090557794492, 432.41970104687897, 1454.5148958693549, 138.75159458874538, 388.46195923682905, 139.28136220703442, 1969.4192808777016, 580.4486359198742, 815.6399821501051, 1651.4266406483403, 756.8462393240394, 494.7164826539522, 521.2319474889032, 848.578789898206, 133.58193333576173, 831.074127118003, 471.41334912644385, 592.5485031137385, 637.4046369163481, 478.27943850537076, 561.5233293172046, 261.29743759610506, 693.627408082216, 334.15489619609934, 709.8340560606844, 626.7556356240509, 197.42717928557857, 1118.8031550545886, 718.3387035862668, 728.0703740150627, 714.3330587772125, 204.69060973855878, 460.3958601539474, 461.7376763879904, 1241.0850242428285, 863.1359575491401, 540.6906129257624, 667.0766934238557, 117.46031418131172, 620.4241581348203, 694.0442798604028, 769.4256691784148, 532.6118424667194, 921.9919374007135, 821.5242757613971, 1223.3510952058132, 1186.098132032752, 337.02666769991356, 3237.1521733468385, 648.5584317625363, 1304.0986266539383, 675.1374635473107, 1136.8377368245135, 1314.9124365402186, 1013.2214059645779, 590.5521075992006, 422.86303260736656, 576.3204497357442, 586.2077251300828, 386.4558491226402, 259.5883338831522, 194.12054435204135, 682.3131107903355, 1937.2617500520898, 701.3815432859992, 811.6934108062552, 284.9204893272038, 1755.7782674047169, 812.266880239305, 3698.1993106911345, 1624.1083092137835, 2153.363194697187, 755.1800585444167, 2132.8176248478276, 420.6969791208444, 539.5297271523762, 870.1669774094246, 290.77484085929535, 318.3819432971202, 765.8113686481297, 1146.0626523661829, 896.5869600959097, 1612.4097591991267, 740.6885633958316, 1532.916128467431, 1147.0743874212637, 1574.2910689495977, 1374.4709278044156, 1241.0047054645945, 654.5595462162037, 1050.2958311373857, 983.8052942977313, 968.4848518087617, 640.1145354292353, 743.6892124935757, 1228.126115667591, 1187.061774663506, 755.1723421658112, 568.3200953070999, 615.7297672546198, 555.9937349869643, 819.4856263299125, 1438.9169942053102, 702.009114660106, 1256.9081111294306, 512.7569335537706, 1166.8904304235255, 1276.2653182048145, 884.4953872634308, 1261.641192108462, 1255.6594935088024, 1309.2255070230403, 559.9318512870705, 534.4136875750737, 387.58761755158923, 326.716723499319, 376.3199407416712, 926.7187456593354, 1457.6212292118705, 603.0074303503545, 76.28889388962062, 274.8547415384009, 1003.7994308717663, 853.6535068120735, 911.6976673245275, 385.92714355208784, 932.9979244586962, 198.29355225402452, 86.68884708502931, 1117.6125548358477, 29.70615213319552, 320.9882608566346, 426.0313375386662, 206.40113851603235, 356.1338532674744, 157.07359963158146, 362.5699335634883, 216.98576459751692, 352.89194394915745, 451.28603204881847, 142.9269384269364, 425.4546711290906, 116.99113459211253, 282.313292212068, 209.58498097970048, 379.91751079140414, 180.57577282029183, 210.72312410922785, 377.5371441154083, 104.78476748890138, 525.511908297556, 416.3083743310427, 316.42849812191463, 204.85169216060325, 380.8082175948671, 189.1397093496468, 117.91924220915243, 572.729435981866, 668.7229544491092, 874.7590767528055, 317.30957511851705, 598.2143572074511, 709.2361108716026, 742.2242971740048, 342.56627629795594, 204.69428798654047, 1012.1532458198526, 426.324690692391, 670.9333488131474, 441.7345785800316, 718.1698952785313, 565.2085093812674, 1264.2081784882603, 658.6197164398437, 594.2943119822911, 520.8288266659528, 209.41556142089274, 1553.6338603873112, 1680.717382731291, 694.7758293361401, 1351.3363081450725, 1660.4629897649575, 2084.017779411342, 1873.4651625631698, 1073.1957487676711, 641.7292093848808, 3005.1604120091056, 699.8827587120819, 1245.3000042258282, 1786.8594683725612, 672.867826043072, 1827.6471014385725, 1423.8684552084264, 1621.0668988940347, 426.0646100487192, 1296.1052211872327, 1188.5768613126002, 695.8742098013395, 616.2332323789504, 924.7421530837617, 1481.460009736554, 943.5400082885378, 1597.829494650075]",16,484.8417179099098,167.04684041693946,753.6986926845368,"[33, 79, 114, 164, 195, 251, 282, 316, 350, 383, 417, 457, 489, 518, 553, 586]","[745.7823070431182, 753.6986926845368, 283.6622500853379, 625.5191302328459, 577.5075059380819, 402.35128486294, 271.91437649128574, 591.6203176891827, 452.9046547458297, 703.2090179381524, 167.04684041693946, 481.4540974611384, 235.88255145678968, 602.2295139154453, 671.5719161528867, 191.11302944404508]","[24, 74, 110, 123, 174, 226, 276, 174, 323, 74, 414, 422, 473, 422, 422, 573]","[74, 174, 123, 174, 226, 276, 287, 323, 374, 422, 422, 473, 494, 523, 573, 594]",111360867.49633162,700.3613791153176,-700.3613791153176,825267.5721725177,0.09785422447403228,0.13139185271321524,0.4983277591973244,SWT,txu.059172014718829,55684890.65633166,,0.0,-57.5,54.0,0.0,-62.0,,181.56137911531766,338.4417179099098,2490.5325134414434,338.44171790990976,,825267.5721725177,338.4417179099098,,,162.04684041693946,0.0,-57.5,234.89869268453685,181.56137911531766,,87.66282328302412,0.37436966721116494,0.0028428476312244433,0.20293312649145803,0.04623535479076604,0.288888888888889,0.004818014535404314,0.32527654929977123,0.6135602905294346,0.5210704697819435,0.5210704697819435,0.5210704697819427,,0.09581471225973737,0.37417843488938574,0.26866032958275154,,,,,0.4,,0.4590953412939172,0.06896551724137931,0.07534246575342465,0.22451973815212356,0.22451973815212356,0.006896551724137917,2.113618611507349,0.684028640173325,52,0.6953062460314618,0.2714437899196953,106,0,0.35788371177569617,0.6175229021678345,64,0,0.24280056258885135,0.32859786193441265,106,28.142494558940577,0.7345047683118813,82.0,74.45504432249895,0.48045993132575193,106,db,0.9102447150279618,0.7868127372464527,0.12678487830649093,4,80.5,0.6970400518621331,0.9934911477111954,0.05067787930508371,0.882799024914326,0.14558359907746773,0.18672460016228348,0.00535497502870072,0.31914893617021267,0.004818014535404147,0.03034420989314779,,0.2000715753049766,0.16113150360794415,0.16113150360794415,0.161131503607944,,0.9934911477111954,0.07993880689803923,0.04242864055643786,0.1014585174862555,,,,,0.09523809523809523,,0.07129142802361141,0.24157303370786515,0.24157303370786515,0.07173221982211692,0.07173221982211692,0.1864406779661017,1.1010840793064103,0.3144348142874008,129,0.6051574825473015,0.30022769158587503,212,58.68986283848344,0.7231610243467762,170.5,160.39882697947215,0.45945787066395416,210,118.36842105263158,113.5,63.686700255812326,76,0.9215768985091536,0.8701992891677452,0.0938363842932689,6,159.0
smoothed,db33,65037.9903458338,0.6521739130434783,25.66960162185818,7.3528944212298475,598,1,False,False,120.85198185405461,,9.01789747608695,51700.48117420387,1.0,9.280894612174563e-05,-0.15202171387325894,208.3437494004238,0.018394648829431436,23580.735034051268,50.0,"[0.0, 0.0016722408026755853, 0.0033444816053511705, 0.005016722408026756, 0.006688963210702341, 0.008361204013377926, 0.010033444816053512, 0.011705685618729096, 0.013377926421404682, 0.015050167224080268, 0.016722408026755852, 0.018394648829431436, 0.020066889632107024, 0.021739130434782608, 0.023411371237458192, 0.02508361204013378, 0.026755852842809364, 0.028428093645484948, 0.030100334448160536, 0.03177257525083612, 0.033444816053511704, 0.03511705685618729, 0.03678929765886287, 0.038461538461538464, 0.04013377926421405, 0.04180602006688963, 0.043478260869565216, 0.0451505016722408, 0.046822742474916385, 0.048494983277591976, 0.05016722408026756, 0.051839464882943144, 0.05351170568561873, 0.05518394648829431, 0.056856187290969896, 0.05852842809364548, 0.06020066889632107, 0.061872909698996656, 0.06354515050167224, 0.06521739130434782, 0.06688963210702341, 0.06856187290969899, 0.07023411371237458, 0.07190635451505016, 0.07357859531772575, 0.07525083612040134, 0.07692307692307693, 0.07859531772575251, 0.0802675585284281, 0.08193979933110368, 0.08361204013377926, 0.08528428093645485, 0.08695652173913043, 0.08862876254180602, 0.0903010033444816, 0.09197324414715718, 0.09364548494983277, 0.09531772575250835, 0.09698996655518395, 0.09866220735785954, 0.10033444816053512, 0.1020066889632107, 0.10367892976588629, 0.10535117056856187, 0.10702341137123746, 0.10869565217391304, 0.11036789297658862, 0.11204013377926421, 0.11371237458193979, 0.11538461538461538, 0.11705685618729096, 0.11872909698996656, 0.12040133779264214, 0.12207357859531773, 0.12374581939799331, 0.1254180602006689, 0.12709030100334448, 0.12876254180602006, 0.13043478260869565, 0.13210702341137123, 0.13377926421404682, 0.1354515050167224, 0.13712374581939799, 0.13879598662207357, 0.14046822742474915, 0.14214046822742474, 0.14381270903010032, 0.1454849498327759, 0.1471571906354515, 0.14882943143812707, 0.1505016722408027, 0.15217391304347827, 0.15384615384615385, 0.15551839464882944, 0.15719063545150502, 0.1588628762541806, 0.1605351170568562, 0.16220735785953178, 0.16387959866220736, 0.16555183946488294, 0.16722408026755853, 0.1688963210702341, 0.1705685618729097, 0.17224080267558528, 0.17391304347826086, 0.17558528428093645, 0.17725752508361203, 0.17892976588628762, 0.1806020066889632, 0.18227424749163879, 0.18394648829431437, 0.18561872909698995, 0.18729096989966554, 0.18896321070234112, 0.1906354515050167, 0.1923076923076923, 0.1939799331103679, 0.1956521739130435, 0.19732441471571907, 0.19899665551839466, 0.20066889632107024, 0.20234113712374582, 0.2040133779264214, 0.205685618729097, 0.20735785953177258, 0.20903010033444816, 0.21070234113712374, 0.21237458193979933, 0.2140468227424749, 0.2157190635451505, 0.21739130434782608, 0.21906354515050167, 0.22073578595317725, 0.22240802675585283, 0.22408026755852842, 0.225752508361204, 0.22742474916387959, 0.22909698996655517, 0.23076923076923075, 0.23244147157190634, 0.23411371237458192, 0.23578595317725753, 0.23745819397993312, 0.2391304347826087, 0.2408026755852843, 0.24247491638795987, 0.24414715719063546, 0.24581939799331104, 0.24749163879598662, 0.2491638795986622, 0.2508361204013378, 0.2525083612040134, 0.25418060200668896, 0.25585284280936454, 0.25752508361204013, 0.2591973244147157, 0.2608695652173913, 0.2625418060200669, 0.26421404682274247, 0.26588628762541805, 0.26755852842809363, 0.2692307692307692, 0.2709030100334448, 0.2725752508361204, 0.27424749163879597, 0.27591973244147155, 0.27759197324414714, 0.2792642140468227, 0.2809364548494983, 0.2826086956521739, 0.2842809364548495, 0.28595317725752506, 0.28762541806020064, 0.28929765886287623, 0.2909698996655518, 0.2926421404682274, 0.294314381270903, 0.29598662207357856, 0.29765886287625415, 0.29933110367892973, 0.3010033444816054, 0.30267558528428096, 0.30434782608695654, 0.3060200668896321, 0.3076923076923077, 0.3093645484949833, 0.3110367892976589, 0.31270903010033446, 0.31438127090301005, 0.31605351170568563, 0.3177257525083612, 0.3193979933110368, 0.3210702341137124, 0.32274247491638797, 0.32441471571906355, 0.32608695652173914, 0.3277591973244147, 0.3294314381270903, 0.3311036789297659, 0.33277591973244147, 0.33444816053511706, 0.33612040133779264, 0.3377926421404682, 0.3394648829431438, 0.3411371237458194, 0.342809364548495, 0.34448160535117056, 0.34615384615384615, 0.34782608695652173, 0.3494983277591973, 0.3511705685618729, 0.3528428093645485, 0.35451505016722407, 0.35618729096989965, 0.35785953177257523, 0.3595317725752508, 0.3612040133779264, 0.362876254180602, 0.36454849498327757, 0.36622073578595316, 0.36789297658862874, 0.3695652173913043, 0.3712374581939799, 0.3729096989966555, 0.3745819397993311, 0.37625418060200666, 0.37792642140468224, 0.37959866220735783, 0.3812709030100334, 0.382943143812709, 0.3846153846153846, 0.3862876254180602, 0.3879598662207358, 0.3896321070234114, 0.391304347826087, 0.39297658862876256, 0.39464882943143814, 0.3963210702341137, 0.3979933110367893, 0.3996655518394649, 0.4013377926421405, 0.40301003344481606, 0.40468227424749165, 0.40635451505016723, 0.4080267558528428, 0.4096989966555184, 0.411371237458194, 0.41304347826086957, 0.41471571906354515, 0.41638795986622074, 0.4180602006688963, 0.4197324414715719, 0.4214046822742475, 0.4230769230769231, 0.42474916387959866, 0.42642140468227424, 0.4280936454849498, 0.4297658862876254, 0.431438127090301, 0.4331103678929766, 0.43478260869565216, 0.43645484949832775, 0.43812709030100333, 0.4397993311036789, 0.4414715719063545, 0.4431438127090301, 0.44481605351170567, 0.44648829431438125, 0.44816053511705684, 0.4498327759197324, 0.451505016722408, 0.4531772575250836, 0.45484949832775917, 0.45652173913043476, 0.45819397993311034, 0.4598662207357859, 0.4615384615384615, 0.4632107023411371, 0.4648829431438127, 0.46655518394648826, 0.46822742474916385, 0.46989966555183943, 0.47157190635451507, 0.47324414715719065, 0.47491638795986624, 0.4765886287625418, 0.4782608695652174, 0.479933110367893, 0.4816053511705686, 0.48327759197324416, 0.48494983277591974, 0.4866220735785953, 0.4882943143812709, 0.4899665551839465, 0.4916387959866221, 0.49331103678929766, 0.49498327759197325, 0.49665551839464883, 0.4983277591973244]","[243359.28402672458, 5686.186529035679, 4435.287915620612, 4993.387664610166, 10023.559020788758, 6248.702915215089, 3930.432140545732, 7253.747751421999, 4442.674149024333, 6936.972572647842, 7372.288004403254, 3811.297023385811, 23580.735034051268, 8212.10162175921, 9743.507242432977, 9591.582384859674, 2069.477581973244, 5169.274339623658, 3763.6615192998256, 3963.730655167087, 2006.3131789845404, 1344.5096695675293, 5900.044481185831, 2932.8569102373285, 21831.76057320699, 3049.700177207926, 3025.5953985442925, 2197.0496823206577, 7829.876342067083, 2500.08882688819, 4425.0482240600095, 1569.7975965202522, 2140.4846160805823, 829.570437118548, 3622.6457988079333, 5425.87227797002, 22416.96371546677, 4847.540612452579, 8245.267948181167, 1959.6056463074635, 4116.406108987598, 6541.741787634566, 781.8007512396923, 6476.178128982833, 3880.307878953751, 1514.8868959680806, 2229.151315340338, 3403.3865620678234, 16313.538770922858, 2621.4101756205464, 5734.693644162218, 2410.425414210275, 626.4602788163044, 6352.50522339219, 3958.6136810088224, 2918.879010829745, 2422.798143464513, 1980.9453054129324, 4908.908127806264, 3444.314622532536, 8406.748418951609, 5204.690529905606, 3485.0269921897116, 3823.439065173194, 1775.0903624630957, 4682.509091092789, 2930.1664127214735, 2862.8257361552733, 4027.3083627020146, 3752.3277120271146, 2341.8715663854714, 2712.9590274590105, 6525.62175311861, 2128.504483445056, 395.4977884180669, 1758.705293822695, 2368.6435808697574, 1735.2269823952886, 994.2743390316728, 2453.484489625661, 2555.025525755468, 1043.615878914331, 1149.265343782208, 3464.5882900537217, 1937.0649079612851, 2733.645548249875, 1585.4001097883925, 2008.8896787754936, 2219.289481728352, 2197.1986735056703, 1617.4038092014214, 3151.1808184928313, 2237.427483257249, 1996.2941614612387, 514.5869281161017, 1095.3641863733128, 1756.4406813688147, 433.7274410559306, 1459.1423706352534, 139.13921943755088, 389.1080921177678, 139.23241898143377, 1962.9539374059193, 576.3848177426089, 806.5270016473607, 1626.2548536347392, 742.8844724291064, 484.88628023829943, 511.57007602580774, 837.0784226089279, 133.0091488954654, 838.8923138108659, 484.1269596433013, 620.3430851819659, 679.9093906083813, 517.8832608553142, 612.7494467855363, 284.3312278766836, 742.8955528961823, 347.32448212621233, 706.45418176354, 590.705701206399, 175.0050130195301, 932.0149720751463, 566.5310344949511, 553.258984857812, 538.2020115698066, 158.75262350362723, 382.8805723644407, 427.50965040266834, 1318.114790410952, 1073.3688906516086, 794.7978152730444, 1150.6990514518247, 229.2783183588813, 1269.681049163406, 1345.6362075832194, 1296.3286030179743, 740.2985697067957, 1027.7922958893203, 718.9072221278376, 817.6551467236643, 579.0484015009042, 111.49659922857008, 664.3249088888604, 109.506827948272, 344.20215083373245, 283.9753153860823, 698.664120682758, 1123.989742597356, 1184.386243723102, 953.697962799586, 982.1636850120934, 2074.151059650289, 3305.5351907904, 1999.7843831218438, 841.8019091258983, 418.71751530807705, 1053.4547678725232, 2238.428492212719, 623.331129846855, 567.948994203854, 162.74111950563716, 877.4689686034343, 394.55673007011166, 1934.402152628927, 972.5916339480254, 1508.5291050933497, 618.4463655971132, 2018.3513990496892, 451.6784406275009, 641.143678282824, 1109.4038985247237, 383.72949782875526, 419.507238036403, 977.0909941390868, 1386.3681431832629, 1017.6898194838764, 1716.176136187168, 744.4050987613072, 1472.5259526266098, 1068.948917996404, 1444.914041261059, 1259.2399901466645, 1146.7497288425254, 614.2051809312335, 1004.0790700012458, 958.4636114636133, 959.6204867569078, 642.8301152658975, 753.7966044328426, 1251.1745511541465, 1211.073934287237, 769.3809142723152, 577.1470388262641, 622.7197082250476, 559.9335813320985, 822.1973490791053, 1439.4247365967774, 700.8401897005414, 1253.4006980778881, 511.12964607375534, 1163.3722403241702, 1273.0469156288354, 882.835711351829, 1260.1020931265043, 1254.8488669074559, 1308.960880187059, 559.9866074781232, 534.5561877518825, 387.71596597015287, 326.82225901514386, 376.42244604731286, 926.9076507204223, 1457.817758697065, 603.0531319184173, 76.29128538979839, 274.85527793007356, 1003.784899129812, 853.6354515244011, 911.6781371608846, 385.9201283310634, 932.9852615140544, 198.29176819098566, 86.68839700526838, 1117.6098513780428, 29.70613312458977, 320.98836867323666, 426.03165495003617, 206.4013048953965, 356.134098726257, 157.07367966784818, 362.57005458914927, 216.98580643202024, 352.8919772266917, 451.2860472532223, 142.9269386424032, 425.45466599180384, 116.99113282833059, 282.3132885161133, 209.58497898688685, 379.9175084888375, 180.57577220262533, 210.7231237558268, 377.5371438645083, 104.78476747281171, 525.5119083278801, 416.3083743783166, 316.4284981544488, 204.8516921755075, 380.8082176117061, 189.1397093541289, 117.91924221046844, 572.7294359844171, 668.7229544499965, 874.7590767528959, 317.30957511844434, 598.2143572073059, 709.2361108714847, 742.2242971739331, 342.566276297939, 204.6942879865357, 1012.1532458198456, 426.3246906923899, 670.9333488131457, 441.7345785800307, 718.1698952785316, 565.2085093812707, 1264.2081784882646, 658.6197164398434, 594.2943119822905, 520.8288266659497, 209.41556142089453, 1553.633860387312, 1680.7173827312886, 694.7758293361394, 1351.3363081450866, 1660.4629897649554, 2084.0177794113433, 1873.4651625631716, 1073.1957487676698, 641.7292093848781, 3005.1604120091033, 699.8827587120825, 1245.3000042258293, 1786.8594683725605, 672.8678260430725, 1827.6471014385704, 1423.8684552084237, 1621.066898894036, 426.0646100487187, 1296.1052211872343, 1188.5768613126022, 695.8742098013427, 616.2332323789467, 924.7421530837618, 1481.4600097365542, 943.5400082885377, 1597.8294946500719]",16,472.5926259080535,132.8779393742086,788.3242953993339,"[2, 34, 80, 115, 165, 194, 250, 295, 332, 382, 418, 456, 490, 519, 554, 585]","[132.8779393742086, 788.3242953993339, 608.1361343126753, 234.74561091372783, 757.4942233603612, 577.2113505022824, 471.1583148793891, 546.1232505952443, 373.9138052821726, 710.5943715767763, 194.32692221856308, 467.38981314710963, 294.9806115368744, 595.9210600380419, 541.6179968942084, 266.6663144978871]","[1, 25, 74, 110, 74, 175, 227, 227, 323, 74, 407, 423, 474, 423, 524, 572]","[25, 74, 124, 124, 175, 323, 275, 323, 376, 423, 423, 497, 497, 572, 572, 595]",111343882.22871225,692.4445265953522,-692.4445265953522,825473.14586622,0.09784722252060143,0.13133773272643773,0.4983277591973244,SWT,txu.059172014718829,55667905.38871229,,0.0,-57.5,54.0,0.0,-53.0,,173.6445265953522,326.1926259080535,2686.517985471144,326.19262590805357,,825473.14586622,326.1926259080535,,,127.87793937420861,0.0,-48.5,269.52429539933394,173.6445265953522,,93.55625059957617,0.51603963693563,0.013365246414990706,0.2029298768836906,0.04620418977772805,0.33333333333333337,0.021530784994485797,0.32527654929977357,0.4758560549143608,0.4437559893933071,0.4437559893933071,0.4437559893933071,,0.22711143798059596,0.4734143573167823,0.3986696139704025,,,,,0.4,,0.45546724628439966,0.06896551724137931,0.19863013698630136,0.16999062660931907,0.16999062660931907,0.13103448275862067,2.1966744228050534,0.710907923574385,41,0.7811125996229232,0.30494212529492765,99,0,0.36627577964370006,0.6320032876520646,58,0,0.27469256066807624,0.37175938623201277,92,27.598309126949545,0.7396385931419854,72.5,63.89551954804593,0.527838164495521,86,db,0.9102447150279618,0.7868127372464527,0.12678487830649093,4,65.5,0.7388608677049782,0.993738625804098,0.06985553779524567,0.8989775344030766,0.1517196392695525,0.18672349504712935,0.005351365499427246,0.36170212765957444,0.021530784994485686,0.030344209893147955,,0.15516856614526994,0.13722341593431103,0.13722341593431103,0.13722341593431114,,0.993738625804098,0.18948047702582183,0.05368114708905847,0.1505560127283179,,,,,0.09523809523809523,,0.07072803290506183,0.24157303370786515,0.3426966292134831,0.05431061471921522,0.05431061471921522,0.288135593220339,1.1743912234601765,0.33536901785199047,115,0.6431499845133898,0.3190763408909077,210,67.17514421272202,0.6831361122041415,162.5,148.6153846153846,0.4583133391209387,211,118.36842105263158,113.5,63.686700255812326,76,0.9215768985091536,0.8701992891677452,0.0938363842932689,6,159.75
smoothed,rbio2.2,121118.31909715284,0.6605351170568562,32.52526084024705,12.259067306908207,598,1,False,False,119.24600983676314,,9.048121333418797,51363.7308084012,1.0,7.993439250616948e-05,0.9640175576309534,425.05956384076353,,,,[],[],15,434.7669614351528,16.4048773235279,682.1459118106625,"[7, 54, 90, 140, 169, 226, 270, 328, 358, 395, 432, 486, 529, 561, 590]","[626.5673188093999, 682.1459118106625, 183.3527883616718, 515.0212240772219, 16.4048773235279, 553.1696349222364, 387.9187801589401, 327.7439930799648, 647.320902837225, 223.72858556742358, 397.0051022971872, 523.2236627389859, 678.3982458703738, 539.1689206547426, 220.33447301772833]","[1, 51, 86, 99, 168, 149, 251, 299, 149, 394, 400, 400, 400, 549, 585]","[51, 400, 99, 149, 202, 299, 299, 350, 400, 400, 449, 499, 596, 596, 596]",109211569.52750011,678.3982458703738,-678.3982458703738,0.0,,,,SWT,txu.059172014718829,53535592.68750015,,0.0,-49.0,55.0,0.0,-31.0,,159.59824587037383,288.3669614351528,3726.495578472708,288.36696143515275,,0.0,288.3669614351528,,,11.404877323527899,0.0,-26.5,163.34591181066253,159.59824587037383,,123.15956384076355,0.016050655279061077,0.9924854322517052,0.3578131560967641,0.15463750303058155,0.44444444444444453,0.9694383259318534,0.21834040014721576,0.006457464676464686,0.2050059176627634,0.2050059176627634,0.2050059176627628,,0.8866288783909453,1.0,0.0,,,,,0.6000000000000001,,0.0,0.18620689655172412,0.5,0.07324369258695435,0.07324369258695435,0.43448275862068964,1.5545717229089908,0.5031047587695993,103,1.6319969975061686,0.6371227824704351,39,0,0.2916854090934682,0.5032987375974863,94,0,0.44522454956368185,0.6025514665510723,44,33.1762967593833,0.6870160683077047,70.0,58.211170070196154,0.5133193549085693,95,rbio,0.602964079377041,1.0,0.2779251444360713,3,72.0,0.4085864793278294,0.0,0.002172753944140862,0.7712098852417045,0.7226845814502721,0.23939565465183824,0.017910103014820544,0.4680851063829787,0.9694383259318534,0.020368412492334675,,0.0021056694024016998,0.06339432701943559,0.06339432701943559,0.06339432701943545,,0.0,0.7397199556137689,0.11339146407243006,0.0,,,,,0.1428571428571429,,0.0,0.3370786516853932,0.5898876404494382,0.023400760665733378,0.023400760665733378,0.536723163841808,0.7507867283723072,0.21440096169031697,204,1.377435157382113,0.6833662138148213,72,93.33809511662427,0.5597259664310176,138.0,106.43478260869566,0.45439128510230126,212,87.36666666666666,69.5,73.18633909333803,30,0.6802076177391039,1.0,0.22385466758262726,4,160.0
