wavelet,wavelet_level,wavelet_mode,wavelet_mse,wavelet_psnr,wavelet_energy_entropy,wavelet_sparsity,wavelet_adaptive_threshold,signal_length,signal_type,emd_value,kl_divergence,wavelet_entropy,avg_variance_across_levels,variance_ratio_across_levels,smoothness,correlation,dynamic_cutoff,dominant_frequency,amplitude_max,num_fft_peaks,positive_frequencies,positive_amplitudes,relative_num_peaks,avg_prominence,prominence_min,prominence_max,relative_peaks,relative_prominences,relative_left_bases,relative_right_bases,max_autocorrelation,upper_envelope,lower_envelope,spectral_magnitude,spectral_centroid,spectral_bandwidth,frequency_max,wavelet_type,htid,max_autocorrelation_diff,frequency_max_diff,relative_right_bases_array_alignment_score,relative_right_bases_global_alignment_score,relative_num_peaks_diff,relative_peaks_array_alignment_score,relative_peaks_global_alignment_score,spectral_centroid_diff,lower_envelope_diff,relative_prominences_avg_diff,relative_prominences_total_diff,relative_prominences_wasserstein,spectral_bandwidth_diff,spectral_magnitude_diff,avg_prominence_diff,num_fft_peaks_diff,amplitude_max_diff,prominence_min_diff,relative_left_bases_array_alignment_score,relative_left_bases_global_alignment_score,prominence_max_diff,upper_envelope_diff,dominant_frequency_diff,dynamic_cutoff_diff,emd_value_normalized,wavelet_mse_normalized,wavelet_psnr_normalized,wavelet_entropy_normalized,wavelet_energy_entropy_normalized,wavelet_sparsity_normalized,avg_variance_across_levels_normalized,prominence_min_diff_normalized,avg_prominence_diff_normalized,relative_prominences_avg_diff_normalized,relative_prominences_wasserstein_normalized,spectral_centroid_diff_normalized,dynamic_cutoff_diff_normalized,relative_prominences_total_diff_normalized,prominence_max_diff_normalized,amplitude_max_diff_normalized,frequency_max_diff_normalized,spectral_bandwidth_diff_normalized,num_fft_peaks_diff_normalized,dominant_frequency_diff_normalized,max_autocorrelation_diff_normalized,relative_right_bases_global_alignment_score_normalized,relative_left_bases_global_alignment_score_normalized,upper_envelope_diff_normalized,lower_envelope_diff_normalized,relative_peaks_global_alignment_score_normalized,reconstruction_weighted_score,reconstruction_normalized_weighted_score,reconstruction_normalized_weighted_rank,signal_weighted_score,signal_normalized_weighted_score,signal_normalized_weighted_rank,reconstruction_missing_metrics_count,reconstruction_dynamically_weighted_score,reconstruction_normalized_dynamically_weighted_score,reconstruction_normalized_dynamically_weighted_rank,signal_missing_metrics_count,signal_dynamically_weighted_score,signal_normalized_dynamically_weighted_score,signal_normalized_dynamically_weighted_rank,rank_variability,normalized_rank_stability,average_rank,harmonic_average_rank,stability_score_weighted,stability_rank,wavelet_family,normalized_family_mean_rank,normalized_family_std_dev,final_family_stability_score,final_family_stability_rank,family_informed_rank,across_emd_value_normalized,across_smoothness_normalized,across_wavelet_mse_normalized,across_wavelet_psnr_normalized,across_wavelet_entropy_normalized,across_wavelet_energy_entropy_normalized,across_wavelet_sparsity_normalized,across_avg_variance_across_levels_normalized,across_prominence_min_diff_normalized,across_avg_prominence_diff_normalized,across_relative_prominences_avg_diff_normalized,across_relative_prominences_wasserstein_normalized,across_spectral_centroid_diff_normalized,across_dynamic_cutoff_diff_normalized,across_relative_prominences_total_diff_normalized,across_prominence_max_diff_normalized,across_amplitude_max_diff_normalized,across_frequency_max_diff_normalized,across_spectral_bandwidth_diff_normalized,across_num_fft_peaks_diff_normalized,across_relative_num_peaks_diff_normalized,across_dominant_frequency_diff_normalized,across_max_autocorrelation_diff_normalized,across_relative_right_bases_global_alignment_score_normalized,across_relative_left_bases_global_alignment_score_normalized,across_upper_envelope_diff_normalized,across_lower_envelope_diff_normalized,across_relative_peaks_global_alignment_score_normalized,across_reconstruction_weighted_score,across_reconstruction_normalized_weighted_score,across_reconstruction_normalized_weighted_rank,across_signal_weighted_score,across_signal_normalized_weighted_score,across_signal_normalized_weighted_rank,across_rank_variability,across_normalized_rank_stability,across_average_rank,across_harmonic_average_rank,across_stability_score_weighted,across_stability_rank,across_normalized_family_mean_rank,across_normalized_family_std_dev,across_final_family_stability_score,across_final_family_stability_rank,across_family_informed_rank,across_top_wavelet_rank,scales_used,is_complex,correlation_normalized,kl_divergence_normalized,relative_num_peaks_diff_normalized,across_correlation_normalized,across_kl_divergence_normalized,combined_emd_value_normalized,combined_smoothness_normalized,combined_wavelet_mse_normalized,combined_wavelet_psnr_normalized,combined_wavelet_entropy_normalized,combined_wavelet_energy_entropy_normalized,combined_wavelet_sparsity_normalized,combined_correlation_normalized,combined_avg_variance_across_levels_normalized,combined_prominence_min_diff_normalized,combined_avg_prominence_diff_normalized,combined_relative_prominences_avg_diff_normalized,combined_relative_prominences_wasserstein_normalized,combined_spectral_centroid_diff_normalized,combined_dynamic_cutoff_diff_normalized,combined_relative_prominences_total_diff_normalized,combined_prominence_max_diff_normalized,combined_amplitude_max_diff_normalized,combined_frequency_max_diff_normalized,combined_spectral_bandwidth_diff_normalized,combined_num_fft_peaks_diff_normalized,combined_relative_num_peaks_diff_normalized,combined_dominant_frequency_diff_normalized,combined_max_autocorrelation_diff_normalized,combined_relative_right_bases_global_alignment_score_normalized,combined_relative_left_bases_global_alignment_score_normalized,combined_upper_envelope_diff_normalized,combined_lower_envelope_diff_normalized,combined_relative_peaks_global_alignment_score_normalized,combined_reconstruction_weighted_score,combined_reconstruction_normalized_weighted_score,combined_reconstruction_normalized_weighted_rank,combined_signal_weighted_score,combined_signal_normalized_weighted_score,combined_signal_normalized_weighted_rank,combined_rank_variability,combined_normalized_rank_stability,combined_average_rank,combined_harmonic_average_rank,combined_stability_score_weighted,combined_stability_rank,family_mean_stability_rank,family_median_stability_rank,family_rank_std_dev,family_wavelet_count,combined_normalized_family_mean_rank,combined_normalized_family_std_dev,combined_final_family_stability_score,combined_final_family_stability_rank,combined_family_informed_rank,combined_top_wavelet_rank
db35,1.0,smooth,5.191426907632764e-26,315.5115216969386,1902833310.4076886,0.5717213114754098,443.78987001317387,907,raw,1.6717045486468275e-13,-8.460293576817511e-10,4.837725520676645,9428115.880957732,0.9981208453032435,4.293740082320343e-06,1.0,708.0,,,,[],[],15,954.0,54.00000000000034,1308.0,"[9, 84, 164, 254, 330, 397, 444, 513, 572, 617, 680, 734, 786, 857, 902]","[1308.0, 1250.0000000000002, 1210.0000000000005, 1077.0, 1165.000000000001, 448.9999999999999, 1284.0, 1197.0, 1067.0, 54.00000000000034, 1222.9999999999998, 676.0000000000005, 1014.0, 1115.0000000000005, 220.99999999999955]","[2, 35, 139, 245, 317, 139, 139, 489, 558, 616, 595, 730, 730, 730, 901]","[139, 139, 317, 282, 351, 398, 870, 595, 595, 631, 870, 737, 797, 870, 906]",462857712.0,1359.0000000000002,-1359.0000000000002,0.0,,,,DWT,mdp.39015056038071,0.0,,0.0,-68.5,115.0,0.0,-68.5,,2.2737367544323206e-13,414.03846153846155,55885.0,414.60256410256426,,0.0,414.03846153846155,,,50.00000000000034,0.0,-77.5,0.0,2.2737367544323206e-13,,0.0,1.7059546275964985e-13,3.839816896150002e-26,0.9563098678753164,0.0008284698174795269,0.7846305084919413,0.33156837310551024,0.7907017009871621,2.864728636084122e-09,4.4533174909138267e-10,4.4533174909138267e-10,4.3628783213158954e-10,,0.0,0.9999999995546631,0.0,,,,,,0.0,0.6666666666666666,0.25,4.503703478699948e-14,4.503703478699948e-14,0.0,0.5916666677015202,0.17858890388651608,530,1.4154234395170202,0.9101710794882387,14,0,0.1474358977240846,0.1774683005871483,525,0,0.4091484171825115,0.9033060253870823,21,294.4695796399576,0.6913316775262499,272.5,32.562902282036276,0.7028461322641731,286,db,0.7310736328536972,1.0,0.18824845700241194,6,216.0,1.705954627596498e-13,0.00022537827079399664,3.839816896150002e-26,0.9563098678753161,0.0008284698174796379,0.7850063719704538,0.6775162028211974,0.7913500053324272,0.9837415452947481,9.579881332655305e-11,9.579881332655305e-11,9.429546032890812e-11,,0.0,0.9999999999959025,0.0,,,,,1.0,,0.0,0.2647058823529412,0.06617647058823523,4.503703478699948e-14,4.503703478699948e-14,0.0,1.2282106989662793,0.4447326713316129,513,1.5543174383618956,0.9121974445332105,16,351.4320702497141,0.8158112839362085,264.5,31.032136105860115,0.8385922247773285,124,0.5932924258364,0.7822905243672058,0.35000814460435825,3,93.75,124,,,,,,,,1.3136862520978392e-18,0.05136027697297241,3.7769483113479587e-26,0.9724399046572931,0.000324425428115116,0.09938363157357459,0.388764363245335,0.9999999999999999,0.837156047843255,0.0005941450834276139,2.426444462022559e-15,2.426444462022559e-15,2.3869795029440866e-15,,0.0,0.04233831474415694,0.0,,,,,0.8723404255319149,,0.0,0.5283018867924528,0.4253393665158371,4.146815168660129e-19,4.146815168660129e-19,0.48453608247422675,0.5625549129355493,0.174997546749276,47,1.5390942188225483,0.8831040163673022,11,25.45584412271571,0.9060669958571376,29.0,17.82758620689655,0.8995279628732182,2,148.9857142857143,151.0,69.14372614651623,70,0.5622102425876011,0.6240786312822121,0.4192292408040156,4,2.5,1
gaus1,,,,-42.78007413287647,18708733017.16183,0.6672078063009489,588.8767791041018,907,smoothed,97358.61320091333,,14.335144850167364,2328049.630380538,0.02338986175122765,2.4201041699964497e-06,-0.036122672615262516,0.0,,,,[],[],5,62610.53735443505,23412.2227352209,132109.64081785994,"[136, 206, 277, 451, 587]","[23412.2227352209, 83968.7091666989, 23774.57788914128, 132109.64081785994, 49787.53616325426]","[2, 2, 252, 2, 536]","[145, 326, 326, 672, 672]",22670879149821.13,549457.1630454762,-549457.1630454762,0.0,,,,CWT,mdp.39015056038071,22670461268328.57,,0.0,-86.5,84.0,0.0,-86.5,,548309.1630454762,62273.51712971595,283057.88677217526,62273.517129715954,,0.0,62273.51712971595,,,23410.8227352209,0.0,-86.5,130961.64081785994,548309.1630454762,,700.2,1.0000000000000002,,0.0,0.0,1.0,0.9141196013289035,1.0,0.9527077788181884,0.23683228225051317,0.23683228225051317,0.23683228225051334,,0.0,0.0,0.0,,,,,,0.9999999999999999,0.0,0.0,0.9999999999999999,0.9999999999999999,0.0,1.7989613876709183,0.5877737325567178,3,1.5656478405315615,0.9762713855840285,4,0,0.4045146161121234,0.6486544257630211,3,0,0.5591599430469864,1.0,1,1.2583057392117916,0.8741694260788209,2.75,2.0869565217391304,0.7995847130394105,2,gaus,0.8392857142857143,1.0,0.11249999999999998,1,1.75,1.0,,,0.0,0.023680900627660595,0.9834913041023429,0.8933441558441566,0.9852140990123903,0.9527077788181884,0.44417260448828944,0.44417260448828944,0.4441726044882892,,0.0,0.08447534618800923,0.2176000580943101,,,,,0.16666666666666669,,0.9908869900989732,0.6532258064516129,0.8265306122448979,0.9939002826416885,0.9939002826416885,0.6982758620689654,2.0839064688823496,0.6962706288984934,4,1.5550094043076206,0.9337002790663751,2,1.4142135623730951,0.9292893218813453,3.0,2.6666666666666665,0.8896446609406726,1,1.0,1.0,0.0,3,1.5,1,127.0,False,0.0,,1.0,0.0,,0.9999999999999999,0.02874899836235767,,0.0,0.9064109124934145,1.0,1.0,0.0,0.2024827552275945,0.9644634486511257,0.836606952953647,0.836606952953647,0.8366057064022983,,0.010293663106012638,0.2901240901100403,0.5425380012761242,,,,,0.2127659574468085,,0.9999999999999999,0.3584905660377359,0.3438914027149322,1.0,1.0,0.2989690721649483,2.5789011898212837,0.8022352505509418,2,1.7428232578464522,1.0,1,0.7071067811865476,0.9973907498849205,1.5,1.3333333333333333,0.9959278472671835,1,234.5,267.5,94.37463339569288,8,0.8849056603773585,0.8518081873768393,0.12502358152279724,8,2.75,2
coif16,1.0,smooth,9.788934116502726e-26,312.7570350792564,1967324067.0597396,0.5698602794411177,412.5103692073784,907,raw,2.303285578924548e-13,-1.0312919407340444e-09,4.840839126841633,9498472.826648101,0.9982385105640534,4.293740082320343e-06,1.0,708.0000000000002,,,,[],[],15,954.0000000000001,53.999999999999886,1308.0000000000005,"[9, 84, 164, 254, 330, 397, 444, 513, 572, 617, 680, 734, 786, 857, 902]","[1308.0000000000005, 1249.9999999999998, 1210.0000000000007, 1076.9999999999995, 1165.0000000000005, 448.99999999999943, 1284.000000000001, 1197.0000000000005, 1067.0000000000007, 53.999999999999886, 1222.9999999999998, 675.9999999999995, 1013.9999999999999, 1115.0, 221.0]","[2, 35, 139, 245, 317, 139, 139, 489, 558, 616, 527, 730, 762, 762, 901]","[527, 139, 317, 279, 351, 398, 527, 527, 665, 631, 870, 737, 797, 870, 906]",462857712.0,1359.0000000000005,-1359.0000000000005,0.0,,,,DWT,mdp.39015056038071,0.0,,0.0,-68.5,115.0,0.0,-68.5,,4.547473508864641e-13,414.03846153846166,55885.0,414.6025641025642,,0.0,414.03846153846166,,,49.999999999999886,0.0,-77.5,4.547473508864641e-13,4.547473508864641e-13,,2.2737367544323206e-13,2.494548047668085e-13,7.493262099086956e-26,0.9459329083094115,0.001587029093183645,0.8119762126780184,0.29075092198504254,0.7966629634775461,2.8628178616061604e-09,4.4533652405009227e-10,4.4533652405009227e-10,4.3628544367275983e-10,,4.0193206593759645e-12,0.9999999995546631,1.2498511061392588e-13,,,,,,0.0,0.6666666666666666,0.25,9.007406957399896e-14,9.007406957399896e-14,0.0,0.5916666677030393,0.1785889038869746,502,1.4093069200563582,0.9062379249531399,15,0,0.1474358977242639,0.17746830058736413,503,0,0.4067014336490646,0.8979036460133413,22,279.4524407956865,0.7070729132120686,260.5,34.45266731525312,0.7170060582831831,256,coif,0.656488627860972,0.9557749009341453,0.253725490217076,4,193.0,2.4945480476680837e-13,0.00022537827079399664,7.493262099086956e-26,0.9459329083094112,0.001587029093183645,0.8123043523520787,0.6578238871095018,0.7972928027306723,0.9837415452947171,9.579992354957767e-11,9.579992354957767e-11,9.429501623969827e-11,,1.062180169322108e-12,0.9999999999959025,1.0070232967219702e-13,,,,,1.0,,0.0,0.2647058823529412,0.06617647058823523,9.007406957399896e-14,9.007406957399896e-14,0.0,1.2282106989668697,0.4447326713318267,434,1.5566197251256608,0.9135486100356078,15,296.2777413171634,0.8447181649281115,224.5,28.997772828507795,0.8635278455667811,111,0.6279687653129211,0.9042874265066404,0.2891356363289631,6,84.75,111,,,,,,,,1.9624023846647273e-18,0.05136027697297241,7.430393514284913e-26,0.9649639472665679,0.0006214741709645866,0.10283964595343549,0.3768513790837557,0.9999999999999999,0.8434452390710211,0.0005941450834275953,2.4279623450640386e-15,2.4279623450640386e-15,2.3863289816405953e-15,,3.3426278408861603e-18,0.04233831474415694,1.883893003285496e-18,,,,,0.8723404255319149,,0.0,0.5283018867924528,0.4253393665158371,8.293630337320258e-19,8.293630337320258e-19,0.48453608247422675,0.5625549129355493,0.174997546749276,49,1.5342356587759431,0.8803162637798088,12,26.16295090390226,0.9034577457420581,30.5,19.278688524590166,0.8954558101404018,3,173.0,189.0,76.50662166044674,20,0.6528301886792452,0.6905347800999774,0.33585843389453507,6,3.75,3
db33,1.0,smooth,4.585762726860046e-26,316.05027333433304,1604921075.7390416,0.5699588477366255,436.12340032063486,907,raw,1.558806985243051e-13,-9.187963723178524e-10,4.834324957511932,7981986.701263771,0.9978340249888791,4.293740082320343e-06,1.0,708.0000000000002,,,,[],[],15,954.0,53.99999999999977,1308.0000000000005,"[9, 84, 164, 254, 330, 397, 444, 513, 572, 617, 680, 734, 786, 857, 902]","[1308.0000000000005, 1249.9999999999998, 1209.9999999999995, 1077.0, 1165.0000000000007, 449.0000000000001, 1284.0, 1197.0, 1067.0000000000002, 53.99999999999977, 1223.0000000000002, 675.9999999999999, 1014.0000000000001, 1114.9999999999998, 220.99999999999966]","[2, 35, 139, 174, 317, 139, 139, 489, 558, 616, 665, 730, 762, 762, 901]","[870, 139, 317, 282, 351, 398, 870, 665, 665, 631, 870, 737, 797, 870, 906]",462857712.0,1359.0000000000002,-1359.0000000000002,0.0,,,,DWT,mdp.39015056038071,0.0,,0.0,-77.5,115.0,0.0,-68.5,,2.2737367544323206e-13,414.03846153846155,55885.0,414.60256410256414,,0.0,414.03846153846155,,,49.99999999999977,0.0,-73.0,4.547473508864641e-13,2.2737367544323206e-13,,2.2737367544323206e-13,1.5649904893873691e-13,3.358521099252555e-26,0.9583395034238861,0.0,0.6583082219258868,0.29291279051271035,0.6681728511263668,2.8623401679866697e-09,4.4533174909138267e-10,4.4533174909138267e-10,4.362830552139301e-10,,4.0193206593759645e-12,0.9999999995546631,1.2498511061392588e-13,,,,,,0.0,0.33333333333333337,0.5,4.503703478699948e-14,4.503703478699948e-14,0.0,0.583333334369541,0.1760735672168663,578,1.288592069672953,0.8286136871340911,63,0,0.1410256413139629,0.16975228753338617,580,0,0.36824762385557236,0.8130064384798326,57,299.65591378557286,0.685895268568582,319.5,108.48599926762634,0.6754948040956117,345,db,0.7310736328536972,1.0,0.18824845700241194,6,260.25,1.564990489387369e-13,0.00022537827079399664,3.358521099252555e-26,0.9583395034238859,0.0,0.6589045434354319,0.6588668772131309,0.6692006902607809,0.9837415452947094,9.579881332655305e-11,9.579881332655305e-11,9.429446112818596e-11,,1.062180169322108e-12,0.9999999999959025,1.0070232967219702e-13,,,,,1.0,,0.0,0.13235294117647056,0.13235294117647056,4.503703478699948e-14,4.503703478699948e-14,0.0,1.2215930519080254,0.4423364343857663,660,1.4357506142428973,0.8426129753003647,130,374.7665940288702,0.8035814496704035,395.0,217.21518987341773,0.7982791944368789,147,0.5932924258364,0.7822905243672058,0.35000814460435825,3,111.0,147,,,,,,,,1.1977257225750982e-18,0.05136027697297241,3.2956525144505124e-26,0.9739021315054793,0.0,0.08341872403641676,0.3774823421846488,0.9999999999999999,0.7078868923689189,0.0005941450834275906,2.426444462022559e-15,2.426444462022559e-15,2.385461619902607e-15,,3.3426278408861603e-18,0.04233831474415694,1.883893003285496e-18,,,,,0.8723404255319149,,0.0,0.44339622641509435,0.4660633484162896,4.146815168660129e-19,4.146815168660129e-19,0.48453608247422675,0.5581367450878587,0.17362315908205647,102,1.4756064178348147,0.8466758813272733,111,6.363961030678928,0.9765167489642844,106.5,106.30985915492958,0.7917639095374928,4,148.9857142857143,151.0,69.14372614651623,70,0.5622102425876011,0.6240786312822121,0.4192292408040156,4,4.0,4
coif17,1.0,smooth,9.437673381132508e-26,312.91573970255297,2339990563.6954546,0.5704365079365079,412.47533938997327,907,raw,2.2444180533454165e-13,-9.874825401823356e-10,4.85750703586142,11249845.04818594,0.9985234653728813,4.293740082320343e-06,1.0,708.0000000000001,,,,[],[],15,954.0,53.999999999999545,1308.000000000001,"[9, 84, 164, 254, 330, 397, 444, 513, 572, 617, 680, 734, 786, 857, 902]","[1308.000000000001, 1249.9999999999995, 1210.0000000000005, 1076.9999999999998, 1165.0000000000007, 449.00000000000045, 1284.0000000000002, 1196.9999999999993, 1066.9999999999998, 53.999999999999545, 1223.0, 676.0000000000005, 1014.0000000000002, 1115.0, 221.00000000000045]","[2, 35, 139, 174, 317, 139, 139, 489, 558, 616, 665, 730, 762, 762, 901]","[665, 139, 317, 282, 351, 398, 665, 665, 665, 631, 870, 737, 797, 870, 906]",462857712.0,1359.000000000001,-1359.000000000001,0.0,,,,DWT,mdp.39015056038071,0.0,,0.0,-77.5,115.0,0.0,-68.5,,9.094947017729282e-13,414.03846153846155,55885.0,414.6025641025642,,0.0,414.03846153846155,,,49.999999999999545,0.0,-73.0,9.094947017729282e-13,9.094947017729282e-13,,1.1368683772161603e-13,2.42104592980494e-13,7.214129997642386e-26,0.9465307952072088,0.005647785760396706,0.9699961880373545,0.30338916679298644,0.9450547026087562,2.861384780747689e-09,4.4533174909138267e-10,4.4533174909138267e-10,4.3628544367275983e-10,,2.0096603296879822e-12,0.9999999995546631,2.4997022122785176e-13,,,,,,0.0,0.33333333333333337,0.5,1.801481391479979e-13,1.801481391479979e-13,0.0,0.5833333343683671,0.17607356721651193,598,1.5551180117839707,1.0,1,0,0.14102564131376535,0.1697522875331484,602,0,0.45294551977242076,1.0,1,345.8366666506026,0.6374877708064963,300.5,1.996672176064072,0.6612491264933948,378,coif,0.656488627860972,0.9557749009341453,0.253725490217076,4,284.5,2.42104592980494e-13,0.00022537827079399664,7.214129997642386e-26,0.9465307952072087,0.005647785760396817,0.9700485507794215,0.663921188630491,0.9452248964193065,0.9837415452946938,9.579881332655305e-11,9.579881332655305e-11,9.429501623969827e-11,,5.31090084661054e-13,0.9999999999959025,2.0140465934439403e-13,,,,,1.0,,0.0,0.13235294117647056,0.13235294117647056,1.801481391479979e-13,1.801481391479979e-13,0.0,1.2215930519078593,0.4423364343857062,677,1.6994926928954643,0.9973978630104985,2,477.29707730091957,0.7498442991085328,339.5,3.988217967599411,0.7859546443131762,156,0.6279687653129211,0.9042874265066404,0.2891356363289631,6,118.5,156,,,,,,,,1.9019377543215957e-18,0.05136027697297241,7.151261412840344e-26,0.9653946877878178,0.0022116500499601566,0.12281058191584458,0.3805399781043766,0.9999999999999999,1.0,0.0005941450834275812,2.426444462022559e-15,2.426444462022559e-15,2.3863289816405953e-15,,1.6713139204430802e-18,0.04233831474415694,3.767786006570992e-18,,,,,0.8723404255319149,,0.0,0.44339622641509435,0.4660633484162896,1.6587260674640517e-18,1.6587260674640517e-18,0.48453608247422675,0.5581367450878587,0.17362315908205647,101,1.6093720029892356,0.9234281191415141,2,70.0035713374682,0.7416842386071284,51.5,3.9223300970873787,0.7758236691190623,5,173.0,189.0,76.50662166044674,20,0.6528301886792452,0.6905347800999774,0.33585843389453507,6,5.25,5
coif15,1.0,smooth,7.147970161730894e-26,314.12256182533264,1633809451.6695387,0.570281124497992,412.91208871772,907,raw,1.975780803206127e-13,-9.45887368430939e-10,4.835817627891929,7932502.373973809,0.9978751442660977,4.293740082320343e-06,1.0,708.0000000000003,,,,[],[],15,954.0000000000001,53.99999999999977,1308.0000000000005,"[9, 84, 164, 254, 330, 397, 444, 513, 572, 617, 680, 734, 786, 857, 902]","[1308.0000000000005, 1250.0000000000002, 1210.0, 1076.9999999999998, 1165.0000000000007, 448.9999999999998, 1284.0000000000005, 1197.0, 1067.0, 53.99999999999977, 1222.9999999999998, 675.9999999999997, 1013.9999999999999, 1114.9999999999998, 220.99999999999966]","[2, 35, 139, 245, 317, 139, 139, 489, 558, 616, 595, 730, 730, 730, 901]","[139, 139, 317, 279, 351, 398, 595, 595, 595, 631, 870, 737, 797, 870, 906]",462857712.0,1359.0000000000005,-1359.0000000000005,0.0,,,,DWT,mdp.39015056038071,0.0,,0.0,-59.5,115.0,0.0,-68.5,,4.547473508864641e-13,414.03846153846166,55885.0,414.6025641025641,,0.0,414.03846153846166,,,49.99999999999977,0.0,-77.5,4.547473508864641e-13,4.547473508864641e-13,,3.410605131648481e-13,2.085624886913872e-13,5.394599355703869e-26,0.9510772483614675,0.0003636551645638253,0.6705576205005344,0.29998118896687254,0.6639801014093206,2.8623401679866697e-09,4.4533652405009227e-10,4.4533652405009227e-10,4.362806667551004e-10,,6.028980989063947e-12,0.9999999995546631,1.2498511061392588e-13,,,,,,0.0,1.0,0.25,9.007406957399896e-14,9.007406957399896e-14,0.0,0.6250000010372327,0.18865025056746831,195,1.2916915029999694,0.8306067405895398,62,0,0.173076923365407,0.20833235280320253,197,0,0.36942283062899534,0.815601025956961,55,79.44127810317924,0.9167282200176319,127.25,89.85695238176899,0.8916712378914156,41,coif,0.656488627860972,0.9557749009341453,0.253725490217076,4,31.75,2.0856248869138716e-13,0.00022537827079399664,5.394599355703869e-26,0.9510772483614672,0.0003636551645639363,0.6711325643231763,0.6622770150368918,0.6650209276433575,0.9837415452947094,9.579992354957767e-11,9.579992354957767e-11,9.429390601667365e-11,,1.5932702539831621e-12,0.9999999999959025,1.0070232967219702e-13,,,,,1.0,,0.0,0.3970588235294118,0.06617647058823523,9.007406957399896e-14,9.007406957399896e-14,0.0,1.2414459930847799,0.44952514522402764,170,1.437381249314151,0.843569962018941,123,33.23401871576773,0.9825817511971867,146.5,142.73037542662115,0.9528998902736457,64,0.6279687653129211,0.9042874265066404,0.2891356363289631,6,49.5,64,,,,,,,,1.6260122441821707e-18,0.05136027697297241,5.331730770901825e-26,0.9686701260165492,0.00014240589090969147,0.08496683182441013,0.37954532545579045,0.9999999999999999,0.7034634997095282,0.0005941450834275906,2.4279623450640386e-15,2.4279623450640386e-15,2.3848110985991156e-15,,5.0139417613292405e-18,0.04233831474415694,1.883893003285496e-18,,,,,0.8723404255319149,,0.0,0.6132075471698113,0.4253393665158371,8.293630337320258e-19,8.293630337320258e-19,0.48453608247422675,0.5710454789732851,0.17763876130975878,16,1.4723683076256084,0.8448179131169986,114,69.29646455628166,0.7442934887222079,65.0,28.06153846153846,0.7522205450991113,6,173.0,189.0,76.50662166044674,20,0.6528301886792452,0.6905347800999774,0.33585843389453507,6,6.0,6
db32,1.0,smooth,4.640858094496752e-26,315.99840624451093,1467652709.6373312,0.5721649484536082,436.9743520468463,907,raw,1.5740049224798198e-13,-9.125915578778262e-10,4.837290002528092,7316512.759841886,0.997698314155491,4.293740082320343e-06,1.0,708.0000000000002,,,,[],[],15,954.0,53.999999999999886,1307.9999999999998,"[9, 84, 164, 254, 330, 397, 444, 513, 572, 617, 680, 734, 786, 857, 902]","[1307.9999999999998, 1250.0, 1209.9999999999995, 1077.0, 1164.9999999999995, 448.9999999999998, 1284.0, 1196.9999999999998, 1067.0000000000002, 53.999999999999886, 1223.0000000000007, 675.9999999999998, 1014.0000000000003, 1115.0000000000002, 221.00000000000023]","[2, 35, 139, 245, 317, 139, 139, 489, 558, 616, 595, 730, 730, 730, 901]","[870, 139, 317, 279, 351, 398, 870, 595, 595, 631, 870, 737, 797, 870, 906]",462857712.0,1358.9999999999998,-1358.9999999999998,0.0,,,,DWT,mdp.39015056038071,0.0,,0.0,-68.5,115.0,0.0,-68.5,,2.2737367544323206e-13,414.03846153846155,55885.0,414.6025641025641,,0.0,414.03846153846155,,,49.999999999999886,0.0,-77.5,2.2737367544323206e-13,2.2737367544323206e-13,,2.2737367544323206e-13,1.5839666662024116e-13,3.4023030657512756e-26,0.9581441048728712,0.0007223657330782673,0.6001029793703376,0.3412985283845043,0.6117880151105348,2.8628178616061604e-09,4.4533174909138267e-10,4.4533174909138267e-10,4.362806667551004e-10,,4.0193206593759645e-12,0.9999999995546631,6.249255530696294e-14,,,,,,0.0,0.6666666666666666,0.25,4.503703478699948e-14,4.503703478699948e-14,0.0,0.5916666677029857,0.17858890388695842,505,1.2565337528734937,0.8079989707225159,76,0,0.14743589772425106,0.17746830058734864,507,0,0.3588651419244978,0.7922920666150027,64,251.77370792042603,0.7360862600414821,288.0,122.19158173660301,0.717099733794326,255,db,0.7310736328536972,1.0,0.18824845700241194,6,192.75,1.5839666662024114e-13,0.00022537827079399664,3.402303065751275e-26,0.9581441048728709,0.0007223657330782673,0.6008008808426777,0.6822105010788779,0.6129905070460873,0.9837415452947171,9.579881332655305e-11,9.579881332655305e-11,9.429390601667365e-11,,1.062180169322108e-12,0.9999999999959025,5.035116483609851e-14,,,,,1.0,,0.0,0.2647058823529412,0.06617647058823523,4.503703478699948e-14,4.503703478699948e-14,0.0,1.2282106989668258,0.44473267133181077,437,1.3937961029428723,0.8179907217954074,335,72.12489168102785,0.9621986940875116,386.0,379.2616580310881,0.8799463072114706,107,0.5932924258364,0.7822905243672058,0.35000814460435825,3,81.0,107,,,,,,,,1.2133359872831682e-18,0.05136027697297241,3.3394344809492324e-26,0.9737613589379156,0.0002828754980146453,0.07606260865220635,0.3916042070510213,0.9999999999999999,0.6484003294769439,0.0005941450834275953,2.426444462022559e-15,2.426444462022559e-15,2.3848110985991156e-15,,3.3426278408861603e-18,0.04233831474415694,9.41946501642748e-19,,,,,0.8723404255319149,,0.0,0.5283018867924528,0.4253393665158371,4.146815168660129e-19,4.146815168660129e-19,0.48453608247422675,0.5625549129355493,0.174997546749276,54,1.4538394551409375,0.8341863976140631,121,47.37615433949868,0.8251802422896728,87.5,74.67428571428572,0.7511510067536925,7,148.9857142857143,151.0,69.14372614651623,70,0.5622102425876011,0.6240786312822121,0.4192292408040156,4,6.25,7
dmey,1.0,smooth,1.2584032203833493,61.66619092444061,263521346.4492801,0.5723140495867769,416.7164777788254,907,raw,0.8008956379834005,,5.819824485943593,1396941.3933252052,0.9875317397074809,4.276113491898173e-06,0.9999968338136507,708.0565701755875,,,,[],[],15,956.2741972655682,54.23799111555513,1308.5694181509857,"[9, 84, 164, 254, 330, 397, 444, 513, 572, 617, 680, 734, 786, 857, 902]","[1308.5694181509857, 1253.1383300076795, 1213.2735478429859, 1079.1246858453997, 1166.7770585421108, 451.0479945164732, 1287.7346726428002, 1200.5941131709376, 1069.336893332859, 54.23799111555513, 1226.9103314807976, 677.4946467777902, 1016.2929777452863, 1117.9566478268905, 221.6236499849732]","[2, 35, 139, 174, 317, 317, 317, 489, 558, 616, 665, 730, 730, 730, 901]","[665, 317, 317, 282, 351, 398, 665, 665, 665, 631, 870, 737, 797, 870, 906]",463402595.7290919,1364.0485933747323,-1364.0485933747323,0.0,,,,DWT,mdp.39015056038071,544883.7290918827,,0.0,-77.5,115.0,0.0,-68.5,,5.048593374732263,416.31265880402975,55850.887041016475,416.86699763005834,,0.0,416.31265880402975,,,50.23799111555513,0.0,-68.5,0.5694181509857117,5.048593374732263,,0.05657017558746702,1.0,1.0,0.0,0.24009452990555102,0.08952097090399307,0.3445687183129834,0.11022959184320187,1.0,0.095518516556633,0.095518516556633,0.09514744866262935,,0.9999999999999999,0.9044814834433546,0.15650182556928166,,,,,,1.0,0.33333333333333337,0.75,1.0,1.0,0.0,2.4246803323724206,0.7318664823823259,5,1.246727074467246,0.8016929037025617,86,0,0.5715770095478356,0.6880061240510781,3,0,0.3977734015665328,0.8781925953620011,24,38.83726732577014,0.959290076178438,29.5,6.818632309217047,0.9641838221563049,11,dmey,0.008189580066213627,0.010752137686563511,0.9910416526476813,1,8.5,0.9999999999999999,1.19198868847592e-06,1.0,0.0,0.24009452990555114,0.0911099416193545,0.6837881991158954,0.11298566785823354,1.0,0.020547745928522487,0.020547745928522487,0.020564340443210982,,0.2642685815187039,0.9991211683251904,0.1260958073754945,,,,,1.0,,1.0,0.13235294117647056,0.19852941176470584,1.0,1.0,0.0,2.346328963593889,0.8496010893571397,14,1.3843121401487108,0.8124247759909263,418,285.6711395993652,0.8502771805034773,216.0,27.092592592592595,0.868534816666833,109,0.019560687868157237,0.059367658223683034,0.968497221025185,1,82.0,109,,,,,,,,8.226243283997884e-06,0.05114755701795359,1.0,0.2834778075073563,0.09402004636653605,0.011534054135904625,0.3925586449140899,0.9999969441974071,0.11925120361419513,0.0006039646147602689,3.075695569822808e-05,3.075695569822808e-05,3.062514149045504e-05,,8.316400019214025e-07,0.042301106492275045,2.3589425391805546e-06,,,,,0.8723404255319149,,2.4034964381298424e-08,0.44339622641509435,0.5067873303167421,9.207567035157386e-06,9.207567035157386e-06,0.48453608247422675,0.5622264170627935,0.17489535944181914,73,1.442933186824282,0.8279285810124348,126,37.476659402887016,0.8617097439007859,99.5,92.44221105527639,0.747275536157035,8,129.27777777777777,132.5,110.79329219213247,18,0.48784067085953875,1.0,0.35851153039832284,5,7.25,8
rbio3.1,1.0,periodic,3.195808598404783e-26,317.61858152568277,55981464.17211519,0.6021978021978022,759.6653388030319,907,raw,1.4062204787847546e-13,-7.896644449445578e-10,8.938577940933001,143561.8735288612,0.5241606282710635,4.293740082320346e-06,1.0,707.9999999999999,,,,[],[],15,953.9999999999998,53.999999999999886,1307.9999999999995,"[9, 84, 164, 254, 330, 397, 444, 513, 572, 617, 680, 734, 786, 857, 902]","[1307.9999999999995, 1249.9999999999998, 1209.9999999999995, 1076.9999999999995, 1164.9999999999998, 448.9999999999999, 1283.9999999999998, 1196.9999999999998, 1066.9999999999998, 53.999999999999886, 1223.0, 675.9999999999998, 1013.9999999999998, 1114.9999999999998, 221.0000000000001]","[2, 35, 139, 245, 317, 317, 317, 489, 558, 616, 665, 730, 730, 730, 901]","[665, 317, 317, 282, 351, 398, 665, 665, 665, 631, 870, 737, 797, 870, 906]",462857712.0,1358.9999999999995,-1358.9999999999995,0.0,,,,DWT,mdp.39015056038071,0.0,,0.0,-77.5,115.0,0.0,-68.5,,4.547473508864641e-13,414.0384615384613,55885.0,414.60256410256386,,0.0,414.0384615384613,,,49.999999999999886,0.0,-68.5,4.547473508864641e-13,4.547473508864641e-13,,1.1368683772161603e-13,1.3744706523178296e-13,2.253983137221721e-26,0.9642477806992383,0.9999078256649512,0.0015188366107808642,1.0,0.004032197339190593,2.8628178616061604e-09,4.453221991739635e-10,4.453221991739635e-10,4.3627111291978147e-10,,2.0096603296879822e-12,0.9999999995546631,1.2498511061392588e-13,,,,,,0.0,0.33333333333333337,0.75,9.007406957399896e-14,9.007406957399896e-14,0.0,0.6083333343686883,0.1836195772267845,287,1.4808748784931265,0.9522588429120724,5,0,0.16025641054461878,0.19290032669502252,287,0,0.4242438057591856,0.936633187082508,14,160.25682512766812,0.8320159065747714,148.25,14.367959949937424,0.8383087918618092,87,rbio,0.6930940349654412,0.9909695410261004,0.21754331321636106,5,66.5,1.3744706523178294e-13,0.00022537827079399664,2.2539831372217207e-26,0.9642477806992382,0.9999078256649512,0.0032613889132108585,1.0,0.00711722123692117,0.9837415452947171,9.579670390280626e-11,9.579670390280626e-11,9.429179659292686e-11,,5.31090084661054e-13,0.9999999999959025,1.0070232967219702e-13,,,,,1.0,,0.0,0.13235294117647056,0.19852941176470584,9.007406957399896e-14,9.007406957399896e-14,0.0,1.2282106989666015,0.4447326713317296,448,1.483047777684672,0.8703707232097793,26,298.3990616607231,0.8436063618130383,237.0,49.14767932489451,0.8596962626675254,112,0.5849954903509885,0.970216713839344,0.2994381426025048,4,85.0,112,,,,,,,,1.0409994695589296e-18,0.05136027697297241,2.191114552419678e-26,0.9781586797634345,0.3915598583952053,0.00041213752676354275,0.583852864994032,0.9999999999999999,0.007211896000479166,0.0005941450834275953,2.4234086959395995e-15,2.4234086959395995e-15,2.381775332516156e-15,,1.6713139204430802e-18,0.04233831474415694,1.883893003285496e-18,,,,,0.8723404255319149,,0.0,0.44339622641509435,0.5067873303167421,8.293630337320258e-19,8.293630337320258e-19,0.48453608247422675,0.5622091432779039,0.1748899859753197,81,1.4347151933087412,0.8232132471548321,129,33.94112549695428,0.8747559944761835,105.0,99.51428571428572,0.7436510599687189,9,88.75641025641026,82.5,49.40797188357043,78,0.3349298500241897,0.445947321412649,0.6317649085592725,2,7.25,9
dmey,1.0,antisymmetric,1.061897508384299,62.40356311682948,57543928.9514433,0.5692148760330579,450.5683596244045,907,raw,0.7820189312032566,,8.742829339108724,214911.17599805456,0.913501077660277,4.276200003144097e-06,0.9999978496026507,708.0565701755875,,,,[],[],15,956.4115748372844,54.23799111555513,1311.1529244866335,"[9, 84, 164, 254, 330, 397, 444, 513, 572, 617, 680, 734, 786, 857, 902]","[1311.1529244866335, 1253.1383297136692, 1213.2735478429859, 1079.1246858453997, 1166.7770585421108, 451.0479945164732, 1287.7346726428002, 1200.5941131709376, 1069.336893332859, 54.23799111555513, 1226.9103313780513, 677.4946467777902, 1016.2929777452863, 1117.9566478268932, 221.10080762182236]","[2, 35, 139, 174, 317, 317, 317, 489, 558, 616, 665, 730, 730, 730, 901]","[665, 317, 317, 282, 351, 398, 665, 665, 665, 631, 870, 737, 797, 870, 906]",463377159.16212416,1362.5370283312286,-1362.5370283312286,0.0,,,,DWT,mdp.39015056038071,519447.16212415695,,0.0,-77.5,115.0,0.0,-68.5,,3.537028331228612,416.450036375746,55848.82637744073,417.00437520177456,,0.0,416.450036375746,,,50.23799111555513,0.0,-68.5,3.1529244866335375,3.537028331228612,,0.05657017558746702,0.9764305036949948,0.8438451930064288,0.0027778974769100406,0.9522181341138427,0.0021813610076831316,0.2765954847996279,0.01007754106966588,1.0,0.10128850933429538,0.10128850933429538,0.10091980860767728,,0.9999999999999999,0.8987114906656931,0.8665660502498111,,,,,,0.9533174407499394,0.33333333333333337,0.75,0.7005967937388476,0.7005967937388476,0.0,2.638918589844475,0.7965322438001936,2,1.392771963306982,0.8956053191804063,20,0,0.5774322099809799,0.6950540173152536,2,0,0.43773230216702197,0.9664126987876102,3,8.845903006477066,0.9907275649827284,6.75,2.891566265060241,0.9918260466423077,2,dmey,0.008189580066213627,0.010752137686563511,0.9910416526476813,1,1.75,0.9764305036949946,2.2922941995129342e-06,0.8438451930064288,0.0027778974769100406,0.9522181341138427,0.003922757070560926,0.6509946184893336,0.013143839432465823,1.0,0.021788974853330312,0.021788974853330312,0.021811928021640115,,0.2642685815187039,0.9990680806873247,0.6982049273416975,,,,,1.0,,0.9533174407499394,0.13235294117647056,0.19852941176470584,0.7005967937388476,0.7005967937388476,0.0,2.4903734312569794,0.9017593069563379,11,1.5446295218476833,0.906511802418541,17,4.242640687119285,0.9977763937698536,14.0,13.357142857142858,0.9952194337822015,3,0.019560687868157237,0.059367658223683034,0.968497221025185,1,2.5,3,,,,,,,,8.03235487331162e-06,0.05114860104677044,0.8438451930064288,0.2854791107832616,0.37288476816051785,0.0004958689175195605,0.37271997218888686,0.9999979245726339,0.01358979377295028,0.0006039646147602689,3.261489298047064e-05,3.261489298047064e-05,3.2483092947194247e-05,,8.316400019214025e-07,0.04229885885115405,1.3061697596869358e-05,,,,,0.8723404255319149,,2.2912950732495364e-08,0.44339622641509435,0.5067873303167421,6.450791942966772e-06,6.450791942966772e-06,0.48453608247422675,0.5622312134965244,0.17489685149906858,70,1.4341549670471143,0.8228917996075237,130,42.42640687119285,0.8434449930952294,100.0,91.00000000000001,0.7372206515291645,10,129.27777777777777,132.5,110.79329219213247,18,0.48784067085953875,1.0,0.35851153039832284,5,8.75,10
bior1.1,1.0,constant,1.191406449110541e-26,320.4382382950869,48837427.869686276,0.5319383259911894,190.0670359496149,907,smoothed,8.631488271890613e-14,-9.683935875415273e-10,8.55658274377267,64669.92286207768,0.9664736704681117,8.290076994021377e-05,1.0,700.2000000000002,,,,[],[],15,859.5066666666668,37.0,1148.0,"[7, 57, 111, 162, 256, 302, 399, 446, 515, 567, 615, 681, 775, 825, 898]","[1136.2000000000003, 752.2000000000002, 880.6000000000001, 824.2000000000002, 812.0000000000001, 949.8000000000001, 1087.0000000000002, 947.5999999999999, 882.6000000000003, 37.0, 986.2, 1148.0, 801.6, 709.4000000000002, 938.2000000000002]","[1, 35, 35, 141, 175, 141, 319, 421, 456, 559, 597, 667, 730, 797, 872]","[137, 70, 137, 175, 281, 315, 525, 525, 525, 569, 663, 868, 868, 834, 904]",417881492.5600002,1148.0,-1148.0,0.0,,,,DWT,mdp.39015056038071,0.0,,0.0,-18.5,74.0,0.0,-18.5,,0.0,522.4864419475657,17102.199999999997,522.4864419475657,,0.0,522.4864419475657,,,35.60000000000001,0.0,-14.0,0.0,0.0,,1.1368683772161603e-13,6.940169589326154e-14,9.44829770785278e-27,0.9834692654610965,0.24171911347280017,0.09586926807093152,0.4401722546908642,0.03472506229657836,3.1801864014967905e-08,2.7587240781383177e-09,2.7587240781383177e-09,2.70393692912719e-09,,5.310900846610541e-13,0.9999999972412148,0.0,,,,,,0.0,1.0,0.9999999999999999,0.0,0.0,,0.7000000106278477,0.22470469478204677,23,0.9488346768435215,0.47422406844483195,366,0,0.2500000031054162,0.31986989599406873,35,0,0.25656499485604867,0.40939178546964455,354,191.22848462855458,0.7995508546870497,194.5,51.541882744327125,0.7978362239892272,160,bior,0.7117551471424625,1.0,0.20177139700027627,6,121.5,6.96390231049547e-14,0.9999999999713673,6.611692308144898e-27,0.9748702553549538,0.9068433901757283,0.00023742434908725885,0.25655670525560903,0.00045350275732235906,1.1201711780373103e-10,0.9798453157402713,0.9798453157402713,0.9797420659259185,,5.31090084661054e-13,0.0008620203395957593,0.0,,,,,0.0,,0.0,1.0,1.0,0.0,0.0,1.0,1.2822608194256069,0.46430411333085914,19,1.4412666436719836,0.8458502213255303,105,60.81118318204309,0.9681283107012353,62.0,32.17741935483871,0.967816775895691,52,0.624472043587361,0.8820529008810402,0.29825369922453526,5,40.25,52,,,,,,,,4.831940184120569e-19,0.9999999999729338,5.9830064601244746e-27,0.9858115155874375,0.35511620204362454,2.9293636054478434e-05,0.13410239760424997,0.9999999999999999,0.0001597626367250875,6.764967165484993e-14,0.001466684433777177,0.001466684433777177,0.0014590664654865516,,1.6713139204430802e-18,3.64964884538224e-05,0.0,,,,,0.0,,0.0,1.0,1.0,0.0,0.0,1.0,0.4013359788441595,0.12484614409188118,130,1.522764521280572,0.8737343356102562,65,45.96194077712559,0.8303987425198318,97.5,86.66666666666666,0.735310072366927,11,145.70212765957447,152.0,62.45900042832168,47,0.5498193496587716,0.5637435190571668,0.44600339952170986,3,9.0,11
haar,1.0,reflect,1.191406449110541e-26,320.4382382950869,48837427.869686276,0.5319383259911894,190.0670359496149,907,smoothed,8.631488271890613e-14,-9.683935875415273e-10,8.55658274377267,64669.92286207768,0.9664736704681117,8.290076994021377e-05,1.0,700.2000000000002,,,,[],[],15,859.5066666666668,37.0,1148.0,"[7, 57, 111, 162, 256, 302, 399, 446, 515, 567, 615, 681, 775, 825, 898]","[1136.2000000000003, 752.2000000000002, 880.6000000000001, 824.2000000000002, 812.0000000000001, 949.8000000000001, 1087.0000000000002, 947.5999999999999, 882.6000000000003, 37.0, 986.2, 1148.0, 801.6, 709.4000000000002, 938.2000000000002]","[1, 35, 35, 141, 175, 141, 319, 421, 456, 559, 597, 667, 730, 797, 872]","[137, 70, 137, 175, 281, 315, 525, 525, 525, 569, 663, 868, 868, 834, 904]",417881492.5600002,1148.0,-1148.0,0.0,,,,DWT,mdp.39015056038071,0.0,,0.0,-18.5,74.0,0.0,-18.5,,0.0,522.4864419475657,17102.199999999997,522.4864419475657,,0.0,522.4864419475657,,,35.60000000000001,0.0,-14.0,0.0,0.0,,1.1368683772161603e-13,6.940169589326154e-14,9.44829770785278e-27,0.9834692654610965,0.24171911347280017,0.09586926807093152,0.4401722546908642,0.03472506229657836,3.1801864014967905e-08,2.7587240781383177e-09,2.7587240781383177e-09,2.70393692912719e-09,,5.310900846610541e-13,0.9999999972412148,0.0,,,,,,0.0,1.0,0.9999999999999999,0.0,0.0,,0.7000000106278477,0.22470469478204677,20,0.9488346768435215,0.47422406844483195,370,0,0.2500000031054162,0.31986989599406873,36,0,0.25656499485604867,0.40939178546964455,337,188.52298710413714,0.8023868059705062,190.75,47.93413493368643,0.8012196084359868,149,haar,0.20269260143973739,0.048984396086595806,0.8434198601662051,2,112.25,6.96390231049547e-14,0.9999999999713673,6.611692308144898e-27,0.9748702553549538,0.9068433901757283,0.00023742434908725885,0.25655670525560903,0.00045350275732235906,1.1201711780373103e-10,0.9798453157402713,0.9798453157402713,0.9797420659259185,,5.31090084661054e-13,0.0008620203395957593,0.0,,,,,0.0,,0.0,1.0,1.0,0.0,0.0,1.0,1.2822608194256069,0.46430411333085914,27,1.4412666436719836,0.8458502213255303,108,57.27564927611035,0.9699813158930239,67.5,43.2,0.9673019787012289,53,0.4402126971521669,1.0,0.3918511119934831,2,40.25,53,,,,,,,,4.831940184120569e-19,0.9999999999729338,5.9830064601244746e-27,0.9858115155874375,0.35511620204362454,2.9293636054478434e-05,0.13410239760424997,0.9999999999999999,0.0001597626367250875,6.764967165484993e-14,0.001466684433777177,0.001466684433777177,0.0014590664654865516,,1.6713139204430802e-18,3.64964884538224e-05,0.0,,,,,0.0,,0.0,1.0,1.0,0.0,0.0,1.0,0.4013359788441595,0.12484614409188118,131,1.522764521280572,0.8737343356102562,64,47.37615433949868,0.8251802422896728,97.5,85.9897435897436,0.7327008222518474,12,51.44444444444444,40.0,53.647253217455386,9,0.19412997903563942,0.4842102997031884,0.7188459247640958,1,9.25,12
dmey,1.0,periodization,1.0047408772631305,62.643848418427865,53541774.09270499,0.5737885462555066,454.14308914676604,907,raw,0.7620610345902031,,8.649042223873153,102397.33653194255,0.8181862418709654,4.276058968394414e-06,0.9999980664990913,708.0565701755872,,,,[],[],15,956.5376413937072,54.23799111555513,1311.0603493123594,"[9, 84, 164, 254, 330, 397, 444, 513, 572, 617, 680, 734, 786, 857, 902]","[1311.0603493123594, 1253.138329980158, 1213.2735478429854, 1079.1246858453992, 1166.7770585421106, 451.0479945164733, 1287.7346726428002, 1200.5941131709378, 1069.3368933328593, 54.23799111555513, 1227.500275178642, 677.4946467777902, 1016.2929777452864, 1117.956647826893, 222.49443707535988]","[2, 35, 139, 174, 317, 317, 317, 489, 558, 616, 665, 730, 730, 730, 901]","[665, 317, 317, 282, 351, 398, 665, 665, 665, 631, 906, 737, 797, 906, 906]",463313329.03774166,1360.964644608457,-1360.964644608457,0.0,,,,DWT,mdp.39015056038071,455617.0377416611,,0.0,-86.5,115.0,0.0,-68.5,,1.9646446084570925,416.57610293216874,55846.93537909439,417.1304417581973,,0.0,416.57610293216874,,,50.23799111555513,0.0,-68.5,3.060349312359449,1.9646446084570925,,0.056570175587239646,0.9515110314610008,0.798425227294837,0.0036831227348442797,0.9293690381030943,0.0004843466050702999,0.37690840650435775,0.0005443738140806122,1.0,0.10658342837367552,0.10658342837367552,0.10621689991314895,,0.9999999999959804,0.8934165716263218,0.8411222112165647,,,,,,0.8361729547347728,0.0,0.75,0.38914692918030486,0.38914692918030486,0.0,2.4118297674570917,0.7279876627228264,6,1.3826261239375663,0.8890811587677977,26,0,0.4937222578919036,0.5942925123574745,6,0,0.437275078073898,0.9654032526772839,5,10.177589760514683,0.9893316669176995,10.75,6.995515695067265,0.9890316615510929,3,dmey,0.008189580066213627,0.010752137686563511,0.9910416526476813,1,2.5,0.9515110314610007,4.985237980759116e-07,0.798425227294837,0.0036831227348442797,0.9293690381030945,0.002228704302541671,0.6993904313082675,0.0036402012929081726,1.0,0.022928006897120157,0.022928006897120157,0.022956795177781486,,0.2642685815176417,0.9990193640328465,0.6777044544944396,,,,,1.0,,0.8361729547347728,0.0,0.19852941176470584,0.38914692918030486,0.38914692918030486,0.0,2.284738232930049,0.8272992072774206,15,1.5137295932565369,0.8883772597560018,19,2.8284271247461903,0.9985175958465691,17.0,16.764705882352942,0.9948038712985465,4,0.019560687868157237,0.059367658223683034,0.968497221025185,1,3.25,4,,,,,,,,7.827361232205953e-06,0.051146899021313974,0.798425227294837,0.28613126957932744,0.3639371546217626,0.00028139624794219233,0.40199730858951643,0.9999981339073453,0.003532207485923454,0.0006039646147602689,3.4319856551275106e-05,3.4319856551275106e-05,3.4188069525435206e-05,,8.316400019180599e-07,0.042296796270103465,1.2678184151979752e-05,,,,,0.8723404255319149,,2.0097387183655324e-08,0.3584905660377359,0.5067873303167421,3.5830964369533015e-06,3.5830964369533015e-06,0.48453608247422675,0.5537398103966726,0.17225537654833165,122,1.4104006514672291,0.8092620092814309,143,14.849242404917497,0.9452057475833303,132.5,131.66792452830188,0.7281379291422188,13,129.27777777777777,132.5,110.79329219213247,18,0.48784067085953875,1.0,0.35851153039832284,5,11.0,13
dmey,1.0,antireflect,1.0661542892372755,62.38618855007406,57103637.543281436,0.5733471074380165,461.38551425008535,907,raw,0.7793733748741534,,8.747619465112834,209097.08759450645,0.9101780363492215,4.276075949021693e-06,0.999997831210522,708.0565701755875,,,,[],[],15,977.808967696959,54.23799111555513,1311.6384121968829,"[9, 84, 164, 254, 330, 397, 444, 513, 572, 617, 680, 734, 786, 851, 898]","[1311.6384121968829, 1253.138330086332, 1213.2735478429859, 1079.1246858453997, 1166.7770585421108, 451.0479945164732, 1287.7346726428002, 1200.5941131709376, 1069.336893332859, 54.23799111555513, 1226.9103311945182, 677.4946467777902, 1016.2929777452863, 541.8018187573871, 1117.7310416870673]","[2, 35, 139, 174, 317, 317, 317, 489, 558, 616, 665, 730, 730, 730, 870]","[665, 317, 317, 282, 351, 398, 665, 665, 665, 631, 870, 737, 797, 853, 906]",463377771.34541225,1362.8174347185136,-1362.8174347185136,0.0,,,,DWT,mdp.39015056038071,520059.34541225433,,0.0,-77.5,115.0,0.0,-64.0,,3.8174347185135957,437.8474292354206,55527.86548454562,438.40176806144905,,0.0,437.8474292354206,,,50.23799111555513,0.0,-64.0,3.638412196882882,3.8174347185135957,,0.05657017558746702,0.9731272564257691,0.8472278773352878,0.0027124423842844747,0.9533851392903702,0.001994666367577947,0.36722646281743443,0.009584920095634709,1.0,1.0,1.0,1.0,,0.9999999999999999,0.0,1.0,,,,,,0.9544409525294482,0.33333333333333337,1.0,0.7561382815299601,0.7561382815299601,1.0,3.313009122210042,1.0,1,1.4303168247536757,0.9197480923733061,13,0,0.8307731422248231,1.0,1,0,0.450751252102337,0.9951555593900426,2,5.852349955359813,0.9938654612627256,4.25,1.552238805970149,0.9947052673189938,1,dmey,0.008189580066213627,0.010752137686563511,0.9910416526476813,1,1.0,0.9731272564257691,7.144943066084153e-07,0.8472278773352878,0.0027124423842844747,0.9533851392903703,0.0037363882504981155,0.6947193926580822,0.01265274435864282,1.0,0.2151179338755726,0.2151179338755726,0.21613128604348952,,0.2642685815187039,0.9907993580041787,0.8057146101447442,,,,,1.0,,0.9544409525294482,0.13235294117647056,0.2647058823529411,0.7561382815299601,0.7561382815299601,0.09000000000000002,2.7616830922018534,1.0,1,1.5634122016848904,0.9175349770456255,14,9.192388155425117,0.9951821865013495,7.5,1.8666666666666667,0.9956256844456433,1,0.019560687868157237,0.059367658223683034,0.968497221025185,1,1.0,1,,,,,,,,8.005181557647768e-06,0.051147103945702765,0.8472278773352878,0.2854319544384414,0.3733417626653501,0.00047227401001759977,0.3991715358224907,0.9999979068217157,0.013070073744938087,0.0006039646147602689,0.00032199993189275925,0.00032199993189275925,0.00032187033962362494,,8.316400019214025e-07,0.04194877506766144,1.5072939440800814e-05,,,,,0.8723404255319149,,2.2939954298097828e-08,0.44339622641509435,0.5475113122171946,6.962193915035817e-06,6.962193915035817e-06,0.5309278350515463,0.5756685777028502,0.17907689813418337,12,1.4467452566957573,0.8301158767432628,125,79.90306627407988,0.7051547369960152,68.5,21.897810218978105,0.7261936046603692,15,129.27777777777777,132.5,110.79329219213247,18,0.48784067085953875,1.0,0.35851153039832284,5,12.5,14
mexh,,,,-38.76266087571933,11354580739.303692,0.6314057765932511,680.5319382499315,907,raw,89395.03451439877,,15.192030424421823,768408.1596257559,0.013020972491467024,3.787905558966592e-08,0.06437877250940224,68730.43213021084,,,,[],[],9,72590.3389772802,8700.29797803532,242695.03742377515,"[89, 188, 346, 400, 474, 615, 720, 777, 857]","[242695.03742377515, 8700.29797803532, 13793.327604713304, 99564.18833801217, 15266.648960712831, 29801.443409334075, 16203.530376736831, 19198.84882542705, 208089.72787877504]","[0, 179, 282, 282, 458, 489, 489, 489, 489]","[489, 489, 352, 489, 489, 629, 729, 797, 906]",12701739554573.514,246026.9937812586,-246026.9937812586,0.0,,,,CWT,mdp.39015056038071,12701276696861.514,,0.0,-104.5,121.0,0.0,-103.0,,244667.9937812586,72050.37743881867,583118.0507955218,72050.37743881864,,0.0,72050.37743881867,,,8696.29797803532,0.0,-98.5,241387.03742377515,244667.9937812586,,68022.43213021084,0.904072738650698,,0.20723787370597269,0.8618847843895531,0.5412294405324047,0.0,0.22363202830834333,0.13993118932775211,0.9114579720338524,0.9114579720338524,0.9114579720338511,,1.0,0.5128923354378867,1.0,,,,,,0.5285760037590286,1.0,1.0,0.2576419189410683,0.2576419189410683,0.7741935483870968,3.0909211784810964,1.0,1,1.2668241974654193,0.7889505051534319,6,0,0.7021607736353899,1.0,1,0,0.41981159789182104,0.7320586424606683,3,2.362907813126304,0.7637092186873696,2.75,1.6,0.7443546093436848,1,mexh,0.16326530612244897,,,2,1.25,0.8884031908274472,,,0.28854256309100706,0.861884784389553,0.5436189350140129,0.22386363636363715,0.22827172395652484,0.14474623880790222,0.7555480808373465,0.7555480808373465,0.7555480808373451,,0.9233052565347624,0.5065758029696108,1.0,,,,,0.9375,,0.529758520979803,0.3629032258064516,0.5816326530612244,0.26542132311635885,0.26542132311635885,0.4137931034482758,2.861617672461037,0.9561179286228209,2,1.392411938911043,0.8360691660996548,10,5.656854249492381,0.717157287525381,6.0,3.3333333333333335,0.7085786437626904,6,0.7912087912087912,0.699537033774561,0.23629273602147788,2,5.0,5,127.0,False,0.20062431965577487,,0.625,0.1728985999458924,,0.9182036552833739,0.0,,0.010903668995391191,0.9881607450381662,0.6058961416580578,0.7708212405798662,0.09699763143971218,0.06306676210733332,0.35734105014695317,0.968832272156985,0.968832272156985,0.968832034373469,,1.0,0.6174106842778693,1.0,,,,,1.0,,0.5602566505607737,0.18867924528301888,0.23529411764705882,0.4462226974692489,0.4462226974692489,0.12886597938144329,3.2146445672266353,1.0,1,1.4513859949811236,0.8327786472017549,123,86.2670273047588,0.6816714859602997,62.0,1.9838709677419357,0.7264445990687107,14,14.0,14.0,,1,0.052830188679245285,,,9,12.75,15
dmey,1.0,symmetric,1.0048520096872484,62.643368080356225,57534645.24963239,0.5712809917355371,454.14308914676604,907,raw,0.7609802084933277,,8.743077853374182,102806.93725463326,0.8183430903947694,4.276019772085343e-06,0.9999980584016368,708.0565701755875,,,,[],[],15,956.5311646433704,54.23799111555513,1311.1871206255983,"[9, 84, 164, 254, 330, 397, 444, 513, 572, 617, 680, 734, 786, 857, 902]","[1311.1871206255983, 1253.1383300289249, 1213.2735478429859, 1079.1246858453997, 1166.7770585421108, 451.0479945164732, 1287.7346726428002, 1200.5941131709376, 1069.336893332859, 54.23799111555513, 1227.6399223970166, 677.4946467777902, 1016.2929777452863, 1117.9566478268885, 222.13086723993]","[2, 35, 139, 174, 317, 317, 317, 489, 558, 616, 665, 730, 730, 730, 901]","[665, 317, 317, 282, 351, 398, 665, 665, 665, 631, 906, 737, 797, 906, 906]",463310239.78139144,1360.7010337493962,-1360.7010337493962,0.0,,,,DWT,mdp.39015056038071,452527.7813914418,,0.0,-86.5,115.0,0.0,-68.5,,1.7010337493961742,416.56962618183195,55847.03253034945,417.1239650078604,,0.0,416.56962618183195,,,50.23799111555513,0.0,-68.5,3.1871206255982543,1.7010337493961742,,0.05657017558746702,0.9501615096935994,0.7985135395482688,0.003681313160343036,0.9522786789583794,0.0021774244844253473,0.32191097380852995,0.0005790788087368049,1.0,0.10631139850592403,0.10631139850592403,0.1059447584438265,,0.9999999999999999,0.8936886014940773,0.8759646937003838,,,,,,0.8305033849067879,0.0,0.75,0.33693221520071087,0.33693221520071087,0.0,2.405421492767611,0.7260533865246355,8,1.3725894373015561,0.8826271877122529,29,0,0.4878914358429495,0.5872739633064795,7,0,0.432757502637469,0.9554294804702007,8,10.677078252031311,0.9888080940754389,13.0,9.360230547550433,0.9875906298469438,5,dmey,0.008189580066213627,0.010752137686563511,0.9910416526476813,1,4.0,0.9501615096935994,0.0,0.7985135395482688,0.003681313160343036,0.9522786789583795,0.003918827417335263,0.6728570055737073,0.003674798788368509,1.0,0.022869488394016924,0.022869488394016924,0.02289797689203099,,0.2642685815187039,0.9990218668822719,0.7057775516853649,,,,,1.0,,0.8305033849067879,0.0,0.19852941176470584,0.33693221520071087,0.33693221520071087,0.0,2.2750026058573387,0.8237739559188557,17,1.5150768394659344,0.889167931287465,18,0.7071067811865476,0.9996293989616423,17.5,17.485714285714288,0.9952287456024145,2,0.019560687868157237,0.059367658223683034,0.968497221025185,1,1.75,2,,,,,,,,7.816259737830257e-06,0.05114642599522656,0.7985135395482688,0.28612996589284945,0.3729084772766432,0.0004953714104561846,0.3859457540056884,0.9999981260921949,0.0035688216005180518,0.0006039646147602689,3.423226295234797e-05,3.423226295234797e-05,3.410047525824098e-05,,8.316400019214025e-07,0.042296902236530196,1.3203362780425518e-05,,,,,0.8723404255319149,,1.9961119274782422e-08,0.3584905660377359,0.5067873303167421,3.1023259577646204e-06,3.1023259577646204e-06,0.48453608247422675,0.5537398547584351,0.17225539034822818,121,1.4086393809640703,0.8082514245906256,145,16.97056274847714,0.9373779972380918,133.0,131.91729323308272,0.7233015447445071,16,129.27777777777777,132.5,110.79329219213247,18,0.48784067085953875,1.0,0.35851153039832284,5,13.25,16
rbio3.5,1.0,periodic,7.475057420122151e-27,323.9282438039543,53649849.440549925,0.5915032679738562,659.4080568868693,907,raw,4.914407726776264e-14,-9.133276357431533e-10,8.861600870206747,114434.73270845761,0.6023039751211486,4.293740082320344e-06,1.0,708.0,,,,[],[],15,954.0,54.000000000000114,1308.0,"[9, 84, 164, 254, 330, 397, 444, 513, 572, 617, 680, 734, 786, 857, 902]","[1308.0, 1250.0, 1209.9999999999998, 1077.0, 1165.0, 448.9999999999999, 1284.0, 1197.0, 1067.0, 54.000000000000114, 1223.0000000000002, 675.9999999999999, 1014.0, 1115.0, 221.0]","[2, 35, 139, 245, 317, 317, 317, 489, 558, 616, 527, 730, 730, 730, 901]","[527, 317, 317, 282, 351, 398, 527, 527, 665, 631, 870, 737, 797, 870, 906]",462857712.0,1359.0,-1359.0,0.0,,,,DWT,mdp.39015056038071,0.0,,0.0,-73.0,115.0,0.0,-68.5,,0.0,414.03846153846155,55885.0,414.6025641025641,,0.0,414.03846153846155,,,50.000000000000114,0.0,-73.0,0.0,0.0,,0.0,2.322747622134525e-14,3.0842004843151783e-27,0.9880181304681671,0.9811541143984034,0.0005301732730363833,0.7654400247290071,0.0015642884451782693,2.863773248845141e-09,4.4533174909138267e-10,4.4533174909138267e-10,4.362806667551004e-10,,0.0,0.9999999995546631,0.0,,,,,,0.0,0.5,0.5,0.0,0.0,0.0,0.6000000010345469,0.18110424055648203,415,1.3904547473863014,0.894115261253534,21,0,0.15384615413426,0.18518431364097504,414,0,0.39095810447340235,0.8631459798296194,29,224.9020157016532,0.7642536523043467,219.75,46.01567326464557,0.7669538701773306,176,rbio,0.6930940349654412,0.9909695410261004,0.21754331321636106,5,133.25,2.3227476221345237e-14,0.00022537827079399664,3.0842004843151783e-27,0.9880181304681669,0.9811541143984034,0.002274450993670229,0.8868369053047579,0.004656956724479324,0.9837415452947326,9.579881332655305e-11,9.579881332655305e-11,9.429390601667365e-11,,0.0,0.9999999999959025,0.0,,,,,1.0,,0.0,0.1985294117647059,0.13235294117647056,0.0,0.0,0.0,1.228210698966256,0.4447326713316045,523,1.441190319269877,0.845805428078772,110,292.03510063004416,0.8469417711582578,316.5,181.7693522906793,0.8405306340068018,122,0.5849954903509885,0.970216713839344,0.2994381426025048,4,92.5,122,,,,,,,,1.0140134256080737e-19,0.05136027697297241,2.455514636294751e-27,0.9952837462057311,0.3842159809502711,0.0002871879299699871,0.5153941740753682,0.9999999999999999,0.004608227567460989,0.0005941450834276046,2.426444462022559e-15,2.426444462022559e-15,2.3848110985991156e-15,,0.0,0.04233831474415694,0.0,,,,,0.8723404255319149,,0.0,0.48584905660377364,0.4660633484162896,0.0,0.0,0.48453608247422675,0.5623820281067267,0.1749437663622979,63,1.4128308759125823,0.8106564274672176,136,51.61879502661797,0.8095247415991957,99.5,86.11055276381909,0.7211830350062399,17,88.75641025641026,82.5,49.40797188357043,78,0.3349298500241897,0.445947321412649,0.6317649085592725,2,13.25,17
db1,1.0,antisymmetric,1.191406449110541e-26,320.4382382950869,48837427.869686276,0.5319383259911894,190.0670359496149,907,smoothed,8.631488271890613e-14,-9.683935875415273e-10,8.55658274377267,64669.92286207768,0.9664736704681117,8.290076994021377e-05,1.0,700.2000000000002,,,,[],[],15,859.5066666666668,37.0,1148.0,"[7, 57, 111, 162, 256, 302, 399, 446, 515, 567, 615, 681, 775, 825, 898]","[1136.2000000000003, 752.2000000000002, 880.6000000000001, 824.2000000000002, 812.0000000000001, 949.8000000000001, 1087.0000000000002, 947.5999999999999, 882.6000000000003, 37.0, 986.2, 1148.0, 801.6, 709.4000000000002, 938.2000000000002]","[1, 35, 35, 141, 175, 141, 319, 421, 456, 559, 597, 667, 730, 797, 872]","[137, 70, 137, 175, 281, 315, 525, 525, 525, 569, 663, 868, 868, 834, 904]",417881492.5600002,1148.0,-1148.0,0.0,,,,DWT,mdp.39015056038071,0.0,,0.0,-18.5,74.0,0.0,-18.5,,0.0,522.4864419475657,17102.199999999997,522.4864419475657,,0.0,522.4864419475657,,,35.60000000000001,0.0,-14.0,0.0,0.0,,1.1368683772161603e-13,6.940169589326154e-14,9.44829770785278e-27,0.9834692654610965,0.24171911347280017,0.09586926807093152,0.4401722546908642,0.03472506229657836,3.1801864014967905e-08,2.7587240781383177e-09,2.7587240781383177e-09,2.70393692912719e-09,,5.310900846610541e-13,0.9999999972412148,0.0,,,,,,0.0,1.0,0.9999999999999999,0.0,0.0,,0.7000000106278477,0.22470469478204677,27,0.9488346768435215,0.47422406844483195,369,0,0.2500000031054162,0.31986989599406873,37,0,0.25656499485604867,0.40939178546964455,332,184.5505802393118,0.8065507544661301,191.25,57.317972262821414,0.8030395281764613,139,db,0.5360056224508035,0.703143681746848,0.4138529597603831,3,105.0,6.96390231049547e-14,0.9999999999713673,6.611692308144898e-27,0.9748702553549538,0.9068433901757283,0.00023742434908725885,0.25655670525560903,0.00045350275732235906,1.1201711780373103e-10,0.9798453157402713,0.9798453157402713,0.9797420659259185,,5.31090084661054e-13,0.0008620203395957593,0.0,,,,,0.0,,0.0,1.0,1.0,0.0,0.0,1.0,1.2822608194256069,0.46430411333085914,36,1.4412666436719836,0.8458502213255303,95,41.71930009000631,0.9781345387368939,65.5,52.21374045801527,0.971902699137839,30,0.5932924258364,0.7822905243672058,0.35000814460435825,3,23.25,30,,,,,,,,4.831940184120569e-19,0.9999999999729338,5.9830064601244746e-27,0.9858115155874375,0.35511620204362454,2.9293636054478434e-05,0.13410239760424997,0.9999999999999999,0.0001597626367250875,6.764967165484993e-14,0.001466684433777177,0.001466684433777177,0.0014590664654865516,,1.6713139204430802e-18,3.64964884538224e-05,0.0,,,,,0.0,,0.0,1.0,1.0,0.0,0.0,1.0,0.4013359788441595,0.12484614409188118,132,1.522764521280572,0.8737343356102562,39,65.76093065034893,0.7573397392976055,85.5,60.21052631578947,0.7209207921580278,18,148.9857142857143,151.0,69.14372614651623,70,0.5622102425876011,0.6240786312822121,0.4192292408040156,4,14.5,18
haar,1.0,symmetric,1.191406449110541e-26,320.4382382950869,48837427.869686276,0.5319383259911894,190.0670359496149,907,smoothed,8.631488271890613e-14,-9.683935875415273e-10,8.55658274377267,64669.92286207768,0.9664736704681117,8.290076994021377e-05,1.0,700.2000000000002,,,,[],[],15,859.5066666666668,37.0,1148.0,"[7, 57, 111, 162, 256, 302, 399, 446, 515, 567, 615, 681, 775, 825, 898]","[1136.2000000000003, 752.2000000000002, 880.6000000000001, 824.2000000000002, 812.0000000000001, 949.8000000000001, 1087.0000000000002, 947.5999999999999, 882.6000000000003, 37.0, 986.2, 1148.0, 801.6, 709.4000000000002, 938.2000000000002]","[1, 35, 35, 141, 175, 141, 319, 421, 456, 559, 597, 667, 730, 797, 872]","[137, 70, 137, 175, 281, 315, 525, 525, 525, 569, 663, 868, 868, 834, 904]",417881492.5600002,1148.0,-1148.0,0.0,,,,DWT,mdp.39015056038071,0.0,,0.0,-18.5,74.0,0.0,-18.5,,0.0,522.4864419475657,17102.199999999997,522.4864419475657,,0.0,522.4864419475657,,,35.60000000000001,0.0,-14.0,0.0,0.0,,1.1368683772161603e-13,6.940169589326154e-14,9.44829770785278e-27,0.9834692654610965,0.24171911347280017,0.09586926807093152,0.4401722546908642,0.03472506229657836,3.1801864014967905e-08,2.7587240781383177e-09,2.7587240781383177e-09,2.70393692912719e-09,,5.310900846610541e-13,0.9999999972412148,0.0,,,,,,0.0,1.0,0.9999999999999999,0.0,0.0,,0.7000000106278477,0.22470469478204677,22,0.9488346768435215,0.47422406844483195,367,0,0.2500000031054162,0.31986989599406873,39,0,0.25656499485604867,0.40939178546964455,345,188.26997459322433,0.8026520182460961,193.25,52.13837906481933,0.8000419420370941,156,haar,0.20269260143973739,0.048984396086595806,0.8434198601662051,2,117.5,6.96390231049547e-14,0.9999999999713673,6.611692308144898e-27,0.9748702553549538,0.9068433901757283,0.00023742434908725885,0.25655670525560903,0.00045350275732235906,1.1201711780373103e-10,0.9798453157402713,0.9798453157402713,0.9797420659259185,,5.31090084661054e-13,0.0008620203395957593,0.0,,,,,0.0,,0.0,1.0,1.0,0.0,0.0,1.0,1.2822608194256069,0.46430411333085914,21,1.4412666436719836,0.8458502213255303,82,43.1335136523794,0.9773933366601785,51.5,33.4368932038835,0.9752008612022066,19,0.4402126971521669,1.0,0.3918511119934831,2,14.75,19,,,,,,,,4.831940184120569e-19,0.9999999999729338,5.9830064601244746e-27,0.9858115155874375,0.35511620204362454,2.9293636054478434e-05,0.13410239760424997,0.9999999999999999,0.0001597626367250875,6.764967165484993e-14,0.001466684433777177,0.001466684433777177,0.0014590664654865516,,1.6713139204430802e-18,3.64964884538224e-05,0.0,,,,,0.0,,0.0,1.0,1.0,0.0,0.0,1.0,0.4013359788441595,0.12484614409188118,133,1.522764521280572,0.8737343356102562,40,65.76093065034893,0.7573397392976055,86.5,61.5028901734104,0.7190757737078433,19,51.44444444444444,40.0,53.647253217455386,9,0.19412997903563942,0.4842102997031884,0.7188459247640958,1,14.5,19
bior1.1,1.0,zero,1.191406449110541e-26,320.4382382950869,48837427.869686276,0.5319383259911894,190.0670359496149,907,smoothed,8.631488271890613e-14,-9.683935875415273e-10,8.55658274377267,64669.92286207768,0.9664736704681117,8.290076994021377e-05,1.0,700.2000000000002,,,,[],[],15,859.5066666666668,37.0,1148.0,"[7, 57, 111, 162, 256, 302, 399, 446, 515, 567, 615, 681, 775, 825, 898]","[1136.2000000000003, 752.2000000000002, 880.6000000000001, 824.2000000000002, 812.0000000000001, 949.8000000000001, 1087.0000000000002, 947.5999999999999, 882.6000000000003, 37.0, 986.2, 1148.0, 801.6, 709.4000000000002, 938.2000000000002]","[1, 35, 35, 141, 175, 141, 319, 421, 456, 559, 597, 667, 730, 797, 872]","[137, 70, 137, 175, 281, 315, 525, 525, 525, 569, 663, 868, 868, 834, 904]",417881492.5600002,1148.0,-1148.0,0.0,,,,DWT,mdp.39015056038071,0.0,,0.0,-18.5,74.0,0.0,-18.5,,0.0,522.4864419475657,17102.199999999997,522.4864419475657,,0.0,522.4864419475657,,,35.60000000000001,0.0,-14.0,0.0,0.0,,1.1368683772161603e-13,6.940169589326154e-14,9.44829770785278e-27,0.9834692654610965,0.24171911347280017,0.09586926807093152,0.4401722546908642,0.03472506229657836,3.1801864014967905e-08,2.7587240781383177e-09,2.7587240781383177e-09,2.70393692912719e-09,,5.310900846610541e-13,0.9999999972412148,0.0,,,,,,0.0,1.0,0.9999999999999999,0.0,0.0,,0.7000000106278477,0.22470469478204677,35,0.9488346768435215,0.47422406844483195,353,0,0.2500000031054162,0.31986989599406873,14,0,0.25656499485604867,0.40939178546964455,346,187.85632808079689,0.8030856099782003,187.0,37.83470664766744,0.8035344192448653,135,bior,0.7117551471424625,1.0,0.20177139700027627,6,102.75,6.96390231049547e-14,0.9999999999713673,6.611692308144898e-27,0.9748702553549538,0.9068433901757283,0.00023742434908725885,0.25655670525560903,0.00045350275732235906,1.1201711780373103e-10,0.9798453157402713,0.9798453157402713,0.9797420659259185,,5.31090084661054e-13,0.0008620203395957593,0.0,,,,,0.0,,0.0,1.0,1.0,0.0,0.0,1.0,1.2822608194256069,0.46430411333085914,42,1.4412666436719836,0.8458502213255303,80,26.870057685088806,0.9859171605424063,61.0,55.08196721311476,0.9769732553236141,15,0.624472043587361,0.8820529008810402,0.29825369922453526,5,12.5,15,,,,,,,,4.831940184120569e-19,0.9999999999729338,5.9830064601244746e-27,0.9858115155874375,0.35511620204362454,2.9293636054478434e-05,0.13410239760424997,0.9999999999999999,0.0001597626367250875,6.764967165484993e-14,0.001466684433777177,0.001466684433777177,0.0014590664654865516,,1.6713139204430802e-18,3.64964884538224e-05,0.0,,,,,0.0,,0.0,1.0,1.0,0.0,0.0,1.0,0.4013359788441595,0.12484614409188118,134,1.522764521280572,0.8737343356102562,41,65.76093065034893,0.7573397392976055,87.5,62.78857142857142,0.7172307552576589,20,145.70212765957447,152.0,62.45900042832168,47,0.5498193496587716,0.5637435190571668,0.44600339952170986,3,15.75,20
haar,1.0,zero,1.191406449110541e-26,320.4382382950869,48837427.869686276,0.5319383259911894,190.0670359496149,907,smoothed,8.631488271890613e-14,-9.683935875415273e-10,8.55658274377267,64669.92286207768,0.9664736704681117,8.290076994021377e-05,1.0,700.2000000000002,,,,[],[],15,859.5066666666668,37.0,1148.0,"[7, 57, 111, 162, 256, 302, 399, 446, 515, 567, 615, 681, 775, 825, 898]","[1136.2000000000003, 752.2000000000002, 880.6000000000001, 824.2000000000002, 812.0000000000001, 949.8000000000001, 1087.0000000000002, 947.5999999999999, 882.6000000000003, 37.0, 986.2, 1148.0, 801.6, 709.4000000000002, 938.2000000000002]","[1, 35, 35, 141, 175, 141, 319, 421, 456, 559, 597, 667, 730, 797, 872]","[137, 70, 137, 175, 281, 315, 525, 525, 525, 569, 663, 868, 868, 834, 904]",417881492.5600002,1148.0,-1148.0,0.0,,,,DWT,mdp.39015056038071,0.0,,0.0,-18.5,74.0,0.0,-18.5,,0.0,522.4864419475657,17102.199999999997,522.4864419475657,,0.0,522.4864419475657,,,35.60000000000001,0.0,-14.0,0.0,0.0,,1.1368683772161603e-13,6.940169589326154e-14,9.44829770785278e-27,0.9834692654610965,0.24171911347280017,0.09586926807093152,0.4401722546908642,0.03472506229657836,3.1801864014967905e-08,2.7587240781383177e-09,2.7587240781383177e-09,2.70393692912719e-09,,5.310900846610541e-13,0.9999999972412148,0.0,,,,,,0.0,1.0,0.9999999999999999,0.0,0.0,,0.7000000106278477,0.22470469478204677,25,0.9488346768435215,0.47422406844483195,363,0,0.2500000031054162,0.31986989599406873,32,0,0.25656499485604867,0.40939178546964455,347,188.6396476530495,0.8022645202798223,191.75,52.02462590237174,0.8006343565759699,154,haar,0.20269260143973739,0.048984396086595806,0.8434198601662051,2,116.0,6.96390231049547e-14,0.9999999999713673,6.611692308144898e-27,0.9748702553549538,0.9068433901757283,0.00023742434908725885,0.25655670525560903,0.00045350275732235906,1.1201711780373103e-10,0.9798453157402713,0.9798453157402713,0.9797420659259185,,5.31090084661054e-13,0.0008620203395957593,0.0,,,,,0.0,,0.0,1.0,1.0,0.0,0.0,1.0,1.2822608194256069,0.46430411333085914,22,1.4412666436719836,0.8458502213255303,83,43.1335136523794,0.9773933366601785,52.5,34.780952380952385,0.9749388066948691,20,0.4402126971521669,1.0,0.3918511119934831,2,15.5,20,,,,,,,,4.831940184120569e-19,0.9999999999729338,5.9830064601244746e-27,0.9858115155874375,0.35511620204362454,2.9293636054478434e-05,0.13410239760424997,0.9999999999999999,0.0001597626367250875,6.764967165484993e-14,0.001466684433777177,0.001466684433777177,0.0014590664654865516,,1.6713139204430802e-18,3.64964884538224e-05,0.0,,,,,0.0,,0.0,1.0,1.0,0.0,0.0,1.0,0.4013359788441595,0.12484614409188118,135,1.522764521280572,0.8737343356102562,42,65.76093065034893,0.7573397392976055,88.5,64.0677966101695,0.7153857368074743,21,51.44444444444444,40.0,53.647253217455386,9,0.19412997903563942,0.4842102997031884,0.7188459247640958,1,16.0,21
dmey,1.0,reflect,0.9998587886795748,62.665002450926934,57650077.82424405,0.5712809917355371,459.3459540652318,907,raw,0.7621355074129975,,8.745438278096685,102155.6129311905,0.8187895082537562,4.276142812488246e-06,0.9999980760839904,708.0565701755875,,,,[],[],15,956.4887084705537,54.23799111555513,1310.7043330004676,"[9, 84, 164, 254, 330, 397, 444, 513, 572, 617, 680, 734, 786, 857, 902]","[1310.7043330004676, 1253.1383294940142, 1213.2735478429859, 1079.1246858453997, 1166.7770585421108, 451.0479945164732, 1287.7346726428002, 1200.5941131709376, 1069.336893332859, 54.23799111555513, 1227.857196163641, 677.4946467777902, 1016.2929777452863, 1117.9566478268919, 221.75953904109372]","[2, 35, 139, 174, 317, 317, 317, 489, 558, 616, 665, 730, 730, 730, 901]","[665, 317, 317, 282, 351, 398, 665, 665, 665, 631, 906, 737, 797, 906, 906]",463306893.44006073,1360.30388137808,-1360.30388137808,0.0,,,,DWT,mdp.39015056038071,449181.44006073475,,0.0,-86.5,115.0,0.0,-68.5,,1.30388137807995,416.5271700090152,55847.669372941695,417.0815088350438,,0.0,416.5271700090152,,,50.23799111555513,0.0,-68.5,2.7043330004676136,1.30388137807995,,0.05657017558746702,0.9516040183862161,0.7945456372679865,0.003762816184247675,0.9528537427182058,0.002226370801737124,0.32191097380852995,0.0005238928534581129,1.0,0.1045281975986769,0.1045281975986769,0.10416082596980544,,0.9999999999999999,0.8954718024013164,0.743272849289721,,,,,,0.8243619988604765,0.0,0.75,0.25826626969122807,0.25826626969122807,0.0,2.3038249995023956,0.6953874603175134,9,1.370980281011972,0.8815924390453409,32,0,0.46483510854624066,0.5595211074125545,9,0,0.43248963600291174,0.954838092272583,9,11.5,0.9879454926624738,14.75,10.971428571428572,0.9862421383647799,7,dmey,0.008189580066213627,0.010752137686563511,0.9910416526476813,1,5.5,0.951604018386216,1.5649067582335086e-06,0.7945456372679865,0.003762816184247675,0.9528537427182058,0.003967688313388178,0.6728570055737073,0.003619783772341466,1.0,0.02248588989916489,0.02248588989916489,0.0225124132722061,,0.2642685815187039,0.9990382734754261,0.5988657939966409,,,,,1.0,,0.8243619988604765,0.0,0.19852941176470584,0.25826626969122807,0.25826626969122807,0.0,2.1866720308997465,0.791789628967291,18,1.5134681783134494,0.8882238406170526,20,1.4142135623730951,0.9992587979232845,19.0,18.94736842105263,0.9946503633222292,5,0.019560687868157237,0.059367658223683034,0.968497221025185,1,4.0,5,,,,,,,,7.828126165275005e-06,0.05114791086259696,0.7945456372679865,0.2861886837793419,0.373133669917991,0.0005015573611020218,0.3859457540056884,0.9999981431580829,0.003510599868729777,0.0006039646147602689,3.365807238141206e-05,3.365807238141206e-05,3.3526280306716075e-05,,8.316400019214025e-07,0.04229759686403504,1.1203306645335437e-05,,,,,0.8723404255319149,,1.981351127990752e-08,0.3584905660377359,0.5067873303167421,2.378003991102019e-06,2.378003991102019e-06,0.48453608247422675,0.5537383954687014,0.17225493639765815,124,1.4063867267775725,0.8069588929604927,150,18.384776310850235,0.9321594970079328,137.0,135.76642335766422,0.7133122208286896,22,129.27777777777777,132.5,110.79329219213247,18,0.48784067085953875,1.0,0.35851153039832284,5,17.75,22
db1,1.0,symmetric,1.191406449110541e-26,320.4382382950869,48837427.869686276,0.5319383259911894,190.0670359496149,907,smoothed,8.631488271890613e-14,-9.683935875415273e-10,8.55658274377267,64669.92286207768,0.9664736704681117,8.290076994021377e-05,1.0,700.2000000000002,,,,[],[],15,859.5066666666668,37.0,1148.0,"[7, 57, 111, 162, 256, 302, 399, 446, 515, 567, 615, 681, 775, 825, 898]","[1136.2000000000003, 752.2000000000002, 880.6000000000001, 824.2000000000002, 812.0000000000001, 949.8000000000001, 1087.0000000000002, 947.5999999999999, 882.6000000000003, 37.0, 986.2, 1148.0, 801.6, 709.4000000000002, 938.2000000000002]","[1, 35, 35, 141, 175, 141, 319, 421, 456, 559, 597, 667, 730, 797, 872]","[137, 70, 137, 175, 281, 315, 525, 525, 525, 569, 663, 868, 868, 834, 904]",417881492.5600002,1148.0,-1148.0,0.0,,,,DWT,mdp.39015056038071,0.0,,0.0,-18.5,74.0,0.0,-18.5,,0.0,522.4864419475657,17102.199999999997,522.4864419475657,,0.0,522.4864419475657,,,35.60000000000001,0.0,-14.0,0.0,0.0,,1.1368683772161603e-13,6.940169589326154e-14,9.44829770785278e-27,0.9834692654610965,0.24171911347280017,0.09586926807093152,0.4401722546908642,0.03472506229657836,3.1801864014967905e-08,2.7587240781383177e-09,2.7587240781383177e-09,2.70393692912719e-09,,5.310900846610541e-13,0.9999999972412148,0.0,,,,,,0.0,1.0,0.9999999999999999,0.0,0.0,,0.7000000106278477,0.22470469478204677,14,0.9488346768435215,0.47422406844483195,357,0,0.2500000031054162,0.31986989599406873,12,0,0.25656499485604867,0.40939178546964455,350,196.61023201586772,0.7939096100462603,183.25,24.934520691461497,0.8009118280839267,151,db,0.5360056224508035,0.703143681746848,0.4138529597603831,3,114.0,6.96390231049547e-14,0.9999999999713673,6.611692308144898e-27,0.9748702553549538,0.9068433901757283,0.00023742434908725885,0.25655670525560903,0.00045350275732235906,1.1201711780373103e-10,0.9798453157402713,0.9798453157402713,0.9797420659259185,,5.31090084661054e-13,0.0008620203395957593,0.0,,,,,0.0,,0.0,1.0,1.0,0.0,0.0,1.0,1.2822608194256069,0.46430411333085914,25,1.4412666436719836,0.8458502213255303,81,39.59797974644666,0.9792463418519671,53.0,38.20754716981132,0.9757342820370947,17,0.5932924258364,0.7822905243672058,0.35000814460435825,3,13.5,17,,,,,,,,4.831940184120569e-19,0.9999999999729338,5.9830064601244746e-27,0.9858115155874375,0.35511620204362454,2.9293636054478434e-05,0.13410239760424997,0.9999999999999999,0.0001597626367250875,6.764967165484993e-14,0.001466684433777177,0.001466684433777177,0.0014590664654865516,,1.6713139204430802e-18,3.64964884538224e-05,0.0,,,,,0.0,,0.0,1.0,1.0,0.0,0.0,1.0,0.4013359788441595,0.12484614409188118,137,1.522764521280572,0.8737343356102562,43,66.46803743153546,0.7547304891825259,90.0,65.45555555555556,0.7113135840746578,23,148.9857142857143,151.0,69.14372614651623,70,0.5622102425876011,0.6240786312822121,0.4192292408040156,4,18.25,23
rbio1.1,1.0,zero,1.191406449110541e-26,320.4382382950869,48837427.869686276,0.5319383259911894,190.0670359496149,907,smoothed,8.631488271890613e-14,-9.683935875415273e-10,8.55658274377267,64669.92286207768,0.9664736704681117,8.290076994021377e-05,1.0,700.2000000000002,,,,[],[],15,859.5066666666668,37.0,1148.0,"[7, 57, 111, 162, 256, 302, 399, 446, 515, 567, 615, 681, 775, 825, 898]","[1136.2000000000003, 752.2000000000002, 880.6000000000001, 824.2000000000002, 812.0000000000001, 949.8000000000001, 1087.0000000000002, 947.5999999999999, 882.6000000000003, 37.0, 986.2, 1148.0, 801.6, 709.4000000000002, 938.2000000000002]","[1, 35, 35, 141, 175, 141, 319, 421, 456, 559, 597, 667, 730, 797, 872]","[137, 70, 137, 175, 281, 315, 525, 525, 525, 569, 663, 868, 868, 834, 904]",417881492.5600002,1148.0,-1148.0,0.0,,,,DWT,mdp.39015056038071,0.0,,0.0,-18.5,74.0,0.0,-18.5,,0.0,522.4864419475657,17102.199999999997,522.4864419475657,,0.0,522.4864419475657,,,35.60000000000001,0.0,-14.0,0.0,0.0,,1.1368683772161603e-13,6.940169589326154e-14,9.44829770785278e-27,0.9834692654610965,0.24171911347280017,0.09586926807093152,0.4401722546908642,0.03472506229657836,3.1801864014967905e-08,2.7587240781383177e-09,2.7587240781383177e-09,2.70393692912719e-09,,5.310900846610541e-13,0.9999999972412148,0.0,,,,,,0.0,1.0,0.9999999999999999,0.0,0.0,,0.7000000106278477,0.22470469478204677,33,0.9488346768435215,0.47422406844483195,351,0,0.2500000031054162,0.31986989599406873,22,0,0.25656499485604867,0.40939178546964455,333,181.78077456100797,0.8094541147159245,184.75,49.01385255393061,0.8078979168967464,126,rbio,0.6011515732570673,0.8080706865547747,0.3367726927536205,4,95.5,6.96390231049547e-14,0.9999999999713673,6.611692308144898e-27,0.9748702553549538,0.9068433901757283,0.00023742434908725885,0.25655670525560903,0.00045350275732235906,1.1201711780373103e-10,0.9798453157402713,0.9798453157402713,0.9797420659259185,,5.31090084661054e-13,0.0008620203395957593,0.0,,,,,0.0,,0.0,1.0,1.0,0.0,0.0,1.0,1.2822608194256069,0.46430411333085914,33,1.4412666436719836,0.8458502213255303,79,32.526911934581186,0.9829523522355444,56.0,46.55357142857143,0.9768011237068708,16,0.5849954903509885,0.970216713839344,0.2994381426025048,4,13.0,16,,,,,,,,4.831940184120569e-19,0.9999999999729338,5.9830064601244746e-27,0.9858115155874375,0.35511620204362454,2.9293636054478434e-05,0.13410239760424997,0.9999999999999999,0.0001597626367250875,6.764967165484993e-14,0.001466684433777177,0.001466684433777177,0.0014590664654865516,,1.6713139204430802e-18,3.64964884538224e-05,0.0,,,,,0.0,,0.0,1.0,1.0,0.0,0.0,1.0,0.4013359788441595,0.12484614409188118,136,1.522764521280572,0.8737343356102562,36,70.71067811865476,0.7390749884920489,86.0,56.93023255813954,0.7108659075301573,24,88.75641025641026,82.5,49.40797188357043,78,0.3349298500241897,0.445947321412649,0.6317649085592725,2,18.5,24
rbio1.1,1.0,periodic,1.191406449110541e-26,320.4382382950869,48837427.869686276,0.5319383259911894,190.0670359496149,907,smoothed,8.631488271890613e-14,-9.683935875415273e-10,8.55658274377267,64669.92286207768,0.9664736704681117,8.290076994021377e-05,1.0,700.2000000000002,,,,[],[],15,859.5066666666668,37.0,1148.0,"[7, 57, 111, 162, 256, 302, 399, 446, 515, 567, 615, 681, 775, 825, 898]","[1136.2000000000003, 752.2000000000002, 880.6000000000001, 824.2000000000002, 812.0000000000001, 949.8000000000001, 1087.0000000000002, 947.5999999999999, 882.6000000000003, 37.0, 986.2, 1148.0, 801.6, 709.4000000000002, 938.2000000000002]","[1, 35, 35, 141, 175, 141, 319, 421, 456, 559, 597, 667, 730, 797, 872]","[137, 70, 137, 175, 281, 315, 525, 525, 525, 569, 663, 868, 868, 834, 904]",417881492.5600002,1148.0,-1148.0,0.0,,,,DWT,mdp.39015056038071,0.0,,0.0,-18.5,74.0,0.0,-18.5,,0.0,522.4864419475657,17102.199999999997,522.4864419475657,,0.0,522.4864419475657,,,35.60000000000001,0.0,-14.0,0.0,0.0,,1.1368683772161603e-13,6.940169589326154e-14,9.44829770785278e-27,0.9834692654610965,0.24171911347280017,0.09586926807093152,0.4401722546908642,0.03472506229657836,3.1801864014967905e-08,2.7587240781383177e-09,2.7587240781383177e-09,2.70393692912719e-09,,5.310900846610541e-13,0.9999999972412148,0.0,,,,,,0.0,1.0,0.9999999999999999,0.0,0.0,,0.7000000106278477,0.22470469478204677,30,0.9488346768435215,0.47422406844483195,344,0,0.2500000031054162,0.31986989599406873,30,0,0.25656499485604867,0.40939178546964455,358,185.41754681439042,0.8056419844712889,190.5,55.2738588590835,0.802978224940047,141,rbio,0.6011515732570673,0.8080706865547747,0.3367726927536205,4,106.75,6.96390231049547e-14,0.9999999999713673,6.611692308144898e-27,0.9748702553549538,0.9068433901757283,0.00023742434908725885,0.25655670525560903,0.00045350275732235906,1.1201711780373103e-10,0.9798453157402713,0.9798453157402713,0.9797420659259185,,5.31090084661054e-13,0.0008620203395957593,0.0,,,,,0.0,,0.0,1.0,1.0,0.0,0.0,1.0,1.2822608194256069,0.46430411333085914,34,1.4412666436719836,0.8458502213255303,78,31.11269837220809,0.9836935543122599,56.0,47.357142857142854,0.9771717247452285,14,0.5849954903509885,0.970216713839344,0.2994381426025048,4,11.5,14,,,,,,,,4.831940184120569e-19,0.9999999999729338,5.9830064601244746e-27,0.9858115155874375,0.35511620204362454,2.9293636054478434e-05,0.13410239760424997,0.9999999999999999,0.0001597626367250875,6.764967165484993e-14,0.001466684433777177,0.001466684433777177,0.0014590664654865516,,1.6713139204430802e-18,3.64964884538224e-05,0.0,,,,,0.0,,0.0,1.0,1.0,0.0,0.0,1.0,0.4013359788441595,0.12484614409188118,138,1.522764521280572,0.8737343356102562,44,66.46803743153546,0.7547304891825259,91.0,66.72527472527472,0.7094685656244732,25,88.75641025641026,82.5,49.40797188357043,78,0.3349298500241897,0.445947321412649,0.6317649085592725,2,19.25,25
rbio3.5,1.0,antireflect,7.47100874590627e-27,323.93059668650466,53739455.49867715,0.5904139433551199,660.7185025291033,907,raw,4.913134703682979e-14,-9.133127587546234e-10,8.864249979371378,126094.99039818032,0.6376028618010835,4.293740082320344e-06,1.0,708.0,,,,[],[],15,954.0,54.000000000000114,1308.0,"[9, 84, 164, 254, 330, 397, 444, 513, 572, 617, 680, 734, 786, 857, 902]","[1308.0, 1250.0, 1209.9999999999998, 1077.0, 1165.0, 448.9999999999999, 1284.0, 1197.0, 1067.0, 54.000000000000114, 1223.0000000000002, 675.9999999999999, 1014.0, 1115.0, 221.0]","[2, 35, 139, 245, 317, 317, 317, 489, 558, 616, 527, 730, 730, 730, 901]","[527, 317, 317, 282, 351, 398, 527, 527, 665, 631, 870, 737, 797, 870, 906]",462857712.0,1359.0,-1359.0,0.0,,,,DWT,mdp.39015056038071,0.0,,0.0,-73.0,115.0,0.0,-68.5,,0.0,414.03846153846155,55885.0,414.6025641025641,,0.0,414.03846153846155,,,50.000000000000114,0.0,-73.0,0.0,0.0,,0.0,2.3211581227879066e-14,3.0809831735595285e-27,0.9880269944673356,0.9817995095520294,0.0005681684972519701,0.7415481982798693,0.0025522485692555464,2.863773248845141e-09,4.4533174909138267e-10,4.4533174909138267e-10,4.362806667551004e-10,,0.0,0.9999999995546631,0.0,,,,,,0.0,0.5,0.5,0.0,0.0,0.0,0.6000000010345469,0.18110424055648203,414,1.3816402144446989,0.8884471814841467,27,0,0.15384615413426,0.18518431364097504,413,0,0.3877850170522522,0.8561405293225817,33,221.42775345471037,0.7678954366302826,221.75,55.419444028375615,0.7677265443109484,174,rbio,0.6930940349654412,0.9909695410261004,0.21754331321636106,5,131.75,2.321158122787904e-14,0.00022537827079399664,3.0809831735595285e-27,0.9880269944673354,0.9817995095520294,0.0023123799085072658,0.8753103308506873,0.0056418566285528614,0.9837415452947326,9.579881332655305e-11,9.579881332655305e-11,9.429390601667365e-11,,0.0,0.9999999999959025,0.0,,,,,1.0,,0.0,0.1985294117647059,0.13235294117647056,0.0,0.0,0.0,1.228210698966256,0.4447326713316045,522,1.4373206298836105,0.8435343857021197,124,281.4284989122459,0.8525007867336237,323.0,200.39628482972137,0.841606787496791,120,0.5849954903509885,0.970216713839344,0.2994381426025048,4,91.0,120,,,,,,,,1.0127058647755684e-19,0.05136027697297241,2.4522973255391027e-27,0.9952901321687556,0.3844687150808343,0.00029198985572628057,0.5084211039235905,0.9999999999999999,0.005650535326220533,0.0005941450834276046,2.426444462022559e-15,2.426444462022559e-15,2.3848110985991156e-15,,0.0,0.04233831474415694,0.0,,,,,0.8723404255319149,,0.0,0.48584905660377364,0.4660633484162896,0.0,0.0,0.48453608247422675,0.5623820281067267,0.1749437663622979,67,1.4105911705613496,0.8093713256411149,142,53.033008588991066,0.8043062413690367,104.5,91.04306220095694,0.7093486926402379,26,88.75641025641026,82.5,49.40797188357043,78,0.3349298500241897,0.445947321412649,0.6317649085592725,2,20.0,26
db1,1.0,smooth,1.191406449110541e-26,320.4382382950869,48837427.869686276,0.5319383259911894,190.0670359496149,907,smoothed,8.631488271890613e-14,-9.683935875415273e-10,8.55658274377267,64669.92286207768,0.9664736704681117,8.290076994021377e-05,1.0,700.2000000000002,,,,[],[],15,859.5066666666668,37.0,1148.0,"[7, 57, 111, 162, 256, 302, 399, 446, 515, 567, 615, 681, 775, 825, 898]","[1136.2000000000003, 752.2000000000002, 880.6000000000001, 824.2000000000002, 812.0000000000001, 949.8000000000001, 1087.0000000000002, 947.5999999999999, 882.6000000000003, 37.0, 986.2, 1148.0, 801.6, 709.4000000000002, 938.2000000000002]","[1, 35, 35, 141, 175, 141, 319, 421, 456, 559, 597, 667, 730, 797, 872]","[137, 70, 137, 175, 281, 315, 525, 525, 525, 569, 663, 868, 868, 834, 904]",417881492.5600002,1148.0,-1148.0,0.0,,,,DWT,mdp.39015056038071,0.0,,0.0,-18.5,74.0,0.0,-18.5,,0.0,522.4864419475657,17102.199999999997,522.4864419475657,,0.0,522.4864419475657,,,35.60000000000001,0.0,-14.0,0.0,0.0,,1.1368683772161603e-13,6.940169589326154e-14,9.44829770785278e-27,0.9834692654610965,0.24171911347280017,0.09586926807093152,0.4401722546908642,0.03472506229657836,3.1801864014967905e-08,2.7587240781383177e-09,2.7587240781383177e-09,2.70393692912719e-09,,5.310900846610541e-13,0.9999999972412148,0.0,,,,,,0.0,1.0,0.9999999999999999,0.0,0.0,,0.7000000106278477,0.22470469478204677,16,0.9488346768435215,0.47422406844483195,350,0,0.2500000031054162,0.31986989599406873,20,0,0.25656499485604867,0.40939178546964455,331,186.36411492917122,0.8046497747073678,179.25,33.78997930965337,0.8083783464731807,124,db,0.5360056224508035,0.703143681746848,0.4138529597603831,3,93.75,6.96390231049547e-14,0.9999999999713673,6.611692308144898e-27,0.9748702553549538,0.9068433901757283,0.00023742434908725885,0.25655670525560903,0.00045350275732235906,1.1201711780373103e-10,0.9798453157402713,0.9798453157402713,0.9797420659259185,,5.31090084661054e-13,0.0008620203395957593,0.0,,,,,0.0,,0.0,1.0,1.0,0.0,0.0,1.0,1.2822608194256069,0.46430411333085914,41,1.4412666436719836,0.8458502213255303,84,30.405591591021544,0.9840641553506176,62.5,55.104,0.9756536709667134,18,0.5932924258364,0.7822905243672058,0.35000814460435825,3,14.25,18,,,,,,,,4.831940184120569e-19,0.9999999999729338,5.9830064601244746e-27,0.9858115155874375,0.35511620204362454,2.9293636054478434e-05,0.13410239760424997,0.9999999999999999,0.0001597626367250875,6.764967165484993e-14,0.001466684433777177,0.001466684433777177,0.0014590664654865516,,1.6713139204430802e-18,3.64964884538224e-05,0.0,,,,,0.0,,0.0,1.0,1.0,0.0,0.0,1.0,0.4013359788441595,0.12484614409188118,139,1.522764521280572,0.8737343356102562,45,66.46803743153546,0.7547304891825259,92.0,67.98913043478261,0.7076235471742888,27,148.9857142857143,151.0,69.14372614651623,70,0.5622102425876011,0.6240786312822121,0.4192292408040156,4,21.25,27
rbio3.7,1.0,zero,7.396547767153016e-27,323.9740984718082,53334823.462387905,0.5911062906724512,634.1503688916748,907,raw,4.9542386608681114e-14,-9.177852922093258e-10,8.843985395507232,116273.53307555079,0.6283804608285964,4.293740082320344e-06,0.9999999999999998,708.0000000000001,,,,[],[],15,954.0,54.000000000000114,1308.0,"[9, 84, 164, 254, 330, 397, 444, 513, 572, 617, 680, 734, 786, 857, 902]","[1308.0, 1250.0, 1209.9999999999998, 1077.0, 1165.0, 449.0, 1284.0, 1197.0, 1067.0, 54.000000000000114, 1223.0000000000002, 675.9999999999998, 1014.0, 1115.0, 221.0]","[2, 35, 139, 174, 317, 317, 317, 489, 558, 616, 595, 730, 762, 762, 901]","[595, 317, 317, 282, 351, 398, 595, 595, 595, 631, 906, 737, 797, 906, 906]",462857712.0,1359.0,-1359.0,0.0,,,,DWT,mdp.39015056038071,0.0,,0.0,-77.5,115.0,0.0,-68.5,,0.0,414.03846153846155,55885.0,414.6025641025641,,0.0,414.03846153846155,,,50.000000000000114,0.0,-64.0,0.0,0.0,,1.1368683772161603e-13,2.3724806113066744e-14,3.021812172129187e-27,0.988190878460905,0.9768625049201383,0.00039659432844085124,0.756733241988324,0.001720087869785147,2.863773248845141e-09,4.4533174909138267e-10,4.4533174909138267e-10,4.362806667551004e-10,,2.0096603296879822e-12,0.9999999995546631,0.0,,,,,,0.0,0.33333333333333337,1.0,0.0,0.0,0.0,0.633333334368885,0.19116558723701943,156,1.3849254086440834,0.8905596862423008,24,0,0.17948717977544024,0.21604836585685816,152,0,0.3891290439382311,0.8591078329547144,31,73.10893698219573,0.9233658941486418,90.75,46.02253944402705,0.9141200539925599,29,rbio,0.6930940349654412,0.9909695410261004,0.21754331321636106,5,23.0,2.3724806113066706e-14,0.00022537827079399664,3.021812172129184e-27,0.9881908784609048,0.9768625049201383,0.0021411051714469516,0.8826363315340774,0.004812273558236497,0.9837415452947326,9.579881332655305e-11,9.579881332655305e-11,9.429390601667365e-11,,5.31090084661054e-13,0.9999999999959025,0.0,,,,,1.0,,0.0,0.13235294117647056,0.2647058823529411,0.0,0.0,0.0,1.234828346025345,0.4471289082777535,324,1.4374633876405065,0.8436181673401647,121,143.54267658086914,0.924767989213381,222.5,176.19775280898875,0.9040768667240909,81,0.5849954903509885,0.970216713839344,0.2994381426025048,4,61.75,81,,,,,,,,1.0549249924251263e-19,0.05136027697297241,2.3931263241087583e-27,0.9954082004473459,0.38253540404461533,0.00027030590893196803,0.5128530118508594,0.9999999999999997,0.004772597510255684,0.0005941450834276046,2.426444462022559e-15,2.426444462022559e-15,2.3848110985991156e-15,,1.6713139204430802e-18,0.04233831474415694,0.0,,,,,0.8723404255319149,,0.0,0.44339622641509435,0.5475113122171946,0.0,0.0,0.48453608247422675,0.5662815414679492,0.17615681286858295,39,1.4111061020815188,0.8096667838970516,140,71.4177848998413,0.7364657383769694,89.5,61.005586592178766,0.7031037178969717,30,88.75641025641026,82.5,49.40797188357043,78,0.3349298500241897,0.445947321412649,0.6317649085592725,2,23.0,28
rbio3.9,1.0,periodization,7.169090317616918e-27,324.1097486171676,52921037.22592017,0.5892070484581498,608.6638728002438,907,raw,4.991697379294538e-14,-9.188821925576556e-10,8.814574951729004,106132.58229493538,0.6457675347250487,4.293740082320344e-06,0.9999999999999998,708.0000000000001,,,,[],[],15,954.0,54.000000000000114,1307.9999999999998,"[9, 84, 164, 254, 330, 397, 444, 513, 572, 617, 680, 734, 786, 857, 902]","[1307.9999999999998, 1250.0, 1209.9999999999998, 1077.0, 1165.0, 448.9999999999998, 1284.0, 1197.0, 1066.9999999999998, 54.000000000000114, 1223.0000000000002, 675.9999999999998, 1014.0, 1115.0, 221.0]","[2, 35, 139, 174, 317, 317, 317, 489, 558, 616, 665, 730, 730, 730, 901]","[317, 317, 317, 282, 351, 398, 906, 665, 665, 631, 906, 737, 797, 906, 906]",462857712.0,1358.9999999999998,-1358.9999999999998,0.0,,,,DWT,mdp.39015056038071,0.0,,0.0,-82.0,115.0,0.0,-68.5,,2.2737367544323206e-13,414.03846153846155,55885.0,414.60256410256403,,0.0,414.03846153846155,,,50.000000000000114,0.0,-68.5,2.2737367544323206e-13,2.2737367544323206e-13,,1.1368683772161603e-13,2.419251646944659e-14,2.8410613238702268e-27,0.9887019123735288,0.9696973196820642,0.00022113854832391834,0.7150777385796105,0.0008608568597956399,2.863773248845141e-09,4.4533174909138267e-10,4.4533174909138267e-10,4.362782782962707e-10,,2.0096603296879822e-12,0.9999999995546631,6.249255530696294e-14,,,,,,0.0,0.16666666666666669,0.75,4.503703478699948e-14,4.503703478699948e-14,0.0,0.5916666677022668,0.17858890388674142,518,1.364555814715081,0.8774612629878267,37,0,0.14743589772416976,0.1774683005872508,517,0,0.3820798522919069,0.8435448318020238,39,276.8409591564562,0.7098103153496266,277.75,70.75539628048294,0.7093338788488175,267,rbio,0.6930940349654412,0.9909695410261004,0.21754331321636106,5,201.5,2.4192516469446566e-14,0.00022537827079399664,2.841061323870224e-27,0.9887019123735286,0.9696973196820643,0.001965955597280444,0.8625396988013523,0.003955704028058292,0.9837415452947326,9.579881332655305e-11,9.579881332655305e-11,9.429335090516133e-11,,5.31090084661054e-13,0.9999999999959025,5.035116483609851e-14,,,,,1.0,,0.0,0.06617647058823528,0.19852941176470584,4.503703478699948e-14,4.503703478699948e-14,0.0,1.2215930519077411,0.4423364343856634,711,1.4257185596767994,0.8367253655285432,150,396.6869042456532,0.7920928174813139,430.5,247.73519163763063,0.783231943331852,160,0.5849954903509885,0.970216713839344,0.2994381426025048,4,121.0,160,,,,,,,,1.0933999842053858e-19,0.05136027697297241,2.212375475849798e-27,0.9957763687659874,0.3797295464993662,0.0002481313949758578,0.5006954336893515,0.9999999999999997,0.003866100247407846,0.0005941450834276046,2.426444462022559e-15,2.426444462022559e-15,2.383943736861127e-15,,1.6713139204430802e-18,0.04233831474415694,9.41946501642748e-19,,,,,0.8723404255319149,,0.0,0.4009433962264151,0.5067873303167421,4.146815168660129e-19,4.146815168660129e-19,0.48453608247422675,0.557963860259036,0.17356937869507832,112,1.4046873568733587,0.8059838256973247,153,28.991378028648448,0.89302074528174,132.5,129.32830188679245,0.7020454279914236,32,88.75641025641026,82.5,49.40797188357043,78,0.3349298500241897,0.445947321412649,0.6317649085592725,2,24.5,29
rbio3.3,1.0,antisymmetric,6.945953320872772e-27,324.24707053084467,53892180.379853465,0.5886214442013129,669.5230591878628,907,raw,4.74984501075575e-14,-9.115873611520532e-10,8.874136169899277,122392.91044709727,0.5868777275364908,4.293740082320344e-06,1.0,708.0,,,,[],[],15,954.0,54.0,1308.0,"[9, 84, 164, 254, 330, 397, 444, 513, 572, 617, 680, 734, 786, 857, 902]","[1308.0, 1250.0, 1209.9999999999998, 1077.0, 1165.0, 449.0, 1284.0, 1197.0, 1067.0, 54.0, 1223.0000000000002, 676.0, 1013.9999999999999, 1115.0, 220.99999999999977]","[2, 35, 139, 245, 317, 317, 317, 489, 558, 616, 527, 730, 730, 730, 901]","[527, 317, 317, 282, 351, 398, 527, 527, 595, 631, 870, 737, 797, 870, 906]",462857712.0,1359.0,-1359.0,0.0,,,,DWT,mdp.39015056038071,0.0,,0.0,-68.5,115.0,0.0,-68.5,,0.0,414.03846153846155,55885.0,414.60256410256403,,0.0,414.03846153846155,,,50.0,0.0,-73.0,0.0,0.0,,0.0,2.1172742642887052e-14,2.6637437573463773e-27,0.9892192443280905,0.9842080548621729,0.0006329276912715755,0.7022338580397101,0.002238575624356591,2.8632955552256507e-09,4.4533174909138267e-10,4.4533174909138267e-10,4.362782782962707e-10,,0.0,0.9999999995546631,0.0,,,,,,0.0,0.6666666666666666,0.5,0.0,0.0,0.0,0.6166666677010695,0.18613491389655562,267,1.3677410113392097,0.8795094655036441,35,0,0.16666666695473586,0.20061633974877907,266,0,0.382647522935089,0.8447981186067312,37,133.082367978131,0.860500662496718,151.25,63.388255216091345,0.8509788427787572,68,rbio,0.6930940349654412,0.9909695410261004,0.21754331321636106,5,52.25,2.1172742642887027e-14,0.00022537827079399664,2.6637437573463773e-27,0.9892192443280903,0.9842080548621729,0.0023770260845884465,0.8563431886417996,0.005329155289893083,0.9837415452947248,9.579881332655305e-11,9.579881332655305e-11,9.429335090516133e-11,,0.0,0.9999999999959025,0.0,,,,,1.0,,0.0,0.2647058823529412,0.13235294117647056,0.0,0.0,0.0,1.2348283460250769,0.44712890827765633,352,1.4315606381241566,0.840153963123162,134,154.14927829866735,0.919208973638015,243.0,194.10699588477365,0.8959252415359886,93,0.5849954903509885,0.970216713839344,0.2994381426025048,4,70.75,93,,,,,,,,8.44986042606104e-20,0.05136027697297241,2.0350579093259514e-27,0.9961490744342133,0.3854118916780882,0.0003001742749036777,0.4969468178095048,0.9999999999999999,0.00531960724905093,0.0005941450834275999,2.426444462022559e-15,2.426444462022559e-15,2.383943736861127e-15,,0.0,0.04233831474415694,0.0,,,,,0.8723404255319149,,0.0,0.5283018867924528,0.4660633484162896,0.0,0.0,0.48453608247422675,0.5666273111255945,0.17626437364253925,32,1.4068601307523376,0.8072305234730154,148,82.02438661763951,0.6973269866507767,90.0,52.62222222222222,0.6826118328087832,48,88.75641025641026,82.5,49.40797188357043,78,0.3349298500241897,0.445947321412649,0.6317649085592725,2,36.5,30
rbio2.2,1.0,antisymmetric,5.9276869677774494e-27,323.469985149847,48610311.1667499,0.5219298245614035,207.60079864270534,907,smoothed,4.563494014869383e-14,-8.959807340502846e-10,8.562838454240657,64497.02790673273,0.9631735469594906,8.29007699402138e-05,0.9999999999999999,700.2000000000002,,,,[],[],15,859.5066666666668,36.999999999999886,1148.0,"[7, 57, 111, 162, 256, 302, 399, 446, 515, 567, 615, 681, 775, 825, 898]","[1136.2, 752.2, 880.6, 824.1999999999998, 812.0, 949.8000000000002, 1087.0, 947.5999999999999, 882.6, 36.999999999999886, 986.2, 1148.0, 801.6, 709.4, 938.2]","[1, 35, 35, 141, 175, 141, 319, 421, 456, 559, 597, 667, 730, 797, 871]","[137, 70, 137, 175, 281, 315, 525, 525, 525, 569, 663, 904, 869, 834, 904]",417881492.5600002,1148.0,-1148.0,0.0,,,,DWT,mdp.39015056038071,0.0,,0.0,-27.5,74.0,0.0,-18.5,,0.0,522.4864419475657,17102.199999999997,522.4864419475657,,0.0,522.4864419475657,,,35.599999999999895,0.0,-18.5,0.0,0.0,,1.1368683772161603e-13,9.387431721782195e-15,1.9359033492751822e-27,0.9950146371557235,0.27604161395859467,0.05705098922165708,0.2584737759501796,0.033606836851941047,3.1799659073969846e-08,2.7587240781383177e-09,2.7587240781383177e-09,2.70393692912719e-09,,5.310900846610541e-13,0.9999999972412148,0.0,,,,,,0.0,0.8,0.8571428571428571,0.0,0.0,,0.6657142963414721,0.21369875071471106,48,0.8803873290044109,0.4400143366984081,512,0,0.22142857453380393,0.2833133369057477,47,0,0.23145540759115793,0.36932529561764005,523,271.39209028021924,0.7155219179452629,282.5,87.0036172376149,0.7097001623269291,319,rbio,0.6011515732570673,0.8080706865547747,0.3367726927536205,4,240.25,1.8845960137795697e-14,0.9999999999713677,1.8545704044800945e-27,0.9862917356133614,0.9083674516498385,0.00014128921867552274,0.1506527947776416,0.00043889894414213,1.1200929073140742e-10,0.9798453157402713,0.9798453157402713,0.9797420659259185,,5.31090084661054e-13,0.0008620203395957593,0.0,,,,,0.0,,0.0,0.8676470588235295,0.9338235294117647,0.0,0.0,1.0,1.262407878249134,0.4571154024926998,56,1.4064660892824032,0.8254264803322037,232,124.45079348883236,0.9347742172490396,144.0,90.22222222222221,0.929651259567916,69,0.5849954903509885,0.970216713839344,0.2994381426025048,4,52.75,69,,,,,,,,6.535792530477873e-20,0.9999999999729341,1.2258845564596687e-27,0.9940399855172439,0.3557130183497588,1.7122611368109786e-05,0.07003519359207627,0.9999999999999998,0.00014430759634761255,6.764498078638804e-14,0.001466684433777177,0.001466684433777177,0.0014590664654865516,,1.6713139204430802e-18,3.64964884538224e-05,0.0,,,,,0.0,,0.0,0.9150943396226415,0.9592760180995475,0.0,0.0,1.0,0.3887730146163784,0.12093810263813516,162,1.5023608622581595,0.8620270905235543,72,63.63961030678928,0.765167489642844,117.0,99.6923076923077,0.6667165861498353,59,88.75641025641026,82.5,49.40797188357043,78,0.3349298500241897,0.445947321412649,0.6317649085592725,2,44.75,31
rbio1.3,1.0,periodic,1.299555713251941e-26,320.0608887324938,48815406.37457055,0.5153508771929824,128.44988185177368,907,smoothed,8.699643969808063e-14,-9.667214806441406e-10,8.537552742971844,64530.92067556545,0.9861005280128617,8.290076994021377e-05,1.0,700.2000000000003,,,,[],[],15,859.5066666666668,37.000000000000114,1148.0,"[7, 57, 111, 162, 256, 302, 399, 446, 515, 567, 615, 681, 775, 825, 898]","[1136.2000000000003, 752.2000000000002, 880.6000000000001, 824.2, 812.0000000000001, 949.8000000000002, 1087.0000000000002, 947.5999999999999, 882.6000000000004, 37.000000000000114, 986.2000000000002, 1148.0, 801.6000000000001, 709.4000000000002, 938.2000000000002]","[1, 35, 35, 141, 175, 141, 319, 421, 456, 559, 597, 663, 730, 797, 871]","[663, 70, 137, 175, 281, 315, 663, 663, 526, 569, 663, 868, 868, 834, 904]",417881492.5600002,1148.0,-1148.0,0.0,,,,DWT,mdp.39015056038071,0.0,,0.0,-32.0,74.0,0.0,-18.5,,0.0,522.4864419475657,17102.199999999997,522.4864419475656,,0.0,522.4864419475657,,,35.60000000000012,0.0,-23.0,0.0,0.0,,2.2737367544323206e-13,7.040718257814307e-14,1.0805478939163615e-26,0.9820322586238991,0.1373093561680767,0.09210540338362266,0.13903684156561846,0.033826043690118296,3.1804068955965963e-08,2.7587240781383177e-09,2.7587240781383177e-09,2.7038859643372716e-09,,1.0621801693221082e-12,0.9999999972412148,0.0,,,,,,0.0,0.7000000000000002,0.7142857142857142,0.0,0.0,,0.6414285820573309,0.2059028736676703,70,0.7730718890525049,0.3863784760127085,774,0,0.20119047929611616,0.2574191075522082,66,0,0.19775855763305797,0.31555641114144967,793,413.17016268522264,0.5669075862838338,425.75,125.03808523616208,0.5603143801440134,714,rbio,0.6011515732570673,0.8080706865547747,0.3367726927536205,4,536.5,7.049001660129919e-14,0.9999999999713673,7.471108927473438e-27,0.9734486687957368,0.9022071636078193,0.00022810297695812528,0.08103835169318663,0.0004417617440613422,1.120248893649034e-10,0.9798453157402713,0.9798453157402713,0.9797420659259175,,1.062180169322108e-12,0.0008620203395957593,0.0,,,,,0.0,,0.0,0.8014705882352942,0.8676470588235294,0.0,0.0,1.0,1.2491725841317567,0.4523229286006918,114,1.3678788799361612,0.802780428188308,663,388.2016228714146,0.7965400299416066,388.5,194.54826254826256,0.7964618388701743,149,0.5849954903509885,0.970216713839344,0.2994381426025048,4,112.75,149,,,,,,,,4.901944979460865e-19,0.9999999999729338,6.84242307945301e-27,0.9847873504187832,0.35330067448016,2.8113519589159072e-05,0.027921519912259662,0.9999999999999999,0.00014733726317490157,6.765436252331183e-14,0.001466684433777177,0.001466684433777177,0.00145906646548655,,3.3426278408861603e-18,3.64964884538224e-05,0.0,,,,,0.0,,0.0,0.8726415094339623,0.9185520361990951,0.0,0.0,1.0,0.38045533340746523,0.11835066846463053,179,1.4787643471131984,0.8484878431909714,108,50.204581464244875,0.8147432418293548,143.5,134.7177700348432,0.6426114733132013,78,88.75641025641026,82.5,49.40797188357043,78,0.3349298500241897,0.445947321412649,0.6317649085592725,2,59.0,32
rbio2.6,1.0,antireflect,1.0699230713449579e-26,322.3708636091198,53235061.63128941,0.5760869565217391,536.1698583056865,907,raw,7.143162461964496e-14,-9.695090286143766e-10,8.768271134658207,118661.53338039655,0.7568139038565094,4.293740082320344e-06,1.0,708.0,,,,[],[],15,954.0,54.0,1308.0,"[9, 84, 164, 254, 330, 397, 444, 513, 572, 617, 680, 734, 786, 857, 902]","[1308.0, 1250.0, 1210.0000000000002, 1077.0000000000002, 1165.0, 449.0000000000002, 1284.0, 1197.0, 1067.0000000000002, 54.0, 1223.0000000000002, 676.0000000000002, 1014.0, 1115.0, 221.0]","[2, 35, 139, 245, 317, 317, 317, 489, 558, 616, 527, 730, 730, 730, 901]","[870, 317, 317, 279, 351, 398, 870, 527, 665, 631, 870, 737, 797, 870, 906]",462857712.0,1359.0,-1359.0,0.0,,,,DWT,mdp.39015056038071,0.0,,0.0,-77.5,115.0,0.0,-68.5,,0.0,414.03846153846155,55885.0,414.6025641025642,,0.0,414.03846153846155,,,50.0,0.0,-73.0,0.0,0.0,,0.0,5.1055755331469595e-14,5.646315107913523e-27,0.9821510221631947,0.9584164485383329,0.00035429280084365336,0.4273187417205454,0.00192242036879599,2.8632955552256507e-09,4.4533174909138267e-10,4.4533174909138267e-10,4.3628544367275983e-10,,0.0,0.9999999995546631,0.0,,,,,,0.0,0.33333333333333337,0.5,0.0,0.0,0.0,0.5833333343677383,0.17607356721632214,614,1.240372448803257,0.7976066378270227,89,0,0.14102564131371081,0.16975228753308275,611,0,0.3385947036559662,0.7475395800936296,93,301.09508464935124,0.6843867037218541,351.75,158.39094482059346,0.6578380059489773,393,rbio,0.6930940349654412,0.9909695410261004,0.21754331321636106,5,296.0,5.105575533146958e-14,0.00022537827079399664,5.64631510791352e-27,0.9821510221631945,0.958416448538333,0.002098877468601801,0.7237108190091004,0.005013979329562902,0.9837415452947248,9.579881332655305e-11,9.579881332655305e-11,9.429501623969827e-11,,0.0,0.9999999999959025,0.0,,,,,1.0,,0.0,0.13235294117647056,0.13235294117647056,0.0,0.0,0.0,1.2215930519074303,0.44233643438555087,805,1.3611058091181027,0.7988054500150032,723,57.982756057296896,0.9696107148546662,764.0,761.7997382198953,0.7845957138214631,157,0.5849954903509885,0.970216713839344,0.2994381426025048,4,118.75,157,,,,,,,,3.303235366956888e-19,0.05136027697297241,5.017629259893093e-27,0.9910568576439928,0.37531200300761824,0.00026495974243096306,0.41671007257955417,0.9999999999999999,0.004986060309440191,0.0005941450834275999,2.426444462022559e-15,2.426444462022559e-15,2.3863289816405953e-15,,0.0,0.04233831474415694,0.0,,,,,0.8723404255319149,,0.0,0.44339622641509435,0.4660633484162896,0.0,0.0,0.48453608247422675,0.5581367450878587,0.17362315908205647,99,1.3665091322089096,0.7840778610548603,181,57.982756057296896,0.78604149056348,140.0,127.99285714285712,0.6347181622559097,82,88.75641025641026,82.5,49.40797188357043,78,0.3349298500241897,0.445947321412649,0.6317649085592725,2,62.0,33
db36,1.0,constant,4.673547681544015e-26,315.96792235557507,53553786.793360434,0.581799591002045,392.8247760300574,907,raw,1.6157013250275904e-13,-8.536583662177664e-10,8.646191409930555,118009.11144449675,0.8525434945924097,4.293740082320344e-06,0.9999999999999998,708.0,,,,[],[],15,954.0,54.00000000000057,1308.0,"[9, 84, 164, 254, 330, 397, 444, 513, 572, 617, 680, 734, 786, 857, 902]","[1308.0, 1249.9999999999998, 1210.0, 1077.0, 1164.9999999999995, 449.0000000000001, 1284.0, 1197.0000000000002, 1067.0000000000005, 54.00000000000057, 1223.0000000000005, 676.0000000000006, 1014.0000000000001, 1115.0, 221.0]","[2, 35, 139, 174, 317, 317, 317, 489, 558, 616, 527, 730, 730, 730, 901]","[527, 317, 317, 282, 351, 398, 527, 527, 595, 631, 906, 737, 797, 906, 906]",462857712.0,1359.0,-1359.0,0.0,,,,DWT,mdp.39015056038071,0.0,,0.0,-77.5,115.0,0.0,-68.5,,0.0,414.03846153846155,55885.0,414.6025641025642,,0.0,414.03846153846155,,,50.00000000000057,0.0,-73.0,0.0,0.0,,0.0,1.6360288832632524e-13,3.4282801027754695e-26,0.9580292631158379,0.9286745021711641,0.0004894402925327071,0.5526122210225708,0.001867141414085545,2.8656840233231027e-09,4.4533174909138267e-10,4.4533174909138267e-10,4.3628544367275983e-10,,0.0,0.9999999995546631,0.0,,,,,,0.0,0.33333333333333337,0.5,0.0,0.0,0.0,0.5833333343684548,0.1760735672165384,595,1.2611912740760627,0.8109939339132682,74,0,0.14102564131389456,0.1697522875333039,593,0,0.34881036685947925,0.7700934254405177,74,300.2232502655316,0.6853005762415811,334.0,131.60474909965197,0.6675978772193231,359,db,0.7310736328536972,1.0,0.18824845700241194,6,270.75,1.6360288832632522e-13,0.00022537827079399664,3.428280102775469e-26,0.9580292631158378,0.9286745021711642,0.002233789100485537,0.7841584629286164,0.004958871602171119,0.9837415452947637,9.579881332655305e-11,9.579881332655305e-11,9.429501623969827e-11,,0.0,0.9999999999959025,0.0,,,,,1.0,,0.0,0.13235294117647056,0.13235294117647056,0.0,0.0,0.0,1.2215930519074423,0.4423364343855552,789,1.3559862507989295,0.795800884859503,777,8.48528137423857,0.9955527875397072,783.0,782.9540229885058,0.7925877145245706,151,0.5932924258364,0.7822905243672058,0.35000814460435825,3,114.0,151,,,,,,,,1.256163633627847e-18,0.05136027697297241,3.3654115179734263e-26,0.9736786225567239,0.36366517716126406,0.00028204000013803303,0.45327823628161645,0.9999999999999997,0.0049277404623262935,0.0005941450834276233,2.426444462022559e-15,2.426444462022559e-15,2.3863289816405953e-15,,0.0,0.04233831474415694,0.0,,,,,0.8723404255319149,,0.0,0.44339622641509435,0.4660633484162896,0.0,0.0,0.48453608247422675,0.5581367450878587,0.17362315908205647,108,1.364871255904204,0.7831380776905222,193,60.10407640085654,0.7782137402182415,150.5,138.4983388704319,0.6114315933563532,99,148.9857142857143,151.0,69.14372614651623,70,0.5622102425876011,0.6240786312822121,0.4192292408040156,4,75.25,34
bior1.3,1.0,periodic,1.5543791814247318e-26,319.2832680521573,49135611.60426456,0.5339912280701754,185.24459598619396,907,smoothed,9.317745644024977e-14,-9.701022873898072e-10,8.551230135263705,68392.80129838028,0.967873318738739,8.290076994021378e-05,0.9999999999999999,700.1999999999999,,,,[],[],15,859.5066666666668,37.00000000000023,1148.0,"[7, 57, 111, 162, 256, 302, 399, 446, 515, 567, 615, 681, 775, 825, 898]","[1136.2000000000003, 752.2000000000004, 880.6000000000001, 824.2, 812.0000000000002, 949.8000000000001, 1087.0000000000005, 947.5999999999999, 882.6, 37.00000000000023, 986.2000000000002, 1148.0, 801.6000000000001, 709.4000000000001, 938.2000000000002]","[1, 35, 35, 141, 175, 141, 319, 421, 456, 559, 593, 593, 730, 797, 872]","[593, 70, 138, 175, 281, 316, 593, 593, 593, 569, 663, 868, 868, 834, 904]",417881492.5600002,1148.0,-1148.0,0.0,,,,DWT,mdp.39015056038071,0.0,,0.0,-32.0,74.0,0.0,-18.5,,0.0,522.4864419475657,17102.199999999997,522.4864419475656,,0.0,522.4864419475657,,,35.600000000000236,0.0,-23.0,0.0,0.0,,1.1368683772161603e-13,7.952590665137962e-14,1.4003296613165286e-26,0.9790709560409288,0.21235156056423335,0.14683416500508825,0.4774414889885431,0.05880336687440346,3.1806273896964016e-08,2.7587240781383177e-09,2.7587240781383177e-09,2.7038859643372716e-09,,5.310900846610541e-13,0.9999999972412148,0.0,,,,,,0.0,0.7000000000000002,0.7142857142857142,0.0,0.0,,0.6414285820577268,0.2059028736677974,60,0.9815333787544205,0.49056675893822393,286,0,0.20119047929625566,0.2574191075523867,60,0,0.2677859339247538,0.42729664533784567,282,129.33676971379793,0.8644268661280944,172.0,99.06891045326128,0.8420666825399381,67,bior,0.7117551471424625,1.0,0.20177139700027627,6,51.75,7.820764727504432e-14,0.9999999999713675,9.496083625926318e-27,0.9705191434512813,0.9055393489391244,0.000363641099505533,0.2782792737658098,0.0007679608690005979,1.1203266092607578e-10,0.9798453157402713,0.9798453157402713,0.9797420659259175,,5.31090084661054e-13,0.0008620203395957593,0.0,,,,,0.0,,0.0,0.8014705882352942,0.8676470588235294,0.0,0.0,1.0,1.2491725841314936,0.45232292860059653,120,1.4468818749354415,0.8491456868994015,55,45.96194077712559,0.9759109325067475,87.5,75.42857142857143,0.9650256968613402,56,0.624472043587361,0.8820529008810402,0.29825369922453526,5,43.25,56,,,,,,,,5.536816054443593e-19,0.999999999972934,8.867397777905892e-27,0.9826768086448557,0.3546055447721839,4.5273093081214935e-05,0.14724359533840717,0.9999999999999998,0.0004925498857150431,6.765905296825725e-14,0.001466684433777177,0.001466684433777177,0.00145906646548655,,1.6713139204430802e-18,3.64964884538224e-05,0.0,,,,,0.0,,0.0,0.8726415094339623,0.9185520361990951,0.0,0.0,1.0,0.38045533340746523,0.11835066846463053,180,1.5260259522010748,0.875605684816677,17,115.25840533340725,0.5746922312420397,98.5,31.065989847715738,0.6056117982778464,103,145.70212765957447,152.0,62.45900042832168,47,0.5498193496587716,0.5637435190571668,0.44600339952170986,3,78.0,35
db8,1.0,symmetric,1.1201953576755758e-26,320.7059000759484,49828082.02407068,0.5184381778741866,142.30603584013062,907,smoothed,7.448360193961495e-14,-8.675186569107049e-10,8.551020755601938,66640.36715811049,0.9868597464137152,8.290076994021382e-05,1.0,700.1999999999999,,,,[],[],15,859.5066666666668,36.999999999999886,1148.0,"[7, 57, 111, 162, 256, 302, 399, 446, 515, 567, 615, 681, 775, 825, 898]","[1136.2000000000003, 752.2000000000002, 880.5999999999999, 824.1999999999998, 811.9999999999999, 949.7999999999998, 1087.0, 947.6000000000001, 882.6, 36.999999999999886, 986.2000000000002, 1148.0, 801.5999999999999, 709.3999999999999, 938.1999999999999]","[1, 35, 35, 137, 175, 137, 137, 421, 456, 559, 593, 137, 730, 797, 868]","[137, 70, 137, 175, 281, 315, 593, 593, 593, 569, 666, 868, 868, 834, 904]",417881492.5600002,1148.0,-1148.0,0.0,,,,DWT,mdp.39015056038071,0.0,,0.0,-23.0,74.0,0.0,-18.5,,0.0,522.4864419475657,17102.199999999997,522.4864419475655,,0.0,522.4864419475657,,,35.599999999999895,0.0,-41.0,0.0,0.0,,1.1368683772161603e-13,5.19472560559926e-14,8.554659110087257e-27,0.9844885638710676,0.21120278080860305,0.26518966023451107,0.19508497635634944,0.04746922215172432,3.1799659073969846e-08,2.7587240781383177e-09,2.7587240781383177e-09,2.7038349995473532e-09,,5.310900846610541e-13,0.9999999972412148,0.0,,,,,,0.0,0.9000000000000001,0.14285714285714285,0.0,0.0,,0.6042857249128699,0.1939797675944384,81,0.9259110382474427,0.4627669185072309,414,0,0.17023809834331927,0.21781616853958288,81,0,0.2433478862031868,0.38830170763896715,443,200.97823265219546,0.7893309930270488,254.75,136.2205120798861,0.7611487250250548,208,db,0.5360056224508035,0.703143681746848,0.4138529597603831,3,156.75,5.486646071582501e-14,0.999999999971368,6.045807778595842e-27,0.9758786158456195,0.9054883383500644,0.0006567535533834007,0.11370630076174176,0.0006199390788674203,1.1200929073140742e-10,0.9798453157402713,0.9798453157402713,0.9797420659259164,,5.31090084661054e-13,0.0008620203395957593,0.0,,,,,0.0,,0.0,0.9338235294117647,0.6029411764705882,0.0,0.0,1.0,1.235937290013839,0.4475304547084881,236,1.3843302113867662,0.8124353816347716,417,127.9863273947651,0.932921212057251,326.5,301.4150076569679,0.8808998093829232,104,0.5932924258364,0.7822905243672058,0.35000814460435825,3,78.75,104,,,,,,,,3.6167132627103746e-19,0.9999999999729344,5.4171219305754164e-27,0.9865379769381666,0.3545855692319228,8.238209680077615e-05,0.04768419107509497,0.9999999999999999,0.00033590020011433405,6.764498078638804e-14,0.001466684433777177,0.001466684433777177,0.0014590664654865486,,1.6713139204430802e-18,3.64964884538224e-05,0.0,,,,,0.0,,0.0,0.9575471698113207,0.755656108597285,0.0,0.0,1.0,0.3726563066850201,0.11592457545206039,194,1.4884647983292256,0.8540537840701479,86,76.36753236814714,0.7182009875714128,140.0,119.17142857142858,0.6007979107598762,106,148.9857142857143,151.0,69.14372614651623,70,0.5622102425876011,0.6240786312822121,0.4192292408040156,4,80.5,36
db29,1.0,constant,3.6938537348038464e-26,316.98959218740083,53573779.38290336,0.5809128630705395,394.1842705705454,907,raw,1.4638345662412662e-13,-9.006927426114067e-10,8.642298159084284,115294.0208997885,0.8490196285129755,4.293740082320344e-06,1.0,708.0,,,,[],[],15,954.0,53.999999999999886,1308.0,"[9, 84, 164, 254, 330, 397, 444, 513, 572, 617, 680, 734, 786, 857, 902]","[1308.0, 1249.9999999999995, 1210.0000000000005, 1077.0, 1164.9999999999995, 448.9999999999999, 1284.0000000000002, 1197.0, 1066.9999999999998, 53.999999999999886, 1223.0000000000005, 676.0000000000002, 1013.9999999999997, 1114.9999999999995, 221.00000000000057]","[2, 35, 139, 174, 317, 139, 139, 489, 558, 616, 527, 730, 730, 730, 901]","[139, 139, 317, 279, 351, 398, 870, 527, 595, 631, 870, 737, 797, 870, 906]",462857712.0,1359.0,-1359.0,0.0,,,,DWT,mdp.39015056038071,0.0,,0.0,-64.0,115.0,0.0,-68.5,,0.0,414.03846153846155,55885.0,414.6025641025641,,0.0,414.03846153846155,,,49.999999999999886,0.0,-82.0,0.0,0.0,,0.0,1.4464077246704548e-13,2.6497586154880136e-26,0.9618781932455047,0.9277260002137583,0.0004979176537536986,0.533163886262901,0.0016370949380290804,2.8628178616061604e-09,4.4533174909138267e-10,4.4533174909138267e-10,4.362806667551004e-10,,0.0,0.9999999995546631,0.0,,,,,,0.0,0.8333333333333333,0.0,0.0,0.0,0.0,0.5833333343675935,0.17607356721627843,627,1.2551592673614742,0.80711512428668,77,0,0.1410256413136737,0.16975228753303806,626,0,0.34641472747344165,0.7648044021883587,77,317.2542355903227,0.667448390366538,351.75,137.14426904598488,0.6493688492713193,414,db,0.7310736328536972,1.0,0.18824845700241194,6,312.0,1.4464077246704545e-13,0.00022537827079399664,2.6497586154880136e-26,0.9618781932455045,0.9277260002137584,0.002242251666990458,0.7747756441184993,0.004729537698222233,0.9837415452947171,9.579881332655305e-11,9.579881332655305e-11,9.429390601667365e-11,,0.0,0.9999999999959025,0.0,,,,,1.0,,0.0,0.3308823529411765,0.0,0.0,0.0,0.0,1.2282106989662516,0.4447326713316029,555,1.3539807280956473,0.7946238841775731,802,174.65537495307723,0.9084615435256409,678.5,656.0206337509211,0.7764267885343089,171,0.5932924258364,0.7822905243672058,0.35000814460435825,3,129.0,171,,,,,,,,1.1001766553900553e-18,0.05136027697297241,2.586890030685971e-26,0.9764515385988958,0.36329374763286487,0.00028311138897789103,0.44760204392758535,0.9999999999999999,0.004685039141670371,0.0005941450834275953,2.426444462022559e-15,2.426444462022559e-15,2.3848110985991156e-15,,0.0,0.04233831474415694,0.0,,,,,0.8723404255319149,,0.0,0.5707547169811321,0.38461538461538464,0.0,0.0,0.48453608247422675,0.562727797764372,0.17505132713625418,46,1.3639822689898526,0.7826279933142959,198,107.48023074035522,0.6033939825079143,122.0,74.65573770491802,0.5766047403314479,131,148.9857142857143,151.0,69.14372614651623,70,0.5622102425876011,0.6240786312822121,0.4192292408040156,4,99.25,37
db21,1.0,zero,2.9496620783409743e-26,317.96666648645464,53557655.8597032,0.580168776371308,395.3998147557026,907,raw,1.240512041980282e-13,-8.875156165544335e-10,8.64223246089182,114310.14936619843,0.8425237244179353,4.293740082320344e-06,1.0,707.9999999999999,,,,[],[],15,954.0,54.00000000000034,1308.0000000000002,"[9, 84, 164, 254, 330, 397, 444, 513, 572, 617, 680, 734, 786, 857, 902]","[1308.0000000000002, 1249.9999999999998, 1210.0, 1077.0, 1164.9999999999995, 448.9999999999999, 1284.0, 1196.9999999999998, 1067.0, 54.00000000000034, 1223.0000000000005, 676.0, 1014.0000000000002, 1114.9999999999998, 221.0000000000001]","[2, 35, 139, 245, 317, 139, 139, 489, 558, 616, 595, 730, 762, 762, 901]","[870, 139, 317, 282, 351, 398, 870, 595, 595, 631, 870, 737, 797, 870, 906]",462857712.0,1359.0000000000002,-1359.0000000000002,0.0,,,,DWT,mdp.39015056038071,0.0,,0.0,-73.0,115.0,0.0,-68.5,,2.2737367544323206e-13,414.03846153846155,55885.0,414.6025641025641,,0.0,414.03846153846155,,,50.00000000000034,0.0,-73.0,2.2737367544323206e-13,2.2737367544323206e-13,,1.1368683772161603e-13,1.1675667450600485e-13,2.0583808723222202e-26,0.9655591189138596,0.9277099943444707,0.0004910808740544337,0.5168440583848056,0.0015537326429351656,2.864728636084122e-09,4.4533174909138267e-10,4.4533174909138267e-10,4.362806667551004e-10,,2.0096603296879822e-12,0.9999999995546631,6.249255530696294e-14,,,,,,0.0,0.5,0.5,4.503703478699948e-14,4.503703478699948e-14,0.0,0.6000000010358875,0.18110424055688668,404,1.2507951253687093,0.8043088150807577,82,0,0.15384615413449984,0.18518431364126373,403,0,0.3445939978800347,0.7607846481253937,83,185.3303357071727,0.805733400726234,243.0,136.986527373144,0.7755082097970792,156,db,0.7310736328536972,1.0,0.18824845700241194,6,118.5,1.1675667450600482e-13,0.00022537827079399664,2.0583808723222202e-26,0.9655591189138594,0.9277099943444708,0.002235426818859502,0.7669021685801202,0.0046464336189781155,0.9837415452947481,9.579881332655305e-11,9.579881332655305e-11,9.429390601667365e-11,,5.31090084661054e-13,0.9999999999959025,5.035116483609851e-14,,,,,1.0,,0.0,0.1985294117647059,0.13235294117647056,4.503703478699948e-14,4.503703478699948e-14,0.0,1.2282106989665695,0.444732671331718,456,1.3529952362908935,0.7940455189841334,809,249.60869375885127,0.8691778334597215,632.5,583.2474308300395,0.7688394408388755,178,0.5932924258364,0.7822905243672058,0.35000814460435825,3,134.25,178,,,,,,,,8.707952818077033e-19,0.05136027697297241,1.9955122875201776e-26,0.9791034178203841,0.3632874797992197,0.00028224734068746046,0.44283893781256484,0.9999999999999999,0.00459709109108934,0.0005941450834276139,2.426444462022559e-15,2.426444462022559e-15,2.3848110985991156e-15,,1.6713139204430802e-18,0.04233831474415694,9.41946501642748e-19,,,,,0.8723404255319149,,0.0,0.48584905660377364,0.4660633484162896,4.146815168660129e-19,4.146815168660129e-19,0.48453608247422675,0.5623820281067267,0.1749437663622979,65,1.3636294089155374,0.7824255286795565,202,96.87362902255701,0.642532734234107,133.5,98.35205992509363,0.5749564040174224,132,148.9857142857143,151.0,69.14372614651623,70,0.5622102425876011,0.6240786312822121,0.4192292408040156,4,100.0,38
rbio2.4,1.0,antireflect,1.0682935396419002e-26,322.3774831139922,52991198.222133,0.5753275109170306,539.1746692119027,907,raw,7.014783840302098e-14,-9.692256996984923e-10,8.764190940057441,110322.404611979,0.7329227248344922,4.293740082320344e-06,1.0,708.0,,,,[],[],15,954.0,53.999999999999886,1308.0,"[9, 84, 164, 254, 330, 397, 444, 513, 572, 617, 680, 734, 786, 857, 902]","[1308.0, 1250.0, 1210.0000000000002, 1077.0000000000002, 1165.0, 449.0, 1284.0, 1197.0000000000002, 1067.0000000000002, 53.999999999999886, 1223.0000000000002, 676.0000000000002, 1014.0, 1115.0, 221.0]","[2, 35, 139, 245, 317, 139, 139, 489, 558, 616, 527, 730, 762, 762, 901]","[527, 139, 317, 279, 351, 398, 527, 527, 595, 631, 870, 737, 797, 870, 906]",462857712.0,1359.0,-1359.0,0.0,,,,DWT,mdp.39015056038071,0.0,,0.0,-64.0,115.0,0.0,-68.5,,0.0,414.03846153846155,55885.0,414.6025641025642,,0.0,414.03846153846155,,,49.999999999999886,0.0,-77.5,0.0,0.0,,0.0,4.9452817126116756e-14,5.633365906285116e-27,0.9821759597809584,0.9574224019900276,0.0002508885768154137,0.4106620516272792,0.0012158556502474657,2.8628178616061604e-09,4.4533174909138267e-10,4.4533174909138267e-10,4.3628544367275983e-10,,0.0,0.9999999995546631,0.0,,,,,,0.0,0.8333333333333333,0.25,0.0,0.0,0.0,0.608333334367595,0.18361957722645447,317,1.232893384063022,0.7927973148794637,109,0,0.16025641054444328,0.19290032669481127,319,0,0.3359610225179111,0.741725015155713,119,117.85301580075638,0.8764643440243644,216.0,167.59511818971683,0.8250246248423709,110,rbio,0.6930940349654412,0.9909695410261004,0.21754331321636106,5,83.75,4.9452817126116743e-14,0.00022537827079399664,5.6333659062851134e-27,0.9821759597809583,0.9574224019900276,0.001995653705933543,0.7156748248197426,0.004309603204898831,0.9837415452947171,9.579881332655305e-11,9.579881332655305e-11,9.429501623969827e-11,,0.0,0.9999999999959025,0.0,,,,,1.0,,0.0,0.3308823529411765,0.06617647058823523,0.0,0.0,0.0,1.2348283460250753,0.4471289082776558,356,1.357075988407665,0.7964404298053205,764,288.4995667241114,0.8487947763500464,560.0,485.6857142857143,0.7776468640660086,170,0.5849954903509885,0.970216713839344,0.2994381426025048,4,128.5,170,,,,,,,,3.1713737704924125e-19,0.05136027697297241,5.00468005826469e-27,0.9910748236548117,0.37492273840171936,0.00025189127351357075,0.41184864983466574,0.9999999999999999,0.004240627502729792,0.0005941450834275953,2.426444462022559e-15,2.426444462022559e-15,2.3863289816405953e-15,,0.0,0.04233831474415694,0.0,,,,,0.8723404255319149,,0.0,0.5707547169811321,0.4253393665158371,0.0,0.0,0.48453608247422675,0.5668001959544172,0.17631815402951742,28,1.3640760030573533,0.7826817762019632,197,119.50104602052653,0.5590367305515627,112.5,49.03111111111111,0.5719537896300249,134,88.75641025641026,82.5,49.40797188357043,78,0.3349298500241897,0.445947321412649,0.6317649085592725,2,101.0,39
db2,1.0,reflect,8.895453012506909e-27,323.17270843470874,53512366.60625166,0.5769230769230769,434.28254234285527,907,raw,6.3516018366692e-14,-9.635617859160648e-10,8.652424837124423,102376.96402709794,0.8138811549171328,4.293740082320344e-06,1.0,708.0000000000001,,,,[],[],15,954.0,54.000000000000114,1308.0,"[9, 84, 164, 254, 330, 397, 444, 513, 572, 617, 680, 734, 786, 857, 902]","[1308.0, 1250.0000000000002, 1210.0, 1077.0, 1165.0000000000002, 449.00000000000034, 1284.0, 1197.0000000000002, 1067.0, 54.000000000000114, 1223.0000000000002, 676.0, 1014.0, 1115.0, 221.0]","[2, 35, 139, 245, 317, 139, 139, 489, 558, 616, 665, 730, 762, 762, 901]","[139, 139, 317, 279, 351, 398, 665, 665, 665, 631, 870, 737, 797, 870, 906]",462857712.0,1359.0,-1359.0,0.0,,,,DWT,mdp.39015056038071,0.0,,0.0,-68.5,115.0,0.0,-68.5,,0.0,414.03846153846155,55885.0,414.6025641025642,,0.0,414.03846153846155,,,50.000000000000114,0.0,-73.0,0.0,0.0,,1.1368683772161603e-13,4.1172312498787666e-14,4.212928994682515e-27,0.985171806972913,0.9301931348327077,0.00047187709056688585,0.44565711687130444,0.0005426476753494088,2.863773248845141e-09,4.4533174909138267e-10,4.4533174909138267e-10,4.3628544367275983e-10,,2.0096603296879822e-12,0.9999999995546631,0.0,,,,,,0.0,0.6666666666666666,0.5,0.0,0.0,0.0,0.6166666677022198,0.18613491389690281,243,1.234915495964059,0.7940976097032096,92,0,0.16666666695492777,0.20061633974901005,245,0,0.3374337976346975,0.744976565402918,101,85.24230170519799,0.9106474824893103,170.25,138.08619428782387,0.8660941814962275,54,db,0.7310736328536972,1.0,0.18824845700241194,6,42.0,4.117231249878764e-14,0.00022537827079399664,4.212928994682515e-27,0.9851718069729127,0.9301931348327078,0.0022162565498721355,0.7325581395348835,0.00363848050091531,0.9837415452947326,9.579881332655305e-11,9.579881332655305e-11,9.429501623969827e-11,,5.31090084661054e-13,0.9999999999959025,0.0,,,,,1.0,,0.0,0.2647058823529412,0.13235294117647056,0.0,0.0,0.0,1.2348283460253455,0.44712890827775364,314,1.3518540413706077,0.7933757747836849,814,353.5533905932738,0.8146994808211353,564.0,453.1843971631206,0.7595509982722028,194,0.5932924258364,0.7822905243672058,0.35000814460435825,3,146.25,192,,,,,,,,2.490199314705611e-19,0.05136027697297241,3.584243146662088e-27,0.9932331462168233,0.3642598675663651,0.0002798203213856685,0.4220623120438784,0.9999999999999999,0.003530386392391052,0.0005941450834276046,2.426444462022559e-15,2.426444462022559e-15,2.3863289816405953e-15,,1.6713139204430802e-18,0.04233831474415694,0.0,,,,,0.8723404255319149,,0.0,0.5283018867924528,0.4660633484162896,0.0,0.0,0.48453608247422675,0.5666273111255945,0.17626437364253925,35,1.3638548941403688,0.7825549079633227,199,115.96551211459379,0.5720829811269601,117.0,59.529914529914535,0.5701743318918934,136,148.9857142857143,151.0,69.14372614651623,70,0.5622102425876011,0.6240786312822121,0.4192292408040156,4,103.0,40
db22,1.0,antireflect,2.798297239526841e-26,318.1954506941711,55325867.341151275,0.5768421052631579,430.09199074284317,907,raw,1.1989429417418387e-13,-9.078787721605948e-10,8.693140475197309,163035.8535740973,0.888515642072611,4.293740082320344e-06,0.9999999999999998,708.0000000000002,,,,[],[],15,954.0,53.999999999999886,1307.9999999999998,"[9, 84, 164, 254, 330, 397, 444, 513, 572, 617, 680, 734, 786, 857, 902]","[1307.9999999999998, 1250.0000000000005, 1210.0000000000002, 1077.0, 1164.9999999999993, 448.9999999999998, 1284.0, 1197.0, 1066.9999999999998, 53.999999999999886, 1223.0000000000002, 676.0000000000002, 1013.9999999999999, 1115.0, 221.00000000000023]","[2, 35, 139, 174, 317, 317, 317, 489, 558, 616, 665, 730, 762, 762, 901]","[665, 317, 317, 279, 351, 398, 665, 665, 665, 631, 906, 737, 797, 906, 906]",462857712.0,1358.9999999999998,-1358.9999999999998,0.0,,,,DWT,mdp.39015056038071,0.0,,0.0,-86.5,115.0,0.0,-68.5,,2.2737367544323206e-13,414.03846153846155,55885.0,414.6025641025641,,0.0,414.03846153846155,,,49.999999999999886,0.0,-64.0,2.2737367544323206e-13,2.2737367544323206e-13,,2.2737367544323206e-13,1.1156634779338686e-13,1.9380976146490373e-26,0.9664210161754222,0.9401125733518424,0.0012408470517252124,0.4438811900146012,0.005682205105204845,2.8628178616061604e-09,4.4533174909138267e-10,4.4533174909138267e-10,4.362806667551004e-10,,4.0193206593759645e-12,0.9999999995546631,6.249255530696294e-14,,,,,,0.0,0.0,1.0,4.503703478699948e-14,4.503703478699948e-14,0.0,0.600000001036319,0.18110424055701693,398,1.230354677954993,0.7911648303420896,123,0,0.15384615413450745,0.18518431364127289,399,0,0.3367625473855583,0.74349459854413,116,161.1065899748776,0.8311251677412185,259.0,183.7424713342697,0.7798183490697707,148,db,0.7310736328536972,1.0,0.18824845700241194,6,112.5,1.1156634779338684e-13,0.00022537827079399664,1.9380976146490373e-26,0.966421016175422,0.9401125733518424,0.002983884502362249,0.7317013463892296,0.008762118081301212,0.9837415452947171,9.579881332655305e-11,9.579881332655305e-11,9.429390601667365e-11,,1.062180169322108e-12,0.9999999999959025,5.035116483609851e-14,,,,,1.0,,0.0,0.0,0.2647058823529411,4.503703478699948e-14,4.503703478699948e-14,0.0,1.2215930519080023,0.442336434385758,664,1.3476538379018397,0.790910760381757,847,129.4005409571382,0.9321800099805355,755.5,744.4182660489743,0.7681078246967667,179,0.5932924258364,0.7822905243672058,0.35000814460435825,3,135.0,179,,,,,,,,8.280983915462742e-19,0.05136027697297241,1.8752290298469947e-26,0.9797243614755754,0.36814427955136914,0.00037700455278671344,0.4215439899062812,0.9999999999999997,0.008952670607284687,0.0005941450834275953,2.426444462022559e-15,2.426444462022559e-15,2.3848110985991156e-15,,3.3426278408861603e-18,0.04233831474415694,9.41946501642748e-19,,,,,0.8723404255319149,,0.0,0.3584905660377359,0.5475113122171946,4.146815168660129e-19,4.146815168660129e-19,0.48453608247422675,0.5577909754302133,0.17351559830810015,116,1.359702006234741,0.7801720570993979,214,69.29646455628166,0.7442934887222079,165.0,150.44848484848484,0.5677187000806612,137,148.9857142857143,151.0,69.14372614651623,70,0.5622102425876011,0.6240786312822121,0.4192292408040156,4,103.75,41
bior2.2,1.0,symmetric,4.3850298941103876e-27,324.7791121769142,49327305.78473731,0.5175438596491229,124.64958948929515,907,smoothed,3.9271783179331693e-14,-8.985662436344914e-10,8.526613938113949,69183.66528819865,0.9885685606635656,8.29007699402138e-05,1.0,700.2,,,,[],[],15,859.5066666666668,37.0,1148.0,"[7, 57, 111, 162, 256, 302, 399, 446, 515, 567, 615, 681, 775, 825, 898]","[1136.2, 752.2, 880.5999999999999, 824.1999999999999, 812.0000000000001, 949.8000000000001, 1087.0, 947.5999999999999, 882.6, 37.0, 986.2000000000002, 1148.0, 801.6000000000001, 709.4, 938.2]","[1, 35, 35, 141, 175, 141, 319, 421, 456, 559, 596, 319, 730, 797, 872]","[319, 70, 319, 175, 281, 319, 526, 526, 526, 569, 663, 868, 868, 834, 904]",417881492.5600002,1148.0,-1148.0,0.0,,,,DWT,mdp.39015056038071,0.0,,0.0,-45.5,74.0,0.0,-18.5,,0.0,522.4864419475657,17102.199999999997,522.4864419475656,,0.0,522.4864419475657,,,35.60000000000001,0.0,-23.0,0.0,0.0,,0.0,0.0,0.0,1.0,0.07729265031660047,0.17959810554828623,0.1788491530271402,0.0639184047012612,3.1801864014967905e-08,2.7587240781383177e-09,2.7587240781383177e-09,2.7038859643372716e-09,,0.0,0.9999999972412148,0.0,,,,,,0.0,0.4,0.7142857142857142,0.0,0.0,,0.6114285820561383,0.19627267260855447,74,0.8255524010238039,0.41260804214101465,624,0,0.17619047929584392,0.22543211834978466,76,0,0.21423690194189834,0.34185032860265574,634,319.87914384446304,0.6646969142091582,352.0,133.9976965069631,0.6478620839389606,477,bior,0.7117551471424625,1.0,0.20177139700027627,6,359.25,1.0900908788303575e-14,0.9999999999713677,6.286858480204258e-28,0.9912236013698708,0.8995421727739175,0.0004447824017552481,0.10424316605467238,0.0008347622972738234,1.1201711780373103e-10,0.9798453157402713,0.9798453157402713,0.9797420659259175,,0.0,0.0008620203395957593,0.0,,,,,0.0,,0.0,0.6029411764705883,0.8676470588235294,0.0,0.0,1.0,1.2293196429547526,0.44513421776234013,386,1.3867588097419508,0.813860676853573,394,5.656854249492381,0.9970351916931381,390.0,389.9589743589744,0.8963163379849338,90,0.624472043587361,0.8820529008810402,0.29825369922453526,5,68.75,90,,,,,,,,0.0,0.9999999999729341,0.0,0.997593089682127,0.35225707485351127,5.554584965350768e-05,0.0419594111388657,0.9999999999999999,0.0005632450362551356,6.764967165484993e-14,0.001466684433777177,0.001466684433777177,0.00145906646548655,,0.0,3.64964884538224e-05,0.0,,,,,0.0,,0.0,0.7452830188679246,0.9185520361990951,0.0,0.0,1.0,0.36771948435086144,0.11438884662390636,209,1.491721226622787,0.8559222628610411,84,88.38834764831844,0.6738437356150611,146.5,119.83617747440273,0.566626664855501,139,145.70212765957447,152.0,62.45900042832168,47,0.5498193496587716,0.5637435190571668,0.44600339952170986,3,105.0,42
db31,1.0,constant,3.728858089364536e-26,316.9486305790702,53639642.998966865,0.5805785123966942,381.5014393766042,907,raw,1.3693126015648027e-13,-9.179287330241073e-10,8.631876593760209,116090.79946318257,0.8563801999503632,4.293740082320345e-06,1.0,708.0,,,,[],[],15,953.9999999999999,53.999999999999545,1308.0,"[9, 84, 164, 254, 330, 397, 444, 513, 572, 617, 680, 734, 786, 857, 902]","[1308.0, 1249.9999999999993, 1210.0, 1076.9999999999998, 1164.9999999999995, 448.99999999999955, 1284.0, 1197.0, 1067.0, 53.999999999999545, 1223.0000000000002, 675.9999999999997, 1013.9999999999998, 1114.9999999999995, 220.99999999999977]","[2, 35, 139, 174, 317, 317, 317, 489, 558, 616, 527, 730, 730, 730, 901]","[317, 317, 317, 279, 351, 398, 527, 527, 595, 631, 906, 737, 797, 906, 906]",462857712.0,1359.0,-1359.0,0.0,,,,DWT,mdp.39015056038071,0.0,,0.0,-73.0,115.0,0.0,-68.5,,0.0,414.03846153846143,55885.0,414.60256410256386,,0.0,414.03846153846143,,,49.999999999999545,0.0,-73.0,0.0,0.0,,0.0,1.3283873981838894e-13,2.677575100692197e-26,0.9617238788441667,0.9251870230197807,0.0005258454848879408,0.5258306743485963,0.0017046050625305945,2.861384780747689e-09,4.453269741326731e-10,4.453269741326731e-10,4.3627111291978147e-10,,0.0,0.9999999995546631,0.0,,,,,,0.0,0.5,0.5,0.0,0.0,0.0,0.6000000010338246,0.181104240556264,448,1.250904873323325,0.8043793871876873,81,0,0.15384615413407482,0.18518431364075214,448,0,0.3449960038228707,0.7616721852027845,80,212.1766166821091,0.777592644987307,264.25,136.47235802933434,0.7503005153657709,196,db,0.7310736328536972,1.0,0.18824845700241194,6,148.5,1.3283873981838891e-13,0.00022537827079399664,2.6775751006921964e-26,0.9617238788441664,0.9251870230197807,0.0022701307583905626,0.7712377474533927,0.004796838709189284,0.9837415452946938,9.579781412583088e-11,9.579781412583088e-11,9.429179659292686e-11,,0.0,0.9999999999959025,0.0,,,,,1.0,,0.0,0.1985294117647059,0.13235294117647056,0.0,0.0,0.0,1.2282106989662431,0.4447326713315998,567,1.3512443521418962,0.7930179605157216,824,181.7264427649427,0.9047555331420636,695.5,671.7584471603163,0.7701188567177824,177,0.5932924258364,0.7822905243672058,0.35000814460435825,3,133.5,177,,,,,,,,1.0030902635765196e-18,0.05136027697297241,2.614706515890154e-26,0.9763403646194799,0.36229949443769516,0.0002866409739299366,0.4454617721812977,0.9999999999999999,0.0047562629945849515,0.0005941450834275812,2.4249265789810792e-15,2.4249265789810792e-15,2.381775332516156e-15,,0.0,0.04233831474415694,0.0,,,,,0.8723404255319149,,0.0,0.48584905660377364,0.4660633484162896,0.0,0.0,0.48453608247422675,0.5623820281067267,0.1749437663622979,68,1.3625925836397452,0.7818306173647549,207,98.2878425849301,0.6373142340039479,137.5,102.3709090909091,0.5649670801016049,141,148.9857142857143,151.0,69.14372614651623,70,0.5622102425876011,0.6240786312822121,0.4192292408040156,4,106.75,43
bior1.5,1.0,symmetric,1.7606509088543533e-26,318.742105208876,49222147.23374097,0.5338427947598253,182.7285403531046,907,smoothed,9.70602992808378e-14,-9.72126579235068e-10,8.554744100695805,68961.33863532772,0.9683400754893545,8.290076994021377e-05,1.0,700.2,,,,[],[],15,859.5066666666668,37.00000000000023,1148.0,"[7, 57, 111, 162, 256, 302, 399, 446, 515, 567, 615, 681, 775, 825, 898]","[1136.2, 752.2000000000003, 880.5999999999999, 824.1999999999999, 812.0000000000002, 949.8, 1087.0000000000005, 947.6000000000001, 882.6000000000001, 37.00000000000023, 986.2000000000004, 1148.0, 801.6000000000003, 709.4000000000001, 938.2000000000002]","[1, 35, 35, 141, 175, 141, 317, 421, 456, 559, 593, 593, 730, 797, 869]","[593, 70, 316, 175, 281, 316, 593, 593, 593, 569, 664, 868, 868, 834, 904]",417881492.56000024,1148.0,-1148.0,0.0,,,,DWT,mdp.39015056038071,5.960464477539063e-08,,0.0,-36.5,74.0,0.0,-18.5,,0.0,522.4864419475657,17102.199999999997,522.4864419475657,,0.0,522.4864419475657,,,35.600000000000236,0.0,-32.0,0.0,0.0,,0.0,8.525418307579177e-14,1.6591831257760992e-26,0.977010122312943,0.23163123804731814,0.16162464123155038,0.47474676921713066,0.062480471941653994,3.1806273896964016e-08,2.7587240781383177e-09,2.7587240781383177e-09,2.70393692912719e-09,,0.0,0.9999999972412148,0.0,,,,,,1.513549464691663e-13,0.6000000000000001,0.42857142857142855,0.0,0.0,,0.6028571534861237,0.1935211865922275,84,0.9977249094907394,0.49865922622206144,272,0,0.16904762215337116,0.21629297857825497,90,0,0.2724990346786688,0.434817175306582,261,103.76054163312757,0.8912363295250235,176.75,131.0454491515367,0.8529818964186963,62,bior,0.7117551471424625,1.0,0.20177139700027627,6,48.0,8.305577311871217e-14,0.9999999999713673,1.113523810430396e-26,0.968480424182416,0.906395446637991,0.00040027034745347993,0.2767086422260589,0.0008159831669224782,1.1203266092607578e-10,0.9798453157402713,0.9798453157402713,0.9797420659259185,,0.0,0.0008620203395957593,0.0,,,,,0.0,,1.093896580004862e-13,0.7352941176470589,0.7352941176470589,0.0,0.0,1.0,1.2293196429548123,0.44513421776236173,379,1.4454959631507993,0.8483323233244349,66,221.32442251138937,0.8840018749940307,222.5,112.42247191011236,0.8836938096144158,100,0.624472043587361,0.8820529008810402,0.29825369922453526,5,76.25,100,,,,,,,,5.935634681058089e-19,0.9999999999729338,1.0506552256283534e-26,0.9812080375381661,0.3549407891668538,4.991047672139103e-05,0.14629343239512183,0.9999999999999999,0.000543371307780793,6.765905296825725e-14,0.001466684433777177,0.001466684433777177,0.0014590664654865516,,0.0,3.64964884538224e-05,0.0,,,,,0.0,,2.629176533724102e-21,0.8301886792452831,0.8371040723981901,0.0,0.0,1.0,0.3680652540085068,0.11449640739786268,200,1.5249548938177282,0.8749911311730275,26,123.03657992645927,0.545990479976165,113.0,46.017699115044245,0.5645081551172337,143,145.70212765957447,152.0,62.45900042832168,47,0.5498193496587716,0.5637435190571668,0.44600339952170986,3,108.0,44
db25,1.0,zero,3.608167328425985e-26,317.09152243761656,53599906.963712506,0.5784518828451883,394.06647310609407,907,raw,1.3881435508601035e-13,-9.450803473143399e-10,8.635420063571337,116456.56826298562,0.8503908406816427,4.293740082320344e-06,1.0,708.0000000000002,,,,[],[],15,954.0000000000001,54.00000000000034,1308.0000000000005,"[9, 84, 164, 254, 330, 397, 444, 513, 572, 617, 680, 734, 786, 857, 902]","[1308.0000000000005, 1249.9999999999995, 1210.0000000000002, 1077.0000000000005, 1165.0, 448.9999999999998, 1284.0000000000005, 1197.0000000000002, 1067.0000000000005, 54.00000000000034, 1223.0, 676.0000000000001, 1013.9999999999999, 1115.0000000000007, 221.0]","[2, 35, 139, 245, 317, 317, 317, 489, 558, 616, 527, 730, 730, 730, 901]","[527, 317, 317, 282, 351, 398, 527, 527, 665, 631, 906, 737, 797, 906, 906]",462857712.0,1359.0000000000005,-1359.0000000000005,0.0,,,,DWT,mdp.39015056038071,0.0,,0.0,-82.0,115.0,0.0,-68.5,,4.547473508864641e-13,414.03846153846166,55885.0,414.6025641025643,,0.0,414.03846153846166,,,50.00000000000034,0.0,-73.0,4.547473508864641e-13,4.547473508864641e-13,,2.2737367544323206e-13,1.3518997615958273e-13,2.5816672398542496e-26,0.9622621944159011,0.9260503087890708,0.0005089964057019752,0.47918795344403564,0.0017355962291456786,2.864728636084122e-09,4.4533652405009227e-10,4.4533652405009227e-10,4.362902205904193e-10,,4.0193206593759645e-12,0.9999999995546631,1.2498511061392588e-13,,,,,,0.0,0.16666666666666669,0.5,9.007406957399896e-14,9.007406957399896e-14,0.0,0.5666666677036141,0.1710428938769725,766,1.23300638911624,0.7928699814246143,107,0,0.12820512849364202,0.15432026142576868,766,0,0.3385350070405701,0.7474077836351369,94,384.26325611486715,0.5972083269236194,433.25,177.029859491504,0.5715339328538431,632,db,0.7310736328536972,1.0,0.18824845700241194,6,475.5,1.351899761595827e-13,0.00022537827079399664,2.5816672398542496e-26,0.9622621944159009,0.9260503087890708,0.002253311084267813,0.7487350394083885,0.00482773388024169,0.9837415452947481,9.579992354957767e-11,9.579992354957767e-11,9.429601544042043e-11,,1.062180169322108e-12,0.9999999999959025,1.0070232967219702e-13,,,,,1.0,,0.0,0.06617647058823528,0.13235294117647056,9.007406957399896e-14,9.007406957399896e-14,0.0,1.2149754048492325,0.43994019743972457,983,1.3430018493829405,0.7881806024782274,881,72.12489168102785,0.9621986940875116,932.0,929.2092274678112,0.7368645462051814,273,0.5932924258364,0.7822905243672058,0.35000814460435825,3,205.5,204,,,,,,,,1.0224321057373571e-18,0.05136027697297241,2.518798655052207e-26,0.9767281876857155,0.3626375536516563,0.0002845115476932643,0.4318486243698616,0.9999999999999999,0.004788958983652407,0.0005941450834276139,2.4279623450640386e-15,2.4279623450640386e-15,2.387846864682075e-15,,3.3426278408861603e-18,0.04233831474415694,1.883893003285496e-18,,,,,0.8723404255319149,,0.0,0.4009433962264151,0.4660633484162896,8.293630337320258e-19,8.293630337320258e-19,0.48453608247422675,0.5538914620689908,0.17230255180181508,119,1.3575610616444012,0.7789436223853781,217,69.29646455628166,0.7442934887222079,168.0,153.70833333333334,0.5621836447301076,145,148.9857142857143,151.0,69.14372614651623,70,0.5622102425876011,0.6240786312822121,0.4192292408040156,4,109.75,45
db34,1.0,periodic,4.154441959394605e-26,316.4792621753062,57107860.87881279,0.5770020533880903,453.13760173495297,907,raw,1.4827438554192262e-13,-9.125107336416343e-10,8.736977395229477,103069.47362718107,0.8181049811742255,4.293740082320345e-06,1.0,708.0,,,,[],[],15,954.0,54.00000000000023,1308.0000000000005,"[9, 84, 164, 254, 330, 397, 444, 513, 572, 617, 680, 734, 786, 857, 902]","[1308.0000000000005, 1250.0000000000002, 1209.9999999999995, 1077.0, 1165.0, 448.99999999999943, 1283.9999999999998, 1197.0000000000002, 1066.9999999999998, 54.00000000000023, 1223.0, 675.9999999999998, 1014.0000000000001, 1115.0, 221.00000000000023]","[2, 35, 139, 174, 317, 317, 317, 489, 558, 616, 665, 730, 730, 730, 901]","[906, 317, 317, 279, 351, 398, 906, 665, 665, 631, 906, 737, 797, 906, 906]",462857712.0,1359.0000000000002,-1359.0000000000002,0.0,,,,DWT,mdp.39015056038071,0.0,,0.0,-86.5,115.0,0.0,-68.5,,2.2737367544323206e-13,414.03846153846155,55885.0,414.6025641025641,,0.0,414.03846153846155,,,50.00000000000023,0.0,-68.5,4.547473508864641e-13,2.2737367544323206e-13,,0.0,1.4700179034267946e-13,3.015768664675943e-26,0.9599556303015504,0.9507924411792582,0.001996457168153323,0.4473892837233269,0.00060132321139917,2.8642509424646317e-09,4.4533174909138267e-10,4.4533174909138267e-10,4.362806667551004e-10,,0.0,0.9999999995546631,1.2498511061392588e-13,,,,,,0.0,0.0,0.75,4.503703478699948e-14,4.503703478699948e-14,0.0,0.5750000010347707,0.173558230546374,704,1.2315640701285704,0.7919425154852191,120,0,0.13461538490354408,0.1620362744792664,701,0,0.33724787651197646,0.7445660941329638,113,338.3415434143434,0.6453442941149441,409.5,199.7016564647018,0.608049505548038,517,db,0.7310736328536972,1.0,0.18824845700241194,6,389.25,1.4700179034267943e-13,0.00022537827079399664,3.015768664675943e-26,0.9599556303015502,0.9507924411792582,0.0037381759257629904,0.7333938207344441,0.003696974288689231,0.9837415452947404,9.579881332655305e-11,9.579881332655305e-11,9.429390601667365e-11,,0.0,0.9999999999959025,1.0070232967219702e-13,,,,,1.0,,0.0,0.0,0.19852941176470584,4.503703478699948e-14,4.503703478699948e-14,0.0,1.21497540484868,0.43994019743952456,1062,1.3481426182239764,0.7911976156596989,843,154.8563850798539,0.9188383725996573,952.5,939.911811023622,0.709812268060835,377,0.5932924258364,0.7822905243672058,0.35000814460435825,3,283.5,218,,,,,,,,1.1195989628328885e-18,0.05136027697297241,2.9529000798739006e-26,0.9750664509382274,0.3723264725764127,0.0004725003356041654,0.4225678623834244,0.9999999999999999,0.0035922896666058498,0.0005941450834276092,2.426444462022559e-15,2.426444462022559e-15,2.3848110985991156e-15,,0.0,0.04233831474415694,1.883893003285496e-18,,,,,0.8723404255319149,,0.0,0.3584905660377359,0.5067873303167421,4.146815168660129e-19,4.146815168660129e-19,0.48453608247422675,0.553718577240168,0.1722487714148369,125,1.3573115009308485,0.7788004290280315,219,66.46803743153546,0.7547304891825259,172.0,159.15697674418604,0.5600220711595287,147,148.9857142857143,151.0,69.14372614651623,70,0.5622102425876011,0.6240786312822121,0.4192292408040156,4,111.25,46
rbio2.8,1.0,zero,1.3406192718962418e-26,321.3913345521913,52773383.65900594,0.5746753246753247,513.595288566985,907,raw,8.263486673077717e-14,-9.821585766900485e-10,8.749436694297906,106101.85356436824,0.7378534368357792,4.293740082320344e-06,0.9999999999999998,708.0,,,,[],[],15,954.0,54.0,1308.0,"[9, 84, 164, 254, 330, 397, 444, 513, 572, 617, 680, 734, 786, 857, 902]","[1308.0, 1250.0, 1210.0000000000002, 1077.0, 1165.0, 449.0, 1284.0, 1197.0, 1067.0000000000002, 54.0, 1223.0000000000002, 676.0000000000002, 1014.0, 1115.0, 221.0]","[2, 35, 139, 245, 317, 317, 317, 489, 558, 616, 665, 730, 730, 730, 901]","[870, 317, 317, 279, 351, 398, 870, 527, 665, 631, 870, 737, 797, 870, 906]",462857712.0,1359.0,-1359.0,0.0,,,,DWT,mdp.39015056038071,0.0,,0.0,-77.5,115.0,0.0,-68.5,,0.0,414.03846153846155,55885.0,414.6025641025642,,0.0,414.03846153846155,,,50.0,0.0,-68.5,0.0,0.0,,0.0,6.504414730141667e-14,7.79742372053151e-27,0.9784608487014231,0.9538278658207571,0.0001585297192068961,0.39635784860887213,0.0008582532500580436,2.8632955552256507e-09,4.4533174909138267e-10,4.4533174909138267e-10,4.3628544367275983e-10,,0.0,0.9999999995546631,0.0,,,,,,0.0,0.33333333333333337,0.75,0.0,0.0,0.0,0.6083333343677382,0.1836195772264977,311,1.2229561477344275,0.7864072941522297,144,0,0.16025641054448003,0.1929003266948555,309,0,0.33280904944291184,0.7347661802905775,153,93.31800469362813,0.9021823850171613,229.25,200.68159300426294,0.8309392008943248,98,rbio,0.6930940349654412,0.9909695410261004,0.21754331321636106,5,74.75,6.504414730141666e-14,0.00022537827079399664,7.79742372053151e-27,0.9784608487014229,0.9538278658207571,0.0019034560332786095,0.7087737843551799,0.003953108483037485,0.9837415452947248,9.579881332655305e-11,9.579881332655305e-11,9.429501623969827e-11,,0.0,0.9999999999959025,0.0,,,,,1.0,,0.0,0.13235294117647056,0.19852941176470584,0.0,0.0,0.0,1.2282106989662538,0.44473267133160366,542,1.3501005407644162,0.792346680769504,830,203.64675298172568,0.893266900952974,686.0,655.7725947521866,0.766864058442944,183,0.5849954903509885,0.970216713839344,0.2994381426025048,4,138.25,183,,,,,,,,4.453954521923972e-19,0.05136027697297241,7.168737872511085e-27,0.9883983159594677,0.37351513258315305,0.00024021874396996972,0.40767382413329195,0.9999999999999997,0.0038633534132349458,0.0005941450834275999,2.426444462022559e-15,2.426444462022559e-15,2.3863289816405953e-15,,0.0,0.04233831474415694,0.0,,,,,0.8723404255319149,,0.0,0.44339622641509435,0.5067873303167421,0.0,0.0,0.48453608247422675,0.5622091432779039,0.1748899859753197,79,1.3599396193497444,0.7803083951439664,212,94.04520189781083,0.652969734694425,145.5,115.106529209622,0.5580346828453675,149,88.75641025641026,82.5,49.40797188357043,78,0.3349298500241897,0.445947321412649,0.6317649085592725,2,112.25,47
bior2.4,1.0,periodization,1.1931215324080227e-26,320.4319909258271,49374010.81203532,0.5154185022026432,125.54069252601423,907,smoothed,7.489076038851257e-14,-9.332910666515201e-10,8.525580157801322,68040.62146357134,0.9885909836112201,8.290076994021377e-05,1.0,700.2000000000003,,,,[],[],15,859.5066666666668,37.0,1148.0000000000002,"[7, 57, 111, 162, 256, 302, 399, 446, 515, 567, 615, 681, 775, 825, 898]","[1136.2, 752.2000000000003, 880.5999999999999, 824.1999999999999, 812.0, 949.8000000000002, 1087.0, 947.5999999999999, 882.6, 37.0, 986.2000000000002, 1148.0000000000002, 801.6, 709.4000000000002, 938.2000000000003]","[1, 35, 35, 137, 175, 137, 137, 421, 456, 559, 593, 137, 730, 797, 868]","[137, 70, 137, 175, 281, 316, 593, 593, 593, 569, 664, 868, 868, 834, 906]",417881492.5600002,1148.0000000000002,-1148.0000000000002,0.0,,,,DWT,mdp.39015056038071,0.0,,0.0,-32.0,74.0,0.0,-18.5,,2.2737367544323206e-13,522.4864419475657,17102.199999999997,522.4864419475656,,0.0,522.4864419475657,,,35.60000000000001,0.0,-41.0,2.2737367544323206e-13,2.2737367544323206e-13,,2.2737367544323206e-13,5.254792835708094e-14,9.46982054372186e-27,0.9834454744905198,0.07162072456749319,0.1875808243438522,0.1402645339895423,0.05652558814115007,3.1801864014967905e-08,2.7587240781383177e-09,2.7587240781383177e-09,2.7038859643372716e-09,,1.0621801693221082e-12,0.9999999972412148,5.035116483609851e-14,,,,,,0.0,0.7000000000000002,0.14285714285714285,9.332334858245829e-14,9.332334858245829e-14,,0.5842857249138748,0.18755963355560565,116,0.7983841080022771,0.39902942959258797,696,0,0.15357143167690457,0.19649150907185514,116,0,0.20563387793323004,0.3281227841988565,699,335.73141546976706,0.6480802772853596,406.75,198.918123275069,0.6108587969236022,569,bior,0.7117551471424625,1.0,0.20177139700027627,6,428.25,5.537483962262343e-14,0.9999999999713673,6.625321352235867e-27,0.9748467196812692,0.8992903157298247,0.00046455194680467514,0.08175391865587578,0.0007382135088006879,1.1201711780373103e-10,0.9798453157402713,0.9798453157402713,0.9797420659259175,,1.062180169322108e-12,0.0008620203395957593,5.035116483609851e-14,,,,,0.0,,0.0,0.8014705882352942,0.6029411764705882,4.503703478699948e-14,4.503703478699948e-14,1.0,1.2227019958965037,0.44273798081649535,571,1.3677823185043736,0.8027237582384359,667,67.88225099390856,0.964422300317658,619.0,615.2778675282714,0.8199994101169003,134,0.624472043587361,0.8820529008810402,0.29825369922453526,5,101.75,134,,,,,,,,3.658533748388143e-19,0.9999999999729338,5.99663550421544e-27,0.9857945595905957,0.3521584486541861,5.804873928193303e-05,0.028354406425855516,0.9999999999999999,0.0004610686111096323,6.764967165484993e-14,0.001466684433777177,0.001466684433777177,0.00145906646548655,,3.3426278408861603e-18,3.64964884538224e-05,9.41946501642748e-19,,,,,0.0,,0.0,0.8726415094339623,0.755656108597285,4.146815168660129e-19,4.146815168660129e-19,1.0,0.36416574064728424,0.1132833608915776,218,1.4791111744577576,0.8486868463560931,105,79.90306627407988,0.7051547369960152,161.5,141.73374613003094,0.5546068887932105,154,145.70212765957447,152.0,62.45900042832168,47,0.5498193496587716,0.5637435190571668,0.44600339952170986,3,116.25,48
db3,1.0,antisymmetric,6.54871102922944e-27,323.03727949106303,48975706.99372256,0.5131578947368421,121.95508019926575,907,smoothed,5.263191573123218e-14,-8.586156452494719e-10,8.53527180690476,66929.27970905091,0.9836248536687158,8.290076994021381e-05,1.0,700.1999999999999,,,,[],[],15,859.5066666666667,37.0,1147.9999999999998,"[7, 57, 111, 162, 256, 302, 399, 446, 515, 567, 615, 681, 775, 825, 898]","[1136.2, 752.2000000000002, 880.5999999999999, 824.1999999999999, 812.0, 949.8, 1087.0, 947.5999999999997, 882.6, 37.0, 986.1999999999999, 1147.9999999999998, 801.5999999999998, 709.3999999999999, 938.1999999999999]","[1, 35, 35, 137, 175, 137, 137, 421, 456, 559, 593, 137, 730, 797, 869]","[137, 70, 137, 175, 281, 318, 593, 593, 593, 569, 663, 869, 869, 834, 904]",417881492.5600001,1147.9999999999998,-1147.9999999999998,0.0,,,,DWT,mdp.39015056038071,5.960464477539063e-08,,0.0,-32.0,74.0,0.0,-18.5,,2.2737367544323206e-13,522.4864419475655,17102.199999999997,522.4864419475655,,0.0,522.4864419475655,,,35.60000000000001,0.0,-41.0,2.2737367544323206e-13,2.2737367544323206e-13,,1.1368683772161603e-13,1.9709922720560798e-14,2.7152356980307808e-27,0.9933668255459958,0.12479480171879384,0.11950362664726918,0.09922453010409873,0.04933780972903154,3.1801864014967905e-08,2.7586221485584864e-09,2.7586221485584864e-09,2.7038349995473532e-09,,5.310900846610541e-13,0.9999999972412148,5.035116483609851e-14,,,,,,1.513549464691663e-13,0.7000000000000002,0.14285714285714285,9.332334858245829e-14,9.332334858245829e-14,,0.5842857249136084,0.18755963355552016,117,0.7775942454438869,0.38863873304084867,754,0,0.1535714316768517,0.19649150907178747,117,0,0.1980325133921727,0.31599355276097024,789,378.1458052127512,0.6036207492528813,444.25,203.1724962290463,0.5689749448570487,687,db,0.5360056224508035,0.703143681746848,0.4138529597603831,3,516.0,2.7582398758133932e-14,0.9999999999713678,2.34807205116438e-27,0.9846616063920701,0.9016514654497058,0.0002959558505161641,0.057833537331702045,0.0006443424798280753,1.1201711780373103e-10,0.9798453157402693,0.9798453157402693,0.9797420659259164,,5.31090084661054e-13,0.0008620203395957593,5.035116483609851e-14,,,,,0.0,,1.093896580004862e-13,0.8014705882352942,0.6029411764705882,4.503703478699948e-14,4.503703478699948e-14,1.0,1.2227019958962912,0.4427379808164184,572,1.3651618264013834,0.8011858444630579,694,86.2670273047588,0.954786673320357,633.0,627.1216429699842,0.8115128335155244,141,0.5932924258364,0.7822905243672058,0.35000814460435825,3,106.5,141,,,,,,,,1.3722599483139678e-19,0.9999999999729343,1.7193862031439542e-27,0.9928655782621756,0.35308306533007994,3.6703917246903585e-05,0.013883628685654348,0.9999999999999999,0.00036172602673509866,6.764967165484993e-14,0.001466684433777174,0.001466684433777174,0.0014590664654865486,,1.6713139204430802e-18,3.64964884538224e-05,9.41946501642748e-19,,,,,0.0,,2.629176533724102e-21,0.8726415094339623,0.755656108597285,4.146815168660129e-19,4.146815168660129e-19,1.0,0.36416574064728424,0.1132833608915776,219,1.4779773734578046,0.8480362921505255,110,77.07463914933368,0.7155917374563333,164.5,146.4437689969605,0.5542903336728161,155,148.9857142857143,151.0,69.14372614651623,70,0.5622102425876011,0.6240786312822121,0.4192292408040156,4,117.25,49
db11,1.0,constant,1.74889989968312e-26,320.2367396062402,53507514.52610312,0.5775862068965517,419.4436277941827,907,raw,9.162459777781588e-14,-9.354846897125042e-10,8.651285551261145,107297.93655644004,0.824712711048747,4.293740082320344e-06,1.0,707.9999999999999,,,,[],[],15,954.0,54.00000000000023,1308.0,"[9, 84, 164, 254, 330, 397, 444, 513, 572, 617, 680, 734, 786, 857, 902]","[1308.0, 1250.0000000000002, 1210.0, 1077.0, 1165.0, 448.9999999999998, 1283.9999999999998, 1197.0000000000002, 1067.0, 54.00000000000023, 1223.0000000000005, 675.9999999999999, 1014.0, 1114.9999999999998, 220.99999999999955]","[2, 35, 139, 245, 317, 139, 139, 489, 558, 616, 527, 730, 762, 762, 901]","[527, 139, 317, 279, 351, 398, 527, 527, 665, 631, 870, 737, 797, 870, 906]",462857712.0,1359.0,-1359.0,0.0,,,,DWT,mdp.39015056038071,0.0,,0.0,-68.5,115.0,0.0,-68.5,,0.0,414.03846153846155,55885.0,414.60256410256403,,0.0,414.03846153846155,,,50.00000000000023,0.0,-77.5,0.0,0.0,,1.1368683772161603e-13,7.626874464055885e-14,1.1041857787241092e-26,0.9741111506516228,0.9299155737625293,0.0004698196864470211,0.4602013454391496,0.0009595959761536685,2.8642509424646317e-09,4.4533174909138267e-10,4.4533174909138267e-10,4.362782782962707e-10,,2.0096603296879822e-12,0.9999999995546631,0.0,,,,,,0.0,0.6666666666666666,0.25,0.0,0.0,0.0,0.5916666677023609,0.17858890388676982,516,1.234123763681606,0.7935884957475783,100,0,0.14743589772419477,0.17746830058728089,516,0,0.33795106935942554,0.7461185829351544,97,241.0468488351037,0.747330347133015,307.25,165.39008029607112,0.7126326788075976,264,db,0.7310736328536972,1.0,0.18824845700241194,6,199.5,7.626874464055883e-14,0.00022537827079399664,1.104185778724109e-26,0.9741111506516227,0.9299155737625294,0.002214202736340073,0.7395749799518847,0.0040541372986522385,0.9837415452947404,9.579881332655305e-11,9.579881332655305e-11,9.429335090516133e-11,,5.31090084661054e-13,0.9999999999959025,0.0,,,,,1.0,,0.0,0.2647058823529412,0.06617647058823523,0.0,0.0,0.0,1.2282106989665238,0.44473267133170147,483,1.3480508390218842,0.7911437523036408,845,255.9726547895302,0.865842424114502,664.0,614.6611445783133,0.7589170191851335,196,0.5932924258364,0.7822905243672058,0.35000814460435825,3,147.75,193,,,,,,,,5.37731720669097e-19,0.05136027697297241,1.0413171939220665e-26,0.985264627611132,0.36415117577443634,0.0002795603018164136,0.4263071916190326,0.9999999999999999,0.0039702709973853875,0.0005941450834276092,2.426444462022559e-15,2.426444462022559e-15,2.383943736861127e-15,,1.6713139204430802e-18,0.04233831474415694,0.0,,,,,0.8723404255319149,,0.0,0.5283018867924528,0.4253393665158371,0.0,0.0,0.48453608247422675,0.5625549129355493,0.174997546749276,55,1.3608932127432642,0.7808555495322423,210,109.60155108391487,0.5955662321626758,132.5,87.16981132075472,0.5533181714318914,160,148.9857142857143,151.0,69.14372614651623,70,0.5622102425876011,0.6240786312822121,0.4192292408040156,4,121.0,50
db13,1.0,symmetric,1.991799857152797e-26,319.6719321657663,55141304.283797085,0.5761802575107297,436.49926164464523,907,raw,9.853002892324926e-14,-9.440489501244631e-10,8.677607130952913,103780.56371652507,0.8155842598243958,4.293740082320344e-06,1.0,708.0,,,,[],[],15,954.0,53.99999999999966,1308.0000000000005,"[9, 84, 164, 254, 330, 397, 444, 513, 572, 617, 680, 734, 786, 857, 902]","[1308.0000000000005, 1250.0, 1209.9999999999998, 1077.0, 1165.0000000000002, 448.9999999999999, 1283.9999999999995, 1197.0000000000005, 1067.0000000000002, 53.99999999999966, 1223.0, 676.0000000000002, 1014.0, 1115.0, 220.9999999999999]","[2, 35, 139, 174, 317, 139, 139, 489, 558, 616, 595, 730, 730, 730, 901]","[595, 139, 317, 279, 351, 398, 595, 595, 595, 631, 906, 737, 797, 906, 906]",462857712.0,1359.0000000000005,-1359.0000000000005,0.0,,,,DWT,mdp.39015056038071,0.0,,0.0,-73.0,115.0,0.0,-68.5,,4.547473508864641e-13,414.03846153846155,55885.0,414.60256410256414,,0.0,414.03846153846155,,,49.99999999999966,0.0,-77.5,4.547473508864641e-13,4.547473508864641e-13,,0.0,8.48908806816803e-14,1.2972081371663276e-26,0.971983355245141,0.936328227569197,0.0011625876695735041,0.42936508401204737,0.0006615730507760153,2.8618624743671794e-09,4.4533174909138267e-10,4.4533174909138267e-10,4.362830552139301e-10,,0.0,0.9999999995546631,1.2498511061392588e-13,,,,,,0.0,0.5,0.25,9.007406957399896e-14,9.007406957399896e-14,0.0,0.5750000010340728,0.17355823054616334,731,1.2239460835916245,0.7870438605412082,141,0,0.1346153849033675,0.16203627447905386,731,0,0.33421440393526,0.7378688812358352,136,342.0861246333541,0.6414191565688112,434.75,232.8137220300699,0.5928531841544266,566,db,0.7310736328536972,1.0,0.18824845700241194,6,426.0,8.48908806816803e-14,0.00022537827079399664,1.2972081371663276e-26,0.9719833552451408,0.9363282275691971,0.0029057616987175324,0.7246980736600466,0.0037570375033641377,0.9837415452947015,9.579881332655305e-11,9.579881332655305e-11,9.429446112818596e-11,,0.0,0.9999999999959025,1.0070232967219702e-13,,,,,1.0,,0.0,0.1985294117647059,0.06617647058823523,9.007406957399896e-14,9.007406957399896e-14,0.0,1.2215930519075098,0.4423364343855796,767,1.3442566657276698,0.7889170287929362,868,71.4177848998413,0.9625692951258693,817.5,814.3804281345566,0.767055087814507,182,0.5932924258364,0.7822905243672058,0.35000814460435825,3,137.25,182,,,,,,,,6.086595093710893e-19,0.05136027697297241,1.2343395523642852e-26,0.9837316826580356,0.3666623450562713,0.00036711394809667085,0.41730731818501554,0.9999999999999999,0.003655853846491302,0.0005941450834275858,2.426444462022559e-15,2.426444462022559e-15,2.385461619902607e-15,,0.0,0.04233831474415694,1.883893003285496e-18,,,,,0.8723404255319149,,0.0,0.48584905660377364,0.4253393665158371,8.293630337320258e-19,8.293630337320258e-19,0.48453608247422675,0.5583096299166814,0.17367693946903465,88,1.3575470910015,0.7789356062868791,218,91.92388155425118,0.6607974850396635,153.0,125.38562091503267,0.548110919641603,165,148.9857142857143,151.0,69.14372614651623,70,0.5622102425876011,0.6240786312822121,0.4192292408040156,4,124.75,51
sym18,1.0,smooth,1.766272899836227e-19,248.7282597057626,48952061.46160427,0.5254777070063694,109.04255828039867,907,smoothed,3.001944548632095e-10,,8.536545348306287,76097.28818123975,0.9874703571877884,8.290076993949706e-05,1.0,700.199999999912,,,,[],[],15,859.506666668213,37.00000000058742,1148.0000000021603,"[7, 57, 111, 162, 256, 302, 399, 446, 515, 567, 615, 681, 775, 825, 898]","[1136.2000000019252, 752.2000000012239, 880.600000001734, 824.2000000009275, 812.0000000010252, 949.8000000016892, 1087.000000002024, 947.6000000019483, 882.6000000012443, 37.00000000058742, 986.200000001754, 1148.0000000021603, 801.6000000019168, 709.4000000013596, 938.2000000016741]","[1, 35, 35, 137, 175, 137, 137, 421, 456, 559, 529, 529, 730, 797, 868]","[529, 70, 137, 175, 281, 315, 529, 529, 529, 569, 667, 868, 868, 834, 904]",417881492.56012285,1148.0000000004188,-1148.0000000004188,0.0,,,,DWT,mdp.39015056038071,0.0001226663589477539,,0.0,-41.0,74.0,0.0,-18.5,,4.1882231016643345e-10,522.4864419491118,17102.1999999768,522.4864419491118,,0.0,522.4864419491118,,,35.60000000058743,0.0,-36.5,2.160277290386148e-09,4.1882231016643345e-10,,8.799361239653081e-11,4.428126322625157e-10,2.216522126663494e-19,0.7103863213071052,0.1317821975703601,0.11546218518814222,0.3228835027732774,0.10863335325601364,4.319479415192548e-08,3.451845220992209e-09,3.451845220992209e-09,3.3970580720190905e-09,,4.1106372552765585e-10,0.9999999965479849,4.783864171077719e-10,,,,,,3.114884798335442e-10,0.5,0.2857142857142857,1.7190160808888818e-10,1.7190160808888818e-10,,0.5785714435633137,0.18572531094520328,159,0.7224607267080745,0.36108320392638293,847,0,0.14880952810854622,0.19039875075095905,160,0,0.19844965150538738,0.31665916545319356,777,377.80363065133895,0.6039794227973386,485.75,266.5432214849579,0.5474037575202626,759,sym,1.0,0.8754181682914945,0.03737454951255163,7,571.0,3.747853020227855e-10,0.9999999999622518,1.4035825999867264e-19,0.7047177182119377,0.9019617348260915,0.00028594704762118905,0.18819434157902554,0.0014187310829858585,1.5214696169607578e-10,0.9798453157542409,0.9798453157542409,0.9797420659399597,,4.1106372552765585e-10,0.0008620203389981818,4.783864171077719e-10,,,,,0.0,,2.2512391616500062e-10,0.6691176470588236,0.6691176470588235,8.295821807765305e-11,8.295821807765305e-11,1.0,1.2160843494519107,0.44034174409285415,846,1.2497997010299347,0.7334821480606929,1563,506.9955621107546,0.734279055497508,1204.5,1097.7982565379825,0.5514948736607037,1199,1.0,0.6189634712383475,0.11431095862849575,7,901.0,249,,,,,,,,3.082985400178383e-15,0.9999999999642845,1.403582593699868e-19,0.7911833257163533,0.353204565562365,3.543676977860549e-05,0.09274617685040662,0.9999999999999999,0.0011812521999309245,9.188666054912322e-14,0.0014666844337980875,0.0014666844337980875,0.0014590664655074624,,1.293596974422944e-15,3.6496488428521936e-05,8.949433712107748e-15,,,,,0.0,,5.410845306404202e-18,0.7877358490566038,0.7963800904977376,7.638433540671958e-16,7.638433540671958e-16,1.0,0.35974757279961256,0.11190897322436395,233,1.388900968205305,0.7969258856010006,169,45.254833995939045,0.8330079926349112,201.0,195.90547263681594,0.5456552878303708,168,223.73684210526315,219.0,31.357866468777544,19,0.8442899702085402,0.2830303698747233,0.32408790989160485,7,127.75,52
db20,1.0,symmetric,2.521461507982432e-26,318.64786570753074,55739329.43253924,0.5761099365750528,450.0442505011621,907,raw,1.1114568777771102e-13,-9.18581433140284e-10,8.701997355275003,103010.05091432371,0.8151743097389238,4.293740082320344e-06,1.0,708.0,,,,[],[],15,954.0,54.00000000000034,1308.0000000000005,"[9, 84, 164, 254, 330, 397, 444, 513, 572, 617, 680, 734, 786, 857, 902]","[1308.0000000000005, 1250.0, 1210.0, 1076.9999999999998, 1165.0000000000002, 448.99999999999966, 1284.0, 1197.0, 1067.0, 54.00000000000034, 1223.0000000000005, 676.0, 1014.0000000000002, 1115.0000000000002, 221.00000000000045]","[2, 35, 139, 245, 317, 139, 139, 489, 558, 616, 665, 730, 762, 762, 901]","[139, 139, 317, 279, 351, 398, 906, 665, 665, 631, 906, 737, 797, 906, 906]",462857712.0,1359.0000000000005,-1359.0000000000005,0.0,,,,DWT,mdp.39015056038071,0.0,,0.0,-77.5,115.0,0.0,-68.5,,4.547473508864641e-13,414.03846153846155,55885.0,414.6025641025642,,0.0,414.03846153846155,,,50.00000000000034,0.0,-73.0,4.547473508864641e-13,4.547473508864641e-13,,0.0,1.0064281920668912e-13,1.7181079268762458e-26,0.968125396320348,0.9422703505981369,0.0014161653861689218,0.427822756259572,0.0005962883937879516,2.864728636084122e-09,4.4533174909138267e-10,4.4533174909138267e-10,4.3628544367275983e-10,,0.0,0.9999999995546631,1.2498511061392588e-13,,,,,,0.0,0.33333333333333337,0.5,9.007406957399896e-14,9.007406957399896e-14,0.0,0.5833333343682667,0.17607356721648165,603,1.2240861136457362,0.7871339051892996,139,0,0.14102564131384454,0.1697522875332437,596,0,0.3343187081368735,0.7380991610312196,134,267.3362427106857,0.7197733304919437,368.0,222.30671960856517,0.6670145478455525,360,db,0.7310736328536972,1.0,0.18824845700241194,6,271.5,1.0064281920668911e-13,0.00022537827079399664,1.7181079268762455e-26,0.9681253963203479,0.9422703505981369,0.0031588968707261314,0.72395398003835,0.0036919550664944608,0.9837415452947481,9.579881332655305e-11,9.579881332655305e-11,9.429501623969827e-11,,0.0,0.9999999999959025,1.0070232967219702e-13,,,,,1.0,,0.0,0.13235294117647056,0.13235294117647056,9.007406957399896e-14,9.007406957399896e-14,0.0,1.221593051907524,0.4423364343855848,760,1.3447158490498463,0.7891865141906573,866,74.95331880577403,0.9607162899340806,813.0,809.5448954489545,0.7673078305016315,180,0.5932924258364,0.7822905243672058,0.35000814460435825,3,135.75,180,,,,,,,,7.382387878723921e-19,0.05136027697297241,1.655239342074203e-26,0.9809522619275468,0.3689892563895548,0.00039916169603553166,0.41685717429844665,0.9999999999999999,0.003586977883941531,0.0005941450834276139,2.426444462022559e-15,2.426444462022559e-15,2.3863289816405953e-15,,0.0,0.04233831474415694,1.883893003285496e-18,,,,,0.8723404255319149,,0.0,0.44339622641509435,0.4660633484162896,8.293630337320258e-19,8.293630337320258e-19,0.48453608247422675,0.5581367450878587,0.17362315908205647,96,1.3568513101641702,0.7785363800118122,222,89.09545442950498,0.6712344854999817,159.0,134.0377358490566,0.542259309170655,171,148.9857142857143,151.0,69.14372614651623,70,0.5622102425876011,0.6240786312822121,0.4192292408040156,4,129.25,53
coif4,1.0,zero,2.0114491907478943e-26,319.629298467076,53491009.16700002,0.5763440860215053,426.5111749286485,907,raw,9.853394591738243e-14,-8.981795307505618e-10,8.653000180926645,109145.04527691063,0.8285202489591045,4.293740082320344e-06,1.0,707.9999999999999,,,,[],[],15,954.0,53.99999999999966,1308.0000000000002,"[9, 84, 164, 254, 330, 397, 444, 513, 572, 617, 680, 734, 786, 857, 902]","[1308.0000000000002, 1250.0000000000002, 1210.0, 1077.0000000000002, 1165.0, 449.0000000000002, 1283.9999999999998, 1197.0000000000002, 1066.9999999999995, 53.99999999999966, 1223.0000000000002, 675.9999999999999, 1014.0000000000001, 1115.0, 220.99999999999977]","[2, 35, 139, 245, 317, 139, 139, 489, 558, 616, 527, 730, 730, 730, 901]","[527, 139, 317, 282, 351, 398, 527, 527, 595, 631, 870, 737, 797, 870, 906]",462857712.0,1359.0000000000002,-1359.0000000000002,0.0,,,,DWT,mdp.39015056038071,0.0,,0.0,-68.5,115.0,0.0,-68.5,,2.2737367544323206e-13,414.03846153846155,55885.0,414.6025641025641,,0.0,414.03846153846155,,,49.99999999999966,0.0,-82.0,2.2737367544323206e-13,2.2737367544323206e-13,,1.1368683772161603e-13,8.489577144890066e-14,1.312822634393307e-26,0.9718227415886381,0.9303333042551614,0.00046282099871331226,0.43295828504647704,0.001116099357915873,2.8618624743671794e-09,4.4533174909138267e-10,4.4533174909138267e-10,4.362806667551004e-10,,2.0096603296879822e-12,0.9999999995546631,6.249255530696294e-14,,,,,,0.0,0.6666666666666666,0.0,4.503703478699948e-14,4.503703478699948e-14,0.0,0.5666666677016943,0.17104289387639304,808,1.2221214613419025,0.7858705590709045,148,0,0.12820512849325372,0.15432026142530128,809,0,0.33381332160671295,0.7369833832873214,148,381.34007132741766,0.6002724619209459,478.25,250.19967155030838,0.5494810946921291,718,coif,0.656488627860972,0.9557749009341453,0.253725490217076,4,539.5,8.489577144890064e-14,0.00022537827079399664,1.3128226343933067e-26,0.971822741588638,0.9303333042551614,0.0022072162627370575,0.7264316079019753,0.004210155909047816,0.9837415452947015,9.579881332655305e-11,9.579881332655305e-11,9.429390601667365e-11,,5.31090084661054e-13,0.9999999999959025,5.035116483609851e-14,,,,,1.0,,0.0,0.2647058823529412,0.0,4.503703478699948e-14,4.503703478699948e-14,0.0,1.221593051907732,0.4423364343856601,720,1.3416882242178048,0.7874096624571374,889,119.50104602052653,0.9373684245175438,804.5,795.624611559975,0.7578613611057321,202,0.6279687653129211,0.9042874265066404,0.2891356363289631,6,153.0,194,,,,,,,,6.086997420120893e-19,0.05136027697297241,1.2499540495912641e-26,0.9836159704549806,0.36431475734500113,0.00027867579120797336,0.41835603009223865,0.9999999999999999,0.004135383621981654,0.0005941450834275858,2.426444462022559e-15,2.426444462022559e-15,2.3848110985991156e-15,,1.6713139204430802e-18,0.04233831474415694,9.41946501642748e-19,,,,,0.8723404255319149,,0.0,0.5283018867924528,0.38461538461538464,4.146815168660129e-19,4.146815168660129e-19,0.48453608247422675,0.558482514745504,0.1737307198560128,84,1.3568709474186726,0.7785476475080509,221,96.87362902255701,0.642532734234107,152.5,121.7311475409836,0.5399010534639169,173,173.0,189.0,76.50662166044674,20,0.6528301886792452,0.6905347800999774,0.33585843389453507,6,131.25,54
sym6,1.0,zero,4.5298986118509125e-21,264.637952943774,48956409.4293915,0.5206971677559913,124.20652407756337,907,smoothed,4.688694514108508e-11,,8.535787191720098,68227.36531552994,0.9860902864914227,8.290076994007114e-05,0.9999999999999997,700.1999999999862,,,,[],[],15,859.5066666668733,37.000000000141426,1148.000000000336,"[7, 57, 111, 162, 256, 302, 399, 446, 515, 567, 615, 681, 775, 825, 898]","[1136.2000000002247, 752.2000000000796, 880.6000000001569, 824.2000000000819, 812.0000000000932, 949.800000000267, 1087.0000000003438, 947.6000000002807, 882.6000000001411, 37.000000000141426, 986.2000000003162, 1148.000000000336, 801.6000000002485, 709.4000000001664, 938.200000000222]","[1, 35, 35, 137, 175, 137, 137, 421, 456, 559, 529, 529, 730, 797, 868]","[529, 70, 137, 175, 281, 315, 529, 529, 529, 569, 667, 868, 868, 834, 904]",417881492.56000996,1148.0000000000298,-1148.0000000000298,0.0,,,,DWT,mdp.39015056038071,9.775161743164062e-06,,0.0,-41.0,74.0,0.0,-18.5,,2.97859514830634e-11,522.4864419477722,17102.199999996898,522.4864419477723,,0.0,522.4864419477722,,,35.600000000141435,0.0,-36.5,3.36058292305097e-10,2.97859514830634e-11,,1.3869794202037156e-11,6.911338775535191e-11,5.684631766358301e-21,0.7709729503298868,0.127622505408944,0.11620533011676454,0.23609561395220152,0.057733383513045466,3.45448106165501e-08,2.8512761366252783e-09,2.8512761366252783e-09,2.796539952409145e-09,,6.47929903286486e-11,0.9999999971485812,7.44190216277536e-11,,,,,,2.4822211220943274e-11,0.5,0.2857142857142857,1.2225358664302039e-11,1.2225358664302039e-11,,0.5785714401457972,0.18572530984815758,169,0.7020292869676192,0.3508716457757716,869,0,0.1488095271746045,0.1903987495559997,169,0,0.18694711191285082,0.2983049654818922,866,403.28102277857477,0.5772735610287476,518.25,282.8893941744615,0.5170172836590279,842,sym,1.0,0.8754181682914945,0.03737454951255163,7,633.25,5.850500567862662e-11,0.9999999999695534,3.599716644543682e-21,0.7646542023382309,0.9017770272296857,0.00028778747787069404,0.13760956579014066,0.0007539870883196426,1.21678722653229e-10,0.9798453157421367,0.9798453157421367,0.9797420659277944,,6.479299032864859e-11,0.0008620203395159343,7.44190216277536e-11,,,,,0.0,,1.7939903912079736e-11,0.6691176470588236,0.6691176470588235,5.899851557096932e-12,5.899851557096932e-12,1.0,1.2160843489225823,0.4403417439011854,870,1.2651703499165181,0.7425028707838038,1528,465.2762620207483,0.7561445167606141,1199.0,1108.723936613845,0.5638689040826131,1126,1.0,0.6189634712383475,0.11431095862849575,7,846.25,245,,,,,,,,4.8118673651635645e-16,0.9999999999712126,3.599716015857834e-21,0.8343638545246461,0.35313223481503325,3.566977432027855e-05,0.062144614209801496,0.9999999999999996,0.000477761601176966,7.348493668562638e-14,0.0014666844337799692,0.0014666844337799692,0.0014590664654893454,,2.039002982940558e-16,3.64964884504416e-05,1.3921969294279816e-15,,,,,0.0,,4.3118495153075277e-19,0.7877358490566038,0.7963800904977376,5.4323278709447695e-17,5.4323278709447695e-17,1.0,0.359747572799597,0.11190897322435911,234,1.4022512153252196,0.8045860123865538,156,55.154328932550705,0.7964784910237981,195.0,187.2,0.5384606477259212,174,223.73684210526315,219.0,31.357866468777544,19,0.8442899702085402,0.2830303698747233,0.32408790989160485,7,132.25,55
coif5,1.0,constant,2.380457709196553e-26,318.89778443187214,53496633.29708432,0.5758547008547008,419.0329368333959,907,raw,1.05495423740589e-13,-9.227213437768089e-10,8.65306188390045,109677.29908993992,0.8316018987993467,4.293740082320344e-06,1.0,708.0000000000001,,,,[],[],15,954.0,54.00000000000023,1308.0000000000002,"[9, 84, 164, 254, 330, 397, 444, 513, 572, 617, 680, 734, 786, 857, 902]","[1308.0000000000002, 1250.0000000000002, 1210.0, 1077.0, 1164.9999999999998, 449.00000000000045, 1284.0, 1196.9999999999998, 1067.0, 54.00000000000023, 1223.0000000000002, 676.0000000000001, 1014.0, 1115.0, 221.0]","[2, 35, 139, 245, 317, 139, 139, 489, 558, 616, 595, 730, 730, 730, 901]","[595, 139, 317, 279, 351, 398, 595, 595, 595, 631, 906, 737, 797, 906, 906]",462857712.0,1359.0000000000002,-1359.0000000000002,0.0,,,,DWT,mdp.39015056038071,0.0,,0.0,-73.0,115.0,0.0,-68.5,,2.2737367544323206e-13,414.03846153846155,55885.0,414.60256410256414,,0.0,414.03846153846155,,,50.00000000000023,0.0,-77.5,2.2737367544323206e-13,2.2737367544323206e-13,,1.1368683772161603e-13,9.358788749130458e-14,1.6060581510159097e-26,0.9690669135092881,0.9303483367803552,0.00046520577144003073,0.4222247486231109,0.0011611966068063918,2.8642509424646317e-09,4.4533174909138267e-10,4.4533174909138267e-10,4.362830552139301e-10,,2.0096603296879822e-12,0.9999999995546631,6.249255530696294e-14,,,,,,0.0,0.5,0.25,4.503703478699948e-14,4.503703478699948e-14,0.0,0.5750000010357449,0.17355823054666805,652,1.2162012974734655,0.7820636686461414,165,0,0.13461538490369407,0.16203627447944696,652,0,0.331895200184442,0.7327486103653269,162,282.03826572529715,0.7043624049001078,407.75,261.4220142201422,0.6384757517163013,436,coif,0.656488627860972,0.9557749009341453,0.253725490217076,4,328.0,9.358788749130456e-14,0.00022537827079399664,1.6060581510159097e-26,0.969066913509288,0.9303483367803552,0.002209596873551305,0.72125322997416,0.004255113468592779,0.9837415452947404,9.579881332655305e-11,9.579881332655305e-11,9.429446112818596e-11,,5.31090084661054e-13,0.9999999999959025,5.035116483609851e-14,,,,,1.0,,0.0,0.1985294117647059,0.06617647058823523,4.503703478699948e-14,4.503703478699948e-14,0.0,1.221593051907744,0.44233643438566445,703,1.3379900657908934,0.7852392881286715,918,152.02795795510772,0.9203207767530882,810.5,796.2418260333127,0.7477652101794792,241,0.6279687653129211,0.9042874265066404,0.2891356363289631,6,182.25,198,,,,,,,,6.8020320322964555e-19,0.05136027697297241,1.543189566213867e-26,0.9816305668146814,0.36432064402103786,0.0002789771843913471,0.41522333939501926,0.9999999999999999,0.004182961668171726,0.0005941450834276092,2.426444462022559e-15,2.426444462022559e-15,2.385461619902607e-15,,1.6713139204430802e-18,0.04233831474415694,9.41946501642748e-19,,,,,0.8723404255319149,,0.0,0.48584905660377364,0.4253393665158371,4.146815168660129e-19,4.146815168660129e-19,0.48453608247422675,0.5583096299166814,0.17367693946903465,93,1.3544487542086914,0.7771578374977265,226,94.04520189781083,0.652969734694425,159.5,131.7742946708464,0.5322044245427844,179,173.0,189.0,76.50662166044674,20,0.6528301886792452,0.6905347800999774,0.33585843389453507,6,135.75,56
bior4.4,1.0,constant,1.2604250972732919e-20,260.1936673397137,48728894.72337472,0.5141921397379913,119.25638456902097,907,smoothed,8.431354157048379e-11,7.809681434862557e-09,8.539833413241492,65624.6941154925,0.9858841441931839,8.290076994033849e-05,1.0,700.200000000025,,,,[],[],15,859.506666666318,36.99999999992178,1147.9999999997199,"[7, 57, 111, 162, 256, 302, 399, 446, 515, 567, 615, 681, 775, 825, 898]","[1136.1999999995517, 752.1999999995928, 880.5999999994727, 824.1999999997178, 811.9999999996861, 949.7999999996853, 1086.9999999996953, 947.5999999995279, 882.5999999996475, 36.99999999992178, 986.1999999997274, 1147.9999999997199, 801.5999999995122, 709.3999999996406, 938.1999999996684]","[0, 35, 35, 141, 175, 141, 317, 421, 456, 559, 525, 525, 730, 797, 872]","[525, 70, 317, 175, 281, 317, 525, 525, 525, 569, 663, 906, 872, 834, 906]",417881492.55996156,1147.999999999865,-1147.999999999865,0.0,,,,DWT,mdp.39015056038071,3.8623809814453125e-05,,0.0,-45.5,74.0,0.0,-18.5,,1.3505996321327984e-10,522.4864419472169,17102.20000000523,522.486441947223,,0.0,522.4864419472169,,,35.59999999992179,0.0,-32.0,2.801243681460619e-10,1.3505996321327984e-10,,2.5011104298755527e-11,1.2432805875142155e-10,1.5817256862033313e-20,0.7540484075913025,0.14982245229657254,0.0773190254712427,0.11800064205974972,0.040900196251450624,3.028486460830508e-08,2.6023641026768662e-09,2.6023641026768662e-09,2.5503290523127647e-09,,1.168398186254319e-10,0.9999999973975612,6.203263507807336e-11,,,,,,9.807800531201976e-11,0.4,0.42857142857142855,5.543406905798022e-11,5.543406905798022e-11,,0.5828571531285488,0.18710105243828826,144,0.6295601188004677,0.31465182307771594,929,0,0.15238095536639418,0.19496831895627023,141,0,0.16287010339923516,0.25988612541492445,928,453.79914793514837,0.5243195514306621,535.5,247.05608741830747,0.48149939835684047,941,bior,0.7117551471424625,1.0,0.20177139700027627,6,707.25,1.0523593372268202e-10,0.9999999999729536,1.0016064147550153e-20,0.7479112740129977,0.9027627970104372,0.00019148387866056043,0.06877729257641951,0.0005341488408758346,1.0667366989736138e-10,0.97984531573712,0.97984531573712,0.9797420659228068,,1.168398186254319e-10,0.0008620203397305404,6.203263507807336e-11,,,,,0.0,,7.088449838431506e-11,0.6029411764705883,0.7352941176470589,2.6751998663477693e-11,2.6751998663477693e-11,1.0,1.2160843489683253,0.44034174391774883,859,1.2279484814427228,0.7206581095628711,1630,545.1793282948281,0.7142665994261908,1244.5,1125.0863800723182,0.531006465331544,1334,0.624472043587361,0.8820529008810402,0.29825369922453526,5,1001.75,255,,,,,,,,8.656067194937598e-16,0.999999999974439,1.0016063518864306e-20,0.8223016104771051,0.3535182582722501,2.3477420928207863e-05,0.02050411887112752,0.9999999999999999,0.0002451094199400054,6.44224511383391e-14,0.0014666844337724598,0.0014666844337724598,0.0014590664654819175,,3.676890624974776e-16,3.649648845952849e-05,1.1604780900238654e-15,,,,,0.0,,1.703706393853218e-18,0.7452830188679246,0.8371040723981901,2.4632082101841167e-16,2.4632082101841167e-16,1.0,0.3595746879707695,0.11185519283737946,240,1.3784515254416112,0.7909301871177213,172,48.08326112068523,0.8225709921745933,206.0,200.38834951456312,0.5312116953492892,180,145.70212765957447,152.0,62.45900042832168,47,0.5498193496587716,0.5637435190571668,0.44600339952170986,3,135.75,57
db28,1.0,constant,3.7422453502915203e-26,316.93306656013266,53538511.159221984,0.5769230769230769,391.5283824717421,907,raw,1.44193856903675e-13,-8.818323848913765e-10,8.647895938471443,114889.1489409998,0.8441055193367645,4.293740082320345e-06,1.0,708.0,,,,[],[],15,953.9999999999999,54.0,1307.9999999999998,"[9, 84, 164, 254, 330, 397, 444, 513, 572, 617, 680, 734, 786, 857, 902]","[1307.9999999999998, 1249.9999999999995, 1209.9999999999995, 1076.9999999999998, 1165.0, 449.0000000000001, 1284.0000000000002, 1197.0, 1067.0000000000002, 54.0, 1222.9999999999998, 676.0000000000002, 1014.0, 1115.0000000000002, 220.99999999999977]","[2, 35, 139, 174, 317, 139, 139, 489, 558, 616, 527, 730, 762, 762, 901]","[870, 139, 317, 279, 351, 398, 870, 527, 665, 631, 870, 737, 797, 870, 906]",462857712.0,1358.9999999999998,-1358.9999999999998,0.0,,,,DWT,mdp.39015056038071,0.0,,0.0,-73.0,115.0,0.0,-68.5,,2.2737367544323206e-13,414.03846153846143,55885.0,414.6025641025641,,0.0,414.03846153846143,,,50.0,0.0,-77.5,2.2737367544323206e-13,2.2737367544323206e-13,,0.0,1.4190683359085814e-13,2.688213392703963e-26,0.96166524461659,0.9290897717546882,0.0004829630391387277,0.44565711687130444,0.0016027906060593973,2.8632955552256507e-09,4.453269741326731e-10,4.453269741326731e-10,4.362806667551004e-10,,0.0,0.9999999995546631,6.249255530696294e-14,,,,,,0.0,0.5,0.25,4.503703478699948e-14,4.503703478699948e-14,0.0,0.5750000010344498,0.17355823054627717,713,1.2206894771578554,0.7849497388031201,153,0,0.13461538490346506,0.1620362744791713,712,0,0.3340711266982747,0.7375525579017237,139,327.1191169385652,0.6571078438799107,429.25,241.87875097189846,0.6035801273906891,535,db,0.7310736328536972,1.0,0.18824845700241194,6,402.75,1.419068335908581e-13,0.00022537827079399664,2.688213392703962e-26,0.9616652446165899,0.9290897717546883,0.002227323151213487,0.7325581395348835,0.004695339624390253,0.9837415452947248,9.579781412583088e-11,9.579781412583088e-11,9.429390601667365e-11,,0.0,0.9999999999959025,5.035116483609851e-14,,,,,1.0,,0.0,0.1985294117647059,0.06617647058823523,4.503703478699948e-14,4.503703478699948e-14,0.0,1.221593051907473,0.4423364343855663,777,1.3376266993678951,0.7850260357297036,922,102.5304832720494,0.9462628494381292,849.5,843.3125367863449,0.7505161207358362,225,0.5932924258364,0.7822905243672058,0.35000814460435825,3,169.5,195,,,,,,,,1.0776866090709582e-18,0.05136027697297241,2.6253448079019196e-26,0.9762981222859509,0.3638277950497803,0.00028122138962724595,0.4220623120438784,0.9999999999999999,0.0046488477301956845,0.0005941450834275999,2.4249265789810792e-15,2.4249265789810792e-15,2.3848110985991156e-15,,0.0,0.04233831474415694,9.41946501642748e-19,,,,,0.8723404255319149,,0.0,0.48584905660377364,0.4253393665158371,4.146815168660129e-19,4.146815168660129e-19,0.48453608247422675,0.5583096299166814,0.17367693946903465,95,1.3539259285927958,0.7768578497545393,228,94.04520189781083,0.652969734694425,161.5,134.11764705882354,0.5285143876424154,181,148.9857142857143,151.0,69.14372614651623,70,0.5622102425876011,0.6240786312822121,0.4192292408040156,4,136.75,58
rbio4.4,1.0,constant,1.26054349381436e-20,260.1932594094866,49190628.47858302,0.5185589519650655,126.55834940210161,907,smoothed,8.431465222192965e-11,7.81113360657877e-09,8.5339030503966,69610.95074791354,0.9831352180298648,8.290076994033849e-05,1.0,700.200000000025,,,,[],[],15,859.506666666318,36.99999999992167,1147.9999999997199,"[7, 57, 111, 162, 256, 302, 399, 446, 515, 567, 615, 681, 775, 825, 898]","[1136.1999999995512, 752.1999999995932, 880.599999999473, 824.1999999997175, 811.9999999996862, 949.7999999996854, 1086.9999999996955, 947.5999999995277, 882.5999999996476, 36.99999999992167, 986.1999999997274, 1147.9999999997199, 801.5999999995121, 709.3999999996406, 938.1999999996685]","[0, 35, 35, 141, 175, 141, 317, 421, 456, 559, 525, 525, 730, 797, 872]","[525, 70, 317, 175, 281, 317, 525, 525, 525, 569, 663, 906, 872, 834, 906]",417881492.55996156,1147.999999999865,-1147.999999999865,0.0,,,,DWT,mdp.39015056038071,3.8623809814453125e-05,,0.0,-45.5,74.0,0.0,-18.5,,1.3505996321327984e-10,522.4864419472169,17102.20000000523,522.486441947223,,0.0,522.4864419472169,,,35.59999999992168,0.0,-32.0,2.801243681460619e-10,1.3505996321327984e-10,,2.5011104298755527e-11,1.2432969727215346e-10,1.581874263786975e-20,0.7540468541284564,0.1172849998894594,0.15623752610137884,0.1972775592058346,0.06668194093182073,3.028265966730702e-08,2.6023641026768662e-09,2.6023641026768662e-09,2.5503290523127647e-09,,1.168398186254319e-10,0.9999999973975612,6.203263507807336e-11,,,,,,9.807800531201976e-11,0.4,0.42857142857142855,5.543406905798022e-11,5.543406905798022e-11,,0.5828571531278873,0.1871010524380759,146,0.694773175564854,0.3472450680858041,881,0,0.15238095536621044,0.19496831895603514,144,0,0.18450412576875427,0.2944067779681574,875,423.20562378115915,0.5563882350302315,511.5,248.88483361663583,0.5101123565088264,871,rbio,0.6011515732570673,0.8080706865547747,0.3367726927536205,4,654.25,1.0523732048444374e-10,0.9999999999729536,1.0017004994960191e-20,0.7479097372200993,0.9013179990797067,0.0003869289260681329,0.11498425916522842,0.0008708535586750294,1.0666595384734023e-10,0.97984531573712,0.97984531573712,0.9797420659228068,,1.168398186254319e-10,0.0008620203397305404,6.203263507807336e-11,,,,,0.0,,7.088449838431506e-11,0.6029411764705883,0.7352941176470589,2.6751998663477693e-11,2.6751998663477693e-11,1.0,1.216084348968323,0.44034174391774805,862,1.2459403514479657,0.7312171739059008,1586,511.9453095790604,0.7316848482290039,1224.0,1116.937908496732,0.54508770713337,1248,0.5849954903509885,0.970216713839344,0.2994381426025048,4,937.0,252,,,,,,,,8.656181273333885e-16,0.999999999974439,1.0017004366274344e-20,0.8223005033128965,0.35295248124896267,4.8221408756986576e-05,0.04845729965423745,0.9999999999999999,0.0006014399854335317,6.441776026987721e-14,0.0014666844337724598,0.0014666844337724598,0.0014590664654819175,,3.676890624974776e-16,3.649648845952849e-05,1.1604780900238654e-15,,,,,0.0,,1.703706393853218e-18,0.7452830188679246,0.8371040723981901,2.4632082101841167e-16,2.4632082101841167e-16,1.0,0.3595746879707695,0.11185519283737946,241,1.389504149164798,0.7972719797656139,168,51.61879502661797,0.8095247415991957,204.5,197.98533007334964,0.5274560977368672,182,88.75641025641026,82.5,49.40797188357043,78,0.3349298500241897,0.445947321412649,0.6317649085592725,2,137.0,59
coif10,1.0,zero,5.0024434927095997e-26,315.6725672189247,53511621.1713498,0.577639751552795,386.8318845888618,907,raw,1.61698414060621e-13,-9.59813339918023e-10,8.649667153941781,119018.07124639397,0.8523775674690088,4.293740082320344e-06,1.0,708.0000000000001,,,,[],[],15,954.0,54.00000000000068,1308.0000000000002,"[9, 84, 164, 254, 330, 397, 444, 513, 572, 617, 680, 734, 786, 857, 902]","[1308.0000000000002, 1249.9999999999998, 1209.9999999999995, 1077.0, 1165.0, 449.0, 1283.9999999999998, 1196.9999999999998, 1067.0, 54.00000000000068, 1223.0, 676.0000000000001, 1013.9999999999999, 1115.0, 221.00000000000023]","[2, 35, 139, 245, 317, 139, 139, 489, 558, 616, 665, 730, 730, 730, 901]","[665, 139, 317, 279, 351, 398, 665, 665, 665, 631, 870, 737, 797, 870, 906]",462857712.0,1359.0000000000002,-1359.0000000000002,0.0,,,,DWT,mdp.39015056038071,0.0,,0.0,-73.0,115.0,0.0,-68.5,,2.2737367544323206e-13,414.03846153846155,55885.0,414.6025641025641,,0.0,414.03846153846155,,,50.00000000000068,0.0,-77.5,2.2737367544323206e-13,2.2737367544323206e-13,,1.1368683772161603e-13,1.637630609527925e-13,3.6896397415925034e-26,0.9569165736255612,0.9295212880907631,0.0004715610074043621,0.46137572414338535,0.001952629409084999,2.8661617169425934e-09,4.4533174909138267e-10,4.4533174909138267e-10,4.362806667551004e-10,,2.0096603296879822e-12,0.9999999995546631,6.249255530696294e-14,,,,,,0.0,0.5,0.25,4.503703478699948e-14,4.503703478699948e-14,0.0,0.5750000010363174,0.17355823054684089,649,1.2244777101454576,0.7873857166253155,134,0,0.13461538490384087,0.16203627447962365,648,0,0.3357482537537661,0.7412552704406049,120,301.14268489649,0.6843368082846017,387.75,211.86371298943274,0.6389451337020493,433,coif,0.656488627860972,0.9557749009341453,0.253725490217076,4,325.75,1.6376306095279244e-13,0.00022537827079399664,3.689639741592503e-26,0.9569165736255609,0.9295212880907631,0.0022159410183388894,0.7401415571284126,0.00504409479693623,0.9837415452947714,9.579881332655305e-11,9.579881332655305e-11,9.429390601667365e-11,,5.31090084661054e-13,0.9999999999959025,5.035116483609851e-14,,,,,1.0,,0.0,0.1985294117647059,0.06617647058823523,4.503703478699948e-14,4.503703478699948e-14,0.0,1.2215930519077531,0.4423364343856678,696,1.3381604329813144,0.7853392731844256,916,155.56349186104046,0.9184677715612996,806.0,790.9875930521092,0.7480179528666037,240,0.6279687653129211,0.9042874265066404,0.2891356363289631,6,181.5,197,,,,,,,,1.2574812526206034e-18,0.05136027697297241,3.6267711567904603e-26,0.972876998616148,0.3639967751008528,0.0002797803740525342,0.42664994587044247,0.9999999999999999,0.005017931147453337,0.0005941450834276281,2.426444462022559e-15,2.426444462022559e-15,2.3848110985991156e-15,,1.6713139204430802e-18,0.04233831474415694,9.41946501642748e-19,,,,,0.8723404255319149,,0.0,0.48584905660377364,0.4253393665158371,4.146815168660129e-19,4.146815168660129e-19,0.48453608247422675,0.5583096299166814,0.17367693946903465,86,1.3539397108061915,0.7768657577356461,227,99.7020561473032,0.6320957337737889,156.5,124.74121405750799,0.5273024794330199,183,173.0,189.0,76.50662166044674,20,0.6528301886792452,0.6905347800999774,0.33585843389453507,6,138.75,60
coif3,1.0,antireflect,1.8823279028866587e-26,319.9174363336955,54390094.26269635,0.5735930735930735,450.42883200010687,907,raw,9.337967126237562e-14,-9.56758561265767e-10,8.675133668328328,130684.86069051069,0.8512705786375635,4.293740082320344e-06,1.0,707.9999999999999,,,,[],[],15,954.0,53.999999999999545,1308.0,"[9, 84, 164, 254, 330, 397, 444, 513, 572, 617, 680, 734, 786, 857, 902]","[1308.0, 1250.0, 1210.0000000000002, 1077.0000000000002, 1165.0, 449.0000000000002, 1284.0000000000002, 1197.0, 1067.0000000000002, 53.999999999999545, 1222.9999999999998, 676.0000000000002, 1014.0000000000002, 1115.0000000000002, 221.0000000000001]","[2, 35, 139, 174, 317, 139, 139, 489, 558, 616, 665, 730, 730, 730, 901]","[139, 139, 317, 282, 351, 398, 870, 665, 665, 631, 870, 737, 797, 870, 906]",462857712.0,1359.0,-1359.0,0.0,,,,DWT,mdp.39015056038071,0.0,,0.0,-73.0,115.0,0.0,-68.5,,0.0,414.03846153846155,55885.0,414.6025641025642,,0.0,414.03846153846155,,,49.999999999999545,0.0,-77.5,0.0,0.0,,1.1368683772161603e-13,7.846013313279608e-14,1.2102153891401508e-26,0.9729082415043475,0.9357256246972976,0.0008440557111182711,0.3726211638899217,0.0029411429611441663,2.861384780747689e-09,4.4533174909138267e-10,4.4533174909138267e-10,4.3628544367275983e-10,,2.0096603296879822e-12,0.9999999995546631,0.0,,,,,,0.0,0.5,0.25,0.0,0.0,0.0,0.5750000010348366,0.1735582305463939,702,1.2022547078472665,0.773095481331405,227,0,0.13461538490346203,0.16203627447916766,715,0,0.326434318394844,0.7206922337124751,239,274.62504741313506,0.7121330739904245,470.75,350.4932004681535,0.6093422183369313,512,coif,0.656488627860972,0.9557749009341453,0.253725490217076,4,385.0,7.846013313279605e-14,0.00022537827079399664,1.2102153891401507e-26,0.9729082415043473,0.9357256246972976,0.0025877856431856154,0.6973220577871738,0.006029546414740911,0.9837415452946938,9.579881332655305e-11,9.579881332655305e-11,9.429501623969827e-11,,5.31090084661054e-13,0.9999999999959025,0.0,,,,,1.0,,0.0,0.1985294117647059,0.06617647058823523,0.0,0.0,0.0,1.2215930519076867,0.4423364343856437,750,1.3343099052348775,0.7830794763863497,941,135.0573952066306,0.9292152016736737,845.5,834.7131874630396,0.7430405148829584,254,0.6279687653129211,0.9042874265066404,0.2891356363289631,6,192.0,201,,,,,,,,5.557586155359939e-19,0.05136027697297241,1.1473468043381082e-26,0.984398005989179,0.36642636821007296,0.00032685713037584484,0.4007460336578239,0.9999999999999999,0.006060822778239069,0.0005941450834275812,2.426444462022559e-15,2.426444462022559e-15,2.3863289816405953e-15,,1.6713139204430802e-18,0.04233831474415694,0.0,,,,,0.8723404255319149,,0.0,0.48584905660377364,0.4253393665158371,0.0,0.0,0.48453608247422675,0.5583096299166814,0.17367693946903465,92,1.3521462419300485,0.7758366982093468,230,97.58073580374356,0.6399234841190274,161.0,131.42857142857144,0.5229137715798089,184,173.0,189.0,76.50662166044674,20,0.6528301886792452,0.6905347800999774,0.33585843389453507,6,139.5,61
db12,1.0,reflect,2.2592650387686082e-26,319.12471731627033,55032527.35728942,0.5752688172043011,447.0722769310522,907,raw,1.0630575190189193e-13,-9.75216685183975e-10,8.68169769944071,103005.67940963325,0.8127066213263933,4.293740082320344e-06,1.0,708.0,,,,[],[],15,954.0,54.0,1307.9999999999998,"[9, 84, 164, 254, 330, 397, 444, 513, 572, 617, 680, 734, 786, 857, 902]","[1307.9999999999998, 1250.0000000000002, 1210.0000000000005, 1077.0, 1164.9999999999995, 449.0000000000001, 1284.0000000000005, 1197.0, 1067.0, 54.0, 1223.0, 675.9999999999998, 1014.0000000000003, 1115.0, 221.0]","[2, 35, 139, 174, 317, 317, 317, 489, 558, 616, 527, 730, 730, 730, 901]","[870, 139, 317, 279, 351, 398, 870, 527, 665, 631, 870, 737, 797, 870, 906]",462857712.0,1358.9999999999998,-1358.9999999999998,0.0,,,,DWT,mdp.39015056038071,0.0,,0.0,-73.0,115.0,0.0,-68.5,,2.2737367544323206e-13,414.03846153846155,55885.0,414.6025641025642,,0.0,414.03846153846155,,,50.0,0.0,-73.0,2.2737367544323206e-13,2.2737367544323206e-13,,0.0,9.459966496001862e-14,1.509751443861246e-26,0.9699218362925238,0.9373248014789655,0.0011164635145942381,0.40937474022894216,0.0005959180012605028,2.8632955552256507e-09,4.4533174909138267e-10,4.4533174909138267e-10,4.3628544367275983e-10,,0.0,0.9999999995546631,6.249255530696294e-14,,,,,,0.0,0.5,0.5,4.503703478699948e-14,4.503703478699948e-14,0.0,0.6000000010344542,0.18110424055645405,419,1.2151619975644037,0.7813953592952199,174,0,0.15384615413423539,0.1851843136409454,419,0,0.3311905370737688,0.7311928755585729,172,142.03051315357087,0.8511210553945798,296.0,244.88272225748184,0.7704242593534744,170,db,0.7310736328536972,1.0,0.18824845700241194,6,129.0,9.45996649600186e-14,0.00022537827079399664,1.509751443861246e-26,0.9699218362925236,0.9373248014789655,0.0028597180397510144,0.7150537634408609,0.0036915858212629342,0.9837415452947248,9.579881332655305e-11,9.579881332655305e-11,9.429501623969827e-11,,0.0,0.9999999999959025,5.035116483609851e-14,,,,,1.0,,0.0,0.1985294117647059,0.13235294117647056,4.503703478699948e-14,4.503703478699948e-14,0.0,1.2282106989662973,0.4447326713316194,505,1.3396111147209886,0.7861906489350294,908,284.9640328181787,0.8506477815418351,706.5,649.030431705591,0.7401823813369552,265,0.5932924258364,0.7822905243672058,0.35000814460435825,3,199.5,203,,,,,,,,6.88526330836555e-19,0.05136027697297241,1.4468828590592035e-26,0.9822464857897182,0.36705259936669216,0.00036128466896081173,0.4114729350391939,0.9999999999999999,0.0035865871161405456,0.0005941450834275999,2.426444462022559e-15,2.426444462022559e-15,2.3863289816405953e-15,,0.0,0.04233831474415694,9.41946501642748e-19,,,,,0.8723404255319149,,0.0,0.48584905660377364,0.4660633484162896,4.146815168660129e-19,4.146815168660129e-19,0.48453608247422675,0.5623820281067267,0.1749437663622979,62,1.354486725445683,0.777179624696641,225,115.25840533340725,0.5746922312420397,143.5,97.21254355400697,0.5225859680195438,186,148.9857142857143,151.0,69.14372614651623,70,0.5622102425876011,0.6240786312822121,0.4192292408040156,4,140.5,62
sym4,1.0,reflect,1.811656807789317e-21,268.61807845807283,49019711.49374407,0.5153172866520788,124.75314532858464,907,smoothed,2.9372554921195504e-11,,8.540868428428968,65365.935470919634,0.9850212601778717,8.290076994012325e-05,1.0,700.1999999999965,,,,[],[],15,859.5066666667828,37.000000000089244,1148.0000000002012,"[7, 57, 111, 162, 256, 302, 399, 446, 515, 567, 615, 681, 775, 825, 898]","[1136.2000000001206, 752.2000000000359, 880.6000000000815, 824.2000000000386, 812.00000000004, 949.8000000001589, 1087.0000000002037, 947.6000000001576, 882.6000000000607, 37.000000000089244, 986.2000000001899, 1148.0000000002012, 801.6000000001466, 709.4000000000941, 938.2000000001242]","[0, 35, 35, 137, 175, 137, 137, 421, 456, 559, 529, 529, 730, 797, 868]","[529, 70, 137, 175, 281, 315, 529, 529, 529, 569, 667, 868, 868, 834, 904]",417881492.5600038,1148.0000000000116,-1148.0000000000116,0.0,,,,DWT,mdp.39015056038071,3.635883331298828e-06,,0.0,-41.0,74.0,0.0,-18.5,,1.1596057447604835e-11,522.4864419476817,17102.199999998258,522.4864419476817,,0.0,522.4864419476817,,,35.60000000008925,0.0,-41.0,2.0122570276726037e-10,1.1596057447604835e-11,,3.524291969370097e-12,4.3274776020720325e-11,2.2734696212201656e-21,0.786129898008978,0.15550115329412495,0.1270247773612984,0.13842702497868048,0.039226633828510354,3.35327426984422e-08,2.8107081638523594e-09,2.8107081638523594e-09,2.7559210148440825e-09,,1.6463792624492675e-11,0.9999999971892443,4.4560780879947185e-11,,,,,,9.232651734619144e-12,0.5,0.14285714285714285,4.759490777705374e-12,4.759490777705374e-12,,0.5642857254903928,0.18113949970151647,269,0.6840023676689573,0.3418618580646212,891,0,0.13690476516968694,0.17516684980781677,269,0,0.17804421250212388,0.284098920391216,895,360.270268918581,0.6223582086807327,581.0,413.45390888362493,0.5066717668141609,890,sym,1.0,0.8754181682914945,0.03737454951255163,7,669.25,3.663650073335028e-11,0.9999999999702162,1.4396444514404788e-21,0.7796485033684024,0.9030149549036811,0.0003145823024396769,0.08068291689990348,0.0005122924316094558,1.1811385203230884e-10,0.9798453157413191,0.9798453157413191,0.9797420659269716,,1.6463792624492675e-11,0.0008620203395510173,4.4560780879947185e-11,,,,,0.0,,6.672769138029658e-12,0.6691176470588236,0.6029411764705882,2.2968887741369736e-12,2.2968887741369736e-12,1.0,1.209466701815801,0.4379455069377671,1092,1.2519319543587626,0.7347335243816742,1559,330.2188668141177,0.8269293150869405,1325.5,1284.3666540927952,0.5661114080675793,1111,1.0,0.6189634712383475,0.11431095862849575,7,835.0,244,,,,,,,,3.0129109457920045e-16,0.9999999999718414,1.4396438227546308e-21,0.845166320785918,0.3536170022828854,3.90620875142095e-05,0.027706497508351025,0.9999999999999999,0.00022197904408886816,7.133189243612088e-14,0.0014666844337787453,0.0014666844337787453,0.00145906646548812,,5.181073153373549e-17,3.649648845192565e-05,8.336226539538319e-16,,,,,0.0,,1.6037976855717024e-19,0.7877358490566038,0.755656108597285,2.114875736016666e-17,2.114875736016666e-17,1.0,0.3556751746095504,0.11064214633109545,243,1.395099215269279,0.8004823260123094,166,54.44722215136416,0.7990877411388777,204.5,197.25183374083127,0.5222375975067082,187,223.73684210526315,219.0,31.357866468777544,19,0.8442899702085402,0.2830303698747233,0.32408790989160485,7,142.0,63
sym9,1.0,periodization,1.4691256412180742e-25,309.52824837410304,48976219.34634707,0.5165198237885462,138.4671550402172,907,smoothed,3.097047757759685e-13,-7.176076177728428e-10,8.532334633770947,64669.92286207761,0.9865963187656679,8.290076994021356e-05,1.0,700.2,,,,[],[],15,859.5066666666663,37.00000000000023,1147.9999999999998,"[7, 57, 111, 162, 256, 302, 399, 446, 515, 567, 615, 681, 775, 825, 898]","[1136.1999999999994, 752.1999999999992, 880.599999999999, 824.1999999999991, 811.9999999999994, 949.7999999999996, 1086.9999999999998, 947.5999999999996, 882.5999999999992, 37.00000000000023, 986.1999999999999, 1147.9999999999998, 801.5999999999997, 709.3999999999994, 938.1999999999997]","[1, 35, 35, 137, 175, 137, 137, 421, 456, 559, 529, 529, 730, 797, 868]","[529, 70, 137, 175, 281, 315, 529, 529, 529, 569, 667, 868, 868, 834, 904]",417881492.5599998,1147.9999999999993,-1147.9999999999993,0.0,,,,DWT,mdp.39015056038071,3.5762786865234375e-07,,0.0,-41.0,74.0,0.0,-18.5,,6.821210263296962e-13,522.4864419475653,17102.200000000004,522.486441947565,,0.0,522.4864419475653,,,35.600000000000236,0.0,-36.5,2.2737367544323206e-13,6.821210263296962e-13,,0.0,3.989641094100879e-13,1.788599265418343e-25,0.9419222977040014,0.10867974543093606,0.11959119681181618,0.16025838203629628,0.034725062296577944,3.1806273896964016e-08,2.7585202189786547e-09,2.7585202189786547e-09,2.703631140387679e-09,,0.0,0.9999999972414323,5.035116483609851e-14,,,,,,9.081296788149978e-13,0.5,0.2857142857142857,2.799700457473749e-13,2.799700457473749e-13,,0.5785714392008197,0.18572530954481345,185,0.7572822274770463,0.37848686145179183,797,0,0.1488095269153485,0.19039874922428693,185,0,0.19502524061143242,0.31119495280468124,826,361.9036473980333,0.6206460719098184,498.25,301.29171951989576,0.5491857193930643,751,sym,1.0,0.8754181682914945,0.03737454951255163,7,565.0,3.4856411953768227e-13,0.9999999999713647,1.1388931004149525e-25,0.9337691211008529,0.9009358900663911,0.0002961727217798695,0.09340743776252425,0.0004535027573223534,1.1203266092607578e-10,0.9798453157402672,0.9798453157402672,0.9797420659259124,,0.0,0.0008620203395959813,5.035116483609851e-14,,,,,0.0,,6.563379480029172e-13,0.6691176470588236,0.6691176470588235,1.3511110436099842e-13,1.3511110436099842e-13,1.0,1.2160843488375142,0.4403417438703824,897,1.34842188025405,0.7913615088927677,841,39.59797974644666,0.9792463418519671,869.0,868.0978135788263,0.7618978040496733,191,1.0,0.6189634712383475,0.11431095862849575,7,145.0,191,,,,,,,,2.77769971968027e-18,0.9999999999729313,1.1326062419347483e-25,0.9562006911024198,0.3528028489055555,3.673137386440666e-05,0.03540427250441486,0.9999999999999999,0.00015976263672508144,6.765905296825725e-14,0.0014666844337771709,0.0014666844337771709,0.0014590664654865425,,0.0,3.649648845383033e-05,9.41946501642748e-19,,,,,0.0,,1.5775059202344613e-20,0.7877358490566038,0.7963800904977376,1.2440445505980387e-18,1.2440445505980387e-18,1.0,0.35974757279959363,0.11190897322435805,235,1.4643658188494972,0.8402262319238065,115,84.8528137423857,0.6868899861904587,175.0,154.42857142857142,0.5205667643129415,189,223.73684210526315,219.0,31.357866468777544,19,0.8442899702085402,0.2830303698747233,0.32408790989160485,7,143.5,64
coif6,1.0,zero,3.291796706293523e-26,317.4900590711344,53500261.4212217,0.5753715498938429,411.8187845508584,907,raw,1.2929410084529951e-13,-9.790528388009617e-10,8.651503744174237,112641.3086444796,0.8379259754116813,4.293740082320343e-06,1.0,708.0,,,,[],[],15,954.0,53.99999999999977,1308.0000000000005,"[9, 84, 164, 254, 330, 397, 444, 513, 572, 617, 680, 734, 786, 857, 902]","[1308.0000000000005, 1250.0, 1210.0000000000002, 1077.0000000000002, 1165.0, 449.0000000000002, 1283.9999999999998, 1197.0, 1067.0, 53.99999999999977, 1223.0000000000002, 676.0, 1014.0000000000001, 1115.0, 221.0]","[2, 35, 139, 174, 317, 139, 139, 489, 558, 616, 595, 730, 730, 730, 901]","[595, 139, 317, 279, 351, 398, 595, 595, 595, 631, 906, 737, 797, 906, 906]",462857712.0,1359.0000000000005,-1359.0000000000005,0.0,,,,DWT,mdp.39015056038071,0.0,,0.0,-73.0,115.0,0.0,-68.5,,4.547473508864641e-13,414.03846153846155,55885.0,414.6025641025642,,0.0,414.03846153846155,,,49.99999999999977,0.0,-77.5,4.547473508864641e-13,4.547473508864641e-13,,0.0,1.2330296643047178e-13,2.3302608408495766e-26,0.9637635988899684,0.9299687314996832,0.0004667441874016643,0.4116279451478138,0.0014123337021598056,2.8623401679866697e-09,4.4533174909138267e-10,4.4533174909138267e-10,4.3628544367275983e-10,,0.0,0.9999999995546631,1.2498511061392588e-13,,,,,,0.0,0.5,0.25,9.007406957399896e-14,9.007406957399896e-14,0.0,0.5750000010342169,0.17355823054620684,727,1.2086920087175501,0.777234910507522,203,0,0.1346153849034044,0.1620362744790983,727,0,0.3296056219181644,0.7276937457815509,196,304.5656743626898,0.6807487690118557,463.25,313.0091086408999,0.5975808834577098,547,coif,0.656488627860972,0.9557749009341453,0.253725490217076,4,411.25,1.2330296643047175e-13,0.00022537827079399664,2.3302608408495763e-26,0.9637635988899682,0.9299687314996832,0.002211132604664817,0.7161408186441516,0.004505472663356733,0.9837415452947094,9.579881332655305e-11,9.579881332655305e-11,9.429501623969827e-11,,0.0,0.9999999999959025,1.0070232967219702e-13,,,,,1.0,,0.0,0.1985294117647059,0.06617647058823523,9.007406957399896e-14,9.007406957399896e-14,0.0,1.2215930519075122,0.4423364343855805,766,1.3326742213904335,0.7821195266449772,950,130.10764773832474,0.9318094089421778,858.0,848.1351981351982,0.7410619371754914,261,0.6279687653129211,0.9042874265066404,0.2891356363289631,6,197.25,202,,,,,,,,9.246466717864396e-19,0.05136027697297241,2.2673922560475337e-26,0.9778098567240386,0.36417199212920254,0.00027917161301711714,0.4121305555856628,0.9999999999999999,0.004447913801987527,0.0005941450834275906,2.426444462022559e-15,2.426444462022559e-15,2.3863289816405953e-15,,0.0,0.04233831474415694,1.883893003285496e-18,,,,,0.8723404255319149,,0.0,0.48584905660377364,0.4253393665158371,8.293630337320258e-19,8.293630337320258e-19,0.48453608247422675,0.5583096299166814,0.17367693946903465,89,1.3509509667524848,0.7751508712488777,232,101.1162697096763,0.6268772335436299,160.5,128.64797507788163,0.5173131555172024,194,173.0,189.0,76.50662166044674,20,0.6528301886792452,0.6905347800999774,0.33585843389453507,6,147.0,65
bior3.1,1.0,reflect,2.3991683244068593e-26,317.39823057211265,49605381.52433116,0.510989010989011,96.44879926842015,907,smoothed,1.2970342673221713e-13,-7.717061878409481e-10,8.513170262517074,70686.23974326771,0.9920168807832368,8.290076994021385e-05,1.0,700.1999999999998,,,,[],[],15,859.5066666666665,37.0,1147.9999999999995,"[7, 57, 111, 162, 256, 302, 399, 446, 515, 567, 615, 681, 775, 825, 898]","[1136.1999999999998, 752.1999999999999, 880.5999999999997, 824.1999999999998, 812.0, 949.7999999999997, 1086.9999999999998, 947.5999999999998, 882.5999999999997, 37.0, 986.1999999999998, 1147.9999999999995, 801.5999999999999, 709.3999999999997, 938.1999999999998]","[1, 35, 35, 137, 175, 137, 137, 421, 456, 559, 597, 137, 730, 797, 872]","[137, 70, 137, 175, 281, 315, 526, 526, 526, 569, 664, 872, 872, 834, 904]",417881492.56000006,1147.9999999999995,-1147.9999999999995,0.0,,,,DWT,mdp.39015056038071,1.1920928955078125e-07,,0.0,-45.5,74.0,0.0,-18.5,,4.547473508864641e-13,522.4864419475655,17102.2,522.4864419475654,,0.0,522.4864419475655,,,35.60000000000001,0.0,-32.0,4.547473508864641e-13,4.547473508864641e-13,,2.2737367544323206e-13,1.3341190283827874e-13,2.4604681452654062e-26,0.9718924350733062,0.003532752929094163,0.2271261889574412,0.05984971657072527,0.07363654242695719,3.1801864014967905e-08,2.7586221485584864e-09,2.7586221485584864e-09,2.7037840347574345e-09,,1.0621801693221082e-12,0.9999999972413235,1.0070232967219702e-13,,,,,,3.027098929383326e-13,0.4,0.42857142857142855,1.8664669716491659e-13,1.8664669716491659e-13,,0.5828571534854797,0.18710105255286547,126,0.7518594355863645,0.3757765700854563,810,0,0.15238095548645691,0.19496831910988807,128,0,0.19086251942252255,0.30455264425087286,845,404.68701898298315,0.5757997704580889,477.25,220.17935183099172,0.5377688579753757,779,bior,0.7117551471424625,1.0,0.20177139700027627,6,585.75,1.2381405160499996e-13,0.9999999999713683,1.6209266883076422e-26,0.9634176539813128,0.8962669271958996,0.0005624877362575887,0.0348837209302324,0.0009616793411368614,1.1201711780373103e-10,0.9798453157402693,0.9798453157402693,0.9797420659259155,,1.062180169322108e-12,0.0008620203395958703,1.0070232967219702e-13,,,,,0.0,,2.187793160009724e-13,0.6029411764705883,0.7352941176470589,9.007406957399896e-14,9.007406957399896e-14,1.0,1.2160843488378308,0.440341743870497,891,1.3408034599548617,0.7868904122192184,895,2.8284271247461903,0.9985175958465691,893.0,892.9955207166854,0.7652441228708736,186,0.624472043587361,0.8820529008810402,0.29825369922453526,5,140.75,186,,,,,,,,9.28850982770953e-19,0.9999999999729348,1.5580581035055997e-26,0.9775606248194312,0.3509745019384675,7.044773334378431e-05,0.0,0.9999999999999999,0.000697559821940598,6.764967165484993e-14,0.001466684433777174,0.001466684433777174,0.001459066465486547,,3.3426278408861603e-18,3.649648845382636e-05,1.883893003285496e-18,,,,,0.0,,5.258353067448204e-21,0.7452830188679246,0.8371040723981901,8.293630337320258e-19,8.293630337320258e-19,1.0,0.35957468797077097,0.11185519283737991,238,1.4623378736482209,0.8390626341853977,119,84.14570696119915,0.6894992363055381,178.5,158.66666666666666,0.5154138247948354,196,145.70212765957447,152.0,62.45900042832168,47,0.5498193496587716,0.5637435190571668,0.44600339952170986,3,147.75,66
coif2,1.0,antisymmetric,1.6308613770670753e-26,320.5402186581122,53676555.938675694,0.5729847494553377,453.2005953814623,907,raw,8.788265962071423e-14,-9.662297628665415e-10,8.665880940576038,112601.89480416435,0.8262432671737366,4.293740082320343e-06,1.0,708.0000000000001,,,,[],[],15,954.0,54.000000000000114,1308.0000000000002,"[9, 84, 164, 254, 330, 397, 444, 513, 572, 617, 680, 734, 786, 857, 902]","[1308.0000000000002, 1250.0, 1210.0, 1077.0, 1165.0, 449.0000000000002, 1284.0, 1197.0, 1067.0, 54.000000000000114, 1223.0000000000002, 676.0000000000001, 1013.9999999999999, 1115.0, 221.0]","[2, 35, 139, 245, 317, 317, 317, 489, 558, 616, 527, 730, 730, 730, 901]","[527, 317, 317, 282, 351, 398, 527, 527, 595, 631, 906, 737, 797, 906, 906]",462857712.0,1359.0000000000002,-1359.0000000000002,0.0,,,,DWT,mdp.39015056038071,0.0,,0.0,-77.5,115.0,0.0,-68.5,,2.2737367544323206e-13,414.03846153846155,55885.0,414.60256410256414,,0.0,414.03846153846155,,,50.000000000000114,0.0,-73.0,2.2737367544323206e-13,2.2737367544323206e-13,,1.1368683772161603e-13,7.159655268490813e-14,1.0103855398943908e-26,0.9752544453150128,0.9334714081746721,0.0005414975004994531,0.3592789750936514,0.0014089942131361153,2.863773248845141e-09,4.4533174909138267e-10,4.4533174909138267e-10,4.362830552139301e-10,,2.0096603296879822e-12,0.9999999995546631,6.249255530696294e-14,,,,,,0.0,0.33333333333333337,0.5,4.503703478699948e-14,4.503703478699948e-14,0.0,0.5833333343689349,0.17607356721668332,587,1.19643430774933,0.7693527428036329,255,0,0.1410256413139137,0.16975228753332697,589,0,0.32427933147100624,0.7159345159964008,259,191.11166020592952,0.7996733121531137,422.5,357.6556180870935,0.6784005973763472,337,coif,0.656488627860972,0.9557749009341453,0.253725490217076,4,253.75,7.15965526849081e-14,0.00022537827079399664,1.0103855398943908e-26,0.9752544453150127,0.9334714081746721,0.002285755458057777,0.6908851395855506,0.004502143518445993,0.9837415452947326,9.579881332655305e-11,9.579881332655305e-11,9.429446112818596e-11,,5.31090084661054e-13,0.9999999999959025,5.035116483609851e-14,,,,,1.0,,0.0,0.13235294117647056,0.13235294117647056,4.503703478699948e-14,4.503703478699948e-14,0.0,1.2215930519077416,0.44233643438566356,708,1.3312537757282312,0.7812858958362509,964,181.01933598375618,0.9051261341804213,836.0,816.4019138755982,0.7334854989560388,288,0.6279687653129211,0.9042874265066404,0.2891356363289631,6,217.5,206,,,,,,,,4.992971329723759e-19,0.05136027697297241,9.475169550923483e-27,0.9860883006855294,0.3655436261415184,0.00028861911245798866,0.3968519814951433,0.9999999999999999,0.004444390607847546,0.0005941450834276046,2.426444462022559e-15,2.426444462022559e-15,2.385461619902607e-15,,1.6713139204430802e-18,0.04233831474415694,9.41946501642748e-19,,,,,0.8723404255319149,,0.0,0.44339622641509435,0.4660633484162896,4.146815168660129e-19,4.146815168660129e-19,0.48453608247422675,0.5581367450878587,0.17362315908205647,100,1.3504957349713937,0.7748896676075782,234,94.75230867899737,0.6503604845793456,167.0,140.1197604790419,0.517062161108861,195,173.0,189.0,76.50662166044674,20,0.6528301886792452,0.6905347800999774,0.33585843389453507,6,147.75,67
db7,1.0,periodization,1.8697926321340323e-26,319.9464546934222,53570337.613006674,0.5748898678414097,449.0672654262818,907,raw,9.410884620545947e-14,-8.74362693359396e-10,8.640186577573854,102147.188956704,0.8174696579855764,4.293740082320344e-06,0.9999999999999998,708.0,,,,[],[],15,954.0,53.999999999999545,1308.0,"[9, 84, 164, 254, 330, 397, 444, 513, 572, 617, 680, 734, 786, 857, 902]","[1308.0, 1250.0, 1210.0, 1077.0, 1165.0, 449.0000000000001, 1284.0, 1196.9999999999998, 1067.0, 53.999999999999545, 1222.9999999999993, 676.0, 1014.0, 1114.9999999999998, 221.00000000000045]","[2, 35, 139, 174, 317, 139, 139, 489, 558, 616, 595, 730, 762, 762, 901]","[595, 139, 317, 279, 351, 398, 595, 595, 595, 631, 906, 737, 797, 906, 906]",462857712.0,1359.0,-1359.0,0.0,,,,DWT,mdp.39015056038071,0.0,,0.0,-73.0,115.0,0.0,-68.5,,0.0,414.03846153846155,55885.0,414.6025641025641,,0.0,414.03846153846155,,,49.999999999999545,0.0,-73.0,0.0,0.0,,0.0,7.937058252033412e-14,1.2002541378102251e-26,0.9730175621826982,0.9272115614388248,0.0004964582566810434,0.40106335879544863,0.0005231790998601772,2.861384780747689e-09,4.4533174909138267e-10,4.4533174909138267e-10,4.362806667551004e-10,,0.0,0.9999999995546631,0.0,,,,,,0.0,0.5,0.5,0.0,0.0,0.0,0.6000000010338303,0.18110424055626576,446,1.208299162315519,0.7769822953368056,205,0,0.1538461541340763,0.18518431364075388,446,0,0.3289017313962274,0.7261397166738325,211,137.43119490615416,0.8559421437042409,327.0,283.6539408776457,0.7565874240533783,191,db,0.7310736328536972,1.0,0.18824845700241194,6,144.75,7.93705825203341e-14,0.00022537827079399664,1.200254137810225e-26,0.973017562182698,0.9272115614388248,0.0022407948168619235,0.7110439504149171,0.0036190722296050673,0.9837415452946938,9.579881332655305e-11,9.579881332655305e-11,9.429390601667365e-11,,0.0,0.9999999999959025,0.0,,,,,1.0,,0.0,0.1985294117647059,0.13235294117647056,0.0,0.0,0.0,1.2282106989662445,0.4447326713316003,565,1.3344695379765332,0.7831731616113933,938,263.75082938258225,0.8617658126925669,751.5,705.2162341982702,0.7339489440821325,285,0.5932924258364,0.7822905243672058,0.35000814460435825,3,214.5,205,,,,,,,,5.632481936956488e-19,0.05136027697297241,1.1373855530081826e-26,0.9844767647747448,0.3630922954902816,0.00028292694694506925,0.4090471746680765,0.9999999999999997,0.0035098468515838005,0.0005941450834275812,2.426444462022559e-15,2.426444462022559e-15,2.3848110985991156e-15,,0.0,0.04233831474415694,0.0,,,,,0.8723404255319149,,0.0,0.48584905660377364,0.4660633484162896,0.0,0.0,0.48453608247422675,0.5623820281067267,0.1749437663622979,64,1.3528045617832158,0.7762144300592079,229,116.67261889578035,0.5694737310118807,146.5,100.04095563139931,0.5144416625539108,197,148.9857142857143,151.0,69.14372614651623,70,0.5622102425876011,0.6240786312822121,0.4192292408040156,4,148.75,68
db23,1.0,constant,4.076667210375446e-26,316.5613365322611,53637600.90509227,0.5787815126050421,388.7437149980675,907,raw,1.5196174589405168e-13,-1.005042937762832e-09,8.63144435483994,112798.18306382468,0.8489705728948792,4.293740082320343e-06,1.0,708.0000000000003,,,,[],[],15,954.0,53.99999999999977,1308.0,"[9, 84, 164, 254, 330, 397, 444, 513, 572, 617, 680, 734, 786, 857, 902]","[1308.0, 1250.0000000000002, 1210.0000000000002, 1077.0, 1165.0000000000005, 448.9999999999998, 1284.0000000000002, 1197.0, 1067.0000000000002, 53.99999999999977, 1222.9999999999998, 676.0000000000002, 1014.0000000000003, 1115.0000000000002, 221.00000000000023]","[2, 35, 139, 174, 317, 317, 317, 489, 558, 616, 595, 730, 762, 762, 901]","[317, 317, 317, 279, 351, 398, 595, 595, 595, 631, 870, 737, 797, 870, 906]",462857712.0,1359.0,-1359.0,0.0,,,,DWT,mdp.39015056038071,0.0,,0.0,-64.0,115.0,0.0,-68.5,,0.0,414.03846153846155,55885.0,414.6025641025642,,0.0,414.03846153846155,,,49.99999999999977,0.0,-64.0,0.0,0.0,,3.410605131648481e-13,1.5160583633475618e-13,2.95396434968423e-26,0.9602648284940745,0.9250817178447149,0.0005249795856813895,0.4864176229837108,0.0014256254899508514,2.8623401679866697e-09,4.4533174909138267e-10,4.4533174909138267e-10,4.3628544367275983e-10,,6.028980989063947e-12,0.9999999995546631,0.0,,,,,,0.0,0.8333333333333333,1.0,0.0,0.0,0.0,0.6833333343704662,0.20625760725784786,48,1.234099545201153,0.7935729223439719,101,0,0.217948718237178,0.2623444441806436,48,0,0.3391021106283263,0.7486598185112985,91,28.011902232205983,0.9706374190438093,72.0,63.942024784404666,0.9475828604653009,12,db,0.7310736328536972,1.0,0.18824845700241194,6,10.5,1.5160583633475616e-13,0.00022537827079399664,2.95396434968423e-26,0.9602648284940742,0.9250817178447149,0.0022692663703538876,0.752222982216143,0.00451872327965321,0.9837415452947094,9.579881332655305e-11,9.579881332655305e-11,9.429501623969827e-11,,1.5932702539831621e-12,0.9999999999959025,0.0,,,,,1.0,,0.0,0.3308823529411765,0.2647058823529411,0.0,0.0,0.0,1.2546812872023403,0.45431761911610197,105,1.3425986848835811,0.7879439933937731,883,550.129075763134,0.7116723921576866,494.0,187.6821862348178,0.7263812694541054,313,0.5932924258364,0.7822905243672058,0.35000814460435825,3,235.5,209,,,,,,,,1.1574729652544272e-18,0.05136027697297241,2.8910957648821874e-26,0.9752892091072188,0.3622582573572577,0.00028653153955263957,0.43395867623139034,0.9999999999999999,0.004461936770328817,0.0005941450834275906,2.426444462022559e-15,2.426444462022559e-15,2.3863289816405953e-15,,5.0139417613292405e-18,0.04233831474415694,0.0,,,,,0.8723404255319149,,0.0,0.5707547169811321,0.5475113122171946,0.0,0.0,0.48453608247422675,0.579017390524553,0.18011863470930714,11,1.3572222482053158,0.7787492174521411,220,147.78531726798843,0.4546667259483822,115.5,20.952380952380953,0.5142337319778811,199,148.9857142857143,151.0,69.14372614651623,70,0.5622102425876011,0.6240786312822121,0.4192292408040156,4,150.25,69
sym17,1.0,smooth,1.495345408289173e-20,259.45142254642417,48965616.550304085,0.5255319148936171,107.87196037136711,907,smoothed,8.83983429148942e-11,,8.53418218742765,75475.58968367646,0.9883281993406728,8.290076994002558e-05,1.0,700.1999999999819,,,,[],[],15,859.5066666671047,37.00000000013972,1148.0000000005948,"[7, 57, 111, 162, 256, 302, 399, 446, 515, 567, 615, 681, 775, 825, 898]","[1136.2000000005557, 752.2000000003936, 880.6000000005407, 824.2000000002755, 812.0000000002918, 949.8000000004575, 1087.0000000005482, 947.6000000005323, 882.6000000003318, 37.00000000013972, 986.2000000004867, 1148.0000000005948, 801.6000000005577, 709.4000000003912, 938.2000000004759]","[1, 35, 35, 138, 175, 138, 138, 421, 456, 559, 529, 529, 730, 797, 868]","[529, 70, 138, 175, 281, 315, 529, 529, 529, 569, 666, 868, 868, 834, 904]",417881492.5600352,1148.0000000001237,-1148.0000000001237,0.0,,,,DWT,mdp.39015056038071,3.504753112792969e-05,,0.0,-45.5,74.0,0.0,-18.5,,1.2369127944111824e-10,522.4864419480036,17102.199999993427,522.4864419480037,,0.0,522.4864419480036,,,35.60000000013973,0.0,-36.5,5.948095349594951e-10,1.2369127944111824e-10,,1.8189894035458565e-11,1.3035428031130563e-10,1.8765306851052213e-20,0.751221821983248,0.11881650952898971,0.11777899062857511,0.32386761520187024,0.10461241998192795,3.451173650157926e-08,2.955040448893699e-09,2.955040448893699e-09,2.900304264683256e-09,,8.497441354576865e-11,0.9999999970448576,1.317186472112337e-10,,,,,,8.899670852386978e-11,0.4,0.2857142857142857,5.0767901628857314e-11,5.0767901628857314e-11,,0.5685714402636459,0.18251524286641013,223,0.7404228573813567,0.37006061052176437,822,0,0.1404761938740409,0.17973641986390282,221,0,0.20232819392213794,0.3228480198832539,729,321.81192747731814,0.6626709355583668,498.75,344.90254497081827,0.569936096710001,683,sym,1.0,0.8754181682914945,0.03737454951255163,7,514.0,1.1033622538452179e-10,0.9999999999689738,1.1882876844869197e-20,0.745115020018324,0.9013860044640989,0.000291684715538395,0.188767936665018,0.0013662184535992508,1.2156220474679458e-10,0.9798453157442281,0.9798453157442281,0.9797420659298965,,8.497441354576864e-11,0.0008620203394265613,1.317186472112337e-10,,,,,0.0,,6.432111890428588e-11,0.6029411764705883,0.6691176470588235,2.4500146924127718e-11,2.4500146924127718e-11,1.0,1.209466701934936,0.43794550698090573,1087,1.273961518672053,0.7476622297894588,1504,294.8635277547903,0.8454593670048269,1295.5,1261.9436510999615,0.5832380692466483,1033,1.0,0.6189634712383475,0.11431095862849575,7,776.5,243,,,,,,,,9.075629595234e-16,0.9999999999706627,1.1882876216183349e-20,0.8202870824657875,0.3529791118823063,3.616317746706871e-05,0.09309317662811833,0.9999999999999999,0.0011256787139186455,7.341457577628033e-14,0.0014666844337830995,0.0014666844337830995,0.001459066465492476,,2.674102272708928e-16,3.649648844665605e-05,2.464132048297429e-15,,,,,0.0,,1.545955801829772e-18,0.7452830188679246,0.7963800904977376,2.2558674517511103e-16,2.2558674517511103e-16,1.0,0.3555022897807307,0.11058836594411822,244,1.406367429137373,0.8069478203287083,151,65.76093065034893,0.7573397392976055,197.5,186.5518987341772,0.5142787257373636,198,223.73684210526315,219.0,31.357866468777544,19,0.8442899702085402,0.2830303698747233,0.32408790989160485,7,150.25,70
bior3.5,1.0,antireflect,7.405231488419991e-27,323.9690027429823,57005358.36293462,0.5718954248366013,380.16232838339045,907,raw,5.1804695532729625e-14,-9.127685274279517e-10,8.551878319332499,138124.46748212367,0.9135208617902381,4.293740082320344e-06,1.0,708.0,,,,[],[],15,954.0,53.999999999999886,1308.0,"[9, 84, 164, 254, 330, 397, 444, 513, 572, 617, 680, 734, 786, 857, 902]","[1308.0, 1250.0, 1210.0, 1077.0, 1165.0000000000002, 449.0, 1284.0, 1197.0, 1067.0, 53.999999999999886, 1223.0, 676.0, 1014.0, 1115.0, 221.0]","[2, 35, 139, 174, 317, 317, 317, 489, 558, 616, 595, 730, 730, 730, 901]","[906, 317, 317, 279, 351, 398, 906, 595, 595, 631, 906, 737, 797, 906, 906]",462857712.0,1359.0,-1359.0,0.0,,,,DWT,mdp.39015056038071,0.0,,0.0,-82.0,115.0,0.0,-68.5,,0.0,414.03846153846155,55885.0,414.6025641025641,,0.0,414.03846153846155,,,49.999999999999886,0.0,-68.5,0.0,0.0,,0.0,2.6549529855781744e-14,3.028712759418156e-27,0.9881716813547562,0.9056972642346669,0.0019529935212208444,0.33538714864451125,0.003571492224814934,2.8628178616061604e-09,4.4533174909138267e-10,4.4533174909138267e-10,4.362806667551004e-10,,0.0,0.9999999995546631,0.0,,,,,,0.0,0.16666666666666669,0.75,0.0,0.0,0.0,0.5916666677009268,0.17858890388633697,559,1.1823115940385363,0.7602713010070757,310,0,0.14743589772393012,0.17746830058696234,562,0,0.319254368568571,0.7048405484372118,318,142.35957993756514,0.8507761216587367,437.25,402.46595981063047,0.6962213941627018,299,bior,0.69036417494337,0.7052941707304118,0.30515682632051744,2,224.75,2.654952985578173e-14,0.00022537827079399664,3.0287127594181533e-27,0.9881716813547561,0.905697264234667,0.0036947881317166862,0.6793585651314789,0.0066579431629416545,0.9837415452947171,9.579881332655305e-11,9.579881332655305e-11,9.429390601667365e-11,,0.0,0.9999999999959025,0.0,,,,,1.0,,0.0,0.06617647058823528,0.19852941176470584,0.0,0.0,0.0,1.2215930519074278,0.44233643438555,828,1.3220732517950597,0.7758980321575542,1057,161.92745289171938,0.91513236221608,942.5,928.5899204244031,0.7105798079424215,373,0.624472043587361,0.8820529008810402,0.29825369922453526,5,281.0,217,,,,,,,,1.287293639601716e-19,0.05136027697297241,2.400026911397726e-27,0.9953943701200055,0.35466738376291285,0.00046700729772963437,0.3898789113433649,0.9999999999999999,0.0067258475218905794,0.0005941450834275953,2.426444462022559e-15,2.426444462022559e-15,2.3848110985991156e-15,,0.0,0.04233831474415694,0.0,,,,,0.8723404255319149,,0.0,0.4009433962264151,0.5067873303167421,0.0,0.0,0.48453608247422675,0.557963860259036,0.17356937869507832,113,1.3488538042403184,0.7739475578877983,238,88.38834764831844,0.6738437356150611,175.5,153.24216524216524,0.5131211298001505,202,145.70212765957447,152.0,62.45900042832168,47,0.5498193496587716,0.5637435190571668,0.44600339952170986,3,152.25,71
sym3,1.0,constant,1.1182996519850224e-18,240.71325586377898,48968942.40329358,0.5142543859649122,118.52370735780192,907,smoothed,8.144693766658255e-10,,8.53360256626824,66113.5508677803,0.9836821757152394,8.290076993967016e-05,1.0,700.199999999778,,,,[],[],15,859.5066666702003,37.00000000005059,1148.0000000047378,"[7, 57, 111, 162, 256, 302, 399, 446, 515, 567, 615, 681, 775, 825, 898]","[1136.2000000046428, 752.2000000040524, 880.6000000049332, 824.200000002674, 812.000000002979, 949.8000000034464, 1087.0000000043929, 947.6000000036436, 882.6000000031812, 37.00000000005059, 986.2000000038187, 1148.0000000047378, 801.6000000039506, 709.4000000030193, 938.2000000034808]","[1, 35, 35, 140, 175, 140, 140, 421, 456, 559, 527, 140, 730, 797, 870]","[140, 70, 140, 175, 281, 317, 527, 527, 527, 569, 664, 870, 870, 834, 904]",417881492.56037533,1148.0000000013333,-1148.0000000013333,0.0,,,,DWT,mdp.39015056038071,0.0003751516342163086,,0.0,-59.0,74.0,0.0,-18.5,,1.3333192327991128e-09,522.4864419510991,17102.199999946995,522.4864419510991,,0.0,522.4864419510991,,,35.6000000000506,0.0,-41.0,4.7377852752106264e-09,1.3333192327991128e-09,,2.220303940703161e-10,1.2015116142131188e-09,1.4033708918443119e-18,0.6798639185727626,0.11563636754076258,0.11834743798224276,0.11913068583485759,0.0440619545462507,3.2783062759103016e-08,4.342709748719121e-09,4.342709748719121e-09,4.287922599794857e-09,,1.0372189353430386e-09,0.999999995657202,1.0491672216897846e-09,,,,,,9.526280330769325e-10,0.1,0.14285714285714285,5.472481160875354e-10,5.472481160875354e-10,,0.5242857275796431,0.16829923229386917,730,0.5901873104180569,0.29497343881026905,947,0,0.10357143236702165,0.1325175315506954,731,0,0.15386290938262684,0.2455136610707542,945,124.42233186476882,0.8695782684855673,838.25,824.3990227822721,0.495454752691421,924,sym,1.0,0.8754181682914945,0.03737454951255163,7,694.75,1.0169100651161944e-09,0.9999999999644534,8.886655964297862e-19,0.6745228462329179,0.90124479296092,0.00029309249976008185,0.06943594451244378,0.0005754408072496412,1.1547318656823791e-10,0.979845315772196,0.979845315772196,0.9797420659580068,,1.0372189353430384e-09,0.000862020338230296,1.0491672216897846e-09,,,,,0.0,,6.884985074550602e-10,0.40441176470588236,0.6029411764705882,2.6409717199096496e-10,2.6409717199096496e-10,1.0,1.182996115065205,0.4283605596911621,1656,1.183487204892377,0.6945646862704878,1784,90.50966799187809,0.9525630670902107,1720.0,1717.6186046511627,0.5255477809245603,1377,1.0,0.6189634712383475,0.11431095862849575,7,1034.5,257,,,,,,,,8.365259920064328e-15,0.9999999999663735,8.886655958011003e-19,0.7694297884784089,0.35292381402907497,3.634140759420167e-05,0.020902574298956644,0.9999999999999999,0.00028880821283037766,6.97370454399548e-14,0.0014666844338249636,0.0014666844338249636,0.0014590664655343387,,3.2640760866253358e-15,3.649648839601149e-05,1.962733925472994e-14,,,,,0.0,,1.65480371032595e-17,0.6179245283018868,0.755656108597285,2.4316924149023e-15,2.4316924149023e-15,1.0,0.33869404253410385,0.10535971721013772,261,1.3466145038000092,0.7726626883921525,244,12.020815280171307,0.9556427480436483,252.5,252.2138613861386,0.5119542153502374,203,223.73684210526315,219.0,31.357866468777544,19,0.8442899702085402,0.2830303698747233,0.32408790989160485,7,154.0,72
coif11,1.0,antisymmetric,7.636286020880128e-26,312.37001589382425,52405748.9797201,0.5185185185185185,135.87377636443094,907,smoothed,2.0619546741362397e-13,-1.0354961332836857e-09,8.631935976629439,170237.38143604822,0.9936653825266396,8.290076994021377e-05,1.0,700.1999999999998,,,,[],[],15,859.506666666667,37.0,1147.9999999999998,"[7, 57, 111, 162, 256, 302, 399, 446, 515, 567, 615, 681, 775, 825, 898]","[1136.2000000000007, 752.2000000000006, 880.6000000000004, 824.2000000000002, 812.0000000000007, 949.8000000000003, 1087.0000000000011, 947.6000000000001, 882.6000000000001, 37.0, 986.2000000000003, 1147.9999999999998, 801.6, 709.3999999999999, 938.2000000000002]","[1, 35, 35, 137, 175, 137, 137, 421, 456, 559, 597, 597, 730, 797, 871]","[597, 70, 137, 175, 281, 315, 597, 597, 597, 569, 663, 871, 871, 834, 904]",417881492.56000036,1147.9999999999998,-1147.9999999999998,0.0,,,,DWT,mdp.39015056038071,1.7881393432617188e-07,,0.0,-45.5,74.0,0.0,-18.5,,2.2737367544323206e-13,522.4864419475659,17102.199999999993,522.4864419475659,,0.0,522.4864419475659,,,35.60000000000001,0.0,-32.0,2.2737367544323206e-13,2.2737367544323206e-13,,2.2737367544323206e-13,2.462590025741311e-13,9.032605182209393e-26,0.952744198032977,0.6551511903836772,0.7057587305463117,0.1965435136767034,0.7174992824442248,3.1801864014967905e-08,2.758826007718149e-09,2.758826007718149e-09,2.704038858707027e-09,,1.0621801693221082e-12,0.9999999972411061,5.035116483609851e-14,,,,,,4.5406483940749884e-13,0.4,0.42857142857142855,9.332334858245829e-14,9.332334858245829e-14,,0.582857153485583,0.1871010525528986,121,1.617718597733226,0.8085297826255948,30,0,0.1523809554864869,0.19496831910992643,122,0,0.4610995592977344,0.7357604335933646,27,53.70909296075169,0.9437011604184993,75.0,46.0662028154689,0.9325424041086208,22,coif,0.6495589119477557,0.8872051286151539,0.27914722305202483,5,17.75,2.193221765762027e-13,0.9999999999713673,5.782643387409762e-26,0.9444748934428012,0.9252014903043008,0.0017478417284737266,0.11455641688199825,0.009370405161154508,1.1201711780373103e-10,0.9798453157402733,0.9798453157402733,0.9797420659259206,,1.062180169322108e-12,0.0008620203395957038,5.035116483609851e-14,,,,,0.0,,3.281689740014586e-13,0.6029411764705883,0.7352941176470589,4.503703478699948e-14,4.503703478699948e-14,1.0,1.2160843488378463,0.4403417438705027,888,1.3797303308908049,0.8097358048752158,482,287.0853531617383,0.8495359784267619,685.0,624.8408759124087,0.7452606516871755,250,0.6279687653129211,0.9042874265066404,0.2891356363289631,6,189.0,200,,,,,,,,1.7145240543825488e-18,0.9999999999729338,5.719774802607719e-26,0.9639135377560949,0.3623051597677713,0.0002205174595672691,0.04819847390624543,0.9999999999999999,0.009596413530054772,6.764967165484993e-14,0.00146668443377718,0.00146668443377718,0.0014590664654865546,,3.3426278408861603e-18,3.6496488453818426e-05,9.41946501642748e-19,,,,,0.0,,7.887529601172307e-21,0.7452830188679246,0.8371040723981901,4.146815168660129e-19,4.146815168660129e-19,1.0,0.35957468797077097,0.11185519283737991,236,1.482728916233726,0.8507626401921466,97,98.2878425849301,0.6373142340039479,166.5,137.48948948948947,0.5114615450462544,205,173.0,189.0,76.50662166044674,20,0.6528301886792452,0.6905347800999774,0.33585843389453507,6,155.25,73
db16,1.0,symmetric,2.1474245448551238e-26,317.8796586337791,50830166.77138813,0.5170575692963753,163.8001251773655,907,smoothed,1.036426855155917e-13,-9.339983897405095e-10,8.580228672884122,66406.87533993903,0.9864760845466797,8.29007699402138e-05,1.0,700.2000000000004,,,,[],[],15,859.5066666666668,37.00000000000023,1148.0000000000002,"[7, 57, 111, 162, 256, 302, 399, 446, 515, 567, 615, 681, 775, 825, 898]","[1136.2000000000003, 752.2000000000002, 880.5999999999999, 824.1999999999998, 812.0, 949.8, 1087.0000000000005, 947.6000000000001, 882.6, 37.00000000000023, 986.1999999999999, 1148.0000000000002, 801.5999999999998, 709.4, 938.2]","[1, 35, 35, 141, 175, 141, 317, 421, 456, 559, 525, 317, 730, 797, 869]","[317, 70, 317, 175, 281, 317, 525, 525, 525, 569, 666, 869, 869, 834, 904]",417881492.56000024,1148.0000000000002,-1148.0000000000002,0.0,,,,DWT,mdp.39015056038071,5.960464477539063e-08,,0.0,-45.5,74.0,0.0,-18.5,,2.2737367544323206e-13,522.4864419475657,17102.199999999997,522.4864419475656,,0.0,522.4864419475657,,,35.600000000000236,0.0,-32.0,2.2737367544323206e-13,2.2737367544323206e-13,,3.410605131648481e-13,9.49650391245536e-14,2.1445511250070345e-26,0.9737257893018878,0.37145456359763807,0.4364637437741571,0.17002083662629003,0.04595907692121118,3.1806273896964016e-08,2.7587240781383177e-09,2.7587240781383177e-09,2.7038859643372716e-09,,1.5932702539831623e-12,0.9999999972412148,5.035116483609851e-14,,,,,,1.513549464691663e-13,0.4,0.42857142857142855,9.332334858245829e-14,9.332334858245829e-14,,0.5828571534869675,0.18710105255334306,119,1.0745865926860592,0.5370744117142897,214,0,0.15238095548685274,0.1949683191103945,119,0,0.2853748586030399,0.45536267703704447,225,58.19722215592997,0.9389966224780608,169.25,154.296793477895,0.8807928605052777,42,db,0.5360056224508035,0.703143681746848,0.4138529597603831,3,32.25,9.127455459606938e-14,0.9999999999713677,1.4208765172066448e-26,0.9652313347949116,0.9126041826169269,0.001080921158061788,0.09909753557792444,0.0006002168672801312,1.1203266092607578e-10,0.9798453157402713,0.9798453157402713,0.9797420659259175,,1.5932702539831621e-12,0.0008620203395957593,5.035116483609851e-14,,,,,0.0,,1.093896580004862e-13,0.6029411764705883,0.7352941176470589,4.503703478699948e-14,4.503703478699948e-14,1.0,1.216084348838005,0.44034174387056013,885,1.375860453733961,0.8074646522998121,538,245.36605307173198,0.8714014396898679,711.5,669.1918482080113,0.749248937874284,232,0.5932924258364,0.7822905243672058,0.35000814460435825,3,174.75,196,,,,,,,,6.611731640365656e-19,0.9999999999729341,1.358007932404602e-26,0.9788672696412334,0.35737210505250416,0.00013608311499868007,0.038846531208018786,0.9999999999999999,0.0003150284200762743,6.765905296825725e-14,0.001466684433777177,0.001466684433777177,0.00145906646548655,,5.0139417613292405e-18,3.64964884538224e-05,9.41946501642748e-19,,,,,0.0,,2.629176533724102e-21,0.7452830188679246,0.8371040723981901,4.146815168660129e-19,4.146815168660129e-19,1.0,0.35957468797077097,0.11185519283737991,237,1.4817390797116097,0.8501946901618381,98,98.2878425849301,0.6373142340039479,167.5,138.6626865671642,0.5096165265960699,206,148.9857142857143,151.0,69.14372614651623,70,0.5622102425876011,0.6240786312822121,0.4192292408040156,4,155.5,74
db30,1.0,constant,4.220382381495899e-26,316.4108711211224,53615545.006449245,0.5755693581780539,382.850310571007,907,raw,1.5024757133651557e-13,-9.020834079720524e-10,8.635661108768227,115694.5565569529,0.85398213744898,4.293740082320344e-06,1.0,708.0,,,,[],[],15,953.9999999999999,53.999999999999545,1307.9999999999998,"[9, 84, 164, 254, 330, 397, 444, 513, 572, 617, 680, 734, 786, 857, 902]","[1307.9999999999998, 1249.9999999999998, 1209.9999999999993, 1077.0, 1165.0000000000002, 449.0000000000001, 1284.0, 1197.0, 1067.0000000000005, 53.999999999999545, 1223.0000000000002, 675.9999999999994, 1013.9999999999999, 1115.0000000000005, 220.99999999999977]","[2, 35, 139, 174, 317, 139, 139, 489, 558, 616, 527, 730, 730, 730, 901]","[139, 139, 317, 279, 351, 398, 870, 527, 665, 631, 870, 737, 797, 870, 906]",462857712.0,1358.9999999999998,-1358.9999999999998,0.0,,,,DWT,mdp.39015056038071,0.0,,0.0,-68.5,115.0,0.0,-68.5,,2.2737367544323206e-13,414.03846153846143,55885.0,414.60256410256403,,0.0,414.03846153846143,,,49.999999999999545,0.0,-82.0,2.2737367544323206e-13,2.2737367544323206e-13,,0.0,1.4946551432994124e-13,3.068168738859802e-26,0.9596979811267898,0.9261090339650488,0.0005156273294642024,0.41596641424626624,0.001671031860186323,2.861384780747689e-09,4.453269741326731e-10,4.453269741326731e-10,4.362782782962707e-10,,0.0,0.9999999995546631,6.249255530696294e-14,,,,,,0.0,0.6666666666666666,0.0,4.503703478699948e-14,4.503703478699948e-14,0.0,0.5666666677005425,0.17104289387604538,834,1.2061860977659564,0.7756235145024568,213,0,0.12820512849306148,0.1543202614250699,834,0,0.3291371555039864,0.7266594792004103,203,361.4443248966568,0.6211275420370475,521.0,332.80568129905726,0.5375029743728215,767,db,0.7310736328536972,1.0,0.18824845700241194,6,576.75,1.4946551432994122e-13,0.00022537827079399664,3.068168738859802e-26,0.9596979811267896,0.9261090339650488,0.002259930435722126,0.7182339063026634,0.004763369500298696,0.9837415452946938,9.579781412583088e-11,9.579781412583088e-11,9.429335090516133e-11,,0.0,0.9999999999959025,5.035116483609851e-14,,,,,1.0,,0.0,0.2647058823529412,0.0,4.503703478699948e-14,4.503703478699948e-14,0.0,1.2215930519074636,0.4423364343855629,787,1.3292697946789271,0.7801215375150287,981,137.17871555019022,0.9281033985586005,884.0,873.3563348416288,0.7323955147929271,293,0.5932924258364,0.7822905243672058,0.35000814460435825,3,220.5,207,,,,,,,,1.1398661557367254e-18,0.05136027697297241,3.0053001540577593e-26,0.9748808306474253,0.36266055019293736,0.00028534957942644184,0.4133967814825917,0.9999999999999999,0.004720842932138078,0.0005941450834275812,2.4249265789810792e-15,2.4249265789810792e-15,2.383943736861127e-15,,0.0,0.04233831474415694,9.41946501642748e-19,,,,,0.8723404255319149,,0.0,0.5283018867924528,0.38461538461538464,4.146815168660129e-19,4.146815168660129e-19,0.48453608247422675,0.558482514745504,0.1737307198560128,83,1.3490565811324207,0.7740639075470018,236,108.18733752154178,0.6007847323928348,159.5,122.80877742946709,0.5061119233919893,208,148.9857142857143,151.0,69.14372614651623,70,0.5622102425876011,0.6240786312822121,0.4192292408040156,4,157.0,75
sym11,1.0,smooth,7.912333419238559e-24,292.2157919633604,48965303.10454634,0.5183189655172413,110.79687931148969,907,smoothed,2.0726593294779723e-12,,8.534236818013303,71617.27706710811,0.9864354876229787,8.290076994020978e-05,1.0,700.1999999999994,,,,[],[],15,859.506666666677,37.00000000000239,1148.0000000000132,"[7, 57, 111, 162, 256, 302, 399, 446, 515, 567, 615, 681, 775, 825, 898]","[1136.2000000000137, 752.2000000000094, 880.6000000000126, 824.2000000000068, 812.0000000000074, 949.8000000000105, 1087.0000000000125, 947.6000000000126, 882.600000000009, 37.00000000000239, 986.2000000000113, 1148.0000000000132, 801.6000000000125, 709.4000000000093, 938.2000000000114]","[1, 35, 35, 138, 175, 138, 138, 421, 456, 559, 529, 529, 730, 797, 868]","[529, 70, 138, 175, 281, 315, 529, 529, 529, 569, 666, 868, 868, 834, 904]",417881492.5600008,1148.0000000000027,-1148.0000000000027,0.0,,,,DWT,mdp.39015056038071,5.960464477539062e-07,,0.0,-45.5,74.0,0.0,-18.5,,2.7284841053187847e-12,522.4864419475759,17102.199999999844,522.486441947576,,0.0,522.4864419475759,,,35.600000000002396,0.0,-36.5,1.318767317570746e-11,2.7284841053187847e-12,,6.821210263296962e-13,2.999813904750208e-12,9.923802272164092e-24,0.8759937245794923,0.1191162449966438,0.11772541718077924,0.19292074587129637,0.07965817344185992,3.184816777592709e-08,2.763310909230733e-09,2.763310909230733e-09,2.7085747250097758e-09,,3.1865405079663242e-12,0.9999999972366483,2.9203675604937136e-12,,,,,,1.513549464691663e-12,0.4,0.2857142857142857,1.1198801829894996e-12,1.1198801829894996e-12,,0.5685714392190201,0.18251524253107826,230,0.7530486335625695,0.37637092684351486,805,0,0.1404761935870132,0.17973641949665675,231,0,0.19791632943901025,0.3158081620920102,791,327.6963787817416,0.6565027476082372,514.25,357.67653147853025,0.5587283130074729,726,sym,1.0,0.8754181682914945,0.03737454951255163,7,546.25,2.5497929314975876e-12,0.9999999999713166,6.284741966276084e-24,0.8685480163739261,0.9013993139628885,0.00029155203860002643,0.11244486768243755,0.0010403207052764817,1.1218020956604846e-10,0.9798453157403638,0.9798453157403638,0.9797420659260125,,3.1865405079663242e-12,0.0008620203395918735,2.9203675604937136e-12,,,,,0.0,,1.093896580004862e-12,0.6029411764705883,0.6691176470588235,5.404444174439937e-13,5.404444174439937e-13,1.0,1.2094667017822298,0.43794550692561107,1098,1.3173683181723455,0.7731368018442266,1106,5.656854249492381,0.9970351916931381,1102.0,1101.9854809437388,0.7097335287606152,378,1.0,0.6189634712383475,0.11431095862849575,7,285.25,220,,,,,,,,2.0885543450608283e-17,0.9999999999728857,6.284113280428063e-24,0.9092129200874315,0.35298432382817535,3.6146380128933514e-05,0.04692107958964803,0.9999999999999999,0.0007807850346379897,6.77481769279344e-14,0.0014666844337773153,0.0014666844337773153,0.0014590664654866917,,1.002788352265848e-17,3.6496488453655735e-05,5.463289709527938e-17,,,,,0.0,,2.629176533724102e-20,0.7452830188679246,0.7963800904977376,4.976178202392155e-18,4.976178202392155e-18,1.0,0.35550228978072584,0.11058836594411671,245,1.4411187329981912,0.8268874807069839,127,83.43860018001261,0.6921084864206177,186.0,167.28494623655914,0.5028808114759915,209,223.73684210526315,219.0,31.357866468777544,19,0.8442899702085402,0.2830303698747233,0.32408790989160485,7,158.5,76
db19,1.0,constant,2.939770006118779e-26,317.9812555889659,53525492.762816,0.5752118644067796,401.22695255655356,907,raw,1.2170198696664967e-13,-8.735233647527791e-10,8.649141626752279,111042.7136968008,0.8339455734629402,4.293740082320344e-06,1.0,707.9999999999999,,,,[],[],15,954.0,54.00000000000023,1307.9999999999998,"[9, 84, 164, 254, 330, 397, 444, 513, 572, 617, 680, 734, 786, 857, 902]","[1307.9999999999998, 1249.9999999999998, 1210.0, 1077.0, 1164.9999999999995, 449.0000000000002, 1283.9999999999998, 1196.9999999999998, 1066.9999999999995, 54.00000000000023, 1223.0, 676.0000000000001, 1014.0, 1115.0000000000002, 221.00000000000023]","[2, 35, 139, 245, 317, 317, 317, 489, 558, 616, 665, 730, 762, 762, 901]","[665, 317, 317, 279, 351, 398, 665, 665, 665, 631, 870, 737, 797, 870, 906]",462857712.0,1358.9999999999998,-1358.9999999999998,0.0,,,,DWT,mdp.39015056038071,0.0,,0.0,-77.5,115.0,0.0,-68.5,,2.2737367544323206e-13,414.03846153846155,55885.0,414.60256410256403,,0.0,414.03846153846155,,,50.00000000000023,0.0,-64.0,2.2737367544323206e-13,2.2737367544323206e-13,,1.1368683772161603e-13,1.1382343686558797e-13,2.0505200594587712e-26,0.9656140803451079,0.929393255352161,0.0004774429113626504,0.4081256117958082,0.001276886604429702,2.8642509424646317e-09,4.4533174909138267e-10,4.4533174909138267e-10,4.362782782962707e-10,,2.0096603296879822e-12,0.9999999995546631,6.249255530696294e-14,,,,,,0.0,0.33333333333333337,1.0,4.503703478699948e-14,4.503703478699948e-14,0.0,0.6333333343690767,0.1911655872370773,145,1.208064796698956,0.7768315893358544,206,0,0.17948717977548853,0.21604836585691628,145,0,0.3292696110012834,0.7269519106110655,199,33.32041416309227,0.9650729411288341,173.75,168.97173679759513,0.8914725292646267,42,db,0.7310736328536972,1.0,0.18824845700241194,6,33.0,1.1382343686558794e-13,0.00022537827079399664,2.050520059458771e-26,0.9656140803451077,0.929393255352161,0.0022218126571808576,0.7144511233740638,0.00437044511486533,0.9837415452947404,9.579881332655305e-11,9.579881332655305e-11,9.429335090516133e-11,,5.31090084661054e-13,0.9999999999959025,5.035116483609851e-14,,,,,1.0,,0.0,0.13235294117647056,0.2647058823529411,4.503703478699948e-14,4.503703478699948e-14,0.0,1.2348283460253906,0.44712890827776997,302,1.3327722230885795,0.7821770418580234,948,456.7909806465097,0.7605917292209069,625.0,458.07360000000006,0.7165117975244996,345,0.5932924258364,0.7822905243672058,0.35000814460435825,3,259.5,214,,,,,,,,8.466657553678537e-19,0.05136027697297241,1.9876514746567283e-26,0.9791430141313783,0.3639466379985018,0.00028052374290207934,0.411108364326638,0.9999999999999999,0.00430501576650517,0.0005941450834276092,2.426444462022559e-15,2.426444462022559e-15,2.383943736861127e-15,,1.6713139204430802e-18,0.04233831474415694,9.41946501642748e-19,,,,,0.8723404255319149,,0.0,0.44339622641509435,0.5475113122171946,4.146815168660129e-19,4.146815168660129e-19,0.48453608247422675,0.5662815414679492,0.17615681286858295,42,1.3511728244786778,0.7752781691404993,231,133.64318164425748,0.5068517282499724,136.5,71.07692307692308,0.5015808456748017,211,148.9857142857143,151.0,69.14372614651623,70,0.5622102425876011,0.6240786312822121,0.4192292408040156,4,159.25,77
bior2.6,1.0,periodic,1.0919054531571202e-26,320.81698741189086,49639234.312337816,0.5152173913043478,124.64958948929515,907,smoothed,7.035166275336975e-14,-9.37444677440169e-10,8.538232578230662,69436.41951392293,0.9886191593736932,8.29007699402138e-05,1.0,700.2,,,,[],[],15,859.5066666666668,37.000000000000114,1148.0,"[7, 57, 111, 162, 256, 302, 399, 446, 515, 567, 615, 681, 775, 825, 898]","[1136.2, 752.2000000000003, 880.5999999999999, 824.2, 812.0000000000002, 949.8, 1087.0, 947.6000000000001, 882.6, 37.000000000000114, 986.2000000000002, 1148.0, 801.6, 709.4000000000001, 938.2]","[1, 35, 35, 141, 175, 141, 141, 421, 456, 559, 596, 667, 730, 797, 870]","[141, 70, 141, 175, 281, 315, 667, 667, 593, 569, 667, 904, 870, 834, 904]",417881492.5600002,1148.0,-1148.0,0.0,,,,DWT,mdp.39015056038071,0.0,,0.0,-50.0,74.0,0.0,-18.5,,0.0,522.4864419475657,17102.199999999997,522.4864419475656,,0.0,522.4864419475657,,,35.60000000000012,0.0,-27.5,0.0,0.0,,0.0,4.5851493028898604e-14,8.199644882733619e-27,0.9849116020221612,0.1410393315434504,0.23291223176132908,0.1366134834766569,0.06555313259647706,3.1804068955965963e-08,2.7587240781383177e-09,2.7587240781383177e-09,2.7038859643372716e-09,,0.0,0.9999999972412148,0.0,,,,,,0.0,0.30000000000000004,0.5714285714285714,0.0,0.0,,0.5871428677710855,0.18847679556122104,112,0.8587893892949537,0.4292197661699386,554,0,0.15595238405793244,0.19953788899595887,114,0,0.22300425448573155,0.3558400863004101,571,259.61301328451674,0.7278689588212612,337.75,188.17446824945975,0.6869166597041316,383,bior,0.7117551471424625,1.0,0.20177139700027627,6,288.75,4.970731264423693e-14,0.9999999999713677,5.820999831030055e-27,0.9762971144456704,0.9023727899954229,0.0005768171191155832,0.07962588473205306,0.0008561115349402801,1.120248893649034e-10,0.9798453157402713,0.9798453157402713,0.9797420659259175,,0.0,0.0008620203395957593,0.0,,,,,0.0,,0.0,0.536764705882353,0.801470588235294,0.0,0.0,1.0,1.216084348837108,0.44034174387023534,911,1.369445870722894,0.8037000633644861,650,184.55486988968892,0.9032731289886327,780.5,758.680333119795,0.7471030215173771,245,0.624472043587361,0.8820529008810402,0.29825369922453526,5,185.0,199,,,,,,,,3.1923091909598497e-19,0.9999999999729341,5.19231398300963e-27,0.9868394792888492,0.35336553310333707,7.226188049018259e-05,0.027067039576727348,0.9999999999999999,0.0005858386784834608,6.765436252331183e-14,0.001466684433777177,0.001466684433777177,0.00145906646548655,,0.0,3.64964884538224e-05,0.0,,,,,0.0,,0.0,0.7028301886792453,0.8778280542986425,0.0,0.0,1.0,0.35940180314194825,0.11180141245040173,242,1.4798837363591875,0.8491301281966077,104,97.58073580374356,0.6399234841190274,173.0,145.47976878612715,0.500773550177595,213,145.70212765957447,152.0,62.45900042832168,47,0.5498193496587716,0.5637435190571668,0.44600339952170986,3,160.5,78
sym10,1.0,symmetric,5.059092730421081e-24,294.1581113626049,49833380.851017684,0.5161987041036717,137.12200564778811,907,smoothed,1.632026866950447e-12,,8.557995587267191,66343.2629787612,0.9851781417686986,8.290076994021031e-05,1.0,700.1999999999994,,,,[],[],15,859.5066666666748,37.0000000000025,1148.0000000000114,"[7, 57, 111, 162, 256, 302, 399, 446, 515, 567, 615, 681, 775, 825, 898]","[1136.2000000000105, 752.2000000000069, 880.6000000000097, 824.200000000005, 812.0000000000058, 949.8000000000086, 1087.0000000000102, 947.6000000000101, 882.6000000000068, 37.0000000000025, 986.2000000000093, 1148.0000000000114, 801.6000000000103, 709.4000000000071, 938.2000000000089]","[1, 35, 35, 138, 175, 138, 138, 421, 456, 559, 529, 529, 730, 797, 868]","[529, 70, 138, 175, 281, 315, 529, 529, 529, 569, 666, 868, 868, 834, 904]",417881492.5600005,1148.0000000000025,-1148.0000000000025,0.0,,,,DWT,mdp.39015056038071,2.980232238769531e-07,,0.0,-45.5,74.0,0.0,-18.5,,2.5011104298755527e-12,522.4864419475737,17102.199999999877,522.4864419475738,,0.0,522.4864419475737,,,35.60000000000251,0.0,-36.5,1.1368683772161603e-11,2.5011104298755527e-12,,6.821210263296962e-13,2.3497580949856186e-12,6.3432280148926446e-24,0.8833903841583598,0.2494708023936986,0.26609532388383084,0.1544286423250409,0.0455476539232377,3.185037271692514e-08,2.7622916134324185e-09,2.7622916134324185e-09,2.707555429211405e-09,,3.1865405079663242e-12,0.9999999972376269,2.5175582418049252e-12,,,,,,7.567747323458315e-13,0.4,0.2857142857142857,1.0265568344070414e-12,1.0265568344070414e-12,,0.5685714392186364,0.18251524253095508,240,0.867807812133797,0.4337271406093082,539,0,0.14047619358691146,0.17973641949652658,240,0,0.22841897238378828,0.3644801621975278,542,173.4980787597757,0.8181361857863987,390.25,332.4015189945432,0.7045345499162601,340,sym,1.0,0.8754181682914945,0.03737454951255163,7,256.75,1.9996182999600455e-12,0.9999999999713234,4.017391849396781e-24,0.8758653036464972,0.9071875973365242,0.0006589964682064558,0.09000954342257339,0.0005948437606053823,1.1218798112722084e-10,0.9798453157403433,0.9798453157403433,0.9797420659259919,,3.1865405079663242e-12,0.0008620203395927062,2.5175582418049252e-12,,,,,0.0,,5.46948290002431e-13,0.6029411764705883,0.6691176470588235,4.954073826569943e-13,4.954073826569943e-13,1.0,1.209466701781721,0.4379455069254269,1106,1.3156842339555321,0.7721484469039547,1126,14.142135623730951,0.9925879792328454,1116.0,1115.910394265233,0.7038411594277434,398,1.0,0.6189634712383475,0.11431095862849575,7,300.25,223,,,,,,,,1.6359673082896515e-17,0.9999999999728921,4.0167631635487616e-24,0.9144845728791774,0.3552509921749551,8.266605721736798e-05,0.033348696002027556,0.9999999999999999,0.0003093421257101465,6.775286737287982e-14,0.0014666844337772847,0.0014666844337772847,0.001459066465486661,,1.002788352265848e-17,3.6496488453691446e-05,4.70973250821374e-17,,,,,0.0,,1.314588266862051e-20,0.7452830188679246,0.7963800904977376,4.561496685526142e-18,4.561496685526142e-18,1.0,0.3555022897807258,0.1105883659441167,246,1.439820788086555,0.8261427437373615,128,83.43860018001261,0.6921084864206177,187.0,168.3850267379679,0.501035793025807,212,223.73684210526315,219.0,31.357866468777544,19,0.8442899702085402,0.2830303698747233,0.32408790989160485,7,160.75,79
coif12,1.0,zero,5.692368025691113e-26,315.1114594293117,53515687.90929508,0.5766871165644172,374.98160384053153,907,raw,1.7504875412718811e-13,-9.01156926858002e-10,8.649009852671757,121922.29021708675,0.8582654721271047,4.293740082320344e-06,1.0,707.9999999999999,,,,[],[],15,953.9999999999999,53.99999999999977,1307.9999999999998,"[9, 84, 164, 254, 330, 397, 444, 513, 572, 617, 680, 734, 786, 857, 902]","[1307.9999999999998, 1250.0000000000005, 1210.0000000000002, 1077.0000000000002, 1164.9999999999995, 448.9999999999998, 1283.999999999999, 1197.0, 1066.9999999999995, 53.99999999999977, 1223.0, 675.9999999999995, 1014.0000000000001, 1114.9999999999998, 221.0000000000001]","[2, 35, 139, 245, 317, 139, 139, 489, 558, 616, 595, 730, 730, 730, 901]","[595, 139, 317, 282, 351, 398, 595, 595, 595, 631, 870, 737, 797, 870, 906]",462857712.0,1358.9999999999998,-1358.9999999999998,0.0,,,,DWT,mdp.39015056038071,0.0,,0.0,-68.5,115.0,0.0,-68.5,,2.2737367544323206e-13,414.03846153846143,55885.0,414.6025641025639,,0.0,414.03846153846143,,,49.99999999999977,0.0,-77.5,2.2737367544323206e-13,2.2737367544323206e-13,,1.1368683772161603e-13,1.8043232400457144e-13,4.237893688980957e-26,0.9548027158897672,0.9293611515966503,0.00047328540666135877,0.4404818698962444,0.0021987005175444765,2.8623401679866697e-09,4.453269741326731e-10,4.453269741326731e-10,4.362735013786112e-10,,2.0096603296879822e-12,0.9999999995546631,6.249255530696294e-14,,,,,,0.0,0.6666666666666666,0.25,4.503703478699948e-14,4.503703478699948e-14,0.0,0.5916666677018325,0.17858890388661033,524,1.2148710762010857,0.7812082857991163,178,0,0.14743589772405843,0.1774683005871168,533,0,0.3324739604724355,0.7340263805666621,156,208.9375903629279,0.7809878507726122,347.75,252.95957176876058,0.7082350155330567,271,coif,0.656488627860972,0.9557749009341453,0.253725490217076,4,204.25,1.8043232400457138e-13,0.00022537827079399664,4.237893688980957e-26,0.954802715889767,0.9293611515966503,0.0022176624081691626,0.7300613496932518,0.005289403696769977,0.9837415452947094,9.579781412583088e-11,9.579781412583088e-11,9.429235170443917e-11,,5.31090084661054e-13,0.9999999999959025,5.035116483609851e-14,,,,,1.0,,0.0,0.2647058823529412,0.06617647058823523,4.503703478699948e-14,4.503703478699948e-14,0.0,1.228210698966557,0.4447326713317135,478,1.3328789513735708,0.7822396785282593,947,331.6330803764908,0.826188113010225,712.5,635.320701754386,0.726380220027125,314,0.6279687653129211,0.9042874265066404,0.2891356363289631,6,237.0,210,,,,,,,,1.3946066658494956e-18,0.05136027697297241,4.1750251041789144e-26,0.9713540948925202,0.36393406629775193,0.0002799983076843855,0.42055186409689144,0.9999999999999999,0.005277538614701491,0.0005941450834275906,2.4249265789810792e-15,2.4249265789810792e-15,2.3824258538196474e-15,,1.6713139204430802e-18,0.04233831474415694,9.41946501642748e-19,,,,,0.8723404255319149,,0.0,0.5283018867924528,0.4253393665158371,4.146815168660129e-19,4.146815168660129e-19,0.48453608247422675,0.5625549129355493,0.174997546749276,51,1.350659333414759,0.7749835373919229,233,128.69343417595164,0.5251164790555289,142.0,83.6830985915493,0.5005656196015652,214,173.0,189.0,76.50662166044674,20,0.6528301886792452,0.6905347800999774,0.33585843389453507,6,162.0,80
bior3.9,1.0,antisymmetric,9.588681710481315e-27,322.8468001069665,58024667.250138976,0.572354211663067,374.0330676188308,907,raw,6.269932508992253e-14,-9.219914831604205e-10,8.552451765445415,159293.7478132911,0.9248714217355439,4.293740082320344e-06,0.9999999999999998,708.0,,,,[],[],15,954.0,54.0,1308.0,"[9, 84, 164, 254, 330, 397, 444, 513, 572, 617, 680, 734, 786, 857, 902]","[1308.0, 1250.0000000000002, 1210.0, 1077.0, 1164.9999999999998, 449.0, 1284.0000000000002, 1197.0, 1067.0, 54.0, 1223.0, 676.0000000000001, 1014.0000000000001, 1115.0, 221.0]","[2, 35, 139, 174, 317, 317, 317, 489, 558, 616, 527, 730, 730, 730, 901]","[870, 317, 317, 282, 351, 398, 870, 527, 595, 631, 870, 737, 797, 870, 906]",462857712.0,1359.0,-1359.0,0.0,,,,DWT,mdp.39015056038071,0.0,,0.0,-73.0,115.0,0.0,-68.5,,0.0,414.03846153846155,55885.0,414.6025641025641,,0.0,414.03846153846155,,,50.0,0.0,-73.0,0.0,0.0,,0.0,4.0152587533340394e-14,4.763808622726717e-27,0.9839440146440401,0.9058369713283131,0.002385206147506467,0.34544958095030553,0.005365140819823316,2.8632955552256507e-09,4.4533174909138267e-10,4.4533174909138267e-10,4.362806667551004e-10,,0.0,0.9999999995546631,0.0,,,,,,0.0,0.5,0.5,0.0,0.0,0.0,0.6000000010344035,0.18110424055643878,428,1.1848033862323974,0.7618736181141889,299,0,0.15384615413422328,0.18518431364093083,433,0,0.3204258448414327,0.7074268998232467,304,74.53410852310057,0.9218720036445487,366.0,354.61393074961626,0.7691121024512051,173,bior,0.69036417494337,0.7052941707304118,0.30515682632051744,2,130.25,4.015258753334038e-14,0.00022537827079399664,4.763808622726717e-27,0.98394401464404,0.9058369713283132,0.004126246459238658,0.6842131699231511,0.008446035906882414,0.9837415452947248,9.579881332655305e-11,9.579881332655305e-11,9.429390601667365e-11,,0.0,0.9999999999959025,0.0,,,,,1.0,,0.0,0.1985294117647059,0.13235294117647056,0.0,0.0,0.0,1.2282106989662538,0.44473267133160366,543,1.3224793134934636,0.7761363415494871,1054,361.3315651863258,0.8106228693992004,798.5,716.7463994990607,0.6960609105905855,424,0.624472043587361,0.8820529008810402,0.29825369922453526,5,319.25,225,,,,,,,,2.4063142582202547e-19,0.05136027697297241,4.1351227747062905e-27,0.9923485978019417,0.35472209249545883,0.0005216313454936366,0.392815733545518,0.9999999999999997,0.008618164632170182,0.0005941450834275999,2.426444462022559e-15,2.426444462022559e-15,2.3848110985991156e-15,,0.0,0.04233831474415694,0.0,,,,,0.8723404255319149,,0.0,0.48584905660377364,0.4660633484162896,0.0,0.0,0.48453608247422675,0.5623820281067267,0.1749437663622979,66,1.3490126629646082,0.774038708108324,237,120.91525958289962,0.5538182303214036,151.5,103.24752475247524,0.4973888199577498,216,145.70212765957447,152.0,62.45900042832168,47,0.5498193496587716,0.5637435190571668,0.44600339952170986,3,162.75,81
coif14,1.0,constant,7.696361844881872e-26,313.80153435575915,53519334.507134855,0.5757575757575758,362.0569993161052,907,raw,2.0308880144174002e-13,-9.975194004141579e-10,8.651281013934776,121381.09066676871,0.8598368062789868,4.293740082320343e-06,1.0,708.0000000000002,,,,[],[],15,954.0000000000001,54.00000000000023,1308.0000000000002,"[9, 84, 164, 254, 330, 397, 444, 513, 572, 617, 680, 734, 786, 857, 902]","[1308.0000000000002, 1250.0000000000005, 1210.0000000000002, 1076.9999999999995, 1165.0, 449.0, 1284.0000000000002, 1197.0000000000005, 1066.9999999999995, 54.00000000000023, 1223.0000000000005, 675.9999999999995, 1014.0000000000003, 1115.0, 221.0000000000001]","[2, 35, 139, 174, 317, 317, 317, 489, 558, 616, 595, 730, 730, 730, 901]","[906, 317, 317, 282, 351, 398, 906, 595, 595, 631, 906, 737, 797, 906, 906]",462857712.0,1359.0000000000002,-1359.0000000000002,0.0,,,,DWT,mdp.39015056038071,0.0,,0.0,-82.0,115.0,0.0,-68.5,,2.2737367544323206e-13,414.03846153846166,55885.0,414.6025641025642,,0.0,414.03846153846166,,,50.00000000000023,0.0,-68.5,2.2737367544323206e-13,2.2737367544323206e-13,,2.2737367544323206e-13,2.1544318682454615e-13,5.830383112665266e-26,0.9498678436579108,0.9299144683462301,0.0004748316559378253,0.42009453332782254,0.0021528453066983182,2.8642509424646317e-09,4.4533652405009227e-10,4.4533652405009227e-10,4.3628544367275983e-10,,4.0193206593759645e-12,0.9999999995546631,6.249255530696294e-14,,,,,,0.0,0.16666666666666669,0.75,4.503703478699948e-14,4.503703478699948e-14,0.0,0.5916666677034199,0.17858890388708948,498,1.2040143076497034,0.7742269708962506,222,0,0.14743589772436239,0.17746830058748264,498,0,0.3289292174706879,0.7262003996329537,208,163.4900608599801,0.8286267705870229,356.5,300.1141693747308,0.7274685215618553,228,coif,0.656488627860972,0.9557749009341453,0.253725490217076,4,172.0,2.1544318682454613e-13,0.00022537827079399664,5.830383112665266e-26,0.9498678436579105,0.9299144683462303,0.002219205958926783,0.7202255109231861,0.0052436905230669045,0.9837415452947404,9.579992354957767e-11,9.579992354957767e-11,9.429501623969827e-11,,1.062180169322108e-12,0.9999999999959025,5.035116483609851e-14,,,,,1.0,,0.0,0.06617647058823528,0.19852941176470584,4.503703478699948e-14,4.503703478699948e-14,0.0,1.2215930519080103,0.44233643438576087,661,1.3262428374071291,0.7783450775591039,1021,254.55844122715712,0.8665836261912174,841.0,802.4744351961949,0.7129039724247492,362,0.6279687653129211,0.9042874265066404,0.2891356363289631,6,273.0,215,,,,,,,,1.682614540989287e-18,0.05136027697297241,5.767514527863223e-26,0.9677988247481468,0.3641507428978866,0.0002801937263028988,0.41460161460875994,0.9999999999999999,0.005229160911108298,0.0005941450834276092,2.4279623450640386e-15,2.4279623450640386e-15,2.3863289816405953e-15,,3.3426278408861603e-18,0.04233831474415694,9.41946501642748e-19,,,,,0.8723404255319149,,0.0,0.4009433962264151,0.5067873303167421,4.146815168660129e-19,4.146815168660129e-19,0.48453608247422675,0.557963860259036,0.17356937869507832,114,1.3462351564608217,0.7724450258509397,245,92.63098833543772,0.658188234924584,179.5,155.59888579387186,0.4979133056541739,215,173.0,189.0,76.50662166044674,20,0.6528301886792452,0.6905347800999774,0.33585843389453507,6,162.75,82
db6,1.0,periodization,1.64615754915712e-26,320.49967515483524,53528382.708481856,0.5726872246696035,432.4275593473335,907,raw,8.610435423868112e-14,-8.886571478683519e-10,8.64695865221158,102147.18895670399,0.8168435921823007,4.293740082320344e-06,1.0,708.0000000000001,,,,[],[],15,954.0,54.000000000000114,1308.0,"[9, 84, 164, 254, 330, 397, 444, 513, 572, 617, 680, 734, 786, 857, 902]","[1308.0, 1250.0, 1209.9999999999998, 1077.0, 1164.9999999999995, 449.0, 1283.9999999999998, 1196.9999999999998, 1066.9999999999998, 54.000000000000114, 1222.9999999999998, 676.0000000000002, 1014.0000000000001, 1115.0000000000002, 221.00000000000023]","[2, 35, 139, 245, 317, 317, 317, 489, 558, 616, 595, 730, 730, 730, 901]","[595, 317, 317, 279, 351, 398, 595, 595, 595, 631, 906, 737, 797, 906, 906]",462857712.0,1359.0,-1359.0,0.0,,,,DWT,mdp.39015056038071,0.0,,0.0,-77.5,115.0,0.0,-68.5,,0.0,414.03846153846155,55885.0,414.60256410256403,,0.0,414.03846153846155,,,50.000000000000114,0.0,-68.5,0.0,0.0,,1.1368683772161603e-13,6.937615679598705e-14,1.0225407631505624e-26,0.9751017060381311,0.9288614232903245,0.00047866832107087867,0.3527534542132693,0.0005231790998601759,2.863773248845141e-09,4.4533174909138267e-10,4.4533174909138267e-10,4.362782782962707e-10,,2.0096603296879822e-12,0.9999999995546631,0.0,,,,,,0.0,0.33333333333333337,0.75,0.0,0.0,0.0,0.6083333343688841,0.1836195772268436,284,1.1910417227538488,0.7658851056502987,279,0,0.1602564105446708,0.1929003266950851,284,0,0.32253120442324656,0.7120750517309457,285,2.70801280154532,0.9971614121577093,283.0,282.98039510535517,0.8502578549258148,72,db,0.7310736328536972,1.0,0.18824845700241194,6,55.5,6.937615679598702e-14,0.00022537827079399664,1.0225407631505621e-26,0.9751017060381308,0.9288614232903245,0.002223035928300411,0.687736912201619,0.003619072229605066,0.9837415452947326,9.579881332655305e-11,9.579881332655305e-11,9.429335090516133e-11,,5.31090084661054e-13,0.9999999999959025,0.0,,,,,1.0,,0.0,0.13235294117647056,0.19852941176470584,0.0,0.0,0.0,1.2282106989665214,0.4447326713317006,486,1.3272132604859397,0.7789145992222849,1008,369.10973977937783,0.8065462579772653,747.0,655.8072289156627,0.7075184120075005,392,0.5932924258364,0.7822905243672058,0.35000814460435825,3,294.75,222,,,,,,,,4.810316162033221e-19,0.05136027697297241,9.596721783485197e-27,0.9859782614858384,0.3637383747151494,0.00028067861306172267,0.39494744251095704,0.9999999999999999,0.0035098468515837996,0.0005941450834276046,2.426444462022559e-15,2.426444462022559e-15,2.383943736861127e-15,,1.6713139204430802e-18,0.04233831474415694,0.0,,,,,0.8723404255319149,,0.0,0.44339622641509435,0.5067873303167421,0.0,0.0,0.48453608247422675,0.5622091432779039,0.1748899859753197,77,1.3483874823925166,0.7736799909697518,239,114.5512985522207,0.5773014813571191,158.0,116.47468354430379,0.4971378255494083,217,148.9857142857143,151.0,69.14372614651623,70,0.5622102425876011,0.6240786312822121,0.4192292408040156,4,163.75,83
sym8,1.0,zero,1.2514286706468564e-21,270.22477675537476,48954446.12522661,0.5206073752711496,121.15918167675491,907,smoothed,2.6650498419640127e-11,,8.536129517042117,69602.96179953433,0.9863251927521927,8.290076994021161e-05,1.0,700.1999999999995,,,,[],[],15,859.5066666665973,37.00000000002433,1147.999999999959,"[7, 57, 111, 162, 256, 302, 399, 446, 515, 567, 615, 681, 775, 825, 898]","[1136.199999999903, 752.1999999998669, 880.5999999998477, 824.199999999923, 811.9999999999217, 949.7999999999668, 1086.999999999968, 947.5999999999281, 882.5999999999335, 37.00000000002433, 986.1999999999796, 1147.999999999959, 801.599999999896, 709.3999999999215, 938.199999999923]","[0, 35, 35, 137, 175, 137, 137, 421, 456, 559, 525, 667, 730, 797, 872]","[667, 70, 137, 175, 281, 319, 667, 667, 525, 569, 667, 872, 872, 834, 905]",417881492.5599897,1147.999999999961,-1147.999999999961,0.0,,,,DWT,mdp.39015056038071,1.049041748046875e-05,,0.0,-54.5,74.0,0.0,-18.5,,3.9108272176235914e-11,522.4864419474961,17102.200000001038,522.4864419474973,,0.0,522.4864419474961,,,35.60000000002434,0.0,-36.5,4.092726157978177e-11,3.9108272176235914e-11,,5.684341886080801e-13,3.925898328226994e-11,1.570430983816326e-21,0.7922484593309269,0.12950070311188963,0.11586976656043665,0.23446548400592226,0.06663027114576074,3.227372138855198e-08,2.7275336267098927e-09,2.7275336267098927e-09,2.6732561255962396e-09,,2.6554504233052703e-12,0.9999999972723101,9.063209670497731e-12,,,,,,2.663847057857327e-11,0.2,0.2857142857142857,1.605161595618283e-11,1.605161595618283e-11,,0.5485714393537963,0.17609510853518698,428,0.7184726125071702,0.35908995917265296,852,0,0.12380952695492509,0.15841176007284916,428,0,0.19124495488488505,0.30516288313732476,840,241.38213134640546,0.7469788979597427,637.0,568.4173959516334,0.539632006631863,771,sym,1.0,0.8754181682914945,0.03737454951255163,7,580.0,3.323773518580725e-11,0.9999999999713399,9.94454763375474e-22,0.7857014074408644,0.901860427002992,0.00028695644034905984,0.13665943600867675,0.0008701787610246084,1.1367912167159488e-10,0.9798453157396427,0.9798453157396427,0.979742065925297,,2.65545042330527e-12,0.0008620203396226267,9.063209670497731e-12,,,,,0.0,,1.9252579808085572e-11,0.4705882352941177,0.6691176470588235,7.746369983363912e-12,7.746369983363912e-12,1.0,1.196231407679168,0.4331530330387867,1343,1.277506382095443,0.7497426383831137,1487,101.82337649086284,0.946633450476487,1415.0,1411.3363957597173,0.6025095973556439,919,1.0,0.6189634712383475,0.11431095862849575,7,691.0,242,,,,,,,,2.733320223198408e-16,0.9999999999729078,9.94454134689626e-22,0.8495270637037715,0.3531648938287822,3.5564562228218246e-05,0.0615698275161623,0.9999999999999999,0.0006007258551714435,6.865348743602569e-14,0.001466684433776236,0.001466684433776236,0.0014590664654856261,,8.3565696022154e-18,3.6496488454957265e-05,1.6955037029569462e-16,,,,,0.0,,4.6273506993544195e-19,0.6603773584905661,0.7963800904977376,7.132522090095422e-17,7.132522090095422e-17,1.0,0.34701172374299005,0.10794715138363395,250,1.4111846887581738,0.8097118754898457,139,78.48885271170677,0.7103732372261743,194.5,178.66323907455012,0.4963305300522015,218,223.73684210526315,219.0,31.357866468777544,19,0.8442899702085402,0.2830303698747233,0.32408790989160485,7,165.25,84
db18,1.0,constant,2.4223203047908276e-26,318.8220734385461,53554454.77831084,0.5743099787685775,404.3377713154386,907,raw,1.1448982151891932e-13,-8.89314177854325e-10,8.644368993695917,110591.9624846749,0.8365264584732066,4.293740082320344e-06,1.0,708.0,,,,[],[],15,954.0,54.000000000000114,1308.0,"[9, 84, 164, 254, 330, 397, 444, 513, 572, 617, 680, 734, 786, 857, 902]","[1308.0, 1250.0000000000002, 1209.9999999999998, 1077.0000000000002, 1164.9999999999998, 448.9999999999999, 1284.0, 1196.9999999999995, 1067.0, 54.000000000000114, 1223.0000000000002, 676.0, 1013.9999999999999, 1115.0000000000002, 220.9999999999999]","[2, 35, 139, 245, 317, 139, 139, 489, 558, 616, 665, 730, 730, 730, 901]","[139, 139, 317, 279, 351, 398, 665, 665, 665, 631, 870, 737, 797, 870, 906]",462857712.0,1359.0,-1359.0,0.0,,,,DWT,mdp.39015056038071,0.0,,0.0,-68.5,115.0,0.0,-68.5,,0.0,414.03846153846155,55885.0,414.6025641025641,,0.0,414.03846153846155,,,50.000000000000114,0.0,-77.5,0.0,0.0,,0.0,1.0481831172108055e-13,1.6393245913080143e-26,0.9687816879752829,0.9282305119342088,0.0004897235349662417,0.3883448276527934,0.0012386949764820292,2.863773248845141e-09,4.4533174909138267e-10,4.4533174909138267e-10,4.362806667551004e-10,,0.0,0.9999999995546631,0.0,,,,,,0.0,0.6666666666666666,0.25,0.0,0.0,0.0,0.5916666677012135,0.17858890388642348,542,1.2014625395714988,0.7725860870154979,230,0,0.14743589772400362,0.1774683005870508,540,0,0.32672649229626266,0.721337286789864,234,178.41057517236285,0.812986818477607,386.5,324.72275047264236,0.7039252750668957,283,db,0.7310736328536972,1.0,0.18824845700241194,6,213.75,1.0481831172108052e-13,0.00022537827079399664,1.639324591308014e-26,0.9687816879752827,0.9282305119342088,0.0022340718486035323,0.7049079148768085,0.004332371786007845,0.9837415452947326,9.579881332655305e-11,9.579881332655305e-11,9.429390601667365e-11,,0.0,0.9999999999959025,0.0,,,,,1.0,,0.0,0.2647058823529412,0.06617647058823523,0.0,0.0,0.0,1.228210698966256,0.4447326713316045,524,1.330265032822972,0.7807056226377281,971,316.07673119038674,0.834341335854095,747.5,680.6742474916388,0.7212849236922466,330,0.5932924258364,0.7822905243672058,0.35000814460435825,3,248.25,211,,,,,,,,7.725874051262883e-19,0.05136027697297241,1.5764560065059714e-26,0.9814250794630706,0.36349131238108245,0.00028207579698263506,0.4053351432721467,0.9999999999999999,0.004264723219104336,0.0005941450834276046,2.426444462022559e-15,2.426444462022559e-15,2.3848110985991156e-15,,0.0,0.04233831474415694,0.0,,,,,0.8723404255319149,,0.0,0.5283018867924528,0.4253393665158371,0.0,0.0,0.48453608247422675,0.5625549129355493,0.174997546749276,50,1.3499897714552669,0.7745993550277747,235,130.8147545195113,0.5172887287102904,142.5,82.45614035087719,0.4957292352038537,220,148.9857142857143,151.0,69.14372614651623,70,0.5622102425876011,0.6240786312822121,0.4192292408040156,4,166.0,85
sym20,1.0,periodic,3.525188643595673e-18,235.7270141375237,51381847.68119157,0.5126849894291755,123.6256783629984,907,smoothed,1.4138184994905572e-09,1.516182614303713e-07,8.589680397432153,66190.35022092792,0.9859073714639328,8.290076994245655e-05,0.9999999999999999,700.2000000005472,,,,[],[],15,859.506666660614,36.99999999836041,1147.9999999945599,"[7, 57, 111, 162, 256, 302, 399, 446, 515, 567, 615, 681, 775, 825, 898]","[1136.1999999907546, 752.1999999935886, 880.5999999916432, 824.1999999952102, 811.9999999944075, 949.7999999953009, 1086.9999999950667, 947.599999991525, 882.5999999933739, 36.99999999836041, 986.1999999954999, 1147.9999999945599, 801.5999999918939, 709.3999999938729, 938.1999999941514]","[0, 35, 35, 139, 175, 139, 317, 421, 456, 559, 595, 665, 730, 797, 870]","[665, 70, 317, 175, 281, 317, 665, 665, 595, 569, 665, 870, 870, 834, 906]",417881492.559314,1147.9999999976635,-1147.9999999976635,0.0,,,,DWT,mdp.39015056038071,0.0006861686706542969,,0.0,-63.5,74.0,0.0,-18.5,,2.3364918888546526e-09,522.4864419415128,17102.20000009079,522.486441941635,,0.0,522.4864419415128,,,35.59999999836042,0.0,-45.5,5.44014255865477e-09,2.3364918888546526e-09,,5.47174749954138e-10,2.0857187766511097e-09,4.423811753089307e-18,0.6608755211745798,0.42331227377325265,0.5307558108731186,0.09063921135341127,0.044558666498603614,2.2049409980586898e-12,4.52567334451655e-11,4.52567334451655e-11,4.525673344764787e-11,,2.5561365774736534e-09,0.9999999999546617,1.2047019698684928e-09,,,,,,1.7423981437530424e-09,0.0,0.0,9.589907300333415e-10,9.589907300333415e-10,,0.500000003153938,0.1605033519913184,947,0.9276385067944551,0.4636303009093159,407,0,0.08333333395948793,0.10662329814140273,947,0,0.2500202122512407,0.3989485048592233,405,312.3475628206502,0.67259165322783,676.5,568.3375719302334,0.48173607818624203,940,sym,1.0,0.8754181682914945,0.03737454951255163,7,706.75,1.7652586568676413e-09,0.9999999999998924,2.8013188323913377e-18,0.6557382101243139,0.9149068801796214,0.0013144395013800995,0.05282953930871781,0.0005819277715655908,7.771561172376096e-15,0.9798453156855822,0.9798453156855822,0.9797420658720593,,2.556136577473653e-09,0.0008620203419348327,1.2047019698684928e-09,,,,,0.0,,1.2592937429015972e-09,0.3382352941176471,0.5367647058823529,4.6280056947120665e-10,4.6280056947120665e-10,1.0,1.1697608220391233,0.4235680861943101,1841,1.172918173276748,0.6883619355369387,1839,1.4142135623730951,0.9992587979232845,1840.0,1839.9994565217391,0.5174491054605941,1427,1.0,0.6189634712383475,0.11431095862849575,7,1072.0,260,,,,,,,,1.4521357497049013e-14,1.0,2.801318831762652e-18,0.7558966202843632,0.35827383210017083,0.00016564730770403594,0.0108564301547584,0.9999999999999998,0.00029567328938216253,0.0,0.0014666844336953156,0.0014666844336953156,0.0014590664654063423,,8.044033899092546e-15,3.649648855285368e-05,2.2537011998304387e-14,,,,,0.0,,3.026708025623186e-17,0.5754716981132075,0.7149321266968326,4.261267267315149e-15,4.261267267315149e-15,1.0,0.3303763613251366,0.10277228303661627,271,1.3372185532522158,0.767271464408027,260,7.7781745930520225,0.9712982487341254,265.5,265.3860640301318,0.49579672584307743,219,223.73684210526315,219.0,31.357866468777544,19,0.8442899702085402,0.2830303698747233,0.32408790989160485,7,166.0,86
db24,1.0,periodic,2.5121862823704962e-26,317.1983193627928,50955289.243317835,0.5146750524109015,149.46152270034398,907,smoothed,1.1558315250634526e-13,-8.701931841770257e-10,8.60049653523311,66999.57996976642,0.985880493290414,8.290076994021377e-05,1.0,700.1999999999998,,,,[],[],15,859.5066666666668,37.0,1147.9999999999995,"[7, 57, 111, 162, 256, 302, 399, 446, 515, 567, 615, 681, 775, 825, 898]","[1136.2, 752.2000000000002, 880.5999999999998, 824.2, 812.0000000000001, 949.8000000000001, 1086.9999999999998, 947.6000000000003, 882.6000000000001, 37.0, 986.2000000000005, 1147.9999999999995, 801.6000000000004, 709.3999999999999, 938.2000000000002]","[1, 35, 35, 137, 175, 137, 137, 421, 456, 559, 597, 137, 730, 797, 872]","[137, 70, 137, 175, 281, 316, 597, 597, 597, 569, 665, 872, 872, 834, 904]",417881492.5600002,1147.9999999999995,-1147.9999999999995,0.0,,,,DWT,mdp.39015056038071,0.0,,0.0,-50.0,74.0,0.0,-18.5,,4.547473508864641e-13,522.4864419475657,17102.199999999997,522.4864419475656,,0.0,522.4864419475657,,,35.60000000000001,0.0,-32.0,4.547473508864641e-13,4.547473508864641e-13,,2.2737367544323206e-13,1.125805590844721e-13,2.6022960648236753e-26,0.971131141559009,0.4826559561299786,0.4578493968013524,0.1267676386623833,0.04979248777409003,3.1801864014967905e-08,2.7587240781383177e-09,2.7587240781383177e-09,2.7038859643372716e-09,,1.0621801693221082e-12,0.9999999972412148,1.0070232967219702e-13,,,,,,0.0,0.30000000000000004,0.42857142857142855,1.8664669716491659e-13,1.8664669716491659e-13,,0.5728571534853658,0.18389098553325123,212,1.123555411975694,0.561548846805262,187,0,0.14404762215311478,0.18430598937585174,213,0,0.29831380298956084,0.4760088978804697,198,12.396235987858034,0.9870060419414486,202.5,201.91908495820337,0.8873709454990262,33,db,0.5360056224508035,0.703143681746848,0.4138529597603831,3,25.5,1.0618344712146667e-13,0.9999999999713673,1.7107372960150893e-26,0.9626645297793051,0.9175419859770311,0.0011338836438714332,0.07388718248744641,0.0006502804892509783,1.1201711780373103e-10,0.9798453157402713,0.9798453157402713,0.9797420659259175,,1.062180169322108e-12,0.0008620203395957593,1.0070232967219702e-13,,,,,0.0,,0.0,0.536764705882353,0.7352941176470589,9.007406957399896e-14,9.007406957399896e-14,1.0,1.2094667017788996,0.4379455069244052,1121,1.3667516378601552,0.8021188726297557,685,308.2985565973347,0.83841794727603,903.0,850.3709856035438,0.6825737535122288,488,0.5932924258364,0.7822905243672058,0.35000814460435825,3,366.75,233,,,,,,,,7.838173410454628e-19,0.9999999999729338,1.6478687112130467e-26,0.9770180454243419,0.3593057288674593,0.0001427883404399923,0.02359537733299155,0.9999999999999999,0.0003680101509059715,6.764967165484993e-14,0.001466684433777177,0.001466684433777177,0.00145906646548655,,3.3426278408861603e-18,3.64964884538224e-05,1.883893003285496e-18,,,,,0.0,,0.0,0.7028301886792453,0.8371040723981901,8.293630337320258e-19,8.293630337320258e-19,1.0,0.355329404951903,0.1105345855571385,247,1.4755204408439937,0.8466265493078423,112,95.45941546018392,0.647751234464266,179.5,154.11699164345404,0.4926948054240149,222,148.9857142857143,151.0,69.14372614651623,70,0.5622102425876011,0.6240786312822121,0.4192292408040156,4,167.5,87
db15,1.0,symmetric,1.925410746289757e-26,318.3536038471139,50741376.36436805,0.5138888888888888,159.3731873467067,907,smoothed,9.83726759245554e-14,-8.567301978956726e-10,8.576389960351698,66523.94139136924,0.9863112584781769,8.29007699402138e-05,1.0,700.1999999999997,,,,[],[],15,859.5066666666667,36.999999999999886,1147.9999999999995,"[7, 57, 111, 162, 256, 302, 399, 446, 515, 567, 615, 681, 775, 825, 898]","[1136.2, 752.2000000000003, 880.5999999999999, 824.1999999999998, 812.0, 949.8, 1087.0, 947.5999999999999, 882.6000000000001, 36.999999999999886, 986.1999999999999, 1147.9999999999995, 801.5999999999999, 709.3999999999997, 938.1999999999999]","[1, 35, 35, 140, 175, 140, 316, 421, 456, 559, 597, 597, 730, 797, 868]","[597, 70, 316, 175, 281, 316, 597, 597, 597, 569, 665, 868, 868, 834, 905]",417881492.56000006,1147.9999999999995,-1147.9999999999995,0.0,,,,DWT,mdp.39015056038071,1.1920928955078125e-07,,0.0,-54.5,74.0,0.0,-18.5,,4.547473508864641e-13,522.4864419475655,17102.199999999997,522.4864419475654,,0.0,522.4864419475655,,,35.599999999999895,0.0,-32.0,4.547473508864641e-13,4.547473508864641e-13,,3.410605131648481e-13,8.719030475178992e-14,1.865942700902561e-26,0.9755306476601139,0.35039313285636375,0.4212878860134379,0.11249530059127062,0.04671622010766975,3.1799659073969846e-08,2.7586221485584864e-09,2.7586221485584864e-09,2.7037840347574345e-09,,1.5932702539831623e-12,0.9999999972412148,1.0070232967219702e-13,,,,,,3.027098929383326e-13,0.2,0.42857142857142855,1.8664669716491659e-13,1.8664669716491659e-13,,0.5628571534850294,0.18068091851356557,305,1.0348435063105716,0.5172109638729475,231,0,0.1357142888196417,0.17364365964164785,305,0,0.27234616960413477,0.43457325385566636,262,36.06822239405023,0.9621926389999473,275.75,272.05007940046204,0.836573258703328,81,db,0.5360056224508035,0.703143681746848,0.4138529597603831,3,61.5,8.469440939224979e-14,0.9999999999713677,1.2444515089348648e-26,0.9670168255225333,0.9116689676783853,0.0010433374962358342,0.06556847545219613,0.0006101050143427389,1.1200929073140742e-10,0.9798453157402693,0.9798453157402693,0.9797420659259155,,1.5932702539831621e-12,0.0008620203395957593,1.0070232967219702e-13,,,,,0.0,,2.187793160009724e-13,0.4705882352941177,0.7352941176470589,9.007406957399896e-14,9.007406957399896e-14,1.0,1.202849054720447,0.43554926997848664,1235,1.363037680078882,0.7999392259800004,707,373.3523804664971,0.8043226517471189,971.0,899.2224510813594,0.6477063992488215,689,0.5932924258364,0.7822905243672058,0.35000814460435825,3,517.5,237,,,,,,,,6.070432887459132e-19,0.9999999999729341,1.1815829241328223e-26,0.9801536052500847,0.3570058786669262,0.00013132489941267437,0.01856292576118901,0.9999999999999999,0.0003254929275460024,6.764498078638804e-14,0.001466684433777174,0.001466684433777174,0.001459066465486547,,5.0139417613292405e-18,3.64964884538224e-05,1.883893003285496e-18,,,,,0.0,,5.258353067448204e-21,0.6603773584905661,0.8371040723981901,8.293630337320258e-19,8.293630337320258e-19,1.0,0.3510841219330351,0.10921397827689713,248,1.4742161324005945,0.8458781610604815,113,95.45941546018392,0.647751234464266,180.5,155.25761772853187,0.4908497869738304,223,148.9857142857143,151.0,69.14372614651623,70,0.5622102425876011,0.6240786312822121,0.4192292408040156,4,168.25,88
db38,1.0,periodization,9.156319517070742e-26,313.047179741458,53563296.78980826,0.5759911894273128,457.3561088254314,907,raw,2.148866654018536e-13,-8.70967076238579e-10,8.64132231845875,102147.18895670398,0.8144989110908372,4.293740082320346e-06,1.0,708.0,,,,[],[],15,954.0,53.99999999999909,1308.0000000000002,"[9, 84, 164, 254, 330, 397, 444, 513, 572, 617, 680, 734, 786, 857, 902]","[1308.0000000000002, 1249.9999999999998, 1209.9999999999998, 1077.0000000000002, 1165.0000000000002, 449.00000000000057, 1283.999999999999, 1197.0000000000002, 1066.9999999999998, 53.99999999999909, 1223.0000000000018, 676.0000000000007, 1014.0, 1114.9999999999986, 220.9999999999999]","[2, 35, 139, 245, 317, 317, 317, 489, 558, 616, 665, 730, 762, 762, 901]","[665, 317, 317, 279, 351, 398, 665, 665, 665, 631, 906, 737, 797, 906, 906]",462857712.0,1359.0,-1359.0,0.0,,,,DWT,mdp.39015056038071,0.0,,0.0,-86.5,115.0,0.0,-68.5,,0.0,414.03846153846155,55885.0,414.60256410256414,,0.0,414.03846153846155,,,49.99999999999909,0.0,-64.0,2.2737367544323206e-13,0.0,,0.0,2.3017402490205177e-13,6.990549940388514e-26,0.9470259684130988,0.927488258855705,0.0004934727704128464,0.42521831108653707,0.0005231790998601747,2.8594740062697274e-09,4.4533174909138267e-10,4.4533174909138267e-10,4.362830552139301e-10,,0.0,0.9999999995546631,6.249255530696294e-14,,,,,,0.0,0.0,1.0,0.0,0.0,0.0,0.6000000010332889,0.18110424055610233,449,1.202503042935546,0.7732551702337249,226,0,0.1538461541339343,0.18518431364058296,449,0,0.3286784557465492,0.7256467751611526,215,132.0009469663002,0.861634227498637,334.75,295.6331028595239,0.7553716210868447,192,db,0.7310736328536972,1.0,0.18824845700241194,6,145.5,2.301740249020517e-13,0.00022537827079399664,6.990549940388514e-26,0.9470259684130987,0.927488258855705,0.0022378145408732605,0.7226974695215654,0.0036190722296050646,0.9837415452946627,9.579881332655305e-11,9.579881332655305e-11,9.429446112818596e-11,,0.0,0.9999999999959025,5.035116483609851e-14,,,,,1.0,,0.0,0.0,0.2647058823529411,0.0,0.0,0.0,1.221593051907437,0.44233643438555326,791,1.3236728479279238,0.7768368027514307,1044,178.89801564019652,0.9062379372954945,917.5,900.0588555858311,0.712683958165567,365,0.5932924258364,0.7822905243672058,0.35000814460435825,3,274.5,216,,,,,,,,1.8037939987920292e-18,0.05136027697297241,6.927681355586471e-26,0.9657514294484892,0.3632006490790735,0.0002825496341721541,0.41609704074663584,0.9999999999999999,0.0035098468515837983,0.0005941450834275624,2.426444462022559e-15,2.426444462022559e-15,2.385461619902607e-15,,0.0,0.04233831474415694,9.41946501642748e-19,,,,,0.8723404255319149,,0.0,0.3584905660377359,0.5475113122171946,0.0,0.0,0.48453608247422675,0.5577909754302133,0.17351559830810015,117,1.3444432951568959,0.7714168887200754,249,93.33809511662427,0.6555789848095046,183.0,159.19672131147541,0.4901511160209885,224,148.9857142857143,151.0,69.14372614651623,70,0.5622102425876011,0.6240786312822121,0.4192292408040156,4,169.0,89
coif8,1.0,antireflect,6.501194852566208e-26,314.5344573063946,56201646.004030064,0.5733752620545073,451.2669995081652,907,raw,1.8661123118408958e-13,-1.0228063951345317e-09,8.722670594272802,185167.89002876976,0.8990441967441024,4.293740082320342e-06,1.0,708.0,,,,[],[],15,954.0000000000002,54.000000000000114,1308.0,"[9, 84, 164, 254, 330, 397, 444, 513, 572, 617, 680, 734, 786, 857, 902]","[1308.0, 1250.0000000000007, 1210.0000000000007, 1077.0000000000007, 1165.0000000000007, 448.9999999999999, 1283.9999999999998, 1197.0000000000002, 1067.0, 54.000000000000114, 1223.0000000000011, 676.0000000000007, 1014.0, 1115.0000000000005, 221.0]","[2, 35, 139, 174, 317, 317, 317, 489, 558, 616, 595, 730, 730, 730, 901]","[595, 317, 317, 279, 351, 398, 595, 595, 595, 631, 906, 737, 797, 906, 906]",462857712.0,1359.0,-1359.0,0.0,,,,DWT,mdp.39015056038071,0.0,,0.0,-77.5,115.0,0.0,-68.5,,0.0,414.0384615384618,55885.0,414.60256410256443,,0.0,414.0384615384618,,,50.000000000000114,0.0,-68.5,0.0,0.0,,0.0,1.9486925749320352e-13,4.880634277827115e-26,0.9526289795352262,0.9473069147522577,0.0016121992499444598,0.36784396948107645,0.007557426911075672,2.863773248845141e-09,4.4534129900880186e-10,4.4534129900880186e-10,4.3629499750807874e-10,,0.0,0.9999999995546631,0.0,,,,,,0.0,0.33333333333333337,0.75,0.0,0.0,0.0,0.60833333436789,0.18361957722654354,307,1.1961975032791559,0.7692004685270958,257,0,0.16025641054451897,0.19290032669490237,307,0,0.3252784985613965,0.7181404481599252,248,31.67938341150808,0.9667930991493626,279.75,277.0473227212069,0.8367770527193354,88,coif,0.656488627860972,0.9557749009341453,0.253725490217076,4,67.0,1.9486925749320347e-13,0.00022537827079399664,4.880634277827114e-26,0.9526289795352261,0.9473069147522577,0.003354588615618308,0.6950173077860657,0.010631531361967508,0.9837415452947326,9.580092275029983e-11,9.580092275029983e-11,9.42970146411426e-11,,0.0,0.9999999999959025,0.0,,,,,1.0,,0.0,0.13235294117647056,0.19852941176470584,0.0,0.0,0.0,1.2282106989662582,0.44473267133160527,521,1.3292352885455836,0.780101286563788,982,325.9762261269984,0.8291529213170867,751.5,680.8010645375915,0.7176424983943924,342,0.6279687653129211,0.9042874265066404,0.2891356363289631,6,258.0,213,,,,,,,,1.5133683930018804e-18,0.05136027697297241,4.8177656930250716e-26,0.9697880523285102,0.37096155453181046,0.00042393691657978416,0.3993517613608744,0.9999999999999999,0.010931048266483978,0.0005941450834276046,2.4296970685400154e-15,2.4296970685400154e-15,2.3893647477235547e-15,,0.0,0.04233831474415694,0.0,,,,,0.8723404255319149,,0.0,0.44339622641509435,0.5067873303167421,0.0,0.0,0.48453608247422675,0.5622091432779039,0.1748899859753197,76,1.347086784064136,0.7729336741401338,242,117.37972567696688,0.5668644808968011,159.0,115.67295597484276,0.4900743068690647,225,173.0,189.0,76.50662166044674,20,0.6528301886792452,0.6905347800999774,0.33585843389453507,6,170.25,90
db5,1.0,antisymmetric,8.775500058300331e-27,323.2316704002254,53742152.24924694,0.5687772925764192,453.9976787377469,907,raw,5.994861595989193e-14,-9.278725565664646e-10,8.66562744182565,112628.04983161231,0.8225647256395653,4.293740082320344e-06,1.0,708.0000000000001,,,,[],[],15,954.0,53.999999999999886,1307.9999999999998,"[9, 84, 164, 254, 330, 397, 444, 513, 572, 617, 680, 734, 786, 857, 902]","[1307.9999999999998, 1250.0, 1210.0, 1077.0, 1165.0, 449.0, 1284.0, 1197.0, 1067.0, 53.999999999999886, 1223.0000000000002, 675.9999999999998, 1014.0, 1115.0, 221.0]","[2, 35, 139, 174, 317, 139, 139, 489, 558, 616, 527, 730, 730, 730, 901]","[139, 139, 317, 279, 351, 398, 906, 527, 595, 631, 906, 737, 797, 906, 906]",462857712.0,1358.9999999999998,-1358.9999999999998,0.0,,,,DWT,mdp.39015056038071,0.0,,0.0,-73.0,115.0,0.0,-68.5,,2.2737367544323206e-13,414.03846153846155,55885.0,414.6025641025641,,0.0,414.03846153846155,,,49.999999999999886,0.0,-82.0,2.2737367544323206e-13,2.2737367544323206e-13,,1.1368683772161603e-13,3.6718046252834986e-14,4.1176074377573505e-27,0.9853939340031063,0.9334096489738303,0.0005693119873763457,0.2669980995728503,0.0014112102983076732,2.8628178616061604e-09,4.4533174909138267e-10,4.4533174909138267e-10,4.362806667551004e-10,,2.0096603296879822e-12,0.9999999995546631,6.249255530696294e-14,,,,,,0.0,0.5,0.0,4.503703478699948e-14,4.503703478699948e-14,0.0,0.5500000010353142,0.1660122205363625,901,1.1655895648309413,0.7495184005320744,390,0,0.11538461567281438,0.13888823531754124,901,0,0.31254031497650114,0.6900174553741801,415,287.9900171880963,0.6981236717105909,651.75,556.0577880944323,0.50747378554083,864,db,0.7310736328536972,1.0,0.18824845700241194,6,649.5,3.671804625283496e-14,0.00022537827079399664,4.1176074377573505e-27,0.985393934003106,0.9334096489738304,0.002313521403009268,0.6463643749365288,0.004504352739263406,0.9837415452947171,9.579881332655305e-11,9.579881332655305e-11,9.429390601667365e-11,,5.31090084661054e-13,0.9999999999959025,5.035116483609851e-14,,,,,1.0,,0.0,0.1985294117647059,0.0,4.503703478699948e-14,4.503703478699948e-14,0.0,1.2149754048489132,0.439940197439609,1021,1.3195130501418495,0.7743955016268478,1093,50.91168824543142,0.9733167252382435,1057.0,1055.7738883632924,0.7096667483633565,379,0.5932924258364,0.7822905243672058,0.35000814460435825,3,285.0,219,,,,,,,,2.12378053679654e-19,0.05136027697297241,3.488921589736926e-27,0.9933931750000625,0.3655194414883779,0.00029213437269633846,0.3699188786600005,0.9999999999999999,0.004446728599748326,0.0005941450834275953,2.426444462022559e-15,2.426444462022559e-15,2.3848110985991156e-15,,1.6713139204430802e-18,0.04233831474415694,9.41946501642748e-19,,,,,0.8723404255319149,,0.0,0.48584905660377364,0.38461538461538464,4.146815168660129e-19,4.146815168660129e-19,0.48453608247422675,0.5542372317266361,0.17241011257577138,118,1.3440960189263658,0.7712176279924218,250,93.33809511662427,0.6555789848095046,184.0,160.32608695652175,0.48830609757080395,226,148.9857142857143,151.0,69.14372614651623,70,0.5622102425876011,0.6240786312822121,0.4192292408040156,4,170.5,91
coif13,1.0,constant,9.619911230799674e-26,312.8326784892736,53517745.52804369,0.5752032520325203,367.9714329247298,907,raw,2.341006232427145e-13,-1.0773825165344508e-09,8.651327927432687,120240.36351491758,0.8574115883744683,4.293740082320343e-06,1.0,708.0000000000001,,,,[],[],15,954.0,53.99999999999977,1308.0000000000002,"[9, 84, 164, 254, 330, 397, 444, 513, 572, 617, 680, 734, 786, 857, 902]","[1308.0000000000002, 1250.0, 1209.9999999999998, 1077.0000000000005, 1165.000000000001, 448.9999999999998, 1283.9999999999998, 1197.0, 1067.0000000000002, 53.99999999999977, 1223.0000000000005, 676.0000000000001, 1014.0, 1115.0, 220.99999999999977]","[2, 35, 139, 174, 317, 317, 317, 489, 558, 616, 665, 730, 730, 730, 901]","[665, 317, 317, 282, 351, 398, 665, 665, 665, 631, 906, 737, 797, 906, 906]",462857712.0,1359.0000000000002,-1359.0000000000002,0.0,,,,DWT,mdp.39015056038071,0.0,,0.0,-86.5,115.0,0.0,-68.5,,2.2737367544323206e-13,414.03846153846155,55885.0,414.60256410256414,,0.0,414.03846153846155,,,49.99999999999977,0.0,-68.5,2.2737367544323206e-13,2.2737367544323206e-13,,1.1368683772161603e-13,2.5416461360002626e-13,7.358946735803347e-26,0.9462178792372556,0.9299258977522342,0.0004741578888052831,0.4079367192034815,0.002056192816807423,2.8623401679866697e-09,4.4533174909138267e-10,4.4533174909138267e-10,4.362830552139301e-10,,2.0096603296879822e-12,0.9999999995546631,6.249255530696294e-14,,,,,,0.0,0.0,0.75,4.503703478699948e-14,4.503703478699948e-14,0.0,0.5750000010351717,0.17355823054649505,698,1.1969279201710648,0.7696701543556786,249,0,0.13461538490354708,0.16203627447927002,699,0,0.32665869241411977,0.7211876001737407,236,263.32552731046286,0.7239774346850494,470.5,359.82120188596735,0.6153954259379125,499,coif,0.656488627860972,0.9557749009341453,0.253725490217076,4,375.25,2.5416461360002626e-13,0.00022537827079399664,7.358946735803347e-26,0.9462178792372554,0.9299258977522342,0.002218533367654649,0.7143599924371339,0.005147337415586055,0.9837415452947094,9.579881332655305e-11,9.579881332655305e-11,9.429446112818596e-11,,5.31090084661054e-13,0.9999999999959025,5.035116483609851e-14,,,,,1.0,,0.0,0.0,0.19852941176470584,4.503703478699948e-14,4.503703478699948e-14,0.0,1.2149754048489112,0.43994019743960827,1022,1.3216734885247001,0.7756634191855575,1062,28.284271247461902,0.9851759584656908,1042.0,1041.616122840691,0.7195271825871431,335,0.6279687653129211,0.9042874265066404,0.2891356363289631,6,252.75,212,,,,,,,,2.0011464179478995e-18,0.05136027697297241,7.296078151001304e-26,0.965169251190191,0.36415521860702865,0.000280108574028783,0.41105323412132494,0.9999999999999999,0.0051271915728105626,0.0005941450834275906,2.426444462022559e-15,2.426444462022559e-15,2.385461619902607e-15,,1.6713139204430802e-18,0.04233831474415694,9.41946501642748e-19,,,,,0.8723404255319149,,0.0,0.3584905660377359,0.5067873303167421,4.146815168660129e-19,4.146815168660129e-19,0.48453608247422675,0.553718577240168,0.1722487714148369,126,1.3431994676741892,0.7707032033379767,252,89.09545442950498,0.6712344854999817,189.0,168.0,0.48690875566512,228,173.0,189.0,76.50662166044674,20,0.6528301886792452,0.6905347800999774,0.33585843389453507,6,172.5,92
db10,1.0,zero,1.5515340691173688e-26,320.75677597052874,53540590.3157994,0.5712742980561555,418.38854489350695,907,raw,8.555131367506785e-14,-9.268072975743366e-10,8.644987088672693,107930.8561545746,0.8303193465858429,4.293740082320344e-06,1.0,708.0,,,,[],[],15,954.0,53.999999999999886,1308.0,"[9, 84, 164, 254, 330, 397, 444, 513, 572, 617, 680, 734, 786, 857, 902]","[1308.0, 1250.0, 1210.0000000000002, 1077.0, 1165.0, 449.0, 1284.0, 1196.9999999999998, 1067.0, 53.999999999999886, 1223.0, 676.0000000000002, 1014.0000000000002, 1115.0000000000002, 221.0000000000001]","[2, 35, 139, 174, 317, 139, 139, 489, 558, 616, 665, 730, 730, 730, 901]","[665, 139, 317, 279, 351, 398, 665, 665, 665, 631, 870, 737, 797, 870, 906]",462857712.0,1359.0,-1359.0,0.0,,,,DWT,mdp.39015056038071,0.0,,0.0,-73.0,115.0,0.0,-68.5,,0.0,414.03846153846155,55885.0,414.6025641025642,,0.0,414.03846153846155,,,49.999999999999886,0.0,-77.5,0.0,0.0,,0.0,6.868562916993354e-14,9.473474717578991e-27,0.9760702802732303,0.9283810967073158,0.0004838446538642193,0.3217641633689767,0.0010132225203813405,2.8628178616061604e-09,4.4533174909138267e-10,4.4533174909138267e-10,4.3628544367275983e-10,,0.0,0.9999999995546631,0.0,,,,,,0.0,0.5,0.25,0.0,0.0,0.0,0.5750000010342616,0.17355823054622035,722,1.179185593200292,0.7582611636319332,324,0,0.13461538490341768,0.16203627447911428,724,0,0.318244658217691,0.70261133916854,333,227.79577842152094,0.7612203580487202,525.75,451.68751589366974,0.6050598645589513,527,db,0.7310736328536972,1.0,0.18824845700241194,6,396.75,6.868562916993351e-14,0.00022537827079399664,9.473474717578989e-27,0.9760702802732301,0.9283810967073158,0.002228203227342332,0.6727861771058316,0.004107597733925331,0.9837415452947171,9.579881332655305e-11,9.579881332655305e-11,9.429501623969827e-11,,0.0,0.9999999999959025,0.0,,,,,1.0,,0.0,0.1985294117647059,0.06617647058823523,0.0,0.0,0.0,1.221593051907428,0.44233643438555004,819,1.3217719415484286,0.775721199272453,1060,170.41273426595797,0.9106851497557872,939.5,924.0447046301225,0.7091423652342876,382,0.5932924258364,0.7822905243672058,0.35000814460435825,3,287.25,221,,,,,,,,4.753511679570844e-19,0.05136027697297241,8.844788869558564e-27,0.9866760593008311,0.3635502807688887,0.000281332810168771,0.3859029059004505,0.9999999999999999,0.0040268475350023975,0.0005941450834275953,2.426444462022559e-15,2.426444462022559e-15,2.3863289816405953e-15,,0.0,0.04233831474415694,0.0,,,,,0.8723404255319149,,0.0,0.48584905660377364,0.4253393665158371,0.0,0.0,0.48453608247422675,0.5583096299166814,0.17367693946903465,94,1.3453014268361,0.7719092689286483,247,108.18733752154178,0.6007847323928348,170.5,136.1759530791789,0.4858167204399598,229,148.9857142857143,151.0,69.14372614651623,70,0.5622102425876011,0.6240786312822121,0.4192292408040156,4,172.75,93
coif9,1.0,periodic,4.6492011465731934e-26,315.99060577228767,56797698.09686135,0.5729166666666666,453.901294524743,907,raw,1.573407580874505e-13,-9.249740973160757e-10,8.729124759679358,103107.01949100454,0.8173630829332814,4.293740082320344e-06,1.0,708.0,,,,[],[],15,954.0000000000001,53.99999999999932,1308.0000000000005,"[9, 84, 164, 254, 330, 397, 444, 513, 572, 617, 680, 734, 786, 857, 902]","[1308.0000000000005, 1249.9999999999995, 1210.0000000000005, 1077.0000000000002, 1164.9999999999998, 449.0000000000001, 1284.0000000000002, 1197.0000000000002, 1067.0, 53.99999999999932, 1223.0, 676.0000000000005, 1014.0000000000003, 1115.0000000000002, 221.00000000000034]","[2, 35, 139, 174, 317, 139, 139, 489, 558, 616, 665, 730, 730, 730, 901]","[665, 139, 317, 279, 351, 398, 665, 665, 665, 631, 870, 737, 797, 870, 906]",462857712.0,1359.0000000000005,-1359.0000000000005,0.0,,,,DWT,mdp.39015056038071,0.0,,0.0,-73.0,115.0,0.0,-68.5,,4.547473508864641e-13,414.03846153846166,55885.0,414.60256410256426,,0.0,414.03846153846166,,,49.99999999999932,0.0,-77.5,4.547473508864641e-13,4.547473508864641e-13,,0.0,1.5832208242013007e-13,3.4089329375930686e-26,0.9581147182044676,0.9488793252552701,0.001864940341167774,0.3577857359405786,0.0006045044289390121,2.860429393508708e-09,4.4533652405009227e-10,4.4533652405009227e-10,4.3628783213158954e-10,,0.0,0.9999999995546631,1.2498511061392588e-13,,,,,,0.0,0.5,0.25,9.007406957399896e-14,9.007406957399896e-14,0.0,0.5750000010336472,0.17355823054603492,738,1.193597059868754,0.7675282845573282,266,0,0.13461538490325836,0.1620362744789225,738,0,0.32389274631008313,0.715081024474689,266,272.50932705750336,0.7143508102122607,502.0,391.0517928286852,0.594072679739254,560,coif,0.656488627860972,0.9557749009341453,0.253725490217076,4,421.0,1.5832208242013004e-13,0.00022537827079399664,3.4089329375930686e-26,0.9581147182044674,0.9488793252552701,0.0036068886223358963,0.6901647286821704,0.0037001456523642114,0.9837415452946783,9.579992354957767e-11,9.579992354957767e-11,9.429546032890812e-11,,0.0,0.9999999999959025,1.0070232967219702e-13,,,,,1.0,,0.0,0.1985294117647059,0.06617647058823523,9.007406957399896e-14,9.007406957399896e-14,0.0,1.2215930519075036,0.4423364343855774,773,1.3287255010765828,0.7798021026165451,990,153.4421715174808,0.9195795746763727,881.5,868.1452070334656,0.7287887391201571,305,0.6279687653129211,0.9042874265066404,0.2891356363289631,6,230.25,208,,,,,,,,1.212722439507912e-18,0.05136027697297241,3.346064352791026e-26,0.9737401876613538,0.37157730412201817,0.000455878929837363,0.3964161646106567,0.9999999999999999,0.003595645882755946,0.0005941450834275717,2.4279623450640386e-15,2.4279623450640386e-15,2.3869795029440866e-15,,0.0,0.04233831474415694,1.883893003285496e-18,,,,,0.8723404255319149,,0.0,0.48584905660377364,0.4253393665158371,8.293630337320258e-19,8.293630337320258e-19,0.48453608247422675,0.5583096299166814,0.17367693946903465,87,1.3456735114119966,0.7721227642295754,246,112.42997820866105,0.5851292317023578,166.5,128.54054054054052,0.4853690438954593,230,173.0,189.0,76.50662166044674,20,0.6528301886792452,0.6905347800999774,0.33585843389453507,6,174.0,94
bior6.8,1.0,antisymmetric,4.1483750878352214e-22,275.0200575858714,49733961.85661797,0.5173160173160173,125.79496488128541,907,smoothed,1.493428338241174e-11,5.507748257466867e-10,8.551284647639589,89551.43986558444,0.989651915509383,8.290076994024162e-05,0.9999999999999999,700.2000000000037,,,,[],[],15,859.5066666666096,36.99999999998113,1147.99999999996,"[7, 57, 111, 162, 256, 302, 399, 446, 515, 567, 615, 681, 775, 825, 898]","[1136.1999999999316, 752.1999999999302, 880.5999999999059, 824.1999999999523, 811.9999999999509, 949.7999999999549, 1086.9999999999584, 947.5999999999142, 882.5999999999441, 36.99999999998113, 986.1999999999642, 1147.99999999996, 801.5999999999084, 709.3999999999357, 938.1999999999518]","[0, 35, 35, 139, 175, 139, 317, 421, 456, 559, 525, 317, 730, 797, 870]","[317, 70, 317, 175, 281, 317, 525, 525, 525, 569, 665, 906, 870, 834, 906]",417881492.55999386,1147.9999999999789,-1147.9999999999789,0.0,,,,DWT,mdp.39015056038071,6.318092346191406e-06,,0.0,-50.0,74.0,0.0,-18.5,,2.114575181622058e-11,522.4864419475084,17102.200000000856,522.4864419475094,,0.0,522.4864419475084,,,35.59999999998114,0.0,-45.5,4.001776687800884e-11,2.114575181622058e-11,,3.637978807091713e-12,2.1974297515556145e-11,5.205802685336504e-22,0.8105096474249389,0.21265064746369083,0.24910285174230096,0.17471280897918842,0.1956502053060221,3.143584380929054e-08,2.733037824020791e-09,2.733037824020791e-09,2.6787093581175216e-09,,1.699488270915373e-11,0.9999999972668738,8.861805011153337e-12,,,,,,1.6043624325731626e-11,0.30000000000000004,0.0,8.679071418168623e-12,8.679071418168623e-12,,0.5300000105320474,0.17013355541847394,694,0.8653277437786357,0.4324876116016645,542,0,0.10833333640889674,0.13861029047744647,694,0,0.23466088013401656,0.3744401559996306,503,100.28750337571144,0.8948768308430698,608.25,595.6871297664982,0.6286491072454343,533,bior,0.7117551471424625,1.0,0.20177139700027627,6,401.25,1.8608844127379907e-11,0.9999999999717216,3.2965102772667114e-22,0.8037666378056773,0.9055526296387943,0.0006169138830489146,0.10183227625088087,0.0025551547415282646,1.1072781580523383e-10,0.9798453157397536,0.9798453157397536,0.9797420659254075,,1.6994882709153728e-11,0.0008620203396179082,8.861805011153337e-12,,,,,0.0,,1.1595303748051538e-11,0.536764705882353,0.5367647058823529,4.1884442351909515e-12,4.1884442351909515e-12,1.0,1.1896137606213737,0.4307567960931065,1503,1.2770997268383906,0.7495039806436238,1495,5.656854249492381,0.9970351916931381,1499.0,1498.9893262174785,0.6056978893476173,900,0.624472043587361,0.8820529008810402,0.29825369922453526,5,676.25,241,,,,,,,,1.5299120549811486e-16,0.9999999999732699,3.2965039904082316e-22,0.8625419445658615,0.35461074544043425,7.733826309439757e-05,0.04050092893350349,0.9999999999999998,0.002383915731156342,6.687101078358152e-14,0.0014666844337764022,0.0014666844337764022,0.0014590664654857905,,5.3482045454178565e-17,3.649648845475886e-05,1.6578258428912365e-16,,,,,0.0,,2.786927125747548e-19,0.7028301886792453,0.7149321266968326,3.85653810685392e-17,3.85653810685392e-17,1.0,0.3431122103817669,0.1067341048773487,255,1.412023146449126,0.8101929671250286,137,83.43860018001261,0.6921084864206177,196.0,178.23979591836735,0.4844306269741465,231,145.70212765957447,152.0,62.45900042832168,47,0.5498193496587716,0.5637435190571668,0.44600339952170986,3,174.0,95
rbio6.8,1.0,periodic,4.1511757748883577e-22,275.01712652851904,49574001.56353624,0.5173160173160173,139.60976869885752,907,smoothed,1.495544656509667e-11,5.878490361150456e-10,8.558331248020075,65756.04321371614,0.9820301382252333,8.290076994024155e-05,1.0,700.2000000000037,,,,[],[],15,859.5066666666086,36.99999999998147,1147.9999999999595,"[7, 57, 111, 162, 256, 302, 399, 446, 515, 567, 615, 681, 775, 825, 898]","[1136.1999999999173, 752.1999999999301, 880.5999999999055, 824.1999999999521, 811.9999999999507, 949.7999999999547, 1086.9999999999584, 947.5999999999146, 882.5999999999442, 36.99999999998147, 986.1999999999642, 1147.9999999999595, 801.5999999999084, 709.3999999999356, 938.1999999999516]","[0, 35, 35, 139, 175, 139, 317, 421, 456, 559, 525, 317, 730, 797, 870]","[317, 70, 317, 175, 281, 317, 525, 525, 525, 569, 665, 906, 870, 834, 906]",417881492.5599938,1147.9999999999789,-1147.9999999999789,0.0,,,,DWT,mdp.39015056038071,6.377696990966797e-06,,0.0,-50.0,74.0,0.0,-18.5,,2.114575181622058e-11,522.4864419475075,17102.20000000087,522.4864419475083,,0.0,522.4864419475075,,,35.59999999998148,0.0,-45.5,4.0472514228895307e-11,2.114575181622058e-11,,3.637978807091713e-12,2.2005519114115932e-11,5.209317309253244e-22,0.8104984854948,0.2513124343574629,0.2217627962493422,0.17471280897918842,0.04174971730005959,3.144245863228471e-08,2.732630105701465e-09,2.732630105701465e-09,2.6781997102183363e-09,,1.699488270915373e-11,0.9999999972673088,8.962507340825535e-12,,,,,,1.6194979272200795e-11,0.30000000000000004,0.0,8.679071418168623e-12,8.679071418168623e-12,,0.5300000105339779,0.17013355541909367,687,0.8094217171185836,0.4045459858787173,671,0,0.10833333640939481,0.13861029047808376,690,0,0.214290891771837,0.3419364782852662,633,26.196373794859472,0.9725404886846337,670.25,669.4592899078675,0.634986177256363,514,rbio,0.6011515732570673,0.8080706865547747,0.3367726927536205,4,386.5,1.8635268522371263e-11,0.9999999999717207,3.298735865224348e-22,0.8037555956523279,0.907269373439248,0.0005492050644666912,0.10183227625088087,0.0005452434253767095,1.1075107497759973e-10,0.9798453157397454,0.9798453157397454,0.9797420659253973,,1.6994882709153728e-11,0.0008620203396182968,8.962507340825535e-12,,,,,0.0,,1.1704693406052024e-11,0.536764705882353,0.5367647058823529,4.1884442351909515e-12,4.1884442351909515e-12,1.0,1.1896137606214778,0.43075679609314427,1494,1.277113654510864,0.7495121545126964,1493,0.7071067811865476,0.9996293989616423,1493.5,1493.4998326079678,0.6084362927722258,880,0.5849954903509885,0.970216713839344,0.2994381426025048,4,661.0,240,,,,,,,,1.5320857899994623e-16,0.999999999973269,3.2987295783658683e-22,0.8625339893775025,0.35528301536587403,6.876610327186824e-05,0.04050092893350349,0.9999999999999999,0.0002568506856845212,6.688508296545073e-14,0.0014666844337763898,0.0014666844337763898,0.001459066465485775,,5.3482045454178565e-17,3.649648845477473e-05,1.6766647729240912e-16,,,,,0.0,,2.813218891084789e-19,0.7028301886792453,0.7149321266968326,3.85653810685392e-17,3.85653810685392e-17,1.0,0.3431122103817669,0.1067341048773487,256,1.4114993962007303,0.8098924488446823,138,83.43860018001261,0.6921084864206177,197.0,179.32994923857868,0.482585608523962,233,88.75641025641026,82.5,49.40797188357043,78,0.3349298500241897,0.445947321412649,0.6317649085592725,2,175.25,96
sym19,1.0,zero,2.3569919619902178e-19,247.47525674664178,48968393.959978566,0.5254237288135594,102.45079617209166,907,smoothed,3.777294579044834e-10,,8.533698142145054,76713.04606121934,0.9874813690248053,8.290076993988947e-05,1.0,700.1999999998264,,,,[],[],15,859.5066666683284,37.00000000017394,1148.0000000019725,"[7, 57, 111, 162, 256, 302, 399, 446, 515, 567, 615, 681, 775, 825, 898]","[1136.20000000228, 752.2000000017329, 880.6000000021323, 824.2000000012736, 812.0000000015326, 949.8000000015414, 1087.0000000018752, 947.6000000019546, 882.6000000018068, 37.00000000017394, 986.2000000016565, 1148.0000000019725, 801.6000000018213, 709.400000001453, 938.2000000017198]","[1, 35, 35, 140, 175, 140, 140, 421, 456, 559, 594, 140, 730, 797, 871]","[140, 70, 140, 175, 281, 316, 664, 664, 594, 569, 664, 871, 871, 834, 904]",417881492.5601925,1148.0000000006487,-1148.0000000006487,0.0,,,,DWT,mdp.39015056038071,0.00019234418869018555,,0.0,-59.0,74.0,0.0,-18.5,,6.486970960395411e-10,522.4864419492274,17102.199999975073,522.4864419492274,,0.0,522.4864419492274,,,35.60000000017395,0.0,-41.0,1.972466634470038e-09,6.486970960395411e-10,,1.7359980120090768e-10,5.571983924445557e-10,2.957824280217429e-19,0.7056146877933097,0.11616075291556344,0.11825369927760328,0.3219035603126038,0.11261586464713749,3.5175423741994246e-08,3.5036254475465877e-09,3.5036254475465877e-09,3.448838298576309e-09,,8.109745592774297e-10,0.9999999964963406,4.367963549531546e-10,,,,,,4.884224122559996e-10,0.1,0.14285714285714285,2.6625151350575355e-10,2.6625151350575355e-10,,0.5242857271979358,0.16829923217133855,737,0.7143838089236253,0.35704639023721846,860,0,0.10357143227114106,0.13251753142801814,735,0,0.19636408078620235,0.3133312932275635,811,60.83515978993288,0.9362314886897978,785.75,782.2839836766158,0.5562970860639764,738,sym,1.0,0.8754181682914945,0.03737454951255163,7,555.25,4.715956720186873e-10,0.9999999999672428,1.8730021410254396e-19,0.6999972882925152,0.9012680778479768,0.0002928603518425985,0.18762317698068653,0.0014707419298352342,1.2390000136974777e-10,0.9798453157552847,0.9798453157552847,0.9797420659410088,,8.109745592774296e-10,0.0008620203389537173,4.367963549531546e-10,,,,,0.0,,3.5300042636756897e-10,0.40441176470588236,0.6029411764705882,1.284906602473095e-10,1.284906602473095e-10,1.0,1.1829961144115493,0.4283605594544746,1662,1.246416409771279,0.7314965629002319,1582,56.568542494923804,0.9703519169313817,1622.0,1621.0135635018494,0.5601235475642233,1155,1.0,0.6189634712383475,0.11431095862849575,7,868.0,248,,,,,,,,3.879371056178529e-15,0.9999999999690201,1.8730021347385812e-19,0.7877825479914927,0.3529329322966239,3.6312016901928466e-05,0.09240064741073661,0.9999999999999999,0.0012362946555008164,7.482648483166316e-14,0.0014666844337996496,0.0014666844337996496,0.0014590664655090245,,2.5520963565165836e-15,3.6496488426637105e-05,8.171385901750839e-15,,,,,0.0,,8.484352674327677e-18,0.6179245283018868,0.755656108597285,1.183086367618735e-15,1.183086367618735e-15,1.0,0.33869404253409136,0.10535971721013383,262,1.3866089277688607,0.7956107548634889,171,64.34671708797582,0.7625582395277645,216.5,206.93764434180142,0.4818326252989376,234,223.73684210526315,219.0,31.357866468777544,19,0.8442899702085402,0.2830303698747233,0.32408790989160485,7,177.25,97
rbio5.5,1.0,zero,3.321143230885618e-20,255.98596170311163,49805816.08455094,0.5163398692810458,101.80274207774963,907,smoothed,1.4029401920479192e-10,,8.513241655638772,74902.15357705222,0.9896048920572595,8.290076994008758e-05,1.0,700.199999999947,,,,[],[],15,859.5066666672858,37.000000000050136,1148.0000000007637,"[7, 57, 111, 162, 256, 302, 399, 446, 515, 567, 615, 681, 775, 825, 898]","[1136.2000000008472, 752.2000000006883, 880.6000000008573, 824.2000000004682, 812.0000000005269, 949.8000000005785, 1087.000000000698, 947.6000000006907, 882.6000000005967, 37.000000000050136, 986.2000000006195, 1148.0000000007637, 801.600000000712, 709.4000000005396, 938.2000000006474]","[1, 35, 35, 140, 175, 140, 140, 421, 456, 559, 594, 140, 730, 797, 869]","[140, 70, 140, 175, 281, 316, 664, 664, 594, 569, 664, 869, 869, 834, 904]",417881492.5600664,1148.0000000002287,-1148.0000000002287,0.0,,,,DWT,mdp.39015056038071,6.622076034545898e-05,,0.0,-59.0,74.0,0.0,-18.5,,2.2873791749589145e-10,522.4864419481846,17102.199999990713,522.4864419481846,,0.0,522.4864419481846,,,35.600000000050144,0.0,-41.0,7.637481758138165e-10,2.2873791749589145e-10,,5.3091753215994686e-11,2.069148806819675e-10,4.167751579365112e-20,0.7380247987996007,0.003924457511128965,0.2613840156564436,0.15699141340120729,0.10090363134768676,3.277424299511079e-08,3.036176394439537e-09,3.036176394439537e-09,2.9813892454436244e-09,,2.4801906953671225e-10,0.9999999969637489,1.691295626844549e-10,,,,,,1.6815534552724377e-10,0.1,0.14285714285714285,9.388328867395306e-11,9.388328867395306e-11,,0.5242857256461895,0.1682992316732176,747,0.6786271338251788,0.33917533603454647,894,0,0.10357143186849559,0.1325175309128415,747,0,0.18017547384614035,0.28749969954824356,890,83.73171442171717,0.9122309073147619,819.5,813.084165079782,0.5266081161311755,804,rbio,0.6011515732570673,0.8080706865547747,0.3367726927536205,4,604.0,1.7513327737068242e-10,0.9999999999697624,2.6391722602910483e-20,0.7320596118644296,0.8962843205050777,0.0006473287115650965,0.09150326797385705,0.0013177823742744938,1.1544221134585086e-10,0.9798453157458633,0.9798453157458633,0.9797420659315392,,2.4801906953671225e-10,0.0008620203393566173,1.691295626844549e-10,,,,,0.0,,1.2153191003854018e-10,0.40441176470588236,0.6029411764705882,4.5307256995721476e-11,4.5307256995721476e-11,1.0,1.182996113836401,0.4283605592462145,1670,1.2248300119097002,0.7188279429130805,1645,17.67766952966369,0.9907349740410568,1657.5,1657.4057315233786,0.5610121411085787,1146,0.5849954903509885,0.970216713839344,0.2994381426025048,4,860.5,247,,,,,,,,1.4405992732474218e-15,0.999999999971411,2.639172197422464e-20,0.8108814685711621,0.35098131308795943,8.118888073143282e-05,0.03425233360269003,0.9999999999999999,0.0010744193919557938,6.97182823896237e-14,0.0014666844337855474,0.0014666844337855474,0.001459066465494922,,7.805036008469185e-16,3.649648844369587e-05,3.1639982990179905e-15,,,,,0.0,,2.9210151289674775e-18,0.6179245283018868,0.755656108597285,4.17169605967209e-16,4.17169605967209e-16,1.0,0.3386940425340819,0.1053597172101309,263,1.3761908333163249,0.7896330434658287,174,62.932503525602726,0.7677767397579235,218.5,209.4370709382151,0.4807518385136481,236,88.75641025641026,82.5,49.40797188357043,78,0.3349298500241897,0.445947321412649,0.6317649085592725,2,177.5,98
bior2.8,1.0,zero,1.6226262660807313e-26,320.56220411673024,55124796.76985728,0.5714285714285714,383.6984840461062,907,raw,8.580689754225848e-14,-9.73339853160846e-10,8.573559178121336,117874.93562055346,0.876922877573426,4.293740082320344e-06,1.0,708.0000000000001,,,,[],[],15,954.0,53.999999999999886,1308.0000000000002,"[9, 84, 164, 254, 330, 397, 444, 513, 572, 617, 680, 734, 786, 857, 902]","[1308.0000000000002, 1250.0000000000005, 1210.0, 1077.0, 1165.0000000000002, 449.0, 1284.0000000000002, 1197.0, 1067.0, 53.999999999999886, 1223.0000000000002, 675.9999999999998, 1014.0, 1115.0, 220.9999999999999]","[2, 35, 139, 245, 317, 139, 139, 489, 558, 616, 665, 730, 762, 762, 901]","[665, 139, 317, 279, 351, 398, 665, 665, 665, 631, 906, 737, 797, 906, 906]",462857712.0,1359.0000000000002,-1359.0000000000002,0.0,,,,DWT,mdp.39015056038071,0.0,,0.0,-82.0,115.0,0.0,-68.5,,2.2737367544323206e-13,414.03846153846155,55885.0,414.6025641025642,,0.0,414.03846153846155,,,49.999999999999886,0.0,-73.0,2.2737367544323206e-13,2.2737367544323206e-13,,1.1368683772161603e-13,6.900475173106294e-14,1.0038414442873921e-26,0.9753372709906406,0.9109793120172149,0.0011555880681347898,0.3251477944520233,0.0018557728519835231,2.8628178616061604e-09,4.4533174909138267e-10,4.4533174909138267e-10,4.3628544367275983e-10,,2.0096603296879822e-12,0.9999999995546631,6.249255530696294e-14,,,,,,0.0,0.16666666666666669,0.5,4.503703478699948e-14,4.503703478699948e-14,0.0,0.5666666677019824,0.17104289387648,787,1.1720712395586825,0.7536863637854263,359,0,0.1282051284933276,0.15432026142539024,791,0,0.316353676911438,0.6984364854086373,362,247.40301129937768,0.7406677030404847,574.75,494.876984389502,0.569102195335756,641,bior,0.69036417494337,0.7052941707304118,0.30515682632051744,2,481.25,6.900475173106293e-14,0.00022537827079399664,1.003841444287392e-26,0.9753372709906404,0.9109793120172149,0.0028987743130041124,0.6744186046511628,0.0049475382543457775,0.9837415452947171,9.579881332655305e-11,9.579881332655305e-11,9.429501623969827e-11,,5.31090084661054e-13,0.9999999999959025,5.035116483609851e-14,,,,,1.0,,0.0,0.06617647058823528,0.13235294117647056,4.503703478699948e-14,4.503703478699948e-14,0.0,1.2149754048489136,0.4399401974396091,1008,1.3139554764029562,0.7711338740871309,1146,97.58073580374356,0.9488570567066333,1077.0,1072.5793871866297,0.6921958239508009,432,0.624472043587361,0.8820529008810402,0.29825369922453526,5,325.25,227,,,,,,,,4.779763477823474e-19,0.05136027697297241,9.409728594853494e-27,0.9861479714607617,0.3567358123007091,0.00036622932201204407,0.38689045270688865,0.9999999999999999,0.004915746516218455,0.0005941450834275953,2.426444462022559e-15,2.426444462022559e-15,2.3863289816405953e-15,,1.6713139204430802e-18,0.04233831474415694,9.41946501642748e-19,,,,,0.8723404255319149,,0.0,0.4009433962264151,0.4660633484162896,4.146815168660129e-19,4.146815168660129e-19,0.48453608247422675,0.5538914620689908,0.17230255180181508,120,1.3423703664689521,0.7702274802825811,254,94.75230867899737,0.6503604845793456,187.0,162.99465240641712,0.48016179210517096,237,145.70212765957447,152.0,62.45900042832168,47,0.5498193496587716,0.5637435190571668,0.44600339952170986,3,178.5,99
bior5.5,1.0,constant,3.321186968562086e-20,255.98590450923243,48290795.66663417,0.5152505446623094,130.72462599479522,907,smoothed,1.4029500408400428e-10,,8.55183790793244,62882.66425467645,0.9809675389090162,8.290076994008755e-05,1.0,700.1999999999468,,,,[],[],15,859.5066666672858,37.000000000050136,1148.000000000764,"[7, 57, 111, 162, 256, 302, 399, 446, 515, 567, 615, 681, 775, 825, 898]","[1136.200000000847, 752.2000000006885, 880.6000000008573, 824.200000000468, 812.0000000005268, 949.8000000005783, 1087.000000000698, 947.6000000006907, 882.6000000005967, 37.000000000050136, 986.2000000006192, 1148.000000000764, 801.6000000007119, 709.4000000005395, 938.2000000006474]","[1, 35, 35, 140, 175, 140, 140, 421, 456, 559, 594, 140, 730, 797, 869]","[140, 70, 140, 175, 281, 316, 664, 664, 594, 569, 664, 869, 869, 834, 904]",417881492.5600665,1148.000000000229,-1148.000000000229,0.0,,,,DWT,mdp.39015056038071,6.633996963500977e-05,,0.0,-59.0,74.0,0.0,-18.5,,2.2896529117133468e-10,522.4864419481846,17102.199999990713,522.4864419481845,,0.0,522.4864419481846,,,35.600000000050144,0.0,-41.0,7.639755494892597e-10,2.2896529117133468e-10,,5.32054400537163e-11,2.069163336535671e-10,4.167806466427057e-20,0.7380245809962598,0.21568615826095477,0.0024401146369178173,0.1372153632634572,0.023165684829747624,3.277424299511079e-08,3.036176394439537e-09,3.036176394439537e-09,2.9813382806537057e-09,,2.485501596213733e-10,0.9999999969637489,1.69179913849291e-10,,,,,,1.684580554201821e-10,0.1,0.14285714285714285,9.39766120225355e-11,9.39766120225355e-11,,0.5242857256466537,0.1682992316733666,741,0.616030304346049,0.30788967176467297,939,0,0.10357143186858059,0.13251753091295024,744,0,0.15950455745632194,0.2545158415091936,933,111.75083892302554,0.8828607558458852,839.25,828.0908670022607,0.5015718873569048,901,bior,0.7117551471424625,1.0,0.20177139700027627,6,677.25,1.751345070929654e-10,0.9999999999697621,2.6392070167790793e-20,0.7320593963982995,0.9056874189168154,6.043048424443122e-06,0.07997669351978526,0.00030253947007566513,1.1544221134585086e-10,0.9798453157458633,0.9798453157458633,0.9797420659315381,,2.4855015962137325e-10,0.0008620203393566173,1.69179913849291e-10,,,,,0.0,,1.2175068935454114e-10,0.40441176470588236,0.6029411764705882,4.535229403050847e-11,4.535229403050847e-11,1.0,1.1829961138368186,0.42836055924636574,1665,1.224194062061013,0.7184547168187795,1650,10.606601717798213,0.994440984424634,1657.5,1657.4660633484161,0.5628651463003673,1138,0.624472043587361,0.8820529008810402,0.29825369922453526,5,854.75,246,,,,,,,,1.4406093892420933e-15,0.9999999999714106,2.639206953910495e-20,0.8108813133411453,0.35466352837628135,0.0,0.02727926345091164,0.9999999999999999,0.0,6.97182823896237e-14,0.0014666844337855474,0.0014666844337855474,0.0014590664654949206,,7.821749147673615e-16,3.649648844369587e-05,3.164940245519633e-15,,,,,0.0,,2.9262734820349257e-18,0.6179245283018868,0.755656108597285,4.17584287484075e-16,4.17584287484075e-16,1.0,0.3386940425340819,0.1053597172101309,264,1.3747722575646162,0.7888190907340632,176,62.22539674441618,0.770385989873003,220.0,211.2,0.4792889358959111,239,145.70212765957447,152.0,62.45900042832168,47,0.5498193496587716,0.5637435190571668,0.44600339952170986,3,180.0,100
coif1,1.0,antisymmetric,8.330426822968432e-27,323.4577165970393,53426584.87241388,0.569078947368421,454.8764805262676,907,raw,5.767382161704368e-14,-9.417358004526564e-10,8.66658049096093,104310.02151370926,0.8050168155952115,4.293740082320344e-06,0.9999999999999998,708.0,,,,[],[],15,954.0,53.99999999999966,1308.0,"[9, 84, 164, 254, 330, 397, 444, 513, 572, 617, 680, 734, 786, 857, 902]","[1308.0, 1249.9999999999998, 1210.0, 1077.0, 1164.9999999999998, 449.0, 1284.0, 1197.0, 1067.0000000000002, 53.99999999999966, 1223.0000000000002, 676.0, 1014.0, 1115.0, 221.0]","[2, 35, 139, 174, 317, 317, 317, 489, 558, 616, 595, 730, 730, 730, 901]","[595, 317, 317, 279, 351, 398, 595, 595, 595, 631, 906, 737, 797, 906, 906]",462857712.0,1359.0,-1359.0,0.0,,,,DWT,mdp.39015056038071,0.0,,0.0,-77.5,115.0,0.0,-68.5,,0.0,414.03846153846155,55885.0,414.60256410256403,,0.0,414.03846153846155,,,49.99999999999966,0.0,-68.5,0.0,0.0,,0.0,3.387773318960478e-14,3.763926496606936e-27,0.9862455163739575,0.9336418377040229,0.00043550347611617004,0.27361420262798836,0.0007064333964835394,2.8618624743671794e-09,4.4533174909138267e-10,4.4533174909138267e-10,4.362782782962707e-10,,0.0,0.9999999995546631,0.0,,,,,,0.0,0.33333333333333337,0.75,0.0,0.0,0.0,0.6083333343673061,0.18361957722636726,337,1.1685142348242432,0.7513990745202477,374,0,0.16025641054436926,0.19290032669472215,334,0,0.3135204990826575,0.6921814774549125,394,29.19332115399,0.9693990344297799,359.75,357.99825292863034,0.79615129918554,136,coif,0.656488627860972,0.9557749009341453,0.253725490217076,4,103.0,3.3877733189604764e-14,0.00022537827079399664,3.763926496606933e-27,0.9862455163739574,0.9336418377040229,0.0021799464147617747,0.6495563035495715,0.0038017588935369564,0.9837415452947015,9.579881332655305e-11,9.579881332655305e-11,9.429335090516133e-11,,0.0,0.9999999999959025,0.0,,,,,1.0,,0.0,0.13235294117647056,0.19852941176470584,0.0,0.0,0.0,1.2282106989662465,0.44473267133160105,564,1.3210690403422585,0.775308680781569,1072,359.21024484276614,0.8117346725142736,818.0,739.1295843520783,0.6915067492550404,436,0.6279687653129211,0.9042874265066404,0.2891356363289631,6,328.5,228,,,,,,,,1.890129474188048e-19,0.05136027697297241,3.1352406485865092e-27,0.9940066874146328,0.3656103656555677,0.0002752233384835719,0.3718498549640969,0.9999999999999997,0.0037031819574666904,0.0005941450834275858,2.426444462022559e-15,2.426444462022559e-15,2.383943736861127e-15,,0.0,0.04233831474415694,0.0,,,,,0.8723404255319149,,0.0,0.44339622641509435,0.5067873303167421,0.0,0.0,0.48453608247422675,0.5622091432779039,0.1748899859753197,80,1.3449761048063225,0.7717226051184697,248,118.79393923933998,0.5616459806666422,164.0,120.97560975609755,0.4782399645030628,241,173.0,189.0,76.50662166044674,20,0.6528301886792452,0.6905347800999774,0.33585843389453507,6,182.25,101
bior3.7,1.0,antireflect,7.854531696187805e-27,323.7131861687377,57414728.45532506,0.571583514099783,380.76674584122946,907,raw,5.6273006590162625e-14,-9.188553251604593e-10,8.558017511619623,148241.4498418483,0.9193080564697694,4.293740082320344e-06,1.0,708.0,,,,[],[],15,954.0,53.99999999999977,1308.0,"[9, 84, 164, 254, 330, 397, 444, 513, 572, 617, 680, 734, 786, 857, 902]","[1308.0, 1250.0, 1210.0, 1077.0, 1165.0, 449.0, 1284.0, 1197.0000000000002, 1066.9999999999998, 53.99999999999977, 1223.0, 675.9999999999999, 1014.0, 1115.0, 221.0]","[2, 35, 139, 174, 317, 317, 317, 489, 558, 616, 595, 730, 762, 762, 901]","[870, 317, 317, 282, 351, 398, 870, 595, 595, 631, 870, 737, 797, 870, 906]",462857712.0,1359.0,-1359.0,0.0,,,,DWT,mdp.39015056038071,0.0,,0.0,-73.0,115.0,0.0,-68.5,,0.0,414.03846153846155,55885.0,414.6025641025641,,0.0,414.03846153846155,,,49.99999999999977,0.0,-64.0,0.0,0.0,,0.0,3.2128672562419616e-14,3.38575269740476e-27,0.9872079452341364,0.9071929387059907,0.0021265767450855326,0.32854610506254495,0.0044286924182729975,2.8623401679866697e-09,4.4533174909138267e-10,4.4533174909138267e-10,4.362806667551004e-10,,0.0,0.9999999995546631,0.0,,,,,,0.0,0.5,1.0,0.0,0.0,0.0,0.6500000010341169,0.19619626057670342,101,1.1801744438583568,0.7588970321966155,320,0,0.19230769259568822,0.23148039196438788,97,0,0.3185003225951518,0.7031757875763515,329,130.25455846149876,0.8634648234156197,211.75,151.66002057147168,0.8207523278503674,115,bior,0.69036417494337,0.7052941707304118,0.30515682632051744,2,86.75,3.212867256241959e-14,0.00022537827079399664,3.385752697404757e-27,0.9872079452341361,0.9071929387059907,0.003868068417621702,0.676058114311658,0.0075124881670704125,0.9837415452947094,9.579881332655305e-11,9.579881332655305e-11,9.429390601667365e-11,,0.0,0.9999999999959025,0.0,,,,,1.0,,0.0,0.1985294117647059,0.2647058823529411,0.0,0.0,0.0,1.241445993083896,0.44952514522370757,225,1.3213511251750267,0.7754742306604046,1068,596.0910165402596,0.6875833246644342,646.5,371.69373549883994,0.6743734233385064,541,0.624472043587361,0.8820529008810402,0.29825369922453526,5,407.0,235,,,,,,,,1.7462474918111762e-19,0.05136027697297241,2.7570668493843315e-27,0.9947000578671825,0.3552530838336243,0.0004889451536245435,0.38788228388125046,0.9999999999999999,0.007630202253095941,0.0005941450834275906,2.426444462022559e-15,2.426444462022559e-15,2.3848110985991156e-15,,0.0,0.04233831474415694,0.0,,,,,0.8723404255319149,,0.0,0.48584905660377364,0.5475113122171946,0.0,0.0,0.48453608247422675,0.5705268244868171,0.17747742014882434,27,1.3483041267595641,0.7736321630373569,240,150.61374439273462,0.44422972548806416,133.5,48.539325842696634,0.4758048996444011,243,145.70212765957447,152.0,62.45900042832168,47,0.5498193496587716,0.5637435190571668,0.44600339952170986,3,183.0,102
db14,1.0,antisymmetric,2.242247887005968e-26,319.1575529003754,55397858.92403744,0.5685224839400428,433.34968772709135,907,raw,1.0560509957631845e-13,-9.45498013216203e-10,8.671229884045008,153541.6580939876,0.8801067988376123,4.293740082320343e-06,1.0,708.0000000000001,,,,[],[],15,954.0,54.00000000000034,1307.9999999999995,"[9, 84, 164, 254, 330, 397, 444, 513, 572, 617, 680, 734, 786, 857, 902]","[1307.9999999999995, 1249.9999999999998, 1210.0, 1077.0, 1165.0000000000002, 449.00000000000045, 1284.0, 1197.0, 1067.0, 54.00000000000034, 1222.9999999999998, 675.9999999999998, 1014.0, 1114.9999999999998, 221.00000000000023]","[2, 35, 139, 245, 317, 139, 139, 489, 558, 616, 527, 730, 730, 730, 901]","[870, 139, 317, 282, 351, 398, 870, 527, 665, 631, 870, 737, 797, 870, 906]",462857712.0,1358.9999999999995,-1358.9999999999995,0.0,,,,DWT,mdp.39015056038071,0.0,,0.0,-77.5,115.0,0.0,-68.5,,4.547473508864641e-13,414.03846153846155,55885.0,414.6025641025641,,0.0,414.03846153846155,,,50.00000000000034,0.0,-82.0,4.547473508864641e-13,4.547473508864641e-13,,1.1368683772161603e-13,9.372482897347523e-14,1.496228630595196e-26,0.9700455375755119,0.9347745565076983,0.0012713732950458507,0.2614094590396837,0.004877772922474398,2.864728636084122e-09,4.4533174909138267e-10,4.4533174909138267e-10,4.362806667551004e-10,,2.0096603296879822e-12,0.9999999995546631,1.2498511061392588e-13,,,,,,0.0,0.33333333333333337,0.0,9.007406957399896e-14,9.007406957399896e-14,0.0,0.53333333436927,0.16098154719643332,925,1.1565651802315704,0.7437153781691487,443,0,0.10256410285246029,0.12345620920988377,927,0,0.31033981419150114,0.6851592534736388,457,274.87936748083996,0.7118664911102306,688.0,605.5697382773683,0.4953462434586792,897,db,0.7310736328536972,1.0,0.18824845700241194,6,674.25,9.37248289734752e-14,0.00022537827079399664,1.4962286305951958e-26,0.9700455375755117,0.9347745565076983,0.0030143574711920572,0.6436681440167321,0.007960177638264756,0.9837415452947481,9.579881332655305e-11,9.579881332655305e-11,9.429390601667365e-11,,5.31090084661054e-13,0.9999999999959025,1.0070232967219702e-13,,,,,1.0,,0.0,0.13235294117647056,0.0,9.007406957399896e-14,9.007406957399896e-14,0.0,1.208357757790142,0.43754396049357513,1192,1.3116407216780173,0.7697753913906774,1172,14.142135623730951,0.9925879792328454,1182.0,1181.9153976311336,0.6865455619434667,458,0.5932924258364,0.7822905243672058,0.35000814460435825,3,344.25,231,,,,,,,,6.813297171776527e-19,0.05136027697297241,1.4333600457931532e-26,0.9823356049112608,0.3660539337555311,0.00038086253117927476,0.36828777764000104,0.9999999999999999,0.008103986652313407,0.0005941450834276139,2.426444462022559e-15,2.426444462022559e-15,2.3848110985991156e-15,,1.6713139204430802e-18,0.04233831474415694,1.883893003285496e-18,,,,,0.8723404255319149,,0.0,0.44339622641509435,0.38461538461538464,8.293630337320258e-19,8.293630337320258e-19,0.48453608247422675,0.5499919487077681,0.17108950529553,129,1.3385835498989291,0.7680546744326625,258,91.21677477306463,0.663406735154743,193.5,172.0,0.4746922974666704,244,148.9857142857143,151.0,69.14372614651623,70,0.5622102425876011,0.6240786312822121,0.4192292408040156,4,184.0,103
db17,1.0,antireflect,2.771505801085654e-26,318.2372312150643,55225583.6094452,0.5691489361702128,430.8087543948238,907,raw,1.1884160200089e-13,-8.599218004334916e-10,8.68528334338346,156982.71408916046,0.8844696265521068,4.293740082320345e-06,1.0,708.0,,,,[],[],15,954.0,54.0,1307.9999999999995,"[9, 84, 164, 254, 330, 397, 444, 513, 572, 617, 680, 734, 786, 857, 902]","[1307.9999999999995, 1250.0, 1209.9999999999998, 1077.0, 1165.0, 449.0, 1284.0, 1196.9999999999998, 1067.0, 54.0, 1223.0, 675.9999999999998, 1013.9999999999997, 1114.9999999999995, 221.0000000000001]","[2, 35, 139, 245, 317, 317, 317, 489, 558, 616, 665, 730, 762, 762, 901]","[665, 317, 317, 282, 351, 398, 665, 665, 665, 631, 906, 737, 797, 906, 906]",462857712.0,1358.9999999999995,-1358.9999999999995,0.0,,,,DWT,mdp.39015056038071,0.0,,0.0,-86.5,115.0,0.0,-68.5,,4.547473508864641e-13,414.03846153846155,55885.0,414.60256410256403,,0.0,414.03846153846155,,,50.0,0.0,-64.0,4.547473508864641e-13,4.547473508864641e-13,,0.0,1.1025195410291237e-13,1.9168075877266451e-26,0.9665784156607449,0.9381983620155326,0.0011983242251330847,0.2751492457887054,0.005169329610020357,2.8632955552256507e-09,4.4533174909138267e-10,4.4533174909138267e-10,4.362782782962707e-10,,0.0,0.9999999995546631,1.2498511061392588e-13,,,,,,0.0,0.0,1.0,9.007406957399896e-14,9.007406957399896e-14,0.0,0.6000000010345012,0.18110424055646826,418,1.161772822676303,0.7470640902316877,407,0,0.15384615413424657,0.18518431364095886,418,0,0.31232766818574953,0.6895479799483972,420,5.909032633745278,0.99380604545729,415.75,415.6861741272838,0.779004699877492,152,db,0.7310736328536972,1.0,0.18824845700241194,6,115.5,1.1025195410291234e-13,0.00022537827079399664,1.916807587726645e-26,0.9665784156607446,0.9381983620155326,0.002941435886733834,0.6502968827313216,0.008250831224981332,0.9837415452947248,9.579881332655305e-11,9.579881332655305e-11,9.429335090516133e-11,,0.0,0.9999999999959025,1.0070232967219702e-13,,,,,1.0,,0.0,0.0,0.2647058823529411,9.007406957399896e-14,9.007406957399896e-14,0.0,1.2215930519075164,0.44233643438558207,762,1.3140036474113723,0.7711621446769688,1145,270.82189719444773,0.8580598023089896,953.5,915.0393287886733,0.6791609284081636,508,0.5932924258364,0.7822905243672058,0.35000814460435825,3,381.75,234,,,,,,,,8.17285869277479e-19,0.05136027697297241,1.8539390029246023e-26,0.9798377580671416,0.367394682137942,0.00037163041799849516,0.3722978727692017,0.9999999999999999,0.008411581857971338,0.0005941450834275999,2.426444462022559e-15,2.426444462022559e-15,2.383943736861127e-15,,0.0,0.04233831474415694,1.883893003285496e-18,,,,,0.8723404255319149,,0.0,0.3584905660377359,0.5475113122171946,8.293630337320258e-19,8.293630337320258e-19,0.48453608247422675,0.5577909754302133,0.17351559830810015,115,1.3394776760610159,0.7685677076149209,256,99.7020561473032,0.6320957337737889,185.5,158.70619946091645,0.47379694437766934,245,148.9857142857143,151.0,69.14372614651623,70,0.5622102425876011,0.6240786312822121,0.4192292408040156,4,184.75,104
db37,1.0,antireflect,4.846201675729104e-26,315.81037430028795,56341347.314276844,0.5683673469387756,445.8632964594258,907,raw,1.6157796649102548e-13,-9.17533160560432e-10,8.740516955780523,198946.67455480213,0.9088256887853396,4.293740082320343e-06,1.0,708.0000000000001,,,,[],[],15,954.0000000000001,53.999999999999545,1307.9999999999995,"[9, 84, 164, 254, 330, 397, 444, 513, 572, 617, 680, 734, 786, 857, 902]","[1307.9999999999995, 1250.0, 1210.0, 1077.0000000000002, 1165.0, 449.00000000000034, 1284.0000000000005, 1197.0000000000002, 1067.0, 53.999999999999545, 1222.9999999999995, 675.9999999999997, 1014.0, 1115.0000000000002, 221.0000000000001]","[2, 35, 139, 174, 317, 139, 139, 489, 558, 616, 527, 730, 730, 730, 901]","[906, 139, 317, 279, 351, 398, 906, 527, 595, 631, 906, 737, 797, 906, 906]",462857712.0,1358.9999999999995,-1358.9999999999995,0.0,,,,DWT,mdp.39015056038071,0.0,,0.0,-77.5,115.0,0.0,-68.5,,4.547473508864641e-13,414.03846153846166,55885.0,414.60256410256414,,0.0,414.03846153846166,,,49.999999999999545,0.0,-82.0,4.547473508864641e-13,4.547473508864641e-13,,1.1368683772161603e-13,1.6361266986076606e-13,3.5654809549256197e-26,0.9574357333491996,0.951654774546305,0.0016714361220597504,0.25800688624699664,0.008724887359395894,2.861384780747689e-09,4.4533652405009227e-10,4.4533652405009227e-10,4.362830552139301e-10,,2.0096603296879822e-12,0.9999999995546631,1.2498511061392588e-13,,,,,,0.0,0.33333333333333337,0.0,9.007406957399896e-14,9.007406957399896e-14,0.0,0.5333333343682705,0.1609815471961316,936,1.1578172547863081,0.7445205097059517,429,0,0.10256410285220399,0.12345620920957527,936,0,0.31107053108916005,0.6867725090767102,440,289.5759831201476,0.6964612336266797,685.25,593.4293948126801,0.48908491450726016,924,db,0.7310736328536972,1.0,0.18824845700241194,6,694.5,1.6361266986076603e-13,0.00022537827079399664,3.565480954925619e-26,0.9574357333491994,0.951654774546305,0.0034137221073678213,0.6420265780730904,0.011795375585573337,0.9837415452946938,9.579992354957767e-11,9.579992354957767e-11,9.429446112818596e-11,,5.31090084661054e-13,0.9999999999959025,1.0070232967219702e-13,,,,,1.0,,0.0,0.13235294117647056,0.0,9.007406957399896e-14,9.007406957399896e-14,0.0,1.2083577577901266,0.4375439604935695,1197,1.3135920832811088,0.7709206060191488,1149,33.94112549695428,0.982211150158829,1173.0,1172.5089514066497,0.6837156379724962,482,0.5932924258364,0.7822905243672058,0.35000814460435825,3,362.25,232,,,,,,,,1.2562440989098478e-18,0.05136027697297241,3.502612370123577e-26,0.9732510210789177,0.37266415883350923,0.00043142341173292993,0.3672947025048519,0.9999999999999999,0.012162730652921956,0.0005941450834275812,2.4279623450640386e-15,2.4279623450640386e-15,2.385461619902607e-15,,1.6713139204430802e-18,0.04233831474415694,1.883893003285496e-18,,,,,0.8723404255319149,,0.0,0.44339622641509435,0.38461538461538464,8.293630337320258e-19,8.293630337320258e-19,0.48453608247422675,0.5499919487077681,0.17108950529553,128,1.337689460124973,0.7675416621292457,259,92.63098833543772,0.658188234924584,193.5,171.328165374677,0.4720830473515909,248,148.9857142857143,151.0,69.14372614651623,70,0.5622102425876011,0.6240786312822121,0.4192292408040156,4,187.0,105
db4,1.0,antireflect,7.954397616412789e-27,323.6583161719748,53576892.94762895,0.5700218818380745,446.287155514027,907,raw,5.598853489124014e-14,-9.368473774529292e-10,8.668004326183205,108496.58996295022,0.8146746471497291,4.293740082320344e-06,1.0,708.0,,,,[],[],15,954.0,53.999999999999886,1308.0000000000005,"[9, 84, 164, 254, 330, 397, 444, 513, 572, 617, 680, 734, 786, 857, 902]","[1308.0000000000005, 1250.0, 1210.0, 1077.0, 1165.0, 449.0, 1284.0, 1197.0, 1067.0000000000002, 53.999999999999886, 1223.0000000000002, 676.0, 1014.0, 1115.0000000000002, 221.0]","[2, 35, 139, 245, 317, 139, 139, 489, 558, 616, 595, 730, 762, 762, 901]","[595, 139, 317, 279, 351, 398, 595, 595, 595, 631, 870, 737, 797, 870, 906]",462857712.0,1359.0000000000005,-1359.0000000000005,0.0,,,,DWT,mdp.39015056038071,0.0,,0.0,-64.0,115.0,0.0,-68.5,,4.547473508864641e-13,414.03846153846155,55885.0,414.6025641025642,,0.0,414.03846153846155,,,49.999999999999886,0.0,-73.0,4.547473508864641e-13,4.547473508864641e-13,,0.0,3.1773480593040465e-14,3.4651119350540076e-27,0.9870012338512837,0.9339887227491116,0.0004992378835722079,0.2942952983403054,0.0010611564904864882,2.8628178616061604e-09,4.4533174909138267e-10,4.4533174909138267e-10,4.3628544367275983e-10,,0.0,0.9999999995546631,1.2498511061392588e-13,,,,,,0.0,0.8333333333333333,0.5,9.007406957399896e-14,9.007406957399896e-14,0.0,0.6333333343676935,0.19116558723665977,176,1.1775873025594386,0.757233401990217,332,0,0.17948717977523598,0.2160483658566123,174,0,0.31669223561639875,0.6991839455118543,350,96.12491872558333,0.89924012712203,258.0,231.23879224053297,0.8143999377748515,119,db,0.7310736328536972,1.0,0.18824845700241194,6,90.75,3.177348059304045e-14,0.00022537827079399664,3.4651119350540076e-27,0.9870012338512835,0.9339887227491116,0.002243569592739953,0.6595338659610206,0.004155383227902142,0.9837415452947171,9.579881332655305e-11,9.579881332655305e-11,9.429501623969827e-11,,0.0,0.9999999999959025,1.0070232967219702e-13,,,,,1.0,,0.0,0.3308823529411765,0.13235294117647056,9.007406957399896e-14,9.007406957399896e-14,0.0,1.2414459930839854,0.44952514522374,209,1.3258601996385129,0.7781205151974531,1025,576.9991334482228,0.6975895527000928,617.0,347.20421393841167,0.6871071453227927,454,0.5932924258364,0.7822905243672058,0.35000814460435825,3,341.25,230,,,,,,,,1.7170285362848235e-19,0.05136027697297241,2.8364260870335803e-27,0.9945511351041545,0.3657462044355513,0.0002832782427259767,0.37788584101667516,0.9999999999999999,0.004077418350292546,0.0005941450834275953,2.426444462022559e-15,2.426444462022559e-15,2.3863289816405953e-15,,0.0,0.04233831474415694,1.883893003285496e-18,,,,,0.8723404255319149,,0.0,0.5707547169811321,0.4660633484162896,8.293630337320258e-19,8.293630337320258e-19,0.48453608247422675,0.5708725941444625,0.17758498092278063,17,1.34793880924031,0.7734225505493382,241,158.39191898578665,0.41552797422218946,129.0,31.75968992248062,0.469756607037294,250,148.9857142857143,151.0,69.14372614651623,70,0.5622102425876011,0.6240786312822121,0.4192292408040156,4,188.5,106
sym16,1.0,reflect,4.204485245914275e-20,254.96170943301107,50985607.939690135,0.511727078891258,121.60026990211685,907,smoothed,1.5117029495153696e-10,1.4999221042928657e-08,8.578262881709636,65681.41769538826,0.9857762834032545,8.290076994049727e-05,1.0,700.2000000000492,,,,[],[],15,859.5066666660407,36.99999999978729,1147.9999999995152,"[7, 57, 111, 162, 256, 302, 399, 446, 515, 567, 615, 681, 775, 825, 898]","[1136.1999999989152, 752.1999999993192, 880.5999999990865, 824.199999999503, 811.9999999994413, 949.7999999995625, 1086.999999999563, 947.5999999990756, 882.5999999993436, 36.99999999978729, 986.1999999995969, 1147.9999999995152, 801.5999999990838, 709.399999999331, 938.1999999994899]","[1, 35, 35, 139, 175, 139, 317, 421, 456, 559, 595, 665, 730, 797, 870]","[665, 70, 317, 175, 281, 317, 665, 665, 595, 569, 665, 870, 870, 834, 906]",417881492.5599321,1147.999999999766,-1147.999999999766,0.0,,,,DWT,mdp.39015056038071,6.80685043334961e-05,,0.0,-63.5,74.0,0.0,-18.5,,2.339675120310858e-10,522.4864419469395,17102.20000000939,522.4864419469508,,0.0,522.4864419469395,,,35.5999999997873,0.0,-41.0,4.847606760449708e-10,2.339675120310858e-10,,4.9112713895738125e-11,2.229604216691608e-10,5.2762706369314554e-20,0.7341242841016768,0.36066907905730394,0.4630314005681829,0.07324890684775438,0.041267064967913755,2.7676419407604325e-08,2.4780100152824917e-09,2.4780100152824917e-09,2.428268380457904e-09,,2.2943091657357537e-10,0.9999999975219425,1.0734868343056203e-10,,,,,,1.7284734886778791e-10,0.0,0.14285714285714285,9.60297256913496e-11,9.60297256913496e-11,,0.5142857238581231,0.16508916407965865,861,0.8981311990669048,0.4488826574463228,479,0,0.09523809801178994,0.12185520050917223,861,0,0.23890581939511324,0.38121365705454113,468,223.7682953414089,0.7654420384261962,667.25,610.9374437668106,0.5330092791711694,791,sym,1.0,0.8754181682914945,0.03737454951255163,7,595.0,1.8871341844141065e-10,0.9999999999749731,3.3411269284931553e-20,0.728200952931803,0.9121252623391244,0.0011467170981792015,0.04269350919819548,0.0005389400770461359,9.748590823477343e-11,0.9798453157346136,0.9798453157346136,0.9797420659203341,,2.2943091657357532e-10,0.0008620203398377879,1.0734868343056203e-10,,,,,0.0,,1.2492298943655525e-10,0.3382352941176471,0.6029411764705882,4.634310879582247e-11,4.634310879582247e-11,1.0,1.176378466724245,0.4259643222808501,1772,1.2108495412369362,0.7106230876458661,1707,45.96194077712559,0.9759109325067475,1739.5,1738.8927852831273,0.532111650739747,1326,1.0,0.6189634712383475,0.11431095862849575,7,996.25,254,,,,,,,,1.5523128175262449e-15,0.9999999999763551,3.3411268656245704e-20,0.8081015435283355,0.3571845618096715,0.00014441309809645216,0.0047245781198944625,0.9999999999999999,0.00025017992772835996,5.887332061340874e-14,0.0014666844337687082,0.0014666844337687082,0.0014590664654782351,,7.220076136314106e-16,3.649648846406797e-05,2.0082299415023386e-15,,,,,0.0,,3.0025196015129244e-18,0.5754716981132075,0.755656108597285,4.2670728085512727e-16,4.2670728085512727e-16,1.0,0.3344487595152052,0.10403910992988677,270,1.3655153167828413,0.7835076280024874,190,56.568542494923804,0.7912599907936391,230.0,223.04347826086953,0.4712757518543841,249,223.73684210526315,219.0,31.357866468777544,19,0.8442899702085402,0.2830303698747233,0.32408790989160485,7,188.5,107
sym7,1.0,reflect,6.0488557905466986e-21,263.3821054541328,49465589.34005494,0.5119565217391304,124.35363748928717,907,smoothed,5.551107221814186e-11,,8.548323406297103,65450.33175915365,0.984544912919449,8.290076994035909e-05,1.0,700.2000000000173,,,,[],[],15,859.5066666667267,36.999999999835836,1148.0000000003338,"[7, 57, 111, 162, 256, 302, 399, 446, 515, 567, 615, 681, 775, 825, 898]","[1136.2000000000148, 752.2000000000637, 880.600000000003, 824.200000000006, 812.000000000009, 949.8000000002121, 1087.0000000003129, 947.599999999809, 882.5999999999419, 36.999999999835836, 986.2000000002835, 1148.0000000003338, 801.599999999867, 709.3999999999304, 938.2000000002785]","[1, 35, 35, 139, 175, 139, 139, 421, 456, 559, 527, 139, 730, 797, 870]","[139, 70, 139, 175, 281, 317, 527, 527, 527, 569, 665, 870, 870, 834, 906]",417881492.5600029,1148.0000000000205,-1148.0000000000205,0.0,,,,DWT,mdp.39015056038071,2.7418136596679688e-06,,0.0,-63.5,74.0,0.0,-18.5,,2.0463630789890885e-11,522.4864419476255,17102.1999999991,522.4864419476257,,0.0,522.4864419476255,,,35.599999999835845,0.0,-41.0,3.3378455555066466e-10,2.0463630789890885e-11,,1.7280399333685637e-11,8.183638115087066e-11,7.590793764275789e-21,0.7661904843938185,0.19640353885209855,0.2032332215093191,0.07741430730343864,0.03977248015900582,2.861792921377442e-08,2.7855315576339904e-09,2.7855315576339904e-09,2.7308463382041696e-09,,8.072569286848022e-11,0.9999999972143597,7.391550997939261e-11,,,,,,6.9623275375816494e-12,0.0,0.14285714285714285,8.399101372421247e-12,8.399101372421247e-12,,0.5142857240530071,0.16508916414221772,859,0.7064073858265286,0.35305980342177223,866,0,0.09523809809747856,0.12185520061880908,859,0,0.18328771889993103,0.2924658000878176,879,9.429563439877091,0.9901157615934202,865.75,865.673535596116,0.5413105013417835,767,sym,1.0,0.8754181682914945,0.03737454951255163,7,577.0,6.92731091218818e-11,0.9999999999732158,4.806767893373977e-21,0.759923056237432,0.9048311905842342,0.0005033157788797949,0.045121334681496594,0.0005194210816271225,1.0080214440932878e-10,0.9798453157408116,0.9798453157408116,0.9797420659264636,,8.072569286848021e-11,0.0008620203395726111,7.391550997939261e-11,,,,,0.0,,5.031924268022365e-12,0.3382352941176471,0.6029411764705882,4.0533331308299535e-12,4.0533331308299535e-12,1.0,1.1763784665627346,0.4259643222223675,1773,1.2268773892420122,0.7200295072296325,1637,96.16652224137046,0.9495982587833488,1705.0,1702.2879765395894,0.5279961943811922,1366,1.0,0.6189634712383475,0.11431095862849575,7,1026.25,256,,,,,,,,5.697677751478298e-16,0.9999999999746876,4.806767264688128e-21,0.8309553564540666,0.35432823282597753,6.295636831518949e-05,0.006193305665861404,0.9999999999999999,0.00022952320892446598,6.087626130729835e-14,0.0014666844337779858,0.0014666844337779858,0.0014590664654873635,,2.5403971590734814e-16,3.649648845284228e-05,1.382777464411554e-15,,,,,0.0,,1.2094212055130868e-19,0.5754716981132075,0.755656108597285,3.732133651794116e-17,3.732133651794116e-17,1.0,0.3344487595152078,0.10403910992988759,268,1.3783379400119071,0.7908650138827461,173,67.17514421272202,0.7521212390674464,220.5,210.26757369614515,0.4692340512680406,251,223.73684210526315,219.0,31.357866468777544,19,0.8442899702085402,0.2830303698747233,0.32408790989160485,7,190.0,108
db9,1.0,zero,1.4448331029351675e-26,321.06621230151296,53582219.66480855,0.5703463203463204,414.81572543278764,907,raw,8.191022281613747e-14,-8.972175224997241e-10,8.63827058482225,107314.33465920803,0.8333833583081669,4.293740082320344e-06,1.0,708.0,,,,[],[],15,954.0,54.0,1308.0,"[9, 84, 164, 254, 330, 397, 444, 513, 572, 617, 680, 734, 786, 857, 902]","[1308.0, 1250.0000000000002, 1210.0, 1077.0, 1165.0, 449.0000000000002, 1284.0, 1196.9999999999998, 1067.0, 54.0, 1222.9999999999998, 676.0, 1014.0, 1114.9999999999998, 221.0000000000001]","[2, 35, 139, 174, 317, 139, 139, 489, 558, 616, 527, 730, 730, 730, 901]","[139, 139, 317, 279, 351, 398, 527, 527, 595, 631, 906, 737, 797, 906, 906]",462857712.0,1359.0,-1359.0,0.0,,,,DWT,mdp.39015056038071,0.0,,0.0,-68.5,115.0,0.0,-68.5,,0.0,414.03846153846155,55885.0,414.6025641025641,,0.0,414.03846153846155,,,50.0,0.0,-82.0,0.0,0.0,,0.0,6.413935536564795e-14,8.625567111702895e-27,0.9772360177555737,0.9267447734133339,0.0005014965457408353,0.30141110973307533,0.0009609853684017988,2.8632955552256507e-09,4.4533174909138267e-10,4.4533174909138267e-10,4.362806667551004e-10,,0.0,0.9999999995546631,0.0,,,,,,0.0,0.6666666666666666,0.0,0.0,0.0,0.0,0.5666666677010701,0.17104289387620464,824,1.1709135836734916,0.7529419470425047,365,0,0.12820512849319765,0.1543202614252338,825,0,0.31526491183088423,0.6960327413974352,376,262.1558060899409,0.725203557557714,597.5,511.181197932345,0.5494466425105132,719,db,0.7310736328536972,1.0,0.18824845700241194,6,540.75,6.413935536564792e-14,0.00022537827079399664,8.625567111702895e-27,0.9772360177555734,0.9267447734133339,0.002245824313084631,0.6629668780831578,0.0040555223872388675,0.9837415452947248,9.579881332655305e-11,9.579881332655305e-11,9.429390601667365e-11,,0.0,0.9999999999959025,0.0,,,,,1.0,,0.0,0.2647058823529412,0.0,0.0,0.0,0.0,1.2215930519074303,0.44233643438555087,813,1.3177134831859694,0.7733393722044368,1104,205.76807332528534,0.8921550978379007,958.5,936.4131455399062,0.6948983036359315,425,0.5932924258364,0.7822905243672058,0.35000814460435825,3,319.5,226,,,,,,,,4.379524136073641e-19,0.05136027697297241,7.99688126368247e-27,0.9875159010378467,0.3629095031883609,0.0002835636977605557,0.37996266223142133,0.9999999999999999,0.00397173682002832,0.0005941450834275999,2.426444462022559e-15,2.426444462022559e-15,2.3848110985991156e-15,,0.0,0.04233831474415694,0.0,,,,,0.8723404255319149,,0.0,0.5283018867924528,0.38461538461538464,0.0,0.0,0.48453608247422675,0.558482514745504,0.1737307198560128,85,1.3430879167782401,0.770639197481131,253,118.79393923933998,0.5616459806666422,169.0,127.24852071005918,0.4690148722521403,253,148.9857142857143,151.0,69.14372614651623,70,0.5622102425876011,0.6240786312822121,0.4192292408040156,4,190.75,109
sym15,1.0,reflect,2.284079627055929e-21,267.61172536012356,50809418.80983858,0.5149572649572649,130.52299357179203,907,smoothed,3.534314015040479e-11,2.3676400173728198e-09,8.57625463579693,65663.46831546121,0.9846613062253251,8.290076994027672e-05,1.0,700.2000000000115,,,,[],[],15,859.5066666665177,36.99999999995396,1147.9999999998768,"[7, 57, 111, 162, 256, 302, 399, 446, 515, 567, 615, 681, 775, 825, 898]","[1136.1999999997438, 752.1999999998384, 880.5999999997853, 824.199999999883, 811.9999999998679, 949.7999999998891, 1086.9999999998909, 947.5999999997874, 882.5999999998468, 36.99999999995396, 986.1999999998968, 1147.9999999998768, 801.5999999997877, 709.3999999998442, 938.1999999998727]","[1, 35, 35, 139, 175, 139, 317, 421, 456, 559, 595, 317, 730, 797, 870]","[317, 70, 317, 175, 281, 317, 665, 665, 595, 569, 665, 870, 870, 834, 906]",417881492.55998456,1147.9999999999445,-1147.9999999999445,0.0,,,,DWT,mdp.39015056038071,1.5616416931152344e-05,,0.0,-63.5,74.0,0.0,-18.5,,5.547917680814862e-11,522.4864419474166,17102.20000000223,522.4864419474195,,0.0,522.4864419474166,,,35.599999999953965,0.0,-41.0,1.2323653209023178e-10,5.547917680814862e-11,,1.1482370609883219e-11,5.208305490620913e-11,2.866320056811945e-21,0.7822975461905466,0.3496506628970347,0.43291754859532827,0.1318910420725242,0.041150974516865974,3.090886291075505e-08,2.6918582737688836e-09,2.6918582737688836e-09,2.638396209291971e-09,,5.364009855076647e-11,0.9999999973079718,2.7290331341165394e-11,,,,,,3.965499597492157e-11,0.0,0.14285714285714285,2.2770897054119827e-11,2.2770897054119827e-11,,0.5142857246883938,0.16508916434618112,857,0.9298794401118904,0.46475031110797665,398,0,0.09523809827185145,0.12185520084191563,857,0,0.24827253918919762,0.3961598041025653,421,258.534813903273,0.728999146851915,633.25,553.8952535151915,0.5326075398829806,794,sym,1.0,0.8754181682914945,0.03737454951255163,7,597.25,4.409138617166161e-11,0.999999999972168,1.8150589542122508e-21,0.7758572758709059,0.9116359989306344,0.0010721388537946177,0.07687338501291963,0.000537423957673928,1.0887168944151426e-10,0.9798453157389238,0.9798453157389238,0.9797420659245908,,5.364009855076646e-11,0.0008620203396533244,2.7290331341165394e-11,,,,,0.0,,2.8660090396127384e-11,0.3382352941176471,0.6029411764705882,1.0989036488027874e-11,1.0989036488027874e-11,1.0,1.176378466541234,0.4259643222145822,1775,1.252832758007873,0.7352621878106907,1555,155.56349186104046,0.9184677715612996,1665.0,1657.7327327327328,0.5229131310636687,1388,1.0,0.6189634712383475,0.11431095862849575,7,1042.75,259,,,,,,,,3.6261679584908333e-16,0.9999999999736935,1.815058325526403e-21,0.8424349759204186,0.35699296823871524,0.0001349712463032185,0.02540189841004814,0.9999999999999999,0.000248575436776212,6.574992710250667e-14,0.0014666844337751597,0.0014666844337751597,0.0014590664654845745,,1.688027059647511e-16,3.6496488456258796e-05,5.105350038903693e-16,,,,,0.0,,6.888442518357148e-19,0.5754716981132075,0.755656108597285,1.0118229011530715e-16,1.0118229011530715e-16,1.0,0.334448759515208,0.10403910992988766,267,1.3942851448255984,0.8000152273320413,167,70.71067811865476,0.7390749884920489,217.0,205.47926267281105,0.4691684905559875,252,223.73684210526315,219.0,31.357866468777544,19,0.8442899702085402,0.2830303698747233,0.32408790989160485,7,190.75,110
sym2,1.0,reflect,2.890323378357249e-21,266.58937340433346,48963522.43015404,0.5142857142857142,131.95520321929516,907,smoothed,3.7960903163989605e-11,2.6953036025261694e-09,8.53560179470687,65301.701699618854,0.9831076786388014,8.290076994030889e-05,0.9999999999999998,700.2000000000089,,,,[],[],15,859.506666666536,36.99999999992076,1147.9999999999507,"[7, 57, 111, 162, 256, 302, 399, 446, 515, 567, 615, 681, 775, 825, 898]","[1136.199999999764, 752.1999999998516, 880.5999999997853, 824.1999999998889, 811.999999999879, 949.7999999999449, 1086.9999999999484, 947.5999999997568, 882.5999999998559, 36.99999999992076, 986.1999999999575, 1147.9999999999507, 801.599999999757, 709.3999999998298, 938.1999999999512]","[1, 35, 35, 139, 175, 139, 139, 421, 456, 559, 595, 595, 730, 797, 870]","[595, 70, 139, 175, 281, 317, 595, 595, 595, 569, 665, 906, 870, 834, 906]",417881492.55998605,1147.9999999999507,-1147.9999999999507,0.0,,,,DWT,mdp.39015056038071,1.4126300811767578e-05,,0.0,-63.5,74.0,0.0,-18.5,,4.934008757118136e-11,522.486441947435,17102.200000001958,522.4864419474362,,0.0,522.486441947435,,,35.59999999992077,0.0,-41.0,4.934008757118136e-11,4.934008757118136e-11,,8.86757334228605e-12,5.59449856541312e-11,3.627104374114256e-21,0.7784042681901775,0.12660530854391355,0.1174210682966756,0.11969943314145051,0.038811191762371175,3.026502013932257e-08,2.7001145697352315e-09,2.7001145697352315e-09,2.6458880334099933e-09,,4.1425026603562225e-11,0.9999999972998175,1.0926202769433376e-11,,,,,,3.587112231319242e-11,0.0,0.14285714285714285,2.025116664239345e-11,2.025116664239345e-11,,0.5142857244811757,0.16508916427966272,858,0.6524599993127133,0.3260970988127306,914,0,0.09523809821640183,0.12185520077096898,858,0,0.16870589571293335,0.2691980950243226,915,32.62284475639732,0.9658041459576548,886.25,885.3493782353693,0.5184104587230622,834,sym,1.0,0.8754181682914945,0.03737454951255163,7,627.25,4.735993064791355e-11,0.9999999999725773,2.296815311381012e-21,0.7720057759800534,0.9017318594670916,0.00029079830555128446,0.0697674418604648,0.0005068668366632841,1.0660378135796122e-10,0.9798453157390901,0.9798453157390901,0.9797420659247426,,4.142502660356222e-11,0.0008620203396462744,1.0926202769433376e-11,,,,,0.0,,2.592534894611523e-11,0.3382352941176471,0.6029411764705882,9.773036548778888e-12,9.773036548778888e-12,1.0,1.176378466524552,0.4259643222085417,1776,1.2423245179591857,0.7290951144173328,1603,122.32947314527271,0.9358860203641128,1689.5,1685.0713228765906,0.525201920035306,1379,1.0,0.6189634712383475,0.11431095862849575,7,1036.0,258,,,,,,,,3.895046378952995e-16,0.9999999999740818,2.2968146826951637e-21,0.839660208524292,0.3531145473019731,3.605095503819014e-05,0.0211031156021938,0.9999999999999997,0.00021623720201446872,6.438023459273147e-14,0.0014666844337754088,0.0014666844337754088,0.0014590664654848004,,1.3036248579456026e-16,3.649648845596119e-05,2.044023908564763e-16,,,,,0.0,,6.231148384926122e-19,0.5754716981132075,0.755656108597285,8.99858891599248e-17,8.99858891599248e-17,1.0,0.33444875951520747,0.10403910992988748,269,1.3888991653569884,0.7969248511597236,170,70.0035713374682,0.7416842386071284,219.5,208.3371298405467,0.46586056948806603,254,223.73684210526315,219.0,31.357866468777544,19,0.8442899702085402,0.2830303698747233,0.32408790989160485,7,192.25,111
sym13,1.0,reflect,1.5599684742785661e-22,279.2676795442663,50542661.34456934,0.5139484978540773,138.63404985048072,907,smoothed,9.420933958221086e-12,7.949190194957525e-11,8.567556523253499,65778.91626399726,0.9861746184362452,8.290076994022706e-05,0.9999999999999999,700.2000000000036,,,,[],[],15,859.506666666625,36.999999999991246,1147.9999999999593,"[7, 57, 111, 162, 256, 302, 399, 446, 515, 567, 615, 681, 775, 825, 898]","[1136.199999999929, 752.1999999999557, 880.599999999943, 824.199999999968, 811.9999999999635, 949.7999999999653, 1086.9999999999645, 947.5999999999462, 882.5999999999578, 36.999999999991246, 986.1999999999681, 1147.9999999999593, 801.5999999999474, 709.3999999999604, 938.1999999999573]","[1, 35, 35, 139, 175, 139, 317, 421, 456, 559, 525, 665, 730, 797, 870]","[665, 70, 317, 175, 281, 317, 665, 665, 525, 569, 665, 870, 870, 834, 906]",417881492.55999553,1147.999999999984,-1147.999999999984,0.0,,,,DWT,mdp.39015056038071,4.649162292480469e-06,,0.0,-59.0,74.0,0.0,-18.5,,1.5916157281026244e-11,522.4864419475239,17102.200000000623,522.486441947525,,0.0,522.4864419475239,,,35.599999999991255,0.0,-41.0,4.069988790433854e-11,1.5916157281026244e-11,,3.524291969370097e-12,1.3840569002002719e-11,1.9575726554706317e-22,0.8266852638854394,0.3019277106400187,0.3873239593169216,0.11357746642498961,0.04189765236716314,3.163208355811756e-08,2.7399690354493302e-09,2.7399690354493302e-09,2.685691534336359e-09,,1.6463792624492675e-11,0.9999999972599155,9.012858505661633e-12,,,,,,1.1805685824594971e-11,0.1,0.14285714285714285,6.532634400772081e-12,6.532634400772081e-12,,0.5242857248762401,0.1682992314260587,787,0.9028270408307472,0.4512296218231209,466,0,0.1035714316637599,0.13251753065088637,787,0,0.23877315037833904,0.3810019617463633,469,184.4674768082439,0.8066378649808764,627.25,586.5605800061895,0.5745715530355116,664,sym,1.0,0.8754181682914945,0.03737454951255163,7,499.75,1.1724864289416127e-11,0.9999999999715364,1.2396126377580137e-22,0.8197686764543904,0.9095169017804773,0.0009592243768741483,0.06619922147918988,0.0005471754294221779,1.1141904066036545e-10,0.9798453157398934,0.9798453157398934,0.9797420659255489,,1.6463792624492675e-11,0.000862020339611913,9.012858505661633e-12,,,,,0.0,,8.532393324037924e-12,0.40441176470588236,0.6029411764705882,3.1525924350899634e-12,3.1525924350899634e-12,1.0,1.1829961135607447,0.4283605591464,1677,1.2737978277097335,0.7475661628768477,1508,119.50104602052653,0.9373684245175438,1592.5,1588.0163265306123,0.5513624093237615,1203,1.0,0.6189634712383475,0.11431095862849575,7,904.0,250,,,,,,,,9.636191258888785e-17,0.9999999999730943,1.2396063508995335e-22,0.8740704234370313,0.35616313836965763,0.00012067590098916391,0.018944499342456178,0.9999999999999998,0.0002588953023995983,6.728848537119591e-14,0.0014666844337766112,0.0014666844337766112,0.0014590664654860013,,5.181073153373549e-17,3.64964884545049e-05,1.6860842379405187e-16,,,,,0.0,,2.0507576963047996e-19,0.6179245283018868,0.755656108597285,2.9027706180620904e-17,2.9027706180620904e-17,1.0,0.33869404253407653,0.10535971721012923,265,1.410265519047413,0.8091844727789727,144,85.55992052357225,0.6842807360753791,204.5,186.60146699266505,0.4648340949749589,255,223.73684210526315,219.0,31.357866468777544,19,0.8442899702085402,0.2830303698747233,0.32408790989160485,7,193.0,112
coif7,1.0,symmetric,4.9781527520354375e-26,315.69370694887016,56205916.225158386,0.5738396624472574,450.29840879903696,907,raw,1.6115493112464109e-13,-1.0020515528452816e-09,8.710080910629586,103049.05047784487,0.8185055842153471,4.293740082320342e-06,1.0,708.0,,,,[],[],15,954.0,53.999999999999886,1307.9999999999998,"[9, 84, 164, 254, 330, 397, 444, 513, 572, 617, 680, 734, 786, 857, 902]","[1307.9999999999998, 1249.9999999999998, 1209.9999999999998, 1077.0000000000002, 1165.0, 449.0000000000002, 1284.0000000000005, 1197.0000000000002, 1066.9999999999998, 53.999999999999886, 1223.0000000000007, 675.9999999999999, 1014.0, 1115.0000000000002, 221.00000000000057]","[2, 35, 139, 245, 317, 317, 317, 489, 558, 616, 595, 730, 762, 762, 901]","[595, 317, 317, 282, 351, 398, 595, 595, 595, 631, 870, 737, 797, 870, 906]",462857712.0,1358.9999999999998,-1358.9999999999998,0.0,,,,DWT,mdp.39015056038071,0.0,,0.0,-68.5,115.0,0.0,-68.5,,2.2737367544323206e-13,414.03846153846155,55885.0,414.6025641025642,,0.0,414.03846153846155,,,49.999999999999886,0.0,-64.0,2.2737367544323206e-13,2.2737367544323206e-13,,0.0,1.6308446700096578e-13,3.6703369137860374e-26,0.9569962131930471,0.9442397248766946,0.001614009931193158,0.3780295224334806,0.0005995927816188722,2.8628178616061604e-09,4.4533174909138267e-10,4.4533174909138267e-10,4.3628544367275983e-10,,0.0,0.9999999995546631,6.249255530696294e-14,,,,,,0.0,0.6666666666666666,1.0,4.503703478699948e-14,4.503703478699948e-14,0.0,0.6666666677009774,0.20122693391687899,80,1.198576241405861,0.7707300875712326,240,0,0.2051282054162499,0.24691241807229522,82,0,0.32592558045945674,0.7195690568331832,244,92.97132174314113,0.90254578433633,161.5,121.35867367569755,0.8666292862981441,53,coif,0.656488627860972,0.9557749009341453,0.253725490217076,4,40.75,1.6308446700096572e-13,0.00022537827079399664,3.670336913786037e-26,0.956996213193047,0.9442397248766946,0.003356396136860694,0.6999313119419096,0.0036952492189388573,0.9837415452947171,9.579881332655305e-11,9.579881332655305e-11,9.429501623969827e-11,,0.0,0.9999999999959025,5.035116483609851e-14,,,,,1.0,,0.0,0.2647058823529412,0.2647058823529411,4.503703478699948e-14,4.503703478699948e-14,0.0,1.2480636401427656,0.4519213821697771,153,1.3295140263682326,0.7802648721501294,979,584.0702012600883,0.6938835423165155,566.0,264.64134275618375,0.698618920005218,419,0.6279687653129211,0.9042874265066404,0.2891356363289631,6,315.75,224,,,,,,,,1.2518989736818272e-18,0.05136027697297241,3.607468328983994e-26,0.9729343739975744,0.3697604553879489,0.00042416575473258015,0.4023245175636269,0.9999999999999999,0.0035904640459739666,0.0005941450834275953,2.426444462022559e-15,2.426444462022559e-15,2.3863289816405953e-15,,0.0,0.04233831474415694,9.41946501642748e-19,,,,,0.8723404255319149,,0.0,0.5283018867924528,0.5475113122171946,4.146815168660129e-19,4.146815168660129e-19,0.48453608247422675,0.5747721075056851,0.17879802742906573,13,1.3466270107056173,0.772669864625056,243,162.63455967290594,0.3998724735317124,128.0,24.6796875,0.46377387514223994,256,173.0,189.0,76.50662166044674,20,0.6528301886792452,0.6905347800999774,0.33585843389453507,6,193.5,113
db26,1.0,periodization,6.327656588731661e-26,314.65196012138745,53615838.93148583,0.5748898678414097,436.0496149767046,907,raw,1.8500174102958e-13,-9.756404573124746e-10,8.632854045079345,102147.188956704,0.8225487655609501,4.293740082320343e-06,1.0,708.0000000000001,,,,[],[],15,954.0000000000002,54.00000000000034,1308.0000000000005,"[9, 84, 164, 254, 330, 397, 444, 513, 572, 617, 680, 734, 786, 857, 902]","[1308.0000000000005, 1250.0000000000002, 1210.0000000000005, 1077.0, 1165.0000000000005, 449.0000000000001, 1283.9999999999998, 1197.0, 1067.0, 54.00000000000034, 1223.0, 676.0, 1014.0000000000002, 1115.0000000000002, 221.0000000000009]","[2, 35, 139, 174, 317, 139, 139, 489, 558, 616, 595, 730, 730, 730, 901]","[139, 139, 317, 279, 351, 398, 595, 595, 595, 631, 906, 737, 797, 906, 906]",462857712.0,1359.0000000000005,-1359.0000000000005,0.0,,,,DWT,mdp.39015056038071,0.0,,0.0,-68.5,115.0,0.0,-68.5,,4.547473508864641e-13,414.0384615384618,55885.0,414.6025641025643,,0.0,414.0384615384618,,,50.00000000000034,0.0,-77.5,4.547473508864641e-13,4.547473508864641e-13,,1.1368683772161603e-13,1.9285964465705142e-13,4.742730733856779e-26,0.9530716471278853,0.9254251567866704,0.0005157519610784157,0.40106335879544863,0.0005231790998601772,2.864728636084122e-09,4.4534129900880186e-10,4.4534129900880186e-10,4.362902205904193e-10,,2.0096603296879822e-12,0.9999999995546631,1.2498511061392588e-13,,,,,,0.0,0.6666666666666666,0.25,9.007406957399896e-14,9.007406957399896e-14,0.0,0.591666667702612,0.17858890388684562,510,1.195448057808787,0.7687185465991841,260,0,0.1474358977242574,0.17746830058735627,505,0,0.32579987053873366,0.7192915181111174,245,147.36575812130397,0.8455285554284026,380.0,337.0189491739988,0.7236028521376814,234,db,0.7310736328536972,1.0,0.18824845700241194,6,177.0,1.928596446570514e-13,0.00022537827079399664,4.7427307338567785e-26,0.9530716471278851,0.9254251567866704,0.002260054849828875,0.7110439504149171,0.0036190722296050673,0.9837415452947481,9.580092275029983e-11,9.580092275029983e-11,9.429601544042043e-11,,5.31090084661054e-13,0.9999999999959025,1.0070232967219702e-13,,,,,1.0,,0.0,0.2647058823529412,0.06617647058823523,9.007406957399896e-14,9.007406957399896e-14,0.0,1.2282106989666144,0.4447326713317343,444,1.3216184166340856,0.7756310986076341,1063,437.6990975544729,0.7705979572565655,753.5,626.3729263437293,0.6878409073494568,450,0.5932924258364,0.7822905243672058,0.35000814460435825,3,338.25,229,,,,,,,,1.4968368289050484e-18,0.05136027697297241,4.679862149054736e-26,0.9701069669431385,0.36239274665719895,0.0002853653306628326,0.4090471746680765,0.9999999999999999,0.0035098468515838005,0.0005941450834276139,2.4296970685400154e-15,2.4296970685400154e-15,2.387846864682075e-15,,1.6713139204430802e-18,0.04233831474415694,1.883893003285496e-18,,,,,0.8723404255319149,,0.0,0.5283018867924528,0.4253393665158371,8.293630337320258e-19,8.293630337320258e-19,0.48453608247422675,0.5625549129355493,0.174997546749276,52,1.3438341278595698,0.7710673597046783,251,140.71424945612296,0.4807592270991773,151.5,86.15181518151815,0.4608593183466366,257,148.9857142857143,151.0,69.14372614651623,70,0.5622102425876011,0.6240786312822121,0.4192292408040156,4,193.75,114
sym14,1.0,antireflect,4.596341976349935e-21,266.0402657993339,55057474.270765856,0.576017130620985,446.3819015984672,907,raw,5.5361266471502834e-11,1.5554324484294822e-10,8.693219549254387,150943.52766429502,0.8799321922088517,4.293740082322237e-06,1.0,708.0000000000005,,,,[],[],15,953.9999999998206,53.999999999993975,1307.9999999998138,"[9, 84, 164, 254, 330, 397, 444, 513, 572, 617, 680, 734, 786, 857, 902]","[1307.9999999998138, 1249.999999999796, 1209.9999999997565, 1076.9999999998563, 1164.9999999997635, 448.9999999998539, 1283.9999999998274, 1196.9999999997706, 1066.999999999782, 53.999999999993975, 1222.9999999998322, 675.999999999734, 1013.9999999997898, 1114.9999999997956, 220.99999999994282]","[2, 35, 139, 174, 317, 317, 317, 489, 558, 616, 665, 730, 730, 730, 901]","[906, 317, 317, 282, 351, 398, 906, 665, 665, 631, 906, 737, 797, 906, 906]",462857711.99996865,1358.9999999999052,-1358.9999999999052,0.0,,,,DWT,mdp.39015056038071,3.135204315185547e-05,,0.0,-86.5,115.0,0.0,-68.5,,9.481482265982777e-11,414.03846153828215,55885.00000000269,414.60256410238776,,0.0,414.03846153828215,,,49.999999999993975,0.0,-68.5,1.8621904018800706e-10,9.481482265982777e-11,,4.547473508864641e-13,6.908606134744739e-11,3.6525163858529754e-21,0.7699371264619063,0.9401318379461057,0.0011270416338736097,0.42578727141887623,0.004657636341449226,2.8379777933926577e-09,4.377968642476466e-10,4.377968642476466e-10,4.288716674652956e-10,,8.038641318751929e-12,0.9999999995622012,5.118140279640264e-11,,,,,,5.753896010825574e-11,0.0,0.75,1.8780443506178783e-11,1.8780443506178783e-11,0.0,0.5750000010897254,0.17355823056296155,639,1.1047696787919892,0.7104089017171376,675,0,0.13461538491222802,0.16203627448971927,640,0,0.3059487019816139,0.6754646831153902,538,59.08750572949694,0.9380634111850137,623.0,618.4614355383773,0.6425117894499492,422,sym,0.9828504874313333,0.6934978863025414,0.10395529290730426,7,318.25,6.908606134744738e-11,0.00022537827081797746,3.6525163858529754e-21,0.7699371264619062,0.9401318379461058,0.0028702776980650906,0.7229719635476326,0.0077407229333116955,0.9837415452943132,9.417788771060032e-11,9.417788771060032e-11,9.269263134825678e-11,,2.124360338644216e-12,0.9999999999959719,4.123760400076468e-11,,,,,1.0,,5.753896010825574e-11,0.0,0.19852941176470584,1.8780443506178783e-11,1.8780443506178783e-11,0.0,1.2149754049050276,0.4399401974599279,969,1.225816021793578,0.719406612156672,1639,473.76154339498686,0.7516973043003213,1304.0,1217.937883435583,0.5341295745820265,1313,1.0,0.6189634712383475,0.11431095862849575,7,986.5,253,,,,,,,,5.682290746496019e-16,0.05136027697299528,3.652515757167127e-21,0.8381698745246466,0.3681518234885283,0.00036262155654259156,0.41626309754934304,0.9999999999999999,0.007871740369495431,0.0005941450834273513,0.0,0.0,0.0,,6.685255681772321e-18,0.04233831474415988,7.714541848454106e-16,,,,,0.8723404255319149,,1.3829468567388777e-18,0.3584905660377359,0.5067873303167421,1.7292219253312738e-16,1.7292219253312738e-16,0.48453608247422675,0.5537185772401678,0.17224877141483685,127,1.2722211654967577,0.7299771561855322,264,96.87362902255701,0.642532734234107,195.5,171.49872122762147,0.46056526010598337,258,223.73684210526315,219.0,31.357866468777544,19,0.8442899702085402,0.2830303698747233,0.32408790989160485,7,195.25,115
bior3.3,1.0,periodization,5.01009599544165e-27,325.66592866262175,57739178.862946875,0.5682819383259912,359.32419510055433,907,raw,4.1802882326480026e-14,-9.027858460797323e-10,8.484098245062892,131890.7506995454,0.9132013708012323,4.293740082320344e-06,0.9999999999999998,708.0,,,,[],[],15,954.0,54.0,1308.0,"[9, 84, 164, 254, 330, 397, 444, 513, 572, 617, 680, 734, 786, 857, 902]","[1308.0, 1250.0, 1210.0, 1077.0, 1165.0, 449.0000000000001, 1284.0, 1197.0, 1067.0, 54.0, 1222.9999999999998, 675.9999999999998, 1013.9999999999999, 1115.0, 220.9999999999999]","[2, 35, 139, 245, 317, 317, 317, 489, 558, 616, 527, 730, 730, 730, 901]","[317, 317, 317, 282, 351, 398, 870, 527, 665, 631, 870, 737, 797, 870, 906]",462857712.0,1359.0,-1359.0,0.0,,,,DWT,mdp.39015056038071,0.0,,0.0,-73.0,115.0,0.0,-68.5,,0.0,414.03846153846155,55885.0,414.6025641025641,,0.0,414.03846153846155,,,50.0,0.0,-73.0,0.0,0.0,,0.0,1.4061244576274095e-14,1.1253995334326806e-27,0.9945644993635263,0.8891841918290184,0.002264151885004382,0.2561336450489107,0.0030433166244243142,2.8632955552256507e-09,4.4533174909138267e-10,4.4533174909138267e-10,4.362806667551004e-10,,0.0,0.9999999995546631,0.0,,,,,,0.0,0.5,0.5,0.0,0.0,0.0,0.6000000010344035,0.18110424055643878,426,1.1461336561444653,0.7370075116226488,507,0,0.15384615413422328,0.18518431364093083,425,0,0.3064556863929854,0.6765839886151471,530,54.50993793184261,0.9428617002810874,472.0,467.3149383943262,0.7240513952139189,229,bior,0.69036417494337,0.7052941707304118,0.30515682632051744,2,172.25,1.4061244576274083e-14,0.00022537827079399664,1.1253995334326806e-27,0.9945644993635261,0.8891841918290184,0.004005403460996307,0.641122835775023,0.006131403593700888,0.9837415452947248,9.579881332655305e-11,9.579881332655305e-11,9.429390601667365e-11,,0.0,0.9999999999959025,0.0,,,,,1.0,,0.0,0.1985294117647059,0.13235294117647056,0.0,0.0,0.0,1.2282106989662538,0.44473267133160366,546,1.3023028064918551,0.7642951579712659,1290,526.0874452027914,0.7242728274618493,918.0,767.2549019607843,0.6215703759950756,818,0.624472043587361,0.8820529008810402,0.29825369922453526,5,614.75,239,,,,,,,,2.5997691050970957e-20,0.05136027697297241,4.967136854122534e-28,1.0,0.3482009314291434,0.0005063322232218587,0.3667479781967183,0.9999999999999997,0.006168617009385036,0.0005941450834275999,2.426444462022559e-15,2.426444462022559e-15,2.3848110985991156e-15,,0.0,0.04233831474415694,0.0,,,,,0.8723404255319149,,0.0,0.48584905660377364,0.4660633484162896,0.0,0.0,0.48453608247422675,0.5623820281067267,0.1749437663622979,69,1.3389283530005156,0.7682525161243167,257,132.93607486307093,0.5094609783650519,163.0,108.79141104294477,0.45399248180245216,260,145.70212765957447,152.0,62.45900042832168,47,0.5498193496587716,0.5637435190571668,0.44600339952170986,3,195.75,116
sym5,1.0,reflect,2.3807537797184667e-22,277.43169293629126,49112047.97238456,0.519650655021834,145.13803085030048,907,smoothed,1.074655383669694e-11,,8.540758311552768,65292.25327108262,0.986541830820394,8.290076994024593e-05,1.0,700.2000000000007,,,,[],[],15,859.5066666666654,36.99999999996771,1148.000000000046,"[7, 57, 111, 162, 256, 302, 399, 446, 515, 567, 615, 681, 775, 825, 898]","[1136.199999999987, 752.1999999999957, 880.5999999999806, 824.1999999999923, 811.9999999999932, 949.8000000000275, 1087.0000000000425, 947.5999999999515, 882.5999999999866, 36.99999999996771, 986.2000000000357, 1148.000000000046, 801.5999999999551, 709.3999999999725, 938.2000000000473]","[1, 35, 35, 139, 175, 139, 139, 421, 456, 559, 527, 139, 730, 797, 870]","[139, 70, 139, 175, 281, 317, 527, 527, 527, 569, 665, 870, 870, 834, 906]",417881492.56000006,1147.9999999999993,-1147.9999999999993,0.0,,,,DWT,mdp.39015056038071,1.1920928955078125e-07,,0.0,-63.5,74.0,0.0,-18.5,,6.821210263296962e-13,522.4864419475643,17102.20000000002,522.4864419475643,,0.0,522.4864419475643,,,35.59999999996772,0.0,-41.0,4.5929482439532876e-11,6.821210263296962e-13,,6.821210263296962e-13,1.5796228143863672e-11,2.987588366000403e-22,0.8196935363993045,0.1548969874593682,0.14280672175149473,0.2170967884923553,0.038750082557767865,3.117566077151988e-08,2.7581125006593288e-09,2.7581125006593288e-09,2.703325351648168e-09,,3.1865405079663242e-12,0.9999999972418672,1.0170935296891899e-11,,,,,,3.027098929383326e-13,0.0,0.14285714285714285,2.799700457473749e-13,2.799700457473749e-13,,0.5142857247321532,0.16508916436022816,856,0.7430067248698022,0.3713520179530033,819,0,0.09523809829237008,0.1218552008681688,856,0,0.19617773095372676,0.31303394131998175,813,23.22355126446714,0.9756566548590491,836.0,835.5157493386927,0.5496731911611807,750,sym,1.0,0.8754181682914945,0.03737454951255163,7,564.25,1.338003609408936e-11,0.9999999999717764,1.8918561254931e-22,0.8128519760165674,0.9029881274330803,0.0003536669637661965,0.12653600081243033,0.0005060687619888983,1.09811382209557e-10,0.979845315740259,0.979845315740259,0.9797420659259062,,3.1865405079663242e-12,0.0008620203395963699,1.0170935296891899e-11,,,,,0.0,,2.187793160009724e-13,0.3382352941176471,0.6029411764705882,1.3511110436099842e-13,1.3511110436099842e-13,1.0,1.1763784664903345,0.4259643221961516,1787,1.2901989106336782,0.7571916264800659,1396,276.4787514439401,0.8550949940021279,1591.5,1567.4847628023876,0.510487748573391,1480,1.0,0.6189634712383475,0.11431095862849575,7,1111.75,261,,,,,,,,1.0997775853094385e-16,0.9999999999733219,1.8918498386346203e-22,0.8690873686771888,0.3536064967539557,4.401033458919715e-05,0.05544559485001477,0.9999999999999999,0.0002153926091561062,6.631750482222047e-14,0.0014666844337771585,0.0014666844337771585,0.0014590664654865332,,1.002788352265848e-17,3.64964884538462e-05,1.902731933318351e-16,,,,,0.0,,5.258353067448204e-21,0.5754716981132075,0.755656108597285,1.2440445505980387e-18,1.2440445505980387e-18,1.0,0.33444875951520847,0.1040391099298878,266,1.4205420697262507,0.8150809689569822,133,94.04520189781083,0.652969734694425,199.5,177.33333333333334,0.45840368653540436,259,223.73684210526315,219.0,31.357866468777544,19,0.8442899702085402,0.2830303698747233,0.32408790989160485,7,196.0,117
rbio1.5,1.0,antireflect,1.431673607112433e-26,321.10594894646033,53497465.17891027,0.5665938864628821,443.82336816885345,907,raw,9.196416750749494e-14,-9.91826065721577e-10,8.662748866877735,109123.27070571092,0.8219644455686569,4.293740082320343e-06,1.0,708.0000000000001,,,,[],[],15,954.0000000000001,53.999999999999886,1308.0000000000002,"[9, 84, 164, 254, 330, 397, 444, 513, 572, 617, 680, 734, 786, 857, 902]","[1308.0000000000002, 1250.0000000000002, 1210.0000000000002, 1077.0000000000002, 1165.0000000000002, 449.0000000000001, 1284.0, 1197.0000000000005, 1067.0000000000002, 53.999999999999886, 1223.0000000000002, 676.0000000000002, 1014.0000000000001, 1115.0000000000002, 220.9999999999999]","[2, 35, 139, 174, 317, 317, 317, 489, 558, 616, 595, 730, 730, 730, 901]","[595, 317, 317, 282, 351, 398, 595, 595, 595, 631, 906, 737, 797, 906, 906]",462857712.0,1359.0000000000002,-1359.0000000000002,0.0,,,,DWT,mdp.39015056038071,0.0,,0.0,-77.5,115.0,0.0,-68.5,,2.2737367544323206e-13,414.03846153846166,55885.0,414.6025641025642,,0.0,414.03846153846166,,,49.999999999999886,0.0,-68.5,2.2737367544323206e-13,2.2737367544323206e-13,,1.1368683772161603e-13,7.66927321285343e-14,8.520994144870168e-27,0.9773857173603046,0.9327083497048011,0.00046555851027441965,0.21911011555470894,0.0011142544237268833,2.8628178616061604e-09,4.4533652405009227e-10,4.4533652405009227e-10,4.3628544367275983e-10,,2.0096603296879822e-12,0.9999999995546631,6.249255530696294e-14,,,,,,0.0,0.33333333333333337,0.75,4.503703478699948e-14,4.503703478699948e-14,0.0,0.6083333343686519,0.1836195772267735,293,1.1411081325151178,0.7337759088817208,536,0,0.16025641054461034,0.19290032669501236,291,0,0.30439771365055607,0.6720404559989875,586,156.6450339674599,0.835801851187149,426.5,383.820003149441,0.6943684308346647,303,rbio,0.6930940349654412,0.9909695410261004,0.21754331321636106,5,228.5,7.669273212853428e-14,0.00022537827079399664,8.520994144870168e-27,0.9773857173603043,0.9327083497048011,0.002209948996784829,0.623260891642125,0.004208316689567723,0.9837415452947171,9.579992354957767e-11,9.579992354957767e-11,9.429501623969827e-11,,5.31090084661054e-13,0.9999999999959025,5.035116483609851e-14,,,,,1.0,,0.0,0.13235294117647056,0.19852941176470584,4.503703478699948e-14,4.503703478699948e-14,0.0,1.2282106989665613,0.444732671331715,473,1.3049458765809139,0.7658463223096796,1256,553.6646096690667,0.709819386965898,864.5,687.2041642567957,0.6283635718896576,783,0.5849954903509885,0.970216713839344,0.2994381426025048,4,588.25,238,,,,,,,,5.412195448945542e-19,0.05136027697297241,7.892308296849743e-27,0.987623750341804,0.36524481553243926,0.00027902176435446266,0.35594228826844587,0.9999999999999999,0.004133437198059554,0.0005941450834275953,2.4279623450640386e-15,2.4279623450640386e-15,2.3863289816405953e-15,,1.6713139204430802e-18,0.04233831474415694,9.41946501642748e-19,,,,,0.8723404255319149,,0.0,0.44339622641509435,0.5067873303167421,4.146815168660129e-19,4.146815168660129e-19,0.48453608247422675,0.5622091432779039,0.1748899859753197,78,1.334774542131973,0.7658691356812101,261,129.4005409571382,0.5225072289404495,169.5,120.10619469026548,0.4485229871639517,261,88.75641025641026,82.5,49.40797188357043,78,0.3349298500241897,0.445947321412649,0.6317649085592725,2,196.25,118
sym12,1.0,reflect,1.3781454718540276e-22,281.2714385098122,55032980.41842965,0.5774193548387097,453.64637865128776,907,raw,9.539659029646519e-12,,8.688774088364676,103286.0219990523,0.82333793341988,4.293740082320019e-06,1.0,708.0000000000031,,,,[],[],15,954.0000000000309,54.00000000000057,1308.0000000000334,"[9, 84, 164, 254, 330, 397, 444, 513, 572, 617, 680, 734, 786, 857, 902]","[1308.0000000000334, 1250.00000000004, 1210.0000000000293, 1077.0000000000257, 1165.000000000041, 449.0000000000259, 1284.0000000000352, 1197.000000000036, 1067.0000000000393, 54.00000000000057, 1223.0000000000284, 676.0000000000452, 1014.0000000000322, 1115.0000000000398, 221.00000000000932]","[2, 35, 139, 245, 317, 139, 139, 489, 558, 616, 527, 730, 730, 730, 901]","[139, 139, 317, 279, 351, 398, 527, 527, 595, 631, 906, 737, 797, 906, 906]",462857712.0000056,1359.0000000000166,-1359.0000000000166,0.0,,,,DWT,mdp.39015056038071,5.602836608886719e-06,,0.0,-68.5,115.0,0.0,-68.5,,1.659827830735594e-11,414.03846153849247,55884.999999999534,414.60256410259484,,0.0,414.03846153849247,,,50.00000000000057,0.0,-82.0,3.342393029015511e-11,1.659827830735594e-11,,3.069544618483633e-12,1.1873104666557373e-11,1.0951255612157669e-22,0.8273174246065185,0.939048802580044,0.0011166556239221815,0.4565418298640143,0.0006196711040474778,2.8656840233231027e-09,4.466305378603917e-10,4.466305378603917e-10,4.375728229819812e-10,,5.426082890157551e-11,0.9999999995533593,9.186405630123553e-12,,,,,,1.0282627852045704e-11,0.6666666666666666,0.0,3.2877035394509623e-12,3.2877035394509623e-12,0.0,0.5666666677404818,0.17104289388810068,758,1.1493377842566808,0.7390678878049939,475,0,0.12820512849975763,0.15432026143313005,758,0,0.31780634054148854,0.7016436340979111,342,208.96151958355074,0.7809627677321271,583.25,521.6645872741176,0.5847948010568392,599,sym,0.9828504874313333,0.6934978863025414,0.10395529290730426,7,451.0,1.1873104666557373e-11,0.0002253782707898333,1.095125561215767e-22,0.8273174246065182,0.939048802580044,0.002859909813809186,0.7378094523630908,0.003715265348488985,0.9837415452947637,9.607814543954873e-11,9.607814543954873e-11,9.457323812966933e-11,,1.433943228584846e-11,0.9999999999958906,7.40162123090648e-12,,,,,1.0,,1.0282627852045704e-11,0.2647058823529412,0.0,3.2877035394509623e-12,3.2877035394509623e-12,0.0,1.221593051925014,0.4423364343919179,651,1.2640223115302682,0.7418291102916955,1534,624.3752877877215,0.672759283130125,1092.5,914.0814645308924,0.5500850922988152,1213,1.0,0.6189634712383475,0.11431095862849575,7,911.5,251,,,,,,,,9.758137399576335e-17,0.05136027697296841,1.0951192743572868e-22,0.8795088294730389,0.36772771122169,0.00036130894818929164,0.4252391251452841,0.9999999999999999,0.003611646875867792,0.0005941450834276233,2.8447296601674665e-15,2.8447296601674665e-15,2.800711051964555e-15,,4.5125475851963165e-17,0.04233831474415643,1.3846613574148396e-16,,,,,0.8723404255319149,,2.471425941700656e-19,0.5283018867924528,0.38461538461538464,3.027175073121894e-17,3.027175073121894e-17,0.48453608247422675,0.5584825147455043,0.17373071985601285,82,1.2986981996691145,0.7451691924709979,263,127.9863273947651,0.5277257291706086,172.5,125.02028985507245,0.4455971819284777,262,223.73684210526315,219.0,31.357866468777544,19,0.8442899702085402,0.2830303698747233,0.32408790989160485,7,198.25,119
db27,1.0,zero,3.507398218998105e-26,317.21453836350145,53533623.22346162,0.571875,390.2508784058859,907,raw,1.4025580892702253e-13,-8.729345024605183e-10,8.646112183887231,117497.04971788195,0.8458981777431771,4.293740082320343e-06,1.0,707.9999999999999,,,,[],[],15,954.0,53.999999999999886,1308.0,"[9, 84, 164, 254, 330, 397, 444, 513, 572, 617, 680, 734, 786, 857, 902]","[1308.0, 1250.0, 1209.9999999999995, 1077.0, 1164.9999999999998, 449.0, 1284.0, 1196.9999999999998, 1067.0, 53.999999999999886, 1223.0, 675.9999999999999, 1014.0000000000005, 1114.9999999999998, 220.9999999999999]","[2, 35, 139, 245, 317, 317, 317, 489, 558, 616, 595, 730, 730, 730, 901]","[595, 317, 317, 279, 351, 398, 595, 595, 595, 631, 870, 737, 797, 870, 906]",462857712.0,1359.0,-1359.0,0.0,,,,DWT,mdp.39015056038071,0.0,,0.0,-68.5,115.0,0.0,-68.5,,0.0,414.03846153846155,55885.0,414.6025641025641,,0.0,414.03846153846155,,,49.999999999999886,0.0,-68.5,0.0,0.0,,1.1368683772161603e-13,1.3698977849667837e-13,2.5015902758131193e-26,0.9627256315154591,0.9286552005489113,0.00048089043133688986,0.3349391768985911,0.0018237550172816835,2.8628178616061604e-09,4.4533174909138267e-10,4.4533174909138267e-10,4.362806667551004e-10,,2.0096603296879822e-12,0.9999999995546631,0.0,,,,,,0.0,0.6666666666666666,0.75,0.0,0.0,0.0,0.6416666677019316,0.1936809239069914,123,1.1769085971657895,0.7567969686208482,341,0,0.18589743618562315,0.22376437891069395,124,0,0.3183749506302453,0.7028989949833493,330,122.48129108833996,0.8716129024231237,229.5,180.5261742077796,0.8155234323436373,117,db,0.7310736328536972,1.0,0.18824845700241194,6,89.25,1.3698977849667834e-13,0.00022537827079399664,2.501590275813119e-26,0.9627256315154589,0.9286552005489114,0.0022252541605329627,0.6791424418604657,0.004915619595325064,0.9837415452947171,9.579881332655305e-11,9.579881332655305e-11,9.429390601667365e-11,,5.31090084661054e-13,0.9999999999959025,0.0,,,,,1.0,,0.0,0.2647058823529412,0.19852941176470584,0.0,0.0,0.0,1.241445993084164,0.4495251452238046,202,1.3167664443275928,0.7727835742669221,1114,644.8813844421313,0.6620118530177509,658.0,341.9878419452887,0.6585740606807833,642,0.5932924258364,0.7822905243672058,0.35000814460435825,3,482.25,236,,,,,,,,1.037237717625414e-18,0.05136027697297241,2.4387216910110764e-26,0.9770620654451471,0.363657618724094,0.00028095944858092214,0.3897481662780194,0.9999999999999999,0.004881967382106563,0.0005941450834275953,2.426444462022559e-15,2.426444462022559e-15,2.3848110985991156e-15,,1.6713139204430802e-18,0.04233831474415694,0.0,,,,,0.8723404255319149,,0.0,0.5283018867924528,0.5067873303167421,0.0,0.0,0.48453608247422675,0.5706997093156397,0.17753120053580246,19,1.3414666649093678,0.7697089529129723,255,166.87720036002523,0.38421697284123535,137.0,35.36496350364963,0.4393409587453409,263,148.9857142857143,151.0,69.14372614651623,70,0.5622102425876011,0.6240786312822121,0.4192292408040156,4,198.25,120
gaus2,,,,-37.572679163244715,6349365996.347473,0.6457908307216835,542.4990747755062,907,smoothed,64146.26658530255,,15.078089789216728,583198.45727267,0.014950669922653209,2.1687718734931576e-06,0.17642575649831904,41623.04488158179,,,,[],[],12,62729.74211292716,8567.620492569717,183218.62461868423,"[58, 113, 189, 258, 341, 400, 473, 549, 615, 683, 777, 858]","[182482.18610188094, 10414.857413488222, 21476.793683663393, 22942.420833630746, 8567.620492569717, 135409.2151618321, 19822.160749759714, 67750.65566280934, 41953.64027840856, 32846.24406884167, 25872.486289557317, 183218.62461868423]","[0, 106, 177, 247, 283, 283, 457, 526, 595, 526, 765, 526]","[526, 526, 283, 283, 352, 526, 526, 595, 629, 797, 797, 906]",6898992270770.381,206085.1088928446,-206085.1088928446,0.0,,,,CWT,mdp.39015056038071,6898574389277.821,,0.0,-65.0,77.0,0.0,-78.5,,204937.1088928446,62392.721888208056,722762.1053551259,62392.72188820806,,0.0,62392.721888208056,,,8566.220492569717,0.0,-83.0,182070.62461868423,204937.1088928446,,40922.84488158179,0.53458212025815,,0.4118871405953622,0.7530007050533957,0.24834289174482937,0.5043189368770765,0.14046054722364282,0.13760379912930293,0.24204493302435515,0.24204493302435515,0.2420449330243553,,0.5516421288448328,0.6756131101346435,0.47795425478014575,,,,,,0.26375590265193716,1.0,0.4117647058823529,0.17114513680674528,0.17114513680674528,0.45714285714285713,1.5946673744059954,0.5210248542657953,5,1.312354382685489,0.8183283612019948,6,0,0.36920727366090217,0.5920377720484191,6,0,0.42260743104014636,0.755789888555437,7,0.816496580927726,0.9183503419072274,6.0,5.915492957746478,0.6591751709536138,5,gaus,0.8392857142857143,1.0,0.11249999999999998,1,4.0,0.53458212025815,,,0.37401058725733927,0.7504282657869343,0.2442430744666692,0.4928571428571436,0.13838371147972856,0.13760379912930293,0.4479690623781497,0.4479690623781497,0.44796906237814954,,0.5516421288448329,0.7030158049548711,0.5797238736811471,,,,,0.02083333333333337,,0.2613522924996158,1.0,0.8979591836734693,0.17010119984497457,0.17010119984497457,0.8362068965517241,1.9257314568183737,0.6434215126975737,8,1.2808768705048263,0.7690983013524149,13,3.5355339059327378,0.8232233047033631,10.5,9.904761904761905,0.6491116523516816,9,1.0,1.0,0.0,3,7.5,7,127.0,False,0.365659675528567,,0.125,0.3656596755285671,,0.6588658617489508,0.02571588795776858,,0.014133400634344873,0.9772904163409379,0.337670196980785,0.8629039768454243,0.2051382859686789,0.046510909321136634,0.35197404331048,0.8382191154213361,0.8382191154213361,0.8382178811694295,,0.6016080813347852,0.769725561400456,0.7542684419256699,,,,,0.06382978723404255,,0.30429792793476906,0.5613207547169812,0.3755656108597285,0.37376196260256067,0.37376196260256067,0.38144329896907214,2.4199530491807417,0.752790238103525,5,1.3171561408075803,0.7557600203448889,262,181.7264427649427,0.32942272042456566,133.5,9.812734082397004,0.41840139711265184,264,234.5,267.5,94.37463339569288,8,0.8849056603773585,0.8518081873768393,0.12502358152279724,8,200.0,121
morl,,,,-30.13730271227633,2265907046.282258,0.6351214091623332,378.0816268823421,907,smoothed,25998.34093541199,,15.289497693969805,298065.82047872624,0.03402659830695986,4.1132124227729425e-07,0.5451512368097768,2560.355119842895,,,,[],[],13,74144.24572978173,24273.504522709456,136630.62468264007,"[16, 89, 163, 259, 339, 400, 475, 548, 615, 683, 751, 826, 890]","[131884.73348473522, 39275.81558979464, 74547.939174523, 61487.90344476892, 35605.99125106825, 87248.98118341289, 55692.98125060849, 96866.8277607635, 69890.38130733215, 117368.30451221939, 33101.20632258658, 24273.504522709456, 136630.62468264007]","[0, 71, 140, 211, 318, 318, 456, 318, 595, 318, 731, 799, 799]","[799, 105, 318, 318, 353, 526, 526, 664, 664, 799, 799, 835, 906]",1248789742434.6626,135184.32783551808,-135184.32783551808,0.0,,,,CWT,mdp.39015056038071,1248371860942.1025,,0.0,-78.0,76.0,0.0,-69.0,,134036.32783551808,73807.22550506263,933880.3944871625,73807.22550506263,,0.0,73807.22550506263,,,24272.104522709455,0.0,-78.0,135482.62468264007,134036.32783551808,,1860.155119842895,0.0,,1.0,0.9672700175769058,0.0,0.30016611295680945,0.0,1.0000000000000002,0.7411845803343058,0.7411845803343058,0.7411845803343052,,0.015908454393251573,0.9999999999999999,0.04227874070799281,,,,,,0.0,0.3953488372093023,1.0,0.0,0.0,1.0,1.8356946035724273,0.5997755573691975,2,1.6037014539711765,1.0,1,0,0.4769349838081047,0.7647832135751352,2,0,0.46677659007624506,0.8347818828592694,4,1.2583057392117916,0.8741694260788209,2.25,1.7777777777777777,0.8245847130394104,1,morl,0.14285714285714285,,,3,1.5,0.0,,,0.9080414278453213,0.9572270871770254,0.0,0.293344155844155,0.0,1.0,0.81150054269162,0.81150054269162,0.8115005426916195,,0.01590845439325158,1.0,0.2496327029557464,,,,,0.0,,0.0,0.7903225806451613,0.9999999999999999,0.0,0.0,1.0,2.042153325161473,0.6823201526793685,6,1.5407760626333675,0.9251539159019578,3,2.1213203435596424,0.8939339828220179,4.5,4.0,0.834466991411009,2,0.43956043956043955,0.699537033774561,0.482446582175324,1,1.75,2,127.0,False,0.9999999999999999,,0.0,1.0,,0.2670368864207291,0.004506748228196411,,0.03431377006311931,0.997459457962671,0.11884049822040789,0.794606039084186,0.5610087731772668,0.02102296835840463,1.0,0.9925924353388802,0.9925924353388802,0.9925923788254002,,0.027346201269047875,1.0000000000000002,0.5612671920107665,,,,,0.04255319148936171,,0.055066010619118796,0.43867924528301894,0.42081447963800905,0.2444539264874573,0.2444539264874573,0.47938144329896903,2.3118013851430392,0.7191468097941215,7,1.2108564427720316,0.6947672044887937,265,182.43354954612926,0.32681347030948615,136.0,13.639705882352942,0.41248422592965084,265,265.0,265.0,,1,1.0,,,10,201.25,122
gaus4,,,,-32.94385019824097,3729219348.8953395,0.649697453749924,470.0635242046342,907,raw,41659.93293141154,,15.126218055835965,461327.8586503346,0.014599538858229406,4.104939682552637e-07,0.22866638932855482,4411.365051595951,,,,[],[],12,72188.03041257372,11928.948795334167,172507.30673004562,"[21, 85, 155, 259, 339, 400, 475, 549, 614, 682, 750, 883]","[158271.7252221474, 11928.948795334167, 36000.47835613527, 45638.11417468446, 20981.954922060235, 126399.99468398484, 34010.91582166537, 94355.36590929341, 31772.01422144821, 121022.83437491911, 13366.711739166549, 172507.30673004562]","[0, 70, 141, 210, 282, 282, 457, 491, 593, 491, 731, 798]","[798, 798, 282, 282, 352, 798, 491, 630, 630, 798, 798, 906]",3327124297598.689,199591.82266694607,-199591.82266694607,0.0,,,,CWT,mdp.39015056038071,3326661439886.689,,0.0,-119.5,118.0,0.0,-106.0,,198232.82266694607,71648.06887411218,796061.3649508846,71648.06887411217,,0.0,71648.06887411218,,,11924.948795334167,0.0,-110.5,171199.30673004562,198232.82266694607,,3703.3650515959507,0.2223606709708055,,0.6729221500324815,0.7975072471714345,0.08274730539762191,0.44070278184480227,0.07370042014640825,0.5163665989027527,0.896001199554119,0.896001199554119,0.8960011995541184,,0.04449811068452325,0.8161789591069106,0.5026970415759907,,,,,,0.09385912581124264,0.3333333333333333,0.5789473684210527,0.14505743780595587,0.14505743780595587,0.6774193548387096,2.0746625941244288,0.6712117437895763,4,1.3369885615054524,0.8326473421446313,5,0,0.48510131192491335,0.6908692854107104,3,0,0.4059338369068326,0.7078588944830477,5,0.9574271077563381,0.9042572892243662,4.25,4.067796610169492,0.7396286446121831,2,gaus,1.0,1.0,0.0,1,1.75,0.21947214463713646,,,0.7064668441018735,0.7975072471714344,0.087524792110231,0.5659090909090913,0.07923613038467911,0.3220285995736734,0.7427352741678929,0.7427352741678929,0.742735274167892,,0.0411875541057071,0.8061272961380715,0.5026970415759906,,,,,0.875,,0.09613208432994343,0.12096774193548387,0.33673469387755095,0.15401665022333633,0.15401665022333633,0.3620689655172413,2.0179330114721483,0.6742277102898453,7,1.372508792498397,0.8241183873401777,11,2.8284271247461903,0.8585786437626906,9.0,8.555555555555555,0.7042893218813453,7,1.0,1.0,0.0,3,6.0,6,127.0,False,0.5515962827842738,,0.25,0.45553233621947786,,0.4279018728978847,0.0044967645791444966,,0.026696514170340913,0.9818820185980013,0.19725837734909615,0.8879113584504339,0.2555576370850634,0.03561692448058796,0.49055542577085565,0.963391325196024,0.963391325196024,0.9633910459026651,,0.054443290773650135,0.84967574441193,0.7092315666871992,,,,,0.9361702127659576,,0.14673990972270826,0.04716981132075482,0.12669683257918551,0.3615347618228748,0.3615347618228748,0.09793814432989678,2.45032027550892,0.7622367649879503,3,1.206942065725296,0.6925212067784048,266,185.969083452062,0.3137672197340886,134.5,5.933085501858737,0.4087286283172288,266,234.5,267.5,94.37463339569288,8,0.8849056603773585,0.8518081873768393,0.12502358152279724,8,201.5,123
gaus6,,,,-31.656236182058926,3119833222.4569426,0.642318276918803,452.45266652380406,907,raw,34725.5847386916,,15.227126849737322,401293.286647298,0.019583228335186706,3.223126636631314e-07,0.29486218215590226,2790.5691678407443,,,,[],[],13,70190.4937601755,8393.825330307474,163446.65421712314,"[20, 85, 163, 259, 339, 401, 475, 549, 614, 682, 750, 829, 884]","[147289.15930598576, 16043.62507643642, 51049.997122698755, 58889.50130061428, 28245.3815165028, 112000.86399865011, 43392.067719624996, 104885.05442654493, 33863.824760299096, 132856.14041374868, 12120.323693745067, 8393.825330307474, 163446.65421712314]","[0, 70, 141, 176, 318, 318, 457, 491, 593, 628, 731, 798, 798]","[798, 318, 176, 318, 352, 628, 491, 628, 628, 798, 798, 834, 906]",2474099581163.4253,181824.96943642374,-181824.96943642374,0.0,,,,CWT,mdp.39015056038071,2473636723451.4253,,0.0,-119.0,117.0,0.0,-110.0,,180465.96943642374,69650.53222171396,842281.4188822814,69650.53222171393,,0.0,69650.53222171396,,,8389.825330307474,0.0,-119.0,162138.65421712314,180465.96943642374,,2082.5691678407443,0.12333021565160665,,0.7759709747062993,0.896216042715621,0.0461073826363967,0.26291570801087677,0.04438860855466045,0.10419887784555693,0.8192554569458965,0.8192554569458965,0.8192554569458953,,0.020420125734431253,0.882008328571998,0.4384993640703575,,,,,,0.0543029166894725,0.3555555555555555,0.2807017543859649,0.10198078051448489,0.10198078051448489,0.5483870967741935,1.7303004046928878,0.5598008829015728,6,1.3738699282579783,0.8556162536860834,4,0,0.39077156796387075,0.556527198095498,6,0,0.4059915758380992,0.7079595784180615,4,1.1547005383792515,0.8845299461620748,5.0,4.800000000000001,0.6922649730810374,4,gaus,1.0,1.0,0.0,1,3.25,0.12229835349855775,,,0.7989471105616853,0.8962160427156209,0.051075707430128736,0.42792207792207876,0.05009949073412592,0.1279180967839269,0.6791173122659415,0.6791173122659415,0.6791173122659402,,0.01895879977167577,0.8711459431164652,0.43849936407035744,,,,,0.8541666666666667,,0.056675097773948524,0.12903225806451618,0.16326530612244894,0.11139140679283231,0.11139140679283231,0.293103448275862,1.8162942878984172,0.6068565864081346,10,1.4086774296308777,0.8458357264704092,9,0.7071067811865476,0.9646446609406726,9.5,9.473684210526315,0.7448223304703363,5,1.0,1.0,0.0,3,4.5,4,127.0,False,0.6930120985912328,,0.125,0.5694128867723562,,0.35667706838665025,0.00343258128010282,,0.03019122983128586,0.9915090647889775,0.16460180259030305,0.8406751931965267,0.3194456250394856,0.03025044786766317,0.3446959656447444,0.9363760142338935,0.9363760142338935,0.9363755288364622,,0.030615917464612553,0.9000896475126536,0.6716957793076319,,,,,0.9148936170212767,,0.10911276546927531,0.05188679245283023,0.04977375565610864,0.32913177747032485,0.32913177747032485,0.05670103092783496,2.321020530554886,0.7220146681899878,6,1.1803515729299079,0.6772640700173054,267,184.55486988968892,0.3189857199642475,136.5,11.736263736263735,0.4076478415319393,267,234.5,267.5,94.37463339569288,8,0.8849056603773585,0.8518081873768393,0.12502358152279724,8,202.25,124
gaus3,,,,-35.15232614842979,4188289733.386718,0.6563647570514546,548.4577368255974,907,smoothed,43905.6587714257,,15.100107317338786,548970.2988220133,0.018237887100856734,1.53559837178452e-06,-0.004246407285921421,0.0,,,,[],[],11,57194.57218936428,10157.049178181675,175017.5676297513,"[132, 202, 276, 383, 451, 519, 587, 658, 727, 785, 832]","[175017.5676297513, 28066.955446504617, 30947.798391842785, 23025.905537785227, 137188.6507347076, 16265.36560773674, 81908.31787779971, 10157.049178181675, 97822.421315496, 13467.350392930723, 15272.91197027071]","[2, 184, 252, 327, 327, 502, 533, 650, 672, 771, 808]","[808, 327, 327, 392, 808, 533, 808, 672, 808, 808, 841]",3913519745051.862,290945.62039236474,-290945.62039236474,0.0,,,,CWT,mdp.39015056038071,3913101863559.302,,0.0,-83.5,78.0,0.0,-83.5,,289797.62039236474,56857.55196464517,599145.494083007,56857.55196464517,,0.0,56857.55196464517,,,10155.649178181675,0.0,-83.5,173869.5676297513,289797.62039236474,,700.2,0.25094239788475253,,0.6033287900798413,0.775316240603926,0.11691315656499807,0.706644518272425,0.12359925094940688,0.2248779224703539,0.0,0.0,0.0,,0.0,0.4856740563884355,0.40126069153438776,,,,,,0.12439169457010968,0.13953488372093023,0.3529411764705882,0.3759872222321917,0.3759872222321917,0.17142857142857143,0.9070548071853155,0.29636155245281676,10,1.2374276520180234,0.7716072395855443,8,0,0.20729167436055437,0.33240000890482224,10,0,0.37594042645487075,0.672330754607149,8,1.1547005383792515,0.8845299461620748,9.0,8.88888888888889,0.4922649730810374,10,gaus,0.8392857142857143,1.0,0.11249999999999998,1,7.75,0.2509423978847525,,,0.5478475360042891,0.7719657710703005,0.11498307281683133,0.6905844155844163,0.12177172466272623,0.2248779224703539,0.2716838218068295,0.2716838218068295,0.271683821806829,,0.0,0.529121918528497,0.5216167107555248,,,,,0.041666666666666685,,0.12325811182588677,0.7016129032258065,0.8877551020408162,0.3736938064462387,0.3736938064462387,0.7499999999999999,1.3740581766940314,0.45909754833813676,19,1.1943435713419204,0.7171396666630546,16,2.1213203435596424,0.8939339828220179,17.5,17.37142857142857,0.5094669914110089,17,1.0,1.0,0.0,3,13.5,10,127.0,False,0.05483863082874496,,0.25,0.054838630828745016,,0.4509684077033856,0.018074668891768453,,0.02070248537525965,0.979390964291688,0.22185963701070102,0.9305906230563173,0.03076495300395532,0.043451262092875524,0.41755399045684205,0.7633597447390738,0.7633597447390738,0.7633579393732111,,0.010293663106012638,0.6348924027987286,0.7202937220050832,,,,,0.08510638297872342,,0.17260795081510064,0.3867924528301887,0.37104072398190047,0.5285295959358776,0.5285295959358776,0.3298969072164948,1.9685503858452709,0.6123695309629814,10,1.155682450116156,0.6631093800895185,269,183.1406563273158,0.32420422019440664,139.5,19.2831541218638,0.4047220362964653,268,234.5,267.5,94.37463339569288,8,0.8849056603773585,0.8518081873768393,0.12502358152279724,8,203.0,125
gaus8,,,,-30.85087944631695,2917529784.689341,0.6341838196355555,443.22256177462117,907,raw,32263.11595425799,,15.29461156988736,381059.928875694,0.023169359305718323,2.6970343870551684e-07,0.34118028779361337,1516.7129234302397,,,,[],[],13,74894.90910884994,13032.21072770755,156805.3565210164,"[17, 125, 195, 259, 339, 401, 475, 547, 614, 682, 750, 829, 885]","[141834.18568274676, 40184.332438979785, 50490.88619858197, 78859.09770846316, 33580.27513723391, 107617.71311831794, 50113.05791587305, 105713.9539853379, 36503.289699194174, 140581.9416037902, 18317.517677806478, 13032.21072770755, 156805.3565210164]","[0, 105, 105, 105, 318, 318, 457, 491, 593, 628, 731, 798, 798]","[798, 140, 211, 318, 352, 628, 491, 628, 628, 798, 798, 834, 906]",2056286018018.375,165661.37687933218,-165661.37687933218,0.0,,,,CWT,mdp.39015056038071,2055823160306.375,,0.0,-114.5,117.0,0.0,-105.5,,164302.37687933218,74354.94757038841,903438.8184150492,74354.94757038841,,0.0,74354.94757038841,,,13028.21072770755,0.0,-110.0,155497.3565210164,164302.37687933218,,808.7129234302397,0.08816333360957257,,0.8404243466161774,0.962229471140486,0.03394369525897399,0.06693160426688867,0.03450969460421728,0.6449983032531585,1.0,1.0,1.0,,0.0014961564740741465,0.9691123604137207,0.3914436043328012,,,,,,0.03492819007340993,0.5555555555555556,0.5964912280701754,0.06279131189295942,0.06279131189295942,0.6935483870967741,2.121020527162062,0.6862098399430389,3,1.3861517858723023,0.8632651269776025,3,0,0.5098683149325423,0.7261418382754901,2,0,0.4025949761678851,0.702036659289467,6,1.7320508075688772,0.8267949192431123,3.5,3.0,0.7383974596215561,3,gaus,1.0,1.0,0.0,1,2.5,0.08779079479317886,,,0.8567902254863462,0.9622294711404858,0.03897537430084716,0.2758116883116882,0.04027961470865633,0.3826077364893816,0.8289445087099252,0.8289445087099252,0.8289445087099248,,0.0014882238665425047,0.9571772440803201,0.3914436043328011,,,,,0.8541666666666667,,0.03734897060987394,0.20161290322580644,0.346938775510204,0.07261261695773133,0.07261261695773133,0.3706896551724137,2.054266212588359,0.6863672862107586,5,1.4270889866516956,0.8568908852885891,8,2.1213203435596424,0.8939339828220179,6.5,6.153846153846153,0.784466991411009,3,1.0,1.0,0.0,3,3.0,3,127.0,False,0.7919626876788791,,0.125,0.6490966724828249,,0.33138430071593633,0.002797686402618349,,0.03237705008617153,0.9979473393233516,0.15376050336672056,0.7886042674989839,0.36414892790303577,0.028441792660181032,0.5360760961026504,0.9999999999999999,0.9999999999999999,1.0,,0.011888915143201203,0.9667962597228749,0.6441827124628394,,,,,0.9148936170212767,,0.09068289947758724,0.09433962264150952,0.13122171945701355,0.2996528016543563,0.2996528016543563,0.1030927835051545,2.446591480615183,0.7610768249647974,4,1.1680127427571858,0.6701842757139124,268,186.67619023324855,0.3111579696190091,136.0,7.88235294117647,0.4046564755844123,269,234.5,267.5,94.37463339569288,8,0.8849056603773585,0.8518081873768393,0.12502358152279724,8,203.75,126
gaus7,,,,-32.29752890440912,2787295745.2273655,0.6419189332314718,440.815948644111,907,smoothed,33320.95876253608,,15.3161271530746,370560.658533583,0.024713662178416754,1.1416588541566143e-06,-0.029865041864582005,3768.2363131429274,,,,[],[],11,70493.14289779654,9926.911169549916,171813.91022397514,"[62, 132, 206, 277, 348, 417, 484, 588, 694, 758, 830]","[171813.91022397514, 27194.310858580233, 40504.33216116855, 84770.17022017139, 30779.516465467736, 102912.0716028355, 33889.484434803235, 120530.84568814616, 22117.783218249206, 130985.2358328148, 9926.911169549916]","[2, 110, 183, 147, 326, 326, 462, 531, 672, 672, 823]","[844, 147, 217, 326, 360, 531, 531, 844, 702, 844, 844]",2027381643368.6018,207806.68622987813,-207806.68622987813,0.0,,,,CWT,mdp.39015056038071,2026963761876.0417,,0.0,-83.5,78.0,0.0,-83.5,,206658.68622987813,70156.12267307744,745429.7718757619,70156.12267307744,,0.0,70156.12267307744,,,9925.511169549916,0.0,-83.5,170665.91022397514,206658.68622987813,,3068.0363131429276,0.10261476861915174,,0.829133492944995,0.9942599066348468,0.03170919037083362,0.43023255813953437,0.03571202770250826,0.21224124796421912,0.5815271619286124,0.5815271619286124,0.581527161928612,,0.03247420124618362,0.7104423704197885,0.3713011506850557,,,,,,0.03634528295197367,0.13953488372093023,0.3529411764705882,0.17530079749871655,0.17530079749871655,0.17142857142857143,1.4159819620808705,0.46264306104023256,8,1.2319330585992225,0.7681810448875257,9,0,0.31227799754789864,0.5007495331681973,8,0,0.34777533113270387,0.6219603808484547,9,0.5773502691896257,0.9422649730810374,8.5,8.470588235294118,0.5461324865405187,8,gaus,0.8392857142857143,1.0,0.11249999999999998,1,6.25,0.10261476861915171,,,0.7528875608081519,0.9832759748170561,0.03118571298984061,0.42045454545454547,0.035183993196832186,0.21224124796421912,0.6952194618981975,0.6952194618981975,0.695219461898197,,0.03247420124618364,0.7349028514199563,0.4989177534032562,,,,,0.041666666666666685,,0.03601406802857672,0.7016129032258065,0.8877551020408162,0.1742315121812878,0.1742315121812878,0.7499999999999999,1.7358203992124734,0.5799688129298362,15,1.176309375841459,0.7063110933278239,17,1.4142135623730951,0.9292893218813453,16.0,15.9375,0.5646446609406726,13,1.0,1.0,0.0,3,10.5,8,127.0,False,0.010765373517056975,,0.25,0.01076537351705703,,0.342249726727039,0.013320556243613613,,0.02845069602854533,1.0,0.14678135260940586,0.8381188830769033,0.006039468989599173,0.02750326529396838,0.408058478906647,0.9432137777596189,0.9432137777596189,0.9432133445285654,,0.045103302205807466,0.7944500142361676,0.7070218518998469,,,,,0.08510638297872342,,0.08940990383410422,0.3867924528301887,0.37104072398190047,0.37690175572122997,0.37690175572122997,0.3298969072164948,2.115868304378788,0.658196656000513,9,1.0457968257572143,0.600059025520161,270,184.55486988968892,0.3189857199642475,139.5,17.419354838709676,0.40211278618138574,270,234.5,267.5,94.37463339569288,8,0.8849056603773585,0.8518081873768393,0.12502358152279724,8,204.5,127
gaus5,,,,-31.8014123948789,3120057032.1248,0.6319006155101615,445.16999560020696,907,raw,35073.87912849712,,15.231385671348477,412435.0309297712,0.018052980482654222,2.3554650908088683e-07,-0.010263959398376769,5300.823072434195,,,,[],[],11,62893.3162952384,13043.102408101304,184564.78573298192,"[33, 97, 172, 277, 347, 449, 556, 621, 727, 783, 832]","[13421.920076041508, 184564.78573298192, 45529.696798001205, 49240.26524720153, 29819.81482491208, 116060.0703070628, 21074.64272152353, 95243.3363471413, 108672.63083654767, 13043.102408101304, 15156.213948107383]","[3, 3, 145, 250, 326, 326, 530, 530, 672, 773, 821]","[39, 843, 326, 326, 358, 843, 562, 672, 843, 843, 843]",2534595804241.8403,243133.4631549209,-243133.4631549209,0.0,,,,CWT,mdp.39015056038071,2534132946529.8403,,0.0,-124.5,119.0,0.0,-115.5,,241774.4631549209,62353.35475677686,621631.4792476224,62353.35475677685,,0.0,62353.35475677686,,,13039.102408101304,0.0,-124.5,183256.78573298192,241774.4631549209,,4592.823072434195,0.12830425950532817,,0.7643524011946088,0.9003820141381468,0.04612083940639482,0.01192219201003758,0.0498285525455124,0.6462681879207772,0.5388964944116068,0.5388964944116068,0.538896494411606,,0.057711592440080596,0.5677454672560286,0.5881282119533412,,,,,,0.057108229601350646,0.1111111111111111,0.08771929824561403,0.2506264038391033,0.2506264038391033,0.3709677419354838,1.6585612028304906,0.5365912318881975,8,1.0115196773227921,0.6299524132812734,10,0,0.3556930093840583,0.5065691829272687,9,0,0.27743904917141043,0.4837923838262741,10,0.9574271077563381,0.9042572892243662,9.25,9.171974522292993,0.4896286446121831,9,gaus,1.0,1.0,0.0,1,7.0,0.1271791419085244,,,0.7885201233772594,0.9003820141381467,0.05108909411089163,0.2331168831168822,0.05550692477430884,0.3832057890265483,0.4467152898055304,0.4467152898055304,0.44671528980552944,,0.05338621775842971,0.5607533903037041,0.5881282119533411,,,,,0.8958333333333333,,0.0594733738551723,0.04032258064516131,0.05102040816326525,0.2584793258070448,0.2584793258070448,0.19827586206896547,1.658390629419052,0.5540981343199437,16,1.1202454054157616,0.6726476667999628,19,2.1213203435596424,0.8939339828220179,17.5,17.37142857142857,0.5094669914110089,16,1.0,1.0,0.0,3,12.75,9,127.0,False,0.04116308539984431,,0.375,0.0444862788396328,,0.3602545062563411,0.002385476192968916,,0.02979720679475284,0.9919153710263684,0.16461379639330093,0.7739888422498336,0.02495719271504404,0.031246405831951752,0.5365254876551141,0.8376867020130395,0.8376867020130395,0.8376854636992666,,0.06751924223530345,0.6594186891353004,0.7591823806647053,,,,,0.9574468085106385,,0.1117812697560818,0.0,0.0,0.44094550930360504,0.44094550930360504,0.0,2.273183024635531,0.7071335499453584,8,1.037011878840211,0.5950183842058726,271,185.969083452062,0.3137672197340886,139.5,15.54121863799283,0.3995035360663063,271,234.5,267.5,94.37463339569288,8,0.8849056603773585,0.8518081873768393,0.12502358152279724,8,205.25,128
