wavelet,wavelet_level,wavelet_mode,wavelet_mse,wavelet_psnr,wavelet_energy_entropy,wavelet_sparsity,wavelet_adaptive_threshold,signal_length,signal_type,emd_value,kl_divergence,wavelet_entropy,avg_variance_across_levels,variance_ratio_across_levels,smoothness,correlation,dynamic_cutoff,dominant_frequency,amplitude_max,num_fft_peaks,positive_frequencies,positive_amplitudes,relative_num_peaks,avg_prominence,prominence_min,prominence_max,relative_peaks,relative_prominences,relative_left_bases,relative_right_bases,max_autocorrelation,upper_envelope,lower_envelope,spectral_magnitude,spectral_centroid,spectral_bandwidth,frequency_max,wavelet_type,htid,max_autocorrelation_diff,frequency_max_diff,relative_right_bases_array_alignment_score,relative_right_bases_global_alignment_score,relative_num_peaks_diff,relative_peaks_array_alignment_score,relative_peaks_global_alignment_score,spectral_centroid_diff,lower_envelope_diff,relative_prominences_avg_diff,relative_prominences_total_diff,relative_prominences_wasserstein,spectral_bandwidth_diff,spectral_magnitude_diff,avg_prominence_diff,num_fft_peaks_diff,amplitude_max_diff,prominence_min_diff,relative_left_bases_array_alignment_score,relative_left_bases_global_alignment_score,prominence_max_diff,upper_envelope_diff,dominant_frequency_diff,dynamic_cutoff_diff,emd_value_normalized,wavelet_mse_normalized,wavelet_psnr_normalized,wavelet_entropy_normalized,wavelet_energy_entropy_normalized,wavelet_sparsity_normalized,avg_variance_across_levels_normalized,prominence_min_diff_normalized,avg_prominence_diff_normalized,relative_prominences_avg_diff_normalized,relative_prominences_wasserstein_normalized,spectral_centroid_diff_normalized,dynamic_cutoff_diff_normalized,relative_prominences_total_diff_normalized,prominence_max_diff_normalized,amplitude_max_diff_normalized,frequency_max_diff_normalized,spectral_bandwidth_diff_normalized,num_fft_peaks_diff_normalized,dominant_frequency_diff_normalized,max_autocorrelation_diff_normalized,relative_right_bases_global_alignment_score_normalized,relative_left_bases_global_alignment_score_normalized,upper_envelope_diff_normalized,lower_envelope_diff_normalized,reconstruction_weighted_score,reconstruction_normalized_weighted_score,reconstruction_normalized_weighted_rank,signal_weighted_score,signal_normalized_weighted_score,signal_normalized_weighted_rank,reconstruction_missing_metrics_count,reconstruction_dynamically_weighted_score,reconstruction_normalized_dynamically_weighted_score,reconstruction_normalized_dynamically_weighted_rank,signal_missing_metrics_count,signal_dynamically_weighted_score,signal_normalized_dynamically_weighted_score,signal_normalized_dynamically_weighted_rank,rank_variability,normalized_rank_stability,average_rank,harmonic_average_rank,stability_score_weighted,stability_rank,wavelet_family,family_mean_stability_rank,family_median_stability_rank,family_rank_std_dev,family_wavelet_count,normalized_family_mean_rank,normalized_family_std_dev,final_family_stability_score,final_family_stability_rank,family_informed_rank,top_wavelet_rank
dmey,1,antireflect,0.30249588244467207,63.30008670094813,7357945.765812438,0.5387323943661971,107.1621710870367,223,smoothed,0.4449364877677994,,6.770766434691052,135371.4251629753,0.9957595538151838,0.00012765359663014246,0.9999975531280166,370.38012400981586,,,,[],[],14,357.08289006487314,31.965009090983983,805.1667354051094,"[6, 17, 39, 52, 72, 84, 96, 110, 130, 145, 162, 181, 195, 209]","[31.965009090983983, 572.1912417157793, 408.26074874917936, 140.75014704712856, 561.3252422024094, 502.12495614811183, 805.1667354051094, 136.96141415604313, 266.4059147402582, 215.24717528316668, 565.2176300742813, 318.5092144705342, 104.88880912929494, 370.1462226959442]","[1, 1, 22, 50, 1, 78, 1, 108, 124, 140, 124, 176, 183, 176]","[8, 57, 57, 57, 78, 88, 222, 124, 140, 148, 222, 183, 203, 222]",37432457.116363764,805.1667354051094,-805.1667354051094,0.0,,,,DWT,mdp.39015067403884,48186.956363774836,,0.0,30.5,12.0,0.0,44,,0.9667354051093753,115.80596698795006,1274.0395390917756,115.80596698795011,,0.0,115.80596698795006,,,30.36500909098399,0.0,26.0,0.9667354051093753,0.9667354051093753,,0.019875990184118564,0.9937484019734629,1.0,0.0,0.6803770761741513,0.6831221227067337,0.19817435160070912,0.8201293320697386,1.0,0.9228476699095272,0.9228476699095272,0.922847669867084,,1.0,0.07715233009047351,0.4242075098413407,,,,,,1.0,0.0,0.0,1.0,1.0,2.781242822871749,0.9552854662227741,4,1.9871955935006604,0.9724452033746465,3,0,0.689158570801496,0.9172638634184087,3,0,0.6250787549321138,1.0,1,1.2583057392117916,0.9986810212377235,2.75,2.0869565217391304,0.9978992108285054,1,dmey,9.555555555555555,5.0,7.9232428826698085,9,0.016991982363279014,0.027221235964431385,0.9799392415563752,1,1.0,1
dmey,1,antisymmetric,0.29157063401790556,63.45984356317892,7300796.8334871465,0.5422535211267606,108.31264632098768,223,smoothed,0.43965573224282917,,6.759119927688106,132342.41879892704,0.995584249947552,0.00012769261982399177,0.9999976586909405,370.38122604514507,,,,[],[],14,357.05117546033205,31.813732395753846,805.1508907211256,"[6, 17, 39, 52, 72, 84, 96, 110, 130, 145, 162, 181, 195, 209]","[31.813732395753846, 572.1972499823098, 408.2624099150003, 140.7501470471289, 561.3252422024094, 502.12495614811183, 805.1508907211256, 136.96141415604313, 266.4059147402582, 215.24717528316668, 565.2176300742813, 318.5092144414476, 104.90526876045806, 369.84521057715347]","[1, 1, 22, 50, 1, 78, 1, 108, 124, 140, 124, 176, 183, 176]","[8, 57, 57, 57, 78, 88, 222, 124, 140, 148, 222, 183, 203, 222]",37431201.74897198,805.1667354051094,-805.1667354051094,0.0,,,,DWT,mdp.39015067403884,46931.58897198737,,0.0,30.5,12.0,0.0,44,,0.9667354051093753,115.77425238340896,1274.4835435553514,115.77425238340895,,0.0,115.77425238340896,,,30.21373239575385,0.0,26.0,0.9508907211255746,0.9667354051093753,,0.018773954854907515,0.9819540391634373,0.9638829846592547,0.0006086067417965246,0.6626881128358951,0.6594238292018115,0.24002483578968026,0.7969569523430874,0.5855536254808423,0.8891525258143593,0.8891525258143593,0.8891525257532975,,0.9445544438791481,0.11084747418567609,0.41725479671894233,,,,,,0.9739479833025685,0.0,0.0,1.0,1.0,2.5992057099020256,0.8927603940129432,9,1.949129852861622,0.9538175217219678,5,0,0.6416346584124328,0.8540099631846028,9,0,0.6150770515335663,0.9839992907779536,2,3.4034296427770228,0.9964324636868165,6.25,4.337349397590361,0.9949405505016892,2,dmey,9.555555555555555,5.0,7.9232428826698085,9,0.016991982363279014,0.027221235964431385,0.9799392415563752,1,1.75,2
dmey,1,reflect,0.2856069732683627,63.549593307356716,7355342.506417855,0.5422535211267606,107.76339651926037,223,smoothed,0.4399322019891444,,6.771206045799057,30062.10512641447,0.9804530054225763,0.0001276884331819986,0.999998554527569,370.38233024763065,,,,[],[],14,357.1237929161686,31.80764044532191,806.3745636497288,"[6, 17, 39, 52, 72, 84, 96, 110, 130, 145, 162, 181, 195, 209]","[31.80764044532191, 572.1864982967699, 408.2687935067236, 140.75014704713038, 561.3252422024094, 502.12495614811183, 806.3745636497288, 136.96141415604313, 266.4059147402582, 215.24717528316668, 565.2176300742813, 318.5092144172771, 104.90627318541203, 369.6476376737277]","[1, 1, 22, 50, 1, 78, 1, 108, 124, 140, 124, 176, 183, 176]","[8, 57, 57, 57, 78, 88, 222, 124, 140, 148, 222, 183, 203, 222]",37418060.77907636,805.1667354051094,-805.1667354051094,0.0,,,,DWT,mdp.39015067403884,33790.61907637119,,0.0,30.5,12.0,0.0,44,,0.9667354051093753,115.84686983924553,1273.466899173639,115.84686983924564,,0.0,115.84686983924553,,,30.207640445321914,0.0,26.0,2.174563649728725,0.9667354051093753,,0.017669752369329217,0.9825715236272831,0.9441681353153677,0.0009505156815338145,0.6810447669049968,0.682042613384475,0.24002483578968026,0.01449630943679349,0.5688637661047776,0.9663048559046509,0.9663048559046509,0.9663048558861833,,0.8889998538763525,0.03369514409534069,0.9542075587254956,,,,,,0.7012399542581139,0.0,0.0,1.0,1.0,2.7294047556177303,0.9374804217161923,8,1.645194795921651,0.8050852131231883,19,0,0.6704934037296305,0.8924206938126419,8,0,0.5064712428771615,0.8102518904712517,14,5.315072906367325,0.9944286447522355,12.25,10.693467336683417,0.9907939869463483,3,dmey,9.555555555555555,5.0,7.9232428826698085,9,0.016991982363279014,0.027221235964431385,0.9799392415563752,1,2.5,3
dmey,1,periodic,0.2901967186419614,63.480356401272644,7300083.583936019,0.5387323943661971,107.1621710870367,223,smoothed,0.44554332697394844,,6.758244657180725,30991.27713838953,0.9813985562697242,0.00012765461194587217,0.9999985384004995,370.38122862330385,,,,[],[],14,357.14553624565553,31.73801791915264,806.4505849742366,"[6, 17, 39, 52, 72, 84, 96, 110, 130, 145, 162, 181, 195, 209]","[31.73801791915264, 572.1791371512452, 408.26802202969344, 140.75014704713018, 561.3252422024094, 502.12495614811183, 806.4505849742366, 136.96141415604313, 266.4059147402582, 215.24717528316668, 565.2176300742813, 318.5092144472198, 104.88932672249877, 369.97072454373017]","[1, 1, 22, 50, 1, 78, 1, 108, 124, 140, 124, 176, 183, 176]","[8, 57, 57, 57, 78, 88, 220, 124, 140, 148, 220, 183, 203, 220]",37419297.92353261,805.1667354051094,-805.1667354051094,0.0,,,,DWT,mdp.39015067403884,35027.76353262365,,0.0,44.0,12.0,0.0,44,,0.9667354051093753,115.86861316873245,1273.162492560822,115.86861316873244,,0.0,115.86861316873245,,,30.138017919152645,0.0,26.0,2.250584974236517,0.9667354051093753,,0.018771376696122388,0.995103753822422,0.9593410538242276,0.0006867520645255087,0.6613587333135887,0.6591280616954535,0.19817435160070912,0.02160462289179934,0.37812187085236104,0.9894060306086047,0.9894060306086047,0.9894060306027143,,0.944424731660474,0.010593969391395341,0.9875660315753053,,,,,,0.7269137994147359,1.0,0.0,1.0,1.0,2.8386512548226412,0.9750037879134708,2,1.6227027969815029,0.7940786284894511,20,0,0.7513198745595162,1.0,1,0,0.4993424756018181,0.7988472998991124,16,9.673847907287634,0.9898596982103903,9.75,2.4806201550387597,0.9898197862121134,4,dmey,9.555555555555555,5.0,7.9232428826698085,9,0.016991982363279014,0.027221235964431385,0.9799392415563752,1,3.25,4
dmey,1,symmetric,0.28961959313935814,63.48900198432464,7300143.166065128,0.5387323943661971,107.1621710870367,223,smoothed,0.44170257209595487,,6.758096866596052,30988.000454752164,0.9814958603054176,0.00012764941304791274,0.9999985509052153,370.3812282123014,,,,[],[],14,357.1555075207099,31.958917140552273,806.3904083337125,"[6, 17, 39, 52, 72, 84, 96, 110, 130, 145, 162, 181, 195, 209]","[31.958917140552273, 572.1804900302395, 408.26713234090306, 140.75014704713013, 561.3252422024094, 502.12495614811183, 806.3904083337125, 136.96141415604313, 266.4059147402582, 215.24717528316668, 565.2176300742813, 318.50921444636367, 104.88981355424886, 369.9486497925184]","[1, 1, 22, 50, 1, 78, 1, 108, 124, 140, 124, 176, 183, 176]","[8, 57, 57, 57, 78, 88, 222, 124, 140, 148, 222, 183, 203, 222]",37419314.60495199,805.1667354051094,-805.1667354051094,0.0,,,,DWT,mdp.39015067403884,35044.44495200366,,0.0,30.5,12.0,0.0,44,,0.9667354051093753,115.87858444378679,1273.0228947100613,115.87858444378683,,0.0,115.87858444378679,,,30.35891714055228,0.0,26.0,2.190408333712412,0.9667354051093753,,0.01877178769859711,0.9865255766503805,0.9574331749534837,0.0007196881153387347,0.6611342658201707,0.6591527689773888,0.19817435160070912,0.021579555741597756,0.9833101406245582,1.0,1.0,1.0,,0.9444454100000643,0.0,0.961160271847844,,,,,,0.7272599806355227,0.0,0.0,1.0,1.0,2.911425873429083,1.0,1,1.61889447117211,0.7922150030977965,23,0,0.7180146502589991,0.9556710458111557,2,0,0.4978170545512957,0.7964069337236725,17,10.965856099730654,0.9885053919290036,10.75,2.496408619313647,0.9886185240567449,5,dmey,9.555555555555555,5.0,7.9232428826698085,9,0.016991982363279014,0.027221235964431385,0.9799392415563752,1,4.0,5
db24,1,antisymmetric,1.1350144854291312e-26,317.5572673335989,6762779.408551016,0.5370370370370371,105.53562384335912,223,smoothed,7.511679370199259e-14,-2.171155477626033e-10,6.662415796403353,107954.41209945189,0.9950525716217297,0.00012819038906189116,0.9999999999999999,370.3999999999998,,,,[],[],14,356.2142857142858,31.60000000000025,804.2,"[6, 17, 39, 52, 72, 84, 96, 110, 130, 145, 162, 181, 195, 209]","[31.60000000000025, 570.0000000000005, 407.0000000000002, 140.60000000000008, 559.3999999999999, 500.59999999999997, 804.2, 136.79999999999978, 265.8000000000001, 215.00000000000017, 564.4, 317.99999999999994, 105.00000000000028, 368.59999999999997]","[2, 2, 22, 50, 2, 78, 2, 108, 124, 140, 124, 176, 183, 176]","[8, 57, 57, 57, 78, 88, 220, 124, 140, 148, 220, 183, 203, 220]",37384270.15999998,804.2,-804.2,0.0,,,,DWT,mdp.39015067403884,7.450580596923828e-09,,0.0,44.0,12.0,0.0,44,,0.0,114.9373626373627,1286.199999999999,114.9373626373627,,0.0,114.9373626373627,,,30.000000000000256,0.0,44.0,0.0,0.0,,1.7053025658242404e-13,1.2001472546964708e-13,3.189311311729855e-26,0.9686133798724892,0.5158118148590684,0.43632088872471964,0.17802411847268787,0.610384827991041,5.32399328742993e-09,4.670389126377444e-09,4.670389126377444e-09,4.120025686017718e-09,,8.579711249741017e-12,0.9999999953296368,0.0,,,,,,1.5461820291527892e-13,1.0,1.0,0.0,0.0,0.7000000033046246,0.24043201981995277,99,1.372597958300915,0.6716884362450727,72,0,0.2500000011769306,0.33274775450802574,99,0,0.38702214713144667,0.619157416689804,70,16.186414056238647,0.9830331089557247,85.0,82.68456375838927,0.9469672882304829,6,db,436.359649122807,360.0,291.0684471867005,342,0.7759481297380488,1.0,0.1568363091833658,3,5.25,6
db37,1,antireflect,1.706441623969147e-26,315.7863670153894,7119053.875202622,0.5337837837837838,122.32523079086411,223,smoothed,9.337025422883424e-14,-2.2035526736630142e-10,6.81988364140278,128030.54736875402,0.9949008297387079,0.0001281903890618912,0.9999999999999999,370.40000000000015,,,,[],[],14,356.2142857142857,31.599999999999966,804.2,"[6, 17, 39, 52, 72, 84, 96, 110, 130, 145, 162, 181, 195, 209]","[31.599999999999966, 570.0000000000001, 406.99999999999983, 140.6000000000002, 559.3999999999995, 500.59999999999957, 804.2, 136.80000000000018, 265.80000000000007, 215.0, 564.4000000000001, 318.0000000000001, 105.00000000000028, 368.60000000000014]","[2, 2, 22, 50, 2, 78, 2, 108, 124, 140, 124, 176, 183, 176]","[8, 57, 57, 57, 78, 88, 220, 124, 140, 148, 220, 183, 203, 220]",37384270.16,804.2,-804.2,0.0,,,,DWT,mdp.39015067403884,7.450580596923828e-09,,0.0,44.0,12.0,0.0,44,,0.0,114.93736263736264,1286.1999999999998,114.93736263736264,,0.0,114.93736263736264,,,29.99999999999997,0.0,44.0,0.0,0.0,,1.7053025658242404e-13,1.607831221458529e-13,5.078352358906861e-26,0.9618669912813388,0.7549773377445539,0.5840593771878339,0.1393574549026979,0.7639704511265862,5.323214629857252e-09,4.670328733154287e-09,4.670328733154287e-09,4.1199652927945285e-09,,8.579711249741017e-12,0.9999999953297058,0.0,,,,,,1.5461820291527892e-13,1.0,1.0,0.0,0.0,0.7000000033043712,0.2404320198198657,101,1.6079697146467589,0.7868689128005657,24,0,0.25000000117685645,0.33274775450792704,101,0,0.457747373177596,0.7323035210616129,21,45.338541367509094,0.9524753235141414,61.75,36.6677471636953,0.9438739301008863,7,db,436.359649122807,360.0,291.0684471867005,342,0.7759481297380488,1.0,0.1568363091833658,3,6.0,7
db38,1,antisymmetric,2.1795271688187456e-26,314.72365850463854,7156199.017108423,0.5268456375838926,105.71464510258882,223,smoothed,1.0163469468120095e-13,-2.1565902397213705e-10,6.819374932324693,128556.63738908607,0.9948433160143018,0.00012819038906189122,0.9999999999999997,370.3999999999998,,,,[],[],14,356.21428571428567,31.599999999999795,804.1999999999999,"[6, 17, 39, 52, 72, 84, 96, 110, 130, 145, 162, 181, 195, 209]","[31.599999999999795, 570.0, 407.0000000000002, 140.59999999999994, 559.4000000000001, 500.60000000000025, 804.1999999999999, 136.79999999999995, 265.79999999999995, 214.9999999999999, 564.4000000000001, 317.9999999999999, 105.00000000000011, 368.59999999999957]","[2, 2, 22, 50, 2, 78, 2, 108, 124, 140, 124, 176, 183, 176]","[8, 57, 57, 57, 78, 88, 220, 124, 140, 148, 220, 183, 203, 220]",37384270.15999998,804.1999999999999,-804.1999999999999,0.0,,,,DWT,mdp.39015067403884,7.450580596923828e-09,,0.0,44.0,12.0,0.0,44,,1.1368683772161603e-13,114.93736263736258,1286.2000000000007,114.93736263736261,,0.0,114.93736263736258,,,29.9999999999998,0.0,44.0,1.1368683772161603e-13,1.1368683772161603e-13,,1.7053025658242404e-13,1.792414296088962e-13,6.642292803405731e-26,0.9578185168986042,0.754204699542401,0.5994625779012805,0.05689385799633459,0.7679951233313824,5.322747435313645e-09,4.67026833993113e-09,4.67026833993113e-09,4.1199350961829335e-09,,8.579711249741017e-12,0.9999999953297749,4.9886256442802994e-14,,,,,,1.5461820291527892e-13,1.0,1.0,1.175987112096651e-13,1.175987112096651e-13,0.7000000033042924,0.24043201981983864,102,1.5814803413921439,0.7739061908389732,26,0,0.25000000117683446,0.3327477545078978,102,0,0.4480535393814547,0.7167953411408378,24,44.46346815083142,0.9533925910368644,63.5,40.10586011342155,0.9434153730865664,8,db,436.359649122807,360.0,291.0684471867005,342,0.7759481297380488,1.0,0.1568363091833658,3,6.75,8
rbio3.1,1,periodization,1.157931453890902e-26,317.47045286327204,5809227.002209138,0.6026785714285714,328.24042446676464,223,smoothed,8.067329362656751e-14,-2.032100265836337e-10,6.650461761574856,36682.92064572704,0.7535456083702821,0.00012819038906189122,0.9999999999999999,370.3999999999998,,,,[],[],14,356.21428571428567,31.600000000000193,804.1999999999999,"[6, 17, 39, 52, 72, 84, 96, 110, 130, 145, 162, 181, 195, 209]","[31.600000000000193, 570.0, 407.0000000000001, 140.59999999999985, 559.3999999999997, 500.59999999999997, 804.1999999999999, 136.79999999999995, 265.79999999999995, 214.99999999999994, 564.3999999999999, 317.99999999999983, 104.99999999999994, 368.5999999999998]","[2, 2, 22, 50, 2, 78, 2, 108, 124, 140, 124, 176, 183, 176]","[8, 57, 57, 57, 78, 88, 220, 124, 140, 148, 220, 183, 203, 220]",37384270.15999998,804.1999999999999,-804.1999999999999,0.0,,,,DWT,mdp.39015067403884,7.450580596923828e-09,,0.0,44.0,12.0,0.0,44,,1.1368683772161603e-13,114.93736263736258,1286.2000000000007,114.93736263736257,,0.0,114.93736263736258,,,30.0000000000002,0.0,44.0,1.1368683772161603e-13,1.1368683772161603e-13,,1.7053025658242404e-13,1.3242495270975133e-13,3.265070916378234e-26,0.968282653096884,0.49765577169762565,0.04090554361924347,0.958209037675394,0.0651465996225727,5.323837555915394e-09,4.67026833993113e-09,4.67026833993113e-09,4.119889801265541e-09,,8.579711249741017e-12,0.9999999953297749,4.9886256442802994e-14,,,,,,1.5461820291527892e-13,1.0,1.0,1.175987112096651e-13,1.175987112096651e-13,0.7000000033046058,0.24043201981994627,100,1.2595925044357912,0.616388589604044,112,0,0.25000000117692156,0.3327477545080137,100,0,0.36145708653026465,0.5782584733175269,91,8.616843969807043,0.9909676687947515,100.75,100.20646937370957,0.9426798511688642,9,rbio,504.8,503.0,246.5434719924451,135,0.8976508636377817,0.8470291932203298,0.11753563748745388,5,8.0,9
db29,1,periodic,1.3418467397923835e-26,316.8302522219517,7119903.055386461,0.525,97.7430025951488,223,smoothed,8.282761621562243e-14,-2.1947346162676263e-10,6.739838529279481,30735.275628819316,0.9802485856245462,0.0001281903890618912,1.0,370.3999999999999,,,,[],[],14,356.2142857142858,31.59999999999991,804.2000000000004,"[6, 17, 39, 52, 72, 84, 96, 110, 130, 145, 162, 181, 195, 209]","[31.59999999999991, 570.0000000000001, 406.9999999999998, 140.60000000000005, 559.3999999999999, 500.6, 804.2000000000004, 136.79999999999995, 265.80000000000007, 215.00000000000006, 564.4000000000002, 318.0, 104.99999999999977, 368.60000000000025]","[2, 2, 22, 50, 2, 78, 2, 108, 124, 140, 124, 176, 183, 176]","[8, 57, 57, 57, 78, 88, 220, 124, 140, 148, 220, 183, 203, 220]",37384270.15999998,804.2000000000004,-804.2000000000004,0.0,,,,DWT,mdp.39015067403884,7.450580596923828e-09,,0.0,44.0,12.0,0.0,44,,3.410605131648481e-13,114.9373626373627,1286.199999999999,114.93736263736267,,0.0,114.9373626373627,,,29.999999999999915,0.0,44.0,3.410605131648481e-13,3.410605131648481e-13,,5.684341886080802e-14,1.37236548721913e-13,3.87306360842792e-26,0.9658437567579767,0.6334031135245825,0.5844115118720068,0.03495746326372759,0.01964617068754955,5.323058898342716e-09,4.670389126377444e-09,4.670389126377444e-09,4.1199954894061234e-09,,2.8599037499136724e-12,0.9999999953296368,1.4965876932840898e-13,,,,,,1.5461820291527892e-13,1.0,1.0,3.5279613362899533e-13,3.5279613362899533e-13,0.7000000033016914,0.2404320198189453,154,1.2102550203336329,0.5922450176684811,135,0,0.25000000117644494,0.33274775450737937,150,0,0.31975171658656865,0.5115382886773924,147,8.18535277187245,0.9914199656479324,146.5,146.14380397670215,0.918928012174071,11,db,436.359649122807,360.0,291.0684471867005,342,0.7759481297380488,1.0,0.1568363091833658,3,9.0,10
sym18,1,antireflect,1.364718551105919e-19,246.7568504242428,6676130.0325078955,0.5465116279069767,107.8516476438333,223,smoothed,2.816488646691028e-10,,6.6064803800626,100190.34126813851,0.9938988775506856,0.00012819038906074318,1.0,370.40000000005847,,,,[],[],14,356.21428571540775,31.60000000058136,804.2000000014725,"[6, 17, 39, 52, 72, 84, 96, 110, 130, 145, 162, 181, 195, 209]","[31.60000000058136, 570.0000000014538, 407.00000000122634, 140.6000000008411, 559.4000000015054, 500.6000000013679, 804.2000000014725, 136.80000000109743, 265.8000000007643, 215.00000000127596, 564.4000000008965, 318.0000000019351, 105.0000000002633, 368.6000000010281]","[2, 2, 22, 50, 2, 78, 2, 108, 124, 140, 124, 176, 183, 176]","[8, 57, 57, 57, 78, 88, 220, 124, 140, 148, 220, 183, 203, 220]",37384270.160017624,804.2000000009984,-804.2000000009984,0.0,,,,DWT,mdp.39015067403884,1.76355242729187e-05,,0.0,44.0,12.0,0.0,44,,9.98397808871232e-10,114.93736263848467,1286.199999984291,114.93736263848471,,0.0,114.93736263848467,,,30.000000000581366,0.0,44.0,1.4724719221703708e-09,9.98397808871232e-10,,5.849187800777145e-11,6.290040682511022e-10,4.511527638163597e-19,0.6988934413900667,0.430855911023576,0.4003894677525822,0.29063472364610793,0.5509884531061239,6.916036560527779e-09,5.86243056504448e-09,5.86243056504448e-09,5.3121124202581505e-09,,2.9428409586611688e-09,0.9999999941375781,6.461267934471844e-10,,,,,,3.659812863004652e-10,1.0,1.0,1.032751881843279e-09,1.032751881843279e-09,0.7000000066452672,0.24043202096737767,24,1.1716080251117131,0.5733328958565593,151,0,0.2500000020092534,0.33274775561583986,22,0,0.3388231425067802,0.5420487255939098,119,65.9747426419131,0.9308440852810135,79.0,39.159216372555285,0.9240174304811777,10,sym,562.3567251461989,537.0,257.5873265946006,171,1.0,0.8849716590179765,0.03450850229460706,7,9.25,11
db34,1,symmetric,1.3684769859560775e-26,316.7449063937283,6992050.168752969,0.5275862068965518,103.78143904662066,223,smoothed,8.405433797915446e-14,-2.2439214930614105e-10,6.770827508990164,29911.84839355728,0.9805240510820717,0.00012819038906189105,0.9999999999999999,370.3999999999999,,,,[],[],14,356.2142857142858,31.60000000000008,804.2000000000002,"[6, 17, 39, 52, 72, 84, 96, 110, 130, 145, 162, 181, 195, 209]","[31.60000000000008, 569.9999999999999, 407.0000000000001, 140.59999999999997, 559.4000000000001, 500.5999999999998, 804.2000000000002, 136.80000000000024, 265.7999999999999, 214.99999999999994, 564.4, 318.0000000000002, 104.99999999999994, 368.60000000000025]","[2, 2, 22, 50, 2, 78, 2, 108, 124, 140, 124, 176, 183, 176]","[8, 57, 57, 57, 78, 88, 220, 124, 140, 148, 220, 183, 203, 220]",37384270.16,804.2000000000002,-804.2000000000002,0.0,,,,DWT,mdp.39015067403884,7.450580596923828e-09,,0.0,44.0,12.0,0.0,44,,1.1368683772161603e-13,114.9373626373627,1286.199999999999,114.93736263736268,,0.0,114.9373626373627,,,30.000000000000085,0.0,44.0,1.1368683772161603e-13,1.1368683772161603e-13,,5.684341886080802e-14,1.3997638423931896e-13,3.961098678355077e-26,0.9655186248937446,0.6804698371227889,0.531393981891816,0.06569592234045413,0.01334682156790721,5.323526092886323e-09,4.670389126377444e-09,4.670389126377444e-09,4.120010587711921e-09,,2.8599037499136724e-12,0.9999999953296368,4.9886256442802994e-14,,,,,,1.5461820291527892e-13,1.0,1.0,1.175987112096651e-13,1.175987112096651e-13,0.7000000033016921,0.24043201981894552,153,1.2168601820069356,0.5954772902277223,130,0,0.25000000117643767,0.33274775450736965,154,0,0.3223464554024073,0.5156893477165377,141,11.32843031197762,0.9881253351027488,144.5,143.81267288080227,0.9183289149308294,12,db,436.359649122807,360.0,291.0684471867005,342,0.7759481297380488,1.0,0.1568363091833658,3,9.75,12
sym18,1,antisymmetric,1.3644361234912576e-19,246.7577492868552,6596533.124679318,0.5465116279069767,106.02994732095556,223,smoothed,2.815852742805426e-10,,6.594105581185271,95575.68727727672,0.9936689477737811,0.00012819038906074562,0.9999999999999997,370.40000000005847,,,,[],[],14,356.21428571540775,31.600000000578973,804.2000000014741,"[6, 17, 39, 52, 72, 84, 96, 110, 130, 145, 162, 181, 195, 209]","[31.600000000578973, 570.0000000014536, 407.0000000012264, 140.6000000008411, 559.4000000015054, 500.6000000013679, 804.2000000014741, 136.80000000109743, 265.8000000007643, 215.00000000127596, 564.4000000008965, 318.0000000019351, 105.00000000026336, 368.60000000102855]","[2, 2, 22, 50, 2, 78, 2, 108, 124, 140, 124, 176, 183, 176]","[8, 57, 57, 57, 78, 88, 220, 124, 140, 148, 220, 183, 203, 220]",37384270.16001761,804.2000000009984,-804.2000000009984,0.0,,,,DWT,mdp.39015067403884,1.7620623111724854e-05,,0.0,44.0,12.0,0.0,44,,9.98397808871232e-10,114.93736263848467,1286.199999984291,114.93736263848469,,0.0,114.93736263848467,,,30.00000000057898,0.0,44.0,1.4740635378984734e-09,9.98397808871232e-10,,5.849187800777145e-11,6.288620415826903e-10,4.510593980447733e-19,0.6988968656801924,0.4120608024469018,0.3673825364407425,0.29063472364610793,0.5156856172149372,6.9094958369172826e-09,5.86243056504448e-09,5.86243056504448e-09,5.312082223646555e-09,,2.9428409586611688e-09,0.9999999941375781,6.468252010373836e-10,,,,,,3.6567204989463463e-10,1.0,1.0,1.032751881843279e-09,1.032751881843279e-09,0.7000000066434906,0.24043202096676747,29,1.1315879253850143,0.5537488377270593,165,0,0.25000000200873823,0.33274775561515424,23,0,0.32638007800824914,0.5221423307590983,136,72.88975693927554,0.9235956426213044,88.25,43.77585736670354,0.9155452007655789,13,sym,562.3567251461989,537.0,257.5873265946006,171,1.0,0.8849716590179765,0.03450850229460706,7,11.5,13
coif7,1,periodic,1.5316955794271899e-26,316.2555567857669,6791388.36443879,0.5454545454545454,106.50622970325627,223,smoothed,8.766082030668113e-14,-2.3484785227623236e-10,6.637977809287305,31712.919161923688,0.981126921606342,0.00012819038906189108,1.0,370.39999999999986,,,,[],[],14,356.21428571428584,31.600000000000193,804.2000000000002,"[6, 17, 39, 52, 72, 84, 96, 110, 130, 145, 162, 181, 195, 209]","[31.600000000000193, 570.0, 407.0000000000002, 140.5999999999999, 559.4000000000001, 500.60000000000014, 804.2000000000002, 136.80000000000018, 265.79999999999995, 215.00000000000017, 564.4000000000002, 318.0, 105.00000000000006, 368.60000000000014]","[2, 2, 22, 50, 2, 78, 2, 108, 124, 140, 124, 176, 183, 176]","[8, 57, 57, 57, 78, 88, 220, 124, 140, 148, 220, 183, 203, 220]",37384270.16,804.2000000000002,-804.2000000000002,0.0,,,,DWT,mdp.39015067403884,7.450580596923828e-09,,0.0,44.0,12.0,0.0,44,,1.1368683772161603e-13,114.93736263736275,1286.199999999998,114.93736263736272,,0.0,114.93736263736275,,,30.0000000000002,0.0,44.0,1.1368683772161603e-13,1.1368683772161603e-13,,1.1368683772161603e-13,1.4803132274909497e-13,4.500671621140392e-26,0.9636544078182333,0.4786948785924945,0.4481843375401543,0.27807073050692444,0.027125298977039827,5.323837555915394e-09,4.6704495196006005e-09,4.6704495196006005e-09,4.120055882629313e-09,,5.719807499827345e-12,0.9999999953295678,4.9886256442802994e-14,,,,,,1.5461820291527892e-13,1.0,1.0,1.175987112096651e-13,1.175987112096651e-13,0.7000000033032309,0.24043201981947404,105,1.1637106645508946,0.5694682785930119,152,0,0.25000000117671,0.33274775450773214,104,0,0.31367566477642783,0.5018178306355882,163,30.930028559098787,0.967578586416039,131.0,125.57643179657795,0.9151310122855876,14,coif,462.58169934640523,492.0,268.41090882948885,153,0.8225769847886951,0.9221573531030026,0.14754890471701262,4,11.5,14
db33,1,periodic,1.58711774519699e-26,316.1011899011578,7219058.94806763,0.5277777777777778,100.29541492381388,223,smoothed,8.742782282886745e-14,-2.2582540282201095e-10,6.782882076450246,30054.806091327708,0.9813382618075605,0.0001281903890618911,0.9999999999999999,370.3999999999999,,,,[],[],14,356.2142857142857,31.599999999999852,804.1999999999998,"[6, 17, 39, 52, 72, 84, 96, 110, 130, 145, 162, 181, 195, 209]","[31.599999999999852, 570.0, 407.0000000000002, 140.6000000000002, 559.4000000000001, 500.60000000000014, 804.1999999999998, 136.7999999999999, 265.7999999999999, 214.99999999999986, 564.4000000000003, 318.0, 104.99999999999994, 368.5999999999999]","[2, 2, 22, 50, 2, 78, 2, 108, 124, 140, 124, 176, 183, 176]","[8, 57, 57, 57, 78, 88, 220, 124, 140, 148, 220, 183, 203, 220]",37384270.15999998,804.1999999999998,-804.1999999999998,0.0,,,,DWT,mdp.39015067403884,7.450580596923828e-09,,0.0,44.0,12.0,0.0,44,,2.2737367544323206e-13,114.93736263736264,1286.1999999999998,114.93736263736265,,0.0,114.93736263736264,,,29.999999999999858,0.0,44.0,2.2737367544323206e-13,2.2737367544323206e-13,,5.684341886080802e-14,1.4751093191218517e-13,4.6838878861748004e-26,0.9630663346339497,0.6987785713901516,0.6255290857599264,0.06797284523502592,0.014440470659207505,5.322903166828181e-09,4.670328733154287e-09,4.670328733154287e-09,4.119980391100326e-09,,2.8599037499136724e-12,0.9999999953297058,9.977251288560599e-14,,,,,,1.5461820291527892e-13,1.0,1.0,2.351974224193302e-13,2.351974224193302e-13,0.7000000033015664,0.24043201981890236,162,1.2729589557131467,0.6229295367927943,104,0,0.2500000011764026,0.33274775450732297,160,0,0.33854104395405843,0.5415974247770193,121,28.860295678781025,0.9697481177371268,136.75,132.0014957434444,0.91320215111175,15,db,436.359649122807,360.0,291.0684471867005,342,0.7759481297380488,1.0,0.1568363091833658,3,12.0,15
dmey,1,periodization,0.2936386149300507,63.42914970662005,5856652.097394253,0.5446428571428571,108.31264632098768,223,smoothed,0.4477355504514119,,6.386298204167903,31184.11145734932,0.9798690112667449,0.00012766612200460007,0.9999985293086459,370.3812283194189,,,,[],[],14,357.1485514227021,31.783088965135676,806.4789210060684,"[6, 17, 39, 52, 72, 84, 96, 110, 130, 145, 162, 181, 195, 209]","[31.783088965135676, 572.1801391689115, 408.26352981303114, 140.75014704712953, 561.3252422024093, 502.1249561481118, 806.4789210060684, 136.96141415604313, 266.4059147402585, 215.2471752831668, 565.2176300742814, 318.50921444619405, 104.89244928467963, 369.93989758240787]","[1, 1, 22, 50, 1, 78, 1, 108, 124, 140, 124, 176, 183, 176]","[8, 57, 57, 57, 78, 88, 221, 124, 140, 148, 221, 183, 203, 221]",37420448.86546134,805.1667354051094,-805.1667354051094,0.0,,,,DWT,mdp.39015067403884,36178.70546135306,,0.0,30.5,12.0,0.0,44,,0.9667354051093753,115.87162834577902,1273.1202800821702,115.87162834577897,,0.0,115.87162834577902,,,30.18308896513568,0.0,26.0,2.2789210060683445,0.9667354051093753,,0.01877168058109646,1.0,0.9707193782505738,0.000491676002342678,0.09643852423511108,0.060571594750321964,0.2684233786321943,0.023079836056189795,0.5016011124833231,0.9926095018965648,0.9926095018965648,0.9926095018924072,,0.944440020708781,0.0073904981034351724,1.0,,,,,,0.7507987262825107,0.0,0.0,1.0,1.0,2.795143507998022,0.9600599944885069,3,1.07783297791982,0.527443555553955,193,0,0.6818382386052989,0.9075205670621278,4,0,0.345674912560962,0.5530101764512917,108,91.69151178453399,0.9038873042090839,77.0,6.691492776886036,0.911587257974563,16,dmey,9.555555555555555,5.0,7.9232428826698085,9,0.016991982363279014,0.027221235964431385,0.9799392415563752,1,12.25,16
dmey,1,zero,0.26135121137597245,63.93503620118645,5856883.963321733,0.5492957746478874,51.46419051423009,223,smoothed,0.4240391428053484,,6.3864560065335,47231.657922709666,0.9895013019501654,0.00012767104478717832,0.9999985055094694,370.3812271287233,,,,[],[],14,357.10334149052096,31.88632476815303,805.7706495274191,"[6, 17, 39, 52, 72, 84, 96, 110, 130, 145, 162, 181, 195, 209]","[31.88632476815303, 572.1888700062747, 408.2647711279515, 140.7501470471295, 561.3252422024094, 502.12495614811183, 805.7706495274191, 136.96141415604313, 266.4059147402582, 215.24717528316668, 565.2176300742813, 318.50921444390565, 104.89754115735354, 369.8969301848359]","[1, 1, 22, 50, 1, 78, 1, 108, 124, 140, 124, 176, 183, 176]","[8, 57, 57, 57, 78, 88, 222, 124, 140, 148, 222, 183, 203, 222]",37425251.65557179,805.1667354051094,-805.1667354051094,0.0,,,,DWT,mdp.39015067403884,40981.495571799576,,0.0,30.5,12.0,0.0,44,,0.9667354051093753,115.82641841359788,1273.7532191327064,115.82641841359789,,0.0,115.82641841359788,,,30.286324768153037,0.0,26.0,1.5706495274190502,0.9667354051093753,,0.018772871276667047,0.9470749918737219,0.8639827070167635,0.002418891690468161,0.09667819783501756,0.06066774399720447,0.3237258041676198,0.14584611505450118,0.7844318830526225,0.9445762629071797,0.9445762629071797,0.9445762628766489,,0.9444999269353164,0.0554237370928381,0.6892075342834181,,,,,,0.8504686467935532,0.0,0.0,1.0,1.0,2.755248124075653,0.9463569549275579,5,1.0704651953914148,0.5238380902425944,196,0,0.679813376404063,0.9048254936722179,7,0,0.34862777880504237,0.5577341671817094,103,91.13863066779092,0.9044668441637411,77.75,11.183558153062073,0.9114839461908852,17,dmey,9.555555555555555,5.0,7.9232428826698085,9,0.016991982363279014,0.027221235964431385,0.9799392415563752,1,13.0,17
dmey,1,constant,0.26135121137597245,63.93503620118645,5856883.963321733,0.5492957746478874,51.46419051423009,223,smoothed,0.4240391428053484,,6.3864560065335,47231.657922709666,0.9895013019501654,0.00012767104478717832,0.9999985055094694,370.3812271287233,,,,[],[],14,357.10334149052096,31.88632476815303,805.7706495274191,"[6, 17, 39, 52, 72, 84, 96, 110, 130, 145, 162, 181, 195, 209]","[31.88632476815303, 572.1888700062747, 408.2647711279515, 140.7501470471295, 561.3252422024094, 502.12495614811183, 805.7706495274191, 136.96141415604313, 266.4059147402582, 215.24717528316668, 565.2176300742813, 318.50921444390565, 104.89754115735354, 369.8969301848359]","[1, 1, 22, 50, 1, 78, 1, 108, 124, 140, 124, 176, 183, 176]","[8, 57, 57, 57, 78, 88, 222, 124, 140, 148, 222, 183, 203, 222]",37425251.65557179,805.1667354051094,-805.1667354051094,0.0,,,,DWT,mdp.39015067403884,40981.495571799576,,0.0,30.5,12.0,0.0,44,,0.9667354051093753,115.82641841359788,1273.7532191327064,115.82641841359789,,0.0,115.82641841359788,,,30.286324768153037,0.0,26.0,1.5706495274190502,0.9667354051093753,,0.018772871276667047,0.9470749918737219,0.8639827070167635,0.002418891690468161,0.09667819783501756,0.06066774399720447,0.3237258041676198,0.14584611505450118,0.7844318830526225,0.9445762629071797,0.9445762629071797,0.9445762628766489,,0.9444999269353164,0.0554237370928381,0.6892075342834181,,,,,,0.8504686467935532,0.0,0.0,1.0,1.0,2.755248124075653,0.9463569549275579,6,1.0704651953914148,0.5238380902425944,195,0,0.679813376404063,0.9048254936722179,6,0,0.34862777880504237,0.5577341671817094,105,90.89554444525871,0.904721651524886,78.0,11.494736842105263,0.911480322617789,18,dmey,9.555555555555555,5.0,7.9232428826698085,9,0.016991982363279014,0.027221235964431385,0.9799392415563752,1,13.75,18
dmey,1,smooth,0.26135121137597245,63.93503620118645,5856883.963321733,0.5492957746478874,51.46419051423009,223,smoothed,0.4240391428053484,,6.3864560065335,47231.657922709666,0.9895013019501654,0.00012767104478717832,0.9999985055094694,370.3812271287233,,,,[],[],14,357.10334149052096,31.88632476815303,805.7706495274191,"[6, 17, 39, 52, 72, 84, 96, 110, 130, 145, 162, 181, 195, 209]","[31.88632476815303, 572.1888700062747, 408.2647711279515, 140.7501470471295, 561.3252422024094, 502.12495614811183, 805.7706495274191, 136.96141415604313, 266.4059147402582, 215.24717528316668, 565.2176300742813, 318.50921444390565, 104.89754115735354, 369.8969301848359]","[1, 1, 22, 50, 1, 78, 1, 108, 124, 140, 124, 176, 183, 176]","[8, 57, 57, 57, 78, 88, 222, 124, 140, 148, 222, 183, 203, 222]",37425251.65557179,805.1667354051094,-805.1667354051094,0.0,,,,DWT,mdp.39015067403884,40981.495571799576,,0.0,30.5,12.0,0.0,44,,0.9667354051093753,115.82641841359788,1273.7532191327064,115.82641841359789,,0.0,115.82641841359788,,,30.286324768153037,0.0,26.0,1.5706495274190502,0.9667354051093753,,0.018772871276667047,0.9470749918737219,0.8639827070167635,0.002418891690468161,0.09667819783501756,0.06066774399720447,0.3237258041676198,0.14584611505450118,0.7844318830526225,0.9445762629071797,0.9445762629071797,0.9445762628766489,,0.9444999269353164,0.0554237370928381,0.6892075342834181,,,,,,0.8504686467935532,0.0,0.0,1.0,1.0,2.755248124075653,0.9463569549275579,7,1.0704651953914148,0.5238380902425944,197,0,0.679813376404063,0.9048254936722179,5,0,0.34862777880504237,0.5577341671817094,104,91.66378783358235,0.9039163649543162,78.25,11.187288165341215,0.9109466520788352,20,dmey,9.555555555555555,5.0,7.9232428826698085,9,0.016991982363279014,0.027221235964431385,0.9799392415563752,1,15.25,19
coif7,1,reflect,1.6879631763255933e-26,315.8336516946988,6733030.549989858,0.5454545454545454,106.50622970325627,223,smoothed,9.016803248247138e-14,-2.3534292292737333e-10,6.64007229381905,30622.707445260956,0.9807226359035064,0.00012819038906189105,0.9999999999999997,370.39999999999986,,,,[],[],14,356.21428571428584,31.600000000000023,804.2000000000002,"[6, 17, 39, 52, 72, 84, 96, 110, 130, 145, 162, 181, 195, 209]","[31.600000000000023, 570.0, 407.0000000000002, 140.5999999999999, 559.4000000000001, 500.60000000000014, 804.2000000000002, 136.80000000000018, 265.79999999999995, 215.00000000000017, 564.4000000000002, 318.0, 105.00000000000006, 368.60000000000025]","[2, 2, 22, 50, 2, 78, 2, 108, 124, 140, 124, 176, 183, 176]","[8, 57, 57, 57, 78, 88, 220, 124, 140, 148, 220, 183, 203, 220]",37384270.16000001,804.2000000000002,-804.2000000000002,0.0,,,,DWT,mdp.39015067403884,2.2351741790771484e-08,,0.0,44.0,12.0,0.0,44,,1.1368683772161603e-13,114.93736263736275,1286.199999999998,114.93736263736272,,0.0,114.93736263736275,,,30.00000000000003,0.0,44.0,1.1368683772161603e-13,1.1368683772161603e-13,,1.1368683772161603e-13,1.5363108397703984e-13,5.017265750076959e-26,0.9620471261075338,0.48187602638944416,0.42398474957156973,0.27807073050692444,0.018785006206182314,5.3233703613717876e-09,4.6704495196006005e-09,4.6704495196006005e-09,4.120055882629313e-09,,5.719807499827345e-12,0.9999999953295678,4.9886256442802994e-14,,,,,,4.638546087458368e-13,1.0,1.0,1.175987112096651e-13,1.175987112096651e-13,0.7000000033032453,0.240432019819479,104,1.148900958330316,0.5622210665799159,159,0,0.2500000011766968,0.33274775450771454,105,0,0.3092519483974013,0.4947407761938531,170,34.93326972004386,0.9633823168553,134.5,127.75122133316022,0.9111984959538555,19,coif,462.58169934640523,492.0,268.41090882948885,153,0.8225769847886951,0.9221573531030026,0.14754890471701262,4,15.25,20
db26,1,reflect,1.6785545950336934e-26,315.8579266628024,6898380.194121402,0.5291970802919708,101.15301100743018,223,smoothed,8.506797657921585e-14,-2.2981416769596336e-10,6.703231461359056,29802.339535500316,0.9809290208691049,0.00012819038906189097,1.0,370.3999999999999,,,,[],[],14,356.21428571428584,31.600000000000136,804.2000000000002,"[6, 17, 39, 52, 72, 84, 96, 110, 130, 145, 162, 181, 195, 209]","[31.600000000000136, 570.0000000000002, 407.0000000000001, 140.59999999999982, 559.4000000000001, 500.60000000000025, 804.2000000000002, 136.8, 265.80000000000007, 215.0, 564.4000000000001, 318.0000000000002, 105.00000000000011, 368.6000000000004]","[2, 2, 22, 50, 2, 78, 2, 108, 124, 140, 124, 176, 183, 176]","[8, 57, 57, 57, 78, 88, 220, 124, 140, 148, 220, 183, 203, 220]",37384270.160000004,804.2000000000002,-804.2000000000002,0.0,,,,DWT,mdp.39015067403884,1.4901161193847656e-08,,0.0,44.0,12.0,0.0,44,,1.1368683772161603e-13,114.93736263736275,1286.199999999998,114.93736263736275,,0.0,114.93736263736275,,,30.000000000000142,0.0,44.0,1.1368683772161603e-13,1.1368683772161603e-13,,5.684341886080802e-14,1.4224030676912362e-13,4.9861625786358707e-26,0.9621396035700882,0.5778035176799515,0.4925512868300377,0.08484201850503187,0.012509061412482363,5.323681824400859e-09,4.6704495196006005e-09,4.6704495196006005e-09,4.120086079240908e-09,,2.8599037499136724e-12,0.9999999953295678,4.9886256442802994e-14,,,,,,3.0923640583055783e-13,1.0,1.0,1.175987112096651e-13,1.175987112096651e-13,0.7000000033018406,0.24043201981899653,144,1.1514015963640958,0.5634447676938267,158,0,0.2500000011764741,0.3327477545074181,144,0,0.30426364114253346,0.48676049016507966,177,15.628499608087784,0.9836179249391114,155.75,154.6328763967285,0.9101789834339162,21,db,436.359649122807,360.0,291.0684471867005,342,0.7759481297380488,1.0,0.1568363091833658,3,16.5,21
db27,1,symmetric,1.3730513179585048e-26,316.7304136818508,6905370.922695827,0.5289855072463768,101.01511029404024,223,smoothed,8.628872404844488e-14,-2.1484303225349816e-10,6.706365310098817,30569.56091549832,0.9807130864365053,0.00012819038906189122,0.9999999999999997,370.3999999999999,,,,[],[],14,356.21428571428567,31.599999999999966,804.1999999999999,"[6, 17, 39, 52, 72, 84, 96, 110, 130, 145, 162, 181, 195, 209]","[31.599999999999966, 570.0000000000002, 406.9999999999998, 140.60000000000005, 559.4, 500.6, 804.1999999999999, 136.79999999999995, 265.79999999999984, 215.00000000000003, 564.4000000000002, 318.0000000000001, 105.00000000000011, 368.5999999999997]","[2, 2, 22, 50, 2, 78, 2, 108, 124, 140, 124, 176, 183, 176]","[8, 57, 57, 57, 78, 88, 220, 124, 140, 148, 220, 183, 203, 220]",37384270.16,804.1999999999999,-804.1999999999999,0.0,,,,DWT,mdp.39015067403884,7.450580596923828e-09,,0.0,44.0,12.0,0.0,44,,1.1368683772161603e-13,114.93736263736258,1286.2000000000007,114.93736263736261,,0.0,114.93736263736258,,,29.99999999999997,0.0,44.0,1.1368683772161603e-13,1.1368683772161603e-13,,5.684341886080802e-14,1.4496679893173681e-13,3.9762206428772357e-26,0.9654634137307787,0.5825632740130093,0.4954501745402575,0.08232735913559053,0.018378426813206852,5.323214629857252e-09,4.67026833993113e-09,4.67026833993113e-09,4.1199350961829335e-09,,2.8599037499136724e-12,0.9999999953297749,4.9886256442802994e-14,,,,,,1.5461820291527892e-13,1.0,1.0,1.175987112096651e-13,1.175987112096651e-13,0.7000000033015726,0.2404320198189045,161,1.1585670868946631,0.5669512402922294,155,0,0.2500000011763968,0.3327477545073153,166,0,0.30631180689042686,0.49003714247766045,173,7.632168761236874,0.9919998231014289,163.75,163.48393262636293,0.9101770603976747,22,db,436.359649122807,360.0,291.0684471867005,342,0.7759481297380488,1.0,0.1568363091833658,3,17.25,22
db33,1,reflect,1.580095556580705e-26,316.12044785743393,6997866.868485984,0.5243055555555556,100.50261590902393,223,smoothed,8.753735155775418e-14,-2.2513357844644611e-10,6.772536818263385,29073.46001822137,0.980070477601875,0.00012819038906189108,0.9999999999999999,370.3999999999999,,,,[],[],14,356.2142857142857,31.599999999999852,804.1999999999998,"[6, 17, 39, 52, 72, 84, 96, 110, 130, 145, 162, 181, 195, 209]","[31.599999999999852, 570.0, 406.9999999999999, 140.60000000000022, 559.4000000000001, 500.60000000000014, 804.1999999999998, 136.7999999999999, 265.7999999999999, 214.99999999999986, 564.4000000000003, 318.0, 105.00000000000006, 368.6000000000002]","[2, 2, 22, 50, 2, 78, 2, 108, 124, 140, 124, 176, 183, 176]","[8, 57, 57, 57, 78, 88, 220, 124, 140, 148, 220, 183, 203, 220]",37384270.15999999,804.1999999999998,-804.1999999999998,0.0,,,,DWT,mdp.39015067403884,0.0,,0.0,44.0,12.0,0.0,44,,2.2737367544323206e-13,114.93736263736264,1286.1999999999998,114.93736263736267,,0.0,114.93736263736264,,,29.999999999999858,0.0,44.0,2.2737367544323206e-13,2.2737367544323206e-13,,5.684341886080802e-14,1.47755560083382e-13,4.660673723523944e-26,0.9631396993824758,0.683065972518585,0.5338060279597701,0.02670361777090302,0.006933017350695472,5.322903166828181e-09,4.670328733154287e-09,4.670328733154287e-09,4.1199954894061234e-09,,2.8599037499136724e-12,0.9999999953297058,9.977251288560599e-14,,,,,,0.0,1.0,1.0,2.351974224193302e-13,2.351974224193302e-13,0.7000000033014937,0.24043201981887738,168,1.1997744739173466,0.5871163040558925,140,0,0.25000000117639093,0.3327477545073074,168,0,0.3162354764260824,0.5059130132497095,158,13.203534880225574,0.9861598166873946,158.5,157.624703087886,0.9100086295177015,23,db,436.359649122807,360.0,291.0684471867005,342,0.7759481297380488,1.0,0.1568363091833658,3,18.0,23
sym19,1,antireflect,1.20106951664821e-19,247.31159992892745,6762916.861303391,0.5269230769230769,92.87673614315752,223,smoothed,2.740990254897594e-10,,6.621086351535658,104890.07621402566,0.9949284789624658,0.00012819038906135304,0.9999999999999997,370.4000000001374,,,,[],[],14,356.2142857151939,31.60000000031033,804.2000000012769,"[6, 17, 39, 52, 72, 84, 96, 110, 130, 145, 162, 181, 195, 209]","[31.60000000031033, 570.0000000010631, 407.000000001012, 140.60000000051303, 559.4000000014979, 500.60000000174114, 804.2000000012769, 136.8000000004866, 265.8000000008976, 215.00000000094857, 564.4000000009598, 318.00000000092587, 105.00000000029002, 368.6000000007921]","[2, 2, 22, 50, 2, 78, 2, 108, 124, 140, 124, 176, 183, 176]","[8, 57, 57, 57, 78, 88, 220, 124, 140, 148, 220, 183, 203, 220]",37384270.16002151,804.200000001016,-804.200000001016,0.0,,,,DWT,mdp.39015067403884,2.152472734451294e-05,,0.0,44.0,12.0,0.0,44,,1.0159055818803608e-09,114.93736263827083,1286.199999987285,114.93736263827086,,0.0,114.93736263827083,,,30.000000000310337,0.0,44.0,1.2768168744514696e-09,1.0159055818803608e-09,,1.3744738680543378e-10,6.121417950370768e-10,3.970531730599e-19,0.7010068046837923,0.4530397721452998,0.43637788708910374,0.05781426616693411,0.5869421718151066,6.173508699221847e-09,5.6352312595289575e-09,5.6352312595289575e-09,5.084898016311798e-09,,6.915247267291258e-09,0.9999999943647947,5.602725461091204e-10,,,,,,4.466919882222408e-10,1.0,1.0,1.0508620833695674e-09,1.0508620833695674e-09,0.7000000083225089,0.2404320215434671,19,1.123215487803936,0.549651738884398,171,0,0.2500000022431333,0.33274775592713196,19,0,0.3193115575017684,0.5108341228721602,151,82.38931969618392,0.9136380296685703,90.0,33.975,0.9096492035135304,24,sym,562.3567251461989,537.0,257.5873265946006,171,1.0,0.8849716590179765,0.03450850229460706,7,19.75,24
coif7,1,symmetric,1.4849844234688904e-26,316.39006239326335,6685259.919185799,0.5454545454545454,106.50622970325627,223,smoothed,8.736509273868679e-14,-2.349935579459842e-10,6.627561659852095,31526.815798372336,0.9815723459440561,0.00012819038906189108,0.9999999999999999,370.39999999999986,,,,[],[],14,356.21428571428584,31.60000000000008,804.2000000000002,"[6, 17, 39, 52, 72, 84, 96, 110, 130, 145, 162, 181, 195, 209]","[31.60000000000008, 569.9999999999999, 407.0000000000002, 140.5999999999999, 559.4000000000001, 500.60000000000014, 804.2000000000002, 136.80000000000018, 265.79999999999995, 215.00000000000017, 564.4000000000002, 318.0, 104.99999999999994, 368.60000000000014]","[2, 2, 22, 50, 2, 78, 2, 108, 124, 140, 124, 176, 183, 176]","[8, 57, 57, 57, 78, 88, 220, 124, 140, 148, 220, 183, 203, 220]",37384270.16,804.2000000000002,-804.2000000000002,0.0,,,,DWT,mdp.39015067403884,7.450580596923828e-09,,0.0,44.0,12.0,0.0,44,,1.1368683772161603e-13,114.93736263736275,1286.199999999998,114.93736263736271,,0.0,114.93736263736275,,,30.000000000000085,0.0,44.0,1.1368683772161603e-13,1.1368683772161603e-13,,1.1368683772161603e-13,1.4737082668686316e-13,4.346252474734844e-26,0.9641668178542636,0.4628746085803248,0.4041754130949744,0.27807073050692444,0.025701578690478472,5.323526092886323e-09,4.6704495196006005e-09,4.6704495196006005e-09,4.120040784323516e-09,,5.719807499827345e-12,0.9999999953295678,4.9886256442802994e-14,,,,,,1.5461820291527892e-13,1.0,1.0,1.175987112096651e-13,1.175987112096651e-13,0.7000000033031328,0.24043201981944037,106,1.1335340252292132,0.5547011724972092,164,0,0.2500000011766828,0.33274775450769595,106,0,0.3049984498181591,0.4879360359180392,175,36.93575503492517,0.9612832756447325,137.75,130.3790687209377,0.9084456210508778,25,coif,462.58169934640523,492.0,268.41090882948885,153,0.8225769847886951,0.9221573531030026,0.14754890471701262,4,19.75,25
db37,1,antisymmetric,1.552732960960045e-26,316.1963136535545,7070623.584537359,0.5304054054054054,104.82562686257207,223,smoothed,8.897715648475692e-14,-2.1836619179538304e-10,6.805499759468049,125419.67112918949,0.9953038417471793,0.00012819038906189122,1.0,370.40000000000003,,,,[],[],14,356.2142857142857,31.599999999999966,804.2000000000002,"[6, 17, 39, 52, 72, 84, 96, 110, 130, 145, 162, 181, 195, 209]","[31.599999999999966, 569.9999999999999, 406.99999999999983, 140.6000000000004, 559.3999999999995, 500.59999999999957, 804.2000000000002, 136.80000000000018, 265.80000000000007, 215.0, 564.4000000000001, 318.0, 105.00000000000023, 368.60000000000036]","[2, 2, 22, 50, 2, 78, 2, 108, 124, 140, 124, 176, 183, 176]","[8, 57, 57, 57, 78, 88, 220, 124, 140, 148, 220, 183, 203, 220]",37384270.15999999,804.2,-804.2,0.0,,,,DWT,mdp.39015067403884,0.0,,0.0,44.0,12.0,0.0,44,,0.0,114.93736263736264,1286.1999999999998,114.93736263736265,,0.0,114.93736263736264,,,29.99999999999997,0.0,44.0,1.1368683772161603e-13,0.0,,5.684341886080802e-14,1.5097130858838942e-13,4.570217630702036e-26,0.9634287162944632,0.7331307909523781,0.5639764955658062,0.09920361196463201,0.7439968332561958,5.323214629857252e-09,4.670328733154287e-09,4.670328733154287e-09,4.119980391100326e-09,,2.8599037499136724e-12,0.9999999953297058,4.9886256442802994e-14,,,,,,0.0,1.0,1.0,0.0,0.0,0.7000000033014635,0.240432019818867,169,1.5638910511241466,0.7652987739305315,29,0,0.2500000011763723,0.3327477545072826,169,0,0.443390921147661,0.7093360918910372,26,81.70424305587399,0.9143561393544297,98.25,47.18170878459688,0.9056843589853909,26,db,436.359649122807,360.0,291.0684471867005,342,0.7759481297380488,1.0,0.1568363091833658,3,20.25,26
sym19,1,antisymmetric,1.2052231971739528e-19,247.29660655498537,6703238.599186607,0.5307692307692308,95.9470199928828,223,smoothed,2.7507024261740713e-10,,6.6062738428793955,100994.62731835163,0.9944948262056093,0.00012819038906137045,0.9999999999999997,370.4000000001374,,,,[],[],14,356.2142857151942,31.60000000030942,804.2000000012812,"[6, 17, 39, 52, 72, 84, 96, 110, 130, 145, 162, 181, 195, 209]","[31.60000000030942, 570.0000000010631, 407.00000000101204, 140.60000000051303, 559.4000000014979, 500.60000000174114, 804.2000000012812, 136.8000000004866, 265.8000000008976, 215.00000000094857, 564.4000000009598, 318.00000000092587, 105.00000000028996, 368.60000000079197]","[2, 2, 22, 50, 2, 78, 2, 108, 124, 140, 124, 176, 183, 176]","[8, 57, 57, 57, 78, 88, 220, 124, 140, 148, 220, 183, 203, 220]",37384270.16002141,804.200000001016,-804.200000001016,0.0,,,,DWT,mdp.39015067403884,2.1420419216156006e-05,,0.0,44.0,12.0,0.0,44,,1.0159055818803608e-09,114.93736263827111,1286.1999999872814,114.93736263827107,,0.0,114.93736263827111,,,30.000000000309427,0.0,44.0,1.281136974284891e-09,1.0159055818803608e-09,,1.3744738680543378e-10,6.143109708522842e-10,3.984263092798624e-19,0.7009496862080286,0.43054221794282876,0.41163074109769315,0.1035278719733472,0.5571413691202977,6.171016994989277e-09,5.6355332256447415e-09,5.6355332256447415e-09,5.08512449089876e-09,,6.915247267291258e-09,0.9999999943645186,5.621682238539469e-10,,,,,,4.445273333814269e-10,1.0,1.0,1.0508620833695674e-09,1.0508620833695674e-09,0.7000000083217379,0.2404320215432023,20,1.1059239878668292,0.5411900473287263,177,0,0.25000000224294944,0.3327477559268872,20,0,0.31482741242235807,0.5036603946914652,160,86.0169556928555,0.9098354762129397,94.25,35.74629220574313,0.9055204634733461,27,sym,562.3567251461989,537.0,257.5873265946006,171,1.0,0.8849716590179765,0.03450850229460706,7,22.0,27
sym17,1,antireflect,1.2953917731625911e-20,256.9832700294578,6601836.694156218,0.53515625,110.95935450765845,223,smoothed,8.732602085394584e-11,,6.593010439791981,95906.55833931384,0.994000224735576,0.00012819038906157834,0.9999999999999997,370.40000000004915,,,,[],[],14,356.21428571462474,31.60000000018664,804.2000000004458,"[6, 17, 39, 52, 72, 84, 96, 110, 130, 145, 162, 181, 195, 209]","[31.60000000018664, 570.0000000004029, 407.00000000036937, 140.60000000025804, 559.4000000004353, 500.6000000004432, 804.2000000004458, 136.80000000032413, 265.80000000025956, 215.00000000041538, 564.4000000002914, 318.0000000005329, 105.00000000007822, 368.60000000030414]","[2, 2, 22, 50, 2, 78, 2, 108, 124, 140, 124, 176, 183, 176]","[8, 57, 57, 57, 78, 88, 220, 124, 140, 148, 220, 183, 203, 220]",37384270.16000536,804.2000000003045,-804.2000000003045,0.0,,,,DWT,mdp.39015067403884,5.37186861038208e-06,,0.0,44.0,12.0,0.0,44,,3.0445335141848773e-10,114.93736263770165,1286.1999999952532,114.9373626377017,,0.0,114.93736263770165,,,30.000000000186645,0.0,44.0,4.4576609070645645e-10,3.0445335141848773e-10,,4.916955731459893e-11,1.9499152754655501e-10,4.2823445808012894e-20,0.7378518174451876,0.4103974783316785,0.3695817996810763,0.15566995359628724,0.5182168333857204,5.834636923592294e-09,5.030513916060874e-09,5.030513916060874e-09,4.4801957708167245e-09,,2.473816743675327e-09,0.9999999949694861,1.9560401151223053e-10,,,,,,1.114797243019161e-10,1.0,1.0,3.149293486194832e-10,3.149293486194832e-10,0.700000005113923,0.24043202044140027,40,1.1022554443247905,0.5393948251661499,180,0,0.2500000015630088,0.33274775502189236,40,0,0.31310255466213455,0.5009009699843963,165,76.74362079895197,0.9195559530409309,106.25,64.91803278688525,0.9040913937112411,28,sym,562.3567251461989,537.0,257.5873265946006,171,1.0,0.8849716590179765,0.03450850229460706,7,22.75,28
rbio3.1,1,periodic,1.1869901603539352e-26,317.3628101868172,5815895.900738734,0.6061946902654868,339.24816786152985,223,smoothed,8.370384604671676e-14,-2.0218957619277978e-10,6.660932609725587,38015.04616571383,0.7515204209874927,0.00012819038906189122,0.9999999999999999,370.4,,,,[],[],14,356.21428571428567,31.599999999999966,804.1999999999996,"[6, 17, 39, 52, 72, 84, 96, 110, 130, 145, 162, 181, 195, 209]","[31.599999999999966, 570.0, 407.0, 140.59999999999994, 559.3999999999997, 500.59999999999997, 804.1999999999996, 136.8, 265.8, 214.9999999999999, 564.4, 317.99999999999994, 104.99999999999989, 368.6]","[2, 2, 22, 50, 2, 78, 2, 108, 124, 140, 124, 176, 183, 176]","[8, 57, 57, 57, 78, 88, 220, 124, 140, 148, 220, 183, 203, 220]",37384270.15999998,804.1999999999996,-804.1999999999996,0.0,,,,DWT,mdp.39015067403884,7.450580596923828e-09,,0.0,44.0,12.0,0.0,44,,4.547473508864641e-13,114.93736263736258,1286.2000000000007,114.93736263736258,,0.0,114.93736263736258,,,29.99999999999997,0.0,44.0,4.547473508864641e-13,4.547473508864641e-13,,0.0,1.3919357409148874e-13,3.3611340635132966e-26,0.9678725795784096,0.5135591192860388,0.04367097611777784,1.0,0.07533757140760416,5.323214629857252e-09,4.67026833993113e-09,4.67026833993113e-09,4.119904899571339e-09,,0.0,0.9999999953297749,1.9954502577121198e-13,,,,,,1.5461820291527892e-13,1.0,1.0,4.703948448386604e-13,4.703948448386604e-13,0.7000000033003494,0.24043201981848433,183,1.2894736240120377,0.6310110814706834,94,0,0.2500000011762271,0.33274775450708943,172,0,0.3714914637699957,0.5943114540988379,84,51.45467260932998,0.9460642844765933,133.25,118.26798613530075,0.9031946160328459,29,rbio,504.8,503.0,246.5434719924451,135,0.8976508636377817,0.8470291932203298,0.11753563748745388,5,23.0,29
rbio3.1,1,constant,1.1869901603539352e-26,317.3628101868172,5815895.900738734,0.6061946902654868,339.24816786152985,223,smoothed,8.370384604671676e-14,-2.0218957619277978e-10,6.660932609725587,38015.04616571383,0.7515204209874927,0.00012819038906189122,0.9999999999999999,370.4,,,,[],[],14,356.21428571428567,31.599999999999966,804.1999999999996,"[6, 17, 39, 52, 72, 84, 96, 110, 130, 145, 162, 181, 195, 209]","[31.599999999999966, 570.0, 407.0, 140.59999999999994, 559.3999999999997, 500.59999999999997, 804.1999999999996, 136.8, 265.8, 214.9999999999999, 564.4, 317.99999999999994, 104.99999999999989, 368.6]","[2, 2, 22, 50, 2, 78, 2, 108, 124, 140, 124, 176, 183, 176]","[8, 57, 57, 57, 78, 88, 220, 124, 140, 148, 220, 183, 203, 220]",37384270.15999998,804.1999999999996,-804.1999999999996,0.0,,,,DWT,mdp.39015067403884,7.450580596923828e-09,,0.0,44.0,12.0,0.0,44,,4.547473508864641e-13,114.93736263736258,1286.2000000000007,114.93736263736258,,0.0,114.93736263736258,,,29.99999999999997,0.0,44.0,4.547473508864641e-13,4.547473508864641e-13,,0.0,1.3919357409148874e-13,3.3611340635132966e-26,0.9678725795784096,0.5135591192860388,0.04367097611777784,1.0,0.07533757140760416,5.323214629857252e-09,4.67026833993113e-09,4.67026833993113e-09,4.119904899571339e-09,,0.0,0.9999999953297749,1.9954502577121198e-13,,,,,,1.5461820291527892e-13,1.0,1.0,4.703948448386604e-13,4.703948448386604e-13,0.7000000033003494,0.24043201981848433,180,1.2894736240120377,0.6310110814706834,92,0,0.2500000011762271,0.33274775450708943,176,0,0.3714914637699957,0.5943114540988379,85,51.77756914597929,0.9457258185052628,133.25,118.09287736793435,0.9030253830471806,30,rbio,504.8,503.0,246.5434719924451,135,0.8976508636377817,0.8470291932203298,0.11753563748745388,5,23.75,30
sym17,1,antisymmetric,1.3013337143799239e-20,256.9633945609198,6521684.356074099,0.54296875,105.3612027567409,223,smoothed,8.764661741769176e-11,,6.57903227415767,91109.31300722521,0.9935162190379817,0.00012819038906157953,0.9999999999999997,370.40000000004915,,,,[],[],14,356.21428571462474,31.60000000018664,804.2000000004456,"[6, 17, 39, 52, 72, 84, 96, 110, 130, 145, 162, 181, 195, 209]","[31.60000000018664, 570.0000000004029, 407.00000000036937, 140.60000000025804, 559.4000000004353, 500.6000000004432, 804.2000000004456, 136.80000000032413, 265.80000000025956, 215.00000000041538, 564.4000000002914, 318.0000000005329, 105.00000000007827, 368.60000000030414]","[2, 2, 22, 50, 2, 78, 2, 108, 124, 140, 124, 176, 183, 176]","[8, 57, 57, 57, 78, 88, 220, 124, 140, 148, 220, 183, 203, 220]",37384270.16000536,804.2000000003045,-804.2000000003045,0.0,,,,DWT,mdp.39015067403884,5.37186861038208e-06,,0.0,44.0,12.0,0.0,44,,3.0445335141848773e-10,114.93736263770165,1286.1999999952532,114.9373626377017,,0.0,114.93736263770165,,,30.000000000186645,0.0,44.0,4.455387170310132e-10,3.0445335141848773e-10,,4.916955731459893e-11,1.9570756754700328e-10,4.3019876290613575e-20,0.7377761002335469,0.3891671421133718,0.33634454474577824,0.2485257153905641,0.4815171447365052,5.834636923592294e-09,5.030513916060874e-09,5.030513916060874e-09,4.4801957708167245e-09,,2.473816743675327e-09,0.9999999949694861,1.9550423899934495e-10,,,,,,1.114797243019161e-10,1.0,1.0,3.149293486194832e-10,3.149293486194832e-10,0.7000000051138732,0.24043202044138318,41,1.097438647679243,0.5370376989683495,185,0,0.25000000156300045,0.33274775502188125,41,0,0.313332949630782,0.5012695554895499,164,77.5515957282634,0.9187090191527637,107.75,66.3531984691088,0.9028817632451449,31,sym,562.3567251461989,537.0,257.5873265946006,171,1.0,0.8849716590179765,0.03450850229460706,7,25.0,31
rbio3.1,1,antisymmetric,1.1869901603539352e-26,317.3628101868172,5815895.900738734,0.6061946902654868,339.24816786152985,223,smoothed,8.370384604671676e-14,-2.0218957619277978e-10,6.660932609725587,38015.04616571383,0.7515204209874927,0.00012819038906189122,0.9999999999999999,370.4,,,,[],[],14,356.21428571428567,31.599999999999966,804.1999999999996,"[6, 17, 39, 52, 72, 84, 96, 110, 130, 145, 162, 181, 195, 209]","[31.599999999999966, 570.0, 407.0, 140.59999999999994, 559.3999999999997, 500.59999999999997, 804.1999999999996, 136.8, 265.8, 214.9999999999999, 564.4, 317.99999999999994, 104.99999999999989, 368.6]","[2, 2, 22, 50, 2, 78, 2, 108, 124, 140, 124, 176, 183, 176]","[8, 57, 57, 57, 78, 88, 220, 124, 140, 148, 220, 183, 203, 220]",37384270.15999998,804.1999999999996,-804.1999999999996,0.0,,,,DWT,mdp.39015067403884,7.450580596923828e-09,,0.0,44.0,12.0,0.0,44,,4.547473508864641e-13,114.93736263736258,1286.2000000000007,114.93736263736258,,0.0,114.93736263736258,,,29.99999999999997,0.0,44.0,4.547473508864641e-13,4.547473508864641e-13,,0.0,1.3919357409148874e-13,3.3611340635132966e-26,0.9678725795784096,0.5135591192860388,0.04367097611777784,1.0,0.07533757140760416,5.323214629857252e-09,4.67026833993113e-09,4.67026833993113e-09,4.119904899571339e-09,,0.0,0.9999999953297749,1.9954502577121198e-13,,,,,,1.5461820291527892e-13,1.0,1.0,4.703948448386604e-13,4.703948448386604e-13,0.7000000033003494,0.24043201981848433,184,1.2894736240120377,0.6310110814706834,97,0,0.2500000011762271,0.33274775450708943,173,0,0.3714914637699957,0.5943114540988379,81,52.27730546486369,0.9452019858858871,133.75,118.09830971267418,0.9025014122301553,32,rbio,504.8,503.0,246.5434719924451,135,0.8976508636377817,0.8470291932203298,0.11753563748745388,5,25.25,32
rbio3.1,1,symmetric,1.1869901603539352e-26,317.3628101868172,5815895.900738734,0.6061946902654868,339.24816786152985,223,smoothed,8.370384604671676e-14,-2.0218957619277978e-10,6.660932609725587,38015.04616571383,0.7515204209874927,0.00012819038906189122,0.9999999999999999,370.4,,,,[],[],14,356.21428571428567,31.599999999999966,804.1999999999996,"[6, 17, 39, 52, 72, 84, 96, 110, 130, 145, 162, 181, 195, 209]","[31.599999999999966, 570.0, 407.0, 140.59999999999994, 559.3999999999997, 500.59999999999997, 804.1999999999996, 136.8, 265.8, 214.9999999999999, 564.4, 317.99999999999994, 104.99999999999989, 368.6]","[2, 2, 22, 50, 2, 78, 2, 108, 124, 140, 124, 176, 183, 176]","[8, 57, 57, 57, 78, 88, 220, 124, 140, 148, 220, 183, 203, 220]",37384270.15999998,804.1999999999996,-804.1999999999996,0.0,,,,DWT,mdp.39015067403884,7.450580596923828e-09,,0.0,44.0,12.0,0.0,44,,4.547473508864641e-13,114.93736263736258,1286.2000000000007,114.93736263736258,,0.0,114.93736263736258,,,29.99999999999997,0.0,44.0,4.547473508864641e-13,4.547473508864641e-13,,0.0,1.3919357409148874e-13,3.3611340635132966e-26,0.9678725795784096,0.5135591192860388,0.04367097611777784,1.0,0.07533757140760416,5.323214629857252e-09,4.67026833993113e-09,4.67026833993113e-09,4.119904899571339e-09,,0.0,0.9999999953297749,1.9954502577121198e-13,,,,,,1.5461820291527892e-13,1.0,1.0,4.703948448386604e-13,4.703948448386604e-13,0.7000000033003494,0.24043201981848433,181,1.2894736240120377,0.6310110814706834,93,0,0.2500000011762271,0.33274775450708943,177,0,0.3714914637699957,0.5943114540988379,80,53.692799020601136,0.9437182400203342,132.75,116.18697279683778,0.902283648312054,33,rbio,504.8,503.0,246.5434719924451,135,0.8976508636377817,0.8470291932203298,0.11753563748745388,5,26.0,33
rbio3.1,1,zero,1.1869901603539352e-26,317.3628101868172,5815895.900738734,0.6061946902654868,339.24816786152985,223,smoothed,8.370384604671676e-14,-2.0218957619277978e-10,6.660932609725587,38015.04616571383,0.7515204209874927,0.00012819038906189122,0.9999999999999999,370.4,,,,[],[],14,356.21428571428567,31.599999999999966,804.1999999999996,"[6, 17, 39, 52, 72, 84, 96, 110, 130, 145, 162, 181, 195, 209]","[31.599999999999966, 570.0, 407.0, 140.59999999999994, 559.3999999999997, 500.59999999999997, 804.1999999999996, 136.8, 265.8, 214.9999999999999, 564.4, 317.99999999999994, 104.99999999999989, 368.6]","[2, 2, 22, 50, 2, 78, 2, 108, 124, 140, 124, 176, 183, 176]","[8, 57, 57, 57, 78, 88, 220, 124, 140, 148, 220, 183, 203, 220]",37384270.15999998,804.1999999999996,-804.1999999999996,0.0,,,,DWT,mdp.39015067403884,7.450580596923828e-09,,0.0,44.0,12.0,0.0,44,,4.547473508864641e-13,114.93736263736258,1286.2000000000007,114.93736263736258,,0.0,114.93736263736258,,,29.99999999999997,0.0,44.0,4.547473508864641e-13,4.547473508864641e-13,,0.0,1.3919357409148874e-13,3.3611340635132966e-26,0.9678725795784096,0.5135591192860388,0.04367097611777784,1.0,0.07533757140760416,5.323214629857252e-09,4.67026833993113e-09,4.67026833993113e-09,4.119904899571339e-09,,0.0,0.9999999953297749,1.9954502577121198e-13,,,,,,1.5461820291527892e-13,1.0,1.0,4.703948448386604e-13,4.703948448386604e-13,0.7000000033003494,0.24043201981848433,182,1.2894736240120377,0.6310110814706834,95,0,0.2500000011762271,0.33274775450708943,178,0,0.3714914637699957,0.5943114540988379,82,53.118578043216985,0.9443201488016594,134.25,118.22454831602585,0.9017984391807039,34,rbio,504.8,503.0,246.5434719924451,135,0.8976508636377817,0.8470291932203298,0.11753563748745388,5,26.75,34
rbio3.1,1,antireflect,1.1869901603539352e-26,317.3628101868172,5815696.193712857,0.6061946902654868,339.24816786152985,223,smoothed,8.370384604671676e-14,-2.0218957619277978e-10,6.662421819444007,38223.991631294535,0.7521593763403498,0.00012819038906189122,0.9999999999999999,370.4,,,,[],[],14,356.21428571428567,31.599999999999966,804.1999999999996,"[6, 17, 39, 52, 72, 84, 96, 110, 130, 145, 162, 181, 195, 209]","[31.599999999999966, 570.0, 407.0, 140.59999999999994, 559.3999999999997, 500.59999999999997, 804.1999999999996, 136.8, 265.8, 214.9999999999999, 564.4, 317.99999999999994, 104.99999999999989, 368.6]","[2, 2, 22, 50, 2, 78, 2, 108, 124, 140, 124, 176, 183, 176]","[8, 57, 57, 57, 78, 88, 220, 124, 140, 148, 220, 183, 203, 220]",37384270.15999998,804.1999999999996,-804.1999999999996,0.0,,,,DWT,mdp.39015067403884,7.450580596923828e-09,,0.0,44.0,12.0,0.0,44,,4.547473508864641e-13,114.93736263736258,1286.2000000000007,114.93736263736258,,0.0,114.93736263736258,,,29.99999999999997,0.0,44.0,4.547473508864641e-13,4.547473508864641e-13,,0.0,1.3919357409148874e-13,3.3611340635132966e-26,0.9678725795784096,0.5158209627817273,0.04358816239717683,1.0,0.07693603740228336,5.323214629857252e-09,4.67026833993113e-09,4.67026833993113e-09,4.119904899571339e-09,,0.0,0.9999999953297749,1.9954502577121198e-13,,,,,,1.5461820291527892e-13,1.0,1.0,4.703948448386604e-13,4.703948448386604e-13,0.7000000033003494,0.24043201981848433,186,1.2912025252974528,0.6318571289194644,89,0,0.2500000011762271,0.33274775450708943,174,0,0.3720311060228195,0.595174772918372,78,56.10926839658489,0.9411852532530557,131.75,113.70116555000388,0.9015412639430898,35,rbio,504.8,503.0,246.5434719924451,135,0.8976508636377817,0.8470291932203298,0.11753563748745388,5,27.5,35
rbio3.1,1,reflect,1.1869901603539352e-26,317.3628101868172,5815696.193712857,0.6061946902654868,339.24816786152985,223,smoothed,8.370384604671676e-14,-2.0218957619277978e-10,6.662421819444007,37870.398789255225,0.7499391032523682,0.00012819038906189122,0.9999999999999999,370.4,,,,[],[],14,356.21428571428567,31.599999999999966,804.1999999999996,"[6, 17, 39, 52, 72, 84, 96, 110, 130, 145, 162, 181, 195, 209]","[31.599999999999966, 570.0, 407.0, 140.59999999999994, 559.3999999999997, 500.59999999999997, 804.1999999999996, 136.8, 265.8, 214.9999999999999, 564.4, 317.99999999999994, 104.99999999999989, 368.6]","[2, 2, 22, 50, 2, 78, 2, 108, 124, 140, 124, 176, 183, 176]","[8, 57, 57, 57, 78, 88, 220, 124, 140, 148, 220, 183, 203, 220]",37384270.15999998,804.1999999999996,-804.1999999999996,0.0,,,,DWT,mdp.39015067403884,7.450580596923828e-09,,0.0,44.0,12.0,0.0,44,,4.547473508864641e-13,114.93736263736258,1286.2000000000007,114.93736263736258,,0.0,114.93736263736258,,,29.99999999999997,0.0,44.0,4.547473508864641e-13,4.547473508864641e-13,,0.0,1.3919357409148874e-13,3.3611340635132966e-26,0.9678725795784096,0.5158209627817273,0.04358816239717683,1.0,0.07423099600599854,5.323214629857252e-09,4.67026833993113e-09,4.67026833993113e-09,4.119904899571339e-09,,0.0,0.9999999953297749,1.9954502577121198e-13,,,,,,1.5461820291527892e-13,1.0,1.0,4.703948448386604e-13,4.703948448386604e-13,0.7000000033003494,0.24043201981848433,187,1.290120508738939,0.6313276381055053,90,0,0.2500000011762271,0.33274775450708943,175,0,0.371644671537636,0.5945565556423337,79,56.10926839658489,0.9411852532530557,132.75,114.83950893008627,0.9010171549284147,36,rbio,504.8,503.0,246.5434719924451,135,0.8976508636377817,0.8470291932203298,0.11753563748745388,5,28.25,36
rbio3.1,1,smooth,1.1869901603539352e-26,317.3628101868172,5815895.900738734,0.6061946902654868,339.24816786152985,223,smoothed,8.370384604671676e-14,-2.0218957619277978e-10,6.660932609725587,38015.04616571383,0.7515204209874927,0.00012819038906189122,0.9999999999999999,370.4,,,,[],[],14,356.21428571428567,31.599999999999966,804.1999999999996,"[6, 17, 39, 52, 72, 84, 96, 110, 130, 145, 162, 181, 195, 209]","[31.599999999999966, 570.0, 407.0, 140.59999999999994, 559.3999999999997, 500.59999999999997, 804.1999999999996, 136.8, 265.8, 214.9999999999999, 564.4, 317.99999999999994, 104.99999999999989, 368.6]","[2, 2, 22, 50, 2, 78, 2, 108, 124, 140, 124, 176, 183, 176]","[8, 57, 57, 57, 78, 88, 220, 124, 140, 148, 220, 183, 203, 220]",37384270.15999998,804.1999999999996,-804.1999999999996,0.0,,,,DWT,mdp.39015067403884,7.450580596923828e-09,,0.0,44.0,12.0,0.0,44,,4.547473508864641e-13,114.93736263736258,1286.2000000000007,114.93736263736258,,0.0,114.93736263736258,,,29.99999999999997,0.0,44.0,4.547473508864641e-13,4.547473508864641e-13,,0.0,1.3919357409148874e-13,3.3611340635132966e-26,0.9678725795784096,0.5135591192860388,0.04367097611777784,1.0,0.07533757140760416,5.323214629857252e-09,4.67026833993113e-09,4.67026833993113e-09,4.119904899571339e-09,,0.0,0.9999999953297749,1.9954502577121198e-13,,,,,,1.5461820291527892e-13,1.0,1.0,4.703948448386604e-13,4.703948448386604e-13,0.7000000033003494,0.24043201981848433,185,1.2894736240120377,0.6310110814706834,96,0,0.2500000011762271,0.33274775450708943,179,0,0.3714914637699957,0.5943114540988379,83,53.723830838837245,0.9436857119089757,135.75,119.55695651203675,0.9006950572123494,37,rbio,504.8,503.0,246.5434719924451,135,0.8976508636377817,0.8470291932203298,0.11753563748745388,5,29.0,37
coif6,1,periodic,1.252302890816247e-26,317.13018754425525,6541761.597626668,0.5465116279069767,106.69902563965393,223,smoothed,7.718788239367008e-14,-2.3201340848544352e-10,6.5975311019088725,31556.239195978815,0.9806714795128185,0.0001281903890618911,1.0,370.4,,,,[],[],14,356.21428571428584,31.600000000000136,804.2000000000003,"[6, 17, 39, 52, 72, 84, 96, 110, 130, 145, 162, 181, 195, 209]","[31.600000000000136, 570.0, 407.00000000000006, 140.60000000000005, 559.4000000000001, 500.6000000000001, 804.2000000000003, 136.79999999999995, 265.8000000000002, 215.00000000000003, 564.4000000000001, 318.0000000000001, 105.00000000000023, 368.60000000000036]","[2, 2, 22, 50, 2, 78, 2, 108, 124, 140, 124, 176, 183, 176]","[8, 57, 57, 57, 78, 88, 220, 124, 140, 148, 220, 183, 203, 220]",37384270.16000001,804.2000000000003,-804.2000000000003,0.0,,,,DWT,mdp.39015067403884,2.2351741790771484e-08,,0.0,44.0,12.0,0.0,44,,2.2737367544323206e-13,114.93736263736275,1286.199999999998,114.93736263736274,,0.0,114.93736263736275,,,30.000000000000142,0.0,44.0,2.2737367544323206e-13,2.2737367544323206e-13,,0.0,1.2464042179773515e-13,3.577046855232892e-26,0.9669863847284306,0.4172635564124375,0.34467009596296927,0.29063472364610793,0.02592667235494814,5.323681824400859e-09,4.6704495196006005e-09,4.6704495196006005e-09,4.120070980935111e-09,,0.0,0.9999999953295678,9.977251288560599e-14,,,,,,4.638546087458368e-13,1.0,1.0,2.351974224193302e-13,2.351974224193302e-13,0.7000000033005553,0.24043201981855508,171,1.0877832154252218,0.5323127595549165,191,0,0.25000000117627114,0.332747754507148,171,0,0.2922116333007169,0.4674797071489853,190,11.265729744080792,0.9881910589684688,180.75,180.2234791005656,0.8993628250817187,38,coif,462.58169934640523,492.0,268.41090882948885,153,0.8225769847886951,0.9221573531030026,0.14754890471701262,4,29.5,38
db11,1,antireflect,5.8819733088701694e-27,320.41205088093216,6346890.193353193,0.5327868852459017,102.67240999479331,223,smoothed,5.343408824527749e-14,-2.2513100272902904e-10,6.5093697292583945,75698.24668172466,0.9927873199152498,0.0001281903890618911,1.0,370.3999999999999,,,,[],[],14,356.2142857142857,31.59999999999991,804.2000000000002,"[6, 17, 39, 52, 72, 84, 96, 110, 130, 145, 162, 181, 195, 209]","[31.59999999999991, 570.0, 407.0000000000001, 140.60000000000002, 559.4000000000001, 500.59999999999985, 804.2000000000002, 136.79999999999995, 265.80000000000007, 215.00000000000006, 564.4000000000001, 317.9999999999999, 105.00000000000017, 368.6]","[2, 2, 22, 50, 2, 78, 2, 108, 124, 140, 124, 176, 183, 176]","[8, 57, 57, 57, 78, 88, 220, 124, 140, 148, 220, 183, 203, 220]",37384270.16,804.2000000000002,-804.2000000000002,0.0,,,,DWT,mdp.39015067403884,7.450580596923828e-09,,0.0,44.0,12.0,0.0,44,,1.1368683772161603e-13,114.93736263736264,1286.1999999999998,114.93736263736267,,0.0,114.93736263736264,,,29.999999999999915,0.0,44.0,1.1368683772161603e-13,1.1368683772161603e-13,,5.684341886080802e-14,7.158724314251134e-14,1.38162669095777e-26,0.9794889096557836,0.2833621825266738,0.2638615918267442,0.12750877993736764,0.36362003988862096,5.323058898342716e-09,4.670328733154287e-09,4.670328733154287e-09,4.1199954894061234e-09,,2.8599037499136724e-12,0.9999999953297058,4.9886256442802994e-14,,,,,,1.5461820291527892e-13,1.0,1.0,1.175987112096651e-13,1.175987112096651e-13,0.7000000033015457,0.24043201981889523,166,1.057756760900596,0.5176191472238918,201,0,0.25000000117639315,0.3327477545073104,167,0,0.288263071976466,0.46116280500970247,195,18.35528988239267,0.9807596542113285,182.25,180.8690317503894,0.894860959181136,39,db,436.359649122807,360.0,291.0684471867005,342,0.7759481297380488,1.0,0.1568363091833658,3,30.0,39
db22,1,antireflect,1.1815074001880068e-26,317.38291691420875,6644236.780132916,0.5263157894736842,102.18975008703515,223,smoothed,7.478621608389804e-14,-2.2050965498010583e-10,6.6503617450208985,102803.0243273864,0.9945143886068389,0.00012819038906189122,1.0,370.4,,,,[],[],14,356.2142857142857,31.600000000000023,804.1999999999998,"[6, 17, 39, 52, 72, 84, 96, 110, 130, 145, 162, 181, 195, 209]","[31.600000000000023, 569.9999999999998, 407.0, 140.60000000000014, 559.3999999999999, 500.6000000000003, 804.1999999999998, 136.80000000000007, 265.7999999999998, 214.9999999999998, 564.4, 317.9999999999999, 105.00000000000011, 368.60000000000014]","[2, 2, 22, 50, 2, 78, 2, 108, 124, 140, 124, 176, 183, 176]","[8, 57, 57, 57, 78, 88, 220, 124, 140, 148, 220, 183, 203, 220]",37384270.16,804.1999999999998,-804.1999999999998,0.0,,,,DWT,mdp.39015067403884,7.450580596923828e-09,,0.0,44.0,12.0,0.0,44,,2.2737367544323206e-13,114.93736263736264,1286.1999999999998,114.93736263736263,,0.0,114.93736263736264,,,30.00000000000003,0.0,44.0,2.2737367544323206e-13,2.2737367544323206e-13,,0.0,1.192763931711256e-13,3.3430089898044624e-26,0.9679491777894351,0.4975038644214168,0.3871640998435769,0.05059632840802625,0.570975893434036,5.3233703613717876e-09,4.670328733154287e-09,4.670328733154287e-09,4.119950194488731e-09,,0.0,0.9999999953297058,9.977251288560599e-14,,,,,,1.5461820291527892e-13,1.0,1.0,2.351974224193302e-13,2.351974224193302e-13,0.7000000033002676,0.24043201981845622,194,1.2717323775430185,0.622329303951092,105,0,0.25000000117620064,0.3327477545070542,194,0,0.35345562341380155,0.5654577453239285,98,53.48130514488217,0.94393993171396,147.75,133.16833994863416,0.8945328589387409,40,db,436.359649122807,360.0,291.0684471867005,342,0.7759481297380488,1.0,0.1568363091833658,3,30.75,40
coif10,1,symmetric,1.8880319005096116e-26,315.34718809595967,7047383.143261785,0.5425531914893617,106.35157787616379,223,smoothed,9.388578604139004e-14,-2.3064796739191737e-10,6.742127649757972,30268.25394150067,0.980977186785322,0.00012819038906189108,1.0,370.4,,,,[],[],14,356.2142857142857,31.599999999999966,804.2000000000003,"[6, 17, 39, 52, 72, 84, 96, 110, 130, 145, 162, 181, 195, 209]","[31.599999999999966, 570.0000000000001, 407.0000000000002, 140.6000000000001, 559.3999999999999, 500.60000000000036, 804.2000000000003, 136.79999999999973, 265.80000000000007, 215.00000000000006, 564.3999999999997, 318.0000000000001, 105.00000000000023, 368.5999999999999]","[2, 2, 22, 50, 2, 78, 2, 108, 124, 140, 124, 176, 183, 176]","[8, 57, 57, 57, 78, 88, 220, 124, 140, 148, 220, 183, 203, 220]",37384270.16,804.2000000000003,-804.2000000000003,0.0,,,,DWT,mdp.39015067403884,7.450580596923828e-09,,0.0,44.0,12.0,0.0,44,,2.2737367544323206e-13,114.93736263736264,1286.1999999999998,114.9373626373627,,0.0,114.93736263736264,,,29.99999999999997,0.0,44.0,2.2737367544323206e-13,2.2737367544323206e-13,,0.0,1.6193454246982773e-13,5.678658964976708e-26,0.9601939035185505,0.6368798785504076,0.5543392411828625,0.2435865791249105,0.016073380611048856,5.323214629857252e-09,4.670328733154287e-09,4.670328733154287e-09,4.120025686017718e-09,,0.0,0.9999999953297058,9.977251288560599e-14,,,,,,1.5461820291527892e-13,1.0,1.0,2.351974224193302e-13,2.351974224193302e-13,0.7000000033002435,0.24043201981844795,205,1.275589885872198,0.6242169970820335,102,0,0.250000001176194,0.3327477545070453,195,0,0.34443899756970603,0.5510329616099551,110,54.5221667458903,0.9428488818177251,153.0,138.40311046309796,0.8912357616635795,41,coif,462.58169934640523,492.0,268.41090882948885,153,0.8225769847886951,0.9221573531030026,0.14754890471701262,4,31.75,41
db9,1,antireflect,3.8819349896927194e-27,322.2167987949899,6179920.356456169,0.5458333333333333,104.83463009773476,223,smoothed,4.0876121620548845e-14,-2.2036104052602957e-10,6.479987588927729,64286.230485660555,0.9913833959091323,0.00012819038906189116,0.9999999999999999,370.4,,,,[],[],14,356.2142857142857,31.60000000000008,804.1999999999998,"[6, 17, 39, 52, 72, 84, 96, 110, 130, 145, 162, 181, 195, 209]","[31.60000000000008, 570.0, 407.0000000000001, 140.59999999999994, 559.4, 500.5999999999999, 804.1999999999998, 136.8, 265.8, 215.00000000000017, 564.4, 318.00000000000006, 105.00000000000011, 368.60000000000014]","[2, 2, 22, 50, 2, 78, 2, 108, 124, 140, 124, 176, 183, 176]","[8, 57, 57, 57, 78, 88, 220, 124, 140, 148, 220, 183, 203, 220]",37384270.16,804.1999999999998,-804.1999999999998,0.0,,,,DWT,mdp.39015067403884,7.450580596923828e-09,,0.0,44.0,12.0,0.0,44,,2.2737367544323206e-13,114.93736263736264,1286.1999999999998,114.93736263736268,,0.0,114.93736263736264,,,30.000000000000085,0.0,44.0,2.2737367544323206e-13,2.2737367544323206e-13,,0.0,4.3539511368547525e-14,7.204479988665593e-27,0.986364243412351,0.2387359608640614,0.19462319943242964,0.282572828048465,0.2763163036269174,5.323526092886323e-09,4.670328733154287e-09,4.670328733154287e-09,4.120010587711921e-09,,0.0,0.9999999953297058,9.977251288560599e-14,,,,,,1.5461820291527892e-13,1.0,1.0,2.351974224193302e-13,2.351974224193302e-13,0.7000000033003324,0.2404320198184785,188,1.0320537788658222,0.5050412501744576,209,0,0.25000000117621873,0.3327477545070783,188,0,0.28265893362632405,0.4521973133721718,204,10.874281585465774,0.988601381985885,197.25,196.80247489503796,0.8909201878482884,42,db,436.359649122807,360.0,291.0684471867005,342,0.7759481297380488,1.0,0.1568363091833658,3,32.25,42
db36,1,reflect,1.8530349738627264e-26,315.4284452133833,7061930.650890857,0.5272108843537415,112.38485062535214,223,smoothed,9.724557979999226e-14,-2.1316248766112295e-10,6.807690951500716,28683.476170081958,0.9772528064258046,0.00012819038906189108,0.9999999999999997,370.4,,,,[],[],14,356.2142857142857,31.599999999999852,804.2,"[6, 17, 39, 52, 72, 84, 96, 110, 130, 145, 162, 181, 195, 209]","[31.599999999999852, 570.0000000000005, 407.0000000000001, 140.6000000000001, 559.4000000000002, 500.6000000000001, 804.2, 136.79999999999984, 265.8000000000002, 214.99999999999983, 564.3999999999997, 317.99999999999994, 104.99999999999989, 368.5999999999997]","[2, 2, 22, 50, 2, 78, 2, 108, 124, 140, 124, 176, 183, 176]","[8, 57, 57, 57, 78, 88, 220, 124, 140, 148, 220, 183, 203, 220]",37384270.15999999,804.2,-804.2,0.0,,,,DWT,mdp.39015067403884,0.0,,0.0,44.0,12.0,0.0,44,,0.0,114.93736263736264,1286.1999999999998,114.93736263736264,,0.0,114.93736263736264,,,29.999999999999858,0.0,44.0,0.0,0.0,,0.0,1.6943851162129448e-13,5.562965070686143e-26,0.9605034591069141,0.7364588201651816,0.560371744180408,0.061235012179659126,0.00394957897842696,5.322903166828181e-09,4.670328733154287e-09,4.670328733154287e-09,4.1199652927945285e-09,,0.0,0.9999999953297058,0.0,,,,,,0.0,1.0,1.0,0.0,0.0,0.7000000032999106,0.24043201981833362,211,1.2507911941002285,0.6120816194964098,114,0,0.2500000011761026,0.3327477545069237,211,0,0.3317883735158228,0.5307945133279348,130,51.79768334587948,0.9457047344382815,166.5,154.18470489620827,0.8855882162757445,43,db,436.359649122807,360.0,291.0684471867005,342,0.7759481297380488,1.0,0.1568363091833658,3,33.0,43
db36,1,periodic,1.6074752164588596e-26,316.0458385169997,7385516.778498701,0.5238095238095238,104.47074308320546,223,smoothed,9.26416392528079e-14,-2.1332648980632052e-10,6.824048030199373,29757.498692545403,0.9799973104710835,0.0001281903890618911,0.9999999999999997,370.4,,,,[],[],14,356.21428571428567,31.599999999999966,804.2,"[6, 17, 39, 52, 72, 84, 96, 110, 130, 145, 162, 181, 195, 209]","[31.599999999999966, 570.0000000000002, 406.9999999999999, 140.6, 559.4000000000002, 500.6000000000001, 804.2, 136.79999999999984, 265.8000000000002, 214.99999999999983, 564.3999999999997, 317.99999999999994, 104.99999999999977, 368.5999999999997]","[2, 2, 22, 50, 2, 78, 2, 108, 124, 140, 124, 176, 183, 176]","[8, 57, 57, 57, 78, 88, 220, 124, 140, 148, 220, 183, 203, 220]",37384270.16,804.2,-804.2,0.0,,,,DWT,mdp.39015067403884,7.450580596923828e-09,,0.0,44.0,12.0,0.0,44,,0.0,114.93736263736258,1286.2000000000007,114.93736263736261,,0.0,114.93736263736258,,,29.99999999999997,0.0,44.0,0.0,0.0,,0.0,1.5915578883427695e-13,4.7511862278822883e-26,0.9628554690404724,0.7613023003046203,0.6945551613354857,0.020808013847456897,0.012166021842626308,5.323214629857252e-09,4.67026833993113e-09,4.67026833993113e-09,4.1199350961829335e-09,,0.0,0.9999999953297749,0.0,,,,,,1.5461820291527892e-13,1.0,1.0,0.0,0.0,0.7000000033000706,0.24043201981838858,210,1.3188316265204174,0.6453775830940301,83,0,0.25000000117613463,0.3327477545069663,210,0,0.3502409951958315,0.5603149882031572,102,68.28067076413353,0.9284269698489166,151.25,127.486285898677,0.8849419964548566,44,db,436.359649122807,360.0,291.0684471867005,342,0.7759481297380488,1.0,0.1568363091833658,3,33.75,44
db29,1,antireflect,1.4387694451012576e-26,316.52736931326444,6940757.390002579,0.5392857142857143,107.16723378730968,223,smoothed,8.683835912431313e-14,-2.1966461982714262e-10,6.737356049126653,119199.38826419345,0.9946819710637896,0.0001281903890618911,1.0,370.4,,,,[],[],14,356.2142857142858,31.599999999999795,804.2000000000004,"[6, 17, 39, 52, 72, 84, 96, 110, 130, 145, 162, 181, 195, 209]","[31.599999999999795, 569.9999999999999, 406.99999999999983, 140.6, 559.3999999999999, 500.6, 804.2000000000004, 136.79999999999995, 265.80000000000007, 215.00000000000006, 564.4000000000002, 318.0, 104.99999999999966, 368.6000000000004]","[2, 2, 22, 50, 2, 78, 2, 108, 124, 140, 124, 176, 183, 176]","[8, 57, 57, 57, 78, 88, 220, 124, 140, 148, 220, 183, 203, 220]",37384270.15999999,804.2000000000004,-804.2000000000004,0.0,,,,DWT,mdp.39015067403884,0.0,,0.0,44.0,12.0,0.0,44,,3.410605131648481e-13,114.9373626373627,1286.199999999999,114.93736263736264,,0.0,114.9373626373627,,,29.9999999999998,0.0,44.0,3.410605131648481e-13,3.410605131648481e-13,,0.0,1.461943875726525e-13,4.193473607154437e-26,0.9646898997177973,0.6296326696996468,0.5101240950181494,0.2047508562589761,0.696410681485214,5.322747435313645e-09,4.670389126377444e-09,4.670389126377444e-09,4.1199652927945285e-09,,0.0,0.9999999953296368,1.4965876932840898e-13,,,,,,0.0,1.0,1.0,3.5279613362899533e-13,3.5279613362899533e-13,0.7000000033000817,0.2404320198183924,209,1.5091569372872964,0.7385143312537824,44,0,0.2500000011761652,0.33274775450700705,209,0,0.4293726003114186,0.6869096044674406,36,97.62684057163789,0.8976657855643209,124.5,66.58407079646018,0.8835813204551164,45,db,436.359649122807,360.0,291.0684471867005,342,0.7759481297380488,1.0,0.1568363091833658,3,34.5,45
db21,1,periodic,1.112428169815722e-26,317.6445615964243,6879669.987525294,0.5303030303030303,99.90685155315006,223,smoothed,7.525843426275762e-14,-2.1713444375848243e-10,6.640640601430349,32169.21382410722,0.981032222045416,0.0001281903890618912,0.9999999999999997,370.40000000000026,,,,[],[],14,356.21428571428567,31.599999999999966,804.2,"[6, 17, 39, 52, 72, 84, 96, 110, 130, 145, 162, 181, 195, 209]","[31.599999999999966, 570.0, 407.00000000000034, 140.59999999999977, 559.3999999999996, 500.6, 804.2, 136.80000000000007, 265.79999999999984, 215.00000000000009, 564.3999999999999, 318.00000000000006, 105.00000000000017, 368.59999999999985]","[2, 2, 22, 50, 2, 78, 2, 108, 124, 140, 124, 176, 183, 176]","[8, 57, 57, 57, 78, 88, 222, 124, 140, 148, 222, 183, 203, 222]",37384270.16,804.2,-804.2,0.0,,,,DWT,mdp.39015067403884,7.450580596923828e-09,,0.0,30.5,12.0,0.0,44,,0.0,114.93736263736258,1286.2000000000007,114.93736263736261,,0.0,114.93736263736258,,,29.99999999999997,0.0,44.0,0.0,0.0,,2.8421709430404007e-13,1.203310741728542e-13,3.1146447892275516e-26,0.9689459344565855,0.48273918411549765,0.484792612268482,0.09798682884529678,0.030616025607679682,5.323214629857252e-09,4.67026833993113e-09,4.67026833993113e-09,4.1199350961829335e-09,,1.4299518749568362e-11,0.9999999953297749,0.0,,,,,,1.5461820291527892e-13,0.0,1.0,0.0,0.0,0.6000000033072204,0.20608458858014447,230,1.1165746006471677,0.546401983861353,174,0,0.16666666784399295,0.22183183686137184,230,0,0.2950115121848089,0.4719589489437189,187,29.067450295247202,0.9695309745332839,205.25,202.11848270833053,0.8771921120045874,46,db,436.359649122807,360.0,291.0684471867005,342,0.7759481297380488,1.0,0.1568363091833658,3,35.25,46
db18,1,symmetric,9.915960353671027e-27,318.1439335584546,6488434.127861011,0.5348837209302325,98.2097505854264,223,smoothed,7.153221712024325e-14,-2.1846682241033505e-10,6.5862195788368165,31477.117045725598,0.9829146414676955,0.0001281903890618912,0.9999999999999997,370.3999999999999,,,,[],[],14,356.2142857142857,31.599999999999966,804.1999999999999,"[6, 17, 39, 52, 72, 84, 96, 110, 130, 145, 162, 181, 195, 209]","[31.599999999999966, 570.0000000000001, 407.0000000000001, 140.59999999999997, 559.3999999999997, 500.59999999999985, 804.1999999999999, 136.8, 265.79999999999995, 215.00000000000009, 564.4, 318.00000000000006, 105.00000000000006, 368.5999999999999]","[2, 2, 22, 50, 2, 78, 2, 108, 124, 140, 124, 176, 183, 176]","[8, 57, 57, 57, 78, 88, 220, 124, 140, 148, 220, 183, 203, 220]",37384270.16,804.1999999999999,-804.1999999999999,0.0,,,,DWT,mdp.39015067403884,7.450580596923828e-09,,0.0,44.0,12.0,0.0,44,,1.1368683772161603e-13,114.93736263736264,1286.1999999999998,114.93736263736261,,0.0,114.93736263736264,,,29.99999999999997,0.0,44.0,1.1368683772161603e-13,1.1368683772161603e-13,,5.684341886080802e-14,1.1200871259411038e-13,2.7151942794483976e-26,0.9708483325039177,0.40008337381598846,0.3225564714565998,0.15243079911509094,0.025321375339987004,5.323214629857252e-09,4.670328733154287e-09,4.670328733154287e-09,4.1199350961829335e-09,,2.8599037499136724e-12,0.9999999953297058,4.9886256442802994e-14,,,,,,1.5461820291527892e-13,1.0,1.0,1.175987112096651e-13,1.175987112096651e-13,0.7000000033015743,0.24043201981890505,160,1.0149297919207096,0.4966615320320224,217,0,0.25000000117640103,0.3327477545073209,162,0,0.2673200503188138,0.4276581922030702,241,40.47221268969612,0.9575762969709685,195.0,188.85284710100947,0.876586890623849,47,db,436.359649122807,360.0,291.0684471867005,342,0.7759481297380488,1.0,0.1568363091833658,3,36.0,47
db35,1,reflect,1.9969829866041792e-26,315.10353772640747,7032597.26496647,0.5273972602739726,106.21507442117661,223,smoothed,9.959945175534098e-14,-2.1188164556207332e-10,6.794047838840231,28858.002620000934,0.9783272613756189,0.00012819038906189108,1.0,370.3999999999997,,,,[],[],14,356.2142857142858,31.600000000000023,804.2,"[6, 17, 39, 52, 72, 84, 96, 110, 130, 145, 162, 181, 195, 209]","[31.600000000000023, 570.0, 407.00000000000045, 140.60000000000008, 559.3999999999999, 500.5999999999998, 804.2, 136.80000000000013, 265.8000000000002, 214.99999999999997, 564.3999999999997, 317.99999999999966, 104.99999999999994, 368.6]","[0, 0, 22, 50, 0, 78, 0, 108, 124, 140, 124, 176, 183, 176]","[8, 57, 57, 57, 78, 88, 220, 124, 140, 148, 220, 183, 203, 220]",37384270.15999998,804.2,-804.2,0.0,,,,DWT,mdp.39015067403884,7.450580596923828e-09,,0.0,44.0,12.0,0.0,44,,0.0,114.9373626373627,1286.199999999999,114.93736263736263,,0.0,114.9373626373627,,,30.00000000000003,0.0,26.0,0.0,0.0,,2.8421709430404007e-13,1.7469579340956358e-13,6.038832747224786e-26,0.9592656976469526,0.7157373695525675,0.5482078915790599,0.06345019017046433,0.005284734037151177,5.3233703613717876e-09,4.670389126377444e-09,4.670389126377444e-09,4.119950194488731e-09,,1.4299518749568362e-11,0.9999999953296368,0.0,,,,,,1.5461820291527892e-13,1.0,0.0,0.0,0.0,0.6000000033072751,0.20608458858016326,228,1.2350260188370836,0.6043668433993076,123,0,0.1666666678440158,0.22183183686140223,228,0,0.32742084042662434,0.5238073408240912,134,57.62161052938385,0.93959998896291,178.25,164.17195281782435,0.8763775626156269,48,db,436.359649122807,360.0,291.0684471867005,342,0.7759481297380488,1.0,0.1568363091833658,3,36.75,48
db21,1,reflect,1.050678179675308e-26,317.8925842454437,6575789.314451662,0.5265151515151515,106.35559475420943,223,smoothed,6.903496210162457e-14,-2.1687762696842617e-10,6.6380351176566155,29966.028263931,0.9806878682217525,0.00012819038906189122,0.9999999999999997,370.40000000000026,,,,[],[],14,356.2142857142857,31.599999999999966,804.2,"[6, 17, 39, 52, 72, 84, 96, 110, 130, 145, 162, 181, 195, 209]","[31.599999999999966, 569.9999999999999, 407.00000000000034, 140.59999999999977, 559.3999999999996, 500.6, 804.2, 136.80000000000007, 265.79999999999984, 215.00000000000009, 564.3999999999999, 318.00000000000006, 105.00000000000011, 368.6000000000001]","[1, 1, 22, 50, 1, 78, 1, 108, 124, 140, 124, 176, 183, 176]","[8, 57, 57, 57, 78, 88, 220, 124, 140, 148, 220, 183, 203, 220]",37384270.16,804.2,-804.2,0.0,,,,DWT,mdp.39015067403884,7.450580596923828e-09,,0.0,44.0,12.0,0.0,44,,0.0,114.93736263736264,1286.1999999999998,114.93736263736261,,0.0,114.93736263736264,,,29.99999999999997,0.0,26.0,0.0,0.0,,2.8421709430404007e-13,1.0643119029081988e-13,2.9105098117813436e-26,0.9698907968819214,0.4787819197665951,0.3587805751584695,0.05296585342988985,0.013761306180664054,5.323214629857252e-09,4.670328733154287e-09,4.670328733154287e-09,4.1199350961829335e-09,,1.4299518749568362e-11,0.9999999953297058,0.0,,,,,,1.5461820291527892e-13,1.0,0.0,0.0,0.0,0.6000000033072221,0.20608458858014508,229,1.0274065894359388,0.5027671222098808,212,0,0.16666666784399725,0.22183183686137756,229,0,0.2677400644882353,0.42833013020465394,240,11.561430130683084,0.9878811004919464,227.5,227.04990548940899,0.8747057494073989,49,db,436.359649122807,360.0,291.0684471867005,342,0.7759481297380488,1.0,0.1568363091833658,3,37.5,49
db21,1,antisymmetric,1.1441398019811856e-26,317.5224904356677,6560198.620108385,0.5303030303030303,99.90685155315006,223,smoothed,7.432818685400777e-14,-2.1696893170997133e-10,6.6258311860513865,97216.64006935529,0.9940459605060054,0.00012819038906189122,0.9999999999999997,370.40000000000026,,,,[],[],14,356.2142857142857,31.59999999999991,804.2,"[6, 17, 39, 52, 72, 84, 96, 110, 130, 145, 162, 181, 195, 209]","[31.59999999999991, 570.0, 407.00000000000034, 140.59999999999977, 559.3999999999996, 500.6, 804.2, 136.80000000000007, 265.79999999999984, 215.00000000000009, 564.3999999999999, 318.00000000000006, 105.00000000000011, 368.6000000000001]","[1, 1, 22, 50, 1, 78, 1, 108, 124, 140, 124, 176, 183, 176]","[8, 57, 57, 57, 78, 88, 220, 124, 140, 148, 220, 183, 203, 220]",37384270.16,804.2,-804.2,0.0,,,,DWT,mdp.39015067403884,7.450580596923828e-09,,0.0,44.0,12.0,0.0,44,,0.0,114.93736263736264,1286.1999999999998,114.93736263736261,,0.0,114.93736263736264,,,29.999999999999915,0.0,26.0,0.0,0.0,,2.8421709430404007e-13,1.182534026370291e-13,3.21947805806143e-26,0.9684808944553113,0.46024632804859134,0.35231548761511045,0.09798682884529678,0.5282391666768581,5.323058898342716e-09,4.670328733154287e-09,4.670328733154287e-09,4.1199350961829335e-09,,1.4299518749568362e-11,0.9999999953297058,0.0,,,,,,1.5461820291527892e-13,1.0,0.0,0.0,0.0,0.6000000033071754,0.206084588580129,234,1.2378598427139351,0.6057535908565109,120,0,0.1666666678439843,0.2218318368613603,234,0,0.34389552937732665,0.5501635220583927,112,68.20557161991974,0.9285056901258703,175.0,154.98521584861027,0.8725337674948009,50,db,436.359649122807,360.0,291.0684471867005,342,0.7759481297380488,1.0,0.1568363091833658,3,38.25,50
db35,1,symmetric,1.870988811316844e-26,315.38656947146484,7006046.091880661,0.523972602739726,105.21097634525347,223,smoothed,9.787885499610128e-14,-2.126572029581555e-10,6.781213979209978,29722.197081350965,0.9804326268262717,0.0001281903890618911,0.9999999999999999,370.39999999999975,,,,[],[],14,356.2142857142858,31.600000000000193,804.2,"[6, 17, 39, 52, 72, 84, 96, 110, 130, 145, 162, 181, 195, 209]","[31.600000000000193, 569.9999999999998, 407.00000000000045, 140.6000000000001, 559.3999999999999, 500.5999999999998, 804.2, 136.80000000000013, 265.8000000000002, 214.99999999999997, 564.3999999999999, 317.9999999999996, 104.99999999999989, 368.6]","[0, 0, 22, 50, 0, 78, 0, 108, 124, 140, 124, 176, 183, 176]","[8, 57, 57, 57, 78, 88, 220, 124, 140, 148, 220, 183, 203, 220]",37384270.15999998,804.2,-804.2,0.0,,,,DWT,mdp.39015067403884,7.450580596923828e-09,,0.0,44.0,12.0,0.0,44,,0.0,114.9373626373627,1286.199999999999,114.93736263736263,,0.0,114.9373626373627,,,30.0000000000002,0.0,26.0,0.0,0.0,,2.2737367544323206e-13,1.708529072293059e-13,5.62231740734944e-26,0.9603439300670128,0.6962450297093473,0.5371977560072178,0.022746294589411298,0.0118959589106796,5.323837555915394e-09,4.670389126377444e-09,4.670389126377444e-09,4.119950194488731e-09,,1.1439614999654688e-11,0.9999999953296368,0.0,,,,,,1.5461820291527892e-13,1.0,0.0,0.0,0.0,0.6000000033059852,0.20608458857972023,240,1.206784652298578,0.5905467737911942,137,0,0.1666666678438164,0.22183183686113683,240,0,0.31834699561197716,0.5092910182918486,152,55.47597077414088,0.9418490872388461,192.25,180.0864802536754,0.8701645855481442,51,db,436.359649122807,360.0,291.0684471867005,342,0.7759481297380488,1.0,0.1568363091833658,3,39.0,51
coif11,1,periodic,3.558535238166344e-26,312.5945686677637,7502482.625320556,0.5416666666666666,106.35550306397903,223,smoothed,1.3387808549850134e-13,-2.459156211997996e-10,6.789048986224014,30960.568315030145,0.9812103905969494,0.0001281903890618912,1.0,370.4000000000002,,,,[],[],14,356.2142857142858,31.600000000000364,804.2000000000003,"[6, 17, 39, 52, 72, 84, 96, 110, 130, 145, 162, 181, 195, 209]","[31.600000000000364, 570.0, 407.0, 140.59999999999988, 559.4000000000003, 500.60000000000014, 804.2000000000003, 136.79999999999978, 265.79999999999995, 215.00000000000014, 564.4, 318.00000000000006, 105.00000000000006, 368.60000000000014]","[0, 0, 22, 50, 0, 78, 0, 108, 124, 140, 124, 176, 183, 176]","[8, 57, 57, 57, 78, 88, 220, 124, 140, 148, 220, 183, 203, 220]",37384270.16000001,804.2000000000003,-804.2000000000003,0.0,,,,DWT,mdp.39015067403884,2.2351741790771484e-08,,0.0,44.0,12.0,0.0,44,,2.2737367544323206e-13,114.9373626373627,1286.199999999999,114.93736263736271,,0.0,114.9373626373627,,,30.00000000000037,0.0,26.0,2.2737367544323206e-13,2.2737367544323206e-13,,2.2737367544323206e-13,2.5125579341090793e-13,1.1201059217688496e-25,0.9497075762446723,0.7081450055382544,0.7430580966529557,0.2330497550915175,0.02136969551617927,5.3243047504590015e-09,4.670389126377444e-09,4.670389126377444e-09,4.120040784323516e-09,,1.1439614999654688e-11,0.9999999953296368,9.977251288560599e-14,,,,,,4.638546087458368e-13,1.0,0.0,2.351974224193302e-13,2.351974224193302e-13,0.6000000033064512,0.20608458857988027,237,1.3971938770855625,0.6837245857428623,70,0,0.16666666784393616,0.22183183686129626,237,0,0.3793328755776902,0.6068561322627055,76,94.71712270404615,0.9007158042934527,155.0,111.47517793201008,0.8691210048720932,52,coif,462.58169934640523,492.0,268.41090882948885,153,0.8225769847886951,0.9221573531030026,0.14754890471701262,4,40.0,52
coif11,1,reflect,3.4467964843785306e-26,312.7331249622642,7338373.877567521,0.5416666666666666,111.23538275245477,223,smoothed,1.3236646457539906e-13,-2.4661774844503314e-10,6.795508665592544,29515.19755990251,0.9778635664926245,0.00012819038906189113,1.0,370.4000000000002,,,,[],[],14,356.2142857142858,31.599999999999852,804.2000000000003,"[6, 17, 39, 52, 72, 84, 96, 110, 130, 145, 162, 181, 195, 209]","[31.599999999999852, 570.0, 407.00000000000034, 140.59999999999985, 559.4000000000003, 500.60000000000014, 804.2000000000003, 136.79999999999978, 265.79999999999995, 215.00000000000014, 564.4, 318.00000000000017, 105.00000000000006, 368.60000000000025]","[0, 0, 22, 50, 0, 78, 0, 108, 124, 140, 124, 176, 183, 176]","[8, 57, 57, 57, 78, 88, 220, 124, 140, 148, 220, 183, 203, 220]",37384270.16000001,804.2000000000003,-804.2000000000003,0.0,,,,DWT,mdp.39015067403884,2.2351741790771484e-08,,0.0,44.0,12.0,0.0,44,,2.2737367544323206e-13,114.9373626373627,1286.199999999999,114.93736263736271,,0.0,114.9373626373627,,,29.999999999999858,0.0,26.0,2.2737367544323206e-13,2.2737367544323206e-13,,2.2737367544323206e-13,2.4787964666183176e-13,1.083166987960965e-25,0.9502354177018328,0.7179561043937234,0.6750061294028955,0.2330497550915175,0.010312379697650823,5.322903166828181e-09,4.670389126377444e-09,4.670389126377444e-09,4.120040784323516e-09,,1.1439614999654688e-11,0.9999999953296368,9.977251288560599e-14,,,,,,4.638546087458368e-13,1.0,0.0,2.351974224193302e-13,2.351974224193302e-13,0.6000000033060308,0.20608458857973586,238,1.363967221435151,0.6674649372124909,75,0,0.16666666784381937,0.2218318368611408,238,0,0.36950854089826696,0.5911391772359903,87,90.77628177741879,0.9048466648035443,159.5,120.36972445064528,0.8688279445611012,53,coif,462.58169934640523,492.0,268.41090882948885,153,0.8225769847886951,0.9221573531030026,0.14754890471701262,4,40.75,53
db35,1,antireflect,2.1306252214300247e-26,314.8222107382578,7034105.778864741,0.5273972602739726,108.4014539637815,223,smoothed,1.037018005100097e-13,-2.1206818523467088e-10,6.79259080707065,124324.0280936846,0.9950753540599679,0.00012819038906189116,1.0,370.3999999999997,,,,[],[],14,356.21428571428567,31.599999999999852,804.2,"[6, 17, 39, 52, 72, 84, 96, 110, 130, 145, 162, 181, 195, 209]","[31.599999999999852, 570.0, 407.0000000000003, 140.60000000000008, 559.3999999999999, 500.5999999999998, 804.2, 136.80000000000013, 265.8000000000002, 214.99999999999997, 564.3999999999999, 317.99999999999955, 104.99999999999994, 368.5999999999996]","[0, 0, 22, 50, 0, 78, 0, 108, 124, 140, 124, 176, 183, 176]","[8, 57, 57, 57, 78, 88, 220, 124, 140, 148, 220, 183, 203, 220]",37384270.15999998,804.2,-804.2,0.0,,,,DWT,mdp.39015067403884,7.450580596923828e-09,,0.0,44.0,12.0,0.0,44,,0.0,114.93736263736258,1286.2000000000007,114.93736263736255,,0.0,114.93736263736258,,,29.999999999999858,0.0,26.0,0.0,0.0,,2.8421709430404007e-13,1.838582303671223e-13,6.480631272698234e-26,0.9581939596367892,0.7135243986121582,0.5488334361634101,0.06345019017046433,0.7356149900336387,5.322903166828181e-09,4.67026833993113e-09,4.67026833993113e-09,4.119874702959744e-09,,1.4299518749568362e-11,0.9999999953297749,0.0,,,,,,1.5461820291527892e-13,1.0,0.0,0.0,0.0,0.6000000033071088,0.20608458858010614,235,1.5257213652515542,0.7466202261003543,35,0,0.16666666784396197,0.2218318368613306,235,0,0.4313738535166635,0.6901112061687531,33,116.05027646096612,0.8783540079025512,134.5,59.360306178239476,0.8686843414774811,54,db,436.359649122807,360.0,291.0684471867005,342,0.7759481297380488,1.0,0.1568363091833658,3,41.25,54
db35,1,antisymmetric,1.984878747324382e-26,315.1299415589376,7006924.29823706,0.523972602739726,101.11011271414932,223,smoothed,9.794656366486763e-14,-2.1370396563469313e-10,6.780364062047018,122423.302742513,0.9952829583195277,0.00012819038906189105,0.9999999999999997,370.39999999999975,,,,[],[],14,356.2142857142858,31.600000000000193,804.2,"[6, 17, 39, 52, 72, 84, 96, 110, 130, 145, 162, 181, 195, 209]","[31.600000000000193, 570.0, 407.0000000000008, 140.60000000000005, 559.3999999999999, 500.5999999999998, 804.2, 136.80000000000013, 265.8000000000002, 214.99999999999997, 564.3999999999997, 317.9999999999996, 104.99999999999977, 368.6]","[1, 1, 22, 50, 1, 78, 1, 108, 124, 140, 124, 176, 183, 176]","[8, 57, 57, 57, 78, 88, 220, 124, 140, 148, 220, 183, 203, 220]",37384270.15999998,804.2,-804.2,0.0,,,,DWT,mdp.39015067403884,7.450580596923828e-09,,0.0,44.0,12.0,0.0,44,,0.0,114.9373626373627,1286.199999999999,114.93736263736264,,0.0,114.9373626373627,,,30.0000000000002,0.0,26.0,0.0,0.0,,2.2737367544323206e-13,1.7100413191695487e-13,5.9988181884084e-26,0.959366285191442,0.6949541573875123,0.5375619271499675,0.022746294589411298,0.7210741392397316,5.323837555915394e-09,4.670389126377444e-09,4.670389126377444e-09,4.1199652927945285e-09,,1.1439614999654688e-11,0.9999999953296368,0.0,,,,,,1.5461820291527892e-13,1.0,0.0,0.0,0.0,0.6000000033059898,0.20608458857972178,239,1.4894059869153138,0.7288490939645378,54,0,0.16666666784381765,0.2218318368611385,239,0,0.4193861147940338,0.6709332407875243,47,108.86803938714061,0.8858825582944019,144.75,83.05076159507104,0.8670764992729871,55,db,436.359649122807,360.0,291.0684471867005,342,0.7759481297380488,1.0,0.1568363091833658,3,42.0,55
db35,1,periodic,2.1484344638639587e-26,314.78606027089546,7333330.753698069,0.523972602739726,101.11011271414932,223,smoothed,1.0197522945646709e-13,-2.1303421249285762e-10,6.8105024255878535,29870.341831498376,0.9805680483689048,0.00012819038906189108,0.9999999999999999,370.39999999999975,,,,[],[],14,356.2142857142857,31.59999999999991,804.2,"[6, 17, 39, 52, 72, 84, 96, 110, 130, 145, 162, 181, 195, 209]","[31.59999999999991, 570.0000000000001, 407.00000000000034, 140.59999999999994, 559.3999999999999, 500.5999999999998, 804.2, 136.80000000000013, 265.8000000000002, 214.99999999999997, 564.3999999999999, 317.9999999999997, 105.00000000000006, 368.5999999999999]","[1, 1, 22, 50, 1, 78, 1, 108, 124, 140, 124, 176, 183, 176]","[8, 57, 57, 57, 78, 88, 220, 124, 140, 148, 220, 183, 203, 220]",37384270.15999998,804.2,-804.2,0.0,,,,DWT,mdp.39015067403884,7.450580596923828e-09,,0.0,44.0,12.0,0.0,44,,0.0,114.93736263736264,1286.1999999999998,114.93736263736263,,0.0,114.93736263736264,,,29.999999999999915,0.0,26.0,0.0,0.0,,2.2737367544323206e-13,1.800020008320721e-13,6.539505602788302e-26,0.9580562414953048,0.740728946997309,0.6729148667182367,0.022746294589411298,0.01302928977642847,5.323058898342716e-09,4.670328733154287e-09,4.670328733154287e-09,4.119950194488731e-09,,1.1439614999654688e-11,0.9999999953297058,0.0,,,,,,1.5461820291527892e-13,1.0,0.0,0.0,0.0,0.60000000330575,0.20608458857963943,244,1.2959658855013456,0.6341881056976795,88,0,0.1666666678437472,0.22183183686104474,244,0,0.3439250913681244,0.5502108152843493,111,83.95385637360562,0.9119980541157173,171.75,140.01010397697235,0.8659833037874184,56,db,436.359649122807,360.0,291.0684471867005,342,0.7759481297380488,1.0,0.1568363091833658,3,42.75,56
db24,1,periodic,1.2185021466485933e-26,317.2490183891102,6954466.8882357115,0.5296296296296297,96.8456217202898,223,smoothed,7.769768884085218e-14,-2.1824646534440755e-10,6.676596146780194,31514.767487057714,0.9815237809477972,0.0001281903890618911,0.9999999999999999,370.3999999999998,,,,[],[],14,356.21428571428584,31.600000000000136,804.2,"[6, 17, 39, 52, 72, 84, 96, 110, 130, 145, 162, 181, 195, 209]","[31.600000000000136, 570.0000000000005, 407.0000000000002, 140.60000000000008, 559.3999999999999, 500.59999999999997, 804.2, 136.79999999999978, 265.8000000000001, 215.00000000000017, 564.4, 317.99999999999994, 105.00000000000051, 368.59999999999997]","[0, 0, 22, 50, 0, 78, 0, 108, 124, 140, 124, 176, 183, 176]","[8, 57, 57, 57, 78, 88, 220, 124, 140, 148, 220, 183, 203, 220]",37384270.15999998,804.2,-804.2,0.0,,,,DWT,mdp.39015067403884,7.450580596923828e-09,,0.0,44.0,12.0,0.0,44,,0.0,114.93736263736275,1286.199999999998,114.9373626373627,,0.0,114.93736263736275,,,30.000000000000142,0.0,26.0,0.0,0.0,,1.7053025658242404e-13,1.2577905474003362e-13,3.465307337013711e-26,0.9674390804831056,0.5373492335783562,0.5158090955897208,0.08998309988255859,0.025609407195508686,5.323681824400859e-09,4.6704495196006005e-09,4.6704495196006005e-09,4.120025686017718e-09,,8.579711249741017e-12,0.9999999953295678,0.0,,,,,,1.5461820291527892e-13,1.0,0.0,0.0,0.0,0.600000003304533,0.2060845885792214,249,1.1532796157051663,0.5643637868915553,157,0,0.16666666784357573,0.2218318368608165,249,0,0.30516998810419654,0.48821046259577205,174,48.70574914730293,0.9489457556107935,207.25,198.52415453649994,0.8658512845139921,57,db,436.359649122807,360.0,291.0684471867005,342,0.7759481297380488,1.0,0.1568363091833658,3,43.5,57
db24,1,zero,1.1922497047211217e-26,317.3436091398754,5854347.523517403,0.5740740740740741,60.184572884844876,223,smoothed,7.486985620413876e-14,-2.1851329634614584e-10,6.385727873144576,44997.66463648833,0.9892934329564449,0.0001281903890618911,0.9999999999999999,370.3999999999998,,,,[],[],14,356.2142857142858,31.600000000000136,804.2,"[6, 17, 39, 52, 72, 84, 96, 110, 130, 145, 162, 181, 195, 209]","[31.600000000000136, 570.0000000000002, 407.0000000000002, 140.60000000000008, 559.3999999999999, 500.59999999999997, 804.2, 136.79999999999978, 265.8000000000001, 215.00000000000017, 564.4, 318.00000000000006, 105.00000000000023, 368.6000000000001]","[1, 1, 22, 50, 1, 78, 1, 108, 124, 140, 124, 176, 183, 176]","[8, 57, 57, 57, 78, 88, 220, 124, 140, 148, 220, 183, 203, 220]",37384270.15999998,804.2,-804.2,0.0,,,,DWT,mdp.39015067403884,7.450580596923828e-09,,0.0,44.0,12.0,0.0,44,,0.0,114.9373626373627,1286.199999999999,114.9373626373627,,0.0,114.9373626373627,,,30.000000000000142,0.0,26.0,0.0,0.0,,1.7053025658242404e-13,1.1946320013822124e-13,3.3785212237109184e-26,0.9677994316306145,0.09557229330769701,0.059615943158678755,0.618229211423333,0.12875571163061272,5.323681824400859e-09,4.670389126377444e-09,4.670389126377444e-09,4.120025686017718e-09,,8.579711249741017e-12,0.9999999953296368,0.0,,,,,,1.5461820291527892e-13,1.0,0.0,0.0,0.0,0.6000000033045312,0.2060845885792208,252,0.9570677464331707,0.4683464186250521,265,0,0.1666666678435714,0.22183183686081076,251,0,0.267138941593008,0.4273684547509864,242,9.46924847422786,0.9900741630249184,252.5,252.23648595561926,0.8626995553070085,58,db,436.359649122807,360.0,291.0684471867005,342,0.7759481297380488,1.0,0.1568363091833658,3,44.25,58
db24,1,constant,1.1922497047211217e-26,317.3436091398754,5854347.523517403,0.5740740740740741,60.184572884844876,223,smoothed,7.486985620413876e-14,-2.1851329634614584e-10,6.385727873144576,44997.66463648833,0.9892934329564449,0.0001281903890618911,0.9999999999999999,370.3999999999998,,,,[],[],14,356.2142857142858,31.600000000000136,804.2,"[6, 17, 39, 52, 72, 84, 96, 110, 130, 145, 162, 181, 195, 209]","[31.600000000000136, 570.0000000000002, 407.0000000000002, 140.60000000000008, 559.3999999999999, 500.59999999999997, 804.2, 136.79999999999978, 265.8000000000001, 215.00000000000017, 564.4, 318.00000000000006, 105.00000000000023, 368.6000000000001]","[1, 1, 22, 50, 1, 78, 1, 108, 124, 140, 124, 176, 183, 176]","[8, 57, 57, 57, 78, 88, 220, 124, 140, 148, 220, 183, 203, 220]",37384270.15999998,804.2,-804.2,0.0,,,,DWT,mdp.39015067403884,7.450580596923828e-09,,0.0,44.0,12.0,0.0,44,,0.0,114.9373626373627,1286.199999999999,114.9373626373627,,0.0,114.9373626373627,,,30.000000000000142,0.0,26.0,0.0,0.0,,1.7053025658242404e-13,1.1946320013822124e-13,3.3785212237109184e-26,0.9677994316306145,0.09557229330769701,0.059615943158678755,0.618229211423333,0.12875571163061272,5.323681824400859e-09,4.670389126377444e-09,4.670389126377444e-09,4.120025686017718e-09,,8.579711249741017e-12,0.9999999953296368,0.0,,,,,,1.5461820291527892e-13,1.0,0.0,0.0,0.0,0.6000000033045312,0.2060845885792208,251,0.9570677464331707,0.4683464186250521,266,0,0.1666666678435714,0.22183183686081076,252,0,0.267138941593008,0.4273684547509864,243,9.556847457887633,0.9899823401908935,253.0,252.7335894555035,0.8623915893826585,59,db,436.359649122807,360.0,291.0684471867005,342,0.7759481297380488,1.0,0.1568363091833658,3,45.0,59
coif14,1,reflect,2.3994492079693936e-26,314.3061657640228,7738576.050832946,0.5392156862745098,111.42765283416887,223,smoothed,1.1215343551720104e-13,-2.3286828021440473e-10,6.895105050156396,28736.768222383544,0.9777264453854857,0.0001281903890618912,0.9999999999999999,370.40000000000015,,,,[],[],14,356.2142857142857,31.60000000000025,804.2,"[6, 17, 39, 52, 72, 84, 96, 110, 130, 145, 162, 181, 195, 209]","[31.60000000000025, 570.0, 406.9999999999998, 140.60000000000008, 559.4000000000001, 500.5999999999997, 804.2, 136.80000000000018, 265.80000000000007, 215.00000000000006, 564.4000000000004, 318.00000000000034, 105.0, 368.5999999999999]","[0, 0, 22, 50, 0, 78, 0, 108, 124, 140, 124, 176, 183, 176]","[8, 57, 57, 57, 78, 88, 220, 124, 140, 148, 220, 183, 203, 220]",37384270.16,804.2,-804.2,0.0,,,,DWT,mdp.39015067403884,7.450580596923828e-09,,0.0,44.0,12.0,0.0,44,,0.0,114.93736263736264,1286.1999999999998,114.93736263736268,,0.0,114.93736263736264,,,30.000000000000256,0.0,26.0,0.0,0.0,,1.7053025658242404e-13,2.0273462961366573e-13,7.369317704945913e-26,0.9562280443953151,0.8692252183630198,0.8409603857198507,0.20391853570507784,0.004357271641936077,5.32399328742993e-09,4.670328733154287e-09,4.670328733154287e-09,4.120010587711921e-09,,8.579711249741017e-12,0.9999999953297058,0.0,,,,,,1.5461820291527892e-13,1.0,0.0,0.0,0.0,0.6000000033046184,0.20608458857925077,247,1.5121399516174905,0.7399740858881437,41,0,0.16666666784359177,0.22183183686083788,247,0,0.4106699222607718,0.6569890898073671,53,115.57393016304903,0.8788533226802421,147.0,77.88869539979684,0.8623826361828884,60,coif,462.58169934640523,492.0,268.41090882948885,153,0.8225769847886951,0.9221573531030026,0.14754890471701262,4,46.0,60
coif11,1,antireflect,3.289430606497312e-26,312.9360740853737,7338891.419080925,0.5416666666666666,111.23538275245477,223,smoothed,1.2977859942651946e-13,-2.456112202509079e-10,6.7950294436449346,135424.8512721042,0.9952402740451901,0.00012819038906189116,1.0,370.40000000000015,,,,[],[],14,356.2142857142858,31.600000000000136,804.2000000000003,"[6, 17, 39, 52, 72, 84, 96, 110, 130, 145, 162, 181, 195, 209]","[31.600000000000136, 570.0000000000002, 407.0000000000001, 140.59999999999985, 559.4000000000003, 500.60000000000014, 804.2000000000003, 136.79999999999978, 265.79999999999995, 215.00000000000014, 564.4, 318.00000000000017, 104.99999999999994, 368.60000000000025]","[1, 1, 22, 50, 1, 78, 1, 108, 124, 140, 124, 176, 183, 176]","[8, 57, 57, 57, 78, 88, 220, 124, 140, 148, 220, 183, 203, 220]",37384270.16000001,804.2000000000003,-804.2000000000003,0.0,,,,DWT,mdp.39015067403884,2.2351741790771484e-08,,0.0,44.0,12.0,0.0,44,,2.2737367544323206e-13,114.9373626373627,1286.199999999999,114.93736263736272,,0.0,114.9373626373627,,,30.000000000000142,0.0,26.0,2.2737367544323206e-13,2.2737367544323206e-13,,1.7053025658242404e-13,2.420997501441873e-13,1.0311445020317553e-25,0.9510085688694347,0.7172282518745088,0.675220741473263,0.2330497550915175,0.8205380502892664,5.323681824400859e-09,4.670389126377444e-09,4.670389126377444e-09,4.120055882629313e-09,,8.579711249741017e-12,0.9999999953296368,9.977251288560599e-14,,,,,,4.638546087458368e-13,1.0,0.0,2.351974224193302e-13,2.351974224193302e-13,0.6000000033048389,0.20608458857932652,245,1.6882647601479333,0.8261617393888208,15,0,0.16666666784364717,0.2218318368609116,245,0,0.4852921953711761,0.7763696838870822,18,131.93022145563666,0.8617083632540496,130.75,30.678260869565218,0.8623269279582617,61,coif,462.58169934640523,492.0,268.41090882948885,153,0.8225769847886951,0.9221573531030026,0.14754890471701262,4,46.75,61
db24,1,smooth,1.1922497047211217e-26,317.3436091398754,5854347.523517403,0.5740740740740741,60.184572884844876,223,smoothed,7.486985620413876e-14,-2.1851329634614584e-10,6.385727873144576,44997.66463648833,0.9892934329564449,0.0001281903890618911,0.9999999999999999,370.3999999999998,,,,[],[],14,356.2142857142858,31.600000000000136,804.2,"[6, 17, 39, 52, 72, 84, 96, 110, 130, 145, 162, 181, 195, 209]","[31.600000000000136, 570.0000000000002, 407.0000000000002, 140.60000000000008, 559.3999999999999, 500.59999999999997, 804.2, 136.79999999999978, 265.8000000000001, 215.00000000000017, 564.4, 318.00000000000006, 105.00000000000023, 368.6000000000001]","[1, 1, 22, 50, 1, 78, 1, 108, 124, 140, 124, 176, 183, 176]","[8, 57, 57, 57, 78, 88, 220, 124, 140, 148, 220, 183, 203, 220]",37384270.15999998,804.2,-804.2,0.0,,,,DWT,mdp.39015067403884,7.450580596923828e-09,,0.0,44.0,12.0,0.0,44,,0.0,114.9373626373627,1286.199999999999,114.9373626373627,,0.0,114.9373626373627,,,30.000000000000142,0.0,26.0,0.0,0.0,,1.7053025658242404e-13,1.1946320013822124e-13,3.3785212237109184e-26,0.9677994316306145,0.09557229330769701,0.059615943158678755,0.618229211423333,0.12875571163061272,5.323681824400859e-09,4.670389126377444e-09,4.670389126377444e-09,4.120025686017718e-09,,8.579711249741017e-12,0.9999999953296368,0.0,,,,,,1.5461820291527892e-13,1.0,0.0,0.0,0.0,0.6000000033045312,0.2060845885792208,250,0.9570677464331707,0.4683464186250521,267,0,0.1666666678435714,0.22183183686081076,253,0,0.267138941593008,0.4273684547509864,244,9.746794344808963,0.9897832344394036,253.5,253.2246869628319,0.862029981999576,62,db,436.359649122807,360.0,291.0684471867005,342,0.7759481297380488,1.0,0.1568363091833658,3,47.25,62
bior2.8,1,antireflect,6.301969486974871e-27,320.11251841468027,6119233.0683840765,0.5458333333333333,98.12616969047963,223,smoothed,5.6079904651037796e-14,-2.3205850574470376e-10,6.44083492098054,57685.62093380934,0.9914221976009124,0.0001281903890618911,1.0,370.40000000000015,,,,[],[],14,356.21428571428584,31.600000000000023,804.2,"[6, 17, 39, 52, 72, 84, 96, 110, 130, 145, 162, 181, 195, 209]","[31.600000000000023, 570.0000000000001, 407.0000000000001, 140.59999999999994, 559.4000000000002, 500.60000000000025, 804.2, 136.7999999999999, 265.80000000000007, 215.00000000000003, 564.4000000000002, 318.00000000000006, 104.99999999999989, 368.60000000000014]","[0, 0, 22, 50, 0, 78, 0, 108, 124, 140, 124, 176, 183, 176]","[8, 57, 57, 57, 78, 88, 220, 124, 140, 148, 220, 183, 203, 220]",37384270.16,804.2,-804.2,0.0,,,,DWT,mdp.39015067403884,7.450580596923828e-09,,0.0,44.0,12.0,0.0,44,,0.0,114.93736263736275,1286.199999999998,114.93736263736271,,0.0,114.93736263736275,,,30.00000000000003,0.0,26.0,0.0,0.0,,1.7053025658242404e-13,7.749657154650537e-14,1.5204702926327518e-26,0.9783478163981778,0.17927005338316898,0.1694576345437618,0.282572828048465,0.2258205923011618,5.3233703613717876e-09,4.6704495196006005e-09,4.6704495196006005e-09,4.120040784323516e-09,,8.579711249741017e-12,0.9999999953295678,0.0,,,,,,1.5461820291527892e-13,1.0,0.0,0.0,0.0,0.600000003304444,0.20608458857919087,256,0.964729901942246,0.47209593698986746,251,0,0.16666666784355103,0.22183183686078364,254,0,0.2622098463821162,0.419482896056183,267,6.97614984548545,0.9926874739565142,257.0,256.8607511266174,0.8616477202067687,63,bior,507.7185185185185,497.0,255.1009648481275,135,0.902840662902225,0.8764294698164163,0.10508269502351761,6,48.75,63
coif14,1,symmetric,2.2036704027446146e-26,314.6758149879389,7686408.311515318,0.5392156862745098,106.40152743987942,223,smoothed,1.045969489397299e-13,-2.3090664935665508e-10,6.8828746853712115,29502.11298781411,0.9800794346988144,0.0001281903890618911,0.9999999999999996,370.40000000000015,,,,[],[],14,356.2142857142858,31.599999999999966,804.2,"[6, 17, 39, 52, 72, 84, 96, 110, 130, 145, 162, 181, 195, 209]","[31.599999999999966, 570.0, 407.0000000000001, 140.6000000000001, 559.4000000000001, 500.5999999999997, 804.2, 136.80000000000018, 265.80000000000007, 215.00000000000006, 564.4000000000005, 318.0000000000003, 105.00000000000006, 368.5999999999997]","[2, 2, 22, 50, 2, 78, 2, 108, 124, 140, 124, 176, 183, 176]","[8, 57, 57, 57, 78, 88, 222, 124, 140, 148, 222, 183, 203, 222]",37384270.160000004,804.2,-804.2,0.0,,,,DWT,mdp.39015067403884,1.4901161193847656e-08,,0.0,30.5,12.0,0.0,44,,0.0,114.9373626373627,1286.199999999999,114.93736263736268,,0.0,114.9373626373627,,,29.99999999999997,0.0,44.0,0.0,0.0,,1.7053025658242404e-13,1.8585750969354105e-13,6.722106233363031e-26,0.9576362531359836,0.8506494793672925,0.8193276736544621,0.20391853570507784,0.010212280643191296,5.323214629857252e-09,4.670389126377444e-09,4.670389126377444e-09,4.120010587711921e-09,,8.579711249741017e-12,0.9999999953296368,0.0,,,,,,3.0923640583055783e-13,0.0,1.0,0.0,0.0,0.6000000033044639,0.2060845885791977,254,1.4952226549318308,0.7316955127724218,49,0,0.1666666678435441,0.2218318368607744,261,0,0.4059634603580277,0.6494596995255695,58,117.87139884919779,0.8764450745815537,155.5,88.07087083830388,0.8567235855088062,64,coif,462.58169934640523,492.0,268.41090882948885,153,0.8225769847886951,0.9221573531030026,0.14754890471701262,4,49.0,64
db38,1,smooth,1.940014848022252e-26,315.2292308369147,5851522.926723116,0.5704697986577181,47.25525615645351,223,smoothed,9.941225720051627e-14,-2.136139487518565e-10,6.388810336753715,48726.288415837116,0.9905041862338715,0.00012819038906189127,0.9999999999999999,370.3999999999999,,,,[],[],14,356.2142857142857,31.599999999999966,804.1999999999999,"[6, 17, 39, 52, 72, 84, 96, 110, 130, 145, 162, 181, 195, 209]","[31.599999999999966, 570.0, 406.99999999999966, 140.59999999999985, 559.4000000000001, 500.60000000000025, 804.1999999999999, 136.79999999999995, 265.79999999999995, 214.9999999999999, 564.4000000000001, 317.9999999999999, 104.99999999999977, 368.5999999999999]","[2, 2, 22, 50, 2, 78, 2, 108, 124, 140, 124, 176, 183, 176]","[8, 57, 57, 57, 78, 88, 220, 124, 140, 148, 220, 183, 203, 220]",37384270.15999998,804.1999999999999,-804.1999999999999,0.0,,,,DWT,mdp.39015067403884,7.450580596923828e-09,,0.0,44.0,12.0,0.0,44,,1.1368683772161603e-13,114.93736263736264,1286.1999999999998,114.93736263736257,,0.0,114.93736263736264,,,29.99999999999997,0.0,44.0,1.1368683772161603e-13,1.1368683772161603e-13,,5.684341886080802e-14,1.7427770162606326e-13,5.850505758700086e-26,0.9597445357599694,0.100254004807958,0.058444650517845885,0.5753904607670616,0.15728027569175146,5.323214629857252e-09,4.670328733154287e-09,4.670328733154287e-09,4.119889801265541e-09,,2.8599037499136724e-12,0.9999999953297058,4.9886256442802994e-14,,,,,,1.5461820291527892e-13,1.0,1.0,1.175987112096651e-13,1.175987112096651e-13,0.7000000033015608,0.24043201981890042,163,0.9482643437024612,0.4640384245922287,282,0,0.25000000117639726,0.33274775450731586,164,0,0.26444484679210867,0.4230584461646413,249,60.41247111869094,0.9366745585757956,214.5,202.07435541058825,0.8559158956400991,66,db,436.359649122807,360.0,291.0684471867005,342,0.7759481297380488,1.0,0.1568363091833658,3,50.25,65
sym18,1,reflect,1.3723248658576796e-19,246.73271204917825,6675698.970413712,0.5465116279069767,107.8516476438333,223,smoothed,2.826356926277641e-10,,6.606906972585776,31174.88207665023,0.9801030226376081,0.0001281903890607446,0.9999999999999999,370.40000000005847,,,,[],[],14,356.2142857154102,31.600000000568002,804.2000000015179,"[6, 17, 39, 52, 72, 84, 96, 110, 130, 145, 162, 181, 195, 209]","[31.600000000568002, 570.0000000014538, 407.00000000122634, 140.6000000008411, 559.4000000015054, 500.6000000013679, 804.2000000015179, 136.80000000109743, 265.8000000007643, 215.00000000127596, 564.4000000008965, 318.0000000019351, 105.00000000026336, 368.60000000102866]","[2, 2, 22, 50, 2, 78, 2, 108, 124, 140, 124, 176, 183, 176]","[8, 57, 57, 57, 78, 88, 220, 124, 140, 148, 220, 183, 203, 220]",37384270.16001755,804.2000000009984,-804.2000000009984,0.0,,,,DWT,mdp.39015067403884,1.7561018466949463e-05,,0.0,44.0,12.0,0.0,44,,9.98397808871232e-10,114.93736263848712,1286.1999999842574,114.93736263848707,,0.0,114.93736263848712,,,30.000000000568008,0.0,44.0,1.5178329704212956e-09,9.98397808871232e-10,,5.849187800777145e-11,6.312081102523827e-10,4.53667282258822e-19,0.6988014842897885,0.4315038288500038,0.4002107166261628,0.29063472364610793,0.023009229828107994,6.879439654611904e-09,5.865027473640219e-09,5.865027473640219e-09,5.314618739020532e-09,,2.9428409586611688e-09,0.9999999941350244,6.660314097678628e-10,,,,,,3.644351042713124e-10,1.0,1.0,1.032751881843279e-09,1.032751881843279e-09,0.7000000066445006,0.24043202096711436,28,0.9605957448910052,0.470072864269887,254,0,0.25000000200816236,0.33274775561438774,29,0,0.2634514262673399,0.42146917358589775,259,131.65231989347294,0.8619996646818942,142.5,51.28530193516736,0.8563142977497521,65,sym,562.3567251461989,537.0,257.5873265946006,171,1.0,0.8849716590179765,0.03450850229460706,7,50.5,66
db38,1,constant,1.940014848022252e-26,315.2292308369147,5851522.926723116,0.5704697986577181,47.25525615645351,223,smoothed,9.941225720051627e-14,-2.136139487518565e-10,6.388810336753715,48726.288415837116,0.9905041862338715,0.00012819038906189127,0.9999999999999999,370.3999999999999,,,,[],[],14,356.2142857142857,31.599999999999966,804.1999999999999,"[6, 17, 39, 52, 72, 84, 96, 110, 130, 145, 162, 181, 195, 209]","[31.599999999999966, 570.0, 406.99999999999966, 140.59999999999985, 559.4000000000001, 500.60000000000025, 804.1999999999999, 136.79999999999995, 265.79999999999995, 214.9999999999999, 564.4000000000001, 317.9999999999999, 104.99999999999977, 368.5999999999999]","[2, 2, 22, 50, 2, 78, 2, 108, 124, 140, 124, 176, 183, 176]","[8, 57, 57, 57, 78, 88, 220, 124, 140, 148, 220, 183, 203, 220]",37384270.15999998,804.1999999999999,-804.1999999999999,0.0,,,,DWT,mdp.39015067403884,7.450580596923828e-09,,0.0,44.0,12.0,0.0,44,,1.1368683772161603e-13,114.93736263736264,1286.1999999999998,114.93736263736257,,0.0,114.93736263736264,,,29.99999999999997,0.0,44.0,1.1368683772161603e-13,1.1368683772161603e-13,,5.684341886080802e-14,1.7427770162606326e-13,5.850505758700086e-26,0.9597445357599694,0.100254004807958,0.058444650517845885,0.5753904607670616,0.15728027569175146,5.323214629857252e-09,4.670328733154287e-09,4.670328733154287e-09,4.119889801265541e-09,,2.8599037499136724e-12,0.9999999953297058,4.9886256442802994e-14,,,,,,1.5461820291527892e-13,1.0,1.0,1.175987112096651e-13,1.175987112096651e-13,0.7000000033015608,0.24043201981890042,164,0.9482643437024612,0.4640384245922287,283,0,0.25000000117639726,0.33274775450731586,163,0,0.26444484679210867,0.4230584461646413,250,60.975404877704584,0.9360844812602678,215.0,202.3666864383625,0.8553588024749976,67,db,436.359649122807,360.0,291.0684471867005,342,0.7759481297380488,1.0,0.1568363091833658,3,51.0,67
db38,1,zero,1.940014848022252e-26,315.2292308369147,5851522.926723116,0.5704697986577181,47.25525615645351,223,smoothed,9.941225720051627e-14,-2.136139487518565e-10,6.388810336753715,48726.288415837116,0.9905041862338715,0.00012819038906189127,0.9999999999999999,370.3999999999999,,,,[],[],14,356.2142857142857,31.599999999999966,804.1999999999999,"[6, 17, 39, 52, 72, 84, 96, 110, 130, 145, 162, 181, 195, 209]","[31.599999999999966, 570.0, 406.99999999999966, 140.59999999999985, 559.4000000000001, 500.60000000000025, 804.1999999999999, 136.79999999999995, 265.79999999999995, 214.9999999999999, 564.4000000000001, 317.9999999999999, 104.99999999999977, 368.5999999999999]","[2, 2, 22, 50, 2, 78, 2, 108, 124, 140, 124, 176, 183, 176]","[8, 57, 57, 57, 78, 88, 220, 124, 140, 148, 220, 183, 203, 220]",37384270.15999998,804.1999999999999,-804.1999999999999,0.0,,,,DWT,mdp.39015067403884,7.450580596923828e-09,,0.0,44.0,12.0,0.0,44,,1.1368683772161603e-13,114.93736263736264,1286.1999999999998,114.93736263736257,,0.0,114.93736263736264,,,29.99999999999997,0.0,44.0,1.1368683772161603e-13,1.1368683772161603e-13,,5.684341886080802e-14,1.7427770162606326e-13,5.850505758700086e-26,0.9597445357599694,0.100254004807958,0.058444650517845885,0.5753904607670616,0.15728027569175146,5.323214629857252e-09,4.670328733154287e-09,4.670328733154287e-09,4.119889801265541e-09,,2.8599037499136724e-12,0.9999999953297058,4.9886256442802994e-14,,,,,,1.5461820291527892e-13,1.0,1.0,1.175987112096651e-13,1.175987112096651e-13,0.7000000033015608,0.24043201981890042,165,0.9482643437024612,0.4640384245922287,284,0,0.25000000117639726,0.33274775450731586,165,0,0.26444484679210867,0.4230584461646413,251,60.69253111654953,0.9363809946367405,216.25,203.8070896670031,0.8548519228948902,68,db,436.359649122807,360.0,291.0684471867005,342,0.7759481297380488,1.0,0.1568363091833658,3,51.75,68
sym10,1,antireflect,3.936874391160363e-24,292.155765790037,6062682.87324607,0.5495867768595041,103.5962964071851,223,smoothed,1.5160667937793881e-12,,6.489596296428763,60496.7984027739,0.9899392052430301,0.00012819038906188541,1.0,370.4000000000005,,,,[],[],14,356.2142857142917,31.600000000003263,804.200000000008,"[6, 17, 39, 52, 72, 84, 96, 110, 130, 145, 162, 181, 195, 209]","[31.600000000003263, 570.0000000000076, 407.0000000000066, 140.6000000000045, 559.4000000000078, 500.6000000000078, 804.200000000008, 136.80000000000553, 265.8000000000044, 215.00000000000708, 564.4000000000051, 318.00000000000966, 105.00000000000136, 368.6000000000055]","[2, 2, 22, 50, 2, 78, 2, 108, 124, 140, 124, 176, 183, 176]","[8, 57, 57, 57, 78, 88, 220, 124, 140, 148, 220, 183, 203, 220]",37384270.1600001,804.2000000000055,-804.2000000000055,0.0,,,,DWT,mdp.39015067403884,1.1175870895385742e-07,,0.0,44.0,12.0,0.0,44,,5.4569682106375694e-12,114.93736263736861,1286.1999999999161,114.93736263736864,,0.0,114.93736263736861,,,30.00000000000327,0.0,44.0,7.958078640513122e-12,5.4569682106375694e-12,,5.115907697472721e-13,3.338320706812167e-12,1.3009009411631108e-23,0.8718442966838661,0.2533298708381695,0.1460076230105102,0.3271845218691864,0.24732654638664325,5.332247057700319e-09,4.676670021585741e-09,4.676670021585741e-09,4.126336777841067e-09,,2.573913374922305e-11,0.9999999953233559,3.4920379509962096e-12,,,,,,2.319273043729184e-12,1.0,1.0,5.644738138063925e-12,5.644738138063925e-12,0.7000000033232883,0.24043201982636325,85,0.952579752237993,0.4661501937329741,275,0,0.25000000118150995,0.3327477545141208,86,0,0.2636704083988163,0.4218195008522598,258,104.73140248591473,0.8902186556751418,176.0,129.42912329649104,0.8528661412547617,69,sym,562.3567251461989,537.0,257.5873265946006,171,1.0,0.8849716590179765,0.03450850229460706,7,53.5,69
coif14,1,periodic,2.4669221305489875e-26,314.1857269651856,7726096.599062631,0.5392156862745098,106.40152744022876,223,smoothed,1.1485282082640176e-13,-2.343316429787026e-10,6.885467311155032,29523.519903130644,0.9805059349479057,0.0001281903890618911,0.9999999999999999,370.40000000000015,,,,[],[],14,356.21428571428584,31.59999999999974,804.2,"[6, 17, 39, 52, 72, 84, 96, 110, 130, 145, 162, 181, 195, 209]","[31.59999999999974, 570.0000000000002, 407.0000000000001, 140.6000000000002, 559.4000000000001, 500.5999999999997, 804.2, 136.80000000000018, 265.80000000000007, 215.00000000000006, 564.4000000000005, 318.0000000000002, 105.00000000000017, 368.5999999999999]","[2, 2, 22, 50, 2, 78, 2, 108, 124, 140, 124, 176, 183, 176]","[8, 57, 57, 57, 78, 88, 221, 124, 140, 148, 221, 183, 203, 221]",37384270.16,804.2,-804.2,0.0,,,,DWT,mdp.39015067403884,7.450580596923828e-09,,0.0,30.5,12.0,0.0,44,,0.0,114.93736263736275,1286.199999999998,114.93736263736272,,0.0,114.93736263736275,,,29.999999999999744,0.0,44.0,0.0,0.0,,1.7053025658242404e-13,2.08763602087438e-13,7.592371724836365e-26,0.9557692230093499,0.8545872147267625,0.8357854559565073,0.20391853570507784,0.010376046945031615,5.3225917037991095e-09,4.6704495196006005e-09,4.6704495196006005e-09,4.120055882629313e-09,,8.579711249741017e-12,0.9999999953295678,0.0,,,,,,1.5461820291527892e-13,0.0,1.0,0.0,0.0,0.600000003304215,0.2060845885791122,266,1.504365702207351,0.7361697137501146,46,0,0.16666666784348738,0.22183183686069893,266,0,0.4086337823347055,0.6537316763854577,56,124.19742348374221,0.8698140215055113,158.5,84.89852558542931,0.8518357319267599,70,coif,462.58169934640523,492.0,268.41090882948885,153,0.8225769847886951,0.9221573531030026,0.14754890471701262,4,53.5,70
coif16,1,periodic,2.932188821283483e-26,313.43536203829,7964200.478097704,0.5345911949685535,106.43461875137008,223,smoothed,1.1827310431482091e-13,-2.389130893121209e-10,6.950022966217754,28799.249031088726,0.9806055785361,0.0001281903890618912,0.9999999999999999,370.40000000000015,,,,[],[],14,356.2142857142858,31.599999999999795,804.2,"[6, 17, 39, 52, 72, 84, 96, 110, 130, 145, 162, 181, 195, 209]","[31.599999999999795, 570.0000000000001, 406.9999999999999, 140.59999999999985, 559.3999999999999, 500.60000000000036, 804.2, 136.79999999999995, 265.80000000000007, 215.00000000000009, 564.4000000000007, 318.00000000000006, 105.00000000000011, 368.6000000000001]","[2, 2, 22, 50, 2, 78, 2, 108, 124, 140, 124, 176, 183, 176]","[8, 57, 57, 57, 78, 88, 222, 124, 140, 148, 222, 183, 203, 222]",37384270.160000004,804.2,-804.2,0.0,,,,DWT,mdp.39015067403884,1.4901161193847656e-08,,0.0,30.5,12.0,0.0,44,,0.0,114.9373626373627,1286.199999999999,114.9373626373627,,0.0,114.9373626373627,,,29.9999999999998,0.0,44.0,0.0,0.0,,1.7053025658242404e-13,2.1640267270617926e-13,9.130464365881139e-26,0.9529106468772239,0.952635721063706,0.9345214319484241,0.148953970825003,0.004835259751214828,5.322747435313645e-09,4.670389126377444e-09,4.670389126377444e-09,4.120025686017718e-09,,8.579711249741017e-12,0.9999999953296368,0.0,,,,,,3.0923640583055783e-13,0.0,1.0,0.0,0.0,0.6000000033043283,0.20608458857915113,265,1.5768406568629514,0.7716357354392424,28,0,0.1666666678435064,0.22183183686072422,265,0,0.42769386149511274,0.6842239607736501,38,134.00746247877393,0.8595309617622915,149.0,57.4900601488429,0.8516732376945629,71,coif,462.58169934640523,492.0,268.41090882948885,153,0.8225769847886951,0.9221573531030026,0.14754890471701262,4,54.25,71
coif8,1,antisymmetric,1.9451979825439107e-26,315.21764327064597,6796248.589861597,0.5444444444444444,107.47354210385164,223,smoothed,1.0083812210747883e-13,-2.3819139993719353e-10,6.665425080246563,109337.78445582197,0.9947175816695689,0.00012819038906189116,0.9999999999999999,370.39999999999986,,,,[],[],14,356.21428571428584,31.60000000000025,804.2000000000002,"[6, 17, 39, 52, 72, 84, 96, 110, 130, 145, 162, 181, 195, 209]","[31.60000000000025, 570.0000000000002, 407.0000000000003, 140.59999999999994, 559.3999999999996, 500.6000000000002, 804.2000000000002, 136.80000000000007, 265.80000000000007, 215.00000000000017, 564.4000000000002, 317.9999999999999, 105.00000000000017, 368.60000000000025]","[1, 1, 22, 50, 1, 78, 1, 108, 124, 140, 124, 176, 183, 176]","[8, 57, 57, 57, 78, 88, 220, 124, 140, 148, 220, 183, 203, 220]",37384270.160000004,804.2000000000002,-804.2000000000002,0.0,,,,DWT,mdp.39015067403884,1.4901161193847656e-08,,0.0,44.0,12.0,0.0,44,,1.1368683772161603e-13,114.93736263736275,1286.199999999998,114.93736263736274,,0.0,114.93736263736275,,,30.000000000000256,0.0,26.0,1.1368683772161603e-13,1.1368683772161603e-13,,1.1368683772161603e-13,1.774623156365546e-13,5.867640320928735e-26,0.95970039198515,0.5203823793693959,0.4501997566194499,0.2660651370628158,0.6209678462130023,5.32399328742993e-09,4.6704495196006005e-09,4.6704495196006005e-09,4.120070980935111e-09,,5.719807499827345e-12,0.9999999953295678,4.9886256442802994e-14,,,,,,3.0923640583055783e-13,1.0,0.0,1.175987112096651e-13,1.175987112096651e-13,0.6000000033033595,0.20608458857881834,269,1.4159244964958935,0.6928905184076614,66,0,0.16666666784340375,0.2218318368605876,269,0,0.4024736444642846,0.6438766975978809,60,118.95937681970823,0.8753046364573289,166.0,101.90271201033147,0.8506502217926057,72,coif,462.58169934640523,492.0,268.41090882948885,153,0.8225769847886951,0.9221573531030026,0.14754890471701262,4,55.0,72
coif17,1,antireflect,2.6483376811975645e-26,313.87754777713735,8122103.419655892,0.5370370370370371,112.90265212606,223,smoothed,1.1511519191787145e-13,-2.3124966386234313e-10,6.980598395404534,158883.44267232713,0.995877016552292,0.00012819038906189105,1.0,370.39999999999986,,,,[],[],14,356.2142857142858,31.60000000000008,804.2000000000005,"[6, 17, 39, 52, 72, 84, 96, 110, 130, 145, 162, 181, 195, 209]","[31.60000000000008, 569.9999999999998, 407.00000000000006, 140.60000000000002, 559.3999999999999, 500.5999999999998, 804.2000000000005, 136.80000000000007, 265.80000000000007, 215.0000000000001, 564.4000000000003, 317.9999999999999, 104.99999999999977, 368.6]","[2, 2, 22, 50, 2, 78, 2, 108, 124, 140, 124, 176, 183, 176]","[8, 57, 57, 57, 78, 88, 222, 124, 140, 148, 222, 183, 203, 222]",37384270.16000001,804.2000000000005,-804.2000000000005,0.0,,,,DWT,mdp.39015067403884,2.2351741790771484e-08,,0.0,30.5,12.0,0.0,44,,4.547473508864641e-13,114.9373626373627,1286.199999999999,114.93736263736264,,0.0,114.9373626373627,,,30.000000000000085,0.0,44.0,4.547473508864641e-13,4.547473508864641e-13,,1.1368683772161603e-13,2.0934959775207795e-13,8.192100716789698e-26,0.9545951893627915,0.9990743353022562,1.0,0.17802411847268787,1.0,5.323526092886323e-09,4.670389126377444e-09,4.670389126377444e-09,4.1199652927945285e-09,,5.719807499827345e-12,0.9999999953296368,1.9954502577121198e-13,,,,,,4.638546087458368e-13,0.0,1.0,4.703948448386604e-13,4.703948448386604e-13,0.600000003303479,0.20608458857885942,267,2.043503928657941,1.0,1,0,0.16666666784343584,0.22183183686063032,267,0,0.5902419490197065,0.9442681331951671,3,153.0,0.839622641509434,134.5,2.9832402234636874,0.8493186582809225,73,coif,462.58169934640523,492.0,268.41090882948885,153,0.8225769847886951,0.9221573531030026,0.14754890471701262,4,55.75,73
coif4,1,periodic,7.476890872048871e-27,319.37007095527315,6178554.434533029,0.5487804878048781,107.13974082474668,223,smoothed,5.945219403974785e-14,-2.1800827809670458e-10,6.505588800754044,32188.791589024757,0.9807960920360106,0.00012819038906189108,1.0,370.40000000000003,,,,[],[],14,356.2142857142857,31.59999999999991,804.1999999999998,"[6, 17, 39, 52, 72, 84, 96, 110, 130, 145, 162, 181, 195, 209]","[31.59999999999991, 569.9999999999999, 407.00000000000006, 140.60000000000002, 559.4000000000001, 500.60000000000025, 804.1999999999998, 136.7999999999999, 265.80000000000007, 215.00000000000006, 564.4, 318.0, 105.00000000000006, 368.60000000000014]","[2, 2, 22, 50, 2, 78, 2, 108, 124, 140, 124, 176, 183, 176]","[8, 57, 57, 57, 78, 88, 220, 124, 140, 148, 220, 183, 203, 220]",37384270.15999999,804.1999999999998,-804.1999999999998,0.0,,,,DWT,mdp.39015067403884,0.0,,0.0,44.0,12.0,0.0,44,,2.2737367544323206e-13,114.93736263736264,1286.1999999999998,114.93736263736267,,0.0,114.93736263736264,,,29.999999999999915,0.0,44.0,2.2737367544323206e-13,2.2737367544323206e-13,,5.684341886080802e-14,8.502844920355145e-14,1.908879343221696e-26,0.9755194025014899,0.2776196276403796,0.1940567843250549,0.31760134306679494,0.03076579861847717,5.323058898342716e-09,4.670328733154287e-09,4.670328733154287e-09,4.1199954894061234e-09,,2.8599037499136724e-12,0.9999999953297058,9.977251288560599e-14,,,,,,0.0,1.0,1.0,2.351974224193302e-13,2.351974224193302e-13,0.7000000033015403,0.2404320198188934,167,0.9604967041577457,0.47002439813685415,255,0,0.2500000011764039,0.33274775450732474,158,0,0.25650899373604025,0.4103626810415244,298,68.21778849146803,0.9284928841808511,219.5,204.1398416542694,0.8492045133692515,74,coif,462.58169934640523,492.0,268.41090882948885,153,0.8225769847886951,0.9221573531030026,0.14754890471701262,4,56.5,74
db17,1,reflect,9.74153365629597e-27,318.2210080221232,6477948.370536218,0.52734375,102.00688297371629,223,smoothed,7.292621912425694e-14,-2.1170916131296754e-10,6.584670536759085,30737.31380129096,0.981436830522527,0.0001281903890618911,0.9999999999999997,370.3999999999999,,,,[],[],14,356.2142857142857,31.599999999999966,804.1999999999999,"[6, 17, 39, 52, 72, 84, 96, 110, 130, 145, 162, 181, 195, 209]","[31.599999999999966, 570.0000000000001, 407.0000000000002, 140.59999999999997, 559.3999999999997, 500.6000000000001, 804.1999999999999, 136.80000000000007, 265.7999999999999, 215.00000000000009, 564.3999999999999, 317.99999999999994, 104.99999999999989, 368.6]","[2, 2, 22, 50, 2, 78, 2, 108, 124, 140, 124, 176, 183, 176]","[8, 57, 57, 57, 78, 88, 220, 124, 140, 148, 220, 183, 203, 220]",37384270.15999998,804.1999999999999,-804.1999999999999,0.0,,,,DWT,mdp.39015067403884,7.450580596923828e-09,,0.0,44.0,12.0,0.0,44,,1.1368683772161603e-13,114.93736263736264,1286.1999999999998,114.93736263736264,,0.0,114.93736263736264,,,29.99999999999997,0.0,44.0,1.1368683772161603e-13,1.1368683772161603e-13,,5.684341886080802e-14,1.151221620457081e-13,2.657531776420126e-26,0.9711419539330949,0.39773065565633126,0.31820827903036364,0.06281419180201042,0.019661763030643275,5.323214629857252e-09,4.670328733154287e-09,4.670328733154287e-09,4.1199652927945285e-09,,2.8599037499136724e-12,0.9999999953297058,4.9886256442802994e-14,,,,,,1.5461820291527892e-13,1.0,1.0,1.175987112096651e-13,1.175987112096651e-13,0.7000000033015834,0.2404320198189082,158,0.9736450216363004,0.4764586003393377,243,0,0.2500000011764036,0.3327477545073243,159,0,0.252793834778937,0.40441917563874247,314,75.1021526544568,0.9212765695445946,218.5,200.81972792108934,0.8461204650657983,75,db,436.359649122807,360.0,291.0684471867005,342,0.7759481297380488,1.0,0.1568363091833658,3,57.0,75
coif16,1,antireflect,2.9397891965238616e-26,313.4241194796135,7920996.461846553,0.5377358490566038,111.5386282921452,223,smoothed,1.2348019965767032e-13,-2.3880750710247906e-10,6.946764376050685,153670.64069140507,0.9958960355576019,0.00012819038906189103,1.0,370.4000000000001,,,,[],[],14,356.21428571428584,31.60000000000025,804.2,"[6, 17, 39, 52, 72, 84, 96, 110, 130, 145, 162, 181, 195, 209]","[31.60000000000025, 570.0000000000003, 407.0000000000002, 140.59999999999994, 559.3999999999999, 500.60000000000036, 804.2, 136.79999999999995, 265.80000000000007, 215.00000000000009, 564.4000000000005, 318.0000000000001, 105.00000000000034, 368.6000000000001]","[2, 2, 22, 50, 2, 78, 2, 108, 124, 140, 124, 176, 183, 176]","[8, 57, 57, 57, 78, 88, 222, 124, 140, 148, 222, 183, 203, 222]",37384270.16,804.2,-804.2,0.0,,,,DWT,mdp.39015067403884,7.450580596923828e-09,,0.0,30.5,12.0,0.0,44,,0.0,114.93736263736275,1286.199999999998,114.93736263736278,,0.0,114.93736263736275,,,30.000000000000256,0.0,44.0,0.0,0.0,,1.1368683772161603e-13,2.2803251835412883e-13,9.155589915290128e-26,0.9528678174368481,0.9476865047892371,0.9166057611554266,0.18632987494345404,0.9601212369919467,5.32399328742993e-09,4.6704495196006005e-09,4.6704495196006005e-09,4.120116275852503e-09,,5.719807499827345e-12,0.9999999953295678,0.0,,,,,,1.5461820291527892e-13,0.0,1.0,0.0,0.0,0.6000000033032237,0.2060845885787717,276,1.962447268208669,0.9603344729058068,4,0,0.1666666678433709,0.2218318368605439,276,0,0.5662301707595916,0.9058541284467212,5,156.751129714164,0.8356906397126164,140.25,8.748019017432647,0.8443390305481321,76,coif,462.58169934640523,492.0,268.41090882948885,153,0.8225769847886951,0.9221573531030026,0.14754890471701262,4,58.0,76
db32,1,periodic,1.6248440451786517e-26,315.9991645441499,7196422.103336871,0.5314685314685315,108.05342715243114,223,smoothed,9.278477338714842e-14,-2.1943602490637235e-10,6.771505434577901,30262.1157743382,0.9811141897639896,0.00012819038906189122,0.9999999999999999,370.39999999999986,,,,[],[],14,356.2142857142857,31.600000000000193,804.1999999999999,"[6, 17, 39, 52, 72, 84, 96, 110, 130, 145, 162, 181, 195, 209]","[31.600000000000193, 569.9999999999999, 407.0000000000001, 140.5999999999999, 559.4000000000001, 500.60000000000014, 804.1999999999999, 136.79999999999967, 265.79999999999995, 214.99999999999991, 564.4, 317.99999999999966, 105.00000000000011, 368.60000000000014]","[0, 0, 22, 50, 0, 78, 0, 108, 124, 140, 124, 176, 183, 176]","[8, 57, 57, 57, 78, 88, 220, 124, 140, 148, 220, 183, 203, 220]",37384270.15999998,804.1999999999999,-804.1999999999999,0.0,,,,DWT,mdp.39015067403884,7.450580596923828e-09,,0.0,44.0,12.0,0.0,44,,1.1368683772161603e-13,114.93736263736264,1286.1999999999998,114.93736263736261,,0.0,114.93736263736264,,,30.0000000000002,0.0,26.0,1.1368683772161603e-13,1.1368683772161603e-13,,1.1368683772161603e-13,1.5947547337618168e-13,4.808604625049955e-26,0.9626776607501356,0.6814994849703802,0.6161421284078384,0.11183943666542218,0.01602642265744314,5.323837555915394e-09,4.670328733154287e-09,4.670328733154287e-09,4.1199350961829335e-09,,5.719807499827345e-12,0.9999999953297058,4.9886256442802994e-14,,,,,,1.5461820291527892e-13,1.0,0.0,1.175987112096651e-13,1.175987112096651e-13,0.6000000033031911,0.20608458857876052,286,1.2775737468683848,0.6251878104816875,101,0,0.16666666784335796,0.22183183686052665,286,0,0.34116930477876845,0.5458021122727501,116,102.66247285806695,0.8923873450125084,197.25,156.77245186796733,0.8428131693616001,77,db,436.359649122807,360.0,291.0684471867005,342,0.7759481297380488,1.0,0.1568363091833658,3,58.5,77
bior1.5,1,antireflect,4.9621685683681666e-27,321.1505662405696,5916676.996235835,0.5603448275862069,162.60746654512846,223,smoothed,4.679067298043533e-14,-2.309314073301041e-10,6.438194319830487,41171.38001337018,0.9626608370914872,0.00012819038906189108,1.0,370.40000000000003,,,,[],[],14,356.21428571428584,31.600000000000023,804.2000000000003,"[6, 17, 39, 52, 72, 84, 96, 110, 130, 145, 162, 181, 195, 209]","[31.600000000000023, 570.0000000000001, 407.00000000000017, 140.60000000000005, 559.4000000000001, 500.6000000000002, 804.2000000000003, 136.8, 265.8, 215.0, 564.4000000000002, 318.0000000000001, 104.99999999999994, 368.60000000000014]","[2, 2, 22, 50, 2, 78, 2, 108, 124, 140, 124, 176, 183, 176]","[8, 57, 57, 57, 78, 88, 220, 124, 140, 148, 220, 183, 203, 220]",37384270.16,804.2000000000003,-804.2000000000003,0.0,,,,DWT,mdp.39015067403884,7.450580596923828e-09,,0.0,44.0,12.0,0.0,44,,2.2737367544323206e-13,114.93736263736275,1286.199999999998,114.93736263736271,,0.0,114.93736263736275,,,30.00000000000003,0.0,44.0,2.2737367544323206e-13,2.2737367544323206e-13,,5.684341886080802e-14,5.674943261318322e-14,1.0775548691966128e-26,0.9823023438990418,0.175259452013812,0.08546248268947515,0.45504973731231724,0.09948402660495274,5.3233703613717876e-09,4.6704495196006005e-09,4.6704495196006005e-09,4.120040784323516e-09,,2.8599037499136724e-12,0.9999999953295678,9.977251288560599e-14,,,,,,1.5461820291527892e-13,1.0,1.0,2.351974224193302e-13,2.351974224193302e-13,0.7000000033017282,0.2404320198189579,149,0.9415558792579936,0.46075560024802825,292,0,0.2500000011764552,0.332747754507393,145,0,0.2567940060742366,0.41081864332779233,293,84.02132665777977,0.9119273305474007,219.75,195.6412313601027,0.8407907092988576,78,bior,507.7185185185185,497.0,255.1009648481275,135,0.902840662902225,0.8764294698164163,0.10508269502351761,6,60.0,78
db30,1,antisymmetric,1.3434959189583658e-26,316.82491785987935,6943527.296956458,0.5354609929078015,104.24129733518075,223,smoothed,8.363215451508174e-14,-2.1660575555415598e-10,6.73655195816845,118796.59357865262,0.9949694095942784,0.00012819038906189122,0.9999999999999999,370.4000000000001,,,,[],[],14,356.2142857142857,31.60000000000008,804.1999999999998,"[6, 17, 39, 52, 72, 84, 96, 110, 130, 145, 162, 181, 195, 209]","[31.60000000000008, 569.9999999999998, 407.00000000000006, 140.60000000000008, 559.3999999999999, 500.59999999999985, 804.1999999999998, 136.80000000000013, 265.79999999999995, 215.00000000000009, 564.4000000000001, 318.0, 105.00000000000011, 368.6]","[2, 2, 22, 50, 2, 78, 2, 108, 124, 140, 124, 176, 183, 176]","[8, 57, 57, 57, 78, 88, 222, 124, 140, 148, 222, 183, 203, 222]",37384270.15999998,804.1999999999998,-804.1999999999998,0.0,,,,DWT,mdp.39015067403884,7.450580596923828e-09,,0.0,30.5,12.0,0.0,44,,2.2737367544323206e-13,114.93736263736264,1286.1999999999998,114.93736263736265,,0.0,114.93736263736264,,,30.000000000000085,0.0,44.0,2.2737367544323206e-13,2.2737367544323206e-13,,1.1368683772161603e-13,1.3903345383397794e-13,3.8785155145915806e-26,0.9658234350724161,0.6284113991953933,0.5112727090919996,0.15929198685776674,0.6933292381723137,5.323526092886323e-09,4.670328733154287e-09,4.670328733154287e-09,4.119980391100326e-09,,5.719807499827345e-12,0.9999999953297058,9.977251288560599e-14,,,,,,1.5461820291527892e-13,0.0,1.0,2.351974224193302e-13,2.351974224193302e-13,0.6000000033031833,0.20608458857875783,287,1.4903846051992202,0.7293279862583976,53,0,0.1666666678433595,0.22183183686052874,285,0,0.42258982405571843,0.6760585297793611,44,137.1723368613366,0.856213483373861,167.25,82.32436295178074,0.840449508982528,79,db,436.359649122807,360.0,291.0684471867005,342,0.7759481297380488,1.0,0.1568363091833658,3,60.0,79
db32,1,smooth,1.5639708682412382e-26,316.1649947824724,5852997.490438936,0.5734265734265734,55.121499087083365,223,smoothed,9.045878147187996e-14,-2.215818417639074e-10,6.387200784054399,47416.47604479436,0.9903945382702586,0.00012819038906189122,1.0,370.39999999999986,,,,[],[],14,356.2142857142857,31.60000000000008,804.1999999999999,"[6, 17, 39, 52, 72, 84, 96, 110, 130, 145, 162, 181, 195, 209]","[31.60000000000008, 570.0000000000002, 407.0000000000001, 140.60000000000005, 559.4000000000001, 500.60000000000014, 804.1999999999999, 136.79999999999967, 265.79999999999995, 214.99999999999991, 564.4, 317.9999999999997, 104.99999999999994, 368.60000000000025]","[2, 2, 22, 50, 2, 78, 2, 108, 124, 140, 124, 176, 183, 176]","[8, 57, 57, 57, 78, 88, 221, 124, 140, 148, 221, 183, 203, 221]",37384270.16,804.1999999999999,-804.1999999999999,0.0,,,,DWT,mdp.39015067403884,7.450580596923828e-09,,0.0,30.5,12.0,0.0,44,,1.1368683772161603e-13,114.93736263736264,1286.1999999999998,114.93736263736264,,0.0,114.93736263736264,,,30.000000000000085,0.0,44.0,1.1368683772161603e-13,1.1368683772161603e-13,,1.1368683772161603e-13,1.5428046057694454e-13,4.6073682431016903e-26,0.9633094045114207,0.0978093818251197,0.059056116774648566,0.6105333181899303,0.1472600030397312,5.323526092886323e-09,4.670328733154287e-09,4.670328733154287e-09,4.1199652927945285e-09,,5.719807499827345e-12,0.9999999953297058,4.9886256442802994e-14,,,,,,1.5461820291527892e-13,0.0,1.0,1.175987112096651e-13,1.175987112096651e-13,0.6000000033031068,0.20608458857873155,300,0.9595357204986474,0.46955413544461194,258,0,0.1666666678433345,0.22183183686049546,301,0,0.26828117490585784,0.4291957977919027,238,31.39400155019002,0.9670922415616456,274.25,271.4948932219127,0.8398092235061897,80,db,436.359649122807,360.0,291.0684471867005,342,0.7759481297380488,1.0,0.1568363091833658,3,60.75,80
coif7,1,antisymmetric,1.6068311315939638e-26,316.0475790014225,6684654.10541278,0.5454545454545454,106.88596254309508,223,smoothed,9.041098711745663e-14,-2.3554480588217106e-10,6.628162299477085,102222.8156097121,0.9942913799931368,0.00012819038906189103,0.9999999999999999,370.39999999999986,,,,[],[],14,356.21428571428584,31.599999999999966,804.2000000000002,"[6, 17, 39, 52, 72, 84, 96, 110, 130, 145, 162, 181, 195, 209]","[31.599999999999966, 570.0000000000002, 407.00000000000017, 140.5999999999999, 559.4000000000001, 500.60000000000014, 804.2000000000002, 136.80000000000018, 265.79999999999995, 215.00000000000017, 564.4000000000002, 318.0, 105.00000000000011, 368.60000000000025]","[0, 0, 22, 50, 0, 78, 0, 108, 124, 140, 124, 176, 183, 176]","[8, 57, 57, 57, 78, 88, 220, 124, 140, 148, 220, 183, 203, 220]",37384270.16000001,804.2000000000002,-804.2000000000002,0.0,,,,DWT,mdp.39015067403884,2.2351741790771484e-08,,0.0,44.0,12.0,0.0,44,,1.1368683772161603e-13,114.93736263736275,1286.199999999998,114.93736263736274,,0.0,114.93736263736275,,,29.99999999999997,0.0,26.0,1.1368683772161603e-13,1.1368683772161603e-13,,1.1368683772161603e-13,1.5417371373860402e-13,4.74905699273472e-26,0.9628620995572396,0.4637868728586412,0.4039241966326862,0.27807073050692444,0.5665372045998887,5.323214629857252e-09,4.6704495196006005e-09,4.6704495196006005e-09,4.120070980935111e-09,,5.719807499827345e-12,0.9999999953295678,4.9886256442802994e-14,,,,,,4.638546087458368e-13,1.0,0.0,1.175987112096651e-13,1.175987112096651e-13,0.6000000033032031,0.20608458857876466,285,1.349415968522779,0.660344200761581,80,0,0.16666666784335174,0.22183183686051838,295,0,0.3821687291650764,0.6113929263306693,73,123.36497341898415,0.8706866106719244,183.25,120.8560259804593,0.8393003283967588,81,coif,462.58169934640523,492.0,268.41090882948885,153,0.8225769847886951,0.9221573531030026,0.14754890471701262,4,61.75,81
db32,1,zero,1.5639708682412382e-26,316.1649947824724,5852997.490438936,0.5734265734265734,55.121499087083365,223,smoothed,9.045878147187996e-14,-2.215818417639074e-10,6.387200784054399,47416.47604479436,0.9903945382702586,0.00012819038906189122,1.0,370.39999999999986,,,,[],[],14,356.2142857142857,31.60000000000008,804.1999999999999,"[6, 17, 39, 52, 72, 84, 96, 110, 130, 145, 162, 181, 195, 209]","[31.60000000000008, 570.0000000000002, 407.0000000000001, 140.60000000000005, 559.4000000000001, 500.60000000000014, 804.1999999999999, 136.79999999999967, 265.79999999999995, 214.99999999999991, 564.4, 317.9999999999997, 104.99999999999994, 368.60000000000025]","[2, 2, 22, 50, 2, 78, 2, 108, 124, 140, 124, 176, 183, 176]","[8, 57, 57, 57, 78, 88, 221, 124, 140, 148, 221, 183, 203, 221]",37384270.16,804.1999999999999,-804.1999999999999,0.0,,,,DWT,mdp.39015067403884,7.450580596923828e-09,,0.0,30.5,12.0,0.0,44,,1.1368683772161603e-13,114.93736263736264,1286.1999999999998,114.93736263736264,,0.0,114.93736263736264,,,30.000000000000085,0.0,44.0,1.1368683772161603e-13,1.1368683772161603e-13,,1.1368683772161603e-13,1.5428046057694454e-13,4.6073682431016903e-26,0.9633094045114207,0.0978093818251197,0.059056116774648566,0.6105333181899303,0.1472600030397312,5.323526092886323e-09,4.670328733154287e-09,4.670328733154287e-09,4.1199652927945285e-09,,5.719807499827345e-12,0.9999999953297058,4.9886256442802994e-14,,,,,,1.5461820291527892e-13,0.0,1.0,1.175987112096651e-13,1.175987112096651e-13,0.6000000033031068,0.20608458857873155,301,0.9595357204986474,0.46955413544461194,259,0,0.1666666678433345,0.22183183686049546,303,0,0.26828117490585784,0.4291957977919027,237,32.45509718570156,0.9659799819856377,275.0,272.0532796546604,0.8388600119571794,83,db,436.359649122807,360.0,291.0684471867005,342,0.7759481297380488,1.0,0.1568363091833658,3,63.0,82
sym18,1,periodic,1.3723515370816566e-19,246.73262764458042,6635347.337609789,0.5465116279069767,106.02994732095556,223,smoothed,2.826917812941113e-10,,6.5899518757693,32260.104487533994,0.9815338936729872,0.00012819038906074223,0.9999999999999996,370.40000000005847,,,,[],[],14,356.2142857154101,31.600000000569253,804.2000000015161,"[6, 17, 39, 52, 72, 84, 96, 110, 130, 145, 162, 181, 195, 209]","[31.600000000569253, 570.0000000014538, 407.00000000122634, 140.6000000008411, 559.4000000015054, 500.6000000013679, 804.2000000015161, 136.80000000109743, 265.8000000007643, 215.00000000127596, 564.4000000008965, 318.0000000019351, 105.0000000002633, 368.6000000010283]","[2, 2, 22, 50, 2, 78, 2, 108, 124, 140, 124, 176, 183, 176]","[8, 57, 57, 57, 78, 88, 220, 124, 140, 148, 220, 183, 203, 220]",37384270.16001757,804.2000000009984,-804.2000000009984,0.0,,,,DWT,mdp.39015067403884,1.7583370208740234e-05,,0.0,44.0,12.0,0.0,44,,9.98397808871232e-10,114.937362638487,1286.1999999842583,114.93736263848697,,0.0,114.937362638487,,,30.00000000056926,0.0,44.0,1.5160139810177498e-09,9.98397808871232e-10,,5.849187800777145e-11,6.313333821149602e-10,4.536760993123837e-19,0.6988011627436179,0.40575206603327585,0.38347786093347647,0.29063472364610793,0.03131135361739623,6.882865747931688e-09,5.864906687193906e-09,5.864906687193906e-09,5.31451305087995e-09,,2.9428409586611688e-09,0.9999999941350934,6.652332296647779e-10,,,,,,3.648989588800582e-10,1.0,1.0,1.032751881843279e-09,1.032751881843279e-09,0.7000000066452916,0.24043202096738606,23,0.9426740922243486,0.4613028039752506,290,0,0.25000000200839684,0.3327477556146998,28,0,0.258568166800744,0.41365694284206733,283,150.72933799805972,0.842002790358428,156.0,46.417502198884556,0.8392403888899058,82,sym,562.3567251461989,537.0,257.5873265946006,171,1.0,0.8849716590179765,0.03450850229460706,7,63.25,83
bior2.8,1,antisymmetric,6.3130238874486036e-27,320.10490704904123,6080226.265962065,0.5458333333333333,98.75518359875194,223,smoothed,5.62459894305165e-14,-2.3208255317541715e-10,6.429111566980387,54141.29766933151,0.9903864365703893,0.0001281903890618911,1.0,370.40000000000015,,,,[],[],14,356.21428571428584,31.600000000000023,804.2,"[6, 17, 39, 52, 72, 84, 96, 110, 130, 145, 162, 181, 195, 209]","[31.600000000000023, 570.0000000000001, 407.0000000000001, 140.59999999999994, 559.4000000000002, 500.60000000000025, 804.2, 136.7999999999999, 265.80000000000007, 215.00000000000003, 564.4000000000002, 318.00000000000006, 104.99999999999989, 368.60000000000014]","[2, 2, 22, 50, 2, 78, 2, 108, 124, 140, 124, 176, 183, 176]","[8, 57, 57, 57, 78, 88, 222, 124, 140, 148, 222, 183, 203, 222]",37384270.16,804.2,-804.2,0.0,,,,DWT,mdp.39015067403884,7.450580596923828e-09,,0.0,30.5,12.0,0.0,44,,0.0,114.93736263736275,1286.199999999998,114.93736263736271,,0.0,114.93736263736275,,,30.00000000000003,0.0,44.0,0.0,0.0,,1.7053025658242404e-13,7.786751546487697e-14,1.5241246896395454e-26,0.9783188202825962,0.16146437318586665,0.15328244780144995,0.282572828048465,0.19870595644786587,5.3233703613717876e-09,4.6704495196006005e-09,4.6704495196006005e-09,4.120040784323516e-09,,8.579711249741017e-12,0.9999999953295678,0.0,,,,,,1.5461820291527892e-13,0.0,1.0,0.0,0.0,0.600000003304444,0.20608458857919087,257,0.9368762164617719,0.4584655812612309,294,0,0.16666666784355103,0.22183183686078364,258,0,0.25347777510947456,0.4055133422939695,312,27.28094573140748,0.9714036208266169,280.25,278.28974732444095,0.8388202590506251,84,bior,507.7185185185185,497.0,255.1009648481275,135,0.902840662902225,0.8764294698164163,0.10508269502351761,6,64.5,84
db32,1,constant,1.5639708682412382e-26,316.1649947824724,5852997.490438936,0.5734265734265734,55.121499087083365,223,smoothed,9.045878147187996e-14,-2.215818417639074e-10,6.387200784054399,47416.47604479436,0.9903945382702586,0.00012819038906189122,1.0,370.39999999999986,,,,[],[],14,356.2142857142857,31.60000000000008,804.1999999999999,"[6, 17, 39, 52, 72, 84, 96, 110, 130, 145, 162, 181, 195, 209]","[31.60000000000008, 570.0000000000002, 407.0000000000001, 140.60000000000005, 559.4000000000001, 500.60000000000014, 804.1999999999999, 136.79999999999967, 265.79999999999995, 214.99999999999991, 564.4, 317.9999999999997, 104.99999999999994, 368.60000000000025]","[2, 2, 22, 50, 2, 78, 2, 108, 124, 140, 124, 176, 183, 176]","[8, 57, 57, 57, 78, 88, 221, 124, 140, 148, 221, 183, 203, 221]",37384270.16,804.1999999999999,-804.1999999999999,0.0,,,,DWT,mdp.39015067403884,7.450580596923828e-09,,0.0,30.5,12.0,0.0,44,,1.1368683772161603e-13,114.93736263736264,1286.1999999999998,114.93736263736264,,0.0,114.93736263736264,,,30.000000000000085,0.0,44.0,1.1368683772161603e-13,1.1368683772161603e-13,,1.1368683772161603e-13,1.5428046057694454e-13,4.6073682431016903e-26,0.9633094045114207,0.0978093818251197,0.059056116774648566,0.6105333181899303,0.1472600030397312,5.323526092886323e-09,4.670328733154287e-09,4.670328733154287e-09,4.1199652927945285e-09,,5.719807499827345e-12,0.9999999953297058,4.9886256442802994e-14,,,,,,1.5461820291527892e-13,0.0,1.0,1.175987112096651e-13,1.175987112096651e-13,0.6000000033031068,0.20608458857873155,302,0.9595357204986474,0.46955413544461194,260,0,0.1666666678433345,0.22183183686049546,302,0,0.26828117490585784,0.4291957977919027,236,32.68026927673638,0.9657439525401086,275.0,271.99859088774076,0.8387419972344149,85,db,436.359649122807,360.0,291.0684471867005,342,0.7759481297380488,1.0,0.1568363091833658,3,64.5,85
db38,1,periodic,1.9231030730513214e-26,315.26725575678154,7415254.64667198,0.5268456375838926,102.10419183578833,223,smoothed,1.0185723714398456e-13,-2.1564157126618995e-10,6.841328858263826,29514.39045893829,0.9803301376416647,0.00012819038906189124,0.9999999999999999,370.39999999999986,,,,[],[],14,356.21428571428567,31.600000000000193,804.1999999999999,"[6, 17, 39, 52, 72, 84, 96, 110, 130, 145, 162, 181, 195, 209]","[31.600000000000193, 569.9999999999999, 406.99999999999955, 140.59999999999997, 559.4000000000001, 500.60000000000025, 804.1999999999999, 136.79999999999995, 265.79999999999995, 214.9999999999999, 564.4000000000001, 317.9999999999999, 104.99999999999972, 368.59999999999985]","[2, 2, 22, 50, 2, 78, 2, 108, 124, 140, 124, 176, 183, 176]","[8, 57, 57, 57, 78, 88, 222, 124, 140, 148, 222, 183, 203, 222]",37384270.15999998,804.1999999999999,-804.1999999999999,0.0,,,,DWT,mdp.39015067403884,7.450580596923828e-09,,0.0,30.5,12.0,0.0,44,,1.1368683772161603e-13,114.93736263736258,1286.2000000000007,114.93736263736257,,0.0,114.93736263736258,,,30.0000000000002,0.0,44.0,1.1368683772161603e-13,1.1368683772161603e-13,,1.1368683772161603e-13,1.7973846957491912e-13,5.794598303582828e-26,0.9598893947805089,0.7875487906909219,0.7068867430380044,0.05689385799633459,0.010306205247097466,5.323837555915394e-09,4.67026833993113e-09,4.67026833993113e-09,4.119889801265541e-09,,5.719807499827345e-12,0.9999999953297749,4.9886256442802994e-14,,,,,,1.5461820291527892e-13,0.0,1.0,1.175987112096651e-13,1.175987112096651e-13,0.6000000033031758,0.20608458857875528,288,1.3500314290301954,0.6606453797800235,79,0,0.16666666784334985,0.22183183686051589,296,0,0.36021785596472106,0.5762759542257074,92,119.38557981040535,0.8748578827983172,188.75,131.67253160145194,0.8385033648792425,86,db,436.359649122807,360.0,291.0684471867005,342,0.7759481297380488,1.0,0.1568363091833658,3,65.25,86
db21,1,constant,1.070265985076159e-26,317.8123641452566,5852126.177817864,0.5681818181818182,65.7136471569118,223,smoothed,7.435606689408807e-14,-2.173247803938241e-10,6.388151762978532,43847.91280762167,0.9879467776515544,0.00012819038906189122,0.9999999999999997,370.40000000000026,,,,[],[],14,356.21428571428567,31.599999999999966,804.2,"[6, 17, 39, 52, 72, 84, 96, 110, 130, 145, 162, 181, 195, 209]","[31.599999999999966, 570.0, 407.0000000000002, 140.59999999999977, 559.3999999999996, 500.6, 804.2, 136.80000000000007, 265.79999999999984, 215.00000000000009, 564.3999999999999, 318.00000000000006, 105.00000000000006, 368.59999999999997]","[1, 1, 22, 50, 1, 78, 1, 108, 124, 140, 124, 176, 183, 176]","[8, 57, 57, 57, 78, 88, 220, 124, 140, 148, 220, 183, 203, 220]",37384270.16,804.2,-804.2,0.0,,,,DWT,mdp.39015067403884,7.450580596923828e-09,,0.0,44.0,12.0,0.0,44,,0.0,114.93736263736258,1286.2000000000007,114.9373626373626,,0.0,114.93736263736258,,,29.99999999999997,0.0,26.0,0.0,0.0,,2.8421709430404007e-13,1.183156716260611e-13,2.975263768901516e-26,0.9695851918949447,0.09925374890618338,0.05869480429883233,0.5481965829993672,0.11995992754572814,5.323214629857252e-09,4.67026833993113e-09,4.67026833993113e-09,4.119919997877136e-09,,1.4299518749568362e-11,0.9999999953297749,0.0,,,,,,1.5461820291527892e-13,1.0,0.0,0.0,0.0,0.6000000033072158,0.2060845885801429,233,0.9279879959575483,0.45411608117974056,313,0,0.16666666784399167,0.22183183686137015,233,0,0.2565271793778821,0.4103917744024783,297,42.079290234825336,0.9558917293136002,269.0,264.10341043493105,0.836960539709211,87,db,436.359649122807,360.0,291.0684471867005,342,0.7759481297380488,1.0,0.1568363091833658,3,66.0,87
db21,1,zero,1.070265985076159e-26,317.8123641452566,5852126.177817864,0.5681818181818182,65.7136471569118,223,smoothed,7.435606689408807e-14,-2.173247803938241e-10,6.388151762978532,43847.91280762167,0.9879467776515544,0.00012819038906189122,0.9999999999999997,370.40000000000026,,,,[],[],14,356.21428571428567,31.599999999999966,804.2,"[6, 17, 39, 52, 72, 84, 96, 110, 130, 145, 162, 181, 195, 209]","[31.599999999999966, 570.0, 407.0000000000002, 140.59999999999977, 559.3999999999996, 500.6, 804.2, 136.80000000000007, 265.79999999999984, 215.00000000000009, 564.3999999999999, 318.00000000000006, 105.00000000000006, 368.59999999999997]","[1, 1, 22, 50, 1, 78, 1, 108, 124, 140, 124, 176, 183, 176]","[8, 57, 57, 57, 78, 88, 220, 124, 140, 148, 220, 183, 203, 220]",37384270.16,804.2,-804.2,0.0,,,,DWT,mdp.39015067403884,7.450580596923828e-09,,0.0,44.0,12.0,0.0,44,,0.0,114.93736263736258,1286.2000000000007,114.9373626373626,,0.0,114.93736263736258,,,29.99999999999997,0.0,26.0,0.0,0.0,,2.8421709430404007e-13,1.183156716260611e-13,2.975263768901516e-26,0.9695851918949447,0.09925374890618338,0.05869480429883233,0.5481965829993672,0.11995992754572814,5.323214629857252e-09,4.67026833993113e-09,4.67026833993113e-09,4.119919997877136e-09,,1.4299518749568362e-11,0.9999999953297749,0.0,,,,,,1.5461820291527892e-13,1.0,0.0,0.0,0.0,0.6000000033072158,0.2060845885801429,232,0.9279879959575483,0.45411608117974056,314,0,0.16666666784399167,0.22183183686137015,231,0,0.2565271793778821,0.4103917744024783,296,43.06874349997533,0.9548545665618707,268.25,263.1156419866454,0.8368350400943525,88,db,436.359649122807,360.0,291.0684471867005,342,0.7759481297380488,1.0,0.1568363091833658,3,66.75,88
db21,1,smooth,1.070265985076159e-26,317.8123641452566,5852126.177817864,0.5681818181818182,65.7136471569118,223,smoothed,7.435606689408807e-14,-2.173247803938241e-10,6.388151762978532,43847.91280762167,0.9879467776515544,0.00012819038906189122,0.9999999999999997,370.40000000000026,,,,[],[],14,356.21428571428567,31.599999999999966,804.2,"[6, 17, 39, 52, 72, 84, 96, 110, 130, 145, 162, 181, 195, 209]","[31.599999999999966, 570.0, 407.0000000000002, 140.59999999999977, 559.3999999999996, 500.6, 804.2, 136.80000000000007, 265.79999999999984, 215.00000000000009, 564.3999999999999, 318.00000000000006, 105.00000000000006, 368.59999999999997]","[1, 1, 22, 50, 1, 78, 1, 108, 124, 140, 124, 176, 183, 176]","[8, 57, 57, 57, 78, 88, 220, 124, 140, 148, 220, 183, 203, 220]",37384270.16,804.2,-804.2,0.0,,,,DWT,mdp.39015067403884,7.450580596923828e-09,,0.0,44.0,12.0,0.0,44,,0.0,114.93736263736258,1286.2000000000007,114.9373626373626,,0.0,114.93736263736258,,,29.99999999999997,0.0,26.0,0.0,0.0,,2.8421709430404007e-13,1.183156716260611e-13,2.975263768901516e-26,0.9695851918949447,0.09925374890618338,0.05869480429883233,0.5481965829993672,0.11995992754572814,5.323214629857252e-09,4.67026833993113e-09,4.67026833993113e-09,4.119919997877136e-09,,1.4299518749568362e-11,0.9999999953297749,0.0,,,,,,1.5461820291527892e-13,1.0,0.0,0.0,0.0,0.6000000033072158,0.2060845885801429,231,0.9279879959575483,0.45411608117974056,315,0,0.16666666784399167,0.22183183686137015,232,0,0.2565271793778821,0.4103917744024783,295,43.215545042650255,0.9547006865381025,268.25,263.0924186554135,0.8367581000824684,89,db,436.359649122807,360.0,291.0684471867005,342,0.7759481297380488,1.0,0.1568363091833658,3,67.5,89
db32,1,symmetric,1.4318341903717248e-26,316.54835408930603,6986086.423525209,0.5314685314685315,110.70433720866727,223,smoothed,8.600594078477354e-14,-2.2018438183835127e-10,6.760582954389465,29786.992232879235,0.9796495344791298,0.00012819038906189122,0.9999999999999999,370.39999999999986,,,,[],[],14,356.2142857142857,31.600000000000136,804.1999999999999,"[6, 17, 39, 52, 72, 84, 96, 110, 130, 145, 162, 181, 195, 209]","[31.600000000000136, 570.0000000000003, 407.0000000000002, 140.6, 559.4000000000001, 500.60000000000014, 804.1999999999999, 136.79999999999967, 265.79999999999995, 214.99999999999991, 564.4, 317.99999999999983, 105.00000000000017, 368.5999999999999]","[2, 2, 22, 50, 2, 78, 2, 108, 124, 140, 124, 176, 183, 176]","[8, 57, 57, 57, 78, 88, 221, 124, 140, 148, 221, 183, 203, 221]",37384270.15999999,804.1999999999999,-804.1999999999999,0.0,,,,DWT,mdp.39015067403884,0.0,,0.0,30.5,12.0,0.0,44,,1.1368683772161603e-13,114.93736263736264,1286.1999999999998,114.93736263736267,,0.0,114.93736263736264,,,30.000000000000142,0.0,44.0,1.1368683772161603e-13,1.1368683772161603e-13,,1.1368683772161603e-13,1.4433521347155557e-13,4.170546833165038e-26,0.9647698429264686,0.6649101890066025,0.528920959578965,0.11183943666542218,0.01239165211009971,5.323681824400859e-09,4.670328733154287e-09,4.670328733154287e-09,4.1199954894061234e-09,,5.719807499827345e-12,0.9999999953297058,4.9886256442802994e-14,,,,,,0.0,0.0,1.0,1.175987112096651e-13,1.175987112096651e-13,0.6000000033030853,0.2060845885787242,303,1.225469915558917,0.5996905111720225,127,0,0.1666666678433371,0.22183183686049893,300,0,0.326118868612529,0.5217244483824232,138,97.68316129200569,0.8976067491698053,217.0,183.8737573174209,0.8350717184004163,90,db,436.359649122807,360.0,291.0684471867005,342,0.7759481297380488,1.0,0.1568363091833658,3,68.25,90
sym18,1,symmetric,1.3724365590294058e-19,246.7323585923879,6597252.763818699,0.5465116279069767,104.29072956226504,223,smoothed,2.8270162792683825e-10,,6.593386285345723,31958.115003864943,0.9812964095071987,0.00012819038906074215,0.9999999999999996,370.40000000005847,,,,[],[],14,356.2142857154102,31.600000000570617,804.2000000015162,"[6, 17, 39, 52, 72, 84, 96, 110, 130, 145, 162, 181, 195, 209]","[31.600000000570617, 570.0000000014538, 407.00000000122634, 140.6000000008411, 559.4000000015054, 500.6000000013679, 804.2000000015162, 136.80000000109743, 265.8000000007643, 215.00000000127596, 564.4000000008965, 318.0000000019351, 105.00000000026341, 368.6000000010283]","[2, 2, 22, 50, 2, 78, 2, 108, 124, 140, 124, 176, 183, 176]","[8, 57, 57, 57, 78, 88, 220, 124, 140, 148, 220, 183, 203, 220]",37384270.160017565,804.2000000009984,-804.2000000009984,0.0,,,,DWT,mdp.39015067403884,1.757591962814331e-05,,0.0,44.0,12.0,0.0,44,,9.98397808871232e-10,114.93736263848712,1286.1999999842574,114.9373626384871,,0.0,114.93736263848712,,,30.000000000570623,0.0,44.0,1.5161276678554714e-09,9.98397808871232e-10,,5.849187800777145e-11,6.313553741875509e-10,4.5370420612397475e-19,0.6988001377674387,0.41096832057813926,0.36768095355631714,0.29063472364610793,0.029001086107861514,6.886603304280543e-09,5.865027473640219e-09,5.865027473640219e-09,5.314648935632127e-09,,2.9428409586611688e-09,0.9999999941350244,6.652831159212208e-10,,,,,,3.6474434067714295e-10,1.0,1.0,1.032751881843279e-09,1.032751881843279e-09,0.7000000066464391,0.2404320209677802,22,0.9364590438186858,0.4582614355107698,295,0,0.25000000200872524,0.3327477556151369,27,0,0.2567264603267458,0.4107105837481668,294,155.8984712347537,0.8365844117036124,159.5,44.801475595025344,0.8346968180111354,91,sym,562.3567251461989,537.0,257.5873265946006,171,1.0,0.8849716590179765,0.03450850229460706,7,70.0,91
coif7,1,antireflect,1.6097407415712057e-26,316.0397220160848,6733321.106495398,0.5454545454545454,106.50622970325627,223,smoothed,9.018894251253163e-14,-2.352287031825998e-10,6.639785761189502,105401.68478025605,0.9944191310392184,0.00012819038906189108,1.0,370.39999999999986,,,,[],[],14,356.21428571428584,31.599999999999966,804.2000000000002,"[6, 17, 39, 52, 72, 84, 96, 110, 130, 145, 162, 181, 195, 209]","[31.599999999999966, 570.0000000000001, 407.0000000000002, 140.5999999999999, 559.4000000000001, 500.60000000000014, 804.2000000000002, 136.80000000000018, 265.79999999999995, 215.00000000000017, 564.4000000000002, 318.0, 105.00000000000006, 368.60000000000014]","[1, 1, 22, 50, 1, 78, 1, 108, 124, 140, 124, 176, 183, 176]","[8, 57, 57, 57, 78, 88, 220, 124, 140, 148, 220, 183, 203, 220]",37384270.160000004,804.2000000000002,-804.2000000000002,0.0,,,,DWT,mdp.39015067403884,1.4901161193847656e-08,,0.0,44.0,12.0,0.0,44,,1.1368683772161603e-13,114.93736263736275,1286.199999999998,114.93736263736272,,0.0,114.93736263736275,,,29.99999999999997,0.0,26.0,1.1368683772161603e-13,1.1368683772161603e-13,,1.1368683772161603e-13,1.5367778571881392e-13,4.7586756690410794e-26,0.9628321677334672,0.4814408345179244,0.42410523639552067,0.27807073050692444,0.5908560585962006,5.323214629857252e-09,4.6704495196006005e-09,4.6704495196006005e-09,4.120055882629313e-09,,5.719807499827345e-12,0.9999999953295678,4.9886256442802994e-14,,,,,,3.0923640583055783e-13,1.0,0.0,1.175987112096651e-13,1.175987112096651e-13,0.6000000033031214,0.20608458857873657,299,1.3780430517380993,0.6743530229683096,71,0,0.1666666678433376,0.2218318368604996,299,0,0.3910435753928846,0.6255908912395424,67,132.80060240827223,0.8607960142470941,184.0,112.0484480857098,0.8339619484233374,92,coif,462.58169934640523,492.0,268.41090882948885,153,0.8225769847886951,0.9221573531030026,0.14754890471701262,4,70.0,92
db32,1,antireflect,1.503025880199e-26,316.3376167888244,6998068.842288977,0.527972027972028,104.55932311699635,223,smoothed,8.824829257980116e-14,-2.1948407535887824e-10,6.764676568228412,122415.06662288617,0.9955741870884821,0.0001281903890618912,0.9999999999999996,370.39999999999986,,,,[],[],14,356.2142857142857,31.600000000000193,804.1999999999999,"[6, 17, 39, 52, 72, 84, 96, 110, 130, 145, 162, 181, 195, 209]","[31.600000000000193, 570.0000000000001, 407.00000000000006, 140.6, 559.4000000000001, 500.60000000000014, 804.1999999999999, 136.79999999999967, 265.79999999999995, 214.99999999999991, 564.4, 318.00000000000006, 105.00000000000006, 368.5999999999999]","[2, 2, 22, 50, 2, 78, 2, 108, 124, 140, 124, 176, 183, 176]","[8, 57, 57, 57, 78, 88, 221, 124, 140, 148, 221, 183, 203, 221]",37384270.15999999,804.1999999999999,-804.1999999999999,0.0,,,,DWT,mdp.39015067403884,0.0,,0.0,30.5,12.0,0.0,44,,1.1368683772161603e-13,114.93736263736264,1286.1999999999998,114.93736263736264,,0.0,114.93736263736264,,,30.0000000000002,0.0,44.0,1.1368683772161603e-13,1.1368683772161603e-13,,1.1368683772161603e-13,1.4934341930369683e-13,4.405894465839993e-26,0.9639670220646278,0.6711276570508661,0.5338897816585507,0.07028161320504728,0.7210111316165941,5.323837555915394e-09,4.670328733154287e-09,4.670328733154287e-09,4.1199652927945285e-09,,5.719807499827345e-12,0.9999999953297058,4.9886256442802994e-14,,,,,,0.0,0.0,1.0,1.175987112096651e-13,1.175987112096651e-13,0.600000003303123,0.20608458857873713,298,1.4974060305221863,0.7327639597471186,48,0,0.16666666784334758,0.22183183686051286,297,0,0.422896743656548,0.6765495392696179,43,145.50715904495328,0.8474767724895668,171.5,78.72178593567895,0.8338536902280118,93,db,436.359649122807,360.0,291.0684471867005,342,0.7759481297380488,1.0,0.1568363091833658,3,70.5,93
db32,1,antisymmetric,1.4938351200292478e-26,316.3642547205779,6986456.647800308,0.5314685314685315,111.17369554302921,223,smoothed,8.93276484171946e-14,-2.1917878623156665e-10,6.760224699547316,121323.54237943213,0.9949566555754622,0.0001281903890618912,0.9999999999999999,370.39999999999986,,,,[],[],14,356.2142857142857,31.600000000000136,804.1999999999999,"[6, 17, 39, 52, 72, 84, 96, 110, 130, 145, 162, 181, 195, 209]","[31.600000000000136, 570.0000000000002, 406.99999999999994, 140.59999999999997, 559.4000000000001, 500.60000000000014, 804.1999999999999, 136.79999999999967, 265.79999999999995, 214.99999999999991, 564.4, 318.0, 104.99999999999983, 368.6]","[2, 2, 22, 50, 2, 78, 2, 108, 124, 140, 124, 176, 183, 176]","[8, 57, 57, 57, 78, 88, 221, 124, 140, 148, 221, 183, 203, 221]",37384270.15999998,804.1999999999999,-804.1999999999999,0.0,,,,DWT,mdp.39015067403884,7.450580596923828e-09,,0.0,30.5,12.0,0.0,44,,1.1368683772161603e-13,114.93736263736264,1286.1999999999998,114.93736263736263,,0.0,114.93736263736264,,,30.000000000000142,0.0,44.0,1.1368683772161603e-13,1.1368683772161603e-13,,1.1368683772161603e-13,1.5175411873621959e-13,4.375511374025733e-26,0.9640685014291215,0.6643660639082433,0.5290744827188901,0.11183943666542218,0.7126607978073385,5.323681824400859e-09,4.670328733154287e-09,4.670328733154287e-09,4.119950194488731e-09,,5.719807499827345e-12,0.9999999953297058,4.9886256442802994e-14,,,,,,1.5461820291527892e-13,0.0,1.0,1.175987112096651e-13,1.175987112096651e-13,0.600000003303149,0.20608458857874604,297,1.5049614679601895,0.7364612550309917,45,0,0.16666666784334622,0.22183183686051103,298,0,0.4260013260755954,0.6815162452959401,41,146.94528460167297,0.845969303352544,170.25,74.99741138515178,0.8337550919278444,94,db,436.359649122807,360.0,291.0684471867005,342,0.7759481297380488,1.0,0.1568363091833658,3,71.25,94
db13,1,periodic,8.058577764902612e-27,319.0446973634369,6339899.512437996,0.5362903225806451,102.3782892521403,223,smoothed,6.386437374206084e-14,-2.2602502092183857e-10,6.526452453593637,32448.675489533507,0.9813101171173587,0.00012819038906189116,1.0,370.40000000000003,,,,[],[],14,356.2142857142857,31.599999999999966,804.2000000000002,"[6, 17, 39, 52, 72, 84, 96, 110, 130, 145, 162, 181, 195, 209]","[31.599999999999966, 569.9999999999999, 407.0000000000001, 140.59999999999997, 559.4, 500.5999999999998, 804.2000000000002, 136.7999999999999, 265.80000000000007, 215.00000000000009, 564.4000000000001, 318.0, 104.99999999999983, 368.6]","[2, 2, 22, 50, 2, 78, 2, 108, 124, 140, 124, 176, 183, 176]","[8, 57, 57, 57, 78, 88, 220, 124, 140, 148, 220, 183, 203, 220]",37384270.16,804.2000000000002,-804.2000000000002,0.0,,,,DWT,mdp.39015067403884,7.450580596923828e-09,,0.0,44.0,12.0,0.0,44,,1.1368683772161603e-13,114.93736263736264,1286.1999999999998,114.93736263736263,,0.0,114.93736263736264,,,29.99999999999997,0.0,44.0,1.1368683772161603e-13,1.1368683772161603e-13,,5.684341886080802e-14,9.488288157521546e-14,2.1011751484249733e-26,0.9742798653772067,0.3093077887421002,0.260962723879665,0.1691490157922303,0.0327539517299759,5.323214629857252e-09,4.670328733154287e-09,4.670328733154287e-09,4.119950194488731e-09,,2.8599037499136724e-12,0.9999999953297058,4.9886256442802994e-14,,,,,,1.5461820291527892e-13,1.0,1.0,1.175987112096651e-13,1.175987112096651e-13,0.7000000033015789,0.24043201981890663,159,0.9504643625461175,0.46511501603538846,277,0,0.25000000117640236,0.3327477545073227,161,0,0.24949333507446758,0.3991390414501667,334,87.17176530658689,0.9086249839553596,232.75,209.37356467312162,0.8323261188120614,96,db,436.359649122807,360.0,291.0684471867005,342,0.7759481297380488,1.0,0.1568363091833658,3,72.75,95
sym12,1,antireflect,2.5721187396105263e-23,284.00437123994146,6192155.094700045,0.532520325203252,98.59835366666552,223,smoothed,3.946264341710767e-12,,6.521367783581092,70473.24545061283,0.9922408672665863,0.00012819038906188016,1.0,370.4000000000028,,,,[],[],14,356.2142857143002,31.600000000007526,804.2000000000195,"[6, 17, 39, 52, 72, 84, 96, 110, 130, 145, 162, 181, 195, 209]","[31.600000000007526, 570.000000000016, 407.00000000001603, 140.6000000000103, 559.4000000000196, 500.60000000002276, 804.2000000000195, 136.80000000001183, 265.8000000000129, 215.00000000001774, 564.4000000000138, 318.00000000001876, 105.00000000000398, 368.6000000000124]","[2, 2, 22, 50, 2, 78, 2, 108, 124, 140, 124, 176, 183, 176]","[8, 57, 57, 57, 78, 88, 220, 124, 140, 148, 220, 183, 203, 220]",37384270.160000265,804.2000000000139,-804.2000000000139,0.0,,,,DWT,mdp.39015067403884,2.7567148208618164e-07,,0.0,44.0,12.0,0.0,44,,1.3869794202037156e-11,114.93736263737713,1286.199999999797,114.93736263737716,,0.0,114.93736263737713,,,30.00000000000753,0.0,44.0,1.944044925039634e-11,1.3869794202037156e-11,,2.8421709430404007e-12,8.76607274812616e-12,8.502424753286191e-23,0.8407908971055484,0.3015850834351537,0.19969665235730527,0.12434057055187625,0.3236479506792322,5.343926921290492e-09,4.685729005059247e-09,4.685729005059247e-09,4.135395761319558e-09,,1.4299518749568363e-10,0.9999999953143142,8.530549851719312e-12,,,,,,5.7208735078653196e-12,1.0,1.0,1.4347042767579144e-11,1.4347042767579144e-11,0.7000000033967533,0.2404320198515966,70,0.9343108146546317,0.4572101876350366,299,0,0.25000000119591964,0.33274775453329997,70,0,0.2557230220196975,0.40910528473723295,303,133.37790921538195,0.8601908708434152,185.5,113.58395945086731,0.8328732131994854,95,sym,562.3567251461989,537.0,257.5873265946006,171,1.0,0.8849716590179765,0.03450850229460706,7,73.0,96
coif3,1,antireflect,6.95543900044648e-27,319.6840359135027,6022567.767973874,0.55,105.89507818506442,223,smoothed,5.63624881694233e-14,-2.3000719107102465e-10,6.47498858955706,56485.24311878844,0.9891108114647404,0.00012819038906189113,0.9999999999999999,370.40000000000003,,,,[],[],14,356.2142857142858,31.600000000000136,804.1999999999999,"[6, 17, 39, 52, 72, 84, 96, 110, 130, 145, 162, 181, 195, 209]","[31.600000000000136, 570.0, 407.00000000000034, 140.60000000000008, 559.4, 500.6000000000001, 804.1999999999999, 136.79999999999978, 265.8, 215.00000000000006, 564.4000000000001, 317.9999999999999, 105.00000000000011, 368.60000000000025]","[2, 2, 22, 50, 2, 78, 2, 108, 124, 140, 124, 176, 183, 176]","[8, 57, 57, 57, 78, 88, 222, 124, 140, 148, 222, 183, 203, 222]",37384270.160000004,804.1999999999999,-804.1999999999999,0.0,,,,DWT,mdp.39015067403884,1.4901161193847656e-08,,0.0,30.5,12.0,0.0,44,,1.1368683772161603e-13,114.9373626373627,1286.199999999999,114.9373626373627,,0.0,114.9373626373627,,,30.000000000000142,0.0,44.0,1.1368683772161603e-13,1.1368683772161603e-13,,5.684341886080802e-14,7.81277108833318e-14,1.736496212784287e-26,0.9767154775094624,0.23114337395595508,0.12937284962034068,0.33209590100541375,0.21663751138219778,5.323681824400859e-09,4.670389126377444e-09,4.670389126377444e-09,4.120025686017718e-09,,2.8599037499136724e-12,0.9999999953296368,4.9886256442802994e-14,,,,,,3.0923640583055783e-13,0.0,1.0,1.175987112096651e-13,1.175987112096651e-13,0.6000000033018208,0.20608458857828985,323,0.9857807632488933,0.48239729291653427,230,0,0.1666666678431314,0.2218318368602251,326,0,0.269423587639064,0.43102342786922027,234,53.44389581607987,0.9439791448468764,278.25,270.5483088326877,0.8261562390901048,104,coif,462.58169934640523,492.0,268.41090882948885,153,0.8225769847886951,0.9221573531030026,0.14754890471701262,4,79.0,97
sym11,1,antireflect,5.851375750326884e-24,290.4347014999325,6108911.553969392,0.5368852459016393,98.18142962075447,223,smoothed,1.8697151450404798e-12,,6.5070274936251735,64832.284843629066,0.9916532106617861,0.00012819038906188466,0.9999999999999997,370.40000000000055,,,,[],[],14,356.214285714293,31.600000000003604,804.2000000000098,"[6, 17, 39, 52, 72, 84, 96, 110, 130, 145, 162, 181, 195, 209]","[31.600000000003604, 570.0000000000089, 407.00000000000796, 140.60000000000525, 559.40000000001, 500.60000000001, 804.2000000000098, 136.80000000000626, 265.8000000000055, 215.0000000000082, 564.4000000000066, 318.000000000011, 105.00000000000188, 368.6000000000065]","[2, 2, 22, 50, 2, 78, 2, 108, 124, 140, 124, 176, 183, 176]","[8, 57, 57, 57, 78, 88, 220, 124, 140, 148, 220, 183, 203, 220]",37384270.16000014,804.200000000007,-804.200000000007,0.0,,,,DWT,mdp.39015067403884,1.4901161193847656e-07,,0.0,44.0,12.0,0.0,44,,6.934897101018578e-12,114.93736263736992,1286.199999999898,114.9373626373699,,0.0,114.93736263736992,,,30.00000000000361,0.0,44.0,9.777068044058979e-12,6.934897101018578e-12,,5.684341886080801e-13,4.128180593757835e-12,1.9338025673585326e-23,0.8652877624893629,0.2798047450705229,0.16517754971869086,0.17621999923928278,0.28049370618520314,5.333181446787533e-09,4.678059065718345e-09,4.678059065718345e-09,4.127680527057044e-09,,2.859903749913672e-11,0.9999999953219755,4.2902180540810575e-12,,,,,,3.0923640583055786e-12,1.0,1.0,7.173521383789573e-12,7.173521383789573e-12,0.700000003326942,0.24043201982761822,75,0.9243492870592573,0.4523354587658259,320,0,0.2500000011824403,0.33274775451535915,75,0,0.25242625181531303,0.40383111699697355,317,140.5901253052053,0.8526308959064934,196.75,121.40990604615905,0.8231969993159302,108,sym,562.3567251461989,537.0,257.5873265946006,171,1.0,0.8849716590179765,0.03450850229460706,7,82.75,98
db31,1,antireflect,1.4553786815236508e-26,316.47752128474013,6989580.923032577,0.5352112676056338,112.35098996656976,223,smoothed,8.769069177819577e-14,-2.2357160567310116e-10,6.758214771799097,121940.53818333703,0.9953406483975423,0.00012819038906189097,0.9999999999999996,370.40000000000003,,,,[],[],14,356.21428571428584,31.600000000000136,804.2000000000004,"[6, 17, 39, 52, 72, 84, 96, 110, 130, 145, 162, 181, 195, 209]","[31.600000000000136, 570.0000000000001, 407.00000000000034, 140.60000000000008, 559.3999999999996, 500.6000000000005, 804.2000000000004, 136.79999999999995, 265.8000000000001, 215.00000000000003, 564.4000000000003, 317.99999999999994, 105.00000000000017, 368.5999999999999]","[2, 2, 22, 50, 2, 78, 2, 108, 124, 140, 124, 176, 183, 176]","[8, 57, 57, 57, 78, 88, 221, 124, 140, 148, 221, 183, 203, 221]",37384270.16,804.2000000000004,-804.2000000000004,0.0,,,,DWT,mdp.39015067403884,7.450580596923828e-09,,0.0,30.5,12.0,0.0,44,,3.410605131648481e-13,114.93736263736275,1286.199999999998,114.93736263736275,,0.0,114.93736263736275,,,30.000000000000142,0.0,44.0,3.410605131648481e-13,3.410605131648481e-13,,5.684341886080802e-14,1.4809803952305792e-13,4.248380921224839e-26,0.9644999996045782,0.661313342758306,0.5303700448305854,0.15632386741173937,0.7173809136933701,5.323681824400859e-09,4.6704495196006005e-09,4.6704495196006005e-09,4.120086079240908e-09,,2.8599037499136724e-12,0.9999999953295678,1.4965876932840898e-13,,,,,,1.5461820291527892e-13,0.0,1.0,3.5279613362899533e-13,3.5279613362899533e-13,0.6000000033019073,0.20608458857831954,318,1.5240236059992809,0.7457894181784981,37,0,0.16666666784317535,0.22183183686028363,318,0,0.4328411668998182,0.6924586117901681,31,163.98577174051817,0.8281071575046979,176.0,60.99941466677816,0.8218103921695397,116,db,436.359649122807,360.0,291.0684471867005,342,0.7759481297380488,1.0,0.1568363091833658,3,87.75,99
coif13,1,antisymmetric,4.0469385136178763e-26,312.03601531461794,7561445.073255128,0.54,109.1601565256826,223,smoothed,1.4731016605842517e-13,-2.4655202324197507e-10,6.850612185882543,142964.6645892793,0.9958348550389482,0.0001281903890618911,0.9999999999999999,370.40000000000003,,,,[],[],14,356.21428571428584,31.599999999999795,804.2000000000004,"[6, 17, 39, 52, 72, 84, 96, 110, 130, 145, 162, 181, 195, 209]","[31.599999999999795, 570.0000000000001, 407.0000000000002, 140.60000000000002, 559.3999999999999, 500.6000000000006, 804.2000000000004, 136.7999999999999, 265.80000000000024, 215.00000000000023, 564.4000000000005, 318.00000000000017, 105.00000000000023, 368.60000000000036]","[0, 0, 22, 50, 0, 78, 0, 108, 124, 140, 124, 176, 183, 176]","[8, 57, 57, 57, 78, 88, 220, 124, 140, 148, 220, 183, 203, 220]",37384270.16000002,804.2000000000004,-804.2000000000004,0.0,,,,DWT,mdp.39015067403884,2.9802322387695312e-08,,0.0,44.0,12.0,0.0,44,,3.410605131648481e-13,114.93736263736275,1286.199999999998,114.93736263736281,,0.0,114.93736263736275,,,29.9999999999998,0.0,26.0,3.410605131648481e-13,3.410605131648481e-13,,5.684341886080802e-14,2.8125582478295795e-13,1.2815637477413615e-25,0.9475797218812931,0.8016485067571181,0.7675084116469212,0.21324052590873932,0.8782188195763064,5.322747435313645e-09,4.6704495196006005e-09,4.6704495196006005e-09,4.120146472464098e-09,,2.8599037499136724e-12,0.9999999953295678,1.4965876932840898e-13,,,,,,6.184728116611157e-13,1.0,0.0,3.5279613362899533e-13,3.5279613362899533e-13,0.600000003301877,0.20608458857830914,320,1.7897100305248983,0.8758045460183087,12,0,0.1666666678431412,0.22183183686023814,320,0,0.5154565693958085,0.8246266015740517,12,177.82388291040473,0.8136017998842717,166.0,23.132530120481928,0.8197988035060771,124,coif,462.58169934640523,492.0,268.41090882948885,153,0.8225769847886951,0.9221573531030026,0.14754890471701262,4,94.0,100
coif12,1,antireflect,2.074614350522239e-26,314.937907598621,7507868.561722064,0.5408163265306123,111.30225194460938,223,smoothed,9.752537591651208e-14,-2.1930652849278008e-10,6.8326939588622455,141941.3402702055,0.9954779297121,0.0001281903890618911,0.9999999999999997,370.40000000000003,,,,[],[],14,356.2142857142857,31.60000000000008,804.1999999999998,"[6, 17, 39, 52, 72, 84, 96, 110, 130, 145, 162, 181, 195, 209]","[31.60000000000008, 569.9999999999999, 406.9999999999999, 140.60000000000022, 559.3999999999999, 500.60000000000014, 804.1999999999998, 136.8000000000003, 265.8, 214.99999999999994, 564.4000000000001, 318.0000000000002, 104.99999999999989, 368.6]","[2, 2, 22, 50, 2, 78, 2, 108, 124, 140, 124, 176, 183, 176]","[8, 57, 57, 57, 78, 88, 221, 124, 140, 148, 221, 183, 203, 221]",37384270.15999998,804.1999999999998,-804.1999999999998,0.0,,,,DWT,mdp.39015067403884,7.450580596923828e-09,,0.0,30.5,12.0,0.0,44,,2.2737367544323206e-13,114.93736263736264,1286.1999999999998,114.93736263736268,,0.0,114.93736263736264,,,30.000000000000085,0.0,44.0,2.2737367544323206e-13,2.2737367544323206e-13,,5.684341886080802e-14,1.7006342540407929e-13,6.295468848485632e-26,0.9586347162230071,0.774433921236462,0.7452915154842172,0.22294300550846796,0.8703902260195061,5.323526092886323e-09,4.670328733154287e-09,4.670328733154287e-09,4.120010587711921e-09,,2.8599037499136724e-12,0.9999999953297058,9.977251288560599e-14,,,,,,1.5461820291527892e-13,0.0,1.0,2.351974224193302e-13,2.351974224193302e-13,0.6000000033017624,0.2060845885782698,331,1.7723768407053848,0.8673224532870767,13,0,0.1666666678431237,0.22183183686021488,329,0,0.5102419120674044,0.8162842010569034,13,183.0218566182739,0.8081531901275956,171.5,25.014568553481343,0.8141918990470263,130,coif,462.58169934640523,492.0,268.41090882948885,153,0.8225769847886951,0.9221573531030026,0.14754890471701262,4,98.5,101
bior1.3,1,antireflect,4.5544795925613904e-27,321.5228937707893,5881077.948002722,0.5614035087719298,163.85812310493552,223,smoothed,4.795366893806955e-14,-2.310991620291251e-10,6.41958064571465,35060.1686409881,0.9561459835353665,0.0001281903890618911,1.0,370.4,,,,[],[],14,356.2142857142858,31.600000000000193,804.2000000000002,"[6, 17, 39, 52, 72, 84, 96, 110, 130, 145, 162, 181, 195, 209]","[31.600000000000193, 570.0, 407.00000000000006, 140.60000000000002, 559.3999999999999, 500.60000000000014, 804.2000000000002, 136.7999999999999, 265.79999999999995, 215.0, 564.4000000000002, 318.00000000000006, 105.00000000000006, 368.60000000000014]","[2, 2, 22, 50, 2, 78, 2, 108, 124, 140, 124, 176, 183, 176]","[8, 57, 57, 57, 78, 88, 220, 124, 140, 148, 220, 183, 203, 220]",37384270.16,804.2000000000002,-804.2000000000002,0.0,,,,DWT,mdp.39015067403884,7.450580596923828e-09,,0.0,44.0,12.0,0.0,44,,1.1368683772161603e-13,114.9373626373627,1286.199999999999,114.93736263736267,,0.0,114.9373626373627,,,30.0000000000002,0.0,44.0,1.1368683772161603e-13,1.1368683772161603e-13,,0.0,5.934693901280178e-14,9.427798195291702e-27,0.9837207558651004,0.1469886066056562,0.07070040999278464,0.46763273225600643,0.05273228907429808,5.323837555915394e-09,4.670389126377444e-09,4.670389126377444e-09,4.1199954894061234e-09,,0.0,0.9999999953296368,4.9886256442802994e-14,,,,,,1.5461820291527892e-13,1.0,1.0,1.175987112096651e-13,1.175987112096651e-13,0.7000000033003511,0.24043201981848492,178,0.9072229703504203,0.44395460054056934,349,0,0.250000001176224,0.33274775450708527,182,0,0.2459678276848436,0.39349894032401844,341,95.33275058096946,0.9000704920534911,262.5,236.5413325381984,0.8124566296745444,132,bior,507.7185185185185,497.0,255.1009648481275,135,0.902840662902225,0.8764294698164163,0.10508269502351761,6,100.5,102
coif2,1,antireflect,6.00947693235597e-27,320.31891465078047,5919048.9974060375,0.5512820512820513,107.30920917193531,223,smoothed,5.214762353871631e-14,-2.2840285218706004e-10,6.43168857705745,44489.013612641575,0.9853397089745497,0.00012819038906189108,1.0,370.40000000000003,,,,[],[],14,356.2142857142857,31.599999999999795,804.2,"[6, 17, 39, 52, 72, 84, 96, 110, 130, 145, 162, 181, 195, 209]","[31.599999999999795, 570.0, 407.0, 140.60000000000002, 559.3999999999999, 500.6, 804.2, 136.7999999999999, 265.79999999999984, 215.00000000000006, 564.4000000000002, 318.0000000000001, 105.0, 368.60000000000014]","[2, 2, 22, 50, 2, 78, 2, 108, 124, 140, 124, 176, 183, 176]","[8, 57, 57, 57, 78, 88, 220, 124, 140, 148, 220, 183, 203, 220]",37384270.16,804.2,-804.2,0.0,,,,DWT,mdp.39015067403884,7.450580596923828e-09,,0.0,44.0,12.0,0.0,44,,0.0,114.93736263736264,1286.1999999999998,114.93736263736261,,0.0,114.93736263736264,,,29.9999999999998,0.0,44.0,0.0,0.0,,5.684341886080802e-14,6.871397407717977e-14,1.42377722287753e-26,0.979134099622685,0.16537839107672073,0.08644609476477183,0.34733376960755147,0.12486445051844589,5.322747435313645e-09,4.670328733154287e-09,4.670328733154287e-09,4.1199350961829335e-09,,2.8599037499136724e-12,0.9999999953297058,0.0,,,,,,1.5461820291527892e-13,1.0,1.0,0.0,0.0,0.7000000033013621,0.2404320198188322,170,0.9022719907447769,0.44153181116580414,361,0,0.2500000011763383,0.3327477545072374,170,0,0.24330811508432057,0.389243936327263,351,107.46472289391838,0.8873535399434818,263.0,230.09939593336574,0.8058360991122021,136,coif,462.58169934640523,492.0,268.41090882948885,153,0.8225769847886951,0.9221573531030026,0.14754890471701262,4,103.0,103
db19,1,periodic,8.293539667968257e-27,318.9198821130557,6767647.125408478,0.5423076923076923,103.08610755364059,223,smoothed,6.093581045830527e-14,-2.172834356883872e-10,6.609579134918368,32425.49224227127,0.9820631636653524,0.00012819038906189116,0.9999999999999999,370.40000000000003,,,,[],[],14,356.2142857142857,31.600000000000023,804.1999999999998,"[6, 17, 39, 52, 72, 84, 96, 110, 130, 145, 162, 181, 195, 209]","[31.600000000000023, 570.0, 407.0000000000001, 140.59999999999997, 559.3999999999995, 500.6, 804.1999999999998, 136.80000000000013, 265.80000000000007, 215.00000000000003, 564.4, 318.00000000000006, 105.00000000000023, 368.60000000000014]","[2, 2, 22, 50, 2, 78, 2, 108, 124, 140, 124, 176, 183, 176]","[8, 57, 57, 57, 78, 88, 221, 124, 140, 148, 221, 183, 203, 221]",37384270.15999999,804.1999999999998,-804.1999999999998,0.0,,,,DWT,mdp.39015067403884,0.0,,0.0,30.5,12.0,0.0,44,,2.2737367544323206e-13,114.93736263736264,1286.1999999999998,114.93736263736267,,0.0,114.93736263736264,,,30.00000000000003,0.0,44.0,2.2737367544323206e-13,2.2737367544323206e-13,,5.684341886080802e-14,8.834204897703758e-14,2.1788495620952555e-26,0.973804371543638,0.4355623660168244,0.4383394143225451,0.24066868939258634,0.03257659620664863,5.3233703613717876e-09,4.670328733154287e-09,4.670328733154287e-09,4.1199954894061234e-09,,2.8599037499136724e-12,0.9999999953297058,9.977251288560599e-14,,,,,,0.0,0.0,1.0,2.351974224193302e-13,2.351974224193302e-13,0.6000000033016338,0.20608458857822565,382,1.130531627335588,0.5532319324083991,166,0,0.16666666784309658,0.22183183686017877,361,0,0.3029930624974759,0.4847278204654103,178,115.60384941687713,0.8788219607789548,271.75,234.88020259033357,0.7969843556515319,145,db,436.359649122807,360.0,291.0684471867005,342,0.7759481297380488,1.0,0.1568363091833658,3,109.5,104
coif15,1,symmetric,2.3051257860776247e-26,314.4803350858516,7779560.310171526,0.5352564102564102,106.41857281352976,223,smoothed,1.022052397871293e-13,-2.1787334159029147e-10,6.90614016531499,29687.647270471505,0.9802053706991756,0.0001281903890618911,0.9999999999999999,370.40000000000003,,,,[],[],14,356.2142857142858,31.600000000000136,804.2,"[6, 17, 39, 52, 72, 84, 96, 110, 130, 145, 162, 181, 195, 209]","[31.600000000000136, 570.0000000000002, 406.99999999999983, 140.60000000000022, 559.4000000000002, 500.6000000000001, 804.2, 136.8, 265.7999999999996, 215.0000000000001, 564.4, 318.0, 104.99999999999983, 368.6]","[2, 2, 22, 50, 2, 78, 2, 108, 124, 140, 124, 176, 183, 176]","[8, 57, 57, 57, 78, 88, 222, 124, 140, 148, 222, 183, 203, 222]",37384270.15999998,804.2,-804.2,0.0,,,,DWT,mdp.39015067403884,7.450580596923828e-09,,0.0,30.5,12.0,0.0,44,,0.0,114.9373626373627,1286.199999999999,114.93736263736267,,0.0,114.9373626373627,,,30.000000000000142,0.0,44.0,0.0,0.0,,5.684341886080802e-14,1.805157199915856e-13,7.057500495635565e-26,0.9568915565725009,0.8859855867227708,0.8579555764849052,0.1568604120808291,0.011631647370537165,5.323681824400859e-09,4.670389126377444e-09,4.670389126377444e-09,4.1199954894061234e-09,,2.8599037499136724e-12,0.9999999953296368,0.0,,,,,,1.5461820291527892e-13,0.0,1.0,0.0,0.0,0.6000000033016623,0.2060845885782354,359,1.5135023393279392,0.7406407778828802,40,0,0.16666666784309223,0.22183183686017297,367,0,0.40990353989024636,0.6557630325074215,54,182.56140519470884,0.8086358436114163,205.0,81.58465218303066,0.7968755737973223,146,coif,462.58169934640523,492.0,268.41090882948885,153,0.8225769847886951,0.9221573531030026,0.14754890471701262,4,110.5,105
db8,1,reflect,4.750951945368453e-27,321.3394749986702,6089412.9507825645,0.5462184873949579,103.89309366238287,223,smoothed,4.6910158866493605e-14,-2.1711776820865259e-10,6.468330972265202,31555.57140216247,0.9811879866322848,0.00012819038906189116,0.9999999999999997,370.39999999999986,,,,[],[],14,356.2142857142857,31.600000000000023,804.1999999999999,"[6, 17, 39, 52, 72, 84, 96, 110, 130, 145, 162, 181, 195, 209]","[31.600000000000023, 569.9999999999998, 406.99999999999994, 140.59999999999997, 559.3999999999999, 500.5999999999999, 804.1999999999999, 136.7999999999999, 265.8, 214.99999999999994, 564.4000000000001, 317.9999999999999, 104.99999999999977, 368.60000000000014]","[2, 2, 22, 50, 2, 78, 2, 108, 124, 140, 124, 176, 183, 176]","[8, 57, 57, 57, 78, 88, 220, 124, 140, 148, 220, 183, 203, 220]",37384270.15999998,804.1999999999999,-804.1999999999999,0.0,,,,DWT,mdp.39015067403884,7.450580596923828e-09,,0.0,44.0,12.0,0.0,44,,1.1368683772161603e-13,114.93736263736264,1286.1999999999998,114.93736263736258,,0.0,114.93736263736264,,,30.00000000000003,0.0,44.0,1.1368683772161603e-13,1.1368683772161603e-13,,1.1368683772161603e-13,5.701629970903438e-14,1.0077302417363214e-26,0.9830220071558121,0.22103164275912238,0.15709194597324794,0.28715059109490554,0.025921563626199625,5.3233703613717876e-09,4.670328733154287e-09,4.670328733154287e-09,4.119904899571339e-09,,5.719807499827345e-12,0.9999999953297058,4.9886256442802994e-14,,,,,,1.5461820291527892e-13,1.0,1.0,1.175987112096651e-13,1.175987112096651e-13,0.7000000033030419,0.24043201981940915,143,0.9041038605481316,0.44242824683087173,357,0,0.25000000117664983,0.33274775450765204,143,0,0.23917396437276356,0.38263012858073997,383,131.48764200486676,0.8621722830137665,256.5,206.2057571938558,0.7966521792427324,147,db,436.359649122807,360.0,291.0684471867005,342,0.7759481297380488,1.0,0.1568363091833658,3,111.0,106
coif5,1,periodic,8.514944270371723e-27,318.80546327648466,6361679.84135564,0.5476190476190477,107.05604604786389,223,smoothed,6.483105034380622e-14,-2.2454418324713318e-10,6.551881261189014,31897.363976821514,0.9807473817571012,0.00012819038906189113,1.0,370.3999999999999,,,,[],[],14,356.21428571428584,31.60000000000008,804.2,"[6, 17, 39, 52, 72, 84, 96, 110, 130, 145, 162, 181, 195, 209]","[31.60000000000008, 570.0000000000001, 407.0000000000001, 140.60000000000002, 559.4000000000001, 500.60000000000025, 804.2, 136.79999999999978, 265.79999999999995, 215.0000000000001, 564.4000000000002, 318.0, 105.00000000000017, 368.60000000000014]","[0, 0, 22, 50, 0, 78, 0, 108, 124, 140, 124, 176, 183, 176]","[8, 57, 57, 57, 78, 88, 220, 124, 140, 148, 220, 183, 203, 220]",37384270.16,804.2,-804.2,0.0,,,,DWT,mdp.39015067403884,7.450580596923828e-09,,0.0,44.0,12.0,0.0,44,,0.0,114.93736263736275,1286.199999999998,114.9373626373627,,0.0,114.93736263736275,,,30.000000000000085,0.0,26.0,0.0,0.0,,5.684341886080802e-14,9.704191630178745e-14,2.2520421624751835e-26,0.9733684836928549,0.34792960429387143,0.26999450463780955,0.30379700217287237,0.02853633110300476,5.323526092886323e-09,4.6704495196006005e-09,4.6704495196006005e-09,4.120025686017718e-09,,2.8599037499136724e-12,0.9999999953295678,0.0,,,,,,1.5461820291527892e-13,1.0,0.0,0.0,0.0,0.6000000033016264,0.20608458857822307,387,1.0259164779919332,0.5020379278965701,213,0,0.16666666784308606,0.22183183686016478,371,0,0.2748037037000729,0.4396305290041696,215,95.48996456870918,0.8999056975170763,296.5,273.4968757294213,0.7945545259073851,150,coif,462.58169934640523,492.0,268.41090882948885,153,0.8225769847886951,0.9221573531030026,0.14754890471701262,4,113.5,107
db7,1,antisymmetric,4.3211324143013056e-27,321.7513056274783,5984647.965270064,0.538135593220339,98.70636367145897,223,smoothed,4.197140890941668e-14,-2.1577000186567857e-10,6.445304828964118,49675.27733029961,0.9882961560128307,0.00012819038906189116,1.0,370.3999999999999,,,,[],[],14,356.2142857142857,31.60000000000008,804.1999999999999,"[6, 17, 39, 52, 72, 84, 96, 110, 130, 145, 162, 181, 195, 209]","[31.60000000000008, 570.0, 407.0, 140.59999999999994, 559.3999999999999, 500.6, 804.1999999999999, 136.79999999999995, 265.79999999999995, 215.00000000000006, 564.3999999999999, 318.0000000000001, 105.00000000000006, 368.6000000000001]","[2, 2, 22, 50, 2, 78, 2, 108, 124, 140, 124, 176, 183, 176]","[8, 57, 57, 57, 78, 88, 222, 124, 140, 148, 222, 183, 203, 222]",37384270.16,804.1999999999999,-804.1999999999999,0.0,,,,DWT,mdp.39015067403884,7.450580596923828e-09,,0.0,30.5,12.0,0.0,44,,1.1368683772161603e-13,114.93736263736264,1286.1999999999998,114.93736263736264,,0.0,114.93736263736264,,,30.000000000000085,0.0,44.0,1.1368683772161603e-13,1.1368683772161603e-13,,5.684341886080802e-14,4.598579308051702e-14,8.656392064490014e-27,0.9845909093843047,0.1860590450033085,0.1136484156272679,0.1910810491957997,0.1645401915979423,5.323526092886323e-09,4.670328733154287e-09,4.670328733154287e-09,4.1199652927945285e-09,,2.8599037499136724e-12,0.9999999953297058,4.9886256442802994e-14,,,,,,1.5461820291527892e-13,0.0,1.0,1.175987112096651e-13,1.175987112096651e-13,0.6000000033016768,0.20608458857824039,355,0.8828567722633817,0.43203086614234826,390,0,0.16666666784309617,0.2218318368601782,363,0,0.2342742301155242,0.3747915414929873,418,28.571547618799606,0.9700507886595392,381.5,379.9330961958533,0.785077805231237,158,db,436.359649122807,360.0,291.0684471867005,342,0.7759481297380488,1.0,0.1568363091833658,3,119.25,108
db10,1,antireflect,5.759607893746851e-27,320.50335219280447,6256198.861610992,0.5330578512396694,99.82080237073143,223,smoothed,5.053854693979773e-14,-2.2060668847245806e-10,6.494856159652739,69790.34902657283,0.9922655355889154,0.00012819038906189116,0.9999999999999999,370.3999999999999,,,,[],[],14,356.2142857142857,31.600000000000023,804.1999999999999,"[6, 17, 39, 52, 72, 84, 96, 110, 130, 145, 162, 181, 195, 209]","[31.600000000000023, 570.0000000000001, 407.0000000000001, 140.5999999999999, 559.4, 500.5999999999998, 804.1999999999999, 136.79999999999984, 265.80000000000007, 215.00000000000009, 564.3999999999999, 317.9999999999999, 105.00000000000006, 368.6]","[0, 0, 22, 50, 0, 78, 0, 108, 124, 140, 124, 176, 183, 176]","[8, 57, 57, 57, 78, 88, 220, 124, 140, 148, 220, 183, 203, 220]",37384270.15999999,804.1999999999999,-804.1999999999999,0.0,,,,DWT,mdp.39015067403884,0.0,,0.0,44.0,12.0,0.0,44,,1.1368683772161603e-13,114.93736263736264,1286.1999999999998,114.93736263736263,,0.0,114.93736263736264,,,30.00000000000003,0.0,26.0,1.1368683772161603e-13,1.1368683772161603e-13,,5.684341886080802e-14,6.512016385304999e-14,1.3411747634358472e-26,0.9798367294186685,0.2613186633327454,0.2262540686319881,0.13072935642013853,0.318423684583377,5.3233703613717876e-09,4.670328733154287e-09,4.670328733154287e-09,4.119950194488731e-09,,2.8599037499136724e-12,0.9999999953297058,4.9886256442802994e-14,,,,,,0.0,1.0,0.0,1.175987112096651e-13,1.175987112096651e-13,0.6000000033015483,0.20608458857819628,413,1.0113496200349936,0.4949095550304087,219,0,0.16666666784306908,0.22183183686014216,400,0,0.27379464319814045,0.43801623561478376,221,107.80963160435465,0.8869920004147226,313.25,285.4613581924951,0.7793188513604011,169,db,436.359649122807,360.0,291.0684471867005,342,0.7759481297380488,1.0,0.1568363091833658,3,127.5,109
rbio3.3,1,antireflect,3.275297416084913e-27,322.954773949465,5728867.8208284825,0.5478260869565217,170.27275452367076,223,smoothed,3.659056117392402e-14,-2.2064796656451363e-10,6.506445672172423,35357.11860034263,0.9306720843653522,0.0001281903890618911,0.9999999999999999,370.4,,,,[],[],14,356.2142857142857,31.60000000000008,804.1999999999999,"[6, 17, 39, 52, 72, 84, 96, 110, 130, 145, 162, 181, 195, 209]","[31.60000000000008, 570.0, 407.0000000000001, 140.60000000000002, 559.3999999999999, 500.5999999999999, 804.1999999999999, 136.79999999999995, 265.79999999999995, 214.99999999999991, 564.4000000000001, 317.99999999999994, 104.99999999999994, 368.5999999999999]","[2, 2, 22, 50, 2, 78, 2, 108, 124, 140, 124, 176, 183, 176]","[8, 57, 57, 57, 78, 88, 220, 124, 140, 148, 220, 183, 203, 220]",37384270.15999999,804.1999999999999,-804.1999999999999,0.0,,,,DWT,mdp.39015067403884,0.0,,0.0,44.0,12.0,0.0,44,,1.1368683772161603e-13,114.93736263736264,1286.1999999999998,114.9373626373626,,0.0,114.93736263736264,,,30.000000000000085,0.0,44.0,1.1368683772161603e-13,1.1368683772161603e-13,,0.0,3.396787819735019e-14,5.1990392246288676e-27,0.9891756197001688,0.27892106223372776,0.007582515721987988,0.30625777598439646,0.055004003422491204,5.323526092886323e-09,4.670328733154287e-09,4.670328733154287e-09,4.119919997877136e-09,,0.0,0.9999999953297058,4.9886256442802994e-14,,,,,,0.0,1.0,1.0,1.175987112096651e-13,1.175987112096651e-13,0.700000003300156,0.2404320198184179,208,0.8812618725607244,0.43125039311252406,398,0,0.25000000117617455,0.33274775450701943,208,0,0.23384871100897237,0.3741107967017201,425,118.0067088488334,0.8763032402003843,309.75,276.226142528519,0.7758088528045947,184,rbio,504.8,503.0,246.5434719924451,135,0.8976508636377817,0.8470291932203298,0.11753563748745388,5,139.25,110
db12,1,periodic,7.314870162093592e-27,319.4652151566941,6287328.287516383,0.540650406504065,100.64523970298538,223,smoothed,5.924110230771149e-14,-2.2800270560452457e-10,6.51077949714114,32549.679200227358,0.9817845764452556,0.00012819038906189105,1.0,370.4,,,,[],[],14,356.21428571428584,31.600000000000136,804.2000000000004,"[6, 17, 39, 52, 72, 84, 96, 110, 130, 145, 162, 181, 195, 209]","[31.600000000000136, 570.0, 407.0, 140.5999999999999, 559.4000000000001, 500.6000000000001, 804.2000000000004, 136.79999999999995, 265.8, 215.00000000000003, 564.4000000000001, 317.99999999999994, 104.99999999999989, 368.60000000000014]","[2, 2, 22, 50, 2, 78, 2, 108, 124, 140, 124, 176, 183, 176]","[8, 57, 57, 57, 78, 88, 222, 124, 140, 148, 222, 183, 203, 222]",37384270.16,804.2000000000004,-804.2000000000004,0.0,,,,DWT,mdp.39015067403884,7.450580596923828e-09,,0.0,30.5,12.0,0.0,44,,3.410605131648481e-13,114.93736263736275,1286.199999999998,114.93736263736267,,0.0,114.93736263736275,,,30.000000000000142,0.0,44.0,3.410605131648481e-13,3.410605131648481e-13,,0.0,8.455698400088093e-14,1.8553180488841066e-26,0.9758818620642221,0.28550336806728516,0.23916269599787887,0.2209709568093356,0.03352664615735593,5.323681824400859e-09,4.6704495196006005e-09,4.6704495196006005e-09,4.1199954894061234e-09,,0.0,0.9999999953295678,1.4965876932840898e-13,,,,,,1.5461820291527892e-13,0.0,1.0,3.5279613362899533e-13,3.5279613362899533e-13,0.6000000033004501,0.20608458857781906,436,0.9496611904578174,0.46472197931202497,278,0,0.16666666784292947,0.22183183685995636,435,0,0.25072078987088037,0.4011027216852214,329,79.00421929660888,0.9171863529385651,369.5,356.2184531985914,0.7649348955468507,201,db,436.359649122807,360.0,291.0684471867005,342,0.7759481297380488,1.0,0.1568363091833658,3,151.5,111
db20,1,antireflect,1.0685142186175696e-26,317.8194783187968,6559406.773126873,0.5343511450381679,100.36145305598077,223,smoothed,7.257971005468783e-14,-2.2318076275951205e-10,6.625109719503987,97356.98624497827,0.9942526806546476,0.00012819038906189113,1.0,370.4,,,,[],[],14,356.2142857142857,31.600000000000136,804.1999999999998,"[6, 17, 39, 52, 72, 84, 96, 110, 130, 145, 162, 181, 195, 209]","[31.600000000000136, 570.0, 407.00000000000034, 140.60000000000008, 559.4, 500.59999999999985, 804.1999999999998, 136.80000000000007, 265.7999999999999, 215.0000000000002, 564.4, 317.9999999999998, 104.99999999999983, 368.6000000000002]","[2, 2, 22, 50, 2, 78, 2, 108, 124, 140, 124, 176, 183, 176]","[8, 57, 57, 57, 78, 88, 221, 124, 140, 148, 221, 183, 203, 221]",37384270.16,804.1999999999998,-804.1999999999998,0.0,,,,DWT,mdp.39015067403884,7.450580596923828e-09,,0.0,30.5,12.0,0.0,44,,2.2737367544323206e-13,114.93736263736264,1286.1999999999998,114.93736263736267,,0.0,114.93736263736264,,,30.000000000000142,0.0,44.0,2.2737367544323206e-13,2.2737367544323206e-13,,0.0,1.1434824746773954e-13,2.969472726575808e-26,0.969612293916845,0.4591505492624285,0.3519871276367992,0.1461008483732129,0.5293128372089901,5.323681824400859e-09,4.670328733154287e-09,4.670328733154287e-09,4.1199954894061234e-09,,0.0,0.9999999953297058,9.977251288560599e-14,,,,,,1.5461820291527892e-13,0.0,1.0,2.351974224193302e-13,2.351974224193302e-13,0.6000000033003746,0.20608458857779313,443,1.2575016890326363,0.615365437471164,113,0,0.1666666678428971,0.22183183685991328,448,0,0.3508805223426272,0.5613381027175276,101,195.50511502259985,0.7950680136031448,276.25,172.11684094607475,0.7527488914975893,220,db,436.359649122807,360.0,291.0684471867005,342,0.7759481297380488,1.0,0.1568363091833658,3,165.75,112
coif9,1,symmetric,1.1626438135379024e-26,317.452814524768,6927339.902575511,0.5434782608695652,106.36441009309588,223,smoothed,7.597061992945105e-14,-2.218456529590188e-10,6.704353551628442,30644.719692811643,0.9815528133365626,0.0001281903890618911,0.9999999999999997,370.4,,,,[],[],14,356.2142857142857,31.60000000000008,804.1999999999998,"[6, 17, 39, 52, 72, 84, 96, 110, 130, 145, 162, 181, 195, 209]","[31.60000000000008, 570.0, 407.0000000000002, 140.5999999999999, 559.4000000000001, 500.60000000000014, 804.1999999999998, 136.7999999999999, 265.7999999999998, 215.00000000000003, 564.3999999999997, 318.0, 104.99999999999989, 368.5999999999999]","[2, 2, 22, 50, 2, 78, 2, 108, 124, 140, 124, 176, 183, 176]","[8, 57, 57, 57, 78, 88, 222, 124, 140, 148, 222, 183, 203, 222]",37384270.16,804.1999999999998,-804.1999999999998,0.0,,,,DWT,mdp.39015067403884,7.450580596923828e-09,,0.0,30.5,12.0,0.0,44,,2.2737367544323206e-13,114.93736263736264,1286.1999999999998,114.93736263736263,,0.0,114.93736263736264,,,30.000000000000085,0.0,44.0,2.2737367544323206e-13,2.2737367544323206e-13,,0.0,1.2192171325875086e-13,3.280649176845506e-26,0.9682154584138026,0.5795077723231992,0.504560184334125,0.25458152594236444,0.018953403395747755,5.323526092886323e-09,4.670328733154287e-09,4.670328733154287e-09,4.119950194488731e-09,,0.0,0.9999999953297058,9.977251288560599e-14,,,,,,1.5461820291527892e-13,0.0,1.0,2.351974224193302e-13,2.351974224193302e-13,0.6000000033003143,0.20608458857777243,453,1.2323772251122251,0.6030706414749012,124,0,0.16666666784288034,0.22183183685989097,462,0,0.33225976348705155,0.5315486422557048,129,191.14915641979695,0.7996340079457055,292.0,198.13297517471818,0.7467771716877374,229,coif,462.58169934640523,492.0,268.41090882948885,153,0.8225769847886951,0.9221573531030026,0.14754890471701262,4,172.75,113
db16,1,periodic,8.169036722791218e-27,318.98557289158117,6557354.68388286,0.5354330708661418,99.90235015993512,223,smoothed,6.260662143168729e-14,-2.2816797340397003e-10,6.56638404997237,32505.097089706214,0.9818403627251169,0.00012819038906189097,0.9999999999999999,370.4,,,,[],[],14,356.21428571428584,31.60000000000008,804.2000000000002,"[6, 17, 39, 52, 72, 84, 96, 110, 130, 145, 162, 181, 195, 209]","[31.60000000000008, 570.0, 407.0000000000001, 140.60000000000002, 559.4000000000001, 500.5999999999999, 804.2000000000002, 136.8, 265.8000000000001, 215.00000000000003, 564.4000000000004, 318.0000000000003, 104.99999999999972, 368.60000000000014]","[2, 2, 22, 50, 2, 78, 2, 108, 124, 140, 124, 176, 183, 176]","[8, 57, 57, 57, 78, 88, 221, 124, 140, 148, 221, 183, 203, 221]",37384270.16,804.2000000000002,-804.2000000000002,0.0,,,,DWT,mdp.39015067403884,7.450580596923828e-09,,0.0,30.5,12.0,0.0,44,,1.1368683772161603e-13,114.93736263736275,1286.199999999998,114.9373626373627,,0.0,114.93736263736275,,,30.000000000000085,0.0,44.0,1.1368683772161603e-13,1.1368683772161603e-13,,0.0,9.207374053402378e-14,2.1376910034494825e-26,0.9740546258997026,0.3699567493448599,0.35113617537532693,0.15896011838427399,0.03318558593170795,5.323526092886323e-09,4.6704495196006005e-09,4.6704495196006005e-09,4.120025686017718e-09,,0.0,0.9999999953295678,4.9886256442802994e-14,,,,,,1.5461820291527892e-13,0.0,1.0,1.175987112096651e-13,1.175987112096651e-13,0.6000000033002685,0.20608458857775666,468,1.0218375196263356,0.5000418669600607,214,0,0.1666666678428715,0.2218318368598792,463,0,0.26961332213370914,0.43132696481260235,233,139.9488001615829,0.8533031444847139,344.5,301.6290523534912,0.7460960166868014,230,db,436.359649122807,360.0,291.0684471867005,342,0.7759481297380488,1.0,0.1568363091833658,3,173.25,114
bior3.9,1,antisymmetric,2.916945853036511e-27,323.4579977010068,6202278.431071908,0.5413223140495868,86.69077502971874,223,smoothed,3.532799364457444e-14,-2.2228896501275164e-10,6.421625545234421,59849.16928910349,0.9945646774892353,0.0001281903890618911,0.9999999999999999,370.4,,,,[],[],14,356.2142857142857,31.60000000000008,804.2000000000002,"[6, 17, 39, 52, 72, 84, 96, 110, 130, 145, 162, 181, 195, 209]","[31.60000000000008, 570.0, 407.0, 140.60000000000005, 559.4, 500.59999999999997, 804.2000000000002, 136.79999999999995, 265.79999999999995, 214.9999999999999, 564.4000000000001, 318.00000000000006, 105.0, 368.6]","[2, 2, 22, 50, 2, 78, 2, 108, 124, 140, 124, 176, 183, 176]","[8, 57, 57, 57, 78, 88, 222, 124, 140, 148, 222, 183, 203, 222]",37384270.16,804.2000000000002,-804.2000000000002,0.0,,,,DWT,mdp.39015067403884,7.450580596923828e-09,,0.0,30.5,12.0,0.0,44,,1.1368683772161603e-13,114.93736263736264,1286.1999999999998,114.93736263736267,,0.0,114.93736263736264,,,30.000000000000085,0.0,44.0,1.1368683772161603e-13,1.1368683772161603e-13,,0.0,3.1147982551188735e-14,4.014389833198069e-27,0.9910926914524794,0.1500944436284221,0.20389455749442886,0.22895693914466247,0.24237208081597728,5.323526092886323e-09,4.670328733154287e-09,4.670328733154287e-09,4.1199954894061234e-09,,0.0,0.9999999953297058,4.9886256442802994e-14,,,,,,1.5461820291527892e-13,0.0,1.0,1.175987112096651e-13,1.175987112096651e-13,0.6000000033002559,0.20608458857775236,470,0.9601817234171783,0.46987026056160897,257,0,0.16666666784286036,0.22183183685986435,470,0,0.25948724464800016,0.41512728212332467,279,116.9700816448377,0.8773898515253273,369.0,340.98855122101764,0.7452986993475693,231,bior,507.7185185185185,497.0,255.1009648481275,135,0.902840662902225,0.8764294698164163,0.10508269502351761,6,174.75,115
db14,1,periodic,7.428205242347838e-27,319.398442426831,6407628.899080122,0.54,102.46267191182399,223,smoothed,6.011932357024011e-14,-2.2253878739775276e-10,6.540892787048401,32450.36977704358,0.9809709304907517,0.00012819038906189108,0.9999999999999999,370.4,,,,[],[],14,356.2142857142857,31.600000000000193,804.2,"[6, 17, 39, 52, 72, 84, 96, 110, 130, 145, 162, 181, 195, 209]","[31.600000000000193, 570.0, 407.0000000000002, 140.59999999999988, 559.4000000000001, 500.59999999999997, 804.2, 136.79999999999978, 265.79999999999995, 214.99999999999997, 564.4000000000002, 318.0000000000001, 105.00000000000011, 368.5999999999999]","[2, 2, 22, 50, 2, 78, 2, 108, 124, 140, 124, 176, 183, 176]","[8, 57, 57, 57, 78, 88, 222, 124, 140, 148, 222, 183, 203, 222]",37384270.16,804.2,-804.2,0.0,,,,DWT,mdp.39015067403884,7.450580596923828e-09,,0.0,30.5,12.0,0.0,44,,0.0,114.93736263736264,1286.1999999999998,114.93736263736265,,0.0,114.93736263736264,,,30.0000000000002,0.0,44.0,0.0,0.0,,0.0,8.651845715538749e-14,1.8927847011037365e-26,0.9756274859266629,0.33124007530741095,0.2890484783854078,0.21324052590873932,0.03276691329850065,5.323837555915394e-09,4.670328733154287e-09,4.670328733154287e-09,4.119980391100326e-09,,0.0,0.9999999953297058,0.0,,,,,,1.5461820291527892e-13,0.0,1.0,0.0,0.0,0.6000000033002728,0.20608458857775816,467,0.9939237440853291,0.48638210582647745,226,0,0.1666666678428613,0.22183183685986563,469,0,0.2631319255466869,0.42095803684011646,263,129.92145062819046,0.8638139930522113,356.25,319.9850524728009,0.7451931600481182,232,db,436.359649122807,360.0,291.0684471867005,342,0.7759481297380488,1.0,0.1568363091833658,3,174.75,116
rbio2.6,1,smooth,3.860682672305321e-27,322.24064031152,5761472.416547619,0.5550847457627118,113.42664634921914,223,smoothed,3.99944153530102e-14,-2.2809321098549199e-10,6.425816294698514,34541.2122239841,0.972638210503714,0.0001281903890618911,1.0,370.4,,,,[],[],14,356.21428571428584,31.600000000000023,804.2000000000002,"[6, 17, 39, 52, 72, 84, 96, 110, 130, 145, 162, 181, 195, 209]","[31.600000000000023, 570.0, 407.0000000000001, 140.60000000000002, 559.4000000000001, 500.6, 804.2000000000002, 136.8, 265.8, 215.00000000000009, 564.4000000000002, 318.0000000000001, 105.00000000000011, 368.6]","[1, 1, 22, 50, 1, 78, 1, 108, 124, 140, 124, 176, 183, 176]","[8, 57, 57, 57, 78, 88, 220, 124, 140, 148, 220, 183, 203, 220]",37384270.16,804.2000000000002,-804.2000000000002,0.0,,,,DWT,mdp.39015067403884,7.450580596923828e-09,,0.0,44.0,12.0,0.0,44,,1.1368683772161603e-13,114.93736263736275,1286.199999999998,114.93736263736268,,0.0,114.93736263736275,,,30.00000000000003,0.0,26.0,1.1368683772161603e-13,1.1368683772161603e-13,,0.0,4.157025459041199e-14,7.134223437681674e-27,0.9864550696059319,0.15645944333274586,0.02110286067897455,0.39253083749524725,0.04876219006786116,5.3233703613717876e-09,4.6704495196006005e-09,4.6704495196006005e-09,4.120010587711921e-09,,0.0,0.9999999953295678,4.9886256442802994e-14,,,,,,1.5461820291527892e-13,1.0,0.0,1.175987112096651e-13,1.175987112096651e-13,0.6000000033002172,0.20608458857773906,488,0.8571714047946751,0.4194615888786753,465,0,0.16666666784285727,0.22183183685986027,485,0,0.22933005731154324,0.3668818616886914,456,15.50268793897798,0.9837498029989749,473.5,473.11768449096536,0.74370928305085,233,rbio,504.8,503.0,246.5434719924451,135,0.8976508636377817,0.8470291932203298,0.11753563748745388,5,176.0,117
rbio3.5,1,antireflect,3.261495818860648e-27,322.9731131142736,5759174.127986207,0.5384615384615384,155.89184214294252,223,smoothed,3.675880601400664e-14,-2.212904526288642e-10,6.505367342109461,41253.56682148961,0.9592491768980748,0.0001281903890618911,0.9999999999999999,370.3999999999999,,,,[],[],14,356.2142857142857,31.599999999999966,804.1999999999999,"[6, 17, 39, 52, 72, 84, 96, 110, 130, 145, 162, 181, 195, 209]","[31.599999999999966, 569.9999999999999, 407.0, 140.60000000000002, 559.4, 500.6000000000001, 804.1999999999999, 136.79999999999995, 265.8, 214.99999999999991, 564.4000000000001, 317.99999999999994, 104.99999999999994, 368.5999999999999]","[1, 1, 22, 50, 1, 78, 1, 108, 124, 140, 124, 176, 183, 176]","[8, 57, 57, 57, 78, 88, 220, 124, 140, 148, 220, 183, 203, 220]",37384270.16,804.1999999999999,-804.1999999999999,0.0,,,,DWT,mdp.39015067403884,7.450580596923828e-09,,0.0,44.0,12.0,0.0,44,,1.1368683772161603e-13,114.93736263736264,1286.1999999999998,114.93736263736261,,0.0,114.93736263736264,,,29.99999999999997,0.0,26.0,1.1368683772161603e-13,1.1368683772161603e-13,,5.684341886080802e-14,3.4343646527367773e-14,5.153413488791652e-27,0.9892454842379769,0.27728327152571197,0.020149815457108762,0.1949550835861733,0.10011276873929395,5.323214629857252e-09,4.670328733154287e-09,4.670328733154287e-09,4.1199350961829335e-09,,2.8599037499136724e-12,0.9999999953297058,4.9886256442802994e-14,,,,,,1.5461820291527892e-13,1.0,0.0,1.175987112096651e-13,1.175987112096651e-13,0.6000000033015743,0.2060845885782052,404,0.8602909749643937,0.42098816787173227,457,0,0.1666666678430677,0.22183183686014032,408,0,0.22596377479232851,0.36149648825749825,532,59.58956843833211,0.9375371400017483,450.25,444.73545103499447,0.7327884861434317,245,rbio,504.8,503.0,246.5434719924451,135,0.8976508636377817,0.8470291932203298,0.11753563748745388,5,185.0,118
rbio2.8,1,periodic,4.363133287985143e-27,321.7092965721892,5868071.275746004,0.55,134.30498881377306,223,smoothed,4.936858097214338e-14,-2.305069468633295e-10,6.4991905057505095,30579.56970532686,0.9669908564525856,0.00012819038906189108,1.0,370.4,,,,[],[],14,356.2142857142858,31.600000000000023,804.2000000000002,"[6, 17, 39, 52, 72, 84, 96, 110, 130, 145, 162, 181, 195, 209]","[31.600000000000023, 570.0000000000001, 407.00000000000006, 140.5999999999999, 559.4000000000001, 500.5999999999999, 804.2000000000002, 136.8, 265.8, 215.00000000000006, 564.4000000000002, 318.0000000000001, 104.99999999999989, 368.6]","[0, 0, 22, 50, 0, 78, 0, 108, 124, 140, 124, 176, 183, 176]","[8, 57, 57, 57, 78, 88, 220, 124, 140, 148, 220, 183, 203, 220]",37384270.16,804.2000000000002,-804.2000000000002,0.0,,,,DWT,mdp.39015067403884,7.450580596923828e-09,,0.0,44.0,12.0,0.0,44,,1.1368683772161603e-13,114.9373626373627,1286.199999999999,114.93736263736268,,0.0,114.9373626373627,,,30.00000000000003,0.0,26.0,1.1368683772161603e-13,1.1368683772161603e-13,,0.0,6.250709020617334e-14,8.795239817869009e-27,0.9844308724762907,0.2679017606682276,0.06530685452078451,0.33209590100541375,0.018454995644908205,5.3233703613717876e-09,4.670389126377444e-09,4.670389126377444e-09,4.120010587711921e-09,,0.0,0.9999999953296368,4.9886256442802994e-14,,,,,,1.5461820291527892e-13,1.0,0.0,1.175987112096651e-13,1.175987112096651e-13,0.6000000033002154,0.20608458857773845,502,0.8974831897404278,0.43918838479055167,368,0,0.16666666784285297,0.22183183685985453,498,0,0.23831291204509822,0.3812526184336244,389,70.68887229731895,0.9259026495835231,439.25,430.65629447253525,0.7327364400957448,246,rbio,504.8,503.0,246.5434719924451,135,0.8976508636377817,0.8470291932203298,0.11753563748745388,5,185.75,119
haar,1,symmetric,4.979205133926662e-27,321.13568118770434,5813881.087868073,0.5535714285714286,164.06779440769293,223,smoothed,5.311545921578866e-14,-2.3261168546895345e-10,6.430174541754977,31103.581884566323,0.9529098456654668,0.0001281903890618911,1.0,370.4000000000001,,,,[],[],14,356.21428571428584,31.600000000000023,804.2000000000002,"[6, 17, 39, 52, 72, 84, 96, 110, 130, 145, 162, 181, 195, 209]","[31.600000000000023, 570.0000000000001, 407.00000000000006, 140.60000000000002, 559.4000000000001, 500.6000000000001, 804.2000000000002, 136.79999999999995, 265.8000000000001, 215.00000000000006, 564.4000000000002, 317.99999999999994, 105.00000000000011, 368.60000000000014]","[2, 2, 22, 50, 2, 78, 2, 108, 124, 140, 124, 176, 183, 176]","[8, 57, 57, 57, 78, 88, 220, 124, 140, 148, 220, 183, 203, 220]",37384270.16,804.2000000000002,-804.2000000000002,0.0,,,,DWT,mdp.39015067403884,7.450580596923828e-09,,0.0,44.0,12.0,0.0,44,,1.1368683772161603e-13,114.93736263736275,1286.199999999998,114.93736263736271,,0.0,114.93736263736275,,,30.00000000000003,0.0,44.0,1.1368683772161603e-13,1.1368683772161603e-13,,1.1368683772161603e-13,7.087559755357475e-14,1.0831868683566714e-26,0.9822456380812177,0.1630788419542672,0.042835481475557144,0.3745442492542259,0.022463772035360652,5.3233703613717876e-09,4.6704495196006005e-09,4.6704495196006005e-09,4.120040784323516e-09,,5.719807499827345e-12,0.9999999953295678,4.9886256442802994e-14,,,,,,1.5461820291527892e-13,1.0,1.0,1.175987112096651e-13,1.175987112096651e-13,0.7000000033030862,0.24043201981942436,126,0.8511077530794987,0.4164943072257554,479,0,0.2500000011766698,0.33274775450767863,110,0,0.22645256897152855,0.3622784604095563,486,210.56491477293488,0.7792820599864414,300.25,188.92241277095138,0.7322772983370363,249,haar,287.3333333333333,293.0,21.765798859678924,9,0.5109449580399945,0.07477897061689291,0.6199048381869359,2,187.25,120
rbio3.9,1,antisymmetric,4.4704429124518374e-27,321.60377584221834,5867718.162655306,0.5371900826446281,142.64254404497288,223,smoothed,4.244935245364994e-14,-2.2054578163732717e-10,6.544659458368697,54100.66467943879,0.9726766490703181,0.0001281903890618911,0.9999999999999999,370.4,,,,[],[],14,356.2142857142857,31.599999999999966,804.1999999999998,"[6, 17, 39, 52, 72, 84, 96, 110, 130, 145, 162, 181, 195, 209]","[31.599999999999966, 570.0, 407.0, 140.60000000000005, 559.3999999999999, 500.6, 804.1999999999998, 136.7999999999999, 265.79999999999995, 214.99999999999991, 564.4000000000001, 318.00000000000006, 104.99999999999989, 368.6]","[0, 0, 22, 50, 0, 78, 0, 108, 124, 140, 124, 176, 183, 176]","[8, 57, 57, 57, 78, 88, 220, 124, 140, 148, 220, 183, 203, 220]",37384270.16,804.1999999999998,-804.1999999999998,0.0,,,,DWT,mdp.39015067403884,7.450580596923828e-09,,0.0,44.0,12.0,0.0,44,,2.2737367544323206e-13,114.93736263736264,1286.1999999999998,114.93736263736261,,0.0,114.93736263736264,,,29.99999999999997,0.0,26.0,2.2737367544323206e-13,2.2737367544323206e-13,,0.0,4.7053261463921953e-14,9.149987206823374e-27,0.9840288826852871,0.33696097607835646,0.06516042697921379,0.1798431477824005,0.19839510762219198,5.323214629857252e-09,4.670328733154287e-09,4.670328733154287e-09,4.1199350961829335e-09,,0.0,0.9999999953297058,9.977251288560599e-14,,,,,,1.5461820291527892e-13,1.0,0.0,2.351974224193302e-13,2.351974224193302e-13,0.6000000033002163,0.20608458857773876,496,0.9427733333018086,0.4613513681478309,289,0,0.16666666784285314,0.22183183685985475,496,0,0.25205550587821385,0.40323799823525935,318,111.76873444751891,0.8828419974344666,399.75,376.0416436367236,0.7319084201008811,250,rbio,504.8,503.0,246.5434719924451,135,0.8976508636377817,0.8470291932203298,0.11753563748745388,5,188.75,121
db23,1,symmetric,1.6240733139242794e-26,316.0012250726281,6684128.8122567665,0.5335820895522388,104.23701026233641,223,smoothed,9.086702491591252e-14,-2.379001440289132e-10,6.650763139858578,30882.943975107108,0.982198750304165,0.00012819038906189116,1.0,370.4,,,,[],[],14,356.2142857142858,31.60000000000008,804.2,"[6, 17, 39, 52, 72, 84, 96, 110, 130, 145, 162, 181, 195, 209]","[31.60000000000008, 570.0, 406.99999999999994, 140.59999999999988, 559.4000000000001, 500.60000000000014, 804.2, 136.79999999999984, 265.80000000000007, 215.0000000000001, 564.4000000000003, 318.0, 104.99999999999977, 368.60000000000014]","[1, 1, 22, 50, 1, 78, 1, 108, 124, 140, 124, 176, 183, 176]","[8, 57, 57, 57, 78, 88, 220, 124, 140, 148, 220, 183, 203, 220]",37384270.160000004,804.2,-804.2,0.0,,,,DWT,mdp.39015067403884,1.4901161193847656e-08,,0.0,44.0,12.0,0.0,44,,0.0,114.9373626373627,1286.199999999999,114.93736263736264,,0.0,114.9373626373627,,,30.000000000000085,0.0,26.0,0.0,0.0,,0.0,1.5519225648776955e-13,4.806056718453199e-26,0.9626855105007252,0.49811351146546823,0.4037063701417819,0.1369602105481872,0.020775856988113833,5.323526092886323e-09,4.670389126377444e-09,4.670389126377444e-09,4.1199652927945285e-09,,0.0,0.9999999953296368,0.0,,,,,,3.0923640583055783e-13,1.0,0.0,0.0,0.0,0.6000000033002539,0.20608458857775167,471,1.0916156741186271,0.5341881945074307,186,0,0.1666666678428513,0.2218318368598523,507,0,0.2888916370920617,0.4621683824839585,194,173.28300551410112,0.8183616294401456,339.5,273.4759984312681,0.7312458042378924,254,db,436.359649122807,360.0,291.0684471867005,342,0.7759481297380488,1.0,0.1568363091833658,3,191.25,122
bior1.1,1,smooth,4.979205133926662e-27,321.13568118770434,5813881.087868073,0.5535714285714286,164.06779440769293,223,smoothed,5.311545921578866e-14,-2.3261168546895345e-10,6.430174541754977,31103.581884566323,0.9529098456654668,0.0001281903890618911,1.0,370.4000000000001,,,,[],[],14,356.21428571428584,31.600000000000023,804.2000000000002,"[6, 17, 39, 52, 72, 84, 96, 110, 130, 145, 162, 181, 195, 209]","[31.600000000000023, 570.0000000000001, 407.00000000000006, 140.60000000000002, 559.4000000000001, 500.6000000000001, 804.2000000000002, 136.79999999999995, 265.8000000000001, 215.00000000000006, 564.4000000000002, 317.99999999999994, 105.00000000000011, 368.60000000000014]","[2, 2, 22, 50, 2, 78, 2, 108, 124, 140, 124, 176, 183, 176]","[8, 57, 57, 57, 78, 88, 220, 124, 140, 148, 220, 183, 203, 220]",37384270.16,804.2000000000002,-804.2000000000002,0.0,,,,DWT,mdp.39015067403884,7.450580596923828e-09,,0.0,44.0,12.0,0.0,44,,1.1368683772161603e-13,114.93736263736275,1286.199999999998,114.93736263736271,,0.0,114.93736263736275,,,30.00000000000003,0.0,44.0,1.1368683772161603e-13,1.1368683772161603e-13,,1.1368683772161603e-13,7.087559755357475e-14,1.0831868683566714e-26,0.9822456380812177,0.1630788419542672,0.042835481475557144,0.3745442492542259,0.022463772035360652,5.3233703613717876e-09,4.6704495196006005e-09,4.6704495196006005e-09,4.120040784323516e-09,,5.719807499827345e-12,0.9999999953295678,4.9886256442802994e-14,,,,,,1.5461820291527892e-13,1.0,1.0,1.175987112096651e-13,1.175987112096651e-13,0.7000000033030862,0.24043201981942436,138,0.8511077530794987,0.4164943072257554,485,0,0.2500000011766698,0.33274775450767863,113,0,0.22645256897152855,0.3622784604095563,488,208.67678356731494,0.7812612331579508,306.0,197.95149566419212,0.7302532580884094,255,bior,507.7185185185185,497.0,255.1009648481275,135,0.902840662902225,0.8764294698164163,0.10508269502351761,6,192.75,123
db15,1,periodic,7.518208788519641e-27,319.3461375517662,6479177.98827435,0.5396825396825397,100.38520164479147,223,smoothed,5.719789365611439e-14,-2.16282458609385e-10,6.55390876655364,32458.391348074038,0.9812195304175848,0.0001281903890618912,1.0,370.4,,,,[],[],14,356.2142857142857,31.60000000000008,804.1999999999999,"[6, 17, 39, 52, 72, 84, 96, 110, 130, 145, 162, 181, 195, 209]","[31.60000000000008, 570.0, 406.9999999999998, 140.59999999999974, 559.3999999999999, 500.5999999999998, 804.1999999999999, 136.8, 265.8, 214.9999999999999, 564.4000000000002, 317.99999999999994, 105.0, 368.6]","[2, 2, 22, 50, 2, 78, 2, 108, 124, 140, 124, 176, 183, 176]","[8, 57, 57, 57, 78, 88, 221, 124, 140, 148, 221, 183, 203, 221]",37384270.16,804.1999999999999,-804.1999999999999,0.0,,,,DWT,mdp.39015067403884,7.450580596923828e-09,,0.0,30.5,12.0,0.0,44,,1.1368683772161603e-13,114.93736263736264,1286.1999999999998,114.93736263736257,,0.0,114.93736263736264,,,30.000000000000085,0.0,44.0,1.1368683772161603e-13,1.1368683772161603e-13,,0.0,7.999355666182508e-14,1.9225383445068878e-26,0.9754282262570078,0.35100902270266215,0.3187181720567326,0.209467339397733,0.032828279590803075,5.323526092886323e-09,4.670328733154287e-09,4.670328733154287e-09,4.119889801265541e-09,,0.0,0.9999999953297058,4.9886256442802994e-14,,,,,,1.5461820291527892e-13,0.0,1.0,1.175987112096651e-13,1.175987112096651e-13,0.6000000033002242,0.20608458857774145,482,1.0170387807293404,0.49769357742183273,216,0,0.16666666784285156,0.22183183685985264,505,0,0.26963586285785984,0.4313630254273214,232,156.01575775115367,0.8364614698625223,358.75,307.81398244674045,0.7302066259165861,256,db,436.359649122807,360.0,291.0684471867005,342,0.7759481297380488,1.0,0.1568363091833658,3,192.75,124
rbio1.1,1,constant,4.979205133926662e-27,321.13568118770434,5813881.087868073,0.5535714285714286,164.06779440769293,223,smoothed,5.311545921578866e-14,-2.3261168546895345e-10,6.430174541754977,31103.581884566323,0.9529098456654668,0.0001281903890618911,1.0,370.4000000000001,,,,[],[],14,356.21428571428584,31.600000000000023,804.2000000000002,"[6, 17, 39, 52, 72, 84, 96, 110, 130, 145, 162, 181, 195, 209]","[31.600000000000023, 570.0000000000001, 407.00000000000006, 140.60000000000002, 559.4000000000001, 500.6000000000001, 804.2000000000002, 136.79999999999995, 265.8000000000001, 215.00000000000006, 564.4000000000002, 317.99999999999994, 105.00000000000011, 368.60000000000014]","[2, 2, 22, 50, 2, 78, 2, 108, 124, 140, 124, 176, 183, 176]","[8, 57, 57, 57, 78, 88, 220, 124, 140, 148, 220, 183, 203, 220]",37384270.16,804.2000000000002,-804.2000000000002,0.0,,,,DWT,mdp.39015067403884,7.450580596923828e-09,,0.0,44.0,12.0,0.0,44,,1.1368683772161603e-13,114.93736263736275,1286.199999999998,114.93736263736271,,0.0,114.93736263736275,,,30.00000000000003,0.0,44.0,1.1368683772161603e-13,1.1368683772161603e-13,,1.1368683772161603e-13,7.087559755357475e-14,1.0831868683566714e-26,0.9822456380812177,0.1630788419542672,0.042835481475557144,0.3745442492542259,0.022463772035360652,5.3233703613717876e-09,4.6704495196006005e-09,4.6704495196006005e-09,4.120040784323516e-09,,5.719807499827345e-12,0.9999999953295678,4.9886256442802994e-14,,,,,,1.5461820291527892e-13,1.0,1.0,1.175987112096651e-13,1.175987112096651e-13,0.7000000033030862,0.24043201981942436,116,0.8511077530794987,0.4164943072257554,482,0,0.2500000011766698,0.33274775450767863,107,0,0.22645256897152855,0.3622784604095563,491,216.56869579881575,0.7729887884708431,299.0,181.1772038648563,0.7297857988475809,257,rbio,504.8,503.0,246.5434719924451,135,0.8976508636377817,0.8470291932203298,0.11753563748745388,5,194.0,125
bior2.6,1,zero,4.166343224101622e-27,321.9097309319104,5965938.455922513,0.5550847457627118,87.48535107553975,223,smoothed,4.3829414437623477e-14,-2.2819715006505726e-10,6.354292865726822,38300.35134316208,0.9875841662638722,0.0001281903890618911,1.0,370.4,,,,[],[],14,356.2142857142858,31.59999999999991,804.2000000000003,"[6, 17, 39, 52, 72, 84, 96, 110, 130, 145, 162, 181, 195, 209]","[31.59999999999991, 570.0000000000001, 407.0, 140.59999999999988, 559.4000000000001, 500.6000000000001, 804.2000000000003, 136.79999999999995, 265.80000000000007, 215.00000000000003, 564.4000000000002, 318.0, 105.00000000000011, 368.6]","[1, 1, 22, 50, 1, 78, 1, 108, 124, 140, 124, 176, 183, 176]","[8, 57, 57, 57, 78, 88, 220, 124, 140, 148, 220, 183, 203, 220]",37384270.16,804.2000000000003,-804.2000000000003,0.0,,,,DWT,mdp.39015067403884,7.450580596923828e-09,,0.0,44.0,12.0,0.0,44,,2.2737367544323206e-13,114.9373626373627,1286.199999999999,114.93736263736265,,0.0,114.9373626373627,,,29.999999999999915,0.0,26.0,2.2737367544323206e-13,2.2737367544323206e-13,,0.0,5.013557642100366e-14,8.144685296950809e-27,0.9851944434485207,0.04782813331107194,0.10589003019798987,0.39253083749524725,0.07752020132488655,5.323058898342716e-09,4.670389126377444e-09,4.670389126377444e-09,4.119980391100326e-09,,0.0,0.9999999953296368,9.977251288560599e-14,,,,,,1.5461820291527892e-13,1.0,0.0,2.351974224193302e-13,2.351974224193302e-13,0.6000000033001849,0.20608458857772796,515,0.8559961633517119,0.418886477949608,468,0,0.16666666784284823,0.22183183685984822,510,0,0.22985194939682385,0.36771678381836337,453,30.708305065568176,0.9678110009794882,486.5,485.03723535089733,0.7289264648503311,262,bior,507.7185185185185,497.0,255.1009648481275,135,0.902840662902225,0.8764294698164163,0.10508269502351761,6,198.0,126
db1,1,reflect,4.979205133926662e-27,321.13568118770434,5813881.087868073,0.5535714285714286,164.06779440769293,223,smoothed,5.311545921578866e-14,-2.3261168546895345e-10,6.430174541754977,31103.581884566323,0.9529098456654668,0.0001281903890618911,1.0,370.4000000000001,,,,[],[],14,356.21428571428584,31.600000000000023,804.2000000000002,"[6, 17, 39, 52, 72, 84, 96, 110, 130, 145, 162, 181, 195, 209]","[31.600000000000023, 570.0000000000001, 407.00000000000006, 140.60000000000002, 559.4000000000001, 500.6000000000001, 804.2000000000002, 136.79999999999995, 265.8000000000001, 215.00000000000006, 564.4000000000002, 317.99999999999994, 105.00000000000011, 368.60000000000014]","[2, 2, 22, 50, 2, 78, 2, 108, 124, 140, 124, 176, 183, 176]","[8, 57, 57, 57, 78, 88, 220, 124, 140, 148, 220, 183, 203, 220]",37384270.16,804.2000000000002,-804.2000000000002,0.0,,,,DWT,mdp.39015067403884,7.450580596923828e-09,,0.0,44.0,12.0,0.0,44,,1.1368683772161603e-13,114.93736263736275,1286.199999999998,114.93736263736271,,0.0,114.93736263736275,,,30.00000000000003,0.0,44.0,1.1368683772161603e-13,1.1368683772161603e-13,,1.1368683772161603e-13,7.087559755357475e-14,1.0831868683566714e-26,0.9822456380812177,0.1630788419542672,0.042835481475557144,0.3745442492542259,0.022463772035360652,5.3233703613717876e-09,4.6704495196006005e-09,4.6704495196006005e-09,4.120040784323516e-09,,5.719807499827345e-12,0.9999999953295678,4.9886256442802994e-14,,,,,,1.5461820291527892e-13,1.0,1.0,1.175987112096651e-13,1.175987112096651e-13,0.7000000033030862,0.24043201981942436,107,0.8511077530794987,0.4164943072257554,483,0,0.2500000011766698,0.33274775450767863,120,0,0.22645256897152855,0.3622784604095563,500,218.41321693829184,0.7710553281569268,302.5,183.91209542034647,0.72698468713926,275,db,436.359649122807,360.0,291.0684471867005,342,0.7759481297380488,1.0,0.1568363091833658,3,207.0,127
rbio3.7,1,reflect,3.184705761727044e-27,323.07658823927176,5825256.627879782,0.5378151260504201,147.06661781121232,223,smoothed,3.672199564858816e-14,-2.2137311983527797e-10,6.5306502566752105,29386.42995965411,0.9476387608006819,0.00012819038906189116,1.0,370.3999999999999,,,,[],[],14,356.2142857142857,31.599999999999966,804.1999999999998,"[6, 17, 39, 52, 72, 84, 96, 110, 130, 145, 162, 181, 195, 209]","[31.599999999999966, 569.9999999999999, 407.0, 140.60000000000005, 559.4, 500.6, 804.1999999999998, 136.7999999999999, 265.79999999999995, 214.99999999999991, 564.4000000000001, 317.99999999999994, 104.99999999999989, 368.6]","[1, 1, 22, 50, 1, 78, 1, 108, 124, 140, 124, 176, 183, 176]","[8, 57, 57, 57, 78, 88, 220, 124, 140, 148, 220, 183, 203, 220]",37384270.16,804.1999999999998,-804.1999999999998,0.0,,,,DWT,mdp.39015067403884,7.450580596923828e-09,,0.0,44.0,12.0,0.0,44,,2.2737367544323206e-13,114.93736263736264,1286.1999999999998,114.93736263736261,,0.0,114.93736263736264,,,29.99999999999997,0.0,26.0,2.2737367544323206e-13,2.2737367544323206e-13,,5.684341886080802e-14,3.4261432002786526e-14,4.899558604840793e-27,0.9896396811306971,0.31568350163115655,0.047552645471552794,0.1872721246271123,0.009327287105947699,5.323214629857252e-09,4.670328733154287e-09,4.670328733154287e-09,4.1199350961829335e-09,,2.8599037499136724e-12,0.9999999953297058,9.977251288560599e-14,,,,,,1.5461820291527892e-13,1.0,0.0,2.351974224193302e-13,2.351974224193302e-13,0.6000000033016463,0.2060845885782299,368,0.8540416469230072,0.41793002447707256,471,0,0.16666666784309145,0.22183183686017194,368,0,0.22135360570950016,0.3541211470761634,571,97.31221232027697,0.8979955845699403,444.5,429.6806948155835,0.7160313352619094,316,rbio,504.8,503.0,246.5434719924451,135,0.8976508636377817,0.8470291932203298,0.11753563748745388,5,238.25,128
rbio2.4,1,antisymmetric,3.2079232116651234e-27,323.04504173541744,5766857.296116682,0.5474137931034483,137.1823640002103,223,smoothed,3.6958975989270446e-14,-2.2782593589454368e-10,6.446455313704467,35717.128183697365,0.9682226600590872,0.00012819038906189108,1.0,370.4,,,,[],[],14,356.21428571428584,31.600000000000023,804.2000000000002,"[6, 17, 39, 52, 72, 84, 96, 110, 130, 145, 162, 181, 195, 209]","[31.600000000000023, 570.0, 407.0000000000002, 140.60000000000002, 559.3999999999999, 500.6, 804.2000000000002, 136.8, 265.80000000000007, 215.00000000000003, 564.4000000000002, 318.0000000000001, 105.0, 368.6]","[0, 0, 22, 50, 0, 78, 0, 108, 124, 140, 124, 176, 183, 176]","[8, 57, 57, 57, 78, 88, 220, 124, 140, 148, 220, 183, 203, 220]",37384270.16,804.2000000000002,-804.2000000000002,0.0,,,,DWT,mdp.39015067403884,7.450580596923828e-09,,0.0,44.0,12.0,0.0,44,,1.1368683772161603e-13,114.93736263736275,1286.199999999998,114.93736263736267,,0.0,114.93736263736275,,,30.00000000000003,0.0,26.0,1.1368683772161603e-13,1.1368683772161603e-13,,0.0,3.479071840955806e-14,4.976311550204695e-27,0.989519502162121,0.18780642577490908,0.02333584126713223,0.3013574419286873,0.057758133908892714,5.3233703613717876e-09,4.6704495196006005e-09,4.6704495196006005e-09,4.1199954894061234e-09,,0.0,0.9999999953295678,4.9886256442802994e-14,,,,,,1.5461820291527892e-13,1.0,0.0,1.175987112096651e-13,1.175987112096651e-13,0.6000000033002127,0.20608458857773754,504,0.8429290651533358,0.41249202085308656,550,0,0.16666666784285603,0.2218318368598586,493,0,0.22282533500596818,0.3564756172686879,561,33.51616525399845,0.9648677513060813,527.0,525.400654734329,0.7062284249192881,328,rbio,504.8,503.0,246.5434719924451,135,0.8976508636377817,0.8470291932203298,0.11753563748745388,5,247.25,129
db6,1,antisymmetric,4.352927400023846e-27,321.71946713664227,5944692.600805315,0.5470085470085471,108.85698195123966,223,smoothed,4.194751173220504e-14,-2.169826096576347e-10,6.432611936960311,45423.61948378523,0.9866134488372659,0.0001281903890618911,0.9999999999999999,370.4,,,,[],[],14,356.2142857142857,31.599999999999852,804.2,"[6, 17, 39, 52, 72, 84, 96, 110, 130, 145, 162, 181, 195, 209]","[31.599999999999852, 569.9999999999999, 407.0000000000002, 140.60000000000014, 559.4000000000001, 500.6, 804.2, 136.79999999999995, 265.80000000000007, 215.00000000000006, 564.4000000000001, 317.99999999999994, 105.00000000000017, 368.60000000000014]","[2, 2, 22, 50, 2, 78, 2, 108, 124, 140, 124, 176, 183, 176]","[8, 57, 57, 57, 78, 88, 221, 124, 140, 148, 221, 183, 203, 221]",37384270.15999999,804.2,-804.2,0.0,,,,DWT,mdp.39015067403884,0.0,,0.0,30.5,12.0,0.0,44,,0.0,114.93736263736264,1286.1999999999998,114.93736263736267,,0.0,114.93736263736264,,,29.999999999999858,0.0,44.0,0.0,0.0,,0.0,4.593241966134684e-14,8.761500886023668e-27,0.9844696180676072,0.16678080979896817,0.09707988292411698,0.2965408742670925,0.13201433385905198,5.322903166828181e-09,4.670328733154287e-09,4.670328733154287e-09,4.1199954894061234e-09,,0.0,0.9999999953297058,0.0,,,,,,0.0,0.0,1.0,0.0,0.0,0.6000000032999198,0.2060845885776369,552,0.8940342004525785,0.4375006027219777,375,0,0.16666666784277182,0.2218318368597465,551,0,0.23955507413098331,0.3832398273670331,381,100.20104789871212,0.8949674550327965,464.75,448.5403746910075,0.7039040629461677,333,db,436.359649122807,360.0,291.0684471867005,342,0.7759481297380488,1.0,0.1568363091833658,3,250.5,130
db28,1,antireflect,1.3946236789567085e-26,316.6627110282799,6930374.927776335,0.539568345323741,111.30331580710771,223,smoothed,8.491364064305717e-14,-2.1677140082943e-10,6.727374829336021,118374.50754639601,0.9946862757892054,0.00012819038906189108,0.9999999999999997,370.4,,,,[],[],14,356.2142857142857,31.60000000000008,804.2,"[6, 17, 39, 52, 72, 84, 96, 110, 130, 145, 162, 181, 195, 209]","[31.60000000000008, 569.9999999999999, 407.00000000000006, 140.60000000000002, 559.4000000000001, 500.5999999999997, 804.2, 136.79999999999995, 265.8000000000001, 215.0000000000001, 564.4000000000001, 318.0000000000002, 105.00000000000028, 368.60000000000014]","[2, 2, 22, 50, 2, 78, 2, 108, 124, 140, 124, 176, 183, 176]","[8, 57, 57, 57, 78, 88, 222, 124, 140, 148, 222, 183, 203, 222]",37384270.15999999,804.2,-804.2,0.0,,,,DWT,mdp.39015067403884,0.0,,0.0,30.5,12.0,0.0,44,,0.0,114.93736263736264,1286.1999999999998,114.93736263736267,,0.0,114.93736263736264,,,30.000000000000085,0.0,44.0,0.0,0.0,,0.0,1.418956034369824e-13,4.0475352036701396e-26,0.9652054949733281,0.6144729801117816,0.5058187365953392,0.208110078062839,0.6901002129933458,5.323526092886323e-09,4.670328733154287e-09,4.670328733154287e-09,4.1199954894061234e-09,,0.0,0.9999999953297058,0.0,,,,,,0.0,0.0,1.0,0.0,0.0,0.6000000033001066,0.20608458857770107,533,1.4985532717600738,0.7333253686202794,47,0,0.16666666784282372,0.22183183685981558,532,0,0.42624392896239655,0.6819043610091794,40,282.33903969046384,0.704047128207061,288.0,79.94808554966313,0.7010801678771155,337,db,436.359649122807,360.0,291.0684471867005,342,0.7759481297380488,1.0,0.1568363091833658,3,253.5,131
bior2.2,1,symmetric,1.893379372301581e-27,325.33490496211385,5939924.174293489,0.5526315789473685,98.12616969047963,223,smoothed,2.4438846561793596e-14,-2.2286348322353472e-10,6.362799982542772,35025.32829793782,0.9852720199095154,0.00012819038906189108,1.0,370.4,,,,[],[],14,356.2142857142857,31.60000000000008,804.2000000000002,"[6, 17, 39, 52, 72, 84, 96, 110, 130, 145, 162, 181, 195, 209]","[31.60000000000008, 569.9999999999999, 407.00000000000006, 140.6, 559.3999999999999, 500.5999999999999, 804.2000000000002, 136.79999999999995, 265.8, 215.00000000000009, 564.4000000000001, 318.0, 105.00000000000006, 368.60000000000014]","[2, 2, 22, 50, 2, 78, 2, 108, 124, 140, 124, 176, 183, 176]","[8, 57, 57, 57, 78, 88, 220, 124, 140, 148, 220, 183, 203, 220]",37384270.16,804.2000000000002,-804.2000000000002,0.0,,,,DWT,mdp.39015067403884,7.450580596923828e-09,,0.0,44.0,12.0,0.0,44,,1.1368683772161603e-13,114.93736263736264,1286.1999999999998,114.93736263736265,,0.0,114.93736263736264,,,30.000000000000085,0.0,44.0,1.1368683772161603e-13,1.1368683772161603e-13,,0.0,6.827494549280457e-15,6.306529292018763e-28,0.9982429221022668,0.06074892384797248,0.0951025306545997,0.3633736312940124,0.05246575491690896,5.323526092886323e-09,4.670328733154287e-09,4.670328733154287e-09,4.119980391100326e-09,,0.0,0.9999999953297058,4.9886256442802994e-14,,,,,,1.5461820291527892e-13,1.0,1.0,1.175987112096651e-13,1.175987112096651e-13,0.7000000033002514,0.24043201981845067,201,0.8432072349970167,0.4126281448114406,548,0,0.2500000011761925,0.3327477545070433,198,0,0.22427625183082392,0.3587967917021612,547,200.9220412664242,0.7893898938507083,373.5,292.42757667792324,0.698940229944222,339,bior,507.7185185185185,497.0,255.1009648481275,135,0.902840662902225,0.8764294698164163,0.10508269502351761,6,255.75,132
bior2.4,1,antisymmetric,3.3147333863602664e-27,322.90279534955596,5964272.9889581725,0.5474137931034483,98.75518359875194,223,smoothed,3.73234079417483e-14,-2.2813686495482022e-10,6.373552932852684,39097.23865328487,0.986351308669812,0.00012819038906189108,1.0,370.4,,,,[],[],14,356.21428571428584,31.600000000000023,804.2000000000003,"[6, 17, 39, 52, 72, 84, 96, 110, 130, 145, 162, 181, 195, 209]","[31.600000000000023, 570.0, 407.00000000000006, 140.60000000000002, 559.4, 500.59999999999997, 804.2000000000003, 136.79999999999995, 265.80000000000007, 215.00000000000009, 564.4000000000001, 318.00000000000006, 105.00000000000006, 368.6]","[2, 2, 22, 50, 2, 78, 2, 108, 124, 140, 124, 176, 183, 176]","[8, 57, 57, 57, 78, 88, 222, 124, 140, 148, 222, 183, 203, 222]",37384270.16,804.2000000000003,-804.2000000000003,0.0,,,,DWT,mdp.39015067403884,7.450580596923828e-09,,0.0,30.5,12.0,0.0,44,,2.2737367544323206e-13,114.93736263736275,1286.199999999998,114.93736263736268,,0.0,114.93736263736275,,,30.00000000000003,0.0,44.0,2.2737367544323206e-13,2.2737367544323206e-13,,0.0,3.560466305190429e-14,5.3294078430597835e-27,0.9889776030022188,0.07708073421497823,0.10519940093620342,0.3013574419286873,0.08361651580236273,5.3233703613717876e-09,4.6704495196006005e-09,4.6704495196006005e-09,4.120010587711921e-09,,0.0,0.9999999953295678,9.977251288560599e-14,,,,,,1.5461820291527892e-13,0.0,1.0,2.351974224193302e-13,2.351974224193302e-13,0.6000000033002891,0.20608458857776377,462,0.8385162124693528,0.41033256687695396,563,0,0.166666667842881,0.22183183685989186,457,0,0.22231881369778375,0.3556652852838176,570,61.87622052668267,0.9351402300558882,513.0,507.403597489749,0.6987021904996422,340,bior,507.7185185185185,497.0,255.1009648481275,135,0.902840662902225,0.8764294698164163,0.10508269502351761,6,256.5,133
sym20,1,reflect,2.2823841181819886e-18,234.52339400883503,6815855.289232817,0.5305343511450382,103.9595502656056,223,smoothed,1.1829554017964613e-09,1.1409186616776908e-08,6.635256080069911,31089.798190178306,0.9810429810431804,0.00012819038906548578,0.9999999999999997,370.3999999995842,,,,[],[],14,356.2142857098899,31.59999999810975,804.1999999938707,"[6, 17, 39, 52, 72, 84, 96, 110, 130, 145, 162, 181, 195, 209]","[31.59999999810975, 569.9999999945531, 406.9999999951199, 140.59999999707819, 559.3999999935406, 500.5999999933002, 804.1999999938707, 136.7999999965645, 265.7999999963693, 214.9999999952179, 564.3999999960047, 317.9999999938645, 104.99999999878435, 368.59999999608215]","[0, 0, 22, 50, 0, 78, 0, 108, 124, 140, 124, 176, 183, 176]","[8, 57, 57, 57, 78, 88, 222, 124, 140, 148, 222, 183, 203, 222]",37384270.15991613,804.199999995648,-804.199999995648,0.0,,,,DWT,mdp.39015067403884,8.385628461837769e-05,,0.0,30.5,12.0,0.0,44,,4.352045834821183e-09,114.93736263296682,1286.2000000615408,114.93736263349825,,0.0,114.93736263296682,,,29.999999998109757,0.0,26.0,6.129312168923207e-09,4.352045834821183e-09,,4.157527655479498e-10,2.642037288907122e-09,7.545174162484139e-18,0.6522890955990585,0.4745610581834252,0.45833018526363134,0.10073620138975001,0.022358324584280234,1.4467457700361083e-10,0.0,0.0,1.4252800672825909e-11,,2.0917336026868596e-08,1.0,2.6895676298572806e-09,,,,,,1.7402278738114643e-09,0.0,0.0,4.50179626381719e-09,4.50179626381719e-09,0.5000000145219625,0.17173716119142043,561,0.9070568902651865,0.44387332832821647,350,0,0.0833333362091376,0.1109159214748502,561,0,0.24403926680888327,0.3904136316957164,350,121.82090679901104,0.8723051291414978,455.5,431.06476399560927,0.6974209083862626,346,sym,562.3567251461989,537.0,257.5873265946006,171,1.0,0.8849716590179765,0.03450850229460706,7,261.25,134
sym9,1,antisymmetric,5.293105269339072e-26,310.87017606202926,5962194.114104548,0.5333333333333333,95.35273964364013,223,smoothed,1.7602660734110638e-13,-1.9771984050009944e-10,6.456724313270354,51628.35585421155,0.9888056309480125,0.00012819038906189078,0.9999999999999997,370.39999999999964,,,,[],[],14,356.21428571428567,31.600000000000193,804.1999999999996,"[6, 17, 39, 52, 72, 84, 96, 110, 130, 145, 162, 181, 195, 209]","[31.600000000000193, 570.0, 406.99999999999994, 140.60000000000014, 559.3999999999996, 500.5999999999991, 804.1999999999996, 136.80000000000035, 265.79999999999967, 214.99999999999977, 564.3999999999996, 318.0000000000006, 104.99999999999994, 368.59999999999997]","[2, 2, 22, 50, 2, 78, 2, 108, 124, 140, 124, 176, 183, 176]","[8, 57, 57, 57, 78, 88, 220, 124, 140, 148, 220, 183, 203, 220]",37384270.159999974,804.1999999999996,-804.1999999999996,0.0,,,,DWT,mdp.39015067403884,1.4901161193847656e-08,,0.0,44.0,12.0,0.0,44,,4.547473508864641e-13,114.93736263736258,1286.2000000000007,114.93736263736255,,0.0,114.93736263736258,,,30.0000000000002,0.0,44.0,4.547473508864641e-13,4.547473508864641e-13,,3.410605131648481e-13,3.4539288348586945e-13,1.6935253075649484e-25,0.9431383625614576,0.20340320142580537,0.10433734132394705,0.13400360917762255,0.17948155247760994,5.323837555915394e-09,4.67026833993113e-09,4.67026833993113e-09,4.119874702959744e-09,,1.715942249948203e-11,0.9999999953297749,1.9954502577121198e-13,,,,,,3.0923640583055783e-13,1.0,1.0,4.703948448386604e-13,4.703948448386604e-13,0.7000000033091843,0.2404320198215189,89,0.8451473535739473,0.4135775526152244,537,0,0.25000000117771937,0.33274775450907557,89,0,0.22348058099525545,0.3575238787623271,555,263.95138441260985,0.7233213999867821,317.5,153.04613866698978,0.6952560878340619,352,sym,562.3567251461989,537.0,257.5873265946006,171,1.0,0.8849716590179765,0.03450850229460706,7,265.75,135
sym16,1,reflect,3.112135071979912e-20,253.17669699684475,6531437.796442951,0.5275590551181102,103.05865651794002,223,smoothed,1.3731273218614042e-10,9.948277757006492e-10,6.57831267160513,31215.82372643756,0.981125437270352,0.00012819038906235149,0.9999999999999997,370.39999999994217,,,,[],[],14,356.21428571376686,31.599999999745364,804.1999999993665,"[6, 17, 39, 52, 72, 84, 96, 110, 130, 145, 162, 181, 195, 209]","[31.599999999745364, 569.9999999993582, 406.9999999994249, 140.5999999996265, 559.3999999992733, 500.59999999926225, 804.1999999993665, 136.7999999995435, 265.7999999995895, 214.99999999939766, 564.3999999995395, 317.9999999992118, 104.9999999998675, 368.59999999953004]","[0, 0, 22, 50, 0, 78, 0, 108, 124, 140, 124, 176, 183, 176]","[8, 57, 57, 57, 78, 88, 222, 124, 140, 148, 222, 183, 203, 222]",37384270.15999088,804.1999999995057,-804.1999999995057,0.0,,,,DWT,mdp.39015067403884,9.112060070037842e-06,,0.0,30.5,12.0,0.0,44,,4.943103704135865e-10,114.93736263684377,1286.200000007264,114.93736263689959,,0.0,114.93736263684377,,,29.99999999974537,0.0,26.0,6.335767466225661e-10,4.943103704135865e-10,,5.780975698144175e-11,3.066349100784978e-10,1.0288189302174023e-19,0.7233503683153087,0.3880741944023742,0.3403890628695493,0.0653732088593324,0.023322439950994523,4.6256931762521196e-09,4.119059392179887e-09,4.119059392179887e-09,3.628002096689276e-09,,2.9085221136622043e-09,0.9999999958809752,2.780161071557411e-10,,,,,,1.890980621653861e-10,0.0,0.0,5.113191963396239e-10,5.113191963396239e-10,0.5000000047803776,0.17173715784543628,589,0.8337201092412683,0.4079855671179497,575,0,0.08333333473092198,0.1109159195073585,589,0,0.22007275352917063,0.3520720417910723,593,7.895146188218008,0.9917241654211552,586.5,586.4193935040608,0.6884721456036593,375,sym,562.3567251461989,537.0,257.5873265946006,171,1.0,0.8849716590179765,0.03450850229460706,7,283.0,136
sym15,1,reflect,1.6864393668314383e-21,265.83757406075506,6451364.31798001,0.5277777777777778,95.31836115667697,223,smoothed,3.205818769390998e-11,-4.0446312972427916e-12,6.564948523303163,31196.191311902774,0.9811293320224334,0.00012819038906199392,1.0,370.39999999998497,,,,[],[],14,356.21428571416544,31.599999999940565,804.1999999998483,"[6, 17, 39, 52, 72, 84, 96, 110, 130, 145, 162, 181, 195, 209]","[31.599999999940565, 569.9999999998537, 406.99999999986653, 140.5999999999143, 559.3999999998324, 500.5999999998253, 804.1999999998483, 136.79999999989627, 265.79999999990184, 214.9999999998602, 564.399999999892, 317.9999999998243, 104.99999999996834, 368.59999999989236]","[0, 0, 22, 50, 0, 78, 0, 108, 124, 140, 124, 176, 183, 176]","[8, 57, 57, 57, 78, 88, 222, 124, 140, 148, 222, 183, 203, 222]",37384270.15999791,804.1999999998851,-804.1999999998851,0.0,,,,DWT,mdp.39015067403884,2.078711986541748e-06,,0.0,30.5,12.0,0.0,44,,1.149373929365538e-10,114.93736263724236,1286.2000000016833,114.93736263725567,,0.0,114.93736263724236,,,29.99999999994057,0.0,26.0,1.517719283583574e-10,1.149373929365538e-10,,1.5006662579253316e-11,7.155296408132007e-11,5.575076429446731e-21,0.7715830077810254,0.3677764408097545,0.3071845091296179,0.06797284523502592,0.02317224886194607,5.160475197167508e-09,4.5425366729547e-09,4.5425366729547e-09,4.006320345056859e-09,,7.550145899772095e-10,0.9999999954574634,6.6598152351142e-11,,,,,,4.313847861336282e-11,0.0,0.0,1.188922970329714e-10,1.188922970329714e-10,0.5000000036842247,0.1717371574689359,620,0.8368883172985561,0.40953594733149223,569,0,0.08333333456765567,0.1109159192900525,620,0,0.21966986455556042,0.351427500650566,595,24.372115213907882,0.9744527094193838,601.0,600.2447829910136,0.6722368368899854,392,sym,562.3567251461989,537.0,257.5873265946006,171,1.0,0.8849716590179765,0.03450850229460706,7,295.75,137
sym14,1,reflect,7.117782158402236e-22,269.5838344535957,6375028.787078054,0.528,102.79951157309657,223,smoothed,2.0868713832237214e-11,-1.6426571214659337e-11,6.549149256810006,31184.827205918486,0.9810968505954714,0.00012819038906195497,0.9999999999999997,370.3999999999892,,,,[],[],14,356.2142857142081,31.599999999962392,804.1999999998983,"[6, 17, 39, 52, 72, 84, 96, 110, 130, 145, 162, 181, 195, 209]","[31.599999999962392, 569.9999999999073, 406.9999999999146, 140.5999999999454, 559.399999999891, 500.5999999998842, 804.1999999998983, 136.7999999999351, 265.7999999999357, 214.9999999999096, 564.3999999999288, 317.99999999988967, 104.9999999999801, 368.5999999999311]","[0, 0, 22, 50, 0, 78, 0, 108, 124, 140, 124, 176, 183, 176]","[8, 57, 57, 57, 78, 88, 222, 124, 140, 148, 222, 183, 203, 222]",37384270.15999858,804.199999999925,-804.199999999925,0.0,,,,DWT,mdp.39015067403884,1.4081597328186035e-06,,0.0,30.5,12.0,0.0,44,,7.503331289626658e-11,114.93736263728499,1286.2000000010867,114.93736263729386,,0.0,114.93736263728499,,,29.999999999962398,0.0,26.0,1.0174971976084635e-10,7.503331289626658e-11,,1.0800249583553523e-11,4.6561707857882037e-11,2.3530122376490625e-21,0.7858546910112212,0.34378017775010106,0.2755299927185033,0.07061407579272994,0.023085311646413153,5.220276098749194e-09,4.587831590322228e-09,4.587831590322228e-09,4.046889492734701e-09,,5.433817124835977e-10,0.9999999954121858,4.464819951630868e-11,,,,,,2.9222840350987715e-11,0.0,0.0,7.761514939837897e-11,7.761514939837897e-11,0.500000003578614,0.17173715743266132,629,0.8186476548306605,0.40060977781838786,627,0,0.08333333455229143,0.11091591926960284,629,0,0.21412346413793293,0.3425543780658289,649,10.376254944182254,0.989123422490375,633.5,633.3745355563117,0.6625386504485418,400,sym,562.3567251461989,537.0,257.5873265946006,171,1.0,0.8849716590179765,0.03450850229460706,7,301.75,138
sym8,1,antireflect,1.0143573807032382e-21,268.0453714395418,5962009.117410977,0.5504201680672269,103.26752918053126,223,smoothed,2.4878345522187573e-11,,6.457327577978629,51149.7008760756,0.9879826116815575,0.00012819038906190133,1.0,370.399999999961,,,,[],[],14,356.2142857142224,31.59999999995864,804.1999999999299,"[6, 17, 39, 52, 72, 84, 96, 110, 130, 145, 162, 181, 195, 209]","[31.59999999995864, 569.9999999999606, 406.99999999992605, 140.5999999999562, 559.3999999999241, 500.59999999986235, 804.1999999999299, 136.79999999996147, 265.7999999999072, 214.99999999989907, 564.3999999999179, 317.99999999997607, 104.99999999998204, 368.5999999999513]","[0, 0, 22, 50, 0, 78, 0, 108, 124, 140, 124, 176, 183, 176]","[8, 57, 57, 57, 78, 88, 221, 124, 140, 148, 221, 183, 203, 221]",37384270.15999857,804.1999999999299,-804.1999999999299,0.0,,,,DWT,mdp.39015067403884,1.4156103134155273e-06,,0.0,30.5,12.0,0.0,44,,7.014477887423709e-11,114.93736263729932,1286.2000000008866,114.9373626373051,,0.0,114.93736263729932,,,29.999999999958646,0.0,26.0,7.014477887423709e-11,7.014477887423709e-11,,3.89945853385143e-11,5.551706484463013e-11,3.3532875551762614e-21,0.7799937912083377,0.20431945273662644,0.10426062762583785,0.33708982432880347,0.17581976587885412,5.209997818789841e-09,4.603050682557718e-09,4.603050682557718e-09,4.058832252620512e-09,,1.961893972440779e-09,0.9999999953970011,3.077982022520945e-11,,,,,,2.9377458553902995e-11,0.0,0.0,7.255840481636337e-11,7.255840481636337e-11,0.5000000042810291,0.17173715767392286,619,0.8274501510059528,0.4049173282232815,592,0,0.08333333466992507,0.11091591942617215,619,0,0.22878335169056815,0.3660072429040001,462,75.08661665037252,0.9212928546641798,573.0,564.5962212176743,0.6603319619232848,402,sym,562.3567251461989,537.0,257.5873265946006,171,1.0,0.8849716590179765,0.03450850229460706,7,303.25,139
rbio6.8,1,reflect,3.6968483621901354e-22,272.4289650054323,5989836.890318929,0.55,113.7495234148795,223,smoothed,1.4957106803726355e-11,-1.1028200574985126e-10,6.479690081906247,30967.889651595473,0.9778278520729654,0.0001281903890619375,1.0,370.3999999999895,,,,[],[],14,356.2142857142304,31.59999999996984,804.1999999999348,"[6, 17, 39, 52, 72, 84, 96, 110, 130, 145, 162, 181, 195, 209]","[31.59999999996984, 569.9999999999368, 406.9999999999404, 140.599999999958, 559.3999999999274, 500.5999999999216, 804.1999999999348, 136.7999999999493, 265.7999999999546, 214.99999999992923, 564.3999999999494, 317.99999999991746, 104.9999999999875, 368.5999999999502]","[0, 0, 22, 50, 0, 78, 0, 108, 124, 140, 124, 176, 183, 176]","[8, 57, 57, 57, 78, 88, 222, 124, 140, 148, 222, 183, 203, 222]",37384270.15999907,804.1999999999487,-804.1999999999487,0.0,,,,DWT,mdp.39015067403884,9.164214134216309e-07,,0.0,30.5,12.0,0.0,44,,5.1386450650170445e-11,114.93736263730733,1286.2000000007738,114.93736263731307,,0.0,114.93736263730733,,,29.999999999969845,0.0,26.0,6.52562448522076e-11,5.1386450650170445e-11,,1.0459189070388675e-11,3.335836266326661e-11,1.222109638722677e-21,0.7966934469241741,0.2382841008519098,0.11580013856905652,0.33209590100541375,0.021425704903618017,5.2406769271533625e-09,4.6115661270228136e-09,4.6115661270228136e-09,4.067302402172901e-09,,5.262222899841157e-10,0.9999999953884425,2.8634711198168917e-11,,,,,,1.9018038958579307e-11,0.0,0.0,5.315461746676863e-11,5.315461746676863e-11,0.5000000035617541,0.1717371574268704,638,0.7964668302386079,0.38975546808059364,672,0,0.08333333454997821,0.11091591926652396,638,0,0.2148998988982187,0.34379651716295767,641,16.560495161679196,0.9826409903965627,647.25,646.9399705037317,0.6520909354498536,416,rbio,504.8,503.0,246.5434719924451,135,0.8976508636377817,0.8470291932203298,0.11753563748745388,5,313.25,140
bior6.8,1,antisymmetric,3.6817621136205932e-22,272.44672413137505,5974462.862430693,0.5458333333333333,100.68829398370572,223,smoothed,1.4826967755210228e-11,-1.2283598582756273e-10,6.454879308434555,51965.207567732505,0.989122891738332,0.0001281903890619379,0.9999999999999999,370.3999999999896,,,,[],[],14,356.2142857142312,31.599999999969782,804.199999999945,"[6, 17, 39, 52, 72, 84, 96, 110, 130, 145, 162, 181, 195, 209]","[31.599999999969782, 569.9999999999368, 406.9999999999402, 140.59999999995802, 559.3999999999274, 500.59999999992147, 804.199999999945, 136.79999999994936, 265.7999999999547, 214.99999999992932, 564.3999999999494, 317.99999999991724, 104.99999999998732, 368.5999999999502]","[0, 0, 22, 50, 0, 78, 0, 108, 124, 140, 124, 176, 183, 176]","[8, 57, 57, 57, 78, 88, 222, 124, 140, 148, 222, 183, 203, 222]",37384270.15999907,804.1999999999482,-804.1999999999482,0.0,,,,DWT,mdp.39015067403884,9.164214134216309e-07,,0.0,30.5,12.0,0.0,44,,5.184119800105691e-11,114.93736263730813,1286.2000000007629,114.93736263731299,,0.0,114.93736263730813,,,29.999999999969788,0.0,26.0,5.502442945726216e-11,5.184119800105691e-11,,1.0402345651527867e-11,3.3067702141927785e-11,1.217122381227593e-21,0.7967611017568133,0.2006009687142212,0.10942489741539022,0.282572828048465,0.1820585215820421,5.240521195638827e-09,4.612411632147007e-09,4.612411632147007e-09,4.067211812338116e-09,,5.23362386234202e-10,0.9999999953876143,2.4144948118316648e-11,,,,,,1.9018038958579307e-11,0.0,0.0,5.3625012311607295e-11,5.3625012311607295e-11,0.5000000035582867,0.1717371574256794,654,0.8189221339810168,0.40074409571546016,626,0,0.0833333345494955,0.11091591926588149,653,0,0.2244883310785714,0.35913607574609024,543,52.300414274968546,0.9451777628144984,619.0,615.4309837044106,0.6481654013233917,419,bior,507.7185185185185,497.0,255.1009648481275,135,0.902840662902225,0.8764294698164163,0.10508269502351761,6,315.75,141
rbio2.2,1,antireflect,1.703402740737622e-27,325.79410795853437,5761175.8500651885,0.5394736842105263,148.05414865959378,223,smoothed,2.1664782573806407e-14,-2.2225346008042405e-10,6.457819153503018,32768.245184720305,0.9471927200781883,0.0001281903890618911,0.9999999999999999,370.4,,,,[],[],14,356.2142857142857,31.599999999999966,804.2000000000002,"[6, 17, 39, 52, 72, 84, 96, 110, 130, 145, 162, 181, 195, 209]","[31.599999999999966, 570.0, 407.0000000000001, 140.59999999999997, 559.4000000000001, 500.6, 804.2000000000002, 136.79999999999995, 265.8, 215.0000000000001, 564.4000000000001, 318.0, 105.0, 368.6000000000002]","[2, 2, 22, 50, 2, 78, 2, 108, 124, 140, 124, 176, 183, 176]","[8, 57, 57, 57, 78, 88, 221, 124, 140, 148, 221, 183, 203, 221]",37384270.15999999,804.2000000000002,-804.2000000000002,0.0,,,,DWT,mdp.39015067403884,0.0,,0.0,30.5,12.0,0.0,44,,1.1368683772161603e-13,114.93736263736264,1286.1999999999998,114.93736263736268,,0.0,114.93736263736264,,,29.99999999999997,0.0,44.0,1.1368683772161603e-13,1.1368683772161603e-13,,0.0,6.317301406010872e-16,2.622458080654156e-30,0.9999922932126666,0.20506606813184375,0.020979881661547725,0.20698497985101932,0.03519871064956484,5.323214629857252e-09,4.670328733154287e-09,4.670328733154287e-09,4.120010587711921e-09,,0.0,0.9999999953297058,4.9886256442802994e-14,,,,,,0.0,0.0,1.0,1.175987112096651e-13,1.175987112096651e-13,0.6000000033000897,0.20608458857769527,535,0.8098918270245294,0.3963250648392054,643,0,0.16666666784282277,0.22183183685981434,534,0,0.20974599050094903,0.335551302689416,686,77.08220719898118,0.9192010406719275,599.5,592.1755294731545,0.6453971660382698,423,rbio,504.8,503.0,246.5434719924451,135,0.8976508636377817,0.8470291932203298,0.11753563748745388,5,318.5,142
sym13,1,symmetric,1.0346231726538529e-22,277.9594593637489,6195878.108311902,0.532258064516129,103.72351547778077,223,smoothed,7.985518076388557e-12,-1.4296326344980274e-10,6.5204031861871234,31755.04636548714,0.9818726497310477,0.0001281903890619131,0.9999999999999999,370.39999999999577,,,,[],[],14,356.2142857142567,31.59999999998695,804.199999999959,"[6, 17, 39, 52, 72, 84, 96, 110, 130, 145, 162, 181, 195, 209]","[31.59999999998695, 569.9999999999661, 406.9999999999681, 140.59999999998075, 559.3999999999578, 500.5999999999534, 804.199999999959, 136.79999999997824, 265.7999999999747, 214.99999999996692, 564.3999999999724, 317.99999999996226, 104.9999999999921, 368.59999999997467]","[0, 0, 22, 50, 0, 78, 0, 108, 124, 140, 124, 176, 183, 176]","[8, 57, 57, 57, 78, 88, 222, 124, 140, 148, 222, 183, 203, 222]",37384270.15999943,804.1999999999709,-804.1999999999709,0.0,,,,DWT,mdp.39015067403884,5.587935447692871e-07,,0.0,30.5,12.0,0.0,44,,2.9103830456733704e-11,114.93736263733359,1286.2000000004064,114.93736263733713,,0.0,114.93736263733359,,,29.999999999986954,0.0,26.0,4.1040948417503387e-11,2.9103830456733704e-11,,4.206412995699793e-12,1.7787589423774455e-11,3.4202321638163374e-22,0.8177623143577135,0.3001200323315247,0.2012404969350903,0.12122346131776485,0.02744757877459348,5.28755211302859e-09,4.639467796121211e-09,4.639467796121211e-09,4.092863833888043e-09,,2.1163287749361173e-10,0.9999999953605582,1.8008938575851883e-11,,,,,,1.1596365218645919e-11,0.0,0.0,3.010527006967427e-11,3.010527006967427e-11,0.5000000034107457,0.1717371573750029,675,0.8008060692902151,0.39187889881676896,669,0,0.08333333452677986,0.11091591923564717,676,0,0.20968484053349637,0.335453475068544,687,7.5,0.9921383647798742,676.75,676.687986167518,0.6413784067085954,430,sym,562.3567251461989,537.0,257.5873265946006,171,1.0,0.8849716590179765,0.03450850229460706,7,324.25,143
rbio1.5,1,antireflect,5.353717733053549e-27,320.8207266762139,5832704.321366831,0.5387931034482759,104.8823360047221,223,smoothed,5.186484027504493e-14,-2.319738845457667e-10,6.423977326218106,38580.51484706752,0.9838219355605825,0.00012819038906189105,1.0,370.40000000000003,,,,[],[],14,356.21428571428584,31.599999999999966,804.2000000000003,"[6, 17, 39, 52, 72, 84, 96, 110, 130, 145, 162, 181, 195, 209]","[31.599999999999966, 570.0000000000001, 407.00000000000017, 140.6, 559.4000000000001, 500.6000000000001, 804.2000000000003, 136.79999999999995, 265.80000000000007, 215.0, 564.4000000000001, 318.0, 105.00000000000006, 368.60000000000014]","[0, 0, 22, 50, 0, 78, 0, 108, 124, 140, 124, 176, 183, 176]","[8, 57, 57, 57, 78, 88, 220, 124, 140, 148, 220, 183, 203, 220]",37384270.16,804.2000000000003,-804.2000000000003,0.0,,,,DWT,mdp.39015067403884,7.450580596923828e-09,,0.0,44.0,12.0,0.0,44,,2.2737367544323206e-13,114.93736263736275,1286.199999999998,114.9373626373627,,0.0,114.93736263736275,,,29.99999999999997,0.0,26.0,2.2737367544323206e-13,2.2737367544323206e-13,,5.684341886080802e-14,6.808238861699844e-14,1.2069943714870277e-26,0.9810457932897284,0.15366637876652708,0.050641025586620605,0.19889591167293397,0.07966349662300845,5.323214629857252e-09,4.6704495196006005e-09,4.6704495196006005e-09,4.120025686017718e-09,,2.8599037499136724e-12,0.9999999953295678,9.977251288560599e-14,,,,,,1.5461820291527892e-13,1.0,0.0,2.351974224193302e-13,2.351974224193302e-13,0.6000000033016769,0.20608458857824044,352,0.8022049414688083,0.3925634446886782,665,0,0.16666666784310763,0.22183183686019348,348,0,0.20913037227698383,0.3345664376318409,690,189.36450741009168,0.8015047092137404,513.75,461.4937106647135,0.631491348317562,448,rbio,504.8,503.0,246.5434719924451,135,0.8976508636377817,0.8470291932203298,0.11753563748745388,5,337.25,144
db4,1,smooth,2.701448200410173e-27,323.791314930662,5850383.902147155,0.5434782608695652,98.01772729611494,223,smoothed,3.060730542955401e-14,-2.2423942702687353e-10,6.390054188799399,33742.135077504725,0.9815812265622739,0.0001281903890618911,0.9999999999999999,370.40000000000003,,,,[],[],14,356.2142857142857,31.600000000000136,804.2,"[6, 17, 39, 52, 72, 84, 96, 110, 130, 145, 162, 181, 195, 209]","[31.600000000000136, 570.0, 407.0, 140.59999999999997, 559.3999999999999, 500.6000000000001, 804.2, 136.79999999999995, 265.79999999999995, 215.00000000000009, 564.4000000000001, 318.0, 105.0, 368.6000000000001]","[1, 1, 22, 50, 1, 78, 1, 108, 124, 140, 124, 176, 183, 176]","[8, 57, 57, 57, 78, 88, 220, 124, 140, 148, 220, 183, 203, 220]",37384270.16,804.2,-804.2,0.0,,,,DWT,mdp.39015067403884,7.450580596923828e-09,,0.0,44.0,12.0,0.0,44,,0.0,114.93736263736264,1286.1999999999998,114.93736263736264,,0.0,114.93736263736264,,,30.000000000000142,0.0,26.0,0.0,0.0,,5.684341886080802e-14,2.0604508372600038e-14,3.301991201901814e-27,0.9923624905102001,0.10214319383508516,0.05797232430610154,0.25458152594236444,0.04264912299448544,5.323681824400859e-09,4.670328733154287e-09,4.670328733154287e-09,4.1199652927945285e-09,,2.8599037499136724e-12,0.9999999953297058,0.0,,,,,,1.5461820291527892e-13,1.0,0.0,0.0,0.0,0.6000000033016515,0.2060845885782317,365,0.7943675129514595,0.38872815550355,681,0,0.1666666678430854,0.2218318368601639,383,0,0.2071012367983225,0.33132022991377236,709,185.82698045942269,0.8052128087427435,534.5,486.0528294015317,0.6224701360275562,466,db,436.359649122807,360.0,291.0684471867005,342,0.7759481297380488,1.0,0.1568363091833658,3,350.25,145
bior3.5,1,zero,2.0223353576950042e-27,325.0487496257955,6046279.901372531,0.5427350427350427,69.61087251546842,223,smoothed,2.4786351347079823e-14,-2.214301852987435e-10,6.330966789648816,39152.15440907819,0.992315478886407,0.00012819038906189116,0.9999999999999999,370.4000000000001,,,,[],[],14,356.2142857142858,31.600000000000136,804.2,"[6, 17, 39, 52, 72, 84, 96, 110, 130, 145, 162, 181, 195, 209]","[31.600000000000136, 570.0, 407.0, 140.59999999999997, 559.3999999999999, 500.5999999999999, 804.2, 136.8, 265.8, 215.00000000000003, 564.4000000000002, 318.0000000000001, 105.0, 368.6]","[0, 0, 22, 50, 0, 78, 0, 108, 124, 140, 124, 176, 183, 176]","[8, 57, 57, 57, 78, 88, 222, 124, 140, 148, 222, 183, 203, 222]",37384270.16,804.2,-804.2,0.0,,,,DWT,mdp.39015067403884,7.450580596923828e-09,,0.0,30.5,12.0,0.0,44,,0.0,114.9373626373627,1286.199999999999,114.93736263736263,,0.0,114.9373626373627,,,30.000000000000142,0.0,26.0,0.0,0.0,,1.1368683772161603e-13,7.603633019714362e-15,1.0569595101419065e-27,0.9971527901076062,0.012399991253985582,0.1392057034295897,0.24574797892663225,0.08403663005544676,5.323681824400859e-09,4.670389126377444e-09,4.670389126377444e-09,4.119950194488731e-09,,5.719807499827345e-12,0.9999999953296368,0.0,,,,,,1.5461820291527892e-13,0.0,0.0,0.0,0.0,0.5000000033030787,0.17173715733802203,719,0.8060083649991853,0.3944246711228622,653,0,0.08333333450999345,0.1109159192133046,718,0,0.21122044196760975,0.3379101278054942,676,32.562759915789286,0.9658671279708708,691.5,690.3381604620685,0.6205121803376367,474,bior,507.7185185185185,497.0,255.1009648481275,135,0.902840662902225,0.8764294698164163,0.10508269502351761,6,357.0,146
bior3.7,1,constant,2.781843916005382e-27,323.66395378635207,6049323.116259359,0.5462184873949579,66.48899171926051,223,smoothed,3.16986098555532e-14,-2.2228969775994783e-10,6.330342108372612,40615.36267039773,0.9927155168890793,0.00012819038906189116,0.9999999999999999,370.4000000000001,,,,[],[],14,356.2142857142857,31.600000000000023,804.2,"[6, 17, 39, 52, 72, 84, 96, 110, 130, 145, 162, 181, 195, 209]","[31.600000000000023, 570.0, 407.0, 140.60000000000002, 559.4000000000001, 500.5999999999999, 804.2, 136.79999999999984, 265.79999999999995, 214.99999999999997, 564.4000000000001, 318.00000000000006, 105.0, 368.6000000000001]","[0, 0, 22, 50, 0, 78, 0, 108, 124, 140, 124, 176, 183, 176]","[8, 57, 57, 57, 78, 88, 222, 124, 140, 148, 222, 183, 203, 222]",37384270.16,804.2,-804.2,0.0,,,,DWT,mdp.39015067403884,7.450580596923828e-09,,0.0,30.5,12.0,0.0,44,,0.0,114.93736263736264,1286.1999999999998,114.93736263736263,,0.0,114.93736263736264,,,30.00000000000003,0.0,26.0,0.0,0.0,,1.1368683772161603e-13,2.3041894514707755e-14,3.5677657802050845e-27,0.9918772978869377,0.011451212002827615,0.1404676517574444,0.28715059109490554,0.09523040562914814,5.3233703613717876e-09,4.670328733154287e-09,4.670328733154287e-09,4.119950194488731e-09,,5.719807499827345e-12,0.9999999953297058,0.0,,,,,,1.5461820291527892e-13,0.0,0.0,0.0,0.0,0.5000000033029836,0.17173715733798936,733,0.824038209301927,0.40324767559566627,604,0,0.08333333450996318,0.11091591921326431,731,0,0.2180253083387553,0.3487965422252013,615,70.8725381700604,0.9257101277043392,670.75,665.1267944286354,0.6113089422588782,500,bior,507.7185185185185,497.0,255.1009648481275,135,0.902840662902225,0.8764294698164163,0.10508269502351761,6,376.5,147
db3,1,reflect,2.7983690927539624e-27,323.6382314204031,5853762.7713333145,0.5394736842105263,105.50653726101869,223,smoothed,3.373484849713029e-14,-2.1620014667433943e-10,6.399091267287662,32202.717277427986,0.9793537967725614,0.00012819038906189116,0.9999999999999999,370.4,,,,[],[],14,356.2142857142857,31.60000000000008,804.1999999999999,"[6, 17, 39, 52, 72, 84, 96, 110, 130, 145, 162, 181, 195, 209]","[31.60000000000008, 570.0, 407.0000000000002, 140.59999999999997, 559.3999999999999, 500.6, 804.1999999999999, 136.7999999999999, 265.8, 215.00000000000006, 564.4000000000001, 318.0, 104.99999999999983, 368.6000000000001]","[2, 2, 22, 50, 2, 78, 2, 108, 124, 140, 124, 176, 183, 176]","[8, 57, 57, 57, 78, 88, 222, 124, 140, 148, 222, 183, 203, 222]",37384270.15999998,804.1999999999999,-804.1999999999999,0.0,,,,DWT,mdp.39015067403884,7.450580596923828e-09,,0.0,30.5,12.0,0.0,44,,1.1368683772161603e-13,114.93736263736264,1286.1999999999998,114.93736263736264,,0.0,114.93736263736264,,,30.000000000000085,0.0,44.0,1.1368683772161603e-13,1.1368683772161603e-13,,0.0,2.758975460650574e-14,3.622395207273746e-27,0.9917793064447367,0.11586890146771514,0.05937346043288972,0.20698497985101932,0.03087233234632427,5.323526092886323e-09,4.670328733154287e-09,4.670328733154287e-09,4.1199652927945285e-09,,0.0,0.9999999953297058,4.9886256442802994e-14,,,,,,1.5461820291527892e-13,0.0,1.0,1.175987112096651e-13,1.175987112096651e-13,0.6000000033002468,0.20608458857774922,475,0.7778316896960902,0.38063625853018374,702,0,0.16666666784285786,0.22183183685986105,477,0,0.20069699722038759,0.3210747376019588,746,144.30754196044873,0.8487342327458609,600.0,574.1613156012688,0.609901707567899,502,db,436.359649122807,360.0,291.0684471867005,342,0.7759481297380488,1.0,0.1568363091833658,3,377.25,148
db2,1,reflect,3.4032379199375066e-27,322.78835825903707,5845367.078467854,0.5398230088495575,122.15068389601838,223,smoothed,3.982862868610427e-14,-2.284563871413073e-10,6.397545021210537,32201.368623176844,0.9749282521325614,0.0001281903890618911,0.9999999999999999,370.40000000000003,,,,[],[],14,356.2142857142857,31.600000000000023,804.2000000000002,"[6, 17, 39, 52, 72, 84, 96, 110, 130, 145, 162, 181, 195, 209]","[31.600000000000023, 570.0, 407.00000000000017, 140.59999999999997, 559.4, 500.59999999999997, 804.2000000000002, 136.79999999999995, 265.79999999999995, 215.00000000000006, 564.4000000000001, 318.0, 104.99999999999994, 368.6]","[1, 1, 22, 50, 1, 78, 1, 108, 124, 140, 124, 176, 183, 176]","[8, 57, 57, 57, 78, 88, 220, 124, 140, 148, 220, 183, 203, 220]",37384270.16,804.2000000000002,-804.2000000000002,0.0,,,,DWT,mdp.39015067403884,7.450580596923828e-09,,0.0,44.0,12.0,0.0,44,,1.1368683772161603e-13,114.93736263736264,1286.1999999999998,114.93736263736267,,0.0,114.93736263736264,,,30.00000000000003,0.0,26.0,1.1368683772161603e-13,1.1368683772161603e-13,,5.684341886080802e-14,4.119997649491835e-14,5.6219887961027636e-27,0.9885416456115388,0.11352042993343839,0.055891967680403,0.21113689095127505,0.030862014927120946,5.3233703613717876e-09,4.670328733154287e-09,4.670328733154287e-09,4.1199954894061234e-09,,2.8599037499136724e-12,0.9999999953297058,4.9886256442802994e-14,,,,,,1.5461820291527892e-13,1.0,0.0,1.175987112096651e-13,1.175987112096651e-13,0.6000000033016392,0.20608458857822745,374,0.7746307485252147,0.379069860185661,711,0,0.16666666784308573,0.22183183686016433,378,0,0.19999327844340253,0.31994892941949793,749,204.97642140825207,0.7851400194882054,553.0,496.22357222583946,0.6027377246287988,529,db,436.359649122807,360.0,291.0684471867005,342,0.7759481297380488,1.0,0.1568363091833658,3,397.5,149
sym7,1,antireflect,3.22024153554426e-21,263.02839690179565,5937177.5991033,0.5423728813559322,101.2030524764902,223,smoothed,4.345212182094283e-11,-2.1076029810399434e-10,6.444652570826229,47695.3578181873,0.9881572965737645,0.00012819038906209637,0.9999999999999999,370.4000000000645,,,,[],[],14,356.2142857142077,31.599999999969327,804.1999999999603,"[6, 17, 39, 52, 72, 84, 96, 110, 130, 145, 162, 181, 195, 209]","[31.599999999969327, 569.9999999998079, 406.9999999999307, 140.59999999992138, 559.3999999998744, 500.6000000000365, 804.1999999999603, 136.79999999985864, 265.8000000000566, 214.99999999994645, 564.3999999999979, 317.9999999996538, 104.9999999999958, 368.59999999989884]","[0, 0, 22, 50, 0, 78, 0, 108, 124, 140, 124, 176, 183, 176]","[8, 57, 57, 57, 78, 88, 222, 124, 140, 148, 222, 183, 203, 222]",37384270.159999974,804.1999999999603,-804.1999999999603,0.0,,,,DWT,mdp.39015067403884,1.4901161193847656e-08,,0.0,30.5,12.0,0.0,44,,3.979039320256561e-11,114.9373626372846,1286.2000000010921,114.93736263728982,,0.0,114.9373626372846,,,29.999999999969333,0.0,26.0,3.979039320256561e-11,3.979039320256561e-11,,6.45172804070171e-11,9.700087438360878e-11,1.0645565840136018e-20,0.7608812192382995,0.18506838142621448,0.09396359170435026,0.2414434962706616,0.14939349289587867,5.239275343522542e-09,4.587408837760131e-09,4.587408837760131e-09,4.042601573888215e-09,,3.245990756152018e-09,0.9999999954125999,1.7460189754981047e-11,,,,,,3.0923640583055783e-13,0.0,0.0,4.115954892338279e-11,4.115954892338279e-11,0.5000000048916522,0.17173715788365623,583,0.7523795138039784,0.3681810948599933,774,0,0.08333333476794781,0.11091591955663954,586,0,0.20439288309034367,0.3269874099505135,718,96.01171803483156,0.8993587861270109,665.25,655.0399443319185,0.6010158710509268,535,sym,562.3567251461989,537.0,257.5873265946006,171,1.0,0.8849716590179765,0.03450850229460706,7,403.0,150
db5,1,periodization,5.046529136080429e-27,321.07735352542875,5851499.2102045175,0.5401785714285714,116.017031974502,223,smoothed,4.4995847717614555e-14,-2.2378896513686225e-10,6.388836231030334,31103.581884566327,0.9800063254606686,0.0001281903890618911,0.9999999999999999,370.3999999999999,,,,[],[],14,356.2142857142857,31.600000000000023,804.2000000000003,"[6, 17, 39, 52, 72, 84, 96, 110, 130, 145, 162, 181, 195, 209]","[31.600000000000023, 570.0000000000002, 407.00000000000006, 140.6, 559.3999999999999, 500.59999999999997, 804.2000000000003, 136.8, 265.79999999999995, 215.0000000000001, 564.4000000000001, 318.0, 104.99999999999994, 368.60000000000014]","[0, 0, 22, 50, 0, 78, 0, 108, 124, 140, 124, 176, 183, 176]","[8, 57, 57, 57, 78, 88, 222, 124, 140, 148, 222, 183, 203, 222]",37384270.16,804.2000000000003,-804.2000000000003,0.0,,,,DWT,mdp.39015067403884,7.450580596923828e-09,,0.0,30.5,12.0,0.0,44,,2.2737367544323206e-13,114.93736263736264,1286.1999999999998,114.93736263736267,,0.0,114.93736263736264,,,30.00000000000003,0.0,26.0,2.2737367544323206e-13,2.2737367544323206e-13,,5.684341886080802e-14,5.274075994689328e-14,1.1054430397827671e-26,0.9820234341145245,0.10029333358779448,0.058434815845599244,0.21536294332117914,0.022463772035360676,5.3233703613717876e-09,4.670328733154287e-09,4.670328733154287e-09,4.1199954894061234e-09,,2.8599037499136724e-12,0.9999999953297058,9.977251288560599e-14,,,,,,1.5461820291527892e-13,0.0,0.0,2.351974224193302e-13,2.351974224193302e-13,0.5000000033017111,0.17173715733755232,768,0.7637088213280433,0.3737251544358931,752,0,0.08333333450977613,0.11091591921301536,762,0,0.19693975698635874,0.31506391063914374,779,11.29527924990495,0.9881600846437055,765.25,765.1250533295561,0.5930056188417689,567,db,436.359649122807,360.0,291.0684471867005,342,0.7759481297380488,1.0,0.1568363091833658,3,426.0,151
sym6,1,antireflect,2.9907439709253495e-21,263.34948901625035,5889990.002313173,0.5512820512820513,105.40276566428328,223,smoothed,4.1844139513597385e-11,,6.425793651407607,42626.41849394864,0.9853211107156836,0.0001281903890616759,0.999999999999999,370.399999999973,,,,[],[],14,356.21428571443397,31.600000000073805,804.200000000193,"[6, 17, 39, 52, 72, 84, 96, 110, 130, 145, 162, 181, 195, 209]","[31.600000000073805, 570.0000000002358, 407.0000000001572, 140.6000000001207, 559.4000000002002, 500.60000000010655, 804.200000000193, 136.8000000001797, 265.800000000046, 215.00000000014626, 564.4000000000838, 318.00000000035567, 105.00000000002962, 368.60000000014657]","[2, 2, 22, 50, 2, 78, 2, 108, 124, 140, 124, 176, 183, 176]","[8, 57, 57, 57, 78, 88, 221, 124, 140, 148, 221, 183, 203, 221]",37384270.160001665,804.2000000001128,-804.2000000001128,0.0,,,,DWT,mdp.39015067403884,1.6763806343078613e-06,,0.0,30.5,12.0,0.0,44,,1.127773430198431e-10,114.93736263751089,1286.1999999979244,114.93736263751083,,0.0,114.93736263751089,,,30.00000000007381,0.0,44.0,1.929265636135824e-10,1.127773430198431e-10,,2.7000623958883807e-11,9.340950821729849e-11,9.886885878067818e-21,0.762104445726765,0.15642505221937486,0.07439602546953106,0.34733376960755147,0.11061530205852799,5.525509867239049e-09,4.827834259146973e-09,4.827834259146973e-09,4.277410425650702e-09,,1.3584542812089942e-09,0.9999999951722003,8.465697718343669e-11,,,,,,3.478909565593776e-11,0.0,1.0,1.1665792151998778e-10,1.1665792151998778e-10,0.60000000420929,0.2060845888899822,219,0.7558528349749665,0.3698807838707549,773,0,0.16666666802850047,0.22183183710694968,215,0,0.20726779931073716,0.3315866963567612,704,302.40742385067205,0.6830110861104066,477.75,335.2473598945935,0.591112461294197,573,sym,562.3567251461989,537.0,257.5873265946006,171,1.0,0.8849716590179765,0.03450850229460706,7,431.5,152
rbio1.3,1,antireflect,5.129760829559874e-27,321.00631020535764,5814159.381333255,0.5394736842105263,109.72361362425028,223,smoothed,5.219143503027104e-14,-2.3256234715773917e-10,6.404334845977149,32930.5204764567,0.9793103255888502,0.00012819038906189105,1.0,370.4000000000001,,,,[],[],14,356.21428571428584,31.600000000000023,804.2000000000003,"[6, 17, 39, 52, 72, 84, 96, 110, 130, 145, 162, 181, 195, 209]","[31.600000000000023, 570.0000000000001, 407.0000000000002, 140.59999999999997, 559.4000000000001, 500.6, 804.2000000000003, 136.79999999999995, 265.80000000000007, 215.00000000000006, 564.4000000000002, 318.0, 104.99999999999989, 368.60000000000014]","[1, 1, 22, 50, 1, 78, 1, 108, 124, 140, 124, 176, 183, 176]","[8, 57, 57, 57, 78, 88, 220, 124, 140, 148, 220, 183, 203, 220]",37384270.16,804.2000000000003,-804.2000000000003,0.0,,,,DWT,mdp.39015067403884,7.450580596923828e-09,,0.0,44.0,12.0,0.0,44,,2.2737367544323206e-13,114.93736263736275,1286.199999999998,114.93736263736268,,0.0,114.93736263736275,,,30.00000000000003,0.0,26.0,2.2737367544323206e-13,2.2737367544323206e-13,,1.1368683772161603e-13,6.88118253456586e-14,1.1329580237246288e-26,0.9817527888167192,0.1238329606638453,0.042950883110374226,0.20698497985101932,0.03644014240256495,5.3233703613717876e-09,4.6704495196006005e-09,4.6704495196006005e-09,4.120010587711921e-09,,5.719807499827345e-12,0.9999999953295678,9.977251288560599e-14,,,,,,1.5461820291527892e-13,1.0,0.0,2.351974224193302e-13,2.351974224193302e-13,0.6000000033031491,0.20608458857874606,293,0.7698136440785955,0.3767125833636963,730,0,0.16666666784335768,0.2218318368605263,291,0,0.19885167926351316,0.31812260086348526,768,264.3060095167468,0.7229496755589656,520.5,420.10885715751266,0.588676095641118,575,rbio,504.8,503.0,246.5434719924451,135,0.8976508636377817,0.8470291932203298,0.11753563748745388,5,432.5,153
rbio4.4,1,antireflect,9.548631757533749e-21,258.30786992413334,5919333.844739447,0.5517241379310345,117.1028110070615,223,smoothed,7.60740204255876e-11,4.4760526396065937e-10,6.409654750942968,40619.7590264726,0.9807898402767861,0.00012819038906210415,1.0,370.39999999994586,,,,[],[],14,356.214285714012,31.59999999985928,804.1999999997255,"[6, 17, 39, 52, 72, 84, 96, 110, 130, 145, 162, 181, 195, 209]","[31.59999999985928, 569.999999999684, 406.999999999691, 140.59999999980315, 559.3999999996131, 500.5999999995614, 804.1999999997255, 136.79999999977383, 265.79999999975024, 214.99999999966013, 564.3999999997319, 317.9999999996335, 104.99999999992707, 368.5999999997541]","[0, 0, 22, 50, 0, 78, 0, 108, 124, 140, 124, 176, 183, 176]","[8, 57, 57, 57, 78, 88, 222, 124, 140, 148, 222, 183, 203, 222]",37384270.15999479,804.1999999997255,-804.1999999997255,0.0,,,,DWT,mdp.39015067403884,5.200505256652832e-06,,0.0,30.5,12.0,0.0,44,,2.745537130977027e-10,114.93736263708894,1286.2000000038315,114.9373626371135,,0.0,114.93736263708894,,,29.999999999859284,0.0,26.0,2.745537130977027e-10,2.745537130977027e-10,,5.411493475548923e-11,1.6986062065963396e-10,3.1566148860458556e-20,0.7428979883252703,0.13191294583704544,0.08656421413177622,0.3525882070565639,0.09526403845131376,4.9377791313815425e-09,4.3795353636547536e-09,4.3795353636547536e-09,3.85526179555302e-09,,2.722628369917816e-09,0.9999999956204906,1.2047530930936925e-10,,,,,,1.0792350563486468e-10,0.0,0.0,2.8400088757134125e-10,2.8400088757134125e-10,0.5000000046649928,0.17173715780580456,614,0.7341182712336822,0.3592448543594482,804,0,0.08333333472430259,0.11091591949854814,614,0,0.20131819913883292,0.3220685354451007,742,95.22429661943777,0.9001841754513231,693.5,683.8987518554131,0.5866224860485127,577,rbio,504.8,503.0,246.5434719924451,135,0.8976508636377817,0.8470291932203298,0.11753563748745388,5,434.0,154
bior4.4,1,antireflect,9.545781787297438e-21,258.3091663518592,5835859.731350498,0.5517241379310345,105.31942949777344,223,smoothed,7.606320440810383e-11,4.432067379727784e-10,6.4227098346229985,38798.54455806966,0.9847455969249507,0.00012819038906210413,1.0,370.39999999994586,,,,[],[],14,356.2142857140121,31.59999999985928,804.1999999997257,"[6, 17, 39, 52, 72, 84, 96, 110, 130, 145, 162, 181, 195, 209]","[31.59999999985928, 569.999999999684, 406.9999999996911, 140.59999999980334, 559.3999999996132, 500.5999999995616, 804.1999999997257, 136.79999999977383, 265.79999999975036, 214.9999999996601, 564.399999999732, 317.99999999963353, 104.9999999999269, 368.5999999997541]","[0, 0, 22, 50, 0, 78, 0, 108, 124, 140, 124, 176, 183, 176]","[8, 57, 57, 57, 78, 88, 222, 124, 140, 148, 222, 183, 203, 222]",37384270.159994796,804.1999999997257,-804.1999999997257,0.0,,,,DWT,mdp.39015067403884,5.193054676055908e-06,,0.0,30.5,12.0,0.0,44,,2.743263394222595e-10,114.937362637089,1286.2000000038306,114.93736263711355,,0.0,114.937362637089,,,29.999999999859284,0.0,26.0,2.743263394222595e-10,2.743263394222595e-10,,5.411493475548923e-11,1.6983646350375732e-10,3.155672734300424e-20,0.7429029271719851,0.1517412854873381,0.05194949853403597,0.3525882070565639,0.08133145853784621,4.9377791313815425e-09,4.37959575687791e-09,4.37959575687791e-09,3.85532218877621e-09,,2.722628369917816e-09,0.9999999956204215,1.2037553679648361e-10,,,,,,1.077688874319494e-10,0.0,0.0,2.837656901489219e-10,2.837656901489219e-10,0.5000000046647913,0.17173715780573534,615,0.7211550146025931,0.35290121271076164,813,0,0.08333333472425154,0.1109159194984802,615,0,0.19721619670822946,0.3155061584674206,777,104.95713410721541,0.8899820397199,705.0,693.3555262862008,0.5754941645140381,619,bior,507.7185185185185,497.0,255.1009648481275,135,0.902840662902225,0.8764294698164163,0.10508269502351761,6,465.75,155
bior3.3,1,zero,1.7026129954591887e-27,325.7961219364443,6039981.482535485,0.5347826086956522,74.4595213917341,223,smoothed,2.2642575408050264e-14,-2.2198278770702056e-10,6.332040334768888,37486.205549991144,0.9918358948087536,0.00012819038906189116,0.9999999999999999,370.3999999999999,,,,[],[],14,356.2142857142857,31.600000000000023,804.2,"[6, 17, 39, 52, 72, 84, 96, 110, 130, 145, 162, 181, 195, 209]","[31.600000000000023, 570.0, 407.0000000000002, 140.59999999999997, 559.4000000000001, 500.6, 804.2, 136.79999999999984, 265.79999999999995, 215.00000000000003, 564.4000000000001, 318.0000000000001, 105.0, 368.6]","[0, 0, 22, 50, 0, 78, 0, 108, 124, 140, 124, 176, 183, 176]","[8, 57, 57, 57, 78, 88, 222, 124, 140, 148, 222, 183, 203, 222]",37384270.16,804.2,-804.2,0.0,,,,DWT,mdp.39015067403884,7.450580596923828e-09,,0.0,30.5,12.0,0.0,44,,0.0,114.93736263736264,1286.1999999999998,114.93736263736265,,0.0,114.93736263736264,,,30.00000000000003,0.0,26.0,0.0,0.0,,5.684341886080802e-14,2.815592541650293e-15,1.1694350413419521e-32,0.9999999656250858,0.014030514488644952,0.13659389998647978,0.15122902585830034,0.0712918567112428,5.3233703613717876e-09,4.670328733154287e-09,4.670328733154287e-09,4.119980391100326e-09,,2.8599037499136724e-12,0.9999999953297058,0.0,,,,,,1.5461820291527892e-13,0.0,0.0,0.0,0.0,0.5000000033015626,0.17173715733750128,824,0.764320539640432,0.3740245021904093,750,0,0.08333333450972737,0.11091591921295045,831,0,0.19616360895282237,0.3138222302470135,784,37.69504830434187,0.9604873707501658,797.25,795.8923668882059,0.5623977734253973,651,bior,507.7185185185185,497.0,255.1009648481275,135,0.902840662902225,0.8764294698164163,0.10508269502351761,6,489.75,156
sym4,1,antireflect,1.2630624610772447e-21,267.0930330967803,5860864.747376087,0.5521739130434783,110.36973904739776,223,smoothed,2.739127509762572e-11,,6.4023455526124575,36353.218504481236,0.9818758405632547,0.00012819038906175217,0.9999999999999999,370.39999999998594,,,,[],[],14,356.2142857143789,31.600000000053967,804.2000000001234,"[6, 17, 39, 52, 72, 84, 96, 110, 130, 145, 162, 181, 195, 209]","[31.600000000053967, 570.0000000001445, 407.00000000010056, 140.60000000008063, 559.4000000001122, 500.60000000005414, 804.2000000001234, 136.80000000012302, 265.8000000000293, 215.0000000000981, 564.4000000000486, 318.00000000022766, 105.00000000001745, 368.60000000009086]","[2, 2, 22, 50, 2, 78, 2, 108, 124, 140, 124, 176, 183, 176]","[8, 57, 57, 57, 78, 88, 221, 124, 140, 148, 221, 183, 203, 221]",37384270.16000086,804.2000000000655,-804.2000000000655,0.0,,,,DWT,mdp.39015067403884,8.717179298400879e-07,,0.0,30.5,12.0,0.0,44,,6.548361852765083e-11,114.9373626374558,1286.1999999986956,114.93736263745578,,0.0,114.9373626374558,,,30.000000000053973,0.0,44.0,1.233502189279534e-10,6.548361852765083e-11,,1.404032445861958e-11,6.112959566311149e-11,4.175464301398571e-21,0.7763657809445995,0.12081157945588603,0.06231847980383023,0.3579340260264298,0.06262432588148126,5.47115956866611e-09,4.769313225908126e-09,4.769313225908126e-09,4.2189195889912456e-09,,7.063962262286771e-10,0.99999999523073,5.412658824044125e-11,,,,,,1.8090329741087633e-11,0.0,1.0,6.77368576567671e-11,6.77368576567671e-11,0.600000003800378,0.20608458874953145,221,0.7256078389781212,0.3550802270562111,811,0,0.16666666794779353,0.22183183699952946,221,0,0.19715059888190808,0.3154012151689901,778,331.38434382652014,0.6526369561566875,507.75,345.7764916293933,0.560202125877086,666,sym,562.3567251461989,537.0,257.5873265946006,171,1.0,0.8849716590179765,0.03450850229460706,7,501.25,157
bior3.1,1,reflect,1.0169867440366737e-26,318.03412845406757,6023702.491776253,0.5353982300884956,88.0619471581227,223,smoothed,8.456414442633661e-14,-2.0182289173220645e-10,6.335763333822296,35823.48758183882,0.9911031530993664,0.0001281903890618912,0.9999999999999999,370.39999999999986,,,,[],[],14,356.21428571428567,31.600000000000136,804.1999999999998,"[6, 17, 39, 52, 72, 84, 96, 110, 130, 145, 162, 181, 195, 209]","[31.600000000000136, 569.9999999999999, 407.0, 140.60000000000008, 559.3999999999997, 500.5999999999998, 804.1999999999998, 136.79999999999984, 265.7999999999999, 214.99999999999994, 564.4, 318.0, 105.0, 368.6]","[1, 1, 22, 50, 1, 78, 1, 108, 124, 140, 124, 176, 183, 176]","[8, 57, 57, 57, 78, 88, 220, 124, 140, 148, 220, 183, 203, 220]",37384270.15999998,804.1999999999998,-804.1999999999998,0.0,,,,DWT,mdp.39015067403884,7.450580596923828e-09,,0.0,44.0,12.0,0.0,44,,2.2737367544323206e-13,114.93736263736258,1286.2000000000007,114.9373626373626,,0.0,114.93736263736258,,,30.000000000000142,0.0,26.0,2.2737367544323206e-13,2.2737367544323206e-13,,1.1368683772161603e-13,1.4111501718161756e-13,2.7991316489899984e-26,0.9704300210406075,0.01968508488880305,0.12984339240428533,0.15854601701469473,0.05857180019579278,5.323681824400859e-09,4.67026833993113e-09,4.67026833993113e-09,4.119919997877136e-09,,5.719807499827345e-12,0.9999999953297749,9.977251288560599e-14,,,,,,1.5461820291527892e-13,1.0,0.0,2.351974224193302e-13,2.351974224193302e-13,0.6000000033032101,0.20608458857876705,280,0.7438693781551459,0.36401661270290664,789,0,0.16666666784336315,0.22183183686053357,278,0,0.19101090222061778,0.30557893819533566,816,302.4448985628071,0.682971804441502,540.75,414.0157500142012,0.5580739525352164,672,bior,507.7185185185185,497.0,255.1009648481275,135,0.902840662902225,0.8764294698164163,0.10508269502351761,6,505.5,158
coif1,1,constant,3.1200439299488604e-27,323.1656742864352,5841622.44745385,0.5482456140350878,118.67780094865853,223,smoothed,3.4893861591895965e-14,-2.2463413351658823e-10,6.3996381991948885,32898.3996091105,0.9746381326118135,0.00012819038906189116,0.9999999999999999,370.40000000000003,,,,[],[],14,356.2142857142857,31.59999999999991,804.1999999999999,"[6, 17, 39, 52, 72, 84, 96, 110, 130, 145, 162, 181, 195, 209]","[31.59999999999991, 570.0, 407.00000000000006, 140.59999999999988, 559.3999999999999, 500.6, 804.1999999999999, 136.79999999999995, 265.8, 215.00000000000006, 564.4000000000001, 318.0, 104.99999999999994, 368.6]","[0, 0, 22, 50, 0, 78, 0, 108, 124, 140, 124, 176, 183, 176]","[8, 57, 57, 57, 78, 88, 222, 124, 140, 148, 222, 183, 203, 222]",37384270.16,804.1999999999999,-804.1999999999999,0.0,,,,DWT,mdp.39015067403884,7.450580596923828e-09,,0.0,30.5,12.0,0.0,44,,1.1368683772161603e-13,114.93736263736264,1286.1999999999998,114.93736263736261,,0.0,114.93736263736264,,,29.999999999999915,0.0,26.0,1.1368683772161603e-13,1.1368683772161603e-13,,5.684341886080802e-14,3.017836543626274e-14,4.685797573597634e-27,0.9899790616627543,0.11669959331832852,0.05433915888368928,0.3112440808130147,0.036194412666196614,5.323058898342716e-09,4.670328733154287e-09,4.670328733154287e-09,4.1199350961829335e-09,,2.8599037499136724e-12,0.9999999953297058,4.9886256442802994e-14,,,,,,1.5461820291527892e-13,0.0,0.0,1.175987112096651e-13,1.175987112096651e-13,0.5000000033015276,0.1717371573374893,837,0.8184822104903551,0.40052881671134755,630,0,0.0833333345097214,0.11091591921294251,843,0,0.21549375819200195,0.34474657231856404,639,118.72762947182935,0.8755475582056296,737.25,722.9051231510185,0.5513744080336325,695,coif,462.58169934640523,492.0,268.41090882948885,153,0.8225769847886951,0.9221573531030026,0.14754890471701262,4,522.25,159
sym5,1,antisymmetric,1.5456444961417452e-22,276.216185257769,5865269.987844574,0.5431034482758621,101.22525532811451,223,smoothed,9.67817355903138e-12,,6.3990166281813075,37180.851595855886,0.984289054957542,0.00012819038906194074,0.9999999999999997,370.4000000000061,,,,[],[],14,356.2142857142572,31.599999999981662,804.1999999999813,"[6, 17, 39, 52, 72, 84, 96, 110, 130, 145, 162, 181, 195, 209]","[31.599999999981662, 569.9999999999516, 406.99999999996817, 140.5999999999727, 559.3999999999656, 500.5999999999889, 804.1999999999813, 136.79999999995675, 265.7999999999941, 214.9999999999683, 564.3999999999869, 317.99999999991934, 104.99999999999534, 368.59999999997024]","[0, 0, 22, 50, 0, 78, 0, 108, 124, 140, 124, 176, 183, 176]","[8, 57, 57, 57, 78, 88, 222, 124, 140, 148, 222, 183, 203, 222]",37384270.15999982,804.199999999981,-804.199999999981,0.0,,,,DWT,mdp.39015067403884,1.7136335372924805e-07,,0.0,30.5,12.0,0.0,44,,1.9099388737231493e-11,114.9373626373341,1286.200000000399,114.9373626373361,,0.0,114.9373626373341,,,29.999999999981668,0.0,26.0,1.8758328224066645e-11,1.9099388737231493e-11,,6.139089236967266e-12,2.1568069845613534e-11,5.109581848043396e-22,0.8111211700657965,0.11575553800040556,0.06414522751956608,0.25012667680081063,0.0689558504683243,5.273069082176776e-09,4.640011335129621e-09,4.640011335129621e-09,4.091761657564826e-09,,3.088696049906765e-10,0.9999999953600059,8.231232313062495e-12,,,,,,3.556218667051415e-12,0.0,0.0,1.9756583483223737e-11,1.9756583483223737e-11,0.50000000344169,0.17173715738563147,666,0.7042560957135882,0.344631632871929,844,0,0.08333333453041912,0.11091591924049099,666,0,0.18715778041092448,0.29941472003995817,843,102.4804859473256,0.8925781069734533,754.75,744.313895872259,0.5507177746607308,705,sym,562.3567251461989,537.0,257.5873265946006,171,1.0,0.8849716590179765,0.03450850229460706,7,530.5,160
rbio5.5,1,antisymmetric,2.2386514728340633e-20,254.60741652354466,6071769.350633654,0.5470085470085471,93.25664456230163,223,smoothed,1.1761529866630413e-10,,6.363334042604919,44203.09707404822,0.9887853462687599,0.00012819038906167172,1.0,370.40000000010104,,,,[],[],14,356.21428571467965,31.600000000172997,804.2000000005411,"[6, 17, 39, 52, 72, 84, 96, 110, 130, 145, 162, 181, 195, 209]","[31.600000000172997, 570.0000000004105, 407.0000000004242, 140.60000000025195, 559.4000000005858, 500.6000000007255, 804.2000000005411, 136.80000000024938, 265.8000000003939, 215.00000000048013, 564.4000000004219, 318.00000000041035, 105.00000000010795, 368.60000000033983]","[2, 2, 22, 50, 2, 78, 2, 108, 124, 140, 124, 176, 183, 176]","[8, 57, 57, 57, 78, 88, 220, 124, 140, 148, 220, 183, 203, 220]",37384270.16000833,804.2000000004177,-804.2000000004177,0.0,,,,DWT,mdp.39015067403884,8.344650268554688e-06,,0.0,44.0,12.0,0.0,44,,4.176854417892173e-10,114.93736263775656,1286.1999999944846,114.9373626377566,,0.0,114.93736263775656,,,30.000000000173003,0.0,44.0,5.410356607171707e-10,4.176854417892173e-10,,1.0106759873451665e-10,2.6264145568342454e-10,7.400600908948166e-20,0.7288008105524095,0.06156006566563034,0.14977556755986976,0.2965408742670925,0.12267714359131215,5.79726136010374e-09,5.0888537696302506e-09,5.0888537696302506e-09,4.5385356244182064e-09,,5.084908867346508e-09,0.9999999949111635,2.374086944112995e-10,,,,,,1.731723872651124e-10,1.0,1.0,4.320576649843096e-10,4.320576649843096e-10,0.7000000065302011,0.24043202092785543,38,0.7106355101663501,0.34775343477467924,835,0,0.2500000018153561,0.33274775535776435,38,0,0.19419349455699375,0.310670444363581,795,448.8982809798526,0.5294567285326492,426.5,72.61235328406221,0.5411958695074148,739,rbio,504.8,503.0,246.5434719924451,135,0.8976508636377817,0.8470291932203298,0.11753563748745388,5,555.5,161
db25,1,periodization,1.9271743500485268e-26,315.25807130798023,5855729.225632357,0.5267857142857143,95.99205441144788,223,smoothed,1.0563114511157542e-13,-2.2668720234264615e-10,6.3842211139745615,31103.58188456633,0.9819864168729296,0.00012819038906189113,0.9999999999999999,370.39999999999986,,,,[],[],14,356.21428571428584,31.600000000000364,804.2000000000003,"[6, 17, 39, 52, 72, 84, 96, 110, 130, 145, 162, 181, 195, 209]","[31.600000000000364, 570.0000000000001, 407.00000000000034, 140.5999999999998, 559.4000000000003, 500.5999999999999, 804.2000000000003, 136.80000000000018, 265.79999999999995, 215.00000000000026, 564.4000000000004, 318.0000000000001, 104.99999999999977, 368.5999999999997]","[1, 1, 22, 50, 1, 78, 1, 108, 124, 140, 124, 176, 183, 176]","[8, 57, 57, 57, 78, 88, 221, 124, 140, 148, 221, 183, 203, 221]",37384270.16000001,804.2000000000003,-804.2000000000003,0.0,,,,DWT,mdp.39015067403884,2.2351741790771484e-08,,0.0,30.5,12.0,0.0,44,,2.2737367544323206e-13,114.93736263736275,1286.199999999998,114.93736263736274,,0.0,114.93736263736275,,,30.00000000000037,0.0,26.0,2.2737367544323206e-13,2.2737367544323206e-13,,1.1368683772161603e-13,1.8816734676321955e-13,5.808057253715645e-26,0.9598544058768581,0.09328379533047242,0.06018890193365966,0.05618163738813367,0.02246377203536071,5.3243047504590015e-09,4.6704495196006005e-09,4.6704495196006005e-09,4.120070980935111e-09,,5.719807499827345e-12,0.9999999953295678,9.977251288560599e-14,,,,,,4.638546087458368e-13,0.0,0.0,2.351974224193302e-13,2.351974224193302e-13,0.5000000033036022,0.17173715733820183,700,0.6841071559276349,0.33477163725196174,889,0,0.08333333451013301,0.11091591921349037,700,0,0.17028178750923897,0.2724165333818333,907,114.5512985522207,0.8799252635720957,799.0,786.698798472113,0.521199529060681,806,db,436.359649122807,360.0,291.0684471867005,342,0.7759481297380488,1.0,0.1568363091833658,3,605.25,162
bior5.5,1,periodic,2.2959672485778954e-20,254.4976244887028,5734806.807551957,0.5470085470085471,110.42471175967573,223,smoothed,1.1987266983720933e-10,,6.456730633146314,29877.844955710792,0.9749589532918078,0.00012819038906166874,1.0,370.4000000001013,,,,[],[],14,356.2142857146849,31.600000000172997,804.2000000006138,"[6, 17, 39, 52, 72, 84, 96, 110, 130, 145, 162, 181, 195, 209]","[31.600000000172997, 570.0000000004105, 407.000000000424, 140.60000000025207, 559.4000000005858, 500.6000000007255, 804.2000000006138, 136.80000000024938, 265.8000000003938, 215.0000000004801, 564.4000000004216, 318.00000000041035, 105.00000000010823, 368.60000000033955]","[0, 0, 22, 50, 0, 78, 0, 108, 124, 140, 124, 176, 183, 176]","[8, 57, 57, 57, 78, 88, 222, 124, 140, 148, 222, 183, 203, 222]",37384270.16000834,804.200000000418,-804.200000000418,0.0,,,,DWT,mdp.39015067403884,8.352100849151611e-06,,0.0,30.5,12.0,0.0,44,,4.179128154646605e-10,114.9373626377618,1286.1999999944119,114.93736263776178,,0.0,114.9373626377618,,,30.000000000173003,0.0,26.0,6.137952368590049e-10,4.179128154646605e-10,,1.0129497240995988e-10,2.676832067095144e-10,7.590077126874257e-20,0.7283825488785931,0.20341280018826147,0.01004527127608329,0.2965408742670925,0.013086689868237453,5.79726136010374e-09,5.094409946160667e-09,5.094409946160667e-09,4.544031407728491e-09,,5.096348482346163e-09,0.9999999949056418,2.693358985346934e-10,,,,,,1.7332700546802766e-10,0.0,0.0,4.3229286240672897e-10,4.3229286240672897e-10,0.5000000065542776,0.17173715845472534,577,0.6676095907937651,0.32669846210289094,908,0,0.0833333351532793,0.11091592006951229,577,0,0.1787811692494216,0.28601383079934944,878,182.853310971755,0.8083298627130451,735.0,700.9577221834917,0.5189448055703589,811,bior,507.7185185185185,497.0,255.1009648481275,135,0.902840662902225,0.8764294698164163,0.10508269502351761,6,609.75,163
sym2,1,periodization,2.3391529634539015e-21,264.41669515121015,5839020.471499239,0.5446428571428571,127.01129856925223,223,smoothed,3.6767147040723756e-11,3.692404160107226e-11,6.402489996819631,31103.581884561485,0.9715769600893875,0.00012819038906204463,0.9999999999999997,370.39999999999077,,,,[],[],14,356.2142857141442,31.59999999992084,804.1999999998734,"[6, 17, 39, 52, 72, 84, 96, 110, 130, 145, 162, 181, 195, 209]","[31.59999999992084, 569.9999999998116, 406.99999999983993, 140.59999999988707, 559.3999999998105, 500.5999999998295, 804.1999999998734, 136.79999999985074, 265.7999999999025, 214.99999999983058, 564.3999999998854, 317.9999999997431, 104.99999999996635, 368.5999999998664]","[0, 0, 22, 50, 0, 78, 0, 108, 124, 140, 124, 176, 183, 176]","[8, 57, 57, 57, 78, 88, 222, 124, 140, 148, 222, 183, 203, 222]",37384270.159997836,804.1999999998734,-804.1999999998734,0.0,,,,DWT,mdp.39015067403884,2.1532177925109863e-06,,0.0,30.5,12.0,0.0,44,,1.2664713722188026e-10,114.9373626372211,1286.2000000019816,114.93736263723288,,0.0,114.9373626372211,,,29.999999999920846,0.0,26.0,1.2664713722188026e-10,1.2664713722188026e-10,,9.208633855450898e-12,8.207024228731996e-11,7.732836698272365e-21,0.7661700541742116,0.12103096439975594,0.05326018177324851,0.2684233786321943,0.02246377203532364,5.106436361623641e-09,4.519949607494092e-09,4.519949607494092e-09,3.982102662557693e-09,,4.633044074860149e-10,0.9999999954801022,5.5573289677282535e-11,,,,,,4.4684660642515607e-11,0.0,0.0,1.3100496428756695e-10,1.3100496428756695e-10,0.5000000035127659,0.1717371574100442,656,0.6632024658826574,0.324541811044235,914,0,0.08333333453617606,0.11091591924815342,656,0,0.17590690729954347,0.28141559109403375,895,143.68107043031102,0.8493909114986258,780.25,760.4286862096867,0.5157593970491032,820,sym,562.3567251461989,537.0,257.5873265946006,171,1.0,0.8849716590179765,0.03450850229460706,7,616.75,164
sym3,1,reflect,8.185328630519895e-19,238.9769201706545,5853762.771337993,0.5394736842105263,105.506537259374,223,smoothed,7.158353630830533e-10,,6.3990912672867175,32202.717277539698,0.9793537967725124,0.00012819038906088827,1.0,370.4000000007267,,,,[],[],14,356.2142857165539,31.60000000107317,804.2000000037035,"[6, 17, 39, 52, 72, 84, 96, 110, 130, 145, 162, 181, 195, 209]","[31.60000000107317, 570.0000000021219, 407.00000000246064, 140.60000000143236, 559.4000000031456, 500.60000000423327, 804.2000000037035, 136.80000000138813, 265.80000000245184, 215.00000000283845, 564.4000000024646, 318.0000000019541, 105.00000000063284, 368.60000000185346]","[0, 0, 22, 50, 0, 78, 0, 108, 124, 140, 124, 176, 183, 176]","[8, 57, 57, 57, 78, 88, 222, 124, 140, 148, 222, 183, 203, 222]",37384270.16004807,804.2000000023725,-804.2000000023725,0.0,,,,DWT,mdp.39015067403884,4.807859659194946e-05,,0.0,30.5,12.0,0.0,44,,2.3724169295746833e-09,114.9373626396308,1286.1999999682457,114.93736263963078,,0.0,114.9373626396308,,,30.000000001073175,0.0,26.0,3.7034624256193638e-09,2.3724169295746833e-09,,7.267431101354305e-10,1.5987427856172342e-09,2.705930588986095e-18,0.6692551652188699,0.11586890146628118,0.059373460434829974,0.20698497985101932,0.030872332347178878,8.263425624290138e-09,7.080139123553117e-09,7.080139123553117e-09,6.529745487907926e-09,,3.65638694426463e-08,0.9999999929199127,1.6250946898807504e-09,,,,,,9.97751263412295e-10,0.0,0.0,2.4540499055232915e-09,2.4540499055232915e-09,0.5000000257209688,0.1717371650379914,558,0.5843172054407796,0.285938870606687,945,0,0.08333333883068143,0.11091592496410148,558,0,0.1546221201309889,0.24736422236551855,942,222.5718984957445,0.7666961231700791,750.75,701.2620785606739,0.4898732188177439,911,sym,562.3567251461989,537.0,257.5873265946006,171,1.0,0.8849716590179765,0.03450850229460706,7,685.0,165
