signal_type,wavelet,wavelet_energy_entropy,wavelet_sparsity,wavelet_adaptive_threshold,wavelet_psnr,signal_length,decomposition_levels,original_level,padded,emd_value,kl_divergence,wavelet_entropy,avg_variance_across_levels,variance_ratio_across_levels,smoothness,correlation,dynamic_cutoff,dominant_frequency,amplitude_max,num_fft_peaks,positive_frequencies,positive_amplitudes,relative_num_peaks,avg_prominence,prominence_min,prominence_max,relative_peaks,relative_prominences,relative_left_bases,relative_right_bases,max_autocorrelation,upper_envelope,lower_envelope,spectral_magnitude,spectral_centroid,spectral_bandwidth,frequency_max,wavelet_type,htid,max_autocorrelation_diff,frequency_max_diff,relative_right_bases_array_alignment_score,relative_right_bases_global_alignment_score,relative_num_peaks_diff,relative_peaks_array_alignment_score,relative_peaks_global_alignment_score,spectral_centroid_diff,lower_envelope_diff,relative_prominences_avg_diff,relative_prominences_total_diff,relative_prominences_wasserstein,spectral_bandwidth_diff,spectral_magnitude_diff,avg_prominence_diff,num_fft_peaks_diff,amplitude_max_diff,prominence_min_diff,relative_left_bases_array_alignment_score,relative_left_bases_global_alignment_score,prominence_max_diff,upper_envelope_diff,dominant_frequency_diff,dynamic_cutoff_diff,emd_value_normalized,smoothness_normalized,wavelet_psnr_normalized,wavelet_entropy_normalized,wavelet_energy_entropy_normalized,wavelet_sparsity_normalized,correlation_normalized,avg_variance_across_levels_normalized,kl_divergence_normalized,prominence_min_diff_normalized,avg_prominence_diff_normalized,relative_prominences_avg_diff_normalized,relative_prominences_wasserstein_normalized,spectral_centroid_diff_normalized,spectral_magnitude_diff_normalized,dynamic_cutoff_diff_normalized,relative_prominences_total_diff_normalized,prominence_max_diff_normalized,amplitude_max_diff_normalized,frequency_max_diff_normalized,spectral_bandwidth_diff_normalized,num_fft_peaks_diff_normalized,relative_num_peaks_diff_normalized,dominant_frequency_diff_normalized,max_autocorrelation_diff_normalized,relative_right_bases_global_alignment_score_normalized,relative_right_bases_array_alignment_score_normalized,relative_left_bases_global_alignment_score_normalized,relative_left_bases_array_alignment_score_normalized,upper_envelope_diff_normalized,lower_envelope_diff_normalized,relative_peaks_array_alignment_score_normalized,relative_peaks_global_alignment_score_normalized,reconstruction_weighted_score,reconstruction_normalized_weighted_score,reconstruction_normalized_weighted_rank,signal_weighted_score,signal_normalized_weighted_score,signal_normalized_weighted_rank,reconstruction_missing_metrics_count,reconstruction_dynamically_weighted_score,reconstruction_normalized_dynamically_weighted_score,reconstruction_normalized_dynamically_weighted_rank,signal_missing_metrics_count,signal_dynamically_weighted_score,signal_normalized_dynamically_weighted_score,signal_normalized_dynamically_weighted_rank,rank_variability,normalized_rank_stability,average_rank,harmonic_average_rank,stability_score_weighted,stability_rank,wavelet_family,family_mean_stability_rank,family_median_stability_rank,family_rank_std_dev,family_wavelet_count,normalized_family_mean_rank,normalized_family_std_dev,final_family_stability_score,final_family_stability_rank,family_informed_rank
smoothed,rbio5.5,26368.67012979767,0.5930232558139535,15.180842184938243,9.679931460793762,86,1,False,False,204.93754944510863,,6.29622030509294,139191.9301599515,1.0,7.328147269167814e-05,0.9618836643779154,737.9538358007278,,,,[],[],10,238.36024931028496,31.49342863432014,1089.8511691105111,"[8, 15, 23, 29, 36, 45, 50, 60, 68, 82]","[218.7826112502829, 48.57744670194734, 199.8225845634887, 65.75974761392263, 487.60973107029065, 97.4700247843839, 39.661858291078715, 104.57389108262328, 31.49342863432014, 1089.8511691105111]","[1, 14, 1, 26, 1, 41, 48, 41, 65, 1]","[16, 16, 26, 33, 41, 48, 52, 72, 72, 85]",44085824.5778373,1010.4190091884903,-1010.4190091884903,0.0,,,,SWT,inu.32000013032919,22295945.177837305,,0.0,7.5,1.0,0.0,12.0,,345.0190091884904,108.12388567392134,951.0024931028497,108.3230975558169,,0.0,108.12388567392134,,,20.49342863432014,0.0,3.0,424.45116911051116,345.0190091884904,,216.25383580072776,0.4864829283837122,0.9404324110800784,0.9031962401288072,0.05138773821072275,0.03014421441726948,0.14285714285714307,0.9706187987261998,0.7654257474464701,,0.26217075713414095,0.8936532434620224,0.8936532434620224,0.8432582274031621,,0.0,0.9593424117482285,0.9084544736757361,0.9999999999999998,,,,,0.25,,0.8849404600937794,0.3764705882352941,0.0,0.3676470588235293,0.0,0.8403667847378683,0.8403667847378683,0.0,0.5394736842105263,3.3626425296404117,1.0,1,1.762318997842343,0.6699448781467215,9,0,0.5477665398735653,0.9189582586531061,7,0,0.5363181526563003,0.7111744071419654,4,3.5,0.9669811320754716,5.25,2.6596306068601585,0.9587264150943395,1,rbio,36.333333333333336,37.0,23.627062772128387,15,0.4609905397885365,1.0,0.3773066221480244,3,1.5
smoothed,bior1.3,66910.06923390548,0.627906976744186,18.76558159679048,10.02150631913594,86,1,False,False,201.8613041232337,,6.312598926389197,137669.14575632103,1.0,6.5013507471639e-05,0.9993485535804335,739.2182678871817,,,,[],[],9,239.75437508881544,50.46974650718971,956.8392186321066,"[8, 12, 22, 29, 36, 44, 51, 60, 81]","[205.06096654409885, 107.3388093841179, 956.8392186321066, 69.80911697264185, 177.37773606064547, 151.6390492254552, 50.46974650718971, 101.29304640497287, 337.9616860681104]","[0, 11, 0, 27, 27, 41, 49, 41, 41]","[17, 17, 85, 31, 85, 49, 52, 72, 85]",43736344.66125,945.0835683948802,-945.0835683948802,0.0,,,,SWT,inu.32000013032919,21946465.261250004,,0.0,20.5,2.0,0.0,25.0,,279.68356839488024,109.51801145245182,725.1893757993389,109.51801145245182,,0.0,109.51801145245182,,,39.46974650718971,0.0,20.5,291.43921863210664,279.68356839488024,,217.51826788718165,0.18108725818301014,0.704862958318085,0.9819500599359321,0.2225623424030721,0.17087811904518024,0.35714285714285715,0.9994978457907876,0.4916940166972874,,0.6829133054062912,0.9053945280898839,0.9053945280898839,0.8583283556653476,,0.0,0.9649843121919248,0.6882742290525649,0.605867501257696,,,,,0.5,,0.5911942463703223,0.6823529411764706,0.0,0.8823529411764706,0.0,0.3830686289644232,0.3830686289644232,0.0,0.8815789473684211,3.1167831889064237,0.9268850796458941,6,1.7910092194883869,0.6808514546905788,6,0,0.5508207274318956,0.9240821037146373,6,0,0.5137094321895265,0.6811945466905509,11,2.5,0.9764150943396226,7.25,6.769230769230769,0.9540094339622641,2,bior,22.2,20.0,15.667071929915393,15,0.281669449081803,0.6630985866087857,0.6039018096601022,1,1.75
smoothed,bior1.5,66910.06923390548,0.627906976744186,18.76558159679048,10.007595528225853,86,1,False,False,202.12492750895228,,6.3120297452035,137841.64496628477,1.0,6.582479440980237e-05,0.9987617874584019,739.5674018603926,,,,[],[],10,223.05915431942222,42.39105153213336,959.7494049784275,"[8, 12, 16, 22, 29, 36, 44, 51, 60, 81]","[205.04439372891466, 109.13198798703331, 42.39105153213336, 959.7494049784275, 72.364645074024, 182.11756120328653, 151.13855020689664, 49.558241672066515, 101.10411631187458, 357.991590499565]","[0, 11, 15, 0, 27, 27, 41, 49, 41, 41]","[17, 17, 17, 85, 31, 85, 49, 52, 72, 85]",43766014.52536377,946.2569237099117,-946.2569237099117,0.0,,,,SWT,inu.32000013032919,21976135.125363775,,0.0,19.5,1.0,0.0,28.5,,280.8569237099117,92.8227906830586,797.9915431942222,92.82279068305854,,0.0,92.8227906830586,,,31.39105153213336,0.0,19.5,294.3494049784275,280.8569237099117,,217.86740186039253,0.2072585911354266,0.7279780071807593,0.9787427749325082,0.216613773081324,0.17087811904518024,0.35714285714285715,0.999045549072053,0.5227020222847291,,0.503792638620969,0.7647878898674318,0.7647878898674318,0.6477699890175042,,0.0,0.9665421492157323,0.7592603578369145,0.6144907791838955,,,,,0.25,,0.6161324755258522,0.6588235294117647,0.0,0.8529411764705881,0.0,0.39128121948364625,0.39128121948364625,0.0,0.9736842105263158,2.884980203580155,0.8579503108493259,13,1.8131187619174685,0.6892563886024675,4,0,0.5086430846950939,0.853322956702024,9,0,0.5225452117343548,0.6929110628075381,6,3.9157800414902435,0.9630586788538656,8.0,6.614840989399294,0.9437934903703291,3,bior,22.2,20.0,15.667071929915393,15,0.281669449081803,0.6630985866087857,0.6039018096601022,1,2.5
smoothed,rbio3.1,305756.28877574246,0.6627906976744186,51.736393955397126,8.440747590160463,86,1,False,False,210.11019805608714,,6.3869870462584295,140496.87939730936,1.0,4.244039672893826e-05,0.7177211004901453,741.7550134646883,,,,[],[],10,247.74900292433068,22.167797590198234,975.206317273427,"[7, 11, 21, 28, 35, 43, 49, 59, 66, 79]","[257.2808023347252, 134.66848647697793, 975.206317273427, 84.60532636897028, 185.50946404429078, 230.97643007458578, 71.09958684830724, 124.45079348883257, 22.167797590198234, 391.5250247429913]","[0, 9, 0, 26, 26, 38, 48, 48, 63, 38]","[16, 16, 83, 30, 83, 48, 51, 71, 71, 83]",44222714.8475,975.206317273427,-975.206317273427,0.0,,,,SWT,inu.32000013032919,22432835.447499998,,0.0,-6.0,1.0,0.0,-6.0,,309.806317273427,117.51263928796706,1044.8900292433068,117.51263928796698,,0.0,117.51263928796706,,,11.167797590198234,0.0,-6.0,309.806317273427,309.806317273427,,220.05501346468827,0.9999999999999998,0.06171374284899489,0.6174888443052309,1.0,1.0,0.5714285714285712,0.7824110574511658,1.0,,0.055403048243712755,0.9727250389778983,0.9727250389778983,0.9591557602414793,,0.0,0.9763032799345243,1.0,0.660291712436565,,,,,0.25,,0.9999999999999999,0.05882352941176469,0.0,0.1029411764705882,0.0,0.5939048511076319,0.5939048511076319,0.0,0.06578947368421051,3.073196467885971,0.9139230354689551,9,2.630543280989732,1.0,1,0,0.45899820892188337,0.7700364372258076,17,0,0.7541302770042453,1.0,1,7.659416862050705,0.9277413503580122,7.0,1.8433734939759034,0.9308518072544778,4,rbio,36.333333333333336,37.0,23.627062772128387,15,0.4609905397885365,1.0,0.3773066221480244,3,3.75
smoothed,bior3.9,17684.987042900964,0.6511627906976745,10.929116656231283,9.553035647449637,86,1,False,False,203.67523086298792,,6.2913033356196015,139173.79940475264,1.0,6.048706163275581e-05,0.9321369235982649,745.7893200542646,,,,[],[],9,248.10525361732113,27.250520321169574,991.5068700201226,"[8, 15, 21, 28, 36, 43, 60, 68, 81]","[222.57099169016647, 45.94230155954892, 227.4877294769783, 63.69618877570997, 991.5068700201226, 128.24926330775077, 106.53956810851753, 27.250520321169574, 419.7038492959259]","[1, 14, 1, 26, 1, 41, 41, 65, 41]","[16, 16, 26, 30, 85, 48, 71, 71, 85]",43995145.088780254,955.3292409561608,-955.3292409561608,0.0,,,,SWT,inu.32000013032919,22205265.688780256,,0.0,-6.5,2.0,0.0,7.0,,289.9292409561608,117.8688899809575,800.3472825558902,117.8688899809575,,0.0,117.8688899809575,,,16.250520321169574,0.0,7.0,326.10687002012264,289.9292409561608,,224.0893200542646,0.3611656701493803,0.5758962366586692,0.8739390223497087,0.0,0.0,0.5000000000000003,0.9476891292335197,0.7621666104415593,,0.16809707710202476,0.9757253714082208,0.9757253714082208,0.9636487564749143,,0.0,0.9943043702117976,0.7615573336508719,0.7085924670817573,,,,,0.5,,0.8087221845688339,0.04705882352941175,0.0,0.48529411764705876,0.0,0.45478050708173473,0.45478050708173473,0.0,0.40789473684210525,3.078273594993407,0.9154328977462216,8,1.6894242813222717,0.642233980155853,17,0,0.48367675689381573,0.811438300646689,14,0,0.5026070836041047,0.6664724901388296,12,3.774917217635375,0.9643875734185342,12.75,11.813857290589453,0.9220522772753048,5,bior,22.2,20.0,15.667071929915393,15,0.281669449081803,0.6630985866087857,0.6039018096601022,1,4.0
smoothed,sym16,29220.05084514639,0.6744186046511628,21.496692654156735,9.846818775010098,86,1,False,False,201.3293763468492,,6.305588719353904,136758.7628420629,1.0,6.598814162054218e-05,0.9579294087875434,739.7257499305088,,,,[],[],9,227.5405528486032,31.791011580920667,990.1572335620555,"[8, 15, 21, 29, 36, 45, 50, 60, 82]","[193.3738043784016, 41.12420215090651, 165.88943854312163, 31.791011580920667, 419.74196968292176, 80.50156271259516, 32.66712193498586, 92.61863109152023, 990.1572335620555]","[1, 14, 1, 26, 1, 41, 48, 41, 1]","[16, 16, 26, 32, 41, 48, 51, 72, 85]",43578789.05985961,973.0132460189942,-973.0132460189942,0.0,,,,SWT,inu.32000013032919,21788909.659859613,,0.0,-2.0,2.0,0.0,11.5,,307.61324601899423,97.30418921223958,615.264975637429,97.58260070534018,,0.0,97.30418921223958,,,20.791011580920667,0.0,2.5,324.7572335620555,307.61324601899423,,218.0257499305087,0.12827988335754914,0.7326320680071052,0.9416739358692886,0.14929796972678522,0.040042391355398166,0.6428571428571428,0.967570741312164,0.32804597159632304,,0.2687687603987283,0.8025300910893736,0.8025300910893736,0.7078002118991917,,0.0,0.9672486988648735,0.5810918757565264,0.7045933107074729,,,,,0.5,,0.4587650017622458,0.15294117647058822,0.0,0.3529411764705882,0.0,0.5785550282863563,0.5785550282863563,0.0,0.5263157894736842,2.7176115943919563,0.8081773695649319,19,1.6933376697783133,0.6437216532476902,16,0,0.44347979114196434,0.744002028144564,19,0,0.4913000130102195,0.651478965891531,21,2.0615528128088303,0.9805513885584073,18.75,18.571636363636365,0.9018322980527886,6,sym,29.105263157894736,31.0,17.30412518846335,19,0.36928213689482475,0.7323857965483599,0.5217867652091147,2,5.0
smoothed,sym5,30358.503264579118,0.6046511627906976,16.712527856320254,9.807298016674203,86,1,False,False,207.0508252781063,,6.3105826396291205,136758.76284262698,1.0,6.153467321423323e-05,0.9500736866419294,741.6926182783936,,,,[],[],9,230.52187807880193,45.99468958383795,918.9115358680034,"[8, 12, 22, 29, 35, 44, 51, 60, 80]","[185.9635708671591, 112.60832111576178, 918.9115358680034, 74.5103906112198, 127.96534018851196, 184.9676505370652, 45.99468958383795, 323.1054501009812, 100.66995383667665]","[0, 11, 0, 27, 27, 39, 49, 39, 72]","[17, 17, 84, 31, 84, 49, 52, 84, 84]",43571360.84847206,942.2197493402773,-942.2197493402773,0.0,,,,SWT,inu.32000013032919,21781481.44847206,,0.0,29.5,2.0,0.0,25.0,,276.8197493402773,100.28551444243831,642.0969027092174,100.28551444243828,,0.0,100.28551444243831,,,34.99468958383795,0.0,11.5,253.51153586800342,276.8197493402773,,219.9926182783936,0.6962793593601322,0.6057446068910001,0.9325619927487323,0.2014899284402908,0.04399437273148308,0.21428571428571397,0.961515317837049,0.3280459716977225,,0.5836924309348611,0.8276387209096222,0.8276387209096222,0.7418890753850069,,0.0,0.9760248723925046,0.6072544846294061,0.49348261910570895,,,,,0.5,,0.4525214127424863,0.8941176470588236,0.0,0.6176470588235293,0.0,0.3630240841319217,0.3630240841319217,0.0,0.8815789473684211,2.831601272591475,0.8420762087055016,15,1.6744253376386602,0.6365321375775517,22,0,0.5071963421402129,0.8508958350686733,10,0,0.4979896579990155,0.6603496414137635,17,4.96655480858378,0.9531457093529832,16.0,14.763157894736839,0.901101156563284,7,sym,29.105263157894736,31.0,17.30412518846335,19,0.36928213689482475,0.7323857965483599,0.5217867652091147,2,5.75
smoothed,sym14,29301.116512781606,0.6744186046511628,21.48425734710709,9.8489021180672,86,1,False,False,201.52566820171242,,6.306300747115457,136758.76284207465,1.0,6.63420214691888e-05,0.958349466356492,739.4374951648097,,,,[],[],9,227.7445214089916,31.203030953793927,988.7653661708825,"[8, 15, 21, 29, 36, 45, 50, 60, 82]","[195.3696449304599, 43.46941795806242, 167.09155790781097, 31.203030953793927, 417.39196518211094, 81.9185753798456, 31.379625410303788, 93.11150878765443, 988.7653661708825]","[1, 14, 1, 26, 1, 41, 48, 41, 1]","[16, 16, 26, 32, 41, 48, 52, 72, 85]",43579305.82726388,965.974612647366,-965.974612647366,0.0,,,,SWT,inu.32000013032919,21789426.42726388,,0.0,2.5,2.0,0.0,11.5,,300.57461264736605,97.50815777262798,617.1006926809246,97.77661214055418,,0.0,97.50815777262798,,,20.203030953793927,0.0,2.5,323.36536617088257,300.57461264736605,,217.73749516480962,0.14776684759431535,0.7427147522069774,0.94215427339914,0.15673944285527575,0.04032379969822017,0.6428571428571428,0.9678945341369053,0.3280459715984366,,0.2557320654482473,0.8042479080607947,0.8042479080607947,0.7102470636943206,,0.0,0.9659625050803925,0.5828818011272148,0.7004690183350368,,,,,0.5,,0.4591993571033512,0.2588235294117647,0.0,0.3529411764705882,0.0,0.5292899736557646,0.5292899736557646,0.0,0.5263157894736842,2.7047544423475225,0.8043538432962004,21,1.7064877246936139,0.6487206414834408,13,0,0.4433137816432064,0.743723522999044,20,0,0.49606209554330166,0.6577936341634366,18,3.559026084010437,0.9664242822263166,18.0,17.383921464579466,0.8983064807357999,8,sym,29.105263157894736,31.0,17.30412518846335,19,0.36928213689482475,0.7323857965483599,0.5217867652091147,2,6.5
smoothed,sym20,29049.78982809965,0.6744186046511628,22.21212292829974,9.842175627727928,86,1,False,False,201.17066431121805,,6.305032065654908,136758.76284194354,1.0,6.554016519181526e-05,0.9570390307839302,737.7028118293099,,,,[],[],9,227.60239163412643,33.953369689749366,987.1152126721801,"[8, 15, 21, 28, 36, 45, 50, 60, 82]","[192.92564377360645, 37.913757126525184, 166.5441648310092, 33.953369689749366, 423.20158430815445, 79.3933611293412, 34.515244737761805, 92.8591864388103, 987.1152126721801]","[1, 12, 1, 26, 1, 41, 48, 41, 1]","[16, 16, 26, 32, 41, 48, 51, 72, 85]",43578345.10605773,976.5860246181071,-976.5860246181071,0.0,,,,SWT,inu.32000013032919,21788465.706057735,,0.0,-2.0,2.0,0.0,7.0,,311.1860246181071,97.36602799776281,615.821524707138,97.63957978687777,,0.0,97.36602799776281,,,22.953369689749366,0.0,2.5,321.7152126721801,311.1860246181071,,216.00281182930985,0.11252367297152305,0.7198684001206345,0.9406034074756805,0.14348032641760175,0.03945135359487649,0.6428571428571428,0.9668844115559855,0.32804597157486814,,0.31671252204314454,0.8030508954479552,0.8030508954479552,0.708518826076708,,0.0,0.9582223418995639,0.5816345417972623,0.6955793890993723,,,,,0.5,,0.45839184799237204,0.15294117647058822,0.0,0.3529411764705882,0.0,0.6035617481387912,0.6035617481387912,0.0,0.40789473684210525,2.709905884017069,0.8058858056217043,20,1.680660516814493,0.6389024385039394,20,0,0.44144788032584414,0.7405932014101833,21,0,0.486714335821039,0.6453982165448837,22,0.9574271077563381,0.9909676687947515,20.75,20.71748878923767,0.8976064759068096,9,sym,29.105263157894736,31.0,17.30412518846335,19,0.36928213689482475,0.7323857965483599,0.5217867652091147,2,7.25
smoothed,bior3.7,17684.987042900964,0.6511627906976745,10.929116656231283,9.554756246514023,86,1,False,False,203.83245099401017,,6.291620924443114,139174.02675254157,1.0,5.873837689787321e-05,0.9324621215382582,746.4161522619036,,,,[],[],10,226.6889979017617,22.836217205939533,997.8952435844183,"[8, 15, 21, 28, 36, 43, 47, 60, 68, 81]","[226.55266232818383, 48.96403719432135, 228.76225017594766, 66.65049376870263, 997.8952435844183, 132.4831191080715, 22.836217205939533, 106.3938309149928, 27.133876186800308, 409.2182485502393]","[1, 14, 1, 26, 1, 41, 46, 41, 65, 41]","[16, 16, 26, 30, 85, 48, 48, 71, 71, 85]",43995184.192599945,953.3734804467875,-953.3734804467875,0.0,,,,SWT,inu.32000013032919,22205304.792599946,,0.0,-6.0,1.0,0.0,7.5,,287.97348044678756,96.45263426539807,834.289979017617,96.45263426539806,,0.0,96.45263426539807,,,11.836217205939533,0.0,7.5,332.4952435844183,287.97348044678756,,224.71615226190352,0.3767737710186959,0.5260730098928947,0.8743357252842708,0.003319152459620861,0.0,0.5000000000000003,0.9479398014446027,0.7622074778838552,,0.07022323487455351,0.7953583213960618,0.7953583213960618,0.6935491941230585,,0.0,0.9971012977402024,0.7946533348901093,0.727522086764343,,,,,0.25,,0.8087550522628875,0.05882352941176469,0.0,0.49999999999999994,0.0,0.4410916781214136,0.4410916781214136,0.0,0.4210526315789474,2.7868921578712222,0.8287803812941252,18,1.6811739574052336,0.6390976227438077,19,0,0.4330322422600453,0.7264747411913711,23,0,0.49883111724799256,0.6614654423232824,14,3.696845502136472,0.9651240990364484,18.5,17.9296646043634,0.8952978985748279,10,bior,22.2,20.0,15.667071929915393,15,0.281669449081803,0.6630985866087857,0.6039018096601022,1,7.75
smoothed,rbio4.4,35209.66417586284,0.6162790697674418,18.28186821447999,9.993796679752046,86,1,False,False,203.75761655355473,,6.304994026452058,137470.245561692,1.0,6.513358998342931e-05,0.9870405421271201,739.9480075808735,,,,[],[],9,223.45509297040067,46.17913557952511,984.7117654185664,"[9, 16, 22, 29, 36, 45, 51, 61, 80]","[196.3467539226067, 86.04217533891358, 984.7117654185664, 57.7597180338081, 129.898440804473, 111.85064849368052, 46.17913557952511, 106.72248298011448, 291.5847161619182]","[0, 15, 0, 27, 27, 40, 50, 40, 40]","[17, 17, 85, 31, 85, 50, 53, 73, 85]",43616261.85688967,922.0909232211854,-922.0909232211854,0.0,,,,SWT,inu.32000013032919,21826382.456889674,,0.0,7.0,2.0,0.0,20.5,,256.69092322118547,93.21872933403705,578.4958367336062,93.21872933403708,,0.0,93.21872933403705,,,35.17913557952511,0.0,2.5,319.31176541856644,256.69092322118547,,218.2480075808735,0.3693445474992087,0.7082843287321945,0.975561299482218,0.1430827749159316,0.06083451224591034,0.2857142857142856,0.9900104657504956,0.45594023934551486,,0.5877819639393098,0.7681224730649463,0.7681224730649463,0.6527635255986812,,0.0,0.9682404132872152,0.5452399372371817,0.6884576480208076,,,,,0.5,,0.4902617823289154,0.36470588235294116,0.0,0.3529411764705882,0.0,0.22213768388213104,0.22213768388213104,0.0,0.763157894736842,2.6923883795199988,0.8006763596747564,22,1.703250082463791,0.6474898530553543,14,0,0.4385594743259241,0.7357474790909954,22,0,0.4985965567107199,0.6611544078184691,16,4.123105625617661,0.9611027771168146,18.5,17.790613718411553,0.893287237615011,11,rbio,36.333333333333336,37.0,23.627062772128387,15,0.4609905397885365,1.0,0.3773066221480244,3,9.0
smoothed,sym17,27803.407778826167,0.6046511627906976,17.61631910210558,9.879614598040265,86,1,False,False,206.14378944301956,,6.311408741491944,136758.76284208448,1.0,6.392357474591696e-05,0.9640210819294921,736.6513674579028,,,,[],[],10,211.93573697751896,42.138992613173514,936.045268614823,"[8, 12, 16, 22, 29, 36, 44, 48, 60, 80]","[184.34637899894688, 117.8539299583781, 73.31698544661447, 936.045268614823, 74.36085885681223, 129.27093613767863, 168.0282729696562, 42.138992613173514, 299.9141943122296, 94.08155186687691]","[0, 11, 15, 0, 27, 27, 39, 47, 39, 72]","[17, 17, 17, 85, 31, 85, 49, 49, 85, 85]",43579337.78648955,940.7252670397165,-940.7252670397165,0.0,,,,SWT,inu.32000013032919,21789458.386489548,,0.0,10.5,1.0,0.0,28.5,,275.32526703971655,81.69937334115534,686.7573697751895,81.6993733411553,,0.0,81.69937334115534,,,31.138992613173514,0.0,6.0,270.64526861482307,275.32526703971655,,214.95136745790273,0.6062329593599086,0.6738087812729964,0.9492353715963783,0.2101236013748845,0.03512470931696303,0.21428571428571397,0.9722663835284661,0.32804597160020493,,0.4982039932057533,0.6711068095394846,0.6711068095394846,0.507482620590057,,0.0,0.9535307933940206,0.6508009033715646,0.5442521994028061,,,,,0.25,,0.4592262195955528,0.44705882352941173,0.0,0.4558823529411764,0.0,0.3525638501213885,0.3525638501213885,0.0,0.9736842105263158,2.534331627545283,0.7536726265745217,24,1.6820171282593763,0.6394181538144181,18,0,0.4326368575488001,0.7258114256740928,24,0,0.4986404365419395,0.6612125938276477,15,4.5,0.9575471698113207,20.25,19.45945945945946,0.883254716981132,12,sym,29.105263157894736,31.0,17.30412518846335,19,0.36928213689482475,0.7323857965483599,0.5217867652091147,2,9.5
smoothed,bior3.5,17684.987042900964,0.6511627906976745,10.929116656231283,9.556146032957095,86,1,False,False,204.01759439154606,,6.292055518100643,139175.73897961952,1.0,5.589703790262073e-05,0.9327438001916997,744.8173934971162,,,,[],[],10,230.17369814978716,26.898231470901692,1005.4981088668513,"[8, 15, 21, 28, 36, 43, 47, 60, 68, 82]","[231.93986306395243, 52.53858626933311, 229.82627670081172, 70.68968588608811, 1005.4981088668513, 137.53558350382036, 27.115887776985574, 105.90139388048726, 26.898231470901692, 413.79336407863974]","[1, 14, 1, 26, 1, 41, 46, 41, 65, 41]","[16, 16, 26, 30, 85, 48, 48, 71, 71, 85]",43995478.69565735,949.8974187786766,-949.8974187786766,0.0,,,,SWT,inu.32000013032919,22205599.29565735,,0.0,-6.0,1.0,0.0,7.5,,284.49741877867666,99.93733451342354,869.1369814978716,99.93733451342348,,0.0,99.93733451342354,,,15.898231470901692,0.0,7.5,340.09810886685136,284.49741877867666,,223.11739349711615,0.39515396702310435,0.44511806458172287,0.8746561557504922,0.007861134105474593,0.0,0.5000000000000003,0.9481569276996905,0.7625152633329086,,0.16028613561260707,0.8247063602064292,0.8247063602064292,0.7374978667771328,,0.0,0.9899676304748344,0.8286310843765312,0.7500504105772696,,,,,0.25,,0.8090025891138961,0.05882352941176469,0.0,0.49999999999999994,0.0,0.4167619028742655,0.4167619028742655,0.0,0.4210526315789474,2.859782514518717,0.8504568919564969,14,1.6650747463975206,0.632977513972339,27,0,0.4437915780046873,0.7445250960787699,18,0,0.4916826890616741,0.6519864061351116,20,5.439056290693573,0.948688148201004,19.75,18.689740420271942,0.8811836967420115,13,bior,22.2,20.0,15.667071929915393,15,0.281669449081803,0.6630985866087857,0.6039018096601022,1,10.0
smoothed,sym12,29257.06430810819,0.686046511627907,22.10947389868199,9.839240036744823,86,1,False,False,202.13473443353888,,6.3087319975250145,136758.7628420772,1.0,6.712804943153472e-05,0.9566217767330077,739.3760088622826,,,,[],[],9,226.10937572759704,29.498623150007234,953.5164975127341,"[8, 15, 21, 29, 36, 45, 50, 60, 82]","[204.20260392736157, 45.50468125639236, 176.09182365766958, 31.028575847835555, 412.8557578953706, 87.20605464844652, 29.498623150007234, 95.07976365255604, 953.5164975127341]","[0, 14, 0, 26, 0, 41, 48, 41, 0]","[16, 16, 26, 30, 41, 48, 52, 72, 85]",43580278.74390529,933.7324561910468,-933.7324561910468,0.0,,,,SWT,inu.32000013032919,21790399.343905292,,0.0,2.5,2.0,0.0,11.5,,268.33245619104684,95.87301209123342,602.3843815483735,96.10170373461614,,0.0,95.87301209123342,,,18.498623150007234,0.0,2.5,288.1164975127341,268.33245619104684,,217.67600886228252,0.20823217808749278,0.7651101266452577,0.9399265748644252,0.18214868329260275,0.04017087851374804,0.7142857142857144,0.9665627797660357,0.328045971598897,,0.21794196899937748,0.7904767611894493,0.7904767611894493,0.6891232952152846,,0.0,0.9656881529809597,0.5685325860603122,0.5960218266946817,,,,,0.5,,0.4600171167688413,0.2588235294117647,0.0,0.3529411764705882,0.0,0.3036195181336269,0.3036195181336269,0.0,0.5263157894736842,2.529422912966888,0.7522128476848162,25,1.7706762035019146,0.6731218666114114,8,0,0.4068665555956469,0.6825779857248389,27,0,0.5180603633817717,0.686964015607154,7,10.719919153924002,0.8988686872271321,16.75,11.597760220909718,0.8704249096513019,14,sym,29.105263157894736,31.0,17.30412518846335,19,0.36928213689482475,0.7323857965483599,0.5217867652091147,2,11.0
smoothed,bior3.3,17684.987042900964,0.6511627906976745,10.929116656231283,9.556109601159806,86,1,False,False,204.15878449919938,,6.292613988622057,139177.48595708408,1.0,5.091238333361157e-05,0.9327588081539743,742.7891571321737,,,,[],[],10,233.42434536270588,26.48114895543631,999.6722119024816,"[8, 15, 21, 28, 36, 43, 47, 60, 68, 82]","[239.43077552714726, 57.03258132007727, 229.80970388562798, 76.18633625546784, 999.6722119024816, 143.28635037268896, 31.99658184869122, 105.1467783624397, 26.48114895543631, 425.20098519700076]","[1, 14, 1, 26, 1, 41, 46, 41, 65, 41]","[16, 16, 26, 30, 84, 48, 48, 72, 72, 84]",43995779.17578125,943.306962607149,-943.306962607149,0.0,,,,SWT,inu.32000013032919,22205899.77578125,,0.0,12.0,1.0,0.0,7.5,,277.906962607149,103.18798172634226,901.643453627059,103.18798172634223,,0.0,103.18798172634226,,,15.48114895543631,0.0,7.5,334.2722119024817,277.906962607149,,221.08915713217368,0.4091706799444971,0.3030961380521987,0.8746477560011287,0.013697765206901913,0.0,0.5000000000000003,0.948168496281851,0.7628292954203225,,0.1510385902472571,0.8520832115202857,0.8520832115202857,0.7784946871938664,,0.0,0.9809176326379538,0.8603266876732203,0.7327874855564458,,,,,0.25,,0.809255149831996,0.48235294117647054,0.0,0.49999999999999994,0.0,0.3706337461443569,0.3706337461443569,0.0,0.4210526315789474,2.9124527068854955,0.8661202257490457,12,1.6297166982840066,0.6195361658032982,29,0,0.4673144289569689,0.7839881091986562,15,0,0.47645126636336255,0.6317890699947065,25,8.05708797684788,0.9239897360674728,20.25,17.81874039938556,0.8664760001092081,15,bior,22.2,20.0,15.667071929915393,15,0.281669449081803,0.6630985866087857,0.6039018096601022,1,11.5
smoothed,bior2.8,24840.705760911733,0.6162790697674418,13.104456422339702,10.021039407596666,86,1,False,False,203.09998937133764,,6.296238402171101,138134.8831735243,1.0,6.841248250361913e-05,0.9931362224070622,734.2888480125,,,,[],[],10,208.99702827682958,34.56967540783364,960.5420430229779,"[1, 9, 16, 22, 29, 36, 44, 48, 61, 81]","[47.4846976472797, 187.3825633220962, 74.80885910008624, 960.5420430229779, 68.44255025392295, 164.27513026933468, 122.96494565916112, 34.56967540783364, 102.65764510188887, 326.8421729837147]","[0, 0, 15, 0, 27, 27, 41, 47, 41, 41]","[2, 17, 17, 85, 31, 85, 49, 49, 73, 85]",43636712.41398042,930.6942388746694,-930.6942388746694,0.0,,,,SWT,inu.32000013032919,21846833.01398042,,0.0,10.5,1.0,0.0,15.0,,265.2942388746694,78.76066464046596,657.370282768296,78.76066464046593,,0.0,78.76066464046596,,,23.569675407833643,0.0,15.0,295.1420430229779,265.2942388746694,,212.58884801249997,0.3040583063053565,0.8017059743354463,0.9818424083733778,0.05157687257894121,0.02484009575048546,0.2857142857142856,0.9947091967875353,0.5754137533729189,,0.33037724035565796,0.6463570948261271,0.6463570948261271,0.47041993584824604,,0.0,0.9429892232693328,0.6221468726261166,0.6168394735077756,,,,,0.25,,0.5074509638206677,0.44705882352941173,0.0,0.7205882352941175,0.0,0.2823543187450246,0.2823543187450246,0.0,0.618421052631579,2.4261573202754723,0.7215031924713438,29,1.7013781077308767,0.6467782225923839,15,0,0.41020636933473364,0.6881810103612201,26,0,0.5024826116522934,0.6663074364927861,13,7.932002689527196,0.9251697859478566,20.75,18.47284605961617,0.8647075344833622,16,bior,22.2,20.0,15.667071929915393,15,0.281669449081803,0.6630985866087857,0.6039018096601022,1,12.25
smoothed,rbio1.1,66910.06923390548,0.627906976744186,18.76558159679048,10.079605884127831,86,1,False,False,200.0372152929286,-14393.963666225878,6.314781904141429,136758.76284207686,1.0,6.247630363055156e-05,1.0,737.7952154900436,,,,[],[],8,250.9875519821651,64.77098115668764,941.0177044030576,"[8, 12, 22, 29, 36, 44, 60, 80]","[194.03010075758857, 101.5405337783883, 941.0177044030576, 64.77098115668764, 162.06887424795673, 150.4723230364973, 100.40916292848976, 293.5907355486547]","[2, 11, 2, 27, 27, 41, 41, 41]","[17, 17, 84, 31, 84, 49, 72, 84]",43579758.800000004,941.0177044030576,-941.0177044030576,0.0,,,,SWT,inu.32000013032919,21789879.400000006,,0.0,29.0,3.0,0.0,24.5,,275.6177044030576,120.75118834580147,575.3004158573208,120.75118834580142,,0.0,120.75118834580147,,,53.77098115668764,0.0,24.5,275.6177044030576,275.6177044030576,,216.09521549004353,0.0,0.6325733798687251,0.9953455501498523,0.2453768605447481,0.17087811904518024,0.35714285714285715,0.9999999999999999,0.3280459715988342,0.0,1.0,1.0,1.0,1.0,,0.0,0.9586346473607094,0.5421242256318684,0.5589862028889869,,,,,0.75,,0.45958009150278906,0.8823529411764707,0.0,1.0,0.0,0.3546106881821824,0.3546106881821824,0.0,0.868421052631579,3.263426363609012,0.9704945841977413,5,1.6691823653421696,0.6345390237084965,25,0,0.5960733631975982,1.0,2,0,0.46617034229377463,0.6181562476786094,30,14.059397805975427,0.8673641716417413,15.5,5.172413793103448,0.8605688782737009,17,rbio,36.333333333333336,37.0,23.627062772128387,15,0.4609905397885365,1.0,0.3773066221480244,3,13.5
smoothed,sym9,29415.229575955276,0.5930232558139535,15.04748268981841,9.834030413887074,86,1,False,False,206.54338716850998,,6.308208987609832,136758.7628420767,1.0,6.17803533273411e-05,0.9555338507614491,736.8737153092377,,,,[],[],10,213.18208869354362,37.21936371973709,901.5195635726384,"[8, 12, 16, 22, 29, 35, 44, 48, 60, 80]","[178.72904487068365, 118.04189344103588, 50.53852028390202, 901.5195635726384, 79.1580430493915, 133.740711365572, 175.82159866120764, 37.21936371973709, 101.82234707254167, 355.22980089872647]","[0, 11, 15, 0, 27, 31, 39, 46, 39, 39]","[17, 17, 17, 84, 31, 84, 49, 49, 72, 84]",43578461.781282544,939.6981621228205,-939.6981621228205,0.0,,,,SWT,inu.32000013032919,21788582.381282546,,0.0,28.5,1.0,0.0,24.0,,274.2981621228205,82.94572505718,699.2208869354363,82.94572505717996,,0.0,82.94572505718,,,26.21936371973709,0.0,-1.5,236.1195635726384,274.2981621228205,,215.17371530923765,0.6459032074766764,0.6127444827079728,0.9387254393306408,0.17668265452249265,0.04071992754048437,0.14285714285714307,0.965724174180801,0.32804597159880805,,0.3891260777194686,0.6816035455367877,0.6816035455367877,0.5232014772149417,,0.0,0.9545229102934102,0.6629535200573338,0.4419478399059854,,,,,0.25,,0.45848991630444613,0.8705882352941176,0.0,0.23529411764705876,0.0,0.3453749006235787,0.3453749006235787,0.0,0.8552631578947368,2.4614083142054795,0.7319863150808044,26,1.6241817771399687,0.6174320676939695,31,0,0.4275191191473461,0.7172256731184004,25,0,0.48142537502687743,0.6383848914531346,23,3.4034296427770228,0.9678921731813488,26.25,25.940696584246393,0.8601253318736932,18,sym,29.105263157894736,31.0,17.30412518846335,19,0.36928213689482475,0.7323857965483599,0.5217867652091147,2,14.0
smoothed,db1,66910.06923390548,0.627906976744186,18.76558159679048,10.079605884127831,86,1,False,False,200.0372152929286,-14393.963666225878,6.314781904141429,136758.76284207686,1.0,6.247630363055156e-05,1.0,737.7952154900436,,,,[],[],8,250.9875519821651,64.77098115668764,941.0177044030576,"[8, 12, 22, 29, 36, 44, 60, 80]","[194.03010075758857, 101.5405337783883, 941.0177044030576, 64.77098115668764, 162.06887424795673, 150.4723230364973, 100.40916292848976, 293.5907355486547]","[2, 11, 2, 27, 27, 41, 41, 41]","[17, 17, 84, 31, 84, 49, 72, 84]",43579758.800000004,941.0177044030576,-941.0177044030576,0.0,,,,SWT,inu.32000013032919,21789879.400000006,,0.0,29.0,3.0,0.0,24.5,,275.6177044030576,120.75118834580147,575.3004158573208,120.75118834580142,,0.0,120.75118834580147,,,53.77098115668764,0.0,24.5,275.6177044030576,275.6177044030576,,216.09521549004353,0.0,0.6325733798687251,0.9953455501498523,0.2453768605447481,0.17087811904518024,0.35714285714285715,0.9999999999999999,0.3280459715988342,0.0,1.0,1.0,1.0,1.0,,0.0,0.9586346473607094,0.5421242256318684,0.5589862028889869,,,,,0.75,,0.45958009150278906,0.8823529411764707,0.0,1.0,0.0,0.3546106881821824,0.3546106881821824,0.0,0.868421052631579,3.263426363609012,0.9704945841977413,3,1.6691823653421696,0.6345390237084965,23,0,0.5960733631975982,1.0,4,0,0.46617034229377463,0.6181562476786094,32,14.341083176199302,0.8647067624886858,15.5,6.078458362009636,0.8592401736971731,19,db,78.8157894736842,80.5,20.353438202357445,38,1.0,0.861445978226601,0.04156620653201971,5,15.5
smoothed,bior2.6,24840.705760911733,0.6162790697674418,13.104456422339702,10.023946119152185,86,1,False,False,202.95999826350373,,6.296425877964827,138111.11504563846,1.0,6.630300101429147e-05,0.9935947143050271,737.6140193773647,,,,[],[],10,207.87248939735724,32.785724065038835,956.0445521440307,"[1, 9, 16, 22, 29, 36, 44, 48, 61, 81]","[44.78112769526133, 191.54169255770182, 72.85602904423126, 956.0445521440307, 69.9941800755305, 163.18753927288083, 127.96091574481625, 32.785724065038835, 102.67577161849658, 316.89736175558403]","[0, 0, 15, 0, 27, 27, 41, 47, 41, 41]","[2, 17, 17, 85, 31, 85, 49, 49, 73, 85]",43635821.440496996,931.8670244991788,-931.8670244991788,0.0,,,,SWT,inu.32000013032919,21845942.040496998,,0.0,10.5,1.0,0.0,15.0,,266.4670244991788,77.63612576099362,646.1248939735724,77.63612576099356,,0.0,77.63612576099362,,,21.785724065038835,0.0,15.0,290.64455214403074,266.4670244991788,,215.91401937736464,0.2901606246428882,0.7416029880712975,0.982512582516714,0.0535362007913914,0.02484009575048546,0.2857142857142856,0.9950626159322841,0.5711412570383474,,0.29082350611756735,0.6368862628091634,0.6368862628091634,0.4562373698933364,,0.0,0.9578261496648102,0.6111819982854602,0.6035127963797836,,,,,0.25,,0.5067020793358634,0.44705882352941173,0.0,0.7205882352941175,0.0,0.29056292186595445,0.29056292186595445,0.0,0.618421052631579,2.402535617476779,0.7144784485116522,31,1.6789920450691893,0.6382681696221607,21,0,0.4065139100267867,0.681986371352124,28,0,0.4930713313072117,0.6538277885697937,19,5.678908345800274,0.9464253929641484,24.75,23.777964676198486,0.8564674134632062,20,bior,22.2,20.0,15.667071929915393,15,0.281669449081803,0.6630985866087857,0.6039018096601022,1,15.25
smoothed,sym2,36117.36002896914,0.6162790697674418,16.100366252450826,9.794249075724402,86,1,False,False,202.14259790533396,,6.305282107676797,136758.7628420737,1.0,7.082379250070339e-05,0.9656885539423526,738.0914303601696,,,,[],[],10,221.91667575009305,27.63327607813312,1033.2262441461476,"[8, 15, 23, 29, 36, 44, 50, 60, 68, 82]","[188.86331362056023, 69.39916551200497, 169.14283187178967, 59.61597477110854, 455.48677715177126, 76.61935445945983, 39.04208342028312, 100.13773646967229, 27.63327607813312, 1033.2262441461476]","[1, 14, 1, 26, 1, 42, 48, 42, 65, 1]","[16, 16, 26, 33, 42, 52, 52, 72, 72, 85]",43839982.23457246,1033.2262441461476,-1033.2262441461476,0.0,,,,SWT,inu.32000013032919,22050102.834572464,,0.0,7.5,1.0,0.0,16.5,,367.8262441461476,91.68031211372943,786.5667575009306,92.3634681352197,,0.0,91.68031211372943,,,16.63327607813312,0.0,-6.0,367.8262441461476,367.8262441461476,,216.39143036016958,0.2090128278691877,0.8704086068859466,0.929553416680745,0.1460935405187271,0.06398545386226094,0.2857142857142856,0.9735517203802042,0.328045971598264,,0.17658353025007828,0.7551659703316886,0.7551659703316886,0.6419770614022687,,0.0,0.9599563591593087,0.7481205616250974,0.832212646404854,,,,,0.25,,0.6783041010945638,0.3764705882352941,0.0,0.1029411764705882,0.0,0.9999999999996276,0.9999999999996276,0.0,0.6578947368421053,2.98748471767549,0.8884336325797201,11,1.6215227687025828,0.6164212466758924,32,0,0.49637737234148827,0.8327454353583307,13,0,0.4757957279387027,0.6309198058308754,26,10.14889156509222,0.9042557399519602,20.5,16.83900643974241,0.8554297567684329,21,sym,29.105263157894736,31.0,17.30412518846335,19,0.36928213689482475,0.7323857965483599,0.5217867652091147,2,16.25
smoothed,bior1.1,66910.06923390548,0.627906976744186,18.76558159679048,10.079605884127831,86,1,False,False,200.0372152929286,-14393.963666225878,6.314781904141429,136758.76284207686,1.0,6.247630363055156e-05,1.0,737.7952154900436,,,,[],[],8,250.9875519821651,64.77098115668764,941.0177044030576,"[8, 12, 22, 29, 36, 44, 60, 80]","[194.03010075758857, 101.5405337783883, 941.0177044030576, 64.77098115668764, 162.06887424795673, 150.4723230364973, 100.40916292848976, 293.5907355486547]","[2, 11, 2, 27, 27, 41, 41, 41]","[17, 17, 84, 31, 84, 49, 72, 84]",43579758.800000004,941.0177044030576,-941.0177044030576,0.0,,,,SWT,inu.32000013032919,21789879.400000006,,0.0,29.0,3.0,0.0,24.5,,275.6177044030576,120.75118834580147,575.3004158573208,120.75118834580142,,0.0,120.75118834580147,,,53.77098115668764,0.0,24.5,275.6177044030576,275.6177044030576,,216.09521549004353,0.0,0.6325733798687251,0.9953455501498523,0.2453768605447481,0.17087811904518024,0.35714285714285715,0.9999999999999999,0.3280459715988342,0.0,1.0,1.0,1.0,1.0,,0.0,0.9586346473607094,0.5421242256318684,0.5589862028889869,,,,,0.75,,0.45958009150278906,0.8823529411764707,0.0,1.0,0.0,0.3546106881821824,0.3546106881821824,0.0,0.868421052631579,3.263426363609012,0.9704945841977413,2,1.6691823653421696,0.6345390237084965,26,0,0.5960733631975982,1.0,1,0,0.46617034229377463,0.6181562476786094,31,15.726834816113932,0.8516336338102459,15.0,2.546603475513428,0.8550620999239908,22,bior,22.2,20.0,15.667071929915393,15,0.281669449081803,0.6630985866087857,0.6039018096601022,1,16.75
smoothed,haar,66910.06923390548,0.627906976744186,18.76558159679048,10.079605884127831,86,1,False,False,200.0372152929286,-14393.963666225878,6.314781904141429,136758.76284207686,1.0,6.247630363055156e-05,1.0,737.7952154900436,,,,[],[],8,250.9875519821651,64.77098115668764,941.0177044030576,"[8, 12, 22, 29, 36, 44, 60, 80]","[194.03010075758857, 101.5405337783883, 941.0177044030576, 64.77098115668764, 162.06887424795673, 150.4723230364973, 100.40916292848976, 293.5907355486547]","[2, 11, 2, 27, 27, 41, 41, 41]","[17, 17, 84, 31, 84, 49, 72, 84]",43579758.800000004,941.0177044030576,-941.0177044030576,0.0,,,,SWT,inu.32000013032919,21789879.400000006,,0.0,29.0,3.0,0.0,24.5,,275.6177044030576,120.75118834580147,575.3004158573208,120.75118834580142,,0.0,120.75118834580147,,,53.77098115668764,0.0,24.5,275.6177044030576,275.6177044030576,,216.09521549004353,0.0,0.6325733798687251,0.9953455501498523,0.2453768605447481,0.17087811904518024,0.35714285714285715,0.9999999999999999,0.3280459715988342,0.0,1.0,1.0,1.0,1.0,,0.0,0.9586346473607094,0.5421242256318684,0.5589862028889869,,,,,0.75,,0.45958009150278906,0.8823529411764707,0.0,1.0,0.0,0.3546106881821824,0.3546106881821824,0.0,0.868421052631579,3.263426363609012,0.9704945841977413,4,1.6691823653421696,0.6345390237084965,24,0,0.5960733631975982,1.0,3,0,0.46617034229377463,0.6181562476786094,33,14.89966442575134,0.8594371280589497,16.0,6.104046242774568,0.8542468659162673,23,haar,23.0,23.0,,1,0.2918196994991653,,,7,19.0
smoothed,db2,36117.36002898977,0.6162790697674418,16.100366252472615,9.794249075724311,86,1,False,False,202.1425979053341,,6.305282107676799,136758.7628420768,1.0,7.082379250064803e-05,0.9656885539423533,738.091430360202,,,,[],[],10,221.91667575012556,27.63327607813642,1033.2262441462008,"[8, 15, 23, 29, 36, 44, 50, 60, 68, 82]","[188.86331362063186, 69.39916551202055, 169.1428318717965, 59.61597477112434, 455.4867771518009, 76.61935445952395, 39.04208342032871, 100.13773646969184, 27.63327607813642, 1033.2262441462008]","[1, 14, 1, 26, 1, 42, 48, 42, 65, 1]","[16, 16, 26, 33, 42, 52, 52, 72, 72, 85]",43839982.23457271,1033.2262441462008,-1033.2262441462008,0.0,,,,SWT,inu.32000013032919,22050102.83457271,,0.0,7.5,1.0,0.0,16.5,,367.8262441462008,91.68031211376194,786.5667575012558,92.36346813525009,,0.0,91.68031211376194,,,16.63327607813642,0.0,-6.0,367.8262441462008,367.8262441462008,,216.39143036020198,0.2090128278692018,0.8704086068843692,0.929553416680724,0.14609354051874568,0.06398545386233256,0.2857142857142856,0.9735517203802048,0.32804597159882376,,0.1765835302501514,0.7551659703319624,0.7551659703319624,0.6419770614026519,,0.0,0.9599563591594532,0.7481205616254145,0.8322126464050117,,,,,0.25,,0.6783041010947706,0.3764705882352941,0.0,0.1029411764705882,0.0,1.0,1.0,0.0,0.6578947368421053,2.9874847176763533,0.8884336325799768,10,1.6215227687023703,0.6164212466758117,33,0,0.4963773723416312,0.8327454353585705,12,0,0.47579572793858593,0.6309198058307205,27,11.269427669584644,0.8936846446265599,20.5,15.957018132975149,0.8501442091057327,24,db,78.8157894736842,80.5,20.353438202357445,38,1.0,0.861445978226601,0.04156620653201971,5,19.25
smoothed,dmey,28456.235488819475,0.6627906976744186,21.367818838587215,9.987991271097478,86,1,False,False,203.72477724344424,,6.305245131497478,136627.92904980443,1.0,6.598283702175476e-05,0.9879621884272384,737.080484327716,,,,[],[],10,209.9824866036307,40.61332573948846,958.3731376228181,"[1, 9, 16, 22, 29, 36, 45, 51, 61, 81]","[54.345580551139264, 176.70520420503624, 97.7382465183033, 958.3731376228181, 62.10628340156177, 136.71405268624392, 114.09541982007295, 40.61332573948846, 102.20223966558842, 356.93137582605414]","[0, 0, 15, 0, 27, 27, 40, 50, 40, 40]","[2, 17, 17, 85, 31, 85, 50, 53, 73, 85]",43650145.12365171,922.0051933380354,-922.0051933380354,0.0,,,,SWT,inu.32000013032919,21860265.723651715,,0.0,6.0,1.0,0.0,15.0,,256.6051933380354,79.74612296726707,667.224866036307,79.746122967267,,0.0,79.74612296726707,,,29.61332573948846,0.0,1.5,292.9731376228182,256.6051933380354,,215.38048432771598,0.36608440987338076,0.7324809302845559,0.9742227990161485,0.145707098781963,0.037390911142921875,0.5714285714285712,0.9907208980364192,0.3045276322240488,,0.4643769371588899,0.6546565946862217,0.6546565946862217,0.4828484325154566,,0.0,0.9554455143854711,0.6317556348650867,0.6104127118384216,,,,,0.25,,0.5187414770052903,0.3411764705882353,0.0,0.32352941176470584,0.0,0.22153764021543196,0.22153764021543196,0.0,0.618421052631579,2.413909091608955,0.7178607509811902,30,1.752323127095128,0.6661449517895114,11,0,0.3860608951420244,0.6476734559501618,31,0,0.5153204063485011,0.6833307480977854,10,11.561430130683084,0.8909299044275181,20.5,15.594512195121952,0.8487668390062119,25,dmey,25.0,25.0,,1,0.31719532554257096,,,6,20.25
smoothed,bior2.4,24840.705760911733,0.6162790697674418,13.104456422339702,10.027911646742018,86,1,False,False,202.72807520450357,,6.296722959237779,138060.1270055261,1.0,6.262043360130833e-05,0.9940989047049424,738.7553339163735,,,,[],[],10,205.51086323362875,30.547012947259077,947.8810595979493,"[1, 9, 16, 22, 29, 36, 44, 48, 61, 81]","[39.067649660556754, 197.1723065164864, 70.16708978061752, 947.8810595979493, 71.83100042509727, 160.53312670756713, 133.71168261368484, 30.547012947259077, 102.51280560251985, 301.6848984845494]","[0, 0, 15, 0, 27, 27, 41, 47, 41, 41]","[2, 17, 17, 85, 31, 85, 49, 49, 73, 85]",43632630.42923828,932.746764771866,-932.746764771866,0.0,,,,SWT,inu.32000013032919,21842751.029238284,,0.0,10.5,1.0,0.0,15.0,,267.346764771866,75.27449959726513,622.5086323362875,75.27449959726509,,0.0,75.27449959726513,,,19.547012947259077,0.0,15.0,282.4810595979493,267.346764771866,,217.05533391637346,0.2671363562158227,0.6366799063760554,0.9834268782783095,0.056641026795402366,0.02484009575048546,0.2857142857142856,0.9954512608368495,0.5619757806687499,,0.24118684705387652,0.6169967195556352,0.6169967195556352,0.42645278935163505,,0.0,0.9629186991761798,0.5881548405787925,0.5793232577399932,,,,,0.25,,0.5040199581875313,0.44705882352941173,0.0,0.7205882352941175,0.0,0.296720431471351,0.296720431471351,0.0,0.618421052631579,2.346835389493493,0.6979140270804981,35,1.6391980979054472,0.6231405161631499,28,0,0.3980866003109492,0.6678483302381415,29,0,0.4764831988294951,0.6318314134293971,24,4.546060565661952,0.9571126361730005,29.0,28.48289973691903,0.8417638652563115,26,bior,22.2,20.0,15.667071929915393,15,0.281669449081803,0.6630985866087857,0.6039018096601022,1,19.75
smoothed,coif2,31994.542847471264,0.627906976744186,17.16908085990729,9.56029988000839,86,1,False,False,200.98270904754798,,6.304249267358395,136758.7628420768,1.0,7.537216292191397e-05,0.9044406160395846,488.6236201385597,0.011627906976744186,6765.861656308257,6.0,"[0.0, 0.011627906976744186, 0.023255813953488372, 0.03488372093023256, 0.046511627906976744, 0.05813953488372093, 0.06976744186046512, 0.08139534883720931, 0.09302325581395349, 0.10465116279069767, 0.11627906976744186, 0.12790697674418605, 0.13953488372093023, 0.1511627906976744, 0.16279069767441862, 0.1744186046511628, 0.18604651162790697, 0.19767441860465115, 0.20930232558139533, 0.22093023255813954, 0.23255813953488372, 0.2441860465116279, 0.2558139534883721, 0.26744186046511625, 0.27906976744186046, 0.29069767441860467, 0.3023255813953488, 0.313953488372093, 0.32558139534883723, 0.3372093023255814, 0.3488372093023256, 0.36046511627906974, 0.37209302325581395, 0.38372093023255816, 0.3953488372093023, 0.4069767441860465, 0.41860465116279066, 0.43023255813953487, 0.4418604651162791, 0.45348837209302323, 0.46511627906976744, 0.47674418604651164, 0.4883720930232558]","[58735.40051519186, 3980.8245814397383, 6765.861656308257, 2835.1681654438707, 4161.473653290052, 3762.3519239885986, 4337.5553507855175, 3211.229590354718, 2002.1056631828383, 1574.757181227961, 1250.0989094626802, 1373.7684240699737, 1175.4475595628928, 1169.7856599114084, 788.8081401529355, 692.0771703432191, 744.9039948571534, 468.38986189914766, 373.80301102827457, 673.4961049795215, 530.2957898888536, 722.0304558325912, 645.302115475863, 447.8935929714157, 592.2892904082045, 96.72215029668595, 84.71819413964836, 530.9329999929043, 256.18100799683236, 454.3205048609289, 339.0497003956436, 239.93605090322347, 270.4613898022582, 298.3836800412955, 330.60294719769246, 285.29603655681836, 334.86838817604524, 357.97918343389773, 366.09866915552004, 177.33670983407947, 682.671157010985, 464.5446449658951, 630.2564492291164]",11,200.36286539827407,20.47017511504555,893.229208597727,"[9, 15, 19, 23, 29, 37, 45, 51, 62, 68, 82]","[188.0750379865816, 79.84014944312571, 25.846849061457874, 175.80057520119385, 33.56511575811692, 507.06945577223235, 81.00778675003824, 20.705719656362476, 178.38144603913292, 20.47017511504555, 893.229208597727]","[1, 14, 18, 1, 27, 1, 42, 49, 42, 67, 1]","[18, 18, 20, 27, 34, 42, 49, 53, 81, 81, 85]",43597919.82313978,1014.4957702960194,-1014.4957702960194,109215.47822604701,0.05727954078332208,0.10485133229862867,0.4883720930232558,SWT,inu.32000013032919,21808040.42313978,,0.0,-2.5,0.0,0.0,2.0,,349.0957702960194,70.12650176191045,771.3915193810149,70.5970536128968,,109215.47822604701,70.12650176191045,,,9.47017511504555,0.09090909090909091,2.0,227.82920859772707,349.0957702960194,,33.07637986144033,0.09386432766245531,1.0,0.8756138706238051,0.135299223372097,0.04967365967555159,0.35714285714285715,0.9263399944428403,0.32804597159882376,,0.017763395968442036,0.573640439383966,0.573640439383966,0.3674613330447118,,0.9996521552764042,0.14200395521048043,0.7333238674323196,0.41738239063642524,,,,,0.0,,0.47484486504613604,0.1411764705882353,0.0,0.33823529411764697,0.33333333333333337,0.8689009970024049,0.8689009970024049,0.0,0.27631578947368424,2.427418581162469,0.7218782727470137,28,1.5906255914706524,0.60467569682875,35,0,0.39592087349447547,0.6642150076470165,30,0,0.4707474880648038,0.6242256841017322,29,3.1091263510296048,0.9706686193299094,30.5,30.279676817899315,0.8414663851366528,27,coif,70.41176470588235,68.0,19.190032645651655,17,0.8933713051163704,0.8122055979082231,0.13097840704607377,4,21.25
smoothed,sym7,29380.20526722109,0.6744186046511628,20.9907711975191,9.753089081441635,86,1,False,False,203.88977594038073,,6.310440000014081,136758.76284259674,1.0,6.538765175292209e-05,0.9397075831807137,507.75334993960735,0.011627906976744186,6766.764499200065,5.0,"[0.0, 0.011627906976744186, 0.023255813953488372, 0.03488372093023256, 0.046511627906976744, 0.05813953488372093, 0.06976744186046512, 0.08139534883720931, 0.09302325581395349, 0.10465116279069767, 0.11627906976744186, 0.12790697674418605, 0.13953488372093023, 0.1511627906976744, 0.16279069767441862, 0.1744186046511628, 0.18604651162790697, 0.19767441860465115, 0.20930232558139533, 0.22093023255813954, 0.23255813953488372, 0.2441860465116279, 0.2558139534883721, 0.26744186046511625, 0.27906976744186046, 0.29069767441860467, 0.3023255813953488, 0.313953488372093, 0.32558139534883723, 0.3372093023255814, 0.3488372093023256, 0.36046511627906974, 0.37209302325581395, 0.38372093023255816, 0.3953488372093023, 0.4069767441860465, 0.41860465116279066, 0.43023255813953487, 0.4418604651162791, 0.45348837209302323, 0.46511627906976744, 0.47674418604651164, 0.4883720930232558]","[58735.40051506088, 3980.8608980200747, 6766.764499200065, 2836.796175897364, 4167.270138177926, 3770.5419443581104, 4344.970275111396, 3204.108886646059, 1976.7664239416736, 1523.0222502165057, 1168.6389427813256, 1222.6508553963158, 981.0248765509192, 903.8867485157615, 559.9799797787227, 452.07378040375517, 455.2668642826931, 278.13269536470915, 228.34141277137218, 450.45257474505155, 408.1614057372516, 659.1191425071498, 708.0134003510502, 590.6044410426211, 924.4709459934828, 172.00397451752534, 160.55633249969844, 988.3565369400229, 438.95067233245106, 694.7648621433581, 461.8398913362156, 295.4083922972417, 307.54604591574935, 320.5013550789389, 342.17167900257147, 288.98645162724563, 335.6113159994831, 357.3715021813659, 365.30726683450604, 177.09074633309774, 682.2798308465696, 464.4826805208156, 630.2506996332622]",9,226.8982368987304,29.389691477733663,882.0969647178808,"[10, 16, 23, 30, 38, 45, 52, 61, 81]","[208.76125292643167, 80.81729099110828, 882.0969647178808, 74.02168891323379, 121.29223638806434, 129.29893400440324, 29.389691477733663, 110.40112528328712, 406.00494738643084]","[0, 15, 0, 28, 28, 41, 50, 41, 41]","[15, 17, 85, 32, 41, 50, 54, 73, 85]",43569141.00498579,911.6632784901176,-911.6632784901176,108780.80030889236,0.05906436174907724,0.10868013667515518,0.4883720930232558,SWT,inu.32000013032919,21779261.60498579,,0.0,-2.0,2.0,0.0,-2.0,,246.2632784901176,96.66187326236678,609.4841320885737,96.6618732623668,,108780.80030889236,96.66187326236678,,,18.389691477733663,0.0,7.0,216.69696471788086,246.2632784901176,,13.946650060392699,0.38246473145399223,0.7155230132711787,0.9200635297823361,0.19999918760167637,0.040598345458119675,0.6428571428571428,0.9535248180356319,0.3280459716922868,,0.21552673809489023,0.7971205258230163,0.7971205258230163,0.6961880943238596,,0.9956735368260472,0.05664703315149805,0.5754552344404046,0.38439603804786693,,,,,0.5,,0.45065558129351907,0.15294117647058822,0.0,0.48529411764705876,0.0,0.14915213964066049,0.14915213964066049,0.0,0.1710526315789474,2.4404627423655256,0.7257574127650434,27,1.7715043808508757,0.6734366979068879,7,0,0.3653541951556685,0.6129349467920339,36,0,0.5228845925190456,0.6933610921924331,5,15.195942440884233,0.8566420524444884,18.75,9.81181051265412,0.8398776299958292,28,sym,29.105263157894736,31.0,17.30412518846335,19,0.36928213689482475,0.7323857965483599,0.5217867652091147,2,21.5
smoothed,bior6.8,27922.41811761282,0.7325581395348837,21.42137908605302,10.021377987562087,86,1,False,False,203.0544659880076,,6.302633982656893,136941.62565886826,1.0,6.399163097145597e-05,0.9910751702981742,739.6388329191203,,,,[],[],10,206.522446570183,45.50683204912548,954.0138340149336,"[1, 9, 16, 22, 29, 36, 44, 48, 61, 81]","[46.520481122151764, 189.20692118820398, 84.07229929207256, 954.0138340149336, 69.61258175762953, 144.26208666939692, 115.0852036788375, 45.50683204912548, 103.39966661268, 313.54455931679854]","[0, 0, 15, 0, 27, 27, 40, 47, 40, 40]","[2, 17, 17, 85, 31, 85, 50, 50, 73, 85]",43602150.409593984,926.6795699753662,-926.6795699753662,0.0,,,,SWT,inu.32000013032919,21812271.009593986,,0.0,6.0,1.0,0.0,15.0,,261.27956997536626,76.28608293381939,632.6244657018301,76.28608293381932,,0.0,76.28608293381939,,,34.50683204912548,0.0,1.5,288.6138340149337,261.27956997536626,,217.93883291912027,0.2995389514726897,0.6757478276260718,0.9819204716878631,0.11841772190525231,0.03553783737960157,1.0,0.9931204767319814,0.3609169119700669,,0.5728756632287215,0.6255162434480954,0.6255162434480954,0.4392107718913756,,0.0,0.9668608748525199,0.5980183360727178,0.5974955023879007,,,,,0.25,,0.4784007739661329,0.3411764705882353,0.0,0.32352941176470584,0.0,0.25425470448678733,0.25425470448678733,0.0,0.618421052631579,2.3911801008008466,0.7111014863231836,32,1.9003310518655925,0.7224101065353314,2,0,0.3858628196252028,0.6473411553827298,32,0,0.5581500248466909,0.7401241428257214,2,17.320508075688775,0.8365989804180305,17.0,3.764705882352941,0.8381108109637323,29,bior,22.2,20.0,15.667071929915393,15,0.281669449081803,0.6630985866087857,0.6039018096601022,1,22.0
smoothed,rbio1.3,34480.79220535485,0.6395348837209303,17.402718128867075,10.055338178362486,86,1,False,False,203.09627433874786,,6.306316228632135,136262.90909934428,1.0,5.894306900243505e-05,0.9905880516508649,738.0868970372833,,,,[],[],9,227.1659101981916,50.32832515095242,929.5448968783057,"[8, 12, 22, 29, 36, 44, 51, 60, 80]","[191.9087804140289, 109.03586565896569, 929.5448968783057, 68.960588835218, 139.44145724998714, 167.7964391755678, 50.32832515095242, 103.20223471417671, 284.2746037065218]","[0, 11, 0, 27, 27, 39, 49, 39, 39]","[17, 17, 84, 31, 84, 49, 52, 72, 84]",43494471.95625,941.3005471155321,-941.3005471155321,0.0,,,,SWT,inu.32000013032919,21704592.55625,,0.0,34.0,2.0,0.0,29.5,,275.90054711553216,96.92954656182798,611.8931917837244,96.92954656182798,,0.0,96.92954656182798,,,39.32832515095242,0.0,7.0,264.14489687830576,275.90054711553216,,216.38689703728323,0.3036894947351264,0.5319050623717155,0.9897503651404751,0.1569012417296614,0.05830433320300119,0.4285714285714287,0.9927449912403351,0.23891260322898983,,0.6797777138651919,0.7993748621566902,0.7993748621566902,0.6995639617956518,,0.0,0.9599361314565495,0.5778042005205157,0.5249907139043029,,,,,0.5,,0.3878944631078006,1.0,0.0,0.48529411764705876,0.0,0.35659037101920754,0.35659037101920754,0.0,1.0,2.8099057346592407,0.8356242776004268,17,1.6162229828989703,0.614406535174313,34,0,0.5070662093693814,0.8506775183666261,11,0,0.4625974400275917,0.6134184691075433,34,11.803954139750516,0.8886419420778253,24.0,19.17948717948718,0.8311134238691014,30,rbio,36.333333333333336,37.0,23.627062772128387,15,0.4609905397885365,1.0,0.3773066221480244,3,23.25
smoothed,sym19,28928.06582733634,0.686046511627907,19.450924832060625,9.746938300803501,86,1,False,False,202.83900364460882,,6.304819347956062,136758.76284211205,1.0,6.684488949622971e-05,0.9394362295526587,515.3745582569617,0.011627906976744186,6766.765044089708,5.0,"[0.0, 0.011627906976744186, 0.023255813953488372, 0.03488372093023256, 0.046511627906976744, 0.05813953488372093, 0.06976744186046512, 0.08139534883720931, 0.09302325581395349, 0.10465116279069767, 0.11627906976744186, 0.12790697674418605, 0.13953488372093023, 0.1511627906976744, 0.16279069767441862, 0.1744186046511628, 0.18604651162790697, 0.19767441860465115, 0.20930232558139533, 0.22093023255813954, 0.23255813953488372, 0.2441860465116279, 0.2558139534883721, 0.26744186046511625, 0.27906976744186046, 0.29069767441860467, 0.3023255813953488, 0.313953488372093, 0.32558139534883723, 0.3372093023255814, 0.3488372093023256, 0.36046511627906974, 0.37209302325581395, 0.38372093023255816, 0.3953488372093023, 0.4069767441860465, 0.41860465116279066, 0.43023255813953487, 0.4418604651162791, 0.45348837209302323, 0.46511627906976744, 0.47674418604651164, 0.4883720930232558]","[58735.40051519187, 3980.860899290336, 6766.765044089708, 2836.8019538042236, 4167.353178227027, 3770.9763354522174, 4347.033087203957, 3209.042105108969, 1985.0022388800987, 1537.8967030002075, 1192.4076150236883, 1269.4402276473081, 1045.4684165446888, 997.0306860662107, 641.9728379274192, 535.14268112012, 543.1451338314288, 320.3110571538482, 243.10423794696052, 442.758802209285, 390.97177396996443, 647.5621387027999, 718.3543093068922, 605.4550142765512, 931.9111131729837, 167.26584550643227, 149.90861243117308, 895.2313540512181, 393.36445485605606, 628.0733772194404, 426.28294759621207, 279.31358780787696, 297.00914061258686, 314.36024562062244, 338.9252576108747, 287.7973200890972, 335.0969669851682, 357.20207829668493, 365.26519558963093, 177.08721770563957, 682.2784412074548, 464.4826431189049, 630.2506994322508]",10,210.21170861887117,23.69743759542257,926.9293821065199,"[10, 14, 23, 30, 36, 45, 49, 61, 69, 81]","[181.895277782255, 96.08845194225967, 405.64797222413625, 76.18531037335231, 129.2541679748282, 115.13685503688089, 41.87580975519904, 105.40642139785768, 23.69743759542257, 926.9293821065199]","[0, 11, 0, 28, 32, 41, 47, 41, 64, 0]","[15, 15, 41, 32, 41, 47, 50, 73, 73, 85]",43582216.34587246,959.7905905131672,-959.7905905131672,109051.36349088607,0.058851630649076656,0.10788069662873731,0.4883720930232558,SWT,inu.32000013032919,21792336.945872463,,0.0,-6.0,1.0,0.0,-1.5,,294.39059051316724,79.97534498250755,669.5170861887118,79.9753449825075,,109051.36349088607,79.97534498250755,,,12.69743759542257,0.0,7.5,261.52938210651996,294.39059051316724,,6.325441743038368,0.27814882816315595,0.7570423821363363,0.9186454000277056,0.14125719253801697,0.0390288054270059,0.7142857142857144,0.9533156506161479,0.32804597160515925,,0.08931819648526099,0.6565870954813131,0.6565870954813131,0.48573935643886157,,0.9981500087731705,0.02264117467334767,0.6339906759464614,0.5172405879284515,,,,,0.25,,0.4616457174824889,0.05882352941176469,0.0,0.49999999999999994,0.0,0.48600654458754194,0.48600654458754194,0.0,0.1842105263157895,2.370245682484653,0.7048759008999146,33,1.750146536691791,0.6653175217985028,12,0,0.3603859474218504,0.6045999866334952,38,0,0.5162212430999052,0.6845252854063559,9,14.628738838327793,0.8619930298270964,23.0,15.932239280042353,0.8225059488758123,31,sym,29.105263157894736,31.0,17.30412518846335,19,0.36928213689482475,0.7323857965483599,0.5217867652091147,2,23.75
smoothed,rbio6.8,33287.269815867076,0.6162790697674418,19.466467325515804,10.02031373283927,86,1,False,False,203.4477203883534,,6.306818005091094,136603.36094923635,1.0,6.34302323570986e-05,0.9872733785628881,739.0572943509779,,,,[],[],10,204.87835947379412,30.76541554212815,969.5010143494295,"[1, 9, 16, 22, 29, 36, 44, 48, 61, 81]","[30.76541554212815, 185.66625308137372, 88.91527023673473, 969.5010143494295, 67.14208821215948, 131.8111299630076, 111.5361861418944, 50.19344117318224, 103.936504754059, 309.3162912839721]","[0, 0, 15, 0, 27, 27, 40, 47, 40, 40]","[2, 17, 17, 85, 31, 85, 50, 50, 73, 85]",43543171.81862719,923.0969085622295,-923.0969085622295,0.0,,,,SWT,inu.32000013032919,21753292.418627195,,0.0,6.0,1.0,0.0,15.0,,257.6969085622295,74.6419958374305,616.1835947379413,74.64199583743041,,0.0,74.6419958374305,,,19.76541554212815,0.0,1.5,304.10101434942953,257.6969085622295,,217.3572943509779,0.33857946306614806,0.6597525542007585,0.9816750961204799,0.1621453575316954,0.05416118398158153,0.2857142857142856,0.990189942976507,0.300111334898119,,0.24602926511042902,0.6116697922533949,0.6116697922533949,0.4184757185234636,,0.0,0.9642660477038112,0.5819875800481176,0.6433861239580172,,,,,0.25,,0.4288278601448845,0.3411764705882353,0.0,0.32352941176470584,0.0,0.22917881248869815,0.22917881248869815,0.0,0.618421052631579,2.257413500126709,0.6713212838499691,38,1.627064159044563,0.6185278040482901,30,0,0.36098870777541264,0.6056112050350838,37,0,0.47154115231119687,0.6252781073641237,28,4.9916597106239795,0.9529088706544908,33.25,32.682292387303875,0.819614812685736,32,rbio,36.333333333333336,37.0,23.627062772128387,15,0.4609905397885365,1.0,0.3773066221480244,3,24.75
smoothed,rbio1.5,31996.848488181804,0.627906976744186,17.97276198323891,10.036461843982314,86,1,False,False,203.5774255591149,,6.30677124089154,136256.29130460124,1.0,5.721267494410139e-05,0.9871355814631818,739.3596892434189,,,,[],[],9,229.10087844212603,51.96240472810075,918.2820116792188,"[8, 12, 22, 29, 36, 44, 51, 60, 80]","[187.58327565098932, 113.79226361679082, 918.2820116792188, 73.27946447218392, 134.3900631818858, 171.33970706191963, 51.96240472810075, 102.74813957813342, 308.53057600991167]","[0, 11, 0, 27, 27, 39, 49, 39, 39]","[17, 17, 84, 31, 84, 49, 52, 72, 84]",43493333.69555419,941.0884150811762,-941.0884150811762,0.0,,,,SWT,inu.32000013032919,21703454.29555419,,0.0,34.0,2.0,0.0,29.5,,275.68841508117623,98.86451480576241,629.3079059791344,98.8645148057624,,0.0,98.86451480576241,,,40.96240472810075,0.0,7.0,252.88201167921886,275.68841508117623,,217.65968924341882,0.35145600359155105,0.48260297043786293,0.985398219775883,0.16165662021955093,0.04968166339093966,0.35714285714285715,0.990083724887718,0.23772300580177919,,0.7160084942502436,0.8156711054711601,0.8156711054711601,0.7239675775720418,,0.0,0.9656153347838462,0.5947845074104572,0.4916172533197628,,,,,0.5,,0.3869377278170041,1.0,0.0,0.48529411764705876,0.0,0.35510560889143866,0.35510560889143866,0.0,1.0,2.8314445518161984,0.8420296022720507,16,1.581105601012541,0.601056676177423,37,0,0.5114321356403116,0.8580019964266915,8,0,0.4519681331560178,0.5993236804540517,38,15.0858653491715,0.8576805155738538,24.75,16.608342561830934,0.812094974768059,33,rbio,36.333333333333336,37.0,23.627062772128387,15,0.4609905397885365,1.0,0.3773066221480244,3,25.5
smoothed,sym13,29362.076569830268,0.6046511627906976,14.641534483941651,10.0029599442476,86,1,False,False,203.33438790239143,,6.300605981137665,136758.76284207593,1.0,6.2738930990379e-05,0.9864300916780566,735.6583635559386,,,,[],[],10,215.38970075929456,43.89350990789421,911.3584711905999,"[8, 12, 16, 22, 29, 36, 44, 48, 60, 80]","[116.21762071933381, 187.81869674586017, 50.77417514554702, 911.3584711905999, 72.87132218590318, 158.3058464071156, 153.62700005068098, 43.89350990789421, 95.2375011484354, 363.7928640915752]","[2, 2, 15, 2, 27, 31, 39, 46, 39, 39]","[11, 17, 17, 84, 31, 84, 49, 49, 72, 84]",43579971.02080413,937.7134885173764,-937.7134885173764,0.0,,,,SWT,inu.32000013032919,21790091.62080413,,0.0,28.5,1.0,0.0,28.5,,272.3134885173764,85.15333712293094,721.2970075929456,85.15333712293089,,0.0,85.15333712293094,,,32.89350990789421,0.0,6.0,245.95847119059988,272.3134885173764,,213.9583635559386,0.3273283283599049,0.6400561137443985,0.977673990341347,0.09722287582656566,0.0405354141724214,0.21428571428571397,0.9895399124504762,0.32804597159866683,,0.5371051163063392,0.7001959867720433,0.7001959867720433,0.5510436481677659,,0.0,0.9491000064699117,0.6844789553586315,0.4711018612583108,,,,,0.25,,0.4597584681554272,0.8705882352941176,0.0,0.4558823529411764,0.0,0.3314837020863436,0.3314837020863436,0.0,0.9736842105263158,2.588759248789928,0.7698585936420544,23,1.5584475111695355,0.592443212180556,38,0,0.4592279017885982,0.7704217805088603,16,0,0.45183604009743683,0.5991485209854441,39,11.343133018115703,0.8929893111498519,29.0,25.326862795179604,0.8097022027447373,34,sym,29.105263157894736,31.0,17.30412518846335,19,0.36928213689482475,0.7323857965483599,0.5217867652091147,2,26.0
smoothed,sym15,28701.38209538638,0.6627906976744186,19.955766015136103,9.804754629591608,86,1,False,False,203.6856458834916,,6.309157636511195,136758.76284207363,1.0,6.690625096781997e-05,0.9502859560805912,504.6959667273942,0.011627906976744186,6766.765044087443,5.0,"[0.0, 0.011627906976744186, 0.023255813953488372, 0.03488372093023256, 0.046511627906976744, 0.05813953488372093, 0.06976744186046512, 0.08139534883720931, 0.09302325581395349, 0.10465116279069767, 0.11627906976744186, 0.12790697674418605, 0.13953488372093023, 0.1511627906976744, 0.16279069767441862, 0.1744186046511628, 0.18604651162790697, 0.19767441860465115, 0.20930232558139533, 0.22093023255813954, 0.23255813953488372, 0.2441860465116279, 0.2558139534883721, 0.26744186046511625, 0.27906976744186046, 0.29069767441860467, 0.3023255813953488, 0.313953488372093, 0.32558139534883723, 0.3372093023255814, 0.3488372093023256, 0.36046511627906974, 0.37209302325581395, 0.38372093023255816, 0.3953488372093023, 0.4069767441860465, 0.41860465116279066, 0.43023255813953487, 0.4418604651162791, 0.45348837209302323, 0.46511627906976744, 0.47674418604651164, 0.4883720930232558]","[58735.4005151919, 3980.8608992899976, 6766.765044087443, 2836.801953777565, 4167.353174992071, 3770.9762460772026, 4347.031500232416, 3209.0309648353214, 1984.95658052492, 1537.7202907584865, 1191.8675537035851, 1267.5830264008277, 1041.3442018814421, 988.0778853089427, 630.8400903869262, 519.9574010234918, 522.0973965433517, 306.90466597329686, 235.75009018196644, 439.6404406970152, 393.7570639887297, 650.1181127641297, 716.0958411863594, 603.1165652436983, 934.8735822416926, 169.6797880887801, 153.53774675716704, 919.9259197271764, 402.67663719532476, 638.0915917448746, 429.9847500507512, 280.40270776807233, 297.44215769753305, 314.50249815237464, 338.96412837802, 287.8039396882477, 335.098130276689, 357.2022086991901, 365.2652042456652, 177.08721784273806, 682.2784412129664, 464.4826431187637, 630.2506994321983]",10,210.3218315165781,22.16849460529113,932.0696496180624,"[10, 14, 23, 30, 36, 45, 52, 61, 69, 81]","[186.8087112730217, 90.48406645802447, 413.5189129914333, 76.86248903434921, 123.30179601295413, 124.61713904778867, 25.125460024379663, 108.26159610047637, 22.16849460529113, 932.0696496180624]","[0, 11, 0, 28, 28, 41, 50, 41, 64, 0]","[15, 15, 41, 32, 41, 50, 53, 73, 73, 85]",43581646.07155868,930.0114290830239,-930.0114290830239,109023.59749736932,0.05889659163386292,0.10800936373270734,0.4883720930232558,SWT,inu.32000013032919,21791766.67155868,,0.0,-6.0,1.0,0.0,-1.5,,264.61142908302395,80.08546788021448,670.618315165781,80.14636024296428,,109023.59749736932,80.08546788021448,,,11.16849460529113,0.0,7.5,266.6696496180624,264.61142908302395,,17.004033272605852,0.3621996261034959,0.7587906827034643,0.931975587036747,0.18659707877537146,0.03824190395300837,0.5714285714285712,0.9616789414120809,0.3280459715982535,,0.05541850244870311,0.6575145471545651,0.6575145471545651,0.4878961828990213,,0.9978958659015442,0.07028908786232974,0.6350644349399717,0.5324718996357183,,,,,0.25,,0.4611663883064552,0.05882352941176469,0.0,0.49999999999999994,0.0,0.27757517201132625,0.27757517201132625,0.0,0.1842105263157895,2.3094910858190847,0.6868083852094897,36,1.752363330003888,0.6661602349095614,10,0,0.3390786586696155,0.5688539022288285,45,0,0.5173697953763741,0.6860483011391699,8,18.57193222760267,0.8247930921924276,24.75,14.545454545454545,0.7956512630773458,35,sym,29.105263157894736,31.0,17.30412518846335,19,0.36928213689482475,0.7323857965483599,0.5217867652091147,2,26.75
smoothed,bior2.2,24840.705760911733,0.6162790697674418,13.104456422339702,10.034652832604253,86,1,False,False,202.1001582161809,,6.297227898628186,137902.83355428607,1.0,5.4506282092748354e-05,0.9944342326322186,739.2624620610057,,,,[],[],10,201.39461788364653,23.511300474452707,936.2447336300481,"[1, 9, 16, 22, 29, 36, 44, 48, 60, 81]","[23.511300474452707, 205.27309857845478, 67.4226315861373, 936.2447336300481, 73.99872465117221, 153.40681617842154, 140.46676208270776, 28.425692603699304, 102.91939200170202, 282.27702704966964]","[0, 2, 15, 2, 27, 27, 42, 47, 42, 42]","[2, 17, 17, 85, 31, 85, 49, 49, 73, 85]",43618656.857499994,932.5677783678781,-932.5677783678781,0.0,,,,SWT,inu.32000013032919,21828777.457499996,,0.0,10.5,1.0,0.0,19.5,,267.1677783678781,71.15825424728291,581.3461788364655,71.15825424728288,,0.0,71.15825424728291,,,12.511300474452707,0.0,10.5,270.84473363004815,267.1677783678781,,217.5624620610057,0.2047996081952405,0.405492887607932,0.984981132415331,0.06191819870937097,0.02484009575048546,0.2857142857142856,0.9957097415423851,0.5337011223909309,,0.08519116788416078,0.5823298272303272,0.5823298272303272,0.37453913636161645,,0.0,0.9651815067519001,0.5480191780047751,0.5448432413699345,,,,,0.25,,0.4922748375225223,0.44705882352941173,0.0,0.588235294117647,0.0,0.2954676634260455,0.2954676634260455,0.0,0.736842105263158,2.2315612676242513,0.6636332134486166,40,1.5435056352791194,0.5867630639015304,42,0,0.3770989040065483,0.6326384087750958,33,0,0.4371446340407452,0.5796672635625851,46,5.439056290693573,0.948688148201004,40.25,39.66220314468343,0.7844855835344642,36,bior,22.2,20.0,15.667071929915393,15,0.281669449081803,0.6630985866087857,0.6039018096601022,1,27.25
smoothed,rbio3.9,64102.60072384102,0.6627906976744186,29.972958395869554,9.523378620637796,86,1,False,False,202.82701482082086,,6.329092313417961,135795.5870517669,1.0,4.146108214814695e-05,0.8833296145027425,741.2182603339552,,,,[],[],10,219.4332819547627,53.99123020483307,897.9893051257341,"[7, 11, 17, 21, 28, 36, 43, 49, 59, 81]","[107.15309243188017, 208.37331339846344, 53.99123020483307, 897.9893051257341, 55.95136265737858, 158.15883356139955, 151.12602780500686, 77.89240399857204, 104.38645730749806, 379.3107930568615]","[1, 1, 16, 1, 26, 26, 41, 48, 41, 41]","[9, 16, 18, 83, 29, 83, 48, 51, 74, 83]",43414092.5640667,930.8836717628116,-930.8836717628116,0.0,,,,SWT,inu.32000013032919,21624213.164066702,,0.0,-6.0,1.0,0.0,-3.0,,265.4836717628116,89.19691831839907,761.7328195476271,89.19691831839907,,0.0,89.19691831839907,,,42.99123020483307,0.0,6.0,232.58930512573409,265.4836717628116,,219.51826033395514,0.27695863216363453,0.03381127909410275,0.8671012704235554,0.3949363747085386,0.1611323773028524,0.5714285714285712,0.9100670087236653,0.15490801755314956,,0.7609915729907313,0.73425090381253,0.73425090381253,0.6020408684912354,,0.0,0.9739082855659998,0.7239061023465176,0.43148720401665286,,,,,0.25,,0.32033366492002247,0.05882352941176469,0.0,0.4558823529411764,0.0,0.28368020419613676,0.28368020419613676,0.0,0.14473684210526316,2.3681679414915067,0.7042580115540112,34,1.5460875507193046,0.587744578046857,40,0,0.37544292437814974,0.6298602614351189,34,0,0.42129294142475865,0.5586474303860725,50,7.54983443527075,0.9287751468370684,39.5,38.52691218130311,0.7780668187015531,37,rbio,36.333333333333336,37.0,23.627062772128387,15,0.4609905397885365,1.0,0.3773066221480244,3,28.5
smoothed,bior3.1,17684.987042900964,0.6511627906976745,10.929116656231283,9.546151855243656,86,1,False,False,203.6549709176038,,6.2928727914040135,139186.64622870463,1.0,4.027438125667983e-05,0.9310070175302334,742.5328309239934,,,,[],[],11,218.9845418900084,25.38513344459693,1014.4507436292803,"[8, 15, 21, 28, 36, 43, 47, 60, 68, 77, 82]","[245.11856569831673, 68.12973836732385, 446.25508960683004, 84.6053263689704, 209.23289655309918, 145.48722022913216, 32.52691193458111, 110.87434329005066, 26.763991667910886, 25.38513344459693, 1014.4507436292803]","[1, 14, 1, 26, 26, 41, 45, 41, 63, 72, 1]","[16, 16, 41, 30, 41, 48, 48, 72, 72, 78, 84]",43997354.74249998,943.9168422059222,-943.9168422059222,0.0,,,,SWT,inu.32000013032919,22207475.34249998,,0.2727272727272727,8.0,0.0,0.2727272727272727,8.0,,278.5168422059222,88.74817825364477,976.2299607900923,88.74817825364475,,0.0,88.74817825364477,,,14.385133444596931,0.2727272727272727,8.0,349.0507436292803,278.5168422059222,,220.83283092399336,0.35915435474653734,0.0,0.872351888760279,0.016402538884973422,0.0,0.5000000000000003,0.9468181641456247,0.7644759218231465,,0.1267377558037292,0.7304716287246258,0.7304716287246258,0.5963814060385235,,0.0,0.9797739041900945,0.9330526461509621,0.7765782849265463,,,,,0.0,,0.8105794512757364,0.388235294117647,1.0,0.5147058823529411,1.0,0.3749024372616917,0.3749024372616917,0.75,0.4342105263157895,3.082308066874015,0.9166326898279091,7,1.523876343510124,0.5793009963085539,45,0,0.5845001823969223,0.9805843013373516,5,0,0.4324003585450702,0.5733762079713397,48,23.428970670233607,0.778971974809117,26.25,10.365038560411312,0.7656652326875774,38,bior,22.2,20.0,15.667071929915393,15,0.281669449081803,0.6630985866087857,0.6039018096601022,1,28.75
smoothed,sym6,30849.4427759153,0.6395348837209303,17.888030632730512,9.35873692392965,86,1,False,False,202.8118171158279,,6.301964764300447,136758.7628425411,1.0,6.142283590299111e-05,0.860865471321851,739.8645379127836,,,,[],[],12,197.9183262797361,21.614290351537875,972.4982381030188,"[7, 11, 17, 21, 27, 35, 43, 49, 59, 66, 80, 84]","[185.21765975452388, 60.78292408796926, 61.01616235671088, 972.4982381030188, 63.27497681993907, 162.3627416196274, 118.33873678667362, 69.27798833604902, 97.07754850716788, 21.614290351537875, 363.4435118109554, 200.1151368226605]","[0, 9, 16, 0, 26, 26, 40, 48, 40, 65, 40, 83]","[16, 16, 18, 85, 32, 85, 51, 51, 74, 74, 85, 85]",43562286.26305348,938.4923796369218,-938.4923796369218,0.0,,,,SWT,inu.32000013032919,21772406.86305348,,0.0,-6.5,1.0,0.0,-2.0,,273.0923796369218,67.68196264337249,942.4199153568334,72.48387498494407,,0.0,67.68196264337249,,,10.614290351537875,0.0,-6.5,307.09823810301884,273.0923796369218,,218.16453791278354,0.2754498730055671,0.6025581573225106,0.8291413263626151,0.11142365413783338,0.045698601887192186,0.4285714285714287,0.8927509813178509,0.32804597168228394,,0.04313069658723073,0.5530526057632794,0.5530526057632794,0.3912577255418296,,0.0,0.9678679713328572,0.9000859869811595,0.6522673055589421,,,,,0.25,,0.44489400704247184,0.04705882352941175,0.0,0.08823529411764702,0.0,0.33693534468934655,0.33693534468934655,0.0,0.1710526315789474,2.227219801510635,0.6623421258366127,42,1.4991956855571305,0.5699186538352883,49,0,0.31865701906531924,0.5345936234357188,54,0,0.4392049992859102,0.5823993714065372,43,5.597618541248888,0.9471922779127463,47.0,46.515944399018814,0.7518980257488259,39,sym,29.105263157894736,31.0,17.30412518846335,19,0.36928213689482475,0.7323857965483599,0.5217867652091147,2,29.75
smoothed,sym10,29568.083061777463,0.6511627906976745,18.986063539368228,9.4260963770657,86,1,False,False,202.73073149140606,,6.301768438186177,136758.76284207695,1.0,6.233897347539796e-05,0.8759277488310155,739.3853043961799,,,,[],[],12,197.15751522475273,21.399417226327387,972.2137834934634,"[7, 11, 17, 21, 27, 35, 43, 49, 59, 66, 80, 84]","[184.826058932377, 52.68433615084814, 66.27970504252664, 972.2137834934634, 64.67129665351968, 168.6954112409743, 114.11883213462033, 70.56675752084129, 97.08536229584229, 21.399417226327387, 380.1910708712882, 173.1581511344037]","[0, 9, 16, 0, 26, 26, 40, 48, 40, 65, 40, 83]","[16, 16, 18, 85, 32, 85, 51, 51, 74, 74, 85, 85]",43577300.16825909,936.3736465969704,-936.3736465969704,0.0,,,,SWT,inu.32000013032919,21787420.768259093,,0.0,-6.5,1.0,0.0,-2.0,,270.9736465969704,66.92115158838911,933.2901826970328,71.93261842572177,,0.0,66.92115158838911,,,10.399417226327387,0.0,-6.5,306.81378349346346,270.9736465969704,,217.68530439617984,0.26740006032064934,0.6286605925460542,0.8446717850747397,0.10937183034296892,0.04125053744470851,0.5000000000000003,0.9043614312710249,0.3280459715988499,,0.03836653386283226,0.5466450783492183,0.5466450783492183,0.38430533585396476,,0.0,0.9657296296861,0.8911839940660307,0.6514244278653244,,,,,0.25,,0.45751355282472733,0.04705882352941175,0.0,0.08823529411764702,0.0,0.3221058325596787,0.3221058325596787,0.0,0.1710526315789474,2.214296681250028,0.6584989815990987,43,1.5438954119466437,0.5869112373493277,41,0,0.3156873358445988,0.5296115467249096,58,0,0.45297027607487445,0.600652552864317,36,9.46924847422786,0.9106674672242655,44.5,43.166143869791334,0.7454280732347742,40,sym,29.105263157894736,31.0,17.30412518846335,19,0.36928213689482475,0.7323857965483599,0.5217867652091147,2,30.5
smoothed,rbio3.7,66463.49751982908,0.6511627906976745,27.6515292153605,9.514453152382037,86,1,False,False,202.53418410662732,,6.3285687819809375,135803.67230667686,1.0,4.196466100203451e-05,0.8816065325752133,738.8157038483512,,,,[],[],11,203.70106818633792,37.541431488897956,910.0266263256115,"[7, 11, 17, 21, 28, 35, 39, 43, 49, 59, 81]","[107.81557129759517, 209.79221180221214, 52.753687599743216, 910.0266263256115, 57.48282672926018, 157.56895786845394, 37.541431488897956, 148.47733588201788, 79.4204693485899, 103.95740265939708, 375.87522904793803]","[1, 1, 16, 1, 26, 26, 38, 41, 48, 41, 41]","[9, 16, 18, 83, 29, 83, 41, 48, 51, 74, 83]",43415483.2279112,932.007289211023,-932.007289211023,0.0,,,,SWT,inu.32000013032919,21625603.8279112,,0.0,-5.5,0.0,0.0,-5.5,,266.60728921102304,73.4647045499743,808.1117500497171,73.46470454997427,,0.0,73.4647045499743,,,26.541431488897956,0.18181818181818182,5.0,244.62662632561148,266.60728921102304,,217.11570384835113,0.2478877282339111,0.0481591617805569,0.8650434060885753,0.38946489546167185,0.1693279066103069,0.5000000000000003,0.9087388061014109,0.1563614017714123,,0.396266957990388,0.6017546810713212,0.6017546810713212,0.4036278447529084,,0.0,0.963188070026271,0.7691281177247733,0.4671554237939552,,,,,0.0,,0.32150255108341597,0.07058823529411763,0.0,0.42647058823529405,0.6666666666666667,0.291544667657631,0.291544667657631,0.0,0.07894736842105263,2.11028822054686,0.6275684084601542,54,1.5132765948426044,0.5752715059959933,47,0,0.3527855845248192,0.5918492694126156,40,0,0.4106229132559807,0.5444986440368965,53,6.454972243679028,0.9391040354369903,48.5,47.81083806874981,0.7407784328128348,41,rbio,36.333333333333336,37.0,23.627062772128387,15,0.4609905397885365,1.0,0.3773066221480244,3,31.5
smoothed,bior4.4,29952.49837317802,0.6511627906976745,19.133684267455585,10.073670559096389,86,1,False,False,201.87137933043135,,6.304928308853497,136130.19142852773,1.0,5.86737124802561e-05,0.9908104629808503,739.8651053146632,,,,[],[],10,195.35606266594314,38.784708747277776,917.6253350293723,"[1, 9, 16, 22, 29, 36, 44, 48, 61, 81]","[38.784708747277776, 186.99289388865714, 81.27629323168298, 917.6253350293723, 68.93208510729528, 130.6390036547374, 118.59656762112456, 41.82772103959769, 100.75130957785836, 268.1347087618277]","[0, 0, 15, 0, 27, 27, 40, 47, 40, 40]","[2, 17, 17, 85, 31, 85, 49, 49, 73, 85]",43443204.719114274,921.7493926071302,-921.7493926071302,0.0,,,,SWT,inu.32000013032919,21653325.319114275,,0.0,10.5,1.0,0.0,15.0,,256.3493926071302,65.11969902957952,520.9606266594315,65.11969902957946,,0.0,65.11969902957952,,,27.784708747277776,0.0,1.5,252.22533502937233,256.3493926071302,,218.16510531466315,0.18208747901476752,0.5242306023517606,0.9939770960420424,0.14239595374101624,0.042584982455676886,0.5000000000000003,0.992916432485807,0.215055622787765,,0.42383287701661876,0.5314733000475016,0.5314733000475016,0.2983815137033178,,0.0,0.9678705030820517,0.4891399339253706,0.48967143109898603,,,,,0.25,,0.3448031262901114,0.44705882352941173,0.0,0.32352941176470584,0.0,0.21974723058372883,0.21974723058372883,0.0,0.618421052631579,2.069932720731961,0.6155672815312044,60,1.5839609722429593,0.602142144434514,36,0,0.34195276301692284,0.5736756314399601,42,0,0.4491560211098545,0.5955947331727751,40,10.63014581273465,0.8997156055402391,44.5,42.8936170212766,0.7399521423927611,42,bior,22.2,20.0,15.667071929915393,15,0.281669449081803,0.6630985866087857,0.6039018096601022,1,31.75
smoothed,sym11,28482.899232661173,0.6627906976744186,20.238699935264034,9.823968441756453,86,1,False,False,204.86345713819566,,6.3133350123107,136758.76284207698,1.0,6.673030346770338e-05,0.9537278621915329,739.9027746118431,,,,[],[],10,210.16401207750633,20.20324311735692,937.1655173481456,"[10, 14, 23, 30, 36, 45, 52, 61, 69, 81]","[193.73031779780422, 82.54167813683932, 937.1655173481456, 75.79271855738591, 117.69347948979146, 134.47925459055773, 26.214756077459583, 110.2246485431948, 20.20324311735692, 403.59450711652767]","[0, 11, 0, 28, 28, 41, 50, 41, 64, 41]","[15, 15, 85, 32, 41, 50, 53, 73, 73, 85]",43579467.54271997,911.2243536351422,-911.2243536351422,0.0,,,,SWT,inu.32000013032919,21789588.14271997,,0.0,-6.0,1.0,0.0,-1.5,,245.8243536351422,79.92764844114271,669.0401207750633,79.94893003832595,,0.0,79.92764844114271,,,9.20324311735692,0.0,12.0,271.76551734814564,245.8243536351422,,218.2027746118431,0.4791273805132281,0.7537776165845057,0.936405541595997,0.23025524975991574,0.03748347067134872,0.5714285714285712,0.9643320646612241,0.3280459715988551,,0.01184498494290484,0.6561853966700915,0.6561853966700915,0.48540621394384553,,0.0,0.9680385836193538,0.6335256083600078,0.5475716487522013,,,,,0.25,,0.45933528280515157,0.05882352941176469,0.0,0.6323529411764706,0.0,0.14608000108514896,0.14608000108514896,0.0,0.1842105263157895,2.111513912192478,0.6279329109711449,53,1.8111068273780107,0.6884915524737494,5,0,0.32420222860210934,0.5438965211646882,50,0,0.5376069833517058,0.7128834363836043,3,27.463612289718917,0.7409093180215196,27.75,6.990547373049021,0.7395584325956654,43,sym,29.105263157894736,31.0,17.30412518846335,19,0.36928213689482475,0.7323857965483599,0.5217867652091147,2,32.75
smoothed,rbio3.3,93830.85860367739,0.6162790697674418,26.9427624043304,9.382756878569591,86,1,False,False,202.35833441303276,,6.330845026449349,136121.36837350848,1.0,4.308122152047136e-05,0.8585443305169168,735.7423961159113,,,,[],[],12,195.75109554325772,24.174213081815083,970.287505726798,"[7, 11, 17, 21, 28, 35, 39, 43, 49, 59, 73, 81]","[120.09766736715255, 212.78610812856175, 41.43203796014927, 970.287505726798, 72.765707201478, 173.65658662465114, 46.34643008939577, 166.17893241360366, 81.44544294054288, 102.68958229781651, 24.174213081815083, 337.1529326871283]","[1, 1, 16, 1, 26, 26, 38, 41, 48, 41, 71, 41]","[9, 16, 18, 83, 30, 83, 41, 51, 51, 74, 74, 83]",43470126.951406255,941.6629393408901,-941.6629393408901,0.0,,,,SWT,inu.32000013032919,21680247.551406257,,0.0,-6.5,1.0,0.0,-6.5,,276.26293934089017,65.5147319068941,916.4131465190926,70.48817232072551,,0.0,65.5147319068941,,,13.174213081815083,0.0,5.5,304.88750572679805,276.26293934089017,,214.0423961159113,0.2304301689657945,0.07997201334726589,0.8346793896400775,0.4132541533532676,0.26432994575556307,0.2857142857142856,0.8909617771863003,0.21346961355680794,,0.09988925323306541,0.5348002548469477,0.5348002548469477,0.3660881336510193,,0.0,0.9494749600498422,0.8747279529000145,0.6457166048710976,,,,,0.25,,0.3674319052997272,0.04705882352941175,0.0,0.4411764705882352,0.0,0.3591268396541457,0.3591268396541457,0.0,0.052631578947368446,2.1823496615966307,0.6489984119215916,48,1.4887786086153376,0.5659586061078571,51,0,0.3267805484484426,0.548222028737283,49,0,0.40160141843992025,0.5325358637439502,58,4.509249752822894,0.9574599079922368,51.5,51.22247622834046,0.7358054256942316,44,rbio,36.333333333333336,37.0,23.627062772128387,15,0.4609905397885365,1.0,0.3773066221480244,3,33.75
smoothed,sym8,30090.285681647703,0.627906976744186,18.0057793740687,9.39916835726992,86,1,False,False,202.62248854339083,,6.301737246947203,136758.76284242226,1.0,6.194768698293174e-05,0.8700829623820404,739.481314682467,,,,[],[],12,197.81746810794894,21.62476021804605,972.9036972109825,"[7, 11, 17, 21, 27, 35, 43, 49, 59, 66, 80, 84]","[185.44941443773155, 56.19886585437075, 64.1364281624235, 972.9036972109825, 64.64455058409351, 166.65563046677164, 115.93437785812796, 69.87670771029013, 96.89150090023418, 21.62476021804605, 375.01409305233994, 184.47959083997534]","[0, 9, 16, 0, 26, 26, 40, 48, 40, 65, 40, 83]","[16, 16, 18, 85, 32, 85, 51, 51, 74, 74, 85, 85]",43573125.934507616,937.5337215201113,-937.5337215201113,0.0,,,,SWT,inu.32000013032919,21783246.534507617,,0.0,-6.5,1.0,0.0,-2.0,,272.1337215201113,67.58110447158532,941.2096172953875,72.65212080601252,,0.0,67.58110447158532,,,10.624760218046049,0.0,-6.5,307.5036972109825,272.1337215201113,,217.78131468246693,0.2566541918365768,0.6175121246400669,0.8384632355665813,0.10904584759454042,0.043063292192331834,0.35714285714285715,0.899856096635441,0.3280459716609232,,0.043362834262423045,0.552203181328099,0.552203181328099,0.3933796241239941,,0.0,0.966158027923226,0.8989058796144208,0.6534687360378184,,,,,0.25,,0.4540050096967952,0.04705882352941175,0.0,0.08823529411764702,0.0,0.33022547048463213,0.33022547048463213,0.0,0.1710526315789474,2.2284435992232634,0.6627060651200307,41,1.4754003763520664,0.560872876342469,53,0,0.31836023136167474,0.534095718778392,56,0,0.43122295215866485,0.5718149307990684,49,6.5,0.9386792452830188,49.75,49.06562216494104,0.7346698113207547,45,sym,29.105263157894736,31.0,17.30412518846335,19,0.36928213689482475,0.7323857965483599,0.5217867652091147,2,34.25
smoothed,rbio2.8,45044.693775121836,0.6046511627906976,21.080405760140337,10.017390493769591,86,1,False,False,202.53240959492413,,6.3159948763562985,135869.07715526246,1.0,5.0167285859496335e-05,0.9796936577096667,747.0657936696068,,,,[],[],10,203.1805268902347,36.17539130232822,933.4058535473916,"[1, 9, 16, 22, 29, 36, 45, 51, 61, 80]","[36.17539130232822, 192.14703189564887, 99.85888504265688, 933.4058535473916, 68.64013791662012, 101.43547766713561, 117.04955549279737, 53.49463917693822, 104.53373093909704, 325.06456592173276]","[0, 0, 15, 0, 27, 27, 40, 50, 40, 40]","[2, 17, 17, 85, 31, 85, 50, 53, 73, 85]",43427589.40971094,914.5227792949994,-914.5227792949994,0.0,,,,SWT,inu.32000013032919,21637710.009710945,,0.0,6.0,1.0,0.0,19.5,,249.12277929499942,72.94416325387107,599.2052689023469,73.14775624233316,,0.0,72.94416325387107,,,25.175391302328222,0.0,1.5,268.00585354739167,249.12277929499942,,225.36579366960677,0.24771156276784087,0.2818669480930714,0.9810011113779729,0.25805375410135156,0.09497546811377408,0.21428571428571397,0.9843472694783052,0.16811840582270285,,0.3659791417243444,0.5973706982110758,0.5973706982110758,0.3996305260656913,,0.0,1.0,0.56543277587902,0.5364312536005436,,,,,0.25,,0.33167808592115305,0.3411764705882353,0.0,0.32352941176470584,0.0,0.16916646002514957,0.16916646002514957,0.0,0.736842105263158,2.186381970262,0.6501975606951607,47,1.470689387027309,0.5590819955921682,54,0,0.35465411595996116,0.5949840034076366,39,0,0.40379502925509153,0.5354446593221962,56,7.702813338860896,0.9273319496333878,49.0,48.02308022196521,0.7325338993449958,46,rbio,36.333333333333336,37.0,23.627062772128387,15,0.4609905397885365,1.0,0.3773066221480244,3,35.25
smoothed,rbio3.5,72075.1125031945,0.627906976744186,28.117658825445798,9.487962641968874,86,1,False,False,202.00886641408948,,6.328409497021605,135851.5804542644,1.0,4.254401961764669e-05,0.8767887954140632,737.5551858834611,,,,[],[],11,206.48909122709608,39.63443993985163,934.4714424053539,"[7, 11, 17, 21, 28, 35, 39, 43, 49, 59, 81]","[109.6264103066909, 212.96012268799439, 49.580338758978655, 934.4714424053539, 60.97580647953794, 162.2462033704261, 39.63443993985163, 149.220523062928, 81.48024585242956, 103.84139295310865, 367.3430776807571]","[1, 1, 16, 1, 26, 26, 38, 41, 48, 41, 41]","[9, 16, 18, 83, 29, 83, 41, 48, 51, 74, 83]",43423723.42929626,934.6084443442087,-934.6084443442087,0.0,,,,SWT,inu.32000013032919,21633844.029296264,,0.0,-5.5,0.0,0.0,-5.5,,269.2084443442087,76.25272759073246,838.7800034980569,76.25272759073243,,0.0,76.25272759073246,,,28.63443993985163,0.18181818181818182,5.0,269.0714424053539,269.2084443442087,,215.8551858834611,0.19573657252468418,0.06466614849379582,0.8589357291541473,0.38780019247023123,0.18880785810012818,0.35714285714285715,0.9050251514988419,0.16497324473805702,,0.442673100378444,0.6252353257697376,0.6252353257697376,0.4387900978160601,,0.0,0.957563634406842,0.799031356416372,0.5395887383055649,,,,,0.0,,0.3284286370823442,0.07058823529411763,0.0,0.42647058823529405,0.6666666666666667,0.30975076576974125,0.30975076576974125,0.0,0.07894736842105263,2.20794866703747,0.656611176351707,45,1.4526427804351143,0.5522215851504877,56,0,0.36770670033898417,0.6168816173338876,35,0,0.39038596926534286,0.5176638323236891,59,10.965856099730654,0.8965485273610315,48.75,46.72900133574291,0.7183214334918365,47,rbio,36.333333333333336,37.0,23.627062772128387,15,0.4609905397885365,1.0,0.3773066221480244,3,36.0
smoothed,sym4,32133.632241110503,0.6395348837209303,18.02173157427107,9.290377176286059,86,1,False,False,203.08987683211848,,6.303071018776571,136758.76284226455,1.0,6.06200039483157e-05,0.843455752193682,744.2838335278408,,,,[],[],13,183.25642304306663,20.95662858365199,987.5201068007503,"[7, 11, 17, 21, 27, 31, 35, 43, 49, 59, 66, 79, 84]","[181.59008047447867, 67.28075878269851, 56.72147271798349, 987.5201068007503, 58.90365298602319, 24.37042466462367, 152.18748305353597, 121.49797341361216, 69.2377160343326, 97.20038467526672, 20.95662858365199, 339.92458099864933, 204.94223637425932]","[0, 9, 16, 0, 26, 29, 26, 40, 48, 40, 65, 40, 83]","[16, 16, 18, 83, 29, 32, 83, 51, 51, 71, 71, 83, 85]",43524622.77716064,938.3788238592842,-938.3788238592842,0.0,,,,SWT,inu.32000013032919,21734743.37716064,,0.0,-7.5,2.0,0.0,-7.5,,272.97882385928426,53.02005940670301,949.7334995598662,62.29760033637196,,0.0,53.02005940670301,,,9.956628583651991,0.0,-7.5,322.12010680075036,272.97882385928426,,222.58383352784074,0.30305437931998025,0.5796840064051423,0.8133802388103492,0.12298522996654991,0.05015648942222393,0.4285714285714287,0.8793310537860792,0.328045971632573,,0.028549032748373948,0.4295705055546754,0.4295705055546754,0.2627895020990064,,0.0,0.9875868840040326,0.9072171349770112,0.6967791454674696,,,,,0.5,,0.4132369479339413,0.023529411764705882,0.0,0.05882352941176466,0.0,0.3361405410259702,0.3361405410259702,0.0,0.02631578947368418,2.195508588401019,0.6529116815267897,46,1.4937999002941655,0.5678674481767618,50,0,0.30201385950229326,0.5066722959773925,64,0,0.4381510997392908,0.5810018681120056,45,8.770214744615247,0.9172621250507995,51.25,50.259873288061,0.7168857795065319,48,sym,29.105263157894736,31.0,17.30412518846335,19,0.36928213689482475,0.7323857965483599,0.5217867652091147,2,36.5
smoothed,rbio2.6,45717.51507296265,0.5813953488372093,20.621704994735893,10.02121701404292,86,1,False,False,202.4757958465428,,6.3156161659054835,135864.30975093096,1.0,5.1169738043392817e-05,0.9792970315157897,745.4457794061785,,,,[],[],10,200.00385485475886,30.220528488132878,934.4526598814787,"[1, 9, 16, 22, 29, 36, 45, 51, 61, 80]","[30.220528488132878, 191.6328430412143, 98.79939014694469, 934.4526598814787, 64.05503554073641, 98.33010326364956, 115.9066786206904, 51.62791007496912, 104.63191623738805, 310.38148325238456]","[0, 0, 15, 0, 27, 27, 40, 50, 40, 40]","[2, 17, 17, 85, 31, 85, 50, 53, 73, 85]",43409570.724338554,912.0346127820011,-912.0346127820011,0.0,,,,SWT,inu.32000013032919,21619691.324338555,,0.0,6.0,1.0,0.0,19.5,,246.6346127820011,69.76749121839524,567.4385485475887,69.96037308340742,,0.0,69.76749121839524,,,19.220528488132878,0.0,1.5,269.0526598814787,246.6346127820011,,223.74577940617849,0.24209120684026142,0.31042864448340063,0.9818833574822576,0.25409581342067966,0.09731107493678481,0.07142857142857156,0.98404153825198,0.16726142972304428,,0.23394804001953592,0.5706168635770122,0.5706168635770122,0.3594315852373912,,0.0,0.9927714906244878,0.5344584713651439,0.5395330831329206,,,,,0.25,,0.31653295066960685,0.3411764705882353,0.0,0.32352941176470584,0.0,0.15175119590768987,0.15175119590768987,0.0,0.736842105263158,2.086571491270367,0.6205154050357821,56,1.4196820298266235,0.539691568690888,59,0,0.3373866515352549,0.566015313493234,46,0,0.3885677045708725,0.515252757274835,60,6.3966136874651625,0.9396545878541023,55.25,54.63578301558962,0.7092140863798813,49,rbio,36.333333333333336,37.0,23.627062772128387,15,0.4609905397885365,1.0,0.3773066221480244,3,37.5
smoothed,sym18,28442.276759965534,0.6395348837209303,19.99684944261924,9.359843092220848,86,1,False,False,203.51508916981757,,6.305191690663898,136758.76284210294,1.0,6.349560863503521e-05,0.8625870307454546,736.1293280800878,,,,[],[],12,185.82064955930232,21.828265653545714,1001.3477537021,"[7, 11, 17, 21, 27, 31, 35, 43, 49, 59, 77, 81]","[191.41488033732196, 39.95251638383661, 66.19203458830793, 1001.3477537021, 59.81538898904466, 21.828265653545714, 166.2564602581706, 118.81856986442176, 72.04009213827919, 100.67920525723719, 28.83200938586549, 362.67061815349666]","[0, 9, 16, 0, 26, 29, 26, 40, 48, 40, 71, 40]","[16, 16, 18, 85, 32, 32, 85, 48, 51, 71, 78, 85]",43581013.64522192,938.55749555763,-938.55749555763,0.0,,,,SWT,inu.32000013032919,21791134.24522192,,0.0,-6.5,1.0,0.0,-6.5,,273.15749555763,55.584285922938705,797.2477947116281,61.09494645150949,,0.0,55.584285922938705,,,10.828265653545714,0.0,-6.5,335.94775370210004,273.15749555763,,214.42932808008777,0.3452675298531359,0.6616152439445198,0.8293963655616479,0.1451485833019202,0.03734245533087127,0.4285714285714287,0.8940780103489522,0.3280459716035218,,0.04787495279316173,0.4511663427747348,0.4511663427747348,0.24762175792017177,,0.0,0.9512014518430787,0.7585351620431928,0.7377523437805042,,,,,0.25,,0.46063481887123353,0.04705882352941175,0.0,0.08823529411764702,0.0,0.33739110637228076,0.33739110637228076,0.0,0.052631578947368446,2.0724228772509377,0.6163078171358746,59,1.551226335002242,0.5896980848832866,39,0,0.28992561567443337,0.4863925039682122,71,0,0.4586831985644998,0.6082280642365957,35,16.97056274847714,0.839900351429461,51.0,46.92296014245973,0.6793841379788814,50,sym,29.105263157894736,31.0,17.30412518846335,19,0.36928213689482475,0.7323857965483599,0.5217867652091147,2,38.0
smoothed,coif7,28989.672405926452,0.6744186046511628,19.96426046256561,6.491503890578384,86,1,False,False,202.63403633857396,,6.304952277125645,136758.76284207686,1.0,6.10757976517473e-05,0.02079465552757119,515.6277268473218,0.011627906976744186,6766.7650440886355,6.0,"[0.0, 0.011627906976744186, 0.023255813953488372, 0.03488372093023256, 0.046511627906976744, 0.05813953488372093, 0.06976744186046512, 0.08139534883720931, 0.09302325581395349, 0.10465116279069767, 0.11627906976744186, 0.12790697674418605, 0.13953488372093023, 0.1511627906976744, 0.16279069767441862, 0.1744186046511628, 0.18604651162790697, 0.19767441860465115, 0.20930232558139533, 0.22093023255813954, 0.23255813953488372, 0.2441860465116279, 0.2558139534883721, 0.26744186046511625, 0.27906976744186046, 0.29069767441860467, 0.3023255813953488, 0.313953488372093, 0.32558139534883723, 0.3372093023255814, 0.3488372093023256, 0.36046511627906974, 0.37209302325581395, 0.38372093023255816, 0.3953488372093023, 0.4069767441860465, 0.41860465116279066, 0.43023255813953487, 0.4418604651162791, 0.45348837209302323, 0.46511627906976744, 0.47674418604651164, 0.4883720930232558]","[58735.40051519185, 3980.8608992900154, 6766.7650440886355, 2836.801954115154, 4167.3531969670785, 3770.976291191037, 4347.0278885289235, 3209.0129234237957, 1984.9898593188564, 1538.199384933229, 1193.5562027259682, 1271.4042980268546, 1043.6709768132257, 986.9382909590197, 639.091945005736, 567.1853419486276, 650.004908342971, 422.29615247006876, 303.15858230962397, 371.2598179487167, 169.0774854091333, 520.2610421589824, 813.1659736677075, 726.1290945995789, 992.6896208342968, 142.83160302640337, 112.0444313513122, 739.2823962865211, 372.01265724675864, 630.6979887713596, 430.4512826238381, 279.789305132993, 296.54982715934733, 314.0572780425952, 338.8585437293278, 287.79911492102065, 335.1000141850241, 357.2025054777695, 365.26519987590893, 177.0872169089536, 682.2784411318289, 464.48264311869747, 630.2506994322008]",8,173.27646920305057,46.939595489502835,441.6381938795884,"[14, 28, 35, 42, 51, 66, 77, 81]","[171.75088471470679, 200.67436470405892, 115.59358575628278, 441.6381938795884, 88.03202283815392, 46.939595489502835, 248.05373007025082, 73.52937617186001]","[5, 5, 33, 5, 47, 47, 47, 79]","[22, 37, 37, 47, 58, 73, 79, 82]",43583655.88531598,940.1639964944924,-940.1639964944924,108963.31883869095,0.05852389148086176,0.10747999008032529,0.4883720930232558,SWT,inu.32000013032919,21793776.48531598,,0.0,-7.0,3.0,0.0,-2.5,,274.7639964944924,43.04010556668695,46.38824637559537,83.72407031585267,,108963.31883869095,43.04010556668695,,,35.939595489502835,0.0,-7.0,223.76180612041156,274.7639964944924,,6.072273152678235,0.25780060451836645,0.5926704027471961,0.16806938813647676,0.14264644854298747,0.03924266421203422,0.6428571428571428,0.24519949662590956,0.3280459715988342,,0.6046428661715748,0.345519639834323,0.345519639834323,0.5330178856720654,,0.9973441337474233,0.02151153552737453,0.026405686995637223,0.40533012393400386,,,,,0.75,,0.4628556847537628,0.03529411764705881,0.0,0.07352941176470584,0.0,0.3486353852315326,0.3486353852315326,0.0,0.15789473684210525,2.0869834597097396,0.6206379183376693,55,0.9333685358718203,0.35481968406185815,66,0,0.30311867962152345,0.5085257928578829,63,0,0.30206651490486847,0.40054951261845173,69,6.020797289396148,0.9432000255717344,63.25,62.79523293607801,0.6732509561820936,51,coif,70.41176470588235,68.0,19.190032645651655,17,0.8933713051163704,0.8122055979082231,0.13097840704607377,4,39.25
smoothed,db16,24732.992461964583,0.686046511627907,23.033094127170443,6.311000530955562,86,1,False,False,201.69893706219455,,6.30181961499625,136758.76284207683,1.0,6.801909256603043e-05,-0.05487705660209486,508.0970526480119,0.011627906976744186,6766.765044087715,5.0,"[0.0, 0.011627906976744186, 0.023255813953488372, 0.03488372093023256, 0.046511627906976744, 0.05813953488372093, 0.06976744186046512, 0.08139534883720931, 0.09302325581395349, 0.10465116279069767, 0.11627906976744186, 0.12790697674418605, 0.13953488372093023, 0.1511627906976744, 0.16279069767441862, 0.1744186046511628, 0.18604651162790697, 0.19767441860465115, 0.20930232558139533, 0.22093023255813954, 0.23255813953488372, 0.2441860465116279, 0.2558139534883721, 0.26744186046511625, 0.27906976744186046, 0.29069767441860467, 0.3023255813953488, 0.313953488372093, 0.32558139534883723, 0.3372093023255814, 0.3488372093023256, 0.36046511627906974, 0.37209302325581395, 0.38372093023255816, 0.3953488372093023, 0.4069767441860465, 0.41860465116279066, 0.43023255813953487, 0.4418604651162791, 0.45348837209302323, 0.46511627906976744, 0.47674418604651164, 0.4883720930232558]","[58735.40051519186, 3980.860899290017, 6766.765044087715, 2836.8019538209824, 4167.3531788044165, 3770.9762803223653, 4347.031942772368, 3209.04284907846, 1985.0450837253416, 1538.0602699377182, 1192.4178531626812, 1268.0711822020305, 1044.2402065147648, 1008.1849239337123, 671.080844011081, 572.9738523850901, 556.141508645175, 299.1145719677934, 263.67266015276545, 663.1534381416386, 641.4586948843904, 837.0698743912325, 491.1518897361005, 179.39785581280648, 615.2977796456938, 159.9073145985075, 155.5381617693706, 879.1340982126603, 367.885692587179, 600.2181198188105, 421.5779872347285, 279.63882671241333, 297.328463874007, 314.3575476422145, 338.88920921448175, 287.79110811666317, 335.096889296716, 357.20217233514927, 365.26520092867173, 177.0872176807565, 682.2784412025784, 464.4826431187619, 630.2506994322011]",9,184.10758243902092,61.94650878421828,426.66290614532045,"[2, 7, 19, 34, 40, 47, 56, 72, 76]","[126.9104981659749, 285.2575344138812, 134.11876988496795, 426.66290614532045, 61.94650878421828, 173.17169706766276, 62.121252885775334, 252.55294494688007, 134.22612965650728]","[0, 0, 12, 12, 39, 45, 52, 12, 74]","[4, 12, 28, 52, 45, 52, 64, 77, 77]",43575399.313889906,939.2845926445965,-939.2845926445965,108754.6949463941,0.057940261200239,0.10686423665169169,0.4883720930232558,SWT,inu.32000013032919,21785519.913889907,,0.0,-2.0,2.0,0.0,-6.5,,273.8845926445965,53.871218802657296,224.36824195118834,97.27796313987176,,108754.6949463941,53.871218802657296,,,50.94650878421828,0.0,-6.5,238.73709385467953,273.8845926445965,,13.60294735198812,0.16496819346734193,0.7904975754303278,0.12645236419241346,0.10990668428761208,0.02446618381167302,0.7142857142857144,0.18686949799071584,0.328045971598829,,0.9373758538680435,0.4367389439305241,0.4367389439305241,0.7039581549961648,,0.9954345937539706,0.055113430450473816,0.1999459995860418,0.44970393811283044,,,,,0.5,,0.45591583934453495,0.15294117647058822,0.0,0.08823529411764702,0.0,0.34248023032857855,0.34248023032857855,0.0,0.052631578947368446,2.3036799839966284,0.6850802497412579,37,0.9213780567844952,0.3502615081238391,68,0,0.34164967823143716,0.5731671625094583,43,0,0.3056865231330784,0.405349755147621,67,16.070158679988197,0.8483947294340737,53.75,50.053747421301125,0.6706596288679803,52,db,78.8157894736842,80.5,20.353438202357445,38,1.0,0.861445978226601,0.04156620653201971,5,40.25
smoothed,db10,26769.691180325277,0.686046511627907,19.169797857182903,6.309442284599466,86,1,False,False,202.2583615168803,,6.3014803748479595,136758.7628420768,1.0,6.552281663963588e-05,-0.056004820404226566,500.50785192825936,0.011627906976744186,6766.765045858183,6.0,"[0.0, 0.011627906976744186, 0.023255813953488372, 0.03488372093023256, 0.046511627906976744, 0.05813953488372093, 0.06976744186046512, 0.08139534883720931, 0.09302325581395349, 0.10465116279069767, 0.11627906976744186, 0.12790697674418605, 0.13953488372093023, 0.1511627906976744, 0.16279069767441862, 0.1744186046511628, 0.18604651162790697, 0.19767441860465115, 0.20930232558139533, 0.22093023255813954, 0.23255813953488372, 0.2441860465116279, 0.2558139534883721, 0.26744186046511625, 0.27906976744186046, 0.29069767441860467, 0.3023255813953488, 0.313953488372093, 0.32558139534883723, 0.3372093023255814, 0.3488372093023256, 0.36046511627906974, 0.37209302325581395, 0.38372093023255816, 0.3953488372093023, 0.4069767441860465, 0.41860465116279066, 0.43023255813953487, 0.4418604651162791, 0.45348837209302323, 0.46511627906976744, 0.47674418604651164, 0.4883720930232558]","[58735.40051519185, 3980.860899293961, 6766.765045858183, 2836.801861749138, 4167.3486280485995, 3770.9386575803783, 4346.883718439872, 3209.0880407628506, 1986.1276928442203, 1541.558581889468, 1198.6626537870027, 1276.2282560982794, 1039.739007856823, 963.6920122151987, 598.4424850832942, 500.16859723322847, 563.8753023668633, 405.652724327688, 376.17351241335143, 754.354910174225, 613.8816372509514, 782.6117217347754, 572.1736361348463, 277.39257296877656, 344.62234329153927, 94.57566023197377, 119.82755923525696, 869.2292649521983, 414.11159017079547, 665.4415236756993, 439.74502834396867, 280.82430462722544, 295.4156475510742, 312.70322746638493, 338.1163787372632, 287.63405417032635, 335.09217019287587, 357.2143517233755, 365.2688451150741, 177.08741106004842, 682.278463346751, 464.4826429972342, 630.2506994315752]",9,177.64367667486286,36.42657882794447,406.7064706303755,"[2, 15, 29, 37, 43, 53, 67, 76, 83]","[225.03327277965968, 155.477336632807, 406.7064706303755, 103.4236662304578, 162.4418295025191, 64.28702815851159, 114.04084931409648, 330.95605799739417, 36.42657882794447]","[0, 8, 8, 32, 32, 48, 48, 8, 81]","[8, 24, 48, 39, 48, 59, 75, 77, 85]",43573159.97831816,935.4405396182988,-935.4405396182988,108738.74383762447,0.05792513233045497,0.10686498633320529,0.4883720930232558,SWT,inu.32000013032919,21783280.578318164,,0.0,-3.5,2.0,0.0,2.5,,270.0405396182988,47.40731303849924,166.19309007376592,94.4425001966128,,108738.74383762447,47.40731303849924,,,25.426578827944468,0.0,-6.5,258.69352936962446,270.0405396182988,,21.19214807174069,0.22050531368677057,0.7193741081353217,0.12609309345059527,0.10636125167399398,0.031536303973276406,0.7142857142857144,0.18600018422487363,0.32804597159882376,,0.37154846662340996,0.3823001274668814,0.3823001274668814,0.668197594877211,,0.9952885928343242,0.08897647091487267,0.14322201771857285,0.508837570596266,,,,,0.5,,0.4540336243323553,0.1176470588235294,0.0,0.08823529411764702,0.0,0.3155747967955855,0.3155747967955855,0.0,0.2894736842105263,2.1407247832664003,0.6366197906547388,51,0.9179012084843848,0.3489397856016374,69,0,0.3122894568652026,0.5239111091794899,60,0,0.30402524262867126,0.4031468459752078,68,8.366600265340756,0.9210698088175401,62.0,61.09375000000001,0.6680820742200908,53,db,78.8157894736842,80.5,20.353438202357445,38,1.0,0.861445978226601,0.04156620653201971,5,41.0
smoothed,coif3,30507.083323684208,0.6976744186046512,20.73245326634833,8.735804380786384,86,1,False,False,201.7300713515186,,6.304414854115542,136758.7628420768,1.0,6.42051245224241e-05,0.7248282885534266,533.8010531462701,0.011627906976744186,6766.7514642777805,4.0,"[0.0, 0.011627906976744186, 0.023255813953488372, 0.03488372093023256, 0.046511627906976744, 0.05813953488372093, 0.06976744186046512, 0.08139534883720931, 0.09302325581395349, 0.10465116279069767, 0.11627906976744186, 0.12790697674418605, 0.13953488372093023, 0.1511627906976744, 0.16279069767441862, 0.1744186046511628, 0.18604651162790697, 0.19767441860465115, 0.20930232558139533, 0.22093023255813954, 0.23255813953488372, 0.2441860465116279, 0.2558139534883721, 0.26744186046511625, 0.27906976744186046, 0.29069767441860467, 0.3023255813953488, 0.313953488372093, 0.32558139534883723, 0.3372093023255814, 0.3488372093023256, 0.36046511627906974, 0.37209302325581395, 0.38372093023255816, 0.3953488372093023, 0.4069767441860465, 0.41860465116279066, 0.43023255813953487, 0.4418604651162791, 0.45348837209302323, 0.46511627906976744, 0.47674418604651164, 0.4883720930232558]","[58735.40051519187, 3980.860738251581, 6766.7514642777805, 2836.764769424056, 4167.308483992162, 3771.6945892414183, 4351.928596778464, 3220.95678990071, 2002.5385549579983, 1563.0871561810652, 1221.1055659875358, 1303.474211514331, 1063.6210795759737, 985.4681547133051, 600.4771336273251, 459.6167068707549, 416.5585467562039, 218.39164755611964, 159.38757284622443, 327.4008401079431, 341.6712292163351, 627.9140790405311, 735.1941433572168, 642.8684206420083, 1023.2392579875935, 189.104146174112, 172.22991508944455, 1021.9179469597941, 435.31138655568395, 663.7987048348064, 431.0515944263898, 274.4162918721679, 288.8435499948978, 306.6112516523162, 333.28169330492483, 285.2321641331988, 333.8481674565873, 356.799353584534, 365.19561066778624, 177.08911691864915, 682.2873842942153, 464.4835752589066, 630.2507249278364]",11,164.30881319419055,29.67491537321598,415.64745742724006,"[10, 14, 18, 24, 31, 39, 46, 53, 63, 76, 81]","[209.72129544396023, 123.09907324889582, 41.02121277129254, 415.64745742724006, 73.87298489064779, 158.55121576335114, 123.54431338679115, 44.095410686268224, 216.2981182077756, 29.67491537321598, 371.87094793665756]","[1, 13, 15, 1, 29, 29, 44, 51, 44, 74, 1]","[19, 19, 19, 44, 34, 44, 51, 54, 80, 77, 85]",43594568.59509521,958.9446809247146,-958.9446809247146,108935.43282610277,0.05890930365035046,0.10828470162046672,0.4883720930232558,SWT,inu.32000013032919,21804689.19509521,,0.0,-5.5,0.0,0.0,-5.5,,293.5446809247146,34.07244955782693,374.79694513609616,79.48200275287418,,108935.43282610277,34.07244955782693,,,18.67491537321598,0.09090909090909091,-1.0,249.75254257275992,293.5446809247146,,12.101053146270033,0.1680590643698446,0.6818306494124868,0.6855174147761423,0.137029787080813,0.04451014802118161,0.785714285714286,0.7878894886689094,0.32804597159882376,,0.22185071672010667,0.26999431545809405,0.26999431545809405,0.4795173761784729,,0.9970888923380679,0.0484119731904086,0.34662228243936055,0.48234421075306677,,,,,0.0,,0.47202807786411716,0.07058823529411763,0.0,0.24999999999999994,0.33333333333333337,0.4800858239181516,0.4800858239181516,0.0,0.07894736842105263,1.9185795847849638,0.570557104382466,67,1.51770722894419,0.5769558098177949,46,0,0.2933829302935886,0.4921926534676105,70,0,0.45232460120531104,0.5997963680786744,37,16.06237840420901,0.8484681282621791,55.0,51.297016277769565,0.6648001018669386,54,coif,70.41176470588235,68.0,19.190032645651655,17,0.8933713051163704,0.8122055979082231,0.13097840704607377,4,41.5
smoothed,coif8,28852.52872709887,0.6744186046511628,20.506679086812127,6.296464059304348,86,1,False,False,202.39379320552172,,6.305018065988508,136758.76284207683,1.0,6.464780597335619e-05,-0.060943735609266796,507.98178889491345,0.011627906976744186,6766.765044087701,4.0,"[0.0, 0.011627906976744186, 0.023255813953488372, 0.03488372093023256, 0.046511627906976744, 0.05813953488372093, 0.06976744186046512, 0.08139534883720931, 0.09302325581395349, 0.10465116279069767, 0.11627906976744186, 0.12790697674418605, 0.13953488372093023, 0.1511627906976744, 0.16279069767441862, 0.1744186046511628, 0.18604651162790697, 0.19767441860465115, 0.20930232558139533, 0.22093023255813954, 0.23255813953488372, 0.2441860465116279, 0.2558139534883721, 0.26744186046511625, 0.27906976744186046, 0.29069767441860467, 0.3023255813953488, 0.313953488372093, 0.32558139534883723, 0.3372093023255814, 0.3488372093023256, 0.36046511627906974, 0.37209302325581395, 0.38372093023255816, 0.3953488372093023, 0.4069767441860465, 0.41860465116279066, 0.43023255813953487, 0.4418604651162791, 0.45348837209302323, 0.46511627906976744, 0.47674418604651164, 0.4883720930232558]","[58735.40051519185, 3980.8608992900167, 6766.765044087701, 2836.8019538168387, 4167.353178782821, 3770.976295870268, 4347.032183030769, 3209.042136813927, 1985.0350181129947, 1538.0397654450967, 1192.4959881944144, 1268.5421963449912, 1044.4730425237385, 1006.0098531151519, 667.9533947637927, 573.6537855466057, 566.2107228014687, 305.99882491879634, 259.5148476055749, 650.8837362987308, 639.6642933980893, 840.0716001288597, 486.12035552363244, 187.4995537908788, 641.0891675537557, 161.47066795653947, 153.77434994373996, 866.188840638268, 367.3951170460918, 603.3329266627353, 422.50368669794005, 279.5772284744533, 297.21867967739615, 314.3369557977787, 338.89372860469445, 287.7925675297647, 335.0969636732814, 357.2021525927752, 365.26519942266776, 177.0872176816749, 682.2784412035761, 464.48264311876227, 630.250699432201]",11,145.38916736316452,22.42543263494008,388.20277789697195,"[2, 15, 19, 31, 37, 44, 51, 58, 67, 76, 80]","[115.46164722048411, 166.66939036420172, 62.366348918348876, 388.20277789697195, 69.23992451304196, 145.2809051788364, 72.08095473137269, 22.42543263494008, 201.06257876302595, 284.3839099026908, 72.106970870895]","[0, 6, 18, 6, 33, 33, 49, 57, 49, 6, 78]","[6, 24, 24, 49, 40, 49, 59, 59, 75, 78, 81]",43575533.27693515,944.4889406248301,-944.4889406248301,108771.63641910513,0.057971940847611404,0.10688630449616289,0.4883720930232558,SWT,inu.32000013032919,21785653.876935154,,0.09090909090909091,2.0,0.0,0.36363636363636365,12.5,,279.0889406248301,15.152803726800897,166.68084099480984,65.55229865462415,,108771.63641910513,15.152803726800897,,,11.42543263494008,0.09090909090909091,-1.0,277.197222103028,279.0889406248301,,13.718211105086596,0.2339503569103864,0.6944434536960861,0.12310082165029745,0.14333401450821928,0.03876658874737454,0.6428571428571428,0.18219312199433124,0.328045971598829,,0.0611153274105721,0.11065363746377233,0.11065363746377233,0.30383741462969943,,0.995589659500916,0.05562773772463686,0.14369760176963697,0.5636665286466197,,,,,0.0,,0.45602843848243224,0.24705882352941175,0.33333333333333337,0.24999999999999994,0.33333333333333337,0.3789066889926002,0.3789066889926002,1.0,0.5526315789473685,1.9612034945086791,0.5832328227640667,63,0.9046674323800383,0.3439089707885972,71,0,0.34861335723448356,0.5848497496421733,41,0,0.2983364339953333,0.3956033103198877,70,13.961255912942311,0.868290038557148,61.25,58.28059331527222,0.6452299249389514,55,coif,70.41176470588235,68.0,19.190032645651655,17,0.8933713051163704,0.8122055979082231,0.13097840704607377,4,42.25
smoothed,bior5.5,39325.852287497226,0.6511627906976745,23.177424682060895,9.911999953509817,86,1,False,False,200.64401671389504,,6.314817483512972,134933.82538284516,1.0,5.7706997737218046e-05,0.9499663418618995,503.64415069505543,0.011627906976744186,6683.396953115536,6.0,"[0.0, 0.011627906976744186, 0.023255813953488372, 0.03488372093023256, 0.046511627906976744, 0.05813953488372093, 0.06976744186046512, 0.08139534883720931, 0.09302325581395349, 0.10465116279069767, 0.11627906976744186, 0.12790697674418605, 0.13953488372093023, 0.1511627906976744, 0.16279069767441862, 0.1744186046511628, 0.18604651162790697, 0.19767441860465115, 0.20930232558139533, 0.22093023255813954, 0.23255813953488372, 0.2441860465116279, 0.2558139534883721, 0.26744186046511625, 0.27906976744186046, 0.29069767441860467, 0.3023255813953488, 0.313953488372093, 0.32558139534883723, 0.3372093023255814, 0.3488372093023256, 0.36046511627906974, 0.37209302325581395, 0.38372093023255816, 0.3953488372093023, 0.4069767441860465, 0.41860465116279066, 0.43023255813953487, 0.4418604651162791, 0.45348837209302323, 0.46511627906976744, 0.47674418604651164, 0.4883720930232558]","[58735.40051519187, 3968.3942434346577, 6683.396953115536, 2760.3461665920436, 3975.5717474698363, 3513.920357890532, 3948.207079124583, 2840.2205862264927, 1715.3238210176833, 1302.9188590692409, 996.5134284975455, 1054.6164300092705, 871.2152243945133, 842.1859461935874, 556.9028979740698, 485.0926009472036, 525.8974926095848, 338.4293521380931, 281.19763370488965, 537.1997807250233, 457.22621775733603, 686.5708198029971, 690.1137013334525, 547.3498740278445, 831.3608937899476, 153.31862271600357, 144.67998198784, 915.1165167372371, 422.30689318219794, 698.1044212544411, 484.0768412849578, 320.8233880312489, 342.4940279729606, 361.69769500782246, 386.97810861146695, 324.5223877476089, 371.705974731782, 388.7138320717787, 389.46441288798525, 185.08361239311878, 700.4654118504947, 470.1765848785709, 632.2219179713397]",10,188.39384786055007,19.6690109594756,867.9947259116623,"[8, 15, 21, 28, 36, 47, 60, 68, 77, 82]","[176.9226859205072, 54.230287924386175, 150.3479079687088, 42.91213873336653, 385.29534680592974, 79.80666542517577, 85.84232788919076, 19.6690109594756, 20.91738106709795, 867.9947259116623]","[1, 14, 1, 26, 1, 42, 42, 65, 72, 1]","[16, 16, 26, 33, 42, 48, 72, 72, 78, 85]",43265675.41574889,943.1555584580543,-943.1555584580543,106837.52325435671,0.05950733140735875,0.1109161707674502,0.4883720930232558,SWT,inu.32000013032919,21475796.01574889,,0.0,3.0,1.0,0.0,7.5,,277.75555845805434,58.15748422418645,451.33847860550077,60.614052779289324,,106837.52325435671,58.15748422418645,,,8.6690109594756,0.0,-1.5,202.5947259116623,277.75555845805434,,18.055849304944616,0.06024049035264725,0.4966871310219008,0.9567021695375892,0.24574870410416655,0.07512329452611038,0.5000000000000003,0.9614325732988799,0.0,,0.0,0.4728377400935088,0.4728377400935088,0.2415567775552765,,0.9778866706471978,0.07498229472026513,0.4212544993998769,0.3426091865765173,,,,,0.25,,0.19558550829998395,0.27058823529411763,0.0,0.23529411764705876,0.0,0.36957403280475987,0.36957403280475987,0.0,0.4210526315789474,1.8427457989411398,0.5480052615459533,75,1.4861086167696085,0.5649436097513917,52,0,0.2842018593064321,0.476790067890048,74,0,0.41199179535516184,0.5463138239082298,52,12.996794476587935,0.877388731352944,63.25,61.247877758913404,0.6403453090726985,56,bior,22.2,20.0,15.667071929915393,15,0.281669449081803,0.6630985866087857,0.6039018096601022,1,42.25
smoothed,rbio2.4,47868.885058670174,0.6162790697674418,21.381558710100016,10.031641576286292,86,1,False,False,202.0588418025128,,6.315698826517371,135884.76929840408,1.0,5.2621676741161865e-05,0.9776744368999114,743.0454833403538,,,,[],[],11,179.31364175675188,25.61052373110028,927.326349352333,"[1, 9, 16, 22, 30, 36, 41, 45, 51, 61, 80]","[25.61052373110028, 189.43832609725825, 98.4955552019037, 927.326349352333, 56.06914833071096, 90.00364470159161, 26.779459628749123, 112.2730888915853, 48.94725721894747, 104.33360556407501, 293.1731006060162]","[0, 0, 15, 0, 27, 27, 40, 43, 50, 43, 43]","[2, 17, 17, 85, 31, 85, 43, 50, 53, 73, 85]",43351079.24736329,906.6677827982297,-906.6677827982297,0.0,,,,SWT,inu.32000013032919,21561199.847363293,,0.09090909090909091,6.5,0.0,0.09090909090909091,14.0,,241.26778279822975,49.07727812038826,539.8500593242707,49.87606094663185,,0.0,49.07727812038826,,,14.61052373110028,0.09090909090909091,2.0,261.926349352333,241.26778279822975,,221.34548334035378,0.20069790221206363,0.35179703384822636,0.9842868543334816,0.2549597077171686,0.10477926066985278,0.2857142857142856,0.9827907942280114,0.170939184319696,,0.1317351048223599,0.39636452226325103,0.39636452226325103,0.10613035507231072,,0.0,0.9820613610858123,0.5075581726645625,0.5184168558648918,,,,,0.0,,0.26736946778808335,0.3529411764705882,0.33333333333333337,0.33823529411764697,0.33333333333333337,0.1141874873887401,0.1141874873887401,0.25,0.5921052631578947,1.7967616413405925,0.5343302552985706,85,1.511967783316484,0.5747739618059475,48,0,0.3185735409452665,0.5344535767146157,55,0,0.4169956278803483,0.5529490601237336,51,17.075811352124187,0.8389074400743002,59.75,56.8281101614435,0.6376140973956407,57,rbio,36.333333333333336,37.0,23.627062772128387,15,0.4609905397885365,1.0,0.3773066221480244,3,43.5
smoothed,db20,24359.713999333217,0.6627906976744186,22.785439696734258,6.352671057392225,86,1,False,False,202.60371492813692,,6.301749655649332,136758.76284207677,1.0,6.390348348556562e-05,-0.037111581629741604,504.3581162266772,0.011627906976744186,6766.765044087667,5.0,"[0.0, 0.011627906976744186, 0.023255813953488372, 0.03488372093023256, 0.046511627906976744, 0.05813953488372093, 0.06976744186046512, 0.08139534883720931, 0.09302325581395349, 0.10465116279069767, 0.11627906976744186, 0.12790697674418605, 0.13953488372093023, 0.1511627906976744, 0.16279069767441862, 0.1744186046511628, 0.18604651162790697, 0.19767441860465115, 0.20930232558139533, 0.22093023255813954, 0.23255813953488372, 0.2441860465116279, 0.2558139534883721, 0.26744186046511625, 0.27906976744186046, 0.29069767441860467, 0.3023255813953488, 0.313953488372093, 0.32558139534883723, 0.3372093023255814, 0.3488372093023256, 0.36046511627906974, 0.37209302325581395, 0.38372093023255816, 0.3953488372093023, 0.4069767441860465, 0.41860465116279066, 0.43023255813953487, 0.4418604651162791, 0.45348837209302323, 0.46511627906976744, 0.47674418604651164, 0.4883720930232558]","[58735.40051519186, 3980.8608992900176, 6766.765044087667, 2836.8019538025474, 4167.353178235195, 3770.9763363323264, 4347.033170403639, 3209.0433044455863, 1985.0059076854654, 1537.9031071392255, 1192.5384500375974, 1270.6025905482045, 1048.0082173847145, 998.6449815485416, 647.3010948653101, 569.7785279955427, 625.0570217391895, 352.83060076257857, 223.73948011588587, 539.3347647737654, 626.9619480854533, 868.5027088194458, 434.58788992722435, 236.55841042152568, 823.3067296570165, 173.39516360149662, 140.02045666834812, 781.1107599417641, 370.1746920351842, 623.158573048905, 425.6084686963464, 278.6386096158104, 296.7374844735311, 314.3257641968862, 338.92384635046915, 287.7967881672545, 335.09684174604854, 357.2020714589189, 365.2651955034224, 177.08721770494714, 682.2784412070123, 464.4826431187645, 630.2506994322003]",13,151.51089139999215,52.47394707466128,409.6103649590993,"[1, 5, 10, 23, 29, 36, 45, 50, 59, 68, 74, 78, 83]","[61.631062971362894, 75.00996584450445, 281.32124014167607, 124.81408696850531, 73.34108268670343, 409.6103649590993, 58.74457993313365, 167.4273535143045, 152.5027004320907, 244.0515526301631, 149.85891286894605, 52.47394707466128, 118.85473817474724]","[0, 2, 2, 15, 28, 15, 41, 47, 55, 55, 55, 76, 76]","[2, 7, 15, 31, 31, 55, 47, 55, 67, 69, 84, 80, 84]",43577334.30358587,925.9806799747489,-925.9806799747489,108836.45055026285,0.05811389703120694,0.10700716576051722,0.4883720930232558,SWT,inu.32000013032919,21787454.903585874,,0.0,1.5,2.0,0.0,6.0,,260.58067997474893,21.274527763628527,537.0415881998979,71.37024112260133,,108836.45055026285,21.274527763628527,,,41.47394707466128,0.0,4.5,255.7896350409007,260.58067997474893,,17.34188377332282,0.25479043254150785,0.6732363445149421,0.1360599598632094,0.10917553217769552,0.0231703988432087,0.5714285714285712,0.2005636526718636,0.32804597159881854,,0.7273504011408687,0.16221060989518232,0.16221060989518232,0.37721269251486367,,0.996182904954368,0.071796577991945,0.5048197584104854,0.5002329367739139,,,,,0.5,,0.4575422443818671,0.23529411764705882,0.0,0.41176470588235287,0.0,0.2493630085788895,0.2493630085788895,0.0,0.3815789473684211,2.2343676710437363,0.6644677961896447,39,0.866232252825014,0.3292978523049039,75,0,0.33260680688968264,0.5579964269925337,47,0,0.2870588579549771,0.38064889675999725,75,18.76166303929372,0.8230031788745875,59.0,54.35943060498221,0.6331997026448409,58,db,78.8157894736842,80.5,20.353438202357445,38,1.0,0.861445978226601,0.04156620653201971,5,44.75
smoothed,coif12,28519.695294533558,0.6627906976744186,21.402945469970575,6.263177990501589,86,1,False,False,202.2176067206872,,6.3051832401384615,136758.76284207677,1.0,6.463031003323015e-05,-0.073528332854901,512.3622927573152,0.011627906976744186,6766.765044087667,5.0,"[0.0, 0.011627906976744186, 0.023255813953488372, 0.03488372093023256, 0.046511627906976744, 0.05813953488372093, 0.06976744186046512, 0.08139534883720931, 0.09302325581395349, 0.10465116279069767, 0.11627906976744186, 0.12790697674418605, 0.13953488372093023, 0.1511627906976744, 0.16279069767441862, 0.1744186046511628, 0.18604651162790697, 0.19767441860465115, 0.20930232558139533, 0.22093023255813954, 0.23255813953488372, 0.2441860465116279, 0.2558139534883721, 0.26744186046511625, 0.27906976744186046, 0.29069767441860467, 0.3023255813953488, 0.313953488372093, 0.32558139534883723, 0.3372093023255814, 0.3488372093023256, 0.36046511627906974, 0.37209302325581395, 0.38372093023255816, 0.3953488372093023, 0.4069767441860465, 0.41860465116279066, 0.43023255813953487, 0.4418604651162791, 0.45348837209302323, 0.46511627906976744, 0.47674418604651164, 0.4883720930232558]","[58735.40051519186, 3980.860899290017, 6766.765044087667, 2836.8019538025333, 4167.353178248589, 3770.976337120841, 4347.033146535039, 3209.0428163514116, 1985.0069613612814, 1537.927534270048, 1192.5425324071293, 1269.981801328618, 1047.4481855971796, 1004.9085569331137, 652.4113454674218, 548.1019351951608, 599.1663036468956, 398.9858314242099, 269.3901943899039, 414.44628372313923, 580.2298044658221, 898.4142120218402, 370.4662584672045, 359.03482311550147, 957.724303875004, 157.69085302628824, 122.72407741184033, 820.6713755341698, 385.02029298310373, 618.3695536800022, 422.97085961970765, 278.78772511209274, 296.8826311452253, 314.32468817120713, 338.9184633155792, 287.79663539997574, 335.09689271416124, 357.2020734202367, 365.2651954270448, 177.0872177043781, 682.278441207014, 464.48264311876534, 630.2506994322018]",10,157.70256418809964,33.89753858060806,415.9713405624768,"[5, 19, 27, 33, 40, 47, 56, 72, 76, 80]","[190.94513059056817, 181.64144096650602, 51.65975830356672, 415.9713405624768, 67.53898532718779, 157.2719944210878, 78.55682811967927, 284.26497236700186, 115.27765264231402, 33.89753858060806]","[0, 10, 26, 10, 38, 38, 52, 10, 74, 77]","[10, 28, 28, 52, 42, 52, 62, 83, 83, 83]",43582280.187959485,969.4662994096102,-969.4662994096102,108956.24107674044,0.058412011759331514,0.10730159822916946,0.4883720930232558,SWT,inu.32000013032919,21792400.787959486,,0.0,-1.5,1.0,0.0,-1.5,,304.0662994096102,27.466200551736023,144.4256418809964,72.81686590401296,,108956.24107674044,27.466200551736023,,,22.897538580608057,0.0,-6.0,249.42865943752315,304.0662994096102,,9.337707242684814,0.21645936253691136,0.6939449623585732,0.11542635439792714,0.14506026601802388,0.037611203151644554,0.5714285714285712,0.17249254142725656,0.32804597159881854,,0.3154746357845801,0.21435668856850268,0.21435668856850268,0.39545737195538566,,0.9972793508054513,0.03608191399106672,0.12199755509595045,0.48138450097562024,,,,,0.25,,0.4616993782808613,0.16470588235294115,0.0,0.1029411764705882,0.0,0.5537291126210437,0.5537291126210437,0.0,0.1842105263157895,1.87594135631204,0.5578771278172843,71,0.8624996784740944,0.3278789156244493,77,0,0.28041132746707376,0.4704308979062993,75,0,0.2850586541147158,0.37799656479395155,77,2.8284271247461903,0.9733167252382435,75.0,74.91777818381144,0.6328847777134614,59,coif,70.41176470588235,68.0,19.190032645651655,17,0.8933713051163704,0.8122055979082231,0.13097840704607377,4,45.25
smoothed,coif1,36352.322381585305,0.5813953488372093,16.497199866356677,10.099793388075177,86,1,False,False,201.02593146080866,,6.306293561255572,136758.76284207677,1.0,5.961619914606526e-05,0.9887117832365186,740.0264492664965,,,,[],[],10,185.74957049689095,25.832616836991573,906.8064289946287,"[1, 9, 16, 22, 29, 36, 44, 48, 61, 80]","[25.832616836991573, 185.6444592577958, 79.43588686427086, 906.8064289946287, 58.50428210752352, 115.63971785191848, 107.96871411326413, 35.739438325960236, 253.25553228823105, 88.66862832832533]","[0, 0, 15, 0, 27, 27, 43, 47, 43, 73]","[2, 17, 17, 85, 31, 85, 49, 49, 85, 85]",43327169.491273545,914.3976555477344,-914.3976555477344,0.0,,,,SWT,inu.32000013032919,21537290.091273546,,0.0,10.5,1.0,0.0,19.5,,248.99765554773444,55.51320686052733,424.89570496890974,55.51320686052731,,0.0,55.51320686052733,,,14.832616836991573,0.0,1.5,241.40642899462875,248.99765554773444,,218.3264492664964,0.09815525263244167,0.5510837714437187,0.9999999999999998,0.15666434271715474,0.0648010934320577,0.07142857142857156,0.991298707933562,0.32804597159881854,,0.13665934881702735,0.45056771708707755,0.45056771708707755,0.17722544585190556,,0.0,0.968590420366015,0.3954713365909853,0.4576135411590593,,,,,0.25,,0.24727274694930493,0.44705882352941173,0.0,0.32352941176470584,0.0,0.16829068941470116,0.16829068941470116,0.0,0.736842105263158,1.790723611533532,0.5325346348144313,86,1.461813725681835,0.5557079164011448,55,0,0.2987766662941738,0.5012414322482137,67,0,0.40768471389829064,0.5406025010927862,55,14.637281168304447,0.8619124418084486,65.75,63.57590651487036,0.620814711470262,60,coif,70.41176470588235,68.0,19.190032645651655,17,0.8933713051163704,0.8122055979082231,0.13097840704607377,4,46.0
smoothed,db22,24543.417761873443,0.6744186046511628,22.782452344609585,6.146339869623173,86,1,False,False,202.18057121219857,,6.301374171373697,136758.7628420768,1.0,6.63825850095055e-05,-0.1241956631878923,509.47560273346403,0.011627906976744186,6766.765044087668,5.0,"[0.0, 0.011627906976744186, 0.023255813953488372, 0.03488372093023256, 0.046511627906976744, 0.05813953488372093, 0.06976744186046512, 0.08139534883720931, 0.09302325581395349, 0.10465116279069767, 0.11627906976744186, 0.12790697674418605, 0.13953488372093023, 0.1511627906976744, 0.16279069767441862, 0.1744186046511628, 0.18604651162790697, 0.19767441860465115, 0.20930232558139533, 0.22093023255813954, 0.23255813953488372, 0.2441860465116279, 0.2558139534883721, 0.26744186046511625, 0.27906976744186046, 0.29069767441860467, 0.3023255813953488, 0.313953488372093, 0.32558139534883723, 0.3372093023255814, 0.3488372093023256, 0.36046511627906974, 0.37209302325581395, 0.38372093023255816, 0.3953488372093023, 0.4069767441860465, 0.41860465116279066, 0.43023255813953487, 0.4418604651162791, 0.45348837209302323, 0.46511627906976744, 0.47674418604651164, 0.4883720930232558]","[58735.40051519185, 3980.860899290019, 6766.765044087668, 2836.801953802531, 4167.353178249996, 3770.9763371193053, 4347.033138615234, 3209.042825062805, 1985.0081946722055, 1537.926211785041, 1192.4920461837582, 1270.0519526121266, 1048.4442695641092, 1003.724406860378, 646.4326508119713, 554.1561498848077, 623.2035468790252, 382.9153100353077, 235.15285932699183, 474.04024050740884, 610.4217184078883, 882.6568671292669, 405.77971423446525, 287.0956683895664, 900.4549983454372, 169.87109021155783, 129.25498456365156, 784.0659832682626, 380.98962326091447, 623.9650480867102, 423.47203448707774, 278.52239473909646, 296.86623619079967, 314.33799474686947, 338.9187547574985, 287.7964565880806, 335.0968918044959, 357.2020740710185, 365.2651954271939, 177.08721770431754, 682.2784412070167, 464.48264311876426, 630.2506994322002]",13,152.12389294789776,31.54417474868751,397.0816965227208,"[1, 7, 11, 27, 34, 40, 46, 52, 61, 66, 72, 76, 81]","[101.28298551912553, 89.90620982948565, 295.00237586225194, 146.17596547763867, 31.54417474868751, 167.86705399849814, 46.37441525493489, 397.0816965227208, 114.86517796605119, 272.64188552913276, 115.66260598824363, 136.70297541895388, 62.50308620694602]","[0, 4, 4, 17, 32, 17, 42, 17, 57, 57, 57, 57, 78]","[4, 9, 17, 32, 35, 49, 49, 57, 65, 67, 74, 82, 82]",43579596.36099765,963.6459059084578,-963.6459059084578,108893.9144607147,0.05825261915195248,0.10714052704885627,0.4883720930232558,SWT,inu.32000013032919,21789716.96099765,,0.0,1.5,2.0,0.0,-7.5,,298.24590590845787,21.887529311534138,545.010608322671,73.5280410111924,,108893.9144607147,21.887529311534138,,,20.54417474868751,0.0,-7.5,268.3183034772792,298.24590590845787,,12.224397266536016,0.21278264538575292,0.7438704816688447,0.08848804762991502,0.1052513085754888,0.023808101250339116,0.6428571428571428,0.13343666141613597,0.32804597159882376,,0.2632958989881548,0.16737329016558522,0.16737329016558522,0.40442663753364194,,0.9967088736436679,0.04896233509146383,0.5125899925801897,0.5373570852356373,,,,,0.5,,0.45944355764307704,0.23529411764705882,0.0,0.05882352941176466,0.0,0.5129908060967074,0.5129908060967074,0.0,0.02631578947368418,2.1178137895565765,0.6298064010339652,52,0.8463543819560833,0.32174128746425557,82,0,0.30021922276516244,0.5036615311153232,65,0,0.2848175450478054,0.37767684673692264,78,13.59840676942217,0.8717131436846965,69.25,67.0791819611956,0.6092056284461218,61,db,78.8157894736842,80.5,20.353438202357445,38,1.0,0.861445978226601,0.04156620653201971,5,47.0
smoothed,coif15,28379.0918774393,0.6627906976744186,21.41507914150655,6.378028043120844,86,1,False,False,202.32934622282102,,6.305253066978308,136758.76284207677,1.0,6.393227169808688e-05,-0.0270217969689893,509.21876311946244,0.011627906976744186,6766.765044087669,6.0,"[0.0, 0.011627906976744186, 0.023255813953488372, 0.03488372093023256, 0.046511627906976744, 0.05813953488372093, 0.06976744186046512, 0.08139534883720931, 0.09302325581395349, 0.10465116279069767, 0.11627906976744186, 0.12790697674418605, 0.13953488372093023, 0.1511627906976744, 0.16279069767441862, 0.1744186046511628, 0.18604651162790697, 0.19767441860465115, 0.20930232558139533, 0.22093023255813954, 0.23255813953488372, 0.2441860465116279, 0.2558139534883721, 0.26744186046511625, 0.27906976744186046, 0.29069767441860467, 0.3023255813953488, 0.313953488372093, 0.32558139534883723, 0.3372093023255814, 0.3488372093023256, 0.36046511627906974, 0.37209302325581395, 0.38372093023255816, 0.3953488372093023, 0.4069767441860465, 0.41860465116279066, 0.43023255813953487, 0.4418604651162791, 0.45348837209302323, 0.46511627906976744, 0.47674418604651164, 0.4883720930232558]","[58735.40051519187, 3980.8608992900163, 6766.765044087669, 2836.8019538025314, 4167.353178248657, 3770.9763371134964, 4347.03314583567, 3209.0428328791263, 1985.0070969626854, 1537.925415803681, 1192.5385483297605, 1270.0830447256212, 1047.413945690103, 1003.6108674405956, 652.968269940478, 553.5704176958872, 602.3219515417036, 367.7906555132791, 265.6885228349902, 677.8155152544385, 451.6609447925317, 286.7323712552899, 919.4073899258908, 548.1347229787505, 582.3019540316308, 159.13478336913505, 134.8845906223349, 816.040131416274, 381.38338602512715, 617.8431079296934, 423.5200262676577, 278.7968367454442, 296.85896911894105, 314.3257382892533, 338.9189301712188, 287.7966157397844, 335.0968909882955, 357.2020734777065, 365.26519542776134, 177.08721770437432, 682.278441207015, 464.4826431187629, 630.2506994321993]",11,155.3665948453461,50.49054228588102,419.810831608227,"[2, 9, 22, 27, 37, 43, 50, 58, 69, 73, 82]","[107.99894306873568, 175.52051964736154, 158.33337354650337, 69.1723190312814, 419.810831608227, 50.49054228588102, 138.1408014368718, 195.47365053596968, 188.4559525184743, 145.9064543833814, 59.72915523612005]","[1, 1, 14, 25, 14, 40, 40, 55, 68, 71, 79]","[3, 14, 29, 29, 68, 45, 68, 68, 71, 83, 83]",43575460.45726696,918.0361670519954,-918.0361670519954,108820.37181821735,0.05812767666024485,0.10706799699557472,0.4883720930232558,SWT,inu.32000013032919,21785581.057266958,,0.0,-5.5,0.0,0.09090909090909091,-1.0,,252.63616705199547,25.13023120898248,276.43254329880733,71.98759809185583,,108820.37181821735,25.13023120898248,,,39.49054228588102,0.0,-5.5,245.589168391773,252.63616705199547,,12.481236880537608,0.22755235304042912,0.6740565733486572,0.1419062902828886,0.1457900332833196,0.037123117680275194,0.5714285714285712,0.20834115775173545,0.32804597159881854,,0.6833743890042001,0.1946832262757831,0.1946832262757831,0.3849987336149128,,0.9960357358955088,0.05010835435791436,0.25071156512865533,0.47000756684062384,,,,,0.0,,0.45596723181274407,0.07058823529411763,0.0,0.11764705882352938,0.0,0.1937574893696463,0.1937574893696463,0.25,0.19736842105263158,1.8341408825286272,0.5454462870677971,78,0.8902093078799065,0.33841272041149184,72,0,0.2613160401730942,0.43839576855318724,85,0,0.29178050855183685,0.38690995103780235,72,6.18465843842649,0.9416541656752218,76.75,76.38982237157946,0.6087987809508184,62,coif,70.41176470588235,68.0,19.190032645651655,17,0.8933713051163704,0.8122055979082231,0.13097840704607377,4,47.5
smoothed,db3,33584.360401482954,0.6627906976744186,18.036248987154956,9.479694887821978,86,1,False,False,201.18180900301994,,6.302356012805324,136758.7628420768,1.0,6.136604404511442e-05,0.8781751147148269,522.9512246403449,0.011627906976744186,6764.130570979991,5.0,"[0.0, 0.011627906976744186, 0.023255813953488372, 0.03488372093023256, 0.046511627906976744, 0.05813953488372093, 0.06976744186046512, 0.08139534883720931, 0.09302325581395349, 0.10465116279069767, 0.11627906976744186, 0.12790697674418605, 0.13953488372093023, 0.1511627906976744, 0.16279069767441862, 0.1744186046511628, 0.18604651162790697, 0.19767441860465115, 0.20930232558139533, 0.22093023255813954, 0.23255813953488372, 0.2441860465116279, 0.2558139534883721, 0.26744186046511625, 0.27906976744186046, 0.29069767441860467, 0.3023255813953488, 0.313953488372093, 0.32558139534883723, 0.3372093023255814, 0.3488372093023256, 0.36046511627906974, 0.37209302325581395, 0.38372093023255816, 0.3953488372093023, 0.4069767441860465, 0.41860465116279066, 0.43023255813953487, 0.4418604651162791, 0.45348837209302323, 0.46511627906976744, 0.47674418604651164, 0.4883720930232558]","[58735.40051519187, 3980.7622204928603, 6764.130570979991, 2831.3790886206443, 4143.215609752878, 3720.4233674593033, 4233.712322904093, 3065.263232750014, 1845.7952604750544, 1381.261984271333, 1026.8378091072364, 1042.3933438006293, 817.4777705743007, 746.9113957945632, 468.96318614471096, 393.6407982990438, 420.70935263999615, 273.6971711334889, 234.842996236678, 469.75764852171574, 421.1806574201109, 666.0428475694493, 701.6562061193184, 578.6641286376722, 904.9545209883726, 169.97006826316453, 161.55152019040005, 1018.5127930418778, 464.2646881715128, 752.6841646083258, 509.424613499824, 328.7858416206735, 341.8915973229025, 352.63231187938476, 370.23795821303753, 306.6546698278181, 349.4663094208628, 366.2771586445973, 370.0970878967698, 178.10701106544832, 683.5802045177822, 464.6634076059455, 630.2663218919881]",10,197.04683309684452,32.676991311449314,752.3708778306697,"[1, 10, 16, 24, 30, 38, 42, 46, 61, 81]","[32.676991311449314, 211.12143378107055, 85.79744943521439, 412.9933969943153, 63.716719882573216, 155.83038212241365, 46.04618790744746, 107.72716108488271, 102.18773061840886, 752.3708778306697]","[0, 0, 15, 0, 28, 28, 41, 43, 43, 0]","[2, 15, 17, 43, 32, 43, 43, 50, 73, 85]",43464113.738362454,929.3292601966857,-929.3292601966857,107688.14173356764,0.059228947025471095,0.1102594548762131,0.4883720930232558,SWT,inu.32000013032919,21674234.338362455,,0.0,-3.0,1.0,0.0,-3.0,,263.92926019668573,66.8104694604809,537.8683309684452,66.81046946048085,,107688.14173356764,66.8104694604809,,,21.676991311449314,0.0,-1.5,86.97087783066968,263.92926019668573,,1.2512246403448444,0.11363006737960737,0.600940053408754,0.8570295080011783,0.11551263127161553,0.05519249318811749,0.5714285714285712,0.9060937675066696,0.32804597159882376,,0.2884126856342475,0.545712916856331,0.545712916856331,0.3197053323712157,,0.985672404042067,7.03076485919496e-12,0.505625878210756,0.0,,,,,0.25,,0.36237765617097084,0.12941176470588234,0.0,0.23529411764705876,0.0,0.27280051112499454,0.27280051112499454,0.0,0.14473684210526316,1.809806526241401,0.5382096105335749,82,1.5361686274807078,0.5839739032549696,44,0,0.2699035298253968,0.45280253487174166,78,0,0.4434841329729171,0.5880736346174052,41,21.746647251166483,0.7948429504606935,61.25,55.45300492610838,0.6085063808907241,63,db,78.8157894736842,80.5,20.353438202357445,38,1.0,0.861445978226601,0.04156620653201971,5,48.5
smoothed,coif17,28310.2985785869,0.6627906976744186,21.366191870937897,6.234657370875897,86,1,False,False,202.34652767049525,,6.3052860924475285,136758.7628420768,1.0,6.627548722116748e-05,-0.08661842894825215,499.63549978256003,0.011627906976744186,6766.7650440876705,6.0,"[0.0, 0.011627906976744186, 0.023255813953488372, 0.03488372093023256, 0.046511627906976744, 0.05813953488372093, 0.06976744186046512, 0.08139534883720931, 0.09302325581395349, 0.10465116279069767, 0.11627906976744186, 0.12790697674418605, 0.13953488372093023, 0.1511627906976744, 0.16279069767441862, 0.1744186046511628, 0.18604651162790697, 0.19767441860465115, 0.20930232558139533, 0.22093023255813954, 0.23255813953488372, 0.2441860465116279, 0.2558139534883721, 0.26744186046511625, 0.27906976744186046, 0.29069767441860467, 0.3023255813953488, 0.313953488372093, 0.32558139534883723, 0.3372093023255814, 0.3488372093023256, 0.36046511627906974, 0.37209302325581395, 0.38372093023255816, 0.3953488372093023, 0.4069767441860465, 0.41860465116279066, 0.43023255813953487, 0.4418604651162791, 0.45348837209302323, 0.46511627906976744, 0.47674418604651164, 0.4883720930232558]","[58735.40051519186, 3980.8608992900154, 6766.7650440876705, 2836.801953802532, 4167.353178248659, 3770.9763371134873, 4347.033145840658, 3209.042832690312, 1985.0070951153648, 1537.9255316369376, 1192.5374491516488, 1270.0816551901678, 1047.5044659157315, 1003.0431221450852, 653.5471505885268, 556.5125284261904, 585.5235795718462, 386.2419167451599, 266.0829540908957, 613.2540756763484, 523.1952144584939, 231.00973190143202, 934.6061287848253, 458.564149340107, 711.7587018545537, 158.9824973269484, 127.95214863900544, 840.1272404303965, 379.39717434241146, 617.294954988897, 423.7598426046604, 278.7727469773093, 296.85929389872865, 314.326028007986, 338.9189046445728, 287.7966160076176, 335.0968910080125, 357.2020734772977, 365.2651954277587, 177.0872177043749, 682.2784412070151, 464.48264311876557, 630.2506994322002]",12,150.05199901520777,49.50462685932621,428.53989244573995,"[4, 11, 25, 32, 39, 45, 52, 61, 67, 71, 76, 82]","[76.74004214517424, 158.51036658189912, 161.8651689228708, 57.03396523606443, 428.53989244573995, 49.50462685932621, 148.89103761017327, 216.8261715991586, 240.33936608688975, 57.53084221079882, 121.87990481114798, 82.96260367324999]","[1, 5, 15, 31, 15, 43, 43, 57, 66, 69, 69, 81]","[5, 15, 27, 34, 66, 48, 66, 66, 69, 72, 81, 85]",43577700.565272085,912.8568432713755,-912.8568432713755,108846.47996610247,0.05821139931481057,0.10716872266356864,0.4883720930232558,SWT,inu.32000013032919,21787821.165272087,,0.0,-2.0,1.0,0.0,-2.0,,247.45684327137553,19.81563537884415,368.0239881824932,65.73263260626794,,108846.47996610247,19.81563537884415,,,38.50462685932621,0.0,-6.5,236.86010755426003,247.45684327137553,,22.064500217440013,0.2292580491662155,0.7408190697773603,0.108850613578797,0.14613518575493872,0.0368843111818889,0.5714285714285712,0.16240230736526828,0.32804597159882376,,0.6615146914733868,0.14992386289217624,0.14992386289217624,0.30611176744202506,,0.9962747044623049,0.09286890927562597,0.3400182758312674,0.44414217243667403,,,,,0.25,,0.45785009607362587,0.15294117647058822,0.0,0.08823529411764702,0.0,0.1575061809792591,0.1575061809792591,0.0,0.1710526315789474,1.8667774506622257,0.5551519182331438,72,0.8725939924558301,0.33171626513878155,73,0,0.2542149892724979,0.4264827200275777,87,0,0.29047800998148293,0.3851827977725495,73,7.182153808805081,0.9322438319924049,76.25,75.78570540708515,0.6064521046754477,64,coif,70.41176470588235,68.0,19.190032645651655,17,0.8933713051163704,0.8122055979082231,0.13097840704607377,4,49.0
smoothed,sym3,33584.36040186266,0.6627906976744186,18.03624898936941,9.479694887871425,86,1,False,False,201.18180900161514,,6.302356012805095,136758.76284264398,1.0,6.136604404469775e-05,0.8781751147144639,522.9512246387692,0.011627906976744186,6764.130570968759,5.0,"[0.0, 0.011627906976744186, 0.023255813953488372, 0.03488372093023256, 0.046511627906976744, 0.05813953488372093, 0.06976744186046512, 0.08139534883720931, 0.09302325581395349, 0.10465116279069767, 0.11627906976744186, 0.12790697674418605, 0.13953488372093023, 0.1511627906976744, 0.16279069767441862, 0.1744186046511628, 0.18604651162790697, 0.19767441860465115, 0.20930232558139533, 0.22093023255813954, 0.23255813953488372, 0.2441860465116279, 0.2558139534883721, 0.26744186046511625, 0.27906976744186046, 0.29069767441860467, 0.3023255813953488, 0.313953488372093, 0.32558139534883723, 0.3372093023255814, 0.3488372093023256, 0.36046511627906974, 0.37209302325581395, 0.38372093023255816, 0.3953488372093023, 0.4069767441860465, 0.41860465116279066, 0.43023255813953487, 0.4418604651162791, 0.45348837209302323, 0.46511627906976744, 0.47674418604651164, 0.4883720930232558]","[58735.40051506735, 3980.762220484893, 6764.130570968759, 2831.379088617436, 4143.215609750928, 3720.4233674603006, 4233.712322908434, 3065.263232755372, 1845.795260479457, 1381.2619842753122, 1026.8378091104944, 1042.39334380394, 817.4777705765971, 746.9113957960568, 468.96318614507095, 393.64079829876596, 420.70935263912554, 273.697171132674, 234.8429962359107, 469.75764852029715, 421.1806574190953, 666.0428475683846, 701.6562061188199, 578.6641286377835, 904.9545209893491, 169.97006826349326, 161.55152019084528, 1018.5127930454717, 464.26468817349195, 752.6841646120469, 509.4246135026539, 328.7858416226701, 341.8915973251097, 352.6323118817348, 370.23795821550664, 306.6546698297974, 349.46630942296105, 366.2771586465655, 370.0970878984815, 178.10701106613368, 683.580204519937, 464.6634076071508, 630.2663218934007]",10,197.0468330973144,32.67699131187126,752.3708778328117,"[1, 10, 16, 24, 30, 38, 42, 46, 61, 81]","[32.67699131187126, 211.1214337814332, 85.79744943556716, 412.99339699418204, 63.71671988292951, 155.83038212303074, 46.04618790780785, 107.72716108502675, 102.18773061848401, 752.3708778328117]","[0, 0, 15, 0, 28, 28, 41, 43, 43, 0]","[2, 15, 17, 43, 32, 43, 43, 50, 73, 85]",43464113.73819021,929.3292601975124,-929.3292601975124,107688.14173347804,0.05922894702565812,0.11025945487639836,0.4883720930232558,SWT,inu.32000013032919,21674234.338190213,,0.0,-3.0,1.0,0.0,-3.0,,263.92926019751246,66.81046946095077,537.8683309731441,66.81046946095077,,107688.14173347804,66.81046946095077,,,21.676991311871262,0.0,-1.5,86.97087783281177,263.92926019751246,,1.2512246387691448,0.11363006724014524,0.6009400533968823,0.8570295080125787,0.11551263126922065,0.05519249318943558,0.5714285714285712,0.9060937675063898,0.3280459717007777,,0.2884126856436029,0.5457129168602882,0.5457129168602882,0.3197053323771423,,0.9856724040412469,0.0,0.5056258782153378,6.3472560540844825e-12,,,,,0.25,,0.3623776560261969,0.12941176470588234,0.0,0.23529411764705876,0.0,0.272800511130781,0.272800511130781,0.0,0.14473684210526316,1.8098065261797447,0.5382096105152392,83,1.5361686274822794,0.583973903255567,43,0,0.2699035298194564,0.45280253486177585,79,0,0.44348413296800016,0.5880736346108851,42,22.291627725822686,0.7897016252280878,61.75,55.732227970495934,0.6035772277083835,65,sym,29.105263157894736,31.0,17.30412518846335,19,0.36928213689482475,0.7323857965483599,0.5217867652091147,2,49.25
smoothed,db23,24322.076369813964,0.686046511627907,22.323896410334076,6.063428048135893,86,1,False,False,201.46911070213935,,6.301482357404952,136758.7628420768,1.0,6.765457555121536e-05,-0.16076702966070905,512.137565317559,0.011627906976744186,6766.76504408767,5.0,"[0.0, 0.011627906976744186, 0.023255813953488372, 0.03488372093023256, 0.046511627906976744, 0.05813953488372093, 0.06976744186046512, 0.08139534883720931, 0.09302325581395349, 0.10465116279069767, 0.11627906976744186, 0.12790697674418605, 0.13953488372093023, 0.1511627906976744, 0.16279069767441862, 0.1744186046511628, 0.18604651162790697, 0.19767441860465115, 0.20930232558139533, 0.22093023255813954, 0.23255813953488372, 0.2441860465116279, 0.2558139534883721, 0.26744186046511625, 0.27906976744186046, 0.29069767441860467, 0.3023255813953488, 0.313953488372093, 0.32558139534883723, 0.3372093023255814, 0.3488372093023256, 0.36046511627906974, 0.37209302325581395, 0.38372093023255816, 0.3953488372093023, 0.4069767441860465, 0.41860465116279066, 0.43023255813953487, 0.4418604651162791, 0.45348837209302323, 0.46511627906976744, 0.47674418604651164, 0.4883720930232558]","[58735.40051519187, 3980.860899290016, 6766.76504408767, 2836.801953802532, 4167.35317824856, 3770.9763370668484, 4347.033146990681, 3209.04288701699, 1985.0067998291163, 1537.9213085677995, 1192.555535392306, 1270.2279642735543, 1046.9847914995303, 1001.3586632076284, 657.1941862150826, 565.1898812314465, 563.4358320510373, 345.4377799984825, 345.4867164753199, 656.468551032097, 276.36828764799225, 395.9183428424608, 878.9245643119775, 682.2510055747665, 629.540312178965, 118.57248394813956, 142.4141624838614, 869.7988105371433, 373.41514297216787, 613.8190137563448, 424.46976585111594, 278.91098911715875, 296.82509278778633, 314.3212608120902, 338.91983529697546, 287.79665881974057, 335.0968853350738, 357.2020733827966, 365.26519543227477, 177.08721770437867, 682.2784412070166, 464.48264311876727, 630.2506994321997]",12,152.09113808864674,23.817378959816097,414.23406529249763,"[4, 8, 12, 26, 32, 39, 47, 53, 65, 71, 75, 80]","[59.355392437358205, 118.9673440721956, 282.8002179780581, 172.2008576560254, 61.642780605676535, 414.23406529249763, 39.192806236686806, 174.9441273665053, 251.35784936867094, 113.04382400472582, 23.817378959816097, 113.53701308554446]","[2, 5, 5, 18, 31, 18, 43, 50, 58, 69, 58, 58]","[5, 9, 18, 34, 34, 58, 50, 58, 66, 72, 77, 81]",43578721.7220584,937.3570549929241,-937.3570549929241,108915.43085601977,0.058361823975141426,0.10729481471792647,0.4883720930232558,SWT,inu.32000013032919,21788842.322058402,,0.0,-2.0,1.0,0.0,2.5,,271.9570549929241,21.854774452283124,392.493657063761,69.51272996447202,,108915.43085601977,21.854774452283124,,,12.817378959816097,0.0,-2.0,251.16593470750234,271.9570549929241,,9.562434682440994,0.14215207579306394,0.7801118189089651,0.06937182027939781,0.10638197157479126,0.02303974497629155,0.7142857142857144,0.1052463681558059,0.32804597159882376,,0.09197753406783385,0.1670974297437106,0.1670974297437106,0.35378595734985957,,0.9969058137778856,0.03708464862241173,0.3638775526724971,0.48653228386804,,,,,0.25,,0.4587084027326386,0.15294117647058822,0.0,0.22058823529411759,0.0,0.32898893980406607,0.32898893980406607,0.0,0.2894736842105263,1.8320756914262615,0.544832129873221,79,0.8420443404699264,0.32010282687807,83,0,0.26078044600899725,0.4374972312301575,86,0,0.2835794356966067,0.3760350755616331,79,3.4034296427770228,0.9678921731813488,81.75,81.64505737141202,0.5983328790435045,66,db,78.8157894736842,80.5,20.353438202357445,38,1.0,0.861445978226601,0.04156620653201971,5,50.75
smoothed,db7,27855.4789656631,0.686046511627907,20.67440727729596,7.160319993936996,86,1,False,False,200.61758555599215,,6.301513030548732,136758.7628420768,1.0,6.29644177290474e-05,0.27109214347018346,491.646424576199,0.011627906976744186,6766.762612634477,4.0,"[0.0, 0.011627906976744186, 0.023255813953488372, 0.03488372093023256, 0.046511627906976744, 0.05813953488372093, 0.06976744186046512, 0.08139534883720931, 0.09302325581395349, 0.10465116279069767, 0.11627906976744186, 0.12790697674418605, 0.13953488372093023, 0.1511627906976744, 0.16279069767441862, 0.1744186046511628, 0.18604651162790697, 0.19767441860465115, 0.20930232558139533, 0.22093023255813954, 0.23255813953488372, 0.2441860465116279, 0.2558139534883721, 0.26744186046511625, 0.27906976744186046, 0.29069767441860467, 0.3023255813953488, 0.313953488372093, 0.32558139534883723, 0.3372093023255814, 0.3488372093023256, 0.36046511627906974, 0.37209302325581395, 0.38372093023255816, 0.3953488372093023, 0.4069767441860465, 0.41860465116279066, 0.43023255813953487, 0.4418604651162791, 0.45348837209302323, 0.46511627906976744, 0.47674418604651164, 0.4883720930232558]","[58735.40051519187, 3980.860892955392, 6766.762612634477, 2836.7810157821614, 4167.135053762313, 3770.281409628767, 4345.677094627169, 3209.6100829162515, 1990.493722640336, 1552.4770238508727, 1217.8052250169158, 1314.831949572584, 1093.0366737650877, 1036.468092903507, 646.527413716842, 503.74975482767155, 457.25070073088904, 230.60498412700508, 152.03350755603327, 293.88236650830106, 320.0049206589229, 617.6375306605272, 743.6481468718097, 657.1277331576762, 1043.4902672377937, 190.49761823552575, 170.13219341201176, 986.5239355021844, 412.0983206414303, 623.8771503908622, 409.1625534852823, 266.10312477754155, 286.0174512791171, 307.5218118690536, 335.68150005043833, 286.9989314794283, 335.037646740055, 357.3134674402645, 365.33249525473093, 177.096486186085, 682.2834769672472, 464.482810017925, 630.2507004350999]",10,162.3528209625991,20.271917180365108,459.35658323655764,"[12, 16, 26, 34, 40, 51, 65, 74, 79, 83]","[204.51727873145285, 43.59721393292523, 172.33720539128274, 90.30987493354314, 459.35658323655764, 58.82834144636456, 229.8408364464093, 20.271917180365108, 252.57758043248555, 91.89137789460506]","[5, 15, 5, 31, 5, 46, 46, 69, 46, 81]","[21, 21, 35, 35, 46, 52, 78, 78, 81, 84]",43593849.82615181,944.3959347935047,-944.3959347935047,108969.99036546548,0.058782979414565804,0.10798487652331665,0.4883720930232558,SWT,inu.32000013032919,21803970.426151812,,0.0,3.0,1.0,0.0,6.0,,278.9959347935047,32.11645732623549,190.92820962599126,69.57889673777044,,108969.99036546548,32.11645732623549,,,9.271917180365108,0.0,-6.0,206.04341676344234,278.9959347935047,,30.05357542380102,0.057616524986642464,0.646480643386161,0.32227225641445423,0.10670253965869689,0.03530546729779523,0.7142857142857144,0.4381362192028701,0.32804597159882376,,0.013367624923107613,0.25352100876319256,0.25352100876319256,0.3546204457285706,,0.9974051984081057,0.12851619111414728,0.16734012360554062,0.3528281265883959,,,,,0.25,,0.471423935406584,0.27058823529411763,0.0,0.1029411764705882,0.0,0.3782557192490022,0.3782557192490022,0.0,0.3815789473684211,1.785977352205372,0.5311231677059522,87,1.067783669873723,0.4059175447103739,63,0,0.2641201922739982,0.4431001426689191,83,0,0.3311056671038948,0.4390563238213957,63,12.806248474865697,0.8791863351427764,74.0,72.34780534351145,0.5905365637978033,67,db,78.8157894736842,80.5,20.353438202357445,38,1.0,0.861445978226601,0.04156620653201971,5,51.5
smoothed,coif14,28419.88184628996,0.6627906976744186,21.441106674462247,6.413858896805465,86,1,False,False,201.58215318674115,,6.305233013336562,136758.76284207683,1.0,6.176445827177025e-05,-0.010477933720580245,519.9183102511121,0.011627906976744186,6766.765044087669,4.0,"[0.0, 0.011627906976744186, 0.023255813953488372, 0.03488372093023256, 0.046511627906976744, 0.05813953488372093, 0.06976744186046512, 0.08139534883720931, 0.09302325581395349, 0.10465116279069767, 0.11627906976744186, 0.12790697674418605, 0.13953488372093023, 0.1511627906976744, 0.16279069767441862, 0.1744186046511628, 0.18604651162790697, 0.19767441860465115, 0.20930232558139533, 0.22093023255813954, 0.23255813953488372, 0.2441860465116279, 0.2558139534883721, 0.26744186046511625, 0.27906976744186046, 0.29069767441860467, 0.3023255813953488, 0.313953488372093, 0.32558139534883723, 0.3372093023255814, 0.3488372093023256, 0.36046511627906974, 0.37209302325581395, 0.38372093023255816, 0.3953488372093023, 0.4069767441860465, 0.41860465116279066, 0.43023255813953487, 0.4418604651162791, 0.45348837209302323, 0.46511627906976744, 0.47674418604651164, 0.4883720930232558]","[58735.40051519186, 3980.8608992900186, 6766.765044087669, 2836.801953802529, 4167.353178248659, 3770.97633711366, 4347.03314581771, 3209.0428324145164, 1985.0071164779615, 1537.9253502146234, 1192.5361251201352, 1270.107399652386, 1047.4475610739971, 1002.6951497756148, 654.6719378922844, 557.4105408269478, 573.893790626838, 387.7742144205152, 317.70821309825436, 385.4769750762003, 518.4996506142331, 920.8310478946602, 312.1096718140113, 465.4092377364655, 981.7381403702716, 135.330884913126, 127.34372580033731, 856.0203811577728, 378.7867477346028, 616.2270867849733, 423.9066924859376, 278.78789131023467, 296.85327646218815, 314.32637699233254, 338.91894462534424, 287.7966129103566, 335.09689103681137, 357.2020734791815, 365.26519542773923, 177.087217704373, 682.2784412070182, 464.4826431187669, 630.2506994322015]",11,148.99198394822085,37.45961170419446,428.13035731610285,"[5, 9, 21, 25, 35, 42, 49, 58, 70, 74, 82]","[37.45961170419446, 148.72413139621722, 193.74033546548844, 76.88862839299122, 428.13035731610285, 49.75026473654407, 154.1322963282172, 102.10107397269746, 269.87795987210757, 129.05379418524467, 49.05337006062405]","[2, 2, 12, 24, 12, 40, 40, 54, 54, 72, 80]","[6, 12, 30, 30, 54, 46, 54, 66, 84, 84, 84]",43584384.05595748,941.388347557438,-941.388347557438,108991.4378112353,0.0585157815226141,0.10741769728439475,0.4883720930232558,SWT,inu.32000013032919,21794504.655957483,,0.09090909090909091,-1.0,0.0,0.09090909090909091,-1.0,,275.98834755743803,18.75562031185723,206.31182343042929,61.89555534529305,,108991.4378112353,18.75562031185723,,,26.459611704194458,0.18181818181818182,6.5,237.26964268389713,275.98834755743803,,1.7816897488879704,0.15337442048080166,0.6122916034997524,0.15016748552515458,0.14558045067399653,0.037264714460673996,0.5714285714285712,0.22109365790723567,0.328045971598829,,0.3944528513261839,0.1409964484486717,0.1409964484486717,0.25771895299936737,,0.9976015074454071,0.0023669371982944776,0.1823399955841774,0.4453556807221031,,,,,0.0,,0.46346772956301874,0.1764705882352941,0.33333333333333337,0.4705882352941176,0.6666666666666667,0.35720490701486235,0.35720490701486235,0.25,0.19736842105263158,1.8226370157373217,0.5420252077559453,81,0.8594501614504486,0.3267196429199537,78,0,0.32411853390820344,0.5437561111093606,51,0,0.27740585944687685,0.3678487230997559,83,14.974979131871937,0.8587266119634723,73.25,70.39498729649219,0.5838444380572079,68,coif,70.41176470588235,68.0,19.190032645651655,17,0.8933713051163704,0.8122055979082231,0.13097840704607377,4,52.0
smoothed,db24,24140.90476173705,0.6744186046511628,24.368217291462013,5.959251787862044,86,1,False,False,201.9751128171955,,6.301533893536726,136758.7628420768,1.0,6.532165371914649e-05,-0.2067179684752188,483.7408055145544,0.011627906976744186,6766.76504408767,5.0,"[0.0, 0.011627906976744186, 0.023255813953488372, 0.03488372093023256, 0.046511627906976744, 0.05813953488372093, 0.06976744186046512, 0.08139534883720931, 0.09302325581395349, 0.10465116279069767, 0.11627906976744186, 0.12790697674418605, 0.13953488372093023, 0.1511627906976744, 0.16279069767441862, 0.1744186046511628, 0.18604651162790697, 0.19767441860465115, 0.20930232558139533, 0.22093023255813954, 0.23255813953488372, 0.2441860465116279, 0.2558139534883721, 0.26744186046511625, 0.27906976744186046, 0.29069767441860467, 0.3023255813953488, 0.313953488372093, 0.32558139534883723, 0.3372093023255814, 0.3488372093023256, 0.36046511627906974, 0.37209302325581395, 0.38372093023255816, 0.3953488372093023, 0.4069767441860465, 0.41860465116279066, 0.43023255813953487, 0.4418604651162791, 0.45348837209302323, 0.46511627906976744, 0.47674418604651164, 0.4883720930232558]","[58735.40051519186, 3980.860899290017, 6766.76504408767, 2836.8019538025296, 4167.353178248563, 3770.976337124568, 4347.033146703866, 3209.0428086558936, 1985.0069466011928, 1537.9283827109443, 1192.541608950329, 1269.946466645628, 1047.5193444788306, 1005.3569047914033, 651.551126438194, 546.6279373679114, 604.6266286777659, 400.4344967866467, 260.4177943152708, 417.5730982887809, 588.1752611347702, 895.7356335309503, 376.7481888030538, 341.90948998523436, 954.9906609705359, 161.13455224584175, 122.10458333674471, 812.6256194541745, 385.98860409806883, 619.1809347939638, 422.78079325366195, 278.7687870092638, 296.8908884767978, 314.3249315754006, 338.91827634061167, 287.7966375399692, 335.09689351774966, 357.2020734063645, 365.26519542668456, 177.08721770437887, 682.2784412070166, 464.48264311876517, 630.2506994321983]",11,157.01720247373922,38.0168374586101,409.7971246944073,"[9, 13, 27, 31, 41, 48, 54, 64, 73, 77, 81]","[89.46011402856413, 292.7883792165285, 133.14710758388492, 72.73367263835962, 409.7971246944073, 38.0168374586101, 149.42912787871467, 265.8573612809862, 56.122734351473696, 102.51590440379573, 117.32086367580655]","[6, 10, 18, 30, 18, 45, 51, 59, 71, 59, 59]","[10, 18, 33, 33, 59, 51, 59, 65, 75, 80, 84]",43581934.450932264,961.168278355324,-961.168278355324,108943.50162552008,0.05838263604606705,0.10727454645270373,0.4883720930232558,SWT,inu.32000013032919,21792055.050932266,,0.09090909090909091,2.0,0.0,0.0,-5.5,,295.768278355324,26.780838837375597,294.5892272111314,73.25408889293789,,108943.50162552008,26.780838837375597,,,27.016837458610098,0.0,-5.5,255.6028753055927,295.768278355324,,37.959194485445664,0.19238566865761658,0.7136426085662577,0.045352843971814716,0.10692058082636058,0.022410832595963798,0.6428571428571428,0.06982602252197878,0.32804597159882376,,0.4068076498411739,0.20858459319140762,0.20858459319140762,0.40097158226027085,,0.9971627462721349,0.16379109133965136,0.26841533341766843,0.4996795422790836,,,,,0.0,,0.4614087780550122,0.24705882352941175,0.33333333333333337,0.11764705882352938,0.0,0.49564930664435514,0.49564930664435514,0.0,0.07894736842105263,1.9462826637648465,0.5787955890669635,66,0.7799775510525915,0.2965081611427157,88,0,0.2990939504024359,0.5017737226135474,66,0,0.2651802089494948,0.3516371335771233,86,12.151817422372122,0.8853602129964894,76.5,75.05454545454545,0.5818310498944711,69,db,78.8157894736842,80.5,20.353438202357445,38,1.0,0.861445978226601,0.04156620653201971,5,53.0
smoothed,db12,25383.28459123395,0.6511627906976745,21.222287712286136,6.17180770278916,86,1,False,False,202.19613529017403,,6.301781646756564,136758.7628420768,1.0,6.410063382605977e-05,-0.11396363033827644,503.55384327279796,0.011627906976744186,6766.7650441030555,5.0,"[0.0, 0.011627906976744186, 0.023255813953488372, 0.03488372093023256, 0.046511627906976744, 0.05813953488372093, 0.06976744186046512, 0.08139534883720931, 0.09302325581395349, 0.10465116279069767, 0.11627906976744186, 0.12790697674418605, 0.13953488372093023, 0.1511627906976744, 0.16279069767441862, 0.1744186046511628, 0.18604651162790697, 0.19767441860465115, 0.20930232558139533, 0.22093023255813954, 0.23255813953488372, 0.2441860465116279, 0.2558139534883721, 0.26744186046511625, 0.27906976744186046, 0.29069767441860467, 0.3023255813953488, 0.313953488372093, 0.32558139534883723, 0.3372093023255814, 0.3488372093023256, 0.36046511627906974, 0.37209302325581395, 0.38372093023255816, 0.3953488372093023, 0.4069767441860465, 0.41860465116279066, 0.43023255813953487, 0.4418604651162791, 0.45348837209302323, 0.46511627906976744, 0.47674418604651164, 0.4883720930232558]","[58735.40051519186, 3980.860899289999, 6766.7650441030555, 2836.8019610194947, 4167.353566828914, 3770.978901815943, 4347.0217868391555, 3208.880688085385, 1984.5478817401652, 1537.406754375976, 1193.762353926636, 1277.8376614642075, 1061.0362914780853, 1011.2973925930079, 633.905830197107, 502.04060341168713, 507.366914767039, 350.4343492225172, 344.08242707265083, 741.2705611092256, 629.739470768774, 801.6834206816341, 545.7751606224105, 226.81825675934883, 397.6119192965356, 119.51189256765713, 140.80635967774467, 936.2590242609376, 413.06219419240153, 635.3659561554059, 420.2462970222052, 275.12412870960065, 295.03532541574026, 314.00283887804056, 339.03319115237935, 287.8631797436594, 335.1138217286688, 357.20300686062825, 365.26494700477735, 177.08720119206856, 682.2784394712666, 464.48264311770856, 630.2506994322022]",12,145.9172243126392,21.1383582603521,454.8776472534276,"[3, 9, 16, 23, 31, 35, 44, 54, 58, 69, 74, 80]","[286.35247697831153, 21.1383582603521, 128.19683565774642, 24.842661872171334, 454.8776472534276, 84.54068630053746, 175.8825370733873, 78.4414742147593, 22.927935903855655, 92.46941149938084, 287.11206849293626, 94.22459824480461]","[1, 8, 8, 21, 8, 34, 40, 49, 57, 49, 49, 79]","[8, 10, 25, 25, 49, 40, 49, 61, 61, 73, 75, 82]",43575960.41671151,977.6144216418566,-977.6144216418566,108748.67175924391,0.057949694581779586,0.10690241046113493,0.4883720930232558,SWT,inu.32000013032919,21786081.01671151,,0.0,2.5,1.0,0.0,11.5,,312.2144216418566,15.680860676275586,318.4066917516707,57.688843458787616,,108748.67175924391,15.680860676275586,,,10.1383582603521,0.0,-2.0,210.52235274657238,312.2144216418566,,18.146156727202083,0.21432777639028316,0.678853518340188,0.09435993513875152,0.10950987442903742,0.026723583717035516,0.5000000000000003,0.14132381561625051,0.32804597159882376,,0.03257833958143419,0.11510091692663244,0.11510091692663244,0.20466434557515892,,0.9953794633629846,0.07538524675791264,0.29163867505282737,0.366099823036637,,,,,0.25,,0.4563874596624206,0.2588235294117647,0.0,0.22058823529411759,0.0,0.610759741397138,0.610759741397138,0.0,0.5263157894736842,1.8297248668998267,0.5441330295359973,80,0.7804349934614585,0.2966820576956342,87,0,0.28497679021424893,0.47809012750630026,73,0,0.2616430594037963,0.3469467642158112,88,6.97614984548545,0.9341872656086279,82.0,81.53860182149097,0.5803011799741252,70,db,78.8157894736842,80.5,20.353438202357445,38,1.0,0.861445978226601,0.04156620653201971,5,53.75
smoothed,db19,24797.021352976397,0.6511627906976745,20.43144017549664,6.380077847536362,86,1,False,False,201.74082204265804,,6.3016168658846,136758.76284207677,1.0,6.221568051886234e-05,-0.024593466489429422,490.3158163496581,0.011627906976744186,6766.765044087668,6.0,"[0.0, 0.011627906976744186, 0.023255813953488372, 0.03488372093023256, 0.046511627906976744, 0.05813953488372093, 0.06976744186046512, 0.08139534883720931, 0.09302325581395349, 0.10465116279069767, 0.11627906976744186, 0.12790697674418605, 0.13953488372093023, 0.1511627906976744, 0.16279069767441862, 0.1744186046511628, 0.18604651162790697, 0.19767441860465115, 0.20930232558139533, 0.22093023255813954, 0.23255813953488372, 0.2441860465116279, 0.2558139534883721, 0.26744186046511625, 0.27906976744186046, 0.29069767441860467, 0.3023255813953488, 0.313953488372093, 0.32558139534883723, 0.3372093023255814, 0.3488372093023256, 0.36046511627906974, 0.37209302325581395, 0.38372093023255816, 0.3953488372093023, 0.4069767441860465, 0.41860465116279066, 0.43023255813953487, 0.4418604651162791, 0.45348837209302323, 0.46511627906976744, 0.47674418604651164, 0.4883720930232558]","[58735.40051519185, 3980.8608992900145, 6766.765044087668, 2836.801953802676, 4167.353178294599, 3770.9763357934235, 4347.033049748547, 3209.0428005490735, 1985.0136642215712, 1537.9432956908834, 1192.4182175777983, 1269.4744221317728, 1048.2890786612593, 1009.5806152381584, 654.2241879700895, 536.5671857434456, 561.8926555281212, 401.93425211510583, 359.4135608494917, 548.1406438259727, 188.98027936271114, 454.19206296492456, 850.9535733423951, 719.7560995260317, 811.5341089712128, 108.59105359905601, 121.45752887340736, 871.792284033793, 392.4656137107383, 616.652620210639, 420.9818600452918, 278.5637666942122, 297.00115610498, 314.357451609872, 338.91498986239117, 287.7956635814057, 335.0968943642866, 357.2020813733232, 365.26519555562174, 177.0872177024233, 682.2784412069809, 464.48264311876653, 630.2506994322002]",13,140.0272232559492,35.47370108969858,437.1715063492588,"[4, 9, 22, 26, 30, 37, 44, 49, 59, 67, 72, 80, 84]","[114.22369701213768, 315.371485988284, 126.86126022532835, 53.822061238252445, 90.25877840456815, 437.1715063492588, 35.47370108969858, 156.25052207051533, 128.06795294355504, 60.673059476736626, 167.60829779777885, 58.6095818317192, 75.96199789950685]","[3, 3, 14, 25, 29, 14, 39, 47, 55, 65, 55, 77, 83]","[7, 14, 32, 32, 32, 55, 47, 55, 68, 68, 85, 83, 85]",43583083.785191834,946.1340793786022,-946.1340793786022,109004.77884155819,0.05859429576711908,0.10753150931294389,0.4883720930232558,SWT,inu.32000013032919,21793204.385191835,,0.0,-7.5,2.0,0.0,10.5,,280.73407937860225,9.790859619585575,387.7539023273398,56.931240976095665,,109004.77884155819,9.790859619585575,,,24.47370108969858,0.0,-7.5,228.2284936507412,280.73407937860225,,31.384183650341924,0.1691263441808213,0.6251477506886515,0.14237889511207014,0.10778773310671513,0.024688451321927114,0.5000000000000003,0.21021298686161227,0.32804597159881854,,0.3504212800708192,0.06549550834011447,0.06549550834011447,0.1951095428248767,,0.9977236182481295,0.1344533697290628,0.35925603037219433,0.41856552655082163,,,,,0.5,,0.462374820940532,0.023529411764705882,0.0,0.05882352941176466,0.0,0.39042140304294143,0.39042140304294143,0.0,0.5,1.9533194519527846,0.5808882254759519,64,0.8052512411265774,0.3061159445449629,86,0,0.2728939418155009,0.4578193871163416,77,0,0.26342351660882707,0.34930770536792033,87,10.661457061146317,0.89942021640428,78.5,77.31833294364475,0.5794270893342155,71,db,78.8157894736842,80.5,20.353438202357445,38,1.0,0.861445978226601,0.04156620653201971,5,54.5
smoothed,db14,25795.0907536446,0.686046511627907,20.680267747721597,6.21027752997079,86,1,False,False,201.37918658966117,,6.3015001514912035,136758.7628420768,1.0,6.407988947760052e-05,-0.0974091504412066,492.1410981690601,0.011627906976744186,6766.765044086335,5.0,"[0.0, 0.011627906976744186, 0.023255813953488372, 0.03488372093023256, 0.046511627906976744, 0.05813953488372093, 0.06976744186046512, 0.08139534883720931, 0.09302325581395349, 0.10465116279069767, 0.11627906976744186, 0.12790697674418605, 0.13953488372093023, 0.1511627906976744, 0.16279069767441862, 0.1744186046511628, 0.18604651162790697, 0.19767441860465115, 0.20930232558139533, 0.22093023255813954, 0.23255813953488372, 0.2441860465116279, 0.2558139534883721, 0.26744186046511625, 0.27906976744186046, 0.29069767441860467, 0.3023255813953488, 0.313953488372093, 0.32558139534883723, 0.3372093023255814, 0.3488372093023256, 0.36046511627906974, 0.37209302325581395, 0.38372093023255816, 0.3953488372093023, 0.4069767441860465, 0.41860465116279066, 0.43023255813953487, 0.4418604651162791, 0.45348837209302323, 0.46511627906976744, 0.47674418604651164, 0.4883720930232558]","[58735.40051519186, 3980.8608992900154, 6766.765044086335, 2836.801953397953, 4167.353155440843, 3770.9764346469387, 4347.040117376996, 3209.0789891227064, 1985.01467039794, 1537.5479997727994, 1191.3066333550505, 1268.9252719463066, 1053.0109571323753, 1022.3442291306026, 666.2558400114292, 540.5590988105969, 511.92118920053963, 309.20758241205345, 303.8476227281898, 709.9592009518941, 638.9345797800889, 819.8521342769404, 518.7435040491299, 190.689534265482, 499.4209328715589, 142.49303218117745, 152.9314190892189, 931.2896011553296, 389.922910207026, 605.0108453372935, 415.45180556292445, 277.29945578541094, 297.1293322485467, 314.6501087051207, 339.0020824614905, 287.79551769970067, 335.0931154134716, 357.20150061503466, 365.26518598044845, 177.08721867356826, 682.2784413043197, 464.48264311885504, 630.2506994322005]",12,148.63979948529746,30.399559190781474,462.57890683644615,"[1, 5, 18, 24, 33, 39, 46, 56, 69, 74, 78, 82]","[77.12696331056566, 300.72612190485256, 112.97710109441118, 30.399559190781474, 462.57890683644615, 64.06760448658065, 174.65318850633741, 63.21860951862027, 55.35107241979449, 211.52644407683442, 184.62401698445387, 46.428005493891646]","[0, 2, 10, 22, 10, 38, 38, 51, 51, 51, 76, 80]","[2, 10, 26, 26, 51, 41, 51, 62, 71, 76, 85, 85]",43575965.749907345,955.5810951101079,-955.5810951101079,108746.45300461777,0.05793303221876939,0.10687353443494353,0.4883720930232558,SWT,inu.32000013032919,21786086.349907346,,0.0,-6.5,1.0,0.0,-2.0,,290.1810951101079,18.40343584893384,351.0775938235697,57.73231316551323,,108746.45300461777,18.40343584893384,,,19.399559190781474,0.0,-2.0,202.82109316355383,290.1810951101079,,29.55890183093993,0.13322481813835357,0.6782624739073203,0.10322957458639026,0.10656793934436014,0.028153112309205242,0.7142857142857144,0.1540844993992181,0.32804597159882376,,0.23791750525277894,0.13803036168349275,0.13803036168349275,0.20521258093983205,,0.9953591550433207,0.1263089557924979,0.32349460661317947,0.34327994352956204,,,,,0.25,,0.45639194234085023,0.04705882352941175,0.0,0.22058823529411759,0.0,0.45654329369073154,0.45654329369073154,0.0,0.1710526315789474,1.7813030097063511,0.529733087595498,88,0.8513109323058214,0.32362551814221396,81,0,0.2536562050368303,0.42554527797737424,90,0,0.2807317629461732,0.37225897369002314,81,4.69041575982343,0.9557507947186469,85.0,84.80666270077336,0.5769320011329083,72,db,78.8157894736842,80.5,20.353438202357445,38,1.0,0.861445978226601,0.04156620653201971,5,55.25
smoothed,coif13,28466.2912833586,0.6744186046511628,21.436104120995196,6.364851368557183,86,1,False,False,201.9898831777435,,6.305209951682987,136758.7628420768,1.0,6.713590658483342e-05,-0.03240590295708276,519.5044934493262,0.011627906976744186,6766.765044087669,6.0,"[0.0, 0.011627906976744186, 0.023255813953488372, 0.03488372093023256, 0.046511627906976744, 0.05813953488372093, 0.06976744186046512, 0.08139534883720931, 0.09302325581395349, 0.10465116279069767, 0.11627906976744186, 0.12790697674418605, 0.13953488372093023, 0.1511627906976744, 0.16279069767441862, 0.1744186046511628, 0.18604651162790697, 0.19767441860465115, 0.20930232558139533, 0.22093023255813954, 0.23255813953488372, 0.2441860465116279, 0.2558139534883721, 0.26744186046511625, 0.27906976744186046, 0.29069767441860467, 0.3023255813953488, 0.313953488372093, 0.32558139534883723, 0.3372093023255814, 0.3488372093023256, 0.36046511627906974, 0.37209302325581395, 0.38372093023255816, 0.3953488372093023, 0.4069767441860465, 0.41860465116279066, 0.43023255813953487, 0.4418604651162791, 0.45348837209302323, 0.46511627906976744, 0.47674418604651164, 0.4883720930232558]","[58735.40051519187, 3980.860899290015, 6766.765044087669, 2836.801953802531, 4167.353178248655, 3770.976337115031, 4347.033145833517, 3209.042827920261, 1985.007135096117, 1537.9260539781253, 1192.5317817332166, 1270.072772354905, 1047.7299685281396, 1002.8433422524654, 650.8470707241448, 562.7142131073674, 597.9558895286647, 339.69817579534106, 304.312971136301, 692.1968416558824, 363.5765053601716, 345.2521647912687, 899.5481584402838, 627.1396711968237, 547.2448810610507, 142.26348400965725, 144.21096601522194, 822.4344419397048, 375.14102338507473, 619.8434329117749, 423.8441653499607, 278.7127168028652, 296.86137009049037, 314.32752180408414, 338.9187895340782, 287.79661021100003, 335.09689150611257, 357.2020734778819, 365.26519542760894, 177.08721770437316, 682.2784412070139, 464.4826431187662, 630.2506994322005]",13,126.43433921723356,23.251594277824665,387.93719563662444,"[4, 8, 21, 26, 30, 36, 41, 48, 57, 63, 71, 75, 80]","[108.68635125485184, 137.29296260516173, 137.18018824514138, 43.94634671127676, 55.37957343452479, 164.50008784476427, 38.86229841187571, 387.93719563662444, 90.49939546628627, 23.251594277824665, 315.592975537209, 90.67177555511955, 49.84566484337631]","[3, 3, 11, 25, 27, 11, 38, 11, 53, 61, 11, 73, 76]","[5, 11, 27, 27, 31, 38, 44, 53, 61, 65, 85, 85, 85]",43575725.79317399,956.8885180412344,-956.8885180412344,108836.8491821577,0.058162898358481575,0.10709645774689941,0.4883720930232558,SWT,inu.32000013032919,21785846.393173993,,0.0,-3.0,2.0,0.0,6.0,,291.48851804123444,3.8020244191300634,211.04640982403635,51.08055663742459,,108836.8491821577,3.8020244191300634,,,12.251594277824665,0.0,-3.0,277.46280436337554,291.48851804123444,,2.1955065506738265,0.19385200299922,0.7653339913149295,0.13886826383304907,0.14533943103312694,0.037425818453989096,0.6428571428571428,0.204190929270066,0.32804597159882376,,0.07943296717823917,0.015057721620452102,0.015057721620452102,0.12132132791363015,,0.9961865536426248,0.0042133892320706245,0.18695647846516428,0.5644534850029164,,,,,0.5,,0.4561902529775005,0.12941176470588234,0.0,0.19117647058823525,0.0,0.46569425506724926,0.46569425506724926,0.0,0.3815789473684211,1.7675319715542286,0.525637785156795,89,0.9324969988280454,0.35448836959534724,67,0,0.2540236439138937,0.4261617102821032,88,0,0.3069891939200434,0.40707713677741025,66,12.7148207485071,0.8800488608631406,77.5,75.93521857099789,0.5744583926957212,73,coif,70.41176470588235,68.0,19.190032645651655,17,0.8933713051163704,0.8122055979082231,0.13097840704607377,4,55.75
smoothed,db37,23573.52866584206,0.6744186046511628,25.763164037826723,6.052140988809523,86,1,False,False,201.49776164602198,,6.300311969339882,136758.7628420768,1.0,6.254308772791662e-05,-0.16567194782793496,523.590722270179,0.011627906976744186,6766.7650440876705,5.0,"[0.0, 0.011627906976744186, 0.023255813953488372, 0.03488372093023256, 0.046511627906976744, 0.05813953488372093, 0.06976744186046512, 0.08139534883720931, 0.09302325581395349, 0.10465116279069767, 0.11627906976744186, 0.12790697674418605, 0.13953488372093023, 0.1511627906976744, 0.16279069767441862, 0.1744186046511628, 0.18604651162790697, 0.19767441860465115, 0.20930232558139533, 0.22093023255813954, 0.23255813953488372, 0.2441860465116279, 0.2558139534883721, 0.26744186046511625, 0.27906976744186046, 0.29069767441860467, 0.3023255813953488, 0.313953488372093, 0.32558139534883723, 0.3372093023255814, 0.3488372093023256, 0.36046511627906974, 0.37209302325581395, 0.38372093023255816, 0.3953488372093023, 0.4069767441860465, 0.41860465116279066, 0.43023255813953487, 0.4418604651162791, 0.45348837209302323, 0.46511627906976744, 0.47674418604651164, 0.4883720930232558]","[58735.400515191846, 3980.8608992900176, 6766.7650440876705, 2836.8019538025283, 4167.353178248657, 3770.976337113489, 4347.03314584059, 3209.042832685247, 1985.0070956759748, 1537.92551324218, 1192.5376876851217, 1270.0803306699124, 1047.4940021723173, 1003.2292775172565, 652.7275414694485, 559.0421766099537, 580.7038485782548, 385.61676246153803, 280.447197520591, 561.3703566685492, 558.3488038712273, 197.24197660338814, 942.132278294677, 401.3971751447926, 793.1497276167294, 153.1738404107212, 128.19885769246866, 846.7887756715687, 377.6725854196941, 618.0707722333067, 423.6812402467608, 278.7755318623015, 296.85960348168726, 314.32596513594956, 338.9189086983015, 287.7966159263375, 335.0968910085405, 357.20207347730184, 365.2651954277573, 177.08721770437367, 682.2784412070159, 464.482643118765, 630.2506994322]",12,152.78093351427822,24.804564328168112,435.09703867916863,"[4, 10, 14, 18, 23, 37, 50, 55, 65, 70, 74, 80]","[43.74994167148168, 81.62904546121092, 25.947889190127853, 94.7807422642635, 343.1239660108323, 103.43576633142834, 239.63945385379725, 230.59357717998694, 435.09703867916863, 48.45016720840965, 162.11904999246326, 24.804564328168112]","[0, 0, 12, 15, 21, 29, 29, 54, 29, 69, 69, 79]","[9, 21, 15, 21, 29, 45, 54, 60, 69, 71, 75, 81]",43579165.375509806,999.9670800580355,-999.9670800580355,108838.61151621703,0.05821826246520799,0.10719913397380954,0.4883720930232558,SWT,inu.32000013032919,21789285.975509807,,0.0,-2.0,1.0,0.0,2.5,,334.5670800580356,22.544569877914597,400.7712021713387,66.03593013338686,,108838.61151621703,22.544569877914597,,,13.804564328168112,0.0,-6.5,230.30296132083134,334.5670800580356,,1.8907222701789124,0.14499641143388603,0.6344761809631662,0.0667694652915175,0.09415012921357921,0.02044126432421288,0.6428571428571428,0.10146551184969,0.32804597159882376,,0.11386538872330604,0.17290686570139951,0.17290686570139951,0.30993692392246913,,0.9962026843327919,0.002853440694084358,0.3719486157198051,0.42471245638255506,,,,,0.25,,0.4590813040507695,0.15294117647058822,0.0,0.08823529411764702,0.0,0.76721126825899,0.76721126825899,0.0,0.2894736842105263,1.9468012234423797,0.5789498010216874,65,0.7601466041851848,0.28896943444290435,89,0,0.2966381798080734,0.49765380928410635,68,0,0.2541502596915023,0.3370110807659186,89,13.047988350699889,0.8769057702764161,77.75,76.1000145088746,0.5717076021193401,74,db,78.8157894736842,80.5,20.353438202357445,38,1.0,0.861445978226601,0.04156620653201971,5,56.75
smoothed,db17,24852.764961003155,0.6627906976744186,20.169111282951043,6.3843524996497685,86,1,False,False,201.83026460830007,,6.301618391064953,136758.7628420768,1.0,6.396159313053153e-05,-0.022628320260173498,512.8677857342486,0.011627906976744186,6766.765044087675,6.0,"[0.0, 0.011627906976744186, 0.023255813953488372, 0.03488372093023256, 0.046511627906976744, 0.05813953488372093, 0.06976744186046512, 0.08139534883720931, 0.09302325581395349, 0.10465116279069767, 0.11627906976744186, 0.12790697674418605, 0.13953488372093023, 0.1511627906976744, 0.16279069767441862, 0.1744186046511628, 0.18604651162790697, 0.19767441860465115, 0.20930232558139533, 0.22093023255813954, 0.23255813953488372, 0.2441860465116279, 0.2558139534883721, 0.26744186046511625, 0.27906976744186046, 0.29069767441860467, 0.3023255813953488, 0.313953488372093, 0.32558139534883723, 0.3372093023255814, 0.3488372093023256, 0.36046511627906974, 0.37209302325581395, 0.38372093023255816, 0.3953488372093023, 0.4069767441860465, 0.41860465116279066, 0.43023255813953487, 0.4418604651162791, 0.45348837209302323, 0.46511627906976744, 0.47674418604651164, 0.4883720930232558]","[58735.400515191846, 3980.8608992900154, 6766.765044087675, 2836.8019538007757, 4167.353177531208, 3770.9763295021603, 4347.033581044722, 3209.046948104542, 1985.0039487232546, 1537.8249836763625, 1192.323596018748, 1270.870776090372, 1051.2395024346642, 1005.2521509186752, 640.0670044920578, 533.1406659471361, 599.008222746439, 424.6879565453479, 345.4422677681858, 474.16505421022606, 162.62425502179582, 482.8192470531209, 835.4173431555256, 728.0324614957555, 900.322911077561, 118.60239108679573, 110.85414977915131, 820.9020507367728, 394.620214577071, 629.8122147423921, 422.8252163961336, 277.7751141110411, 296.6747361196605, 314.3823847463036, 338.9410613598405, 287.79707218712707, 335.09646126482636, 357.202037715937, 365.2651961650073, 177.0872177348619, 682.2784412074367, 464.48264311876477, 630.2506994321993]",10,163.76757279226635,20.85423894814471,427.2993691038882,"[7, 21, 26, 36, 43, 48, 57, 62, 71, 78]","[298.3593108073784, 134.27766967860236, 31.104443143608705, 427.2993691038882, 67.06523679024451, 179.39570358043977, 74.39617974580199, 20.85423894814471, 264.7073553665723, 140.2162207579828]","[5, 13, 25, 13, 38, 38, 53, 61, 13, 76]","[13, 31, 31, 53, 45, 53, 65, 65, 85, 85]",43584081.8348644,931.9466768829523,-931.9466768829523,109007.3300984095,0.05861262525007222,0.10755793649963269,0.4883720930232558,SWT,inu.32000013032919,21794202.4348644,,0.0,-1.5,1.0,0.0,-1.5,,266.5466768829523,33.53120915590273,205.07572792266365,76.82223295519579,,109007.3300984095,33.53120915590273,,,9.854238948144712,0.0,-1.5,238.1006308961118,266.5466768829523,,8.832214265751418,0.17800579605173714,0.6748919945933477,0.14336446291384364,0.10780367291865789,0.024881957609056177,0.5714285714285712,0.21172777982247515,0.32804597159882376,,0.02627885175495895,0.2654360053622943,0.2654360053622943,0.44597263951436594,,0.9977469699694377,0.033826402539404526,0.18113473428435828,0.4478180118083519,,,,,0.25,,0.4632137055187566,0.16470588235294115,0.0,0.23529411764705876,0.0,0.2911204276814831,0.2911204276814831,0.0,0.1842105263157895,1.7558719359910233,0.5221702635691072,90,0.8527117593456367,0.32415804199382237,79,0,0.25240637265516536,0.42344850187759975,91,0,0.28001877586706414,0.37131353083903273,82,5.916079783099616,0.9441879265745319,85.5,85.19071834701667,0.5687920764948131,75,db,78.8157894736842,80.5,20.353438202357445,38,1.0,0.861445978226601,0.04156620653201971,5,57.5
smoothed,db38,23496.24314455753,0.6627906976744186,24.26228167341358,6.084429360975657,86,1,False,False,201.18011688383754,,6.300291355312861,136758.7628420768,1.0,6.277876911503528e-05,-0.15123386822605048,504.35779235736493,0.011627906976744186,6766.765044087667,6.0,"[0.0, 0.011627906976744186, 0.023255813953488372, 0.03488372093023256, 0.046511627906976744, 0.05813953488372093, 0.06976744186046512, 0.08139534883720931, 0.09302325581395349, 0.10465116279069767, 0.11627906976744186, 0.12790697674418605, 0.13953488372093023, 0.1511627906976744, 0.16279069767441862, 0.1744186046511628, 0.18604651162790697, 0.19767441860465115, 0.20930232558139533, 0.22093023255813954, 0.23255813953488372, 0.2441860465116279, 0.2558139534883721, 0.26744186046511625, 0.27906976744186046, 0.29069767441860467, 0.3023255813953488, 0.313953488372093, 0.32558139534883723, 0.3372093023255814, 0.3488372093023256, 0.36046511627906974, 0.37209302325581395, 0.38372093023255816, 0.3953488372093023, 0.4069767441860465, 0.41860465116279066, 0.43023255813953487, 0.4418604651162791, 0.45348837209302323, 0.46511627906976744, 0.47674418604651164, 0.4883720930232558]","[58735.40051519185, 3980.8608992900154, 6766.765044087667, 2836.8019538025287, 4167.353178248657, 3770.97633711349, 4347.03314584059, 3209.042832686936, 1985.007095520444, 1537.9255198274325, 1192.5375587169324, 1270.081989326746, 1047.4889336087526, 1003.1651929205032, 653.3920836957027, 555.1523203030704, 597.6850324587356, 358.40315967314046, 310.7800212731634, 581.971761535148, 333.84325074909276, 955.6834285861446, 183.12077914576918, 648.1645332109597, 762.7229862413498, 138.99693340965, 138.1544844346529, 822.8279625777161, 380.31804557182517, 617.4418860978659, 423.7083026582777, 278.7768808209615, 296.8592158001712, 314.3259991290546, 338.91890724708327, 287.79661594888574, 335.0968910083646, 357.2020734773007, 365.26519542775804, 177.08721770437606, 682.2784412070156, 464.48264311876505, 630.2506994321984]",13,151.24156755856876,21.252342436742424,518.1499220462059,"[3, 7, 11, 15, 19, 24, 38, 52, 60, 64, 75, 79, 83]","[68.38047594795933, 37.57467514817529, 95.18374412033234, 91.49420957315078, 175.19834058214826, 277.99164145372765, 95.53008817823229, 518.1499220462059, 153.6119695721086, 235.0703273836092, 115.59993724832191, 81.1027045706794, 21.252342436742424]","[0, 5, 8, 13, 17, 21, 30, 30, 55, 62, 70, 78, 81]","[8, 8, 21, 17, 21, 30, 46, 70, 62, 70, 81, 81, 84]",43579842.29197972,963.5894280583369,-963.5894280583369,108841.14794812676,0.058184325426310336,0.10713066804243966,0.4883720930232558,SWT,inu.32000013032919,21789962.891979724,,0.0,1.5,2.0,0.0,-3.0,,298.18942805833694,21.00520392220514,533.5403782613939,54.49565951079643,,108841.14794812676,21.00520392220514,,,10.252342436742424,0.0,-3.0,147.25007795379406,298.18942805833694,,17.342207642635117,0.11346208146896106,0.6411911747871807,0.07421390267130201,0.09393468996187333,0.020172978240803562,0.5714285714285712,0.11259481155457385,0.32804597159882376,,0.03510559450825712,0.1599423727476315,0.1599423727476315,0.1643922458058805,,0.9962259003610184,0.07179802309796243,0.501405885602996,0.17861546786784166,,,,,0.5,,0.459650268505113,0.23529411764705882,0.0,0.19117647058823525,0.0,0.5125955043066126,0.5125955043066126,0.0,0.14473684210526316,1.8359177674636145,0.5459747062855178,77,0.7328058944137497,0.2785758743106611,91,0,0.26797092056656185,0.4495603009821621,81,0,0.2443805227140112,0.3240561082957759,91,7.118052168020874,0.9328485644526333,85.0,84.54744525547444,0.5654808859999015,76,db,78.8157894736842,80.5,20.353438202357445,38,1.0,0.861445978226601,0.04156620653201971,5,58.25
smoothed,db32,23715.836565027697,0.686046511627907,22.510967961199725,5.866014944426189,86,1,False,False,201.32586426187368,,6.300801584037502,136758.76284207677,1.0,6.138139112704986e-05,-0.24905953371137277,471.0774151918351,0.011627906976744186,6766.765044087669,5.0,"[0.0, 0.011627906976744186, 0.023255813953488372, 0.03488372093023256, 0.046511627906976744, 0.05813953488372093, 0.06976744186046512, 0.08139534883720931, 0.09302325581395349, 0.10465116279069767, 0.11627906976744186, 0.12790697674418605, 0.13953488372093023, 0.1511627906976744, 0.16279069767441862, 0.1744186046511628, 0.18604651162790697, 0.19767441860465115, 0.20930232558139533, 0.22093023255813954, 0.23255813953488372, 0.2441860465116279, 0.2558139534883721, 0.26744186046511625, 0.27906976744186046, 0.29069767441860467, 0.3023255813953488, 0.313953488372093, 0.32558139534883723, 0.3372093023255814, 0.3488372093023256, 0.36046511627906974, 0.37209302325581395, 0.38372093023255816, 0.3953488372093023, 0.4069767441860465, 0.41860465116279066, 0.43023255813953487, 0.4418604651162791, 0.45348837209302323, 0.46511627906976744, 0.47674418604651164, 0.4883720930232558]","[58735.40051519185, 3980.8608992900176, 6766.765044087669, 2836.8019538025287, 4167.353178248658, 3770.9763371134904, 4347.033145840139, 3209.042832770054, 1985.0070932804576, 1537.9255296181914, 1192.5380253804362, 1270.0726439751372, 1047.5322460656712, 1003.248389581458, 652.0018352449705, 561.2374353501889, 583.1288742396001, 361.0085589698814, 338.5187225595164, 432.07768225896217, 454.0623747632286, 936.9064113651167, 261.2346111251908, 545.5632716388034, 941.9333946746661, 123.12700367987418, 137.26320040183495, 843.4505134271474, 376.1631800074316, 618.7560806501796, 423.67316870592845, 278.7653531274907, 296.86140009657385, 314.3258761270499, 338.918905089455, 287.7966162736526, 335.09689099968415, 357.20207347733884, 365.2651954277575, 177.08721770437373, 682.278441207015, 464.4826431187662, 630.2506994322013]",12,153.7194324701319,25.796143044683163,521.7513400976943,"[3, 7, 15, 19, 32, 47, 55, 60, 71, 75, 79, 83]","[25.796143044683163, 45.954542653619455, 138.2813774338082, 355.6887180435298, 108.00263681590468, 245.13583906872282, 39.28413917689193, 521.7513400976943, 118.62763034084116, 105.49246123375315, 80.87214806519808, 59.746213666936]","[2, 2, 12, 16, 24, 24, 52, 24, 65, 74, 65, 65]","[5, 16, 16, 24, 41, 57, 57, 65, 78, 78, 80, 84]",43583591.67001262,989.412061968436,-989.412061968436,108968.99546538964,0.058464263819276684,0.10737090320468379,0.4883720930232558,SWT,inu.32000013032919,21793712.270012625,,0.0,-2.0,1.0,0.0,-2.0,,324.012061968436,23.48306883376827,412.0331896415828,52.11710733197784,,108968.99546538964,23.48306883376827,,,14.796143044683163,0.0,1.0,143.64865990230567,324.012061968436,,50.62258480816496,0.12793121950513425,0.6013773198457562,0.023856069873831265,0.09926714123528059,0.02093526667130407,0.7142857142857144,0.037187889024949405,0.32804597159881854,,0.135850652608216,0.18081087517696043,0.18081087517696043,0.13439419614385667,,0.9973960920614481,0.22029518376648882,0.3829296746846329,0.16794397639250075,,,,,0.25,,0.46280171025815364,0.15294117647058822,0.0,0.30882352941176466,0.0,0.6933342078473719,0.6933342078473719,0.0,0.1710526315789474,1.8627035875625284,0.5539404117873091,73,0.7250152376466511,0.2756142591859834,92,0,0.28515105496807003,0.47838248204616135,72,0,0.2441108240050986,0.32369847949192526,92,11.265729744080792,0.8937195307162189,82.25,81.09206775113198,0.5588880672449019,77,db,78.8157894736842,80.5,20.353438202357445,38,1.0,0.861445978226601,0.04156620653201971,5,59.0
smoothed,db15,25341.168600277895,0.6395348837209303,21.067048745535775,6.242351301656864,86,1,False,False,202.44369389821884,,6.301655798577347,136758.7628420768,1.0,6.120419485574236e-05,-0.082006985149323,505.3114547370867,0.011627906976744186,6766.765044087226,6.0,"[0.0, 0.011627906976744186, 0.023255813953488372, 0.03488372093023256, 0.046511627906976744, 0.05813953488372093, 0.06976744186046512, 0.08139534883720931, 0.09302325581395349, 0.10465116279069767, 0.11627906976744186, 0.12790697674418605, 0.13953488372093023, 0.1511627906976744, 0.16279069767441862, 0.1744186046511628, 0.18604651162790697, 0.19767441860465115, 0.20930232558139533, 0.22093023255813954, 0.23255813953488372, 0.2441860465116279, 0.2558139534883721, 0.26744186046511625, 0.27906976744186046, 0.29069767441860467, 0.3023255813953488, 0.313953488372093, 0.32558139534883723, 0.3372093023255814, 0.3488372093023256, 0.36046511627906974, 0.37209302325581395, 0.38372093023255816, 0.3953488372093023, 0.4069767441860465, 0.41860465116279066, 0.43023255813953487, 0.4418604651162791, 0.45348837209302323, 0.46511627906976744, 0.47674418604651164, 0.4883720930232558]","[58735.40051519186, 3980.8608992900163, 6766.765044087226, 2836.8019538031594, 4167.353186027628, 3770.9765144344315, 4347.033109322865, 3209.025091804215, 1984.9402919913255, 1537.9280448737604, 1193.2761687324664, 1272.604909065356, 1047.5416146988277, 989.877055750858, 633.4114544321657, 554.9371445440661, 642.8272260523415, 429.3286378002854, 316.3238008167335, 392.9478477201418, 159.51029654986868, 510.9931048842775, 818.8858958926045, 728.92271600994, 975.7672167138505, 136.07785601387963, 108.48778039004586, 751.7249159769367, 380.4633108959576, 635.8071724162112, 429.2460664243946, 278.7628595223996, 296.26835373610203, 314.1311975617921, 338.91835079142743, 287.8063011447978, 335.09874354885136, 357.202076478015, 365.26517825205343, 177.0872173738145, 682.2784412068653, 464.4826431187951, 630.2506994322005]",11,157.54471291164992,20.91122667090292,427.22797558960906,"[2, 6, 19, 23, 28, 34, 38, 47, 55, 73, 77]","[88.85442822137213, 315.615472962785, 112.4162984892688, 20.91122667090292, 50.73076027942636, 427.22797558960906, 77.24033469987944, 171.6225549678412, 70.86913958879768, 235.75368931958747, 161.74996123867902]","[1, 1, 11, 22, 27, 11, 37, 37, 52, 52, 75]","[3, 11, 29, 29, 29, 52, 43, 52, 63, 75, 83]",43583894.61001084,996.4546803504657,-996.4546803504657,108973.59890477483,0.05854695880702015,0.10750308346532751,0.4883720930232558,SWT,inu.32000013032919,21794015.21001084,,0.09090909090909091,2.0,0.0,0.0,-5.5,,331.0546803504657,27.308349275286304,300.3918420281493,70.61235371353918,,108973.59890477483,27.308349275286304,,,9.91122667090292,0.09090909090909091,-1.0,238.17202441039092,331.0546803504657,,16.38854526291334,0.23890427114516813,0.5963286739513344,0.11062453347815249,0.10819462256038584,0.02657738383283076,0.4285714285714287,0.16595694492965807,0.32804597159882376,,0.02754238242798776,0.21302726995060653,0.21302726995060653,0.3676542963031979,,0.9974382274636625,0.06754277818530102,0.27407320292109427,0.44802956050059817,,,,,0.0,,0.4630563385593464,0.24705882352941175,0.33333333333333337,0.24999999999999994,0.33333333333333337,0.7426271545054023,0.7426271545054023,0.0,0.07894736842105263,1.900402126657066,0.5651513980168115,69,0.7533603448524147,0.28638964061027183,90,0,0.32218436077168533,0.5405112535868866,52,0,0.2504004787584727,0.3320387556287746,90,18.39157415774952,0.8264945834174573,75.25,71.49784124875455,0.5582944615200494,78,db,78.8157894736842,80.5,20.353438202357445,38,1.0,0.861445978226601,0.04156620653201971,5,59.75
smoothed,db18,25084.481810095724,0.6744186046511628,21.610255452574474,6.41942345021679,86,1,False,False,201.66168127681692,,6.301484541784729,136758.7628420768,1.0,6.634818021283516e-05,-0.009973538086157386,501.12514724714475,0.011627906976744186,6766.765044087667,5.0,"[0.0, 0.011627906976744186, 0.023255813953488372, 0.03488372093023256, 0.046511627906976744, 0.05813953488372093, 0.06976744186046512, 0.08139534883720931, 0.09302325581395349, 0.10465116279069767, 0.11627906976744186, 0.12790697674418605, 0.13953488372093023, 0.1511627906976744, 0.16279069767441862, 0.1744186046511628, 0.18604651162790697, 0.19767441860465115, 0.20930232558139533, 0.22093023255813954, 0.23255813953488372, 0.2441860465116279, 0.2558139534883721, 0.26744186046511625, 0.27906976744186046, 0.29069767441860467, 0.3023255813953488, 0.313953488372093, 0.32558139534883723, 0.3372093023255814, 0.3488372093023256, 0.36046511627906974, 0.37209302325581395, 0.38372093023255816, 0.3953488372093023, 0.4069767441860465, 0.41860465116279066, 0.43023255813953487, 0.4418604651162791, 0.45348837209302323, 0.46511627906976744, 0.47674418604651164, 0.4883720930232558]","[58735.40051519185, 3980.860899290016, 6766.765044087667, 2836.801953801847, 4167.353178321702, 3770.9763460779877, 4347.0332012753615, 3209.0408775295914, 1984.9977487014949, 1537.950915975593, 1192.7781182559002, 1270.284825093497, 1044.9473718268366, 997.3536858142625, 658.4142941432683, 581.0750572974769, 601.4359187849733, 319.3267598042436, 233.83667677938993, 604.6065886899053, 637.4042047737737, 853.2976580611028, 463.0740013726014, 197.2007956266684, 726.475534993972, 170.29021695104066, 150.18337792658275, 817.3455864121042, 361.9589797599291, 612.6474041208431, 426.14816575880735, 279.4516571448544, 296.8117989149624, 314.2625802759066, 338.9133105020779, 287.79797109275717, 335.09709517103323, 357.2020689221441, 365.26519455943406, 177.0872177012708, 682.2784412071802, 464.48264311876596, 630.2506994322]",12,145.30483700822265,23.657918078434363,440.36037624186935,"[3, 8, 23, 27, 31, 35, 44, 49, 58, 70, 77, 81]","[122.5668952535741, 243.10898545420764, 138.24189400192665, 44.725550063066635, 23.657918078434363, 440.36037624186935, 47.02836938033829, 161.16003019249104, 83.0059327844117, 225.28620916294346, 141.6627846925188, 72.85309879288968]","[2, 2, 14, 26, 30, 14, 40, 46, 54, 54, 75, 79]","[6, 14, 30, 30, 32, 54, 46, 54, 66, 71, 84, 84]",43575784.332335174,941.0584269816474,-941.0584269816474,108786.1665805429,0.058002200898275555,0.10690895017974282,0.4883720930232558,SWT,inu.32000013032919,21785904.932335176,,0.0,-2.0,1.0,0.0,2.5,,275.6584269816474,15.068473371859028,311.05804409867187,58.97342603678674,,108786.1665805429,15.068473371859028,,,12.657918078434363,0.0,1.0,225.03962375813063,275.6584269816474,,20.574852752855293,0.16126960822664385,0.7428902260789475,0.15145045418036995,0.10640480074563884,0.025686330858660414,0.6428571428571428,0.22148246101264268,0.32804597159882376,,0.08844197052849226,0.10994340979609024,0.10994340979609024,0.22086536580626795,,0.9957226544521236,0.0862220970178305,0.28447333825925214,0.4091164713763186,,,,,0.25,,0.456239456540097,0.15294117647058822,0.0,0.30882352941176466,0.0,0.3548957151118434,0.3548957151118434,0.0,0.2894736842105263,1.7202470145211834,0.5115759404569061,92,0.9051180187894927,0.34408026103601896,70,0,0.24844433299384044,0.4168016025092556,92,0,0.2975108744448587,0.39450859290083096,71,12.419742348374221,0.8828326193549602,81.25,79.82541899441341,0.558161592696348,79,db,78.8157894736842,80.5,20.353438202357445,38,1.0,0.861445978226601,0.04156620653201971,5,60.5
smoothed,coif5,29427.030433995864,0.6744186046511628,20.272469804010285,7.38919039942926,86,1,False,False,202.564540174871,,6.304758545286601,136758.7628420768,1.0,6.376612375970891e-05,0.3464079570656975,509.8789853531228,0.011627906976744186,6766.765042484498,4.0,"[0.0, 0.011627906976744186, 0.023255813953488372, 0.03488372093023256, 0.046511627906976744, 0.05813953488372093, 0.06976744186046512, 0.08139534883720931, 0.09302325581395349, 0.10465116279069767, 0.11627906976744186, 0.12790697674418605, 0.13953488372093023, 0.1511627906976744, 0.16279069767441862, 0.1744186046511628, 0.18604651162790697, 0.19767441860465115, 0.20930232558139533, 0.22093023255813954, 0.23255813953488372, 0.2441860465116279, 0.2558139534883721, 0.26744186046511625, 0.27906976744186046, 0.29069767441860467, 0.3023255813953488, 0.313953488372093, 0.32558139534883723, 0.3372093023255814, 0.3488372093023256, 0.36046511627906974, 0.37209302325581395, 0.38372093023255816, 0.3953488372093023, 0.4069767441860465, 0.41860465116279066, 0.43023255813953487, 0.4418604651162791, 0.45348837209302323, 0.46511627906976744, 0.47674418604651164, 0.4883720930232558]","[58735.40051519185, 3980.8608992867926, 6766.765042484498, 2836.802023042756, 4167.356790600474, 3771.0074596989693, 4347.166824556393, 3209.0581969673394, 1984.176841334037, 1534.9619744695044, 1187.1055503872033, 1263.4763982724885, 1051.6060499666712, 1033.7262602445994, 697.8087775439725, 607.6660916192759, 621.4026359513185, 340.62206928332745, 206.35621143915156, 252.21814116958117, 239.27041836771429, 575.4132091075005, 776.0258801205972, 700.1435747194158, 1065.1765144029218, 178.30508856292494, 143.92527698686513, 786.9184071132961, 341.15890597579926, 572.2840746038221, 410.39779177094533, 277.67682392834087, 298.39516869374745, 315.7512616788917, 339.57073973753694, 287.91694017645773, 335.095286621163, 357.19108856384116, 365.26218079969505, 177.08706420121226, 682.2784245540684, 464.4826432288099, 630.2506994327092]",10,161.13271496693775,21.47767795502807,423.56113601113503,"[12, 16, 26, 34, 40, 48, 65, 70, 79, 83]","[211.00842523692495, 67.0947542004759, 186.45049873050618, 91.9836968122172, 423.56113601113503, 77.79264027593092, 253.61483275085732, 21.47767795502807, 218.88899995154804, 59.45448774475403]","[3, 15, 3, 31, 3, 45, 45, 69, 45, 81]","[21, 21, 35, 35, 45, 52, 78, 78, 81, 84]",43585864.26835757,929.0420534107885,-929.0420534107885,108915.52221685849,0.05843243907733063,0.1074139201240179,0.4883720930232558,SWT,inu.32000013032919,21795984.86835757,,0.0,3.0,1.0,0.0,-1.5,,263.64205341078855,30.896351330574134,178.7271496693777,74.86705387400411,,108915.52221685849,30.896351330574134,,,10.47767795502807,0.0,-6.0,241.83886398886494,263.64205341078855,,11.821014646877245,0.2509013408804766,0.6693227146688495,0.3750408318324526,0.14062173777716871,0.04076089260007067,0.6428571428571428,0.49619188069903114,0.32804597159882376,,0.040101729207037445,0.24324531341931865,0.24324531341931865,0.42131412678631225,,0.996906650006054,0.04716244041525797,0.15544341716975646,0.4588949048576511,,,,,0.25,,0.46471188342535724,0.27058823529411763,0.0,0.1029411764705882,0.0,0.2707902831090653,0.2707902831090653,0.0,0.1842105263157895,1.7281334174704948,0.5139212396910042,91,1.1786210290148882,0.4480523234620327,61,0,0.24557479350026049,0.4119875315060044,93,0,0.36796781411425195,0.48793666735672053,61,17.916472867168917,0.8309766710644442,76.5,73.3560213143872,0.5546392789284484,80,coif,70.41176470588235,68.0,19.190032645651655,17,0.8933713051163704,0.8122055979082231,0.13097840704607377,4,61.0
smoothed,coif16,28342.84418653976,0.6627906976744186,21.390331044044803,6.331476173523787,86,1,False,False,201.33949339939954,,6.305270623972642,136758.76284207686,1.0,6.294526874698371e-05,-0.04470944223333106,516.3224573217806,0.011627906976744186,6766.7650440876705,5.0,"[0.0, 0.011627906976744186, 0.023255813953488372, 0.03488372093023256, 0.046511627906976744, 0.05813953488372093, 0.06976744186046512, 0.08139534883720931, 0.09302325581395349, 0.10465116279069767, 0.11627906976744186, 0.12790697674418605, 0.13953488372093023, 0.1511627906976744, 0.16279069767441862, 0.1744186046511628, 0.18604651162790697, 0.19767441860465115, 0.20930232558139533, 0.22093023255813954, 0.23255813953488372, 0.2441860465116279, 0.2558139534883721, 0.26744186046511625, 0.27906976744186046, 0.29069767441860467, 0.3023255813953488, 0.313953488372093, 0.32558139534883723, 0.3372093023255814, 0.3488372093023256, 0.36046511627906974, 0.37209302325581395, 0.38372093023255816, 0.3953488372093023, 0.4069767441860465, 0.41860465116279066, 0.43023255813953487, 0.4418604651162791, 0.45348837209302323, 0.46511627906976744, 0.47674418604651164, 0.4883720930232558]","[58735.40051519187, 3980.8608992900176, 6766.7650440876705, 2836.8019538025324, 4167.35317824866, 3770.9763371134864, 4347.0331458401915, 3209.0428327477007, 1985.0070940679207, 1537.9255209443747, 1192.5379618313839, 1270.0751395872442, 1047.5144429625711, 1003.2897698366795, 652.1544450331627, 560.1896214184316, 586.1196086468306, 359.76801709082565, 335.2446935662867, 452.94473609599004, 443.19088801902456, 938.5780968589564, 255.30619463733996, 557.0028389386955, 922.0203927497084, 125.17889291865373, 137.68910358050618, 839.2959277248898, 376.8851229225665, 618.6120924947903, 423.6556916528422, 278.7700915729165, 296.8608167983318, 314.3258928771561, 338.91890700093796, 287.7966161594803, 335.09689100201905, 357.20207347733486, 365.2651954277583, 177.0872177043732, 682.2784412070154, 464.4826431187653, 630.2506994322009]",13,136.715106841469,22.856277352096527,428.0268679019173,"[1, 7, 11, 23, 27, 37, 44, 51, 60, 68, 72, 76, 83]","[92.9021740228253, 22.856277352096527, 158.3319036892118, 205.05385929587408, 48.766079538402096, 428.0268679019173, 35.13758856041761, 157.00091319703574, 207.40386029517038, 184.69573381131306, 66.44491482505555, 108.62585709304176, 62.05035935673595]","[0, 2, 2, 14, 25, 14, 41, 41, 56, 67, 69, 69, 69]","[2, 8, 14, 32, 32, 67, 47, 67, 67, 69, 73, 82, 85]",43583074.07553667,908.0394824586832,-908.0394824586832,108962.75568568011,0.05844513377574955,0.10734920916675751,0.4883720930232558,SWT,inu.32000013032919,21793194.67553667,,0.0,-7.5,2.0,0.0,6.0,,242.63948245868323,6.478743205105388,344.69638893909723,55.975897787602456,,108962.75568568011,6.478743205105388,,,11.856277352096527,0.0,7.5,237.3731320980827,242.63948245868323,,5.37754267821947,0.1292842584059567,0.6459350538601238,0.13117324755332438,0.14597352318161788,0.03699728879457399,0.5714285714285712,0.1947069965164121,0.3280459715988342,,0.0706680080423171,0.03760096529248841,0.03760096529248841,0.18306085511144174,,0.9973389791930489,0.01841164569217521,0.31727257988049296,0.44566233393077814,,,,,0.5,,0.4623666597435473,0.023529411764705882,0.0,0.49999999999999994,0.0,0.12378833674983888,0.12378833674983888,0.0,0.3815789473684211,1.6971233006110373,0.5046992910044831,93,0.8404277640174418,0.3194882859715709,84,0,0.23459266804508785,0.3935634143868302,95,0,0.27294311391742676,0.36193098492435977,84,5.830951894845301,0.94499101985995,89.0,88.7143625605164,0.5526841891752581,81,coif,70.41176470588235,68.0,19.190032645651655,17,0.8933713051163704,0.8122055979082231,0.13097840704607377,4,61.75
smoothed,db35,23512.75297030126,0.6511627906976745,24.72619428439274,6.00691090573151,86,1,False,False,202.11999979341584,,6.300621557614649,136758.7628420768,1.0,6.3277786487796e-05,-0.1861461524578297,512.5776615184518,0.011627906976744186,6766.765044087669,6.0,"[0.0, 0.011627906976744186, 0.023255813953488372, 0.03488372093023256, 0.046511627906976744, 0.05813953488372093, 0.06976744186046512, 0.08139534883720931, 0.09302325581395349, 0.10465116279069767, 0.11627906976744186, 0.12790697674418605, 0.13953488372093023, 0.1511627906976744, 0.16279069767441862, 0.1744186046511628, 0.18604651162790697, 0.19767441860465115, 0.20930232558139533, 0.22093023255813954, 0.23255813953488372, 0.2441860465116279, 0.2558139534883721, 0.26744186046511625, 0.27906976744186046, 0.29069767441860467, 0.3023255813953488, 0.313953488372093, 0.32558139534883723, 0.3372093023255814, 0.3488372093023256, 0.36046511627906974, 0.37209302325581395, 0.38372093023255816, 0.3953488372093023, 0.4069767441860465, 0.41860465116279066, 0.43023255813953487, 0.4418604651162791, 0.45348837209302323, 0.46511627906976744, 0.47674418604651164, 0.4883720930232558]","[58735.400515191846, 3980.8608992900167, 6766.765044087669, 2836.801953802532, 4167.353178248658, 3770.9763371134895, 4347.033145840539, 3209.0428326955803, 1985.007095179766, 1537.9255246870466, 1192.537595655471, 1270.0797554596613, 1047.5133733402035, 1003.0355938113019, 653.4143339843696, 557.300649456949, 582.7475031545238, 389.0884265771288, 264.81982085034394, 607.1827135251193, 530.8476773471435, 222.9145633344441, 936.5242699118003, 447.0474564302411, 722.144456922826, 159.46887321517778, 126.81764030136057, 843.9773025537789, 378.86155241807785, 617.4208074901974, 423.7630207593351, 278.77037625676724, 296.8597379266092, 314.32598939289, 338.91890617615087, 287.7966159982808, 335.09689100746135, 357.2020734773043, 365.26519542775816, 177.08721770437543, 682.2784412070162, 464.48264311876585, 630.2506994322023]",10,175.06252296574363,34.615892788947576,402.495520941961,"[9, 16, 22, 35, 49, 57, 63, 72, 76, 80]","[34.615892788947576, 99.05306788390305, 297.2911832712921, 100.0002212328194, 240.19399626122163, 240.22667676018034, 402.495520941961, 179.1290117005601, 102.86513525147336, 54.754523565077875]","[5, 14, 19, 27, 27, 27, 27, 69, 74, 77]","[19, 19, 27, 44, 56, 59, 69, 77, 77, 81]",43577936.156310946,949.4605277955654,-949.4605277955654,108843.00869976218,0.0582090635282419,0.1071722158347174,0.4883720930232558,SWT,inu.32000013032919,21788056.756310947,,0.0,-6.0,1.0,0.0,7.5,,284.06052779556546,44.826159329380005,318.0252296574363,92.62697370356892,,108843.00869976218,44.826159329380005,,,23.615892788947576,0.0,3.0,262.904479058039,284.06052779556546,,9.12233848154824,0.206769389907518,0.6554090925325357,0.05634117490189283,0.09738566714057101,0.02023028983569141,0.5000000000000003,0.0856833880611858,0.32804597159882376,,0.33140197122466086,0.36056172994655566,0.36056172994655566,0.6453003658880614,,0.9962429318698577,0.03512093781683623,0.29126672847051216,0.5213151872074321,,,,,0.25,,0.4580481159665233,0.05882352941176469,0.0,0.3676470588235293,0.0,0.4137039998675051,0.4137039998675051,0.0,0.4210526315789474,2.1523081680406375,0.640064517434982,50,0.7167579720252869,0.27247526288775203,93,0,0.3291528287714581,0.5522018749600525,48,0,0.24373312174727738,0.3231976346520633,93,25.41653005427767,0.7602214145822861,71.0,64.16558861578265,0.5452050469137846,82,db,78.8157894736842,80.5,20.353438202357445,38,1.0,0.861445978226601,0.04156620653201971,5,62.75
smoothed,db26,24124.185896572733,0.6627906976744186,22.637906915163,5.818705312371504,86,1,False,False,202.01773946261585,,6.301232022686727,136758.7628420768,1.0,6.156264159526833e-05,-0.27105482196173675,499.30502144158106,0.011627906976744186,6766.76504408767,5.0,"[0.0, 0.011627906976744186, 0.023255813953488372, 0.03488372093023256, 0.046511627906976744, 0.05813953488372093, 0.06976744186046512, 0.08139534883720931, 0.09302325581395349, 0.10465116279069767, 0.11627906976744186, 0.12790697674418605, 0.13953488372093023, 0.1511627906976744, 0.16279069767441862, 0.1744186046511628, 0.18604651162790697, 0.19767441860465115, 0.20930232558139533, 0.22093023255813954, 0.23255813953488372, 0.2441860465116279, 0.2558139534883721, 0.26744186046511625, 0.27906976744186046, 0.29069767441860467, 0.3023255813953488, 0.313953488372093, 0.32558139534883723, 0.3372093023255814, 0.3488372093023256, 0.36046511627906974, 0.37209302325581395, 0.38372093023255816, 0.3953488372093023, 0.4069767441860465, 0.41860465116279066, 0.43023255813953487, 0.4418604651162791, 0.45348837209302323, 0.46511627906976744, 0.47674418604651164, 0.4883720930232558]","[58735.40051519187, 3980.8608992900167, 6766.76504408767, 2836.801953802531, 4167.353178248661, 3770.9763371113368, 4347.033145871045, 3209.0428389626077, 1985.0070323539087, 1537.9249000715154, 1192.545900930201, 1270.083812573218, 1047.1717214478344, 1003.9275578438826, 655.3700325333258, 549.3635912278561, 583.4946435575025, 403.04490001580643, 289.34232670226936, 380.46568277604104, 560.7226229223211, 907.717566159436, 347.6106214538575, 397.09542907859685, 985.6592624789037, 149.30371927174514, 120.97455115518416, 842.9446417154924, 384.1874585014918, 615.5624617727024, 423.3861378244517, 278.8612783966145, 296.85878964758706, 314.3238002947058, 338.91904382516356, 287.7966251070977, 335.09689035303984, 357.2020734747975, 365.2651954279652, 177.08721770437518, 682.2784412070164, 464.48264311876534, 630.2506994322005]",12,162.00022131028928,28.93733261132786,429.96204076797375,"[1, 10, 14, 29, 42, 50, 55, 64, 71, 75, 79, 83]","[46.1866125954723, 133.0481262111948, 328.42882692440537, 151.1206427979314, 429.96204076797375, 44.756740204850985, 167.68705626098267, 261.51847887828524, 100.28091779018291, 28.93733261132786, 152.56197148685305, 99.51390919401103]","[0, 8, 12, 20, 20, 45, 52, 60, 69, 69, 60, 82]","[12, 12, 20, 37, 60, 52, 60, 69, 72, 76, 84, 84]",43583753.42792766,968.2815558515796,-968.2815558515796,108975.56318492262,0.05847430419775687,0.1073750484677544,0.4883720930232558,SWT,inu.32000013032919,21793874.02792766,,0.0,5.5,1.0,0.0,-2.0,,302.8815558515796,31.763857673925656,511.4026557234715,76.10914138040873,,108975.56318492262,31.763857673925656,,,17.93733261132786,0.0,-6.5,235.43795923202623,302.8815558515796,,22.394978558418984,0.1966174485010455,0.6065414772260505,0.012948316721098863,0.1037656984750792,0.02235279534940801,0.5714285714285712,0.02023326889654542,0.32804597159882376,,0.20549704616729092,0.25055142528571134,0.25055142528571134,0.43697920364841075,,0.9974562065717083,0.09434350480240539,0.47982038507049946,0.4399281535473323,,,,,0.25,,0.46293767164771016,0.3294117647058823,0.0,0.08823529411764702,0.0,0.5454368131037983,0.5454368131037983,0.0,0.1710526315789474,2.0742122690327975,0.6168399557043032,58,0.6796590394326079,0.258372118164461,95,0,0.30820212992426954,0.5170540221273076,61,0,0.2327416935245778,0.30862266192140647,94,20.248456731316587,0.8089768232894662,77.0,72.99345251572183,0.5412808644749219,83,db,78.8157894736842,80.5,20.353438202357445,38,1.0,0.861445978226601,0.04156620653201971,5,63.5
smoothed,db21,24475.925108176947,0.627906976744186,19.632420638244888,6.239637780221071,86,1,False,False,201.40035786628067,,6.30154105987877,136758.7628420768,1.0,6.216418992430936e-05,-0.08376304584224564,501.75007467618207,0.011627906976744186,6766.765044087669,5.0,"[0.0, 0.011627906976744186, 0.023255813953488372, 0.03488372093023256, 0.046511627906976744, 0.05813953488372093, 0.06976744186046512, 0.08139534883720931, 0.09302325581395349, 0.10465116279069767, 0.11627906976744186, 0.12790697674418605, 0.13953488372093023, 0.1511627906976744, 0.16279069767441862, 0.1744186046511628, 0.18604651162790697, 0.19767441860465115, 0.20930232558139533, 0.22093023255813954, 0.23255813953488372, 0.2441860465116279, 0.2558139534883721, 0.26744186046511625, 0.27906976744186046, 0.29069767441860467, 0.3023255813953488, 0.313953488372093, 0.32558139534883723, 0.3372093023255814, 0.3488372093023256, 0.36046511627906974, 0.37209302325581395, 0.38372093023255816, 0.3953488372093023, 0.4069767441860465, 0.41860465116279066, 0.43023255813953487, 0.4418604651162791, 0.45348837209302323, 0.46511627906976744, 0.47674418604651164, 0.4883720930232558]","[58735.40051519185, 3980.860899290017, 6766.765044087669, 2836.8019538025237, 4167.353178247151, 3770.976337475425, 4347.033153964883, 3209.0426162394406, 1985.0058603047153, 1537.9356265987872, 1192.5887508855267, 1269.853824623195, 1046.4105125155636, 1005.1045012148627, 660.2577270205883, 552.7142468856972, 550.2522888852044, 371.4693517289614, 358.70495524089955, 609.8477590724657, 229.48457009514104, 425.1941311131686, 865.464623557464, 704.3666587459787, 717.6168150366146, 109.13087430487685, 133.55781904496322, 886.5118765871875, 381.9574751144045, 610.8688460029863, 422.88781465949205, 279.06359760973334, 296.9125357300041, 314.3125054505968, 338.9166799620858, 287.79679503675345, 335.0969136103939, 357.20207280971465, 365.2651953926994, 177.0872177044382, 682.2784412070185, 464.48264311876585, 630.2506994322001]",13,164.99344287060455,23.715877962005266,434.994888489682,"[2, 6, 10, 24, 28, 38, 46, 51, 61, 67, 73, 77, 82]","[98.79881148103743, 155.41779229020688, 312.94104788990614, 171.33221020542612, 72.15094184907241, 434.994888489682, 23.715877962005266, 179.55668695940813, 126.24807126177495, 270.85578962440457, 121.30057704758292, 75.31021554789618, 102.2918467094562]","[1, 1, 1, 16, 27, 16, 42, 48, 56, 56, 68, 75, 75]","[4, 8, 16, 33, 33, 68, 48, 68, 66, 68, 83, 79, 83]",43581102.466344364,953.414659717255,-953.414659717255,108970.08590460212,0.05850108361689744,0.1074343181880267,0.4883720930232558,SWT,inu.32000013032919,21791223.066344365,,0.0,-7.5,2.0,0.0,1.5,,288.014659717255,34.75707923424093,712.3147573178594,80.06301113401275,,108970.08590460212,34.75707923424093,,,12.715877962005266,0.0,-3.0,230.40511151031797,288.014659717255,,19.94992532381798,0.13532660636903843,0.623680689463982,0.10999890143007263,0.10699547698157337,0.023573809763160404,0.35714285714285715,0.16460332129754074,0.32804597159882376,,0.08972705593202271,0.27576024563401447,0.27576024563401447,0.4868449927120332,,0.9974060728803454,0.08343366861828577,0.6757207659033359,0.4250151412863141,,,,,0.5,,0.4607094751452527,0.023529411764705882,0.0,0.19117647058823525,0.0,0.4413799015452109,0.4413799015452109,0.0,0.2631578947368421,2.209965058979174,0.6572108213998885,44,0.6989030329960052,0.26568771479519077,94,0,0.3128334024403235,0.5248236572125087,59,0,0.23117095425588105,0.3065398132192744,95,25.573423705088842,0.7587412858010487,73.0,65.74509689925229,0.5350310202590149,84,db,78.8157894736842,80.5,20.353438202357445,38,1.0,0.861445978226601,0.04156620653201971,5,64.25
smoothed,db11,26174.488587796754,0.6744186046511628,20.962536216701352,6.204980861569995,86,1,False,False,202.11417900893477,,6.301599247380876,136758.7628420768,1.0,6.131290589506267e-05,-0.09781108606178424,491.851147819791,0.011627906976744186,6766.765042860376,6.0,"[0.0, 0.011627906976744186, 0.023255813953488372, 0.03488372093023256, 0.046511627906976744, 0.05813953488372093, 0.06976744186046512, 0.08139534883720931, 0.09302325581395349, 0.10465116279069767, 0.11627906976744186, 0.12790697674418605, 0.13953488372093023, 0.1511627906976744, 0.16279069767441862, 0.1744186046511628, 0.18604651162790697, 0.19767441860465115, 0.20930232558139533, 0.22093023255813954, 0.23255813953488372, 0.2441860465116279, 0.2558139534883721, 0.26744186046511625, 0.27906976744186046, 0.29069767441860467, 0.3023255813953488, 0.313953488372093, 0.32558139534883723, 0.3372093023255814, 0.3488372093023256, 0.36046511627906974, 0.37209302325581395, 0.38372093023255816, 0.3953488372093023, 0.4069767441860465, 0.41860465116279066, 0.43023255813953487, 0.4418604651162791, 0.45348837209302323, 0.46511627906976744, 0.47674418604651164, 0.4883720930232558]","[58735.40051519186, 3980.860899289769, 6766.765042860376, 2836.8019210366783, 4167.353011909508, 3770.9844334650684, 4347.137663281384, 3209.364099229721, 1985.2271880370738, 1536.8613852494464, 1188.1496889566463, 1259.4367647591826, 1039.529332188071, 1015.8445972454446, 690.4740292370303, 614.1009096617591, 645.3497380991203, 362.7223644190032, 222.48807772632802, 255.5483181156093, 220.63575662964928, 565.6781501086973, 782.985491805844, 708.0131268797298, 1063.5800406244816, 173.76667520894196, 136.67020708448268, 747.3914521844753, 335.78559355647855, 580.1934896128996, 418.2856986053043, 280.8792802724077, 299.32666909157234, 315.4783026169856, 339.1532527668577, 287.7647022566977, 335.0633401322737, 357.1934849197782, 365.26441119536526, 177.0872247727796, 682.2784490875225, 464.482643203009, 630.2506994322398]",11,143.91113063512492,22.819315886740696,459.9880225910267,"[3, 16, 21, 30, 36, 43, 52, 57, 68, 75, 81]","[133.79499293543552, 99.21975931629709, 26.991194054103175, 189.62529307416173, 127.96141173773685, 459.9880225910267, 65.61122093821518, 22.819315886740696, 95.1068793004032, 302.59851550704184, 59.305831645211924]","[0, 9, 19, 9, 34, 9, 48, 56, 48, 48, 80]","[9, 23, 23, 41, 41, 48, 60, 60, 74, 76, 83]",43584525.50216461,941.4389860099664,-941.4389860099664,108897.60812200754,0.0583872512978604,0.1073627914950073,0.4883720930232558,SWT,inu.32000013032919,21794646.10216461,,0.0,-5.5,0.0,0.18181818181818182,3.5,,276.0389860099664,13.6747669987613,150.42243698637412,51.02239925493822,,108897.60812200754,13.6747669987613,,,11.819315886740696,0.0,-5.5,205.41197740897326,276.0389860099664,,29.848852180209064,0.20619152884908723,0.5994260503142398,0.10200836975053407,0.10760360036765354,0.029470139836313823,0.6428571428571428,0.1537746755094196,0.32804597159882376,,0.06984849915624819,0.09820565738794407,0.09820565738794407,0.12058785312860104,,0.9967426818229866,0.12760271527686787,0.1278447610909964,0.3509570859060662,,,,,0.0,,0.4635866184771379,0.07058823529411763,0.0,0.11764705882352938,0.0,0.3575593374843159,0.3575593374843159,0.5,0.31578947368421056,1.5741006587298807,0.4681141824784477,100,0.8212982816874567,0.3122162207414608,85,0,0.2318180540225156,0.38890859470542716,96,0,0.27117218488540185,0.3595826784234461,85,7.681145747868608,0.927536360869164,91.5,91.02063580591188,0.5321644068496764,85,db,78.8157894736842,80.5,20.353438202357445,38,1.0,0.861445978226601,0.04156620653201971,5,65.0
smoothed,db28,23943.006575182942,0.6511627906976745,22.62361644937311,5.762545249778847,86,1,False,False,202.7259497751458,,6.301203031958105,136758.7628420768,1.0,6.192864426381932e-05,-0.29730351277617,445.2113524417208,0.011627906976744186,6766.765044087669,4.0,"[0.0, 0.011627906976744186, 0.023255813953488372, 0.03488372093023256, 0.046511627906976744, 0.05813953488372093, 0.06976744186046512, 0.08139534883720931, 0.09302325581395349, 0.10465116279069767, 0.11627906976744186, 0.12790697674418605, 0.13953488372093023, 0.1511627906976744, 0.16279069767441862, 0.1744186046511628, 0.18604651162790697, 0.19767441860465115, 0.20930232558139533, 0.22093023255813954, 0.23255813953488372, 0.2441860465116279, 0.2558139534883721, 0.26744186046511625, 0.27906976744186046, 0.29069767441860467, 0.3023255813953488, 0.313953488372093, 0.32558139534883723, 0.3372093023255814, 0.3488372093023256, 0.36046511627906974, 0.37209302325581395, 0.38372093023255816, 0.3953488372093023, 0.4069767441860465, 0.41860465116279066, 0.43023255813953487, 0.4418604651162791, 0.45348837209302323, 0.46511627906976744, 0.47674418604651164, 0.4883720930232558]","[58735.40051519186, 3980.860899290016, 6766.765044087669, 2836.8019538025305, 4167.353178248657, 3770.976337113718, 4347.033145806745, 3209.0428324804666, 1985.0071235913117, 1537.9252456915633, 1192.5360571095848, 1270.1168434119704, 1047.4072848215385, 1002.6266198513346, 655.303118549479, 556.3817233344655, 571.7955397087218, 393.283619005702, 314.401884582136, 371.3997531888619, 528.6837703202037, 918.583887712035, 318.5117402743924, 450.35097985290435, 992.5844118359321, 137.1027433313037, 125.11138839880732, 858.8229841000259, 379.48592552768895, 615.6262294142774, 423.9356012057126, 278.7986092100255, 296.85106904383014, 314.3263949183322, 338.91896765950935, 287.7966118790273, 335.0968910299236, 357.2020734800823, 365.26519542773474, 177.08721770437552, 682.2784412070163, 464.4826431187646, 630.2506994322009]",13,145.578878044274,20.31631715587207,492.2237935088962,"[1, 7, 11, 16, 30, 36, 44, 51, 57, 65, 72, 77, 81]","[67.52852532040356, 37.694763453943665, 137.79201911859718, 296.97500481750103, 147.31154470341414, 20.31631715587207, 492.2237935088962, 47.74773206988357, 169.16041406434033, 156.90704526187847, 78.90976348834806, 98.02009586777888, 141.93839574470485]","[0, 6, 9, 13, 22, 35, 22, 49, 54, 61, 70, 61, 61]","[9, 9, 13, 22, 38, 38, 61, 54, 61, 70, 74, 78, 82]",43584648.57539813,932.3884543277779,-932.3884543277779,108989.57319495243,0.05851696991766905,0.1074237800402467,0.4883720930232558,SWT,inu.32000013032919,21794769.175398134,,0.0,-7.5,2.0,0.0,9.0,,266.98845432777796,15.342514407910386,459.9254145755622,54.441068331124065,,108989.57319495243,15.342514407910386,,,9.31631715587207,0.0,0.0,173.17620649110376,266.98845432777796,,76.48864755827924,0.2669253532380816,0.6169695627398858,0.0,0.10346271347973764,0.021723856193372894,0.5000000000000003,0.0,0.32804597159882376,,0.014352060310582254,0.11225137501238852,0.11225137501238852,0.16370374759528689,,0.9975844405633478,0.33570964727936814,0.4296272356032854,0.25543811264804167,,,,,0.5,,0.4636900644682866,0.023529411764705882,0.0,0.2794117647058823,0.0,0.29421253218597804,0.29421253218597804,0.0,0.4605263157894737,1.901635155396038,0.5655180824705122,68,0.6589801482694752,0.2505110457720872,97,0,0.26313892306249953,0.4414539204552058,84,0,0.22964093215623774,0.3045109567387718,96,13.524668819112232,0.8724087847253563,86.25,84.5012296253932,0.5293647697211687,86,db,78.8157894736842,80.5,20.353438202357445,38,1.0,0.861445978226601,0.04156620653201971,5,65.75
smoothed,coif10,28655.500426914812,0.6744186046511628,21.337835362436177,6.175371306422871,86,1,False,False,202.53971144367773,,6.305115240162188,136758.7628420768,1.0,6.375290673796998e-05,-0.11199320057642197,509.0666753875579,0.011627906976744186,6766.765044087669,5.0,"[0.0, 0.011627906976744186, 0.023255813953488372, 0.03488372093023256, 0.046511627906976744, 0.05813953488372093, 0.06976744186046512, 0.08139534883720931, 0.09302325581395349, 0.10465116279069767, 0.11627906976744186, 0.12790697674418605, 0.13953488372093023, 0.1511627906976744, 0.16279069767441862, 0.1744186046511628, 0.18604651162790697, 0.19767441860465115, 0.20930232558139533, 0.22093023255813954, 0.23255813953488372, 0.2441860465116279, 0.2558139534883721, 0.26744186046511625, 0.27906976744186046, 0.29069767441860467, 0.3023255813953488, 0.313953488372093, 0.32558139534883723, 0.3372093023255814, 0.3488372093023256, 0.36046511627906974, 0.37209302325581395, 0.38372093023255816, 0.3953488372093023, 0.4069767441860465, 0.41860465116279066, 0.43023255813953487, 0.4418604651162791, 0.45348837209302323, 0.46511627906976744, 0.47674418604651164, 0.4883720930232558]","[58735.40051519185, 3980.860899290017, 6766.765044087669, 2836.8019538025446, 4167.353178239019, 3770.9763364848923, 4347.033162082668, 3209.0432049085075, 1985.0064947725155, 1537.9082541713717, 1192.5278805602745, 1270.472363965105, 1048.0668344104201, 999.8953817034068, 647.5374831010399, 565.9690793992105, 622.4745279273842, 360.06614604810505, 229.7071027330609, 526.5665217705823, 622.0277486310449, 871.443633902161, 428.799075652482, 252.84095968607699, 839.7540995453697, 171.58346355756754, 137.587003931999, 785.2229036717009, 372.86870859625856, 622.9386841867911, 425.08454421421993, 278.62299287363777, 296.76794450334125, 314.32855005181733, 338.9227121073004, 287.7967030484101, 335.0968521399802, 357.20207214266503, 365.26519548864576, 177.08721770478547, 682.2784412070123, 464.4826431187665, 630.2506994322006]",11,138.6403453120934,24.886351610961015,421.88058021908614,"[4, 17, 21, 32, 39, 45, 54, 69, 74, 78, 83]","[146.07039502904206, 153.27794875374877, 41.378717763692975, 421.88058021908614, 82.81136145321466, 165.87783091575864, 84.75117587058753, 24.886351610961015, 248.49338563979654, 116.40014855869401, 39.215902618444716]","[2, 8, 19, 8, 34, 34, 50, 50, 8, 76, 81]","[8, 26, 26, 50, 41, 50, 61, 70, 84, 84, 84]",43577915.84372561,941.5435185572982,-941.5435185572982,108858.6852140439,0.05816285329514311,0.10705026472911709,0.4883720930232558,SWT,inu.32000013032919,21788036.44372561,,0.09090909090909091,-1.0,0.0,0.0,-2.5,,276.1435185572982,8.403981675729767,92.44379843302727,52.680239817714074,,108858.6852140439,8.403981675729767,,,13.886351610961015,0.09090909090909091,-1.0,243.51941978091384,276.1435185572982,,12.633324612442152,0.2484364571636007,0.6689461375431212,0.09518156293593616,0.14434959148607038,0.03808263203596709,0.6428571428571428,0.14284268128064526,0.32804597159882376,,0.1156787747557849,0.053815264754002334,0.053815264754002334,0.14149636376660146,,0.9963864194189073,0.05078697035580432,0.07131239055365446,0.46387462022317855,,,,,0.0,,0.458031042753583,0.1764705882352941,0.33333333333333337,0.24999999999999994,0.33333333333333337,0.3582909854311652,0.3582909854311652,0.0,0.15789473684210525,1.5134851310346553,0.4500880238365693,102,0.8690381462292417,0.3303645115857092,74,0,0.24293394855232855,0.40755712895661805,94,0,0.28859277211266343,0.3826829142294718,74,14.236104336041748,0.8656971289052665,86.0,84.26508313539192,0.5271881870941426,87,coif,70.41176470588235,68.0,19.190032645651655,17,0.8933713051163704,0.8122055979082231,0.13097840704607377,4,66.25
smoothed,db34,23682.434616693026,0.6627906976744186,22.656805547704376,5.945598918964393,86,1,False,False,200.3969422132659,,6.300678471786289,136758.7628420768,1.0,6.197160613719891e-05,-0.21284155760913695,486.07767282896486,0.011627906976744186,6766.765044087667,6.0,"[0.0, 0.011627906976744186, 0.023255813953488372, 0.03488372093023256, 0.046511627906976744, 0.05813953488372093, 0.06976744186046512, 0.08139534883720931, 0.09302325581395349, 0.10465116279069767, 0.11627906976744186, 0.12790697674418605, 0.13953488372093023, 0.1511627906976744, 0.16279069767441862, 0.1744186046511628, 0.18604651162790697, 0.19767441860465115, 0.20930232558139533, 0.22093023255813954, 0.23255813953488372, 0.2441860465116279, 0.2558139534883721, 0.26744186046511625, 0.27906976744186046, 0.29069767441860467, 0.3023255813953488, 0.313953488372093, 0.32558139534883723, 0.3372093023255814, 0.3488372093023256, 0.36046511627906974, 0.37209302325581395, 0.38372093023255816, 0.3953488372093023, 0.4069767441860465, 0.41860465116279066, 0.43023255813953487, 0.4418604651162791, 0.45348837209302323, 0.46511627906976744, 0.47674418604651164, 0.4883720930232558]","[58735.40051519185, 3980.860899290018, 6766.765044087667, 2836.8019538025296, 4167.353178248659, 3770.976337113489, 4347.033145840485, 3209.0428326816855, 1985.0070962082789, 1537.9254971963517, 1192.5378328582126, 1270.081141338181, 1047.466017616382, 1003.4714754875577, 652.1754567296539, 558.473428264681, 593.4655086756381, 351.6741730314956, 336.1142666659357, 483.04456040640383, 413.58031109377237, 944.3363930357779, 233.64750661577764, 585.7096534515377, 890.7855008882498, 124.63914859166904, 140.4009503276273, 828.9114177048262, 378.0616978570292, 618.592262581652, 423.5789307525162, 278.78297957066025, 296.85941400253233, 314.3259268715901, 338.9189122343878, 287.7966158491618, 335.09689100891137, 357.2020734773099, 365.2651954277578, 177.08721770437452, 682.2784412070166, 464.4826431187651, 630.2506994322002]",11,176.86582714825641,35.126244160651595,477.40167279720504,"[1, 8, 16, 20, 34, 48, 56, 62, 73, 77, 81]","[35.126244160651595, 85.320010646696, 157.3486624661682, 352.90692067744874, 90.01939161122402, 151.21845945421956, 279.8427393108569, 477.40167279720504, 149.55800255537463, 104.75890266619842, 62.023092284777476]","[0, 6, 14, 18, 27, 27, 27, 27, 67, 76, 78]","[6, 18, 18, 27, 43, 55, 57, 67, 78, 78, 82]",43582265.09475918,946.0861477247053,-946.0861477247053,108936.26114354025,0.05838610091627132,0.10729714505905154,0.4883720930232558,SWT,inu.32000013032919,21792385.694759183,,0.0,-5.5,0.0,0.0,2.0,,280.6861477247053,46.629463511892794,512.9240986308207,80.81097754876458,,108936.26114354025,46.629463511892794,,,24.126244160651595,0.09090909090909091,2.0,187.99832720279494,280.6861477247053,,35.62232717103518,0.03571205558426832,0.6181936250977115,0.04220502570956186,0.09798048282298519,0.020819316390475167,0.5714285714285712,0.06510577851306998,0.32804597159882376,,0.34271747184408985,0.37574910256641625,0.37574910256641625,0.4962782663879531,,0.9970964739494391,0.153363981114216,0.48130387582391776,0.29935807210843146,,,,,0.0,,0.461686692085656,0.07058823529411763,0.0,0.33823529411764697,0.33333333333333337,0.39008591809535387,0.39008591809535387,0.0,0.27631578947368424,2.058775589352625,0.6122493161866905,61,0.6667267478532473,0.2534559125757451,96,0,0.3212193070475569,0.5388922352181552,53,0,0.22243635339318338,0.2949574631545143,99,23.641418457162562,0.7769677504041268,77.25,71.71151957738269,0.5240970827492333,88,db,78.8157894736842,80.5,20.353438202357445,38,1.0,0.861445978226601,0.04156620653201971,5,67.25
smoothed,db29,24068.875395516872,0.6395348837209303,21.404219706021475,5.785980698903255,86,1,False,False,201.75067639297328,,6.301060058928779,136758.7628420768,1.0,6.561818608318156e-05,-0.28863281362598503,448.04256950494175,0.011627906976744186,6766.765044087669,6.0,"[0.0, 0.011627906976744186, 0.023255813953488372, 0.03488372093023256, 0.046511627906976744, 0.05813953488372093, 0.06976744186046512, 0.08139534883720931, 0.09302325581395349, 0.10465116279069767, 0.11627906976744186, 0.12790697674418605, 0.13953488372093023, 0.1511627906976744, 0.16279069767441862, 0.1744186046511628, 0.18604651162790697, 0.19767441860465115, 0.20930232558139533, 0.22093023255813954, 0.23255813953488372, 0.2441860465116279, 0.2558139534883721, 0.26744186046511625, 0.27906976744186046, 0.29069767441860467, 0.3023255813953488, 0.313953488372093, 0.32558139534883723, 0.3372093023255814, 0.3488372093023256, 0.36046511627906974, 0.37209302325581395, 0.38372093023255816, 0.3953488372093023, 0.4069767441860465, 0.41860465116279066, 0.43023255813953487, 0.4418604651162791, 0.45348837209302323, 0.46511627906976744, 0.47674418604651164, 0.4883720930232558]","[58735.40051519185, 3980.860899290018, 6766.765044087669, 2836.80195380253, 4167.353178248657, 3770.9763371134095, 4347.0331458386245, 3209.0428334124954, 1985.0070831578105, 1537.9254725173396, 1192.5399922995766, 1270.063494376058, 1047.4495581740694, 1003.9461053869308, 651.6272846120921, 554.9813976610271, 608.1159862480567, 354.394877216529, 274.271891437715, 696.579124376262, 418.3999947270598, 307.6328207428802, 912.7850236031134, 581.2666177528581, 535.9526070394833, 155.73509136784736, 139.50212151590515, 807.4034248169186, 380.4334447121066, 619.1091864844391, 423.378293784813, 278.78735984116855, 296.8635386084423, 314.32535769033603, 338.91891767299916, 287.796617741286, 335.0968909325982, 357.20207347746197, 365.26519542776396, 177.0872177043738, 682.2784412070165, 464.482643118765, 630.2506994322002]",11,156.86004702956177,47.29213225125966,495.013938390449,"[4, 12, 16, 32, 45, 52, 59, 67, 71, 76, 82]","[66.79512473382488, 86.80006007381269, 272.33378701701463, 92.49125963419215, 495.013938390449, 47.29213225125966, 170.99081871770773, 193.65746438179656, 102.42706315723456, 100.14532937919012, 97.5135395886972]","[2, 10, 14, 23, 23, 48, 54, 62, 69, 69, 62]","[14, 14, 23, 39, 62, 54, 62, 69, 73, 77, 85]",43574811.90585112,934.5608328803363,-934.5608328803363,108801.08975385057,0.05808114175671845,0.10702257115514122,0.4883720930232558,SWT,inu.32000013032919,21784932.50585112,,0.0,-5.5,0.0,0.0,0.5,,269.16083288033633,26.62368339319815,292.86051732517944,58.32531947543746,,108801.08975385057,26.62368339319815,,,36.29213225125966,0.09090909090909091,-1.0,170.38606160955095,269.16083288033633,,73.65743049505829,0.1701046393439262,0.7220913580303526,0.005403299137414219,0.10196848809517309,0.022160792533705263,0.4285714285714287,0.006683631906330256,0.32804597159882376,,0.6124593043496706,0.20726103485160674,0.20726103485160674,0.21269151408807865,,0.9958592466513511,0.3230767467255832,0.26672974592781595,0.24717053390745325,,,,,0.0,,0.4554221088635691,0.07058823529411763,0.0,0.24999999999999994,0.33333333333333337,0.3094175219076344,0.3094175219076344,0.0,0.2368421052631579,1.8521445688237406,0.5508003162684681,74,0.6382858318398044,0.24264410947066864,100,0,0.27986277710681173,0.4695106246746297,76,0,0.22312870115214425,0.2958755376305998,98,13.90443574307614,0.8688260778955081,87.0,85.33244153785176,0.524035680457188,89,db,78.8157894736842,80.5,20.353438202357445,38,1.0,0.861445978226601,0.04156620653201971,5,68.0
smoothed,coif11,28581.926287551825,0.6744186046511628,21.368803941441683,6.19510349623115,86,1,False,False,202.12344076457924,,6.305152042661031,136758.7628420768,1.0,6.262919079683882e-05,-0.10317503874906767,504.68939883151245,0.011627906976744186,6766.76504408767,5.0,"[0.0, 0.011627906976744186, 0.023255813953488372, 0.03488372093023256, 0.046511627906976744, 0.05813953488372093, 0.06976744186046512, 0.08139534883720931, 0.09302325581395349, 0.10465116279069767, 0.11627906976744186, 0.12790697674418605, 0.13953488372093023, 0.1511627906976744, 0.16279069767441862, 0.1744186046511628, 0.18604651162790697, 0.19767441860465115, 0.20930232558139533, 0.22093023255813954, 0.23255813953488372, 0.2441860465116279, 0.2558139534883721, 0.26744186046511625, 0.27906976744186046, 0.29069767441860467, 0.3023255813953488, 0.313953488372093, 0.32558139534883723, 0.3372093023255814, 0.3488372093023256, 0.36046511627906974, 0.37209302325581395, 0.38372093023255816, 0.3953488372093023, 0.4069767441860465, 0.41860465116279066, 0.43023255813953487, 0.4418604651162791, 0.45348837209302323, 0.46511627906976744, 0.47674418604651164, 0.4883720930232558]","[58735.40051519187, 3980.8608992900145, 6766.76504408767, 2836.801953802532, 4167.353178247669, 3770.976337101406, 4347.033151162386, 3209.0428477208384, 1985.0062863021215, 1537.9242367775469, 1192.5712897178528, 1270.132445623067, 1046.7670229613677, 1002.4567420223924, 658.0134080340938, 561.3075502285599, 561.2804162417451, 353.95921322539414, 347.280903366186, 642.1058871226728, 267.639643258292, 404.43929326142984, 875.1270006614476, 686.7360107917733, 658.6395628589719, 117.35566349265213, 139.64690602659724, 872.5804003888707, 376.1147732380592, 613.0328421096601, 424.00724559257634, 278.9688784574249, 296.847422054931, 314.3171081477105, 338.919189997774, 287.79673327350287, 335.09688943848465, 357.20207304000144, 365.265195428926, 177.08721770441338, 682.2784412070151, 464.4826431187649, 630.2506994322]",12,132.2504782532567,34.47032989545376,420.8385429496276,"[2, 6, 10, 19, 23, 28, 32, 38, 46, 55, 73, 77]","[37.03201583982866, 190.10984886175493, 34.47032989545376, 131.68432196001606, 37.51858867532667, 42.67724448544277, 420.8385429496276, 57.77879224014748, 164.1384224213573, 94.3259168142597, 255.89861297986465, 120.53310191600065]","[1, 1, 9, 9, 21, 27, 9, 37, 37, 51, 9, 75]","[3, 9, 11, 27, 27, 29, 51, 43, 51, 63, 83, 83]",43579370.58050972,943.3258644132619,-943.3258644132619,108936.87116120888,0.058411197068351996,0.10733991342163869,0.4883720930232558,SWT,inu.32000013032919,21789491.180509724,,0.0,-6.5,1.0,0.0,-6.5,,277.92586441326193,2.0141146168930675,154.40573903908034,49.508928508570655,,108936.87116120888,2.0141146168930675,,,23.47032989545376,0.0,-2.0,244.56145705037238,277.92586441326193,,17.010601168487597,0.20711099390350468,0.636929414895255,0.09973103513100168,0.14473421807086073,0.037827229505689286,0.6428571428571428,0.14963998178936266,0.32804597159882376,,0.3281745536006118,0.0,0.0,0.1015001194156896,,0.9971020574572633,0.07031839383699326,0.13172870030075468,0.466962318368474,,,,,0.25,,0.45925378375246784,0.04705882352941175,0.0,0.22058823529411759,0.0,0.37076604434226046,0.37076604434226046,0.0,0.052631578947368446,1.576892673917324,0.46894448637273106,99,0.8525487060046356,0.32409605732997765,80,0,0.21482503628820399,0.3604003291403403,100,0,0.2808594984689551,0.3724283549318018,80,11.265729744080792,0.8937195307162189,89.75,88.68980963045912,0.5235107087543358,90,coif,70.41176470588235,68.0,19.190032645651655,17,0.8933713051163704,0.8122055979082231,0.13097840704607377,4,68.5
smoothed,db33,23855.33691526043,0.627906976744186,22.038587452646208,5.908654081447567,86,1,False,False,202.50424358488286,,6.30068887671487,136758.7628420768,1.0,6.34678907343916e-05,-0.23107160477647673,524.0634708357023,0.011627906976744186,6766.765044087667,6.0,"[0.0, 0.011627906976744186, 0.023255813953488372, 0.03488372093023256, 0.046511627906976744, 0.05813953488372093, 0.06976744186046512, 0.08139534883720931, 0.09302325581395349, 0.10465116279069767, 0.11627906976744186, 0.12790697674418605, 0.13953488372093023, 0.1511627906976744, 0.16279069767441862, 0.1744186046511628, 0.18604651162790697, 0.19767441860465115, 0.20930232558139533, 0.22093023255813954, 0.23255813953488372, 0.2441860465116279, 0.2558139534883721, 0.26744186046511625, 0.27906976744186046, 0.29069767441860467, 0.3023255813953488, 0.313953488372093, 0.32558139534883723, 0.3372093023255814, 0.3488372093023256, 0.36046511627906974, 0.37209302325581395, 0.38372093023255816, 0.3953488372093023, 0.4069767441860465, 0.41860465116279066, 0.43023255813953487, 0.4418604651162791, 0.45348837209302323, 0.46511627906976744, 0.47674418604651164, 0.4883720930232558]","[58735.40051519185, 3980.8608992900167, 6766.765044087667, 2836.8019538025305, 4167.353178248658, 3770.9763371134886, 4347.03314584112, 3209.042832652685, 1985.0070957163116, 1537.9255387331668, 1192.537112337664, 1270.0868281639964, 1047.480839619021, 1003.0336178865388, 654.0411606837024, 554.2527708172316, 591.044095019608, 384.6841724491425, 256.3096339676217, 647.5803277154987, 498.0402165182618, 250.24110801809752, 929.7574150189229, 493.45524553324617, 647.7778501196246, 162.64882931745316, 128.5652724715169, 832.3630769667817, 380.92458998134595, 616.8263977308477, 423.7638549060684, 278.7790349461302, 296.8580848022925, 314.3261167845027, 338.9189030807492, 287.79661592048893, 335.0968910119403, 357.2020734772586, 365.26519542775736, 177.08721770437347, 682.2784412070147, 464.482643118766, 630.2506994322006]",13,150.7576601319756,35.50936242030923,396.8367165767821,"[2, 6, 15, 20, 34, 48, 57, 62, 66, 70, 74, 78, 82]","[35.50936242030923, 50.603749304298276, 125.05107055123585, 340.0105131692195, 107.76030882808368, 396.8367165767821, 123.30580132019088, 299.52618559372354, 47.66310563298839, 161.39525041138302, 121.4638137380548, 99.28009785711629, 51.44360631229699]","[1, 4, 13, 13, 26, 26, 56, 58, 65, 65, 73, 77, 65]","[4, 13, 17, 26, 42, 65, 58, 65, 67, 77, 77, 79, 83]",43576566.78486457,977.7637804210946,-977.7637804210946,108830.92287283317,0.05816621952722061,0.10711799438400496,0.4883720930232558,SWT,inu.32000013032919,21786687.38486457,,0.0,-3.0,2.0,0.0,-3.0,,312.3637804210946,20.521296495611978,527.2495817156828,70.94052854200297,,108830.92287283317,20.521296495611978,,,24.50936242030923,0.0,-3.0,268.56328342321785,312.3637804210946,,2.3634708357022873,0.2449153691573156,0.660825510253998,0.033686989309795745,0.0980892257690048,0.02141952299740664,0.35714285714285715,0.0510535178140078,0.32804597159882376,,0.3512119623947779,0.1558669192149128,0.1558669192149128,0.37179320268908705,,0.9961323099769344,0.004962846466175536,0.49527201198728577,0.5380829941324491,,,,,0.5,,0.45689712657210346,0.12941176470588234,0.0,0.19117647058823525,0.0,0.6118051387108239,0.6118051387108239,0.0,0.14473684210526316,2.1614368240540687,0.6427792443002274,49,0.6461857704147528,0.2456472680318827,98,0,0.31750120263720366,0.5326545728096092,57,0,0.22439737050540118,0.2975578323108992,97,25.90205912020638,0.7556409516961662,75.25,68.41655355282681,0.5228676456594039,91,db,78.8157894736842,80.5,20.353438202357445,38,1.0,0.861445978226601,0.04156620653201971,5,69.5
smoothed,coif6,29171.323113487884,0.6744186046511628,20.45796906821894,6.845937616351353,86,1,False,False,201.9604149352123,,6.304868519901164,136758.76284207683,1.0,6.412497116911678e-05,0.15590880739972288,510.4717280490406,0.011627906976744186,6766.765044096215,5.0,"[0.0, 0.011627906976744186, 0.023255813953488372, 0.03488372093023256, 0.046511627906976744, 0.05813953488372093, 0.06976744186046512, 0.08139534883720931, 0.09302325581395349, 0.10465116279069767, 0.11627906976744186, 0.12790697674418605, 0.13953488372093023, 0.1511627906976744, 0.16279069767441862, 0.1744186046511628, 0.18604651162790697, 0.19767441860465115, 0.20930232558139533, 0.22093023255813954, 0.23255813953488372, 0.2441860465116279, 0.2558139534883721, 0.26744186046511625, 0.27906976744186046, 0.29069767441860467, 0.3023255813953488, 0.313953488372093, 0.32558139534883723, 0.3372093023255814, 0.3488372093023256, 0.36046511627906974, 0.37209302325581395, 0.38372093023255816, 0.3953488372093023, 0.4069767441860465, 0.41860465116279066, 0.43023255813953487, 0.4418604651162791, 0.45348837209302323, 0.46511627906976744, 0.47674418604651164, 0.4883720930232558]","[58735.40051519186, 3980.8608992900017, 6766.765044096215, 2836.801959357397, 4167.353489732019, 3770.9785813478597, 4347.026647392602, 3208.9190230727727, 1984.6258344418347, 1537.4048170890333, 1193.2859989338635, 1276.208902910197, 1059.5033785401372, 1013.0305526677936, 639.8562521101697, 510.1266018659901, 510.5813181021911, 344.7183319662207, 337.3259618638495, 734.8023287874347, 630.6118654446782, 804.4970318343485, 541.7162652310524, 223.6622430090869, 421.0512197415687, 123.8807767000415, 142.64228704489028, 932.7589736847627, 408.4528313242583, 630.0038886290058, 419.50113540294075, 275.54224230455105, 295.420215051813, 314.1286033088365, 339.03361779177976, 287.85188254085375, 335.1098190427746, 357.2026074634801, 365.26497804607277, 177.08720446822107, 682.2784398710163, 464.4826431181789, 630.250699432202]",14,120.47511625453338,25.757138854366087,400.4469453688637,"[5, 13, 17, 21, 28, 33, 37, 41, 50, 56, 66, 73, 78, 82]","[25.757138854366087, 153.9351750892174, 72.4470487741155, 31.737407067487084, 400.4469453688637, 98.35723686529764, 28.63978721164085, 176.81522792340536, 93.19393754127577, 27.32786917667579, 261.87991466907135, 25.77460397852724, 235.23634666596672, 55.10298837755647]","[4, 6, 16, 20, 6, 32, 35, 38, 45, 54, 45, 68, 45, 80]","[6, 22, 22, 22, 45, 38, 38, 45, 54, 57, 77, 74, 80, 83]",43575955.865730464,913.2560011576807,-913.2560011576807,108758.00790924585,0.05796164681738027,0.10690431913196541,0.4883720930232558,SWT,inu.32000013032919,21786076.465730466,,0.0,-8.5,3.0,0.0,-8.5,,247.85600115768068,9.761247381830245,254.05162756346726,46.41729091799141,,108758.00790924585,9.761247381830245,,,14.757138854366087,0.0,-8.5,264.9530546311363,247.85600115768068,,11.228271950959424,0.1909265296588915,0.6795469337614002,0.24978796048271812,0.14177109343894526,0.039873239720489055,0.6428571428571428,0.34934948970117197,0.328045971598829,,0.1349858524643081,0.06524611498027022,0.06524611498027022,0.0625087116151507,,0.9954649173904083,0.04451762040877166,0.22888893781478514,0.5273853952344799,,,,,0.75,,0.45638363445419783,0.0,0.0,0.029411764705882304,0.0,0.1602999811442627,0.1602999811442627,0.0,0.0,1.6913239515306555,0.50297465062738,94,1.029938023558293,0.39153053705726626,64,0,0.20447994590761379,0.34304493126600044,103,0,0.3277697951524485,0.43463285475621255,64,20.254629100529094,0.808918593391235,81.25,77.52383335418492,0.5212045797144854,92,coif,70.41176470588235,68.0,19.190032645651655,17,0.8933713051163704,0.8122055979082231,0.13097840704607377,4,70.0
smoothed,db4,30408.34060481761,0.6395348837209303,17.997585309622544,8.798021821310897,86,1,False,False,201.19593967830747,,6.302002394351765,136758.7628420768,1.0,7.300183813835396e-05,0.740283982813487,478.8985299145102,0.011627906976744186,6765.760566175733,6.0,"[0.0, 0.011627906976744186, 0.023255813953488372, 0.03488372093023256, 0.046511627906976744, 0.05813953488372093, 0.06976744186046512, 0.08139534883720931, 0.09302325581395349, 0.10465116279069767, 0.11627906976744186, 0.12790697674418605, 0.13953488372093023, 0.1511627906976744, 0.16279069767441862, 0.1744186046511628, 0.18604651162790697, 0.19767441860465115, 0.20930232558139533, 0.22093023255813954, 0.23255813953488372, 0.2441860465116279, 0.2558139534883721, 0.26744186046511625, 0.27906976744186046, 0.29069767441860467, 0.3023255813953488, 0.313953488372093, 0.32558139534883723, 0.3372093023255814, 0.3488372093023256, 0.36046511627906974, 0.37209302325581395, 0.38372093023255816, 0.3953488372093023, 0.4069767441860465, 0.41860465116279066, 0.43023255813953487, 0.4418604651162791, 0.45348837209302323, 0.46511627906976744, 0.47674418604651164, 0.4883720930232558]","[58735.40051519187, 3980.820238583146, 6765.760566175733, 2835.00896581914, 4161.050264053336, 3762.162611900901, 4338.795270460352, 3214.848790667261, 2007.3175596997064, 1582.0125950294125, 1258.5134029471014, 1385.2763004196022, 1186.0369412594823, 1179.5835838242429, 793.9948532726054, 694.8249725953881, 745.690616243301, 467.6179107712549, 372.43524693739215, 670.4268931398323, 528.1741030297871, 720.7570656667276, 646.6910409486642, 451.12358948787994, 599.246747503168, 97.93323157977201, 85.27485954954933, 528.7208068879994, 252.71625986483306, 446.1592143565603, 332.94024948575213, 236.2161716819556, 267.23546432547874, 295.9160935263803, 328.9163998144532, 284.5251573593503, 334.4895183567568, 357.87771137504643, 366.1169218434254, 177.3546488275014, 682.7093998578089, 464.5515820142115, 630.2571367777501]",10,162.7610743761332,22.07989130759745,527.2471246899306,"[9, 13, 17, 25, 32, 38, 47, 62, 70, 83]","[157.58895453768912, 47.57331113492205, 33.06335133543132, 172.9124771254509, 46.650539735485154, 438.39756748081453, 73.66200609973816, 108.43552031427271, 22.07989130759745, 527.2471246899306]","[3, 12, 16, 3, 28, 3, 43, 43, 67, 3]","[18, 18, 18, 28, 36, 43, 55, 76, 76, 85]",43601772.73773326,938.8703454504519,-938.8703454504519,109253.4814731119,0.05724942249492783,0.10474410682334828,0.4883720930232558,SWT,inu.32000013032919,21811893.33773326,,0.0,-6.0,1.0,0.0,-6.0,,273.4703454504519,32.524710739769574,195.01074376133215,57.643415341600345,,109253.4814731119,32.524710739769574,,,11.07989130759745,0.0,-6.0,138.15287531006936,273.4703454504519,,42.801470085489825,0.11503289667255669,0.932465111152369,0.6998623262362812,0.11181692955605536,0.044167376220337076,0.4285714285714287,0.79980319591463,0.32804597159882376,,0.05345399186731928,0.2569593065139538,0.2569593065139538,0.2040914109439276,,0.9999999999999999,0.18539734220046833,0.17132081956924594,0.1516592192252173,,,,,0.25,,0.4780833317502794,0.05882352941176469,0.0,0.1029411764705882,0.0,0.3395808165400486,0.3395808165400486,0.0,0.06578947368421051,1.5898362530654486,0.4727937147798638,98,1.4347271894113955,0.5454109802259497,57,0,0.21748003006839026,0.364854468419344,99,0,0.4324706544903102,0.5734694225622182,47,27.158485475691265,0.7437878728708371,75.25,67.65265091545845,0.5169411062467393,93,db,78.8157894736842,80.5,20.353438202357445,38,1.0,0.861445978226601,0.04156620653201971,5,71.0
smoothed,coif9,28743.985626159796,0.6744186046511628,21.033169035354902,6.2005381546608564,86,1,False,False,202.86698964540406,,6.305071293631919,136758.7628420768,1.0,6.109970806677076e-05,-0.09998049681487799,519.5159342460365,0.011627906976744186,6766.76504408767,6.0,"[0.0, 0.011627906976744186, 0.023255813953488372, 0.03488372093023256, 0.046511627906976744, 0.05813953488372093, 0.06976744186046512, 0.08139534883720931, 0.09302325581395349, 0.10465116279069767, 0.11627906976744186, 0.12790697674418605, 0.13953488372093023, 0.1511627906976744, 0.16279069767441862, 0.1744186046511628, 0.18604651162790697, 0.19767441860465115, 0.20930232558139533, 0.22093023255813954, 0.23255813953488372, 0.2441860465116279, 0.2558139534883721, 0.26744186046511625, 0.27906976744186046, 0.29069767441860467, 0.3023255813953488, 0.313953488372093, 0.32558139534883723, 0.3372093023255814, 0.3488372093023256, 0.36046511627906974, 0.37209302325581395, 0.38372093023255816, 0.3953488372093023, 0.4069767441860465, 0.41860465116279066, 0.43023255813953487, 0.4418604651162791, 0.45348837209302323, 0.46511627906976744, 0.47674418604651164, 0.4883720930232558]","[58735.40051519186, 3980.860899290018, 6766.76504408767, 2836.8019538030658, 4167.353178201767, 3770.976330289239, 4347.033089168573, 3209.0442318441073, 1985.0148989813708, 1537.9112060640398, 1192.3495586514825, 1269.8177856171558, 1049.328105387344, 1008.5210466609312, 649.9014129786673, 535.9273326003179, 573.9821128495187, 407.6921757567358, 353.9021635598675, 527.943260172748, 185.27001609429743, 463.05391026278204, 846.275738983564, 721.0022944284821, 838.0149924862178, 112.69443217439864, 118.9176257583243, 855.901983638204, 392.8699015190786, 620.7310346748075, 421.43457505648115, 278.2865410255296, 296.9209559527354, 314.3755438888157, 338.92206160004866, 287.7954845582327, 335.09674490453887, 357.20207813412406, 365.26519608876936, 177.087217706367, 682.2784412068874, 464.4826431187652, 630.2506994322001]",12,128.0819856566059,20.80745680368716,438.35894620912575,"[4, 8, 16, 21, 30, 37, 44, 53, 68, 75, 79, 84]","[94.36743832787454, 66.92347595964212, 123.6394548644322, 20.80745680368716, 438.35894620912575, 87.50761446529509, 220.33162824629278, 85.01711581419534, 47.85338562178879, 259.9844450331857, 71.276203437552, 20.916663096199272]","[0, 7, 7, 19, 7, 35, 35, 49, 49, 49, 77, 80]","[7, 9, 24, 24, 49, 39, 49, 60, 71, 80, 80, 85]",43583310.54382196,955.6713479582208,-955.6713479582208,109010.65641385014,0.05860748803796094,0.10754283602382408,0.4883720930232558,SWT,inu.32000013032919,21793431.143821962,,0.0,-2.0,1.0,0.0,7.0,,290.2713479582209,2.154377979757726,104.38382787927071,46.378483961758015,,109010.65641385014,2.154377979757726,,,9.80745680368716,0.0,-2.0,227.04105379087423,290.2713479582209,,2.184065753963523,0.2809271512729299,0.5933516542078018,0.10098405507738673,0.14389030191655366,0.038389796264797646,0.6428571428571428,0.15210242939913865,0.32804597159882376,,0.02524159896416084,0.0011812937481084917,0.0011812937481084917,0.062019282368784734,,0.997777415822474,0.004162340356668293,0.08295457784407756,0.4150469807555582,,,,,0.25,,0.46256541698301507,0.15294117647058822,0.0,0.22058823529411759,0.0,0.4571749946556909,0.4571749946556909,0.0,0.40789473684210525,1.5097200345190607,0.4489683399919719,103,0.8632163413233692,0.3281513547264607,76,0,0.22210579658384152,0.3726148663855216,98,0,0.28506856282432186,0.37800970404841217,76,14.291605927956452,0.8651735289815429,88.25,86.5265057523122,0.516313179585111,94,coif,70.41176470588235,68.0,19.190032645651655,17,0.8933713051163704,0.8122055979082231,0.13097840704607377,4,71.5
smoothed,db13,25443.723149529913,0.6046511627906976,17.920767674965408,6.179280141568339,86,1,False,False,202.04637296140186,,6.3016662105291195,136758.7628420768,1.0,6.151130051428402e-05,-0.10911541509891298,513.6071564496436,0.011627906976744186,6766.765044112001,6.0,"[0.0, 0.011627906976744186, 0.023255813953488372, 0.03488372093023256, 0.046511627906976744, 0.05813953488372093, 0.06976744186046512, 0.08139534883720931, 0.09302325581395349, 0.10465116279069767, 0.11627906976744186, 0.12790697674418605, 0.13953488372093023, 0.1511627906976744, 0.16279069767441862, 0.1744186046511628, 0.18604651162790697, 0.19767441860465115, 0.20930232558139533, 0.22093023255813954, 0.23255813953488372, 0.2441860465116279, 0.2558139534883721, 0.26744186046511625, 0.27906976744186046, 0.29069767441860467, 0.3023255813953488, 0.313953488372093, 0.32558139534883723, 0.3372093023255814, 0.3488372093023256, 0.36046511627906974, 0.37209302325581395, 0.38372093023255816, 0.3953488372093023, 0.4069767441860465, 0.41860465116279066, 0.43023255813953487, 0.4418604651162791, 0.45348837209302323, 0.46511627906976744, 0.47674418604651164, 0.4883720930232558]","[58735.40051519186, 3980.860899290014, 6766.765044112001, 2836.8019546165947, 4167.353127867059, 3770.9746989334076, 4347.019094190017, 3209.0455301203633, 1985.2186054188817, 1538.6900558843147, 1193.3369711551813, 1267.4061147586874, 1036.0151117265568, 984.3409426324973, 652.9139162543335, 592.1636721100992, 665.981219067998, 409.18278876453843, 273.7078985616002, 313.89704852121037, 181.42421255862902, 538.6373313784705, 801.3944390000502, 722.2657338635806, 1031.7090180945963, 155.96410085961597, 118.24522222634458, 710.2855358954592, 353.5465551540452, 617.8945265487978, 431.51070671400595, 281.79744592290643, 297.4833397355199, 314.1151507276472, 338.75033952431585, 287.76594687976825, 335.096609334867, 357.20322811825406, 365.26535410547217, 177.0872198452848, 682.2784410112254, 464.4826431170943, 630.2506994322005]",9,167.1263408364592,27.249422694707278,413.93785674921213,"[4, 18, 22, 30, 37, 45, 55, 73, 79]","[205.40247204375282, 92.09817947049908, 27.249422694707278, 193.2986766448887, 100.95626857423758, 413.93785674921213, 61.48492087842021, 279.8773467711037, 129.8319237013111]","[3, 10, 21, 10, 35, 10, 50, 50, 77]","[10, 27, 27, 35, 42, 50, 60, 74, 81]",43583333.00552168,942.4413811391267,-942.4413811391267,108921.52900922536,0.05843703912318771,0.10740330944550919,0.4883720930232558,SWT,inu.32000013032919,21793453.60552168,,0.0,-6.5,2.0,0.0,-2.0,,277.04138113912677,36.889977200095586,71.53706752813287,82.61036688205698,,108921.52900922536,36.889977200095586,,,16.249422694707278,0.0,-6.5,251.46214325078785,277.04138113912677,,8.092843550356406,0.19946005227187028,0.6050786759164404,0.09608278763436973,0.10830343890648325,0.026933387879867446,0.21428571428571397,0.14506096362488308,0.32804597159882376,,0.16807274054959706,0.29372344700719577,0.29372344700719577,0.5189719752172595,,0.9969616303351555,0.030527327791197156,0.05092717476159164,0.4874099900658217,,,,,0.5,,0.4625842965779,0.04705882352941175,0.0,0.08823529411764702,0.0,0.36457533735136144,0.36457533735136144,0.0,0.1710526315789474,1.8898189287547629,0.5620041119734642,70,0.6415867642340586,0.24389895763002387,99,0,0.2687999696245356,0.45095115168806577,80,0,0.21540637401480647,0.2856354937378994,102,15.326991442115007,0.8554057411121225,87.75,85.67026474264287,0.5137877762164387,95,db,78.8157894736842,80.5,20.353438202357445,38,1.0,0.861445978226601,0.04156620653201971,5,72.5
smoothed,rbio2.2,58571.49819004015,0.5930232558139535,23.011425477628507,10.080776155228206,86,1,False,False,200.03721529292872,-14014.059449304297,6.3218503702486855,136155.85599614657,1.0,5.494320445735383e-05,0.9683033988274763,518.4153366269175,0.011627906976744186,6624.094609349152,6.0,"[0.0, 0.011627906976744186, 0.023255813953488372, 0.03488372093023256, 0.046511627906976744, 0.05813953488372093, 0.06976744186046512, 0.08139534883720931, 0.09302325581395349, 0.10465116279069767, 0.11627906976744186, 0.12790697674418605, 0.13953488372093023, 0.1511627906976744, 0.16279069767441862, 0.1744186046511628, 0.18604651162790697, 0.19767441860465115, 0.20930232558139533, 0.22093023255813954, 0.23255813953488372, 0.2441860465116279, 0.2558139534883721, 0.26744186046511625, 0.27906976744186046, 0.29069767441860467, 0.3023255813953488, 0.313953488372093, 0.32558139534883723, 0.3372093023255814, 0.3488372093023256, 0.36046511627906974, 0.37209302325581395, 0.38372093023255816, 0.3953488372093023, 0.4069767441860465, 0.41860465116279066, 0.43023255813953487, 0.4418604651162791, 0.45348837209302323, 0.46511627906976744, 0.47674418604651164, 0.4883720930232558]","[58735.40051519187, 3959.678077890263, 6624.094609349152, 2704.383048171891, 3829.5311466648977, 3308.1949425575044, 3609.7899005475806, 2506.2259244881166, 1453.8458837325559, 1059.2759861900847, 780.7113141283448, 806.0246921816188, 662.0699303383254, 650.2513898422138, 445.04235974806005, 406.08218488351014, 463.58476288606005, 314.1949210212877, 274.1425323985375, 547.4823322322567, 484.5331424310668, 752.1533159782074, 776.6666927490987, 628.5117270128143, 966.9696947679746, 179.2802758882548, 168.84102560001676, 1058.7646542965315, 481.7789571612861, 782.2733459261848, 531.6663385081141, 345.1989723767549, 361.3745314700221, 375.0316297562922, 395.4406922389494, 327.90575148448994, 372.63448672151, 387.8489994814124, 387.8003906838781, 184.28043222964953, 698.2130978647443, 469.37985358910163, 631.9275471868601]",11,187.66935384864234,33.87041481883562,866.8422030565888,"[1, 9, 16, 22, 30, 37, 45, 51, 61, 78, 83]","[33.87041481883562, 170.62486630031378, 99.48992411294716, 866.8422030565888, 48.79036790187183, 75.16545084012989, 97.40395910844688, 45.89123009900686, 278.77684848279625, 77.49890321804548, 270.00872439608304]","[0, 0, 15, 0, 28, 28, 43, 50, 43, 73, 82]","[2, 17, 17, 85, 31, 85, 50, 53, 85, 82, 85]",43032980.647500016,890.3535035310415,-890.3535035310415,104888.48200984734,0.06028781622016243,0.11361226369426206,0.4883720930232558,SWT,inu.32000013032919,21243101.247500017,,0.09090909090909091,6.5,0.0,0.0,6.5,,224.95350353104152,57.432990212278725,631.7628923350658,58.68936764628832,,104888.48200984734,57.432990212278725,,,22.87041481883562,0.0,-5.5,201.44220305658882,224.95350353104152,,3.2846633730825943,1.1268763699945339e-14,0.417941604987648,0.9956153689527105,0.3192501045908235,0.14193191373522346,0.14285714285714307,0.9755673203222163,0.21966901815514872,1.0,0.31487324826971475,0.4667360737044429,0.4667360737044429,0.21728285129135885,,0.9600470446853556,0.009073210827421269,0.5971782545180222,0.3391941046151301,,,,,0.0,,0.0,0.3529411764705882,0.33333333333333337,0.11764705882352938,0.0,0.0,0.0,0.0,0.39473684210526316,1.647779011166286,0.4900250313977006,96,1.8885801045647508,0.7179429885123121,3,0,0.25387662624158897,0.42591506669528684,89,0,0.4016040592001156,0.532539365473394,57,42.38218965556169,0.6001680221173425,61.25,10.737395618023978,0.5111689167190486,96,rbio,36.333333333333336,37.0,23.627062772128387,15,0.4609905397885365,1.0,0.3773066221480244,3,72.75
smoothed,db9,26366.324700842455,0.5697674418604651,16.318240829784127,6.472375298211109,86,1,False,False,201.76260967294036,,6.301735198795823,136758.7628420768,1.0,6.0821733949057576e-05,0.0141532127717616,462.61498849051986,0.011627906976744186,6766.765101213133,4.0,"[0.0, 0.011627906976744186, 0.023255813953488372, 0.03488372093023256, 0.046511627906976744, 0.05813953488372093, 0.06976744186046512, 0.08139534883720931, 0.09302325581395349, 0.10465116279069767, 0.11627906976744186, 0.12790697674418605, 0.13953488372093023, 0.1511627906976744, 0.16279069767441862, 0.1744186046511628, 0.18604651162790697, 0.19767441860465115, 0.20930232558139533, 0.22093023255813954, 0.23255813953488372, 0.2441860465116279, 0.2558139534883721, 0.26744186046511625, 0.27906976744186046, 0.29069767441860467, 0.3023255813953488, 0.313953488372093, 0.32558139534883723, 0.3372093023255814, 0.3488372093023256, 0.36046511627906974, 0.37209302325581395, 0.38372093023255816, 0.3953488372093023, 0.4069767441860465, 0.41860465116279066, 0.43023255813953487, 0.4418604651162791, 0.45348837209302323, 0.46511627906976744, 0.47674418604651164, 0.4883720930232558]","[58735.40051519186, 3980.8608993308444, 6766.765101213133, 2836.802871765625, 4167.364688802749, 3770.9876470385093, 4346.733399880389, 3207.542791310485, 1981.9323278759205, 1533.3925400923156, 1190.1553743637314, 1278.720729549837, 1076.9619737189819, 1061.2826882005133, 703.432934182054, 588.7407041030582, 571.0011703468737, 296.1274587573275, 174.07543973633233, 245.8554817629752, 268.6336788283798, 592.0398305565521, 763.7126573538493, 686.2339719420754, 1068.1620956458332, 186.08904108798257, 156.2849425486681, 859.8789566776069, 356.1816484881001, 566.086805295573, 397.6554740659658, 270.7057078996542, 294.8262332743685, 314.9526373513515, 339.9149227176505, 288.2417222282374, 335.25345618170815, 357.22670234312875, 365.26409991985923, 177.08672857433277, 682.2782204278983, 464.4826391975728, 630.2506994257355]",12,138.86407763964596,20.74439025539857,488.8833084802038,"[1, 6, 14, 20, 29, 38, 42, 51, 66, 72, 77, 84]","[97.7789343086032, 68.44503013501384, 146.9900010002218, 37.33706720604141, 170.64727691761516, 64.1620006108019, 488.8833084802038, 72.1022359527268, 155.14390427040632, 20.74439025539857, 298.1216471362925, 46.01313540242597]","[0, 5, 7, 19, 7, 33, 7, 47, 47, 71, 47, 82]","[7, 7, 22, 22, 33, 39, 47, 58, 76, 73, 78, 85]",43588844.751152895,960.9526517939663,-960.9526517939663,108935.5796092556,0.058505011398892845,0.10751891315090019,0.4883720930232558,SWT,inu.32000013032919,21798965.351152897,,0.0,-6.5,1.0,0.0,2.5,,295.55265179396633,8.627714003282335,233.76893167575145,45.38487664272502,,108935.5796092556,8.627714003282335,,,9.74439025539857,0.0,-6.5,176.51669151979615,295.55265179396633,,59.08501150948018,0.17128932120506538,0.5854316631278946,0.16365908193370804,0.10902444216025722,0.030136072582449054,0.0,0.24008007569595524,0.32804597159882376,,0.02384328869051147,0.05569953156744406,0.05569953156744406,0.04948801146948212,,0.9970902358481405,0.25805456165035506,0.20911219058458685,0.26533642409024216,,,,,0.25,,0.46721705037384703,0.04705882352941175,0.0,0.08823529411764702,0.0,0.49414008549811506,0.49414008549811506,0.0,0.2894736842105263,1.6226135466529212,0.4825411956073836,97,0.6220424207493775,0.23646918309412363,102,0,0.22469937770532594,0.3769659769729354,97,0,0.20345832853801918,0.2697920170321896,105,3.947573094109004,0.962758744395198,100.25,100.13446107135113,0.508502013707033,97,db,78.8157894736842,80.5,20.353438202357445,38,1.0,0.861445978226601,0.04156620653201971,5,74.0
smoothed,db31,23701.60133632929,0.6162790697674418,22.678988381787704,5.819050901781617,86,1,False,False,203.05977733820478,,6.3009098597304956,136758.7628420768,1.0,6.414788618178226e-05,-0.27292927924894045,507.12571720140556,0.011627906976744186,6766.76504408767,6.0,"[0.0, 0.011627906976744186, 0.023255813953488372, 0.03488372093023256, 0.046511627906976744, 0.05813953488372093, 0.06976744186046512, 0.08139534883720931, 0.09302325581395349, 0.10465116279069767, 0.11627906976744186, 0.12790697674418605, 0.13953488372093023, 0.1511627906976744, 0.16279069767441862, 0.1744186046511628, 0.18604651162790697, 0.19767441860465115, 0.20930232558139533, 0.22093023255813954, 0.23255813953488372, 0.2441860465116279, 0.2558139534883721, 0.26744186046511625, 0.27906976744186046, 0.29069767441860467, 0.3023255813953488, 0.313953488372093, 0.32558139534883723, 0.3372093023255814, 0.3488372093023256, 0.36046511627906974, 0.37209302325581395, 0.38372093023255816, 0.3953488372093023, 0.4069767441860465, 0.41860465116279066, 0.43023255813953487, 0.4418604651162791, 0.45348837209302323, 0.46511627906976744, 0.47674418604651164, 0.4883720930232558]","[58735.40051519186, 3980.860899290016, 6766.76504408767, 2836.8019538025296, 4167.353178248656, 3770.9763371135023, 4347.033145838545, 3209.0428326561278, 1985.0070998367373, 1537.9254351232441, 1192.5378253885515, 1270.0901267809984, 1047.4030699517182, 1003.4867601319639, 653.518247368036, 552.5362233537405, 601.8340608924138, 372.06411976196745, 259.2508647130533, 678.4325382758743, 460.36283235496444, 278.6187495438749, 921.8406918107502, 538.692607066003, 580.8559873900051, 161.5685814969249, 133.34081994464182, 816.7594712460939, 382.0766256154671, 617.3223470604418, 423.5724725411346, 278.7997307799599, 296.8573138003898, 314.32592884042583, 338.91892591368827, 287.7966153230881, 335.09689101158006, 357.2020734774673, 365.26519542775463, 177.08721770437566, 682.2784412070157, 464.4826431187649, 630.2506994321999]",11,153.92344157731313,44.71015400508918,518.1733817501586,"[5, 14, 18, 33, 46, 54, 59, 68, 72, 80, 84]","[71.5924749727767, 113.33594110882439, 292.95158131135884, 111.97319356866046, 172.37565953752198, 44.71015400508918, 518.1733817501586, 181.03640002559393, 64.71052527342488, 49.41269417160015, 72.88585162543507]","[3, 12, 15, 25, 25, 51, 25, 64, 71, 64, 64]","[15, 15, 25, 40, 56, 56, 64, 75, 75, 81, 85]",43575383.91592299,1020.58029896213,-1020.58029896213,108811.69313991422,0.058111214785475734,0.10705640021911457,0.4883720930232558,SWT,inu.32000013032919,21785504.515922993,,0.0,-2.5,0.0,0.0,-2.5,,355.18029896213,23.687077940949507,260.55785735044446,50.45555398637518,,108811.69313991422,23.687077940949507,,,33.71015400508918,0.0,-2.5,147.2266182498414,355.18029896213,,14.574282798594481,0.30006623820811584,0.6801998243880514,0.013027996139728826,0.10039874129835158,0.02088585102797974,0.2857142857142856,0.01878838166025598,0.32804597159882376,,0.555211733237354,0.18252903363222955,0.18252903363222955,0.11343886027973138,,0.9959562997239002,0.05944753265010683,0.2352328707234556,0.1785459535745368,,,,,0.0,,0.45590289698571745,0.1411764705882353,0.0,0.2058823529411764,0.0,0.9114880478275853,0.9114880478275853,0.0,0.15789473684210525,1.803131053888108,0.5362244240933122,84,0.6155583682151993,0.23400427305784446,103,0,0.2937068816925526,0.4927361291854755,69,0,0.21839091125444907,0.2895930821422512,100,15.726834816113932,0.8516336338102459,89.0,86.75612754715006,0.5060054961504059,98,db,78.8157894736842,80.5,20.353438202357445,38,1.0,0.861445978226601,0.04156620653201971,5,74.75
smoothed,db25,24248.44582804717,0.6162790697674418,21.038182520535937,5.858843106797216,86,1,False,False,201.78417352440738,,6.301354966140082,136758.7628420768,1.0,6.507370590040183e-05,-0.2540719346445976,509.63326396677934,0.011627906976744186,6766.76504408767,5.0,"[0.0, 0.011627906976744186, 0.023255813953488372, 0.03488372093023256, 0.046511627906976744, 0.05813953488372093, 0.06976744186046512, 0.08139534883720931, 0.09302325581395349, 0.10465116279069767, 0.11627906976744186, 0.12790697674418605, 0.13953488372093023, 0.1511627906976744, 0.16279069767441862, 0.1744186046511628, 0.18604651162790697, 0.19767441860465115, 0.20930232558139533, 0.22093023255813954, 0.23255813953488372, 0.2441860465116279, 0.2558139534883721, 0.26744186046511625, 0.27906976744186046, 0.29069767441860467, 0.3023255813953488, 0.313953488372093, 0.32558139534883723, 0.3372093023255814, 0.3488372093023256, 0.36046511627906974, 0.37209302325581395, 0.38372093023255816, 0.3953488372093023, 0.4069767441860465, 0.41860465116279066, 0.43023255813953487, 0.4418604651162791, 0.45348837209302323, 0.46511627906976744, 0.47674418604651164, 0.4883720930232558]","[58735.40051519185, 3980.860899290017, 6766.76504408767, 2836.8019538025296, 4167.353178248682, 3770.9763371165154, 4347.033145328958, 3209.042831355794, 1985.0072738460003, 1537.9249343240278, 1192.526215170962, 1270.1465750672107, 1047.7381061275357, 1001.6411836129708, 652.0532051708841, 567.1246461337884, 586.2172444932795, 333.68782182988525, 323.4517219236845, 686.5660025485168, 325.0548566183425, 366.4730825933104, 891.310752852931, 653.9149660358617, 561.320190991972, 132.15108231312448, 146.03717650052863, 839.1595907612381, 372.0554675492467, 618.7076203527274, 424.3508624089477, 278.7105500408406, 296.84411924534936, 314.328989003084, 338.9190362768038, 287.79659009432066, 335.0968911473648, 357.20207351934135, 365.26519542746416, 177.0872177043732, 682.2784412070165, 464.482643118764, 630.2506994322005]",12,146.42012777863735,20.32662570395189,405.0385973024555,"[2, 9, 14, 27, 33, 41, 49, 54, 65, 72, 80, 84]","[20.32662570395189, 116.21660303360136, 269.49870527388293, 128.20890049301, 53.94176077281861, 405.0385973024555, 46.91190135783063, 156.94828843898358, 248.82285403001856, 63.00711064033351, 131.0615957786988, 117.05859051806249]","[0, 7, 7, 19, 32, 19, 44, 51, 59, 70, 59, 83]","[7, 11, 19, 35, 35, 59, 51, 59, 70, 74, 85, 85]",43576577.356203996,919.8339682390963,-919.8339682390963,108857.11692986592,0.0582166891262687,0.10715211103117941,0.4883720930232558,SWT,inu.32000013032919,21786697.956203997,,0.0,-6.5,1.0,0.0,-2.0,,254.43396823909632,16.18376414227373,324.4415333436482,65.57583572407833,,108857.11692986592,16.18376414227373,,,9.32662570395189,0.0,-6.5,260.36140269754446,254.43396823909632,,12.066736033220707,0.1734300824844245,0.706578121667638,0.022202524261430656,0.10505059276412697,0.02278414665280746,0.2857142857142856,0.033324181816989595,0.32804597159882376,,0.014580621236740116,0.11933635452168673,0.11933635452168673,0.3041342616716406,,0.9963720648724267,0.048258850110558305,0.29752297847085135,0.5137797060957787,,,,,0.25,,0.45690601203528375,0.04705882352941175,0.0,0.08823529411764702,0.0,0.2063407237876336,0.2063407237876336,0.0,0.1710526315789474,1.6535495174607673,0.4917410943581897,95,0.600075121162984,0.22811832274328064,105,0,0.21329196668544032,0.35782838129395506,101,0,0.2096412383700658,0.2779907461120085,103,4.320493798938574,0.9592406245383154,101.0,100.85766006560563,0.503205217929535,99,db,78.8157894736842,80.5,20.353438202357445,38,1.0,0.861445978226601,0.04156620653201971,5,75.5
smoothed,coif4,29819.404599738595,0.7209302325581395,21.59800239599365,7.980997166073721,86,1,False,False,201.43918359903412,,6.304610458448783,136758.7628420768,1.0,6.799186315896663e-05,0.5246284206863459,505.72935513032314,0.011627906976744186,6766.764865385758,6.0,"[0.0, 0.011627906976744186, 0.023255813953488372, 0.03488372093023256, 0.046511627906976744, 0.05813953488372093, 0.06976744186046512, 0.08139534883720931, 0.09302325581395349, 0.10465116279069767, 0.11627906976744186, 0.12790697674418605, 0.13953488372093023, 0.1511627906976744, 0.16279069767441862, 0.1744186046511628, 0.18604651162790697, 0.19767441860465115, 0.20930232558139533, 0.22093023255813954, 0.23255813953488372, 0.2441860465116279, 0.2558139534883721, 0.26744186046511625, 0.27906976744186046, 0.29069767441860467, 0.3023255813953488, 0.313953488372093, 0.32558139534883723, 0.3372093023255814, 0.3488372093023256, 0.36046511627906974, 0.37209302325581395, 0.38372093023255816, 0.3953488372093023, 0.4069767441860465, 0.41860465116279066, 0.43023255813953487, 0.4418604651162791, 0.45348837209302323, 0.46511627906976744, 0.47674418604651164, 0.4883720930232558]","[58735.40051519187, 3980.8608985668925, 6766.764865385758, 2836.8019517194557, 4167.3794485769195, 3771.2097533371257, 4348.2894613509025, 3211.6078775314218, 1987.467526964643, 1537.9628474713136, 1185.4113684604358, 1244.6776963285868, 1004.066622347653, 942.5220411576346, 616.2765490844954, 553.5310894573784, 643.5197696229723, 447.637550703136, 391.4117553536336, 747.5089161662437, 593.918000459103, 764.9947883060692, 594.9893798916469, 328.82273649804796, 373.4019211328289, 79.01271120795951, 98.31979003169245, 750.5393638934735, 381.4097952484488, 650.7070398615522, 447.8537954876789, 289.872977593297, 302.6805629379715, 316.19314429227364, 338.9106810025372, 287.43944713323236, 334.82882785315826, 357.0988103501883, 365.24258481114276, 177.0861013678247, 682.2784417080153, 464.4826553851779, 630.250699546684]",12,136.8393720832545,24.96338139276486,444.65527480027373,"[11, 15, 19, 26, 35, 39, 48, 54, 64, 71, 80, 84]","[144.67690854999591, 78.6425381463049, 32.11415620331627, 158.823774598285, 68.27044662546098, 444.65527480027373, 101.17286257242802, 31.105155175822688, 243.3470167927245, 24.96338139276486, 217.2970666601076, 97.00388348156912]","[2, 14, 18, 2, 29, 2, 44, 53, 44, 70, 44, 82]","[18, 18, 20, 36, 36, 44, 56, 56, 79, 79, 82, 85]",43568809.967972144,931.5049694590726,-931.5049694590726,108730.64276077847,0.05782172714866635,0.10665966446576125,0.4883720930232558,SWT,inu.32000013032919,21778930.567972146,,0.0,-6.5,1.0,0.0,-2.0,,266.10496945907266,6.603008446890868,209.47246499905395,50.1845334096503,,108730.64276077847,6.603008446890868,,,13.963381392764859,0.0,2.5,220.74472519972625,266.10496945907266,,15.970644869676903,0.13918104885805518,0.7897217598154405,0.5114883551869553,0.13907406747018136,0.04212296568191698,0.9285714285714285,0.6335694965502862,0.32804597159882376,,0.11738667756949847,0.038647523354624846,0.038647523354624846,0.11002077729949533,,0.9952144434641004,0.06567810515202341,0.18542179544618714,0.3963901028464212,,,,,0.25,,0.450377336780045,0.04705882352941175,0.0,0.3529411764705882,0.0,0.28802881327010005,0.28802881327010005,0.0,0.1710526315789474,1.5268951382881015,0.45407596104227643,101,1.4322371309784865,0.5444643854860327,58,0,0.2108274746325648,0.3536938364458932,102,0,0.438971886716636,0.5820902569519363,44,29.713913688147287,0.7196800595457803,76.25,67.03135780120597,0.5001702184521355,100,coif,70.41176470588235,68.0,19.190032645651655,17,0.8933713051163704,0.8122055979082231,0.13097840704607377,4,76.0
smoothed,db36,23533.391146522434,0.6162790697674418,21.036722260726613,6.019816510436797,86,1,False,False,201.25036916299553,,6.300456486232907,136758.76284207677,1.0,6.257540443521126e-05,-0.179672641784795,490.2250213046884,0.011627906976744186,6766.765044087669,6.0,"[0.0, 0.011627906976744186, 0.023255813953488372, 0.03488372093023256, 0.046511627906976744, 0.05813953488372093, 0.06976744186046512, 0.08139534883720931, 0.09302325581395349, 0.10465116279069767, 0.11627906976744186, 0.12790697674418605, 0.13953488372093023, 0.1511627906976744, 0.16279069767441862, 0.1744186046511628, 0.18604651162790697, 0.19767441860465115, 0.20930232558139533, 0.22093023255813954, 0.23255813953488372, 0.2441860465116279, 0.2558139534883721, 0.26744186046511625, 0.27906976744186046, 0.29069767441860467, 0.3023255813953488, 0.313953488372093, 0.32558139534883723, 0.3372093023255814, 0.3488372093023256, 0.36046511627906974, 0.37209302325581395, 0.38372093023255816, 0.3953488372093023, 0.4069767441860465, 0.41860465116279066, 0.43023255813953487, 0.4418604651162791, 0.45348837209302323, 0.46511627906976744, 0.47674418604651164, 0.4883720930232558]","[58735.40051519185, 3980.860899290018, 6766.765044087669, 2836.801953802529, 4167.353178248659, 3770.9763371134886, 4347.033145840633, 3209.0428326821143, 1985.0070956547065, 1537.9255195652731, 1192.5374893395153, 1270.0840900569729, 1047.4663675918264, 1003.3233496303042, 652.961014743857, 555.856607326718, 598.702844061915, 351.41037855607215, 325.8854844642491, 535.0907107096659, 372.8602375728659, 950.5981061584815, 207.36854119223057, 620.0514823139819, 828.8537714490986, 130.76277370797294, 140.48742633572442, 821.3473104697167, 379.84179796540036, 617.8499718449877, 423.64150808419663, 278.7828864319208, 296.8587247904135, 314.32601741537445, 338.9189073048555, 287.79661592942034, 335.09689100886743, 357.2020734772977, 365.2651954277575, 177.08721770437424, 682.2784412070158, 464.48264311876375, 630.2506994322016]",11,178.96294461610663,44.62930557487857,471.9375639052751,"[2, 9, 13, 17, 22, 36, 50, 56, 63, 71, 75]","[44.62930557487857, 99.13418683053874, 69.76880085778907, 187.1548353919202, 298.650362787332, 95.0952249983552, 274.40055213935784, 206.27253841631193, 471.9375639052751, 72.63763654322065, 148.9113833321935]","[0, 7, 12, 15, 19, 29, 29, 55, 29, 68, 68]","[7, 15, 15, 19, 29, 44, 55, 61, 68, 72, 76]",43580935.92811329,941.1639540492964,-941.1639540492964,108892.49409830097,0.05828972099427005,0.10721386919731993,0.4883720930232558,SWT,inu.32000013032919,21791056.52811329,,0.0,-2.5,0.0,0.0,0.5,,275.76395404929644,48.726580979743005,535.9923907771729,83.90156936060207,,108892.49409830097,48.726580979743005,,,33.62930557487857,0.0,-5.5,193.46243609472486,275.76395404929644,,31.47497869531162,0.12043640881665872,0.6353969430672468,0.05931670323086624,0.09566048967159355,0.020301932432843676,0.2857142857142856,0.09067336196419473,0.32804597159881854,,0.5534191634259447,0.3934109616807666,0.3934109616807666,0.5352564849371019,,0.9966958730290002,0.13485849754097762,0.5037967330523833,0.3155489698678477,,,,,0.0,,0.4605694957859346,0.1411764705882353,0.0,0.11764705882352938,0.0,0.35563432394089434,0.35563432394089434,0.0,0.2368421052631579,2.083558147028511,0.6196192811643643,57,0.6020946862668296,0.22888605962806807,104,0,0.3052167457531907,0.5120456047823956,62,0,0.20444326206206354,0.2710980692543029,104,25.773047937719745,0.7568580383233986,81.75,75.6091339230611,0.4928158116145295,101,db,78.8157894736842,80.5,20.353438202357445,38,1.0,0.861445978226601,0.04156620653201971,5,77.0
smoothed,db30,23857.079585698248,0.6511627906976745,22.176629631155098,5.794458298971867,86,1,False,False,201.60777708949652,,6.30100879502465,136758.7628420768,1.0,6.188595530742169e-05,-0.28225314507502375,494.7828777580013,0.011627906976744186,6766.7650440876705,4.0,"[0.0, 0.011627906976744186, 0.023255813953488372, 0.03488372093023256, 0.046511627906976744, 0.05813953488372093, 0.06976744186046512, 0.08139534883720931, 0.09302325581395349, 0.10465116279069767, 0.11627906976744186, 0.12790697674418605, 0.13953488372093023, 0.1511627906976744, 0.16279069767441862, 0.1744186046511628, 0.18604651162790697, 0.19767441860465115, 0.20930232558139533, 0.22093023255813954, 0.23255813953488372, 0.2441860465116279, 0.2558139534883721, 0.26744186046511625, 0.27906976744186046, 0.29069767441860467, 0.3023255813953488, 0.313953488372093, 0.32558139534883723, 0.3372093023255814, 0.3488372093023256, 0.36046511627906974, 0.37209302325581395, 0.38372093023255816, 0.3953488372093023, 0.4069767441860465, 0.41860465116279066, 0.43023255813953487, 0.4418604651162791, 0.45348837209302323, 0.46511627906976744, 0.47674418604651164, 0.4883720930232558]","[58735.40051519185, 3980.860899290017, 6766.7650440876705, 2836.80195380253, 4167.353178248656, 3770.9763371134795, 4347.033145847297, 3209.042832388355, 1985.00709472885, 1537.9256506525817, 1192.5361468530657, 1270.0826313797945, 1047.5754223861436, 1002.6760371730996, 653.3001721800508, 561.117261282545, 573.2667102864234, 376.89823556697615, 331.3572981928479, 391.2415286007123, 492.81882318395105, 928.3182216989318, 289.6371738489242, 500.18777326324476, 977.1442838588599, 127.54713637609657, 131.55077053465132, 856.8599998062922, 376.24611870854267, 617.5289424025315, 423.9147553588726, 278.75386071809163, 296.8590657314233, 314.32637126403637, 338.9188784166081, 287.79661606365624, 335.0968910395415, 357.2020734767492, 365.26519542775793, 177.08721770437464, 682.2784412070155, 464.4826431187641, 630.2506994321996]",11,153.94772972501542,36.51043628683669,525.7699362371376,"[5, 9, 13, 17, 31, 45, 53, 60, 66, 75, 81]","[36.51043628683669, 63.51679695838595, 127.73876767764591, 319.10616032432165, 122.89224360765411, 172.9076179318555, 45.26902125520451, 525.7699362371376, 151.57952679770756, 58.813929237132584, 69.3205906612875]","[1, 7, 11, 11, 23, 23, 50, 23, 64, 72, 64]","[11, 11, 15, 23, 39, 55, 55, 64, 76, 76, 84]",43584521.596277624,984.0080597025869,-984.0080597025869,108987.29004789407,0.05851160870080198,0.1074189031923688,0.4883720930232558,SWT,inu.32000013032919,21794642.196277626,,0.09090909090909091,-1.0,0.0,0.09090909090909091,-1.0,,318.60805970258696,23.7113660886518,260.82502697516975,49.09865040917221,,108987.29004789407,23.7113660886518,,,25.510436286836693,0.18181818181818182,3.5,139.6300637628624,318.60805970258696,,26.917122241998754,0.15591824522048936,0.6157532762860923,0.007357902562973084,0.10143272392187197,0.02142557243873362,0.5000000000000003,0.011601269520144175,0.32804597159882376,,0.3734077525598236,0.18273358766863562,0.18273358766863562,0.09632573522071752,,0.9975635428580522,0.11452132591923574,0.2354933758439302,0.15603632950680152,,,,,0.0,,0.46358333548587366,0.1764705882352941,0.33333333333333337,0.38235294117647056,0.6666666666666667,0.6555103217611854,0.6555103217611854,0.25,0.19736842105263158,1.8414756738842728,0.5476275451976732,76,0.6332042426176485,0.24071234531423785,101,0,0.33997839815102615,0.5703633464297638,44,0,0.21769187019364108,0.28866613214153664,101,27.03701166919155,0.7449338521774382,80.5,71.82985963419821,0.49274994495664365,102,db,78.8157894736842,80.5,20.353438202357445,38,1.0,0.861445978226601,0.04156620653201971,5,77.75
smoothed,db8,26625.83807922754,0.6395348837209303,19.281812931612578,6.769681984870007,86,1,False,False,202.46796087982977,,6.301758067660971,136758.7628420768,1.0,6.767106621638724e-05,0.1259633878076214,505.73754208218014,0.011627906976744186,6766.764837302362,6.0,"[0.0, 0.011627906976744186, 0.023255813953488372, 0.03488372093023256, 0.046511627906976744, 0.05813953488372093, 0.06976744186046512, 0.08139534883720931, 0.09302325581395349, 0.10465116279069767, 0.11627906976744186, 0.12790697674418605, 0.13953488372093023, 0.1511627906976744, 0.16279069767441862, 0.1744186046511628, 0.18604651162790697, 0.19767441860465115, 0.20930232558139533, 0.22093023255813954, 0.23255813953488372, 0.2441860465116279, 0.2558139534883721, 0.26744186046511625, 0.27906976744186046, 0.29069767441860467, 0.3023255813953488, 0.313953488372093, 0.32558139534883723, 0.3372093023255814, 0.3488372093023256, 0.36046511627906974, 0.37209302325581395, 0.38372093023255816, 0.3953488372093023, 0.4069767441860465, 0.41860465116279066, 0.43023255813953487, 0.4418604651162791, 0.45348837209302323, 0.46511627906976744, 0.47674418604651164, 0.4883720930232558]","[58735.40051519186, 3980.8608984239263, 6766.764837302362, 2836.80210276288, 4167.387124033417, 3771.264274767498, 4348.529207689936, 3211.9532528943987, 1987.4986953611362, 1537.0604463689626, 1182.937361186261, 1239.3042190936985, 998.2496154504295, 939.1471818560425, 618.8959411914785, 561.1833845663477, 654.9419166674624, 453.99464398414494, 394.1008232075238, 747.3882543157771, 591.47698725718, 762.6993517886606, 597.860762723997, 334.46355908592136, 373.88704115750676, 75.862616091108, 94.42520641891286, 730.5192576286007, 376.20048787182157, 648.4777276881082, 449.1164964456595, 291.2925298031538, 303.8827321883856, 316.83618610820315, 339.1094398343549, 287.4349168829172, 334.7927012127023, 357.07909756331867, 365.2373030133443, 177.0857752027962, 682.2784053806018, 464.48265731287154, 630.2506995693196]",11,142.99184526077522,25.196266626074134,397.38967741342367,"[13, 17, 28, 33, 41, 50, 55, 66, 73, 78, 82]","[150.78618991400856, 49.04731217444896, 397.38967741342367, 73.69497489627804, 187.27562158833393, 83.335710090759, 25.196266626074134, 198.88785497547076, 34.76691900459389, 266.29655638704435, 106.23321479809204]","[6, 16, 6, 32, 38, 46, 54, 46, 71, 46, 79]","[22, 22, 46, 38, 46, 57, 57, 77, 77, 79, 83]",43568013.78288429,915.1245217541294,-915.1245217541294,108718.41663454499,0.05778646901888552,0.10661398532157054,0.4883720930232558,SWT,inu.32000013032919,21778134.382884294,,0.0,-5.5,0.0,0.0,-5.5,,249.72452175412946,12.755481624411601,140.3102978685274,61.48463118560728,,108718.41663454499,12.755481624411601,,,14.196266626074134,0.0,-5.5,268.0103225865763,249.72452175412946,,15.962457917819904,0.24131338691370602,0.7805816681241997,0.2322063905448497,0.10926344695004504,0.03103693766975219,0.4285714285714287,0.3262666726909723,0.32804597159882376,,0.12255020440193984,0.09046346410761663,0.09046346410761663,0.25253642076006966,,0.9951025374079397,0.0656415749438696,0.11798486769233951,0.536444495971432,,,,,0.0,,0.44970812420478895,0.07058823529411763,0.0,0.11764705882352938,0.0,0.17337819738343882,0.17337819738343882,0.0,0.07894736842105263,1.4527194019135026,0.4320171975190152,104,0.9491961722926701,0.360836553860288,65,0,0.1852685672723994,0.31081504175683644,105,0,0.3096607378829722,0.41061968644607144,65,22.808989455914087,0.7848208541894898,84.75,80.14678899082568,0.49264627615134865,103,db,78.8157894736842,80.5,20.353438202357445,38,1.0,0.861445978226601,0.04156620653201971,5,78.5
smoothed,db6,28419.1866762332,0.686046511627907,18.830579052038516,7.555788256164244,86,1,False,False,202.19384727415508,,6.3016262912439664,136758.7628420768,1.0,7.296841961098932e-05,0.3965845646555314,503.7734147925196,0.011627906976744186,6766.780608481027,6.0,"[0.0, 0.011627906976744186, 0.023255813953488372, 0.03488372093023256, 0.046511627906976744, 0.05813953488372093, 0.06976744186046512, 0.08139534883720931, 0.09302325581395349, 0.10465116279069767, 0.11627906976744186, 0.12790697674418605, 0.13953488372093023, 0.1511627906976744, 0.16279069767441862, 0.1744186046511628, 0.18604651162790697, 0.19767441860465115, 0.20930232558139533, 0.22093023255813954, 0.23255813953488372, 0.2441860465116279, 0.2558139534883721, 0.26744186046511625, 0.27906976744186046, 0.29069767441860467, 0.3023255813953488, 0.313953488372093, 0.32558139534883723, 0.3372093023255814, 0.3488372093023256, 0.36046511627906974, 0.37209302325581395, 0.38372093023255816, 0.3953488372093023, 0.4069767441860465, 0.41860465116279066, 0.43023255813953487, 0.4418604651162791, 0.45348837209302323, 0.46511627906976744, 0.47674418604651164, 0.4883720930232558]","[58735.40051519185, 3980.861086814148, 6766.780608481027, 2836.8425946543425, 4167.3736628654915, 3770.02132615842, 4340.9945819859395, 3194.8337118128525, 1964.642227961257, 1509.4978562831889, 1161.5296006181493, 1236.714645372249, 1036.387957678155, 1031.2079368274235, 711.2689614949759, 648.8460913205514, 730.4406274646523, 478.5986565801149, 393.6887812452475, 719.422304414702, 562.7675823070475, 742.0341832326908, 622.7435450642922, 393.33705983924347, 471.4188291537181, 76.35515137109016, 76.88336013471461, 569.6930948732373, 304.054983010632, 557.2526804124358, 411.5261985318846, 281.70032106149955, 304.4585337652751, 322.29180397955747, 345.0699104084729, 290.71923428306485, 336.5741047330799, 357.6975827798496, 365.35767650202416, 177.08634722820395, 682.2686665471267, 464.4815747489987, 630.2506697433407]",10,145.19070225117986,20.620072552663714,452.952618300933,"[13, 17, 26, 35, 39, 48, 54, 64, 71, 80]","[123.65845129515799, 42.320455333174436, 158.77329034042145, 68.53044991016611, 452.952618300933, 87.40885227846388, 20.620072552663714, 244.74620876944266, 25.8894355627433, 227.00718816863218]","[4, 16, 4, 30, 4, 44, 53, 44, 70, 44]","[20, 20, 36, 36, 44, 56, 56, 79, 79, 82]",43564595.922511354,935.0481625645562,-935.0481625645562,108761.37682893623,0.05749316307287939,0.1059397764413008,0.4883720930232558,SWT,inu.32000013032919,21774716.522511356,,0.0,-6.0,1.0,0.0,-1.5,,269.6481625645562,14.954338614816237,19.307022511798777,53.61424672145594,,108761.37682893623,14.954338614816237,,,9.620072552663714,0.0,-6.0,212.44738169906697,269.6481625645562,,17.926585207480457,0.2141006325469203,0.9315129561790607,0.4134517899844629,0.10788623847720963,0.03726230127320068,0.7142857142857144,0.5348694970745995,0.32804597159882376,,0.02108691901993462,0.10898217036632823,0.10898217036632823,0.1532759605030658,,0.9954957532012673,0.07440551786000502,0.0,0.37180394562463825,,,,,0.25,,0.4468353309599295,0.05882352941176469,0.0,0.1029411764705882,0.0,0.31282845727656183,0.31282845727656183,0.0,0.1842105263157895,1.4396679739817615,0.4281358964836843,105,1.2952098936673324,0.49237353478556517,60,0,0.19458332859182015,0.3264419123645957,104,0,0.41017688767749905,0.5439072003671721,54,27.536339626028727,0.7402232110752007,80.75,73.63176624836112,0.489215379122506,104,db,78.8157894736842,80.5,20.353438202357445,38,1.0,0.861445978226601,0.04156620653201971,5,79.25
smoothed,db5,28562.206776325882,0.627906976744186,16.79534976869326,8.162074366808989,86,1,False,False,200.74035974891248,,6.301977478825434,136758.7628420768,1.0,6.387081332815521e-05,0.5776960796091075,516.6846485968694,0.011627906976744186,6766.856273234112,4.0,"[0.0, 0.011627906976744186, 0.023255813953488372, 0.03488372093023256, 0.046511627906976744, 0.05813953488372093, 0.06976744186046512, 0.08139534883720931, 0.09302325581395349, 0.10465116279069767, 0.11627906976744186, 0.12790697674418605, 0.13953488372093023, 0.1511627906976744, 0.16279069767441862, 0.1744186046511628, 0.18604651162790697, 0.19767441860465115, 0.20930232558139533, 0.22093023255813954, 0.23255813953488372, 0.2441860465116279, 0.2558139534883721, 0.26744186046511625, 0.27906976744186046, 0.29069767441860467, 0.3023255813953488, 0.313953488372093, 0.32558139534883723, 0.3372093023255814, 0.3488372093023256, 0.36046511627906974, 0.37209302325581395, 0.38372093023255816, 0.3953488372093023, 0.4069767441860465, 0.41860465116279066, 0.43023255813953487, 0.4418604651162791, 0.45348837209302323, 0.46511627906976744, 0.47674418604651164, 0.4883720930232558]","[58735.40051519186, 3980.861789577515, 6766.856273234112, 2837.195363129965, 4170.153476310247, 3778.8828637385614, 4367.904530068193, 3236.395240845382, 2008.2911914233189, 1555.2596568696254, 1195.6206808296827, 1245.3135120808822, 985.1273835476808, 882.9320679667837, 522.9671845110508, 395.9049529140903, 369.51300911542415, 213.5550669685431, 177.26496941602664, 376.31876995513653, 371.56092336638716, 642.3624448318005, 722.8997587956183, 621.0591855159283, 988.8536940328611, 185.39230430252005, 173.02239481582538, 1057.4733846420547, 463.3730770957224, 720.1249191761551, 469.0138640820504, 294.4397906928332, 302.53765544419053, 313.5112513758929, 335.0553636348872, 284.3806955849184, 332.21612368042184, 355.4787671032351, 364.49774248330743, 176.96814201802562, 682.1838093165577, 464.47638090541903, 630.2505584816721]",11,117.31069276583075,20.95856118454674,404.2883057681623,"[11, 18, 25, 31, 39, 47, 53, 63, 70, 76, 81]","[168.59412689859994, 42.025641466812544, 169.58521916136874, 77.17248218833004, 404.2883057681623, 82.70215829267113, 41.79214691312757, 106.902182233536, 20.95856118454674, 34.526884824836884, 141.86991149214623]","[3, 17, 3, 29, 3, 44, 51, 44, 66, 75, 44]","[19, 19, 29, 35, 44, 51, 54, 75, 75, 78, 83]",43589312.400989555,912.4900529121918,-912.4900529121918,108752.85072907236,0.05904646672875659,0.1088359437992943,0.4883720930232558,SWT,inu.32000013032919,21799433.000989556,,0.0,-2.5,0.0,0.0,-5.5,,247.09005291219182,12.92567087053287,142.18237957586166,41.46096096046147,,108752.85072907236,12.92567087053287,,,9.958561184546738,0.0,-5.5,261.1116942318377,247.09005291219182,,5.015351403130694,0.06980498949681443,0.6723055119705377,0.5532376844762854,0.1115565349061756,0.03775877592802527,0.35714285714285715,0.6744756209846517,0.32804597159882376,,0.02859188233756696,0.09189679272837942,0.09189679272837942,0.0,,0.995417713584141,0.01679554694118801,0.11981025061604894,0.5160029219506895,,,,,0.0,,0.4676101212266976,0.1411764705882353,0.0,0.11764705882352938,0.0,0.15493892876862436,0.15493892876862436,0.0,0.07894736842105263,1.324723086988931,0.39395299241950404,106,1.1730991964336104,0.445953200964721,62,0,0.16531504319350868,0.27734009502905227,106,0,0.35054099331302135,0.4648281656394072,62,25.403411844343534,0.760345171279778,84.0,78.23809523809524,0.48394617054554934,105,db,78.8157894736842,80.5,20.353438202357445,38,1.0,0.861445978226601,0.04156620653201971,5,80.0
smoothed,db27,23964.96123314583,0.6046511627906976,21.244567605633982,5.7706212646906145,86,1,False,False,201.1219366055036,,6.301207286884693,136758.7628420768,1.0,6.418274962357288e-05,-0.29580937102990834,471.90755245441835,0.011627906976744186,6766.765044087669,6.0,"[0.0, 0.011627906976744186, 0.023255813953488372, 0.03488372093023256, 0.046511627906976744, 0.05813953488372093, 0.06976744186046512, 0.08139534883720931, 0.09302325581395349, 0.10465116279069767, 0.11627906976744186, 0.12790697674418605, 0.13953488372093023, 0.1511627906976744, 0.16279069767441862, 0.1744186046511628, 0.18604651162790697, 0.19767441860465115, 0.20930232558139533, 0.22093023255813954, 0.23255813953488372, 0.2441860465116279, 0.2558139534883721, 0.26744186046511625, 0.27906976744186046, 0.29069767441860467, 0.3023255813953488, 0.313953488372093, 0.32558139534883723, 0.3372093023255814, 0.3488372093023256, 0.36046511627906974, 0.37209302325581395, 0.38372093023255816, 0.3953488372093023, 0.4069767441860465, 0.41860465116279066, 0.43023255813953487, 0.4418604651162791, 0.45348837209302323, 0.46511627906976744, 0.47674418604651164, 0.4883720930232558]","[58735.40051519185, 3980.8608992900167, 6766.765044087669, 2836.801953802532, 4167.353178248655, 3770.9763371136564, 4347.033145920158, 3209.0428300134613, 1985.007080552721, 1537.9261891703607, 1192.5352248406407, 1270.04661083673, 1047.7092647542286, 1003.3401020671977, 650.2040040018403, 561.437295605277, 603.4123486768096, 338.62189861596846, 297.6780318791391, 699.7575061308428, 372.9352056951237, 336.98956406025314, 902.6033541303387, 619.9931822165188, 527.5655859567178, 145.46966513186266, 144.54208826583843, 814.4280546123503, 376.0251656464077, 620.447298895319, 423.6344317673036, 278.71822935189294, 296.8674846730594, 314.3266142849191, 338.9187597411915, 287.796618118984, 335.0968912875359, 357.20207347076183, 365.26519542774105, 177.08721770437492, 682.2784412070158, 464.4826431187655, 630.2506994322014]",15,134.16202923948842,25.61481551613781,515.0234036051681,"[2, 6, 10, 15, 28, 34, 43, 51, 56, 61, 66, 70, 74, 78, 82]","[87.90771740281332, 59.83580791489294, 83.79790992373091, 293.65380144145956, 130.11224539420505, 25.61481551613781, 515.0234036051681, 35.78751142604142, 170.37779820763353, 32.53896201653231, 200.98071962814242, 117.204722775233, 30.624539525063255, 80.6687992263104, 148.3016845889622]","[1, 5, 8, 8, 21, 33, 21, 46, 53, 60, 62, 68, 71, 62, 62]","[8, 8, 12, 21, 36, 36, 62, 53, 62, 62, 68, 71, 75, 79, 83]",43575186.95377103,957.9818346591194,-957.9818346591194,108814.83392499624,0.058113129112452214,0.10705167820949313,0.4883720930232558,SWT,inu.32000013032919,21785307.553771034,,0.0,-5.0,4.0,0.0,-0.5,,292.5818346591194,3.9256656031247985,579.8304385923263,42.64180617951477,,108814.83392499624,3.9256656031247985,,,14.61481551613781,0.0,-9.5,150.37659639483184,292.5818346591194,,49.792447545581695,0.10768620755932554,0.6811931476163726,0.0018620135750267996,0.10350718214174444,0.021800068776267556,0.21428571428571397,0.001151728744697711,0.32804597159882376,,0.13183026219616784,0.016099023886979424,0.016099023886979424,0.014892695581695703,,0.9959850474126665,0.21659110836356826,0.5465412476625303,0.1878797672116076,,,,,1.0,,0.4557373455945247,0.08235294117647057,0.0,0.0,0.0,0.47334663587255565,0.47334663587255565,0.0,0.21052631578947367,1.994321276153826,0.5930815596884428,62,0.5178280060084257,0.19685211406732486,106,0,0.26784600280598747,0.44935073322039487,82,0,0.18244150428724656,0.24192306004738162,106,21.2602916254693,0.7994312110804783,89.0,84.75998741742687,0.47990428478552216,106,db,78.8157894736842,80.5,20.353438202357445,38,1.0,0.861445978226601,0.04156620653201971,5,80.75
